device_id,label,population,attack_subtype,scenario_tag,request_index,first_request_time,review_or_higher,blocked,first_action,first_review_or_higher_request,first_block_request,requests_scored_through_first_action,authorizations_processed_before_first_action,distinct_cards_requested_through_first_action,distinct_cards_processed_before_first_action,seconds_to_first_review,seconds_to_first_block,potentially_preventable_later_requests_upper_bound
blind_20260828_dev_0000001,0,normal,,normal_standard,1,2026-07-18 06:15:40+00:00,False,False,never,,,1,1,,,,,0
blind_20260828_dev_0000002,0,normal,,normal_standard,1,2026-07-23 16:10:54+00:00,False,False,never,,,1,1,,,,,0
blind_20260828_dev_0000003,0,normal,,normal_standard,2,2026-07-07 01:09:27+00:00,False,False,never,,,2,2,,,,,0
blind_20260828_dev_0000004,0,normal,,normal_standard,1,2026-07-26 21:14:47+00:00,False,False,never,,,1,1,,,,,0
blind_20260828_dev_0000005,0,normal,,normal_standard,1,2026-07-07 10:17:28+00:00,False,False,never,,,1,1,,,,,0
blind_20260828_dev_0000006,0,normal,,normal_standard,1,2026-07-21 13:15:44+00:00,False,False,never,,,1,1,,,,,0
blind_20260828_dev_0000007,0,normal,,normal_standard,2,2026-07-27 05:17:42+00:00,False,False,never,,,2,2,,,,,0
blind_20260828_dev_0000008,0,normal,,normal_standard,1,2026-07-11 13:47:40+00:00,False,False,never,,,1,1,,,,,0
blind_20260828_dev_0000009,0,normal,,normal_standard,1,2026-07-09 02:10:40+00:00,False,False,never,,,1,1,,,,,0
blind_20260828_dev_0000010,0,normal,,normal_standard,1,2026-07-12 18:58:27+00:00,False,False,never,,,1,1,,,,,0
blind_20260828_dev_0000011,0,normal,,normal_standard,3,2026-07-13 06:41:20+00:00,False,False,never,,,3,3,,,,,0
blind_20260828_dev_0000012,0,normal,,normal_standard,1,2026-07-26 17:29:38+00:00,False,False,never,,,1,1,,,,,0
blind_20260828_dev_0000013,0,normal,,normal_standard,1,2026-07-08 19:52:08+00:00,False,False,never,,,1,1,,,,,0
blind_20260828_dev_0000014,0,normal,,normal_standard,1,2026-07-12 05:04:53+00:00,False,False,never,,,1,1,,,,,0
blind_20260828_dev_0000015,0,normal,,normal_standard,1,2026-07-10 14:24:20+00:00,False,False,never,,,1,1,,,,,0
blind_20260828_dev_0000016,0,normal,,normal_standard,1,2026-07-27 23:39:34+00:00,False,False,never,,,1,1,,,,,0
blind_20260828_dev_0000017,0,normal,,normal_standard,1,2026-07-05 19:03:36+00:00,False,False,never,,,1,1,,,,,0
blind_20260828_dev_0000018,0,normal,,normal_standard,1,2026-07-23 02:05:57+00:00,False,False,never,,,1,1,,,,,0
blind_20260828_dev_0000019,0,normal,,normal_standard,1,2026-07-20 14:46:34+00:00,False,False,never,,,1,1,,,,,0
blind_20260828_dev_0000020,0,normal,,normal_standard,1,2026-07-06 09:50:30+00:00,False,False,never,,,1,1,,,,,0
blind_20260828_dev_0000021,0,normal,,normal_standard,1,2026-07-21 13:12:42+00:00,False,False,never,,,1,1,,,,,0
blind_20260828_dev_0000022,0,normal,,normal_standard,2,2026-07-10 23:00:21+00:00,False,False,never,,,2,2,,,,,0
blind_20260828_dev_0000023,0,normal,,normal_standard,1,2026-07-29 17:08:51+00:00,False,False,never,,,1,1,,,,,0
blind_20260828_dev_0000024,0,normal,,normal_standard,1,2026-07-23 13:09:54+00:00,False,False,never,,,1,1,,,,,0
blind_20260828_dev_0000025,0,normal,,normal_standard,2,2026-07-09 23:22:26+00:00,False,False,never,,,2,2,,,,,0
blind_20260828_dev_0000026,0,normal,,normal_standard,1,2026-07-04 17:38:43+00:00,False,False,never,,,1,1,,,,,0
blind_20260828_dev_0000027,0,normal,,normal_standard,1,2026-07-14 14:34:47+00:00,False,False,never,,,1,1,,,,,0
blind_20260828_dev_0000028,0,normal,,normal_standard,1,2026-07-17 19:16:08+00:00,False,False,never,,,1,1,,,,,0
blind_20260828_dev_0000029,0,normal,,normal_standard,1,2026-07-14 09:20:53+00:00,False,False,never,,,1,1,,,,,0
blind_20260828_dev_0000030,0,normal,,normal_standard,2,2026-07-02 09:26:57+00:00,False,False,never,,,2,2,,,,,0
blind_20260828_dev_0000031,0,normal,,normal_standard,1,2026-07-27 07:32:54+00:00,False,False,never,,,1,1,,,,,0
blind_20260828_dev_0000032,0,normal,,normal_standard,1,2026-07-14 18:58:07+00:00,False,False,never,,,1,1,,,,,0
blind_20260828_dev_0000033,0,normal,,normal_standard,1,2026-07-10 17:45:15+00:00,False,False,never,,,1,1,,,,,0
blind_20260828_dev_0000034,0,normal,,normal_standard,2,2026-07-16 06:45:44+00:00,False,False,never,,,2,2,,,,,0
blind_20260828_dev_0000035,0,normal,,normal_standard,1,2026-07-30 03:21:53+00:00,False,False,never,,,1,1,,,,,0
blind_20260828_dev_0000036,0,normal,,normal_standard,1,2026-07-01 08:48:59+00:00,False,False,never,,,1,1,,,,,0
blind_20260828_dev_0000037,0,normal,,normal_standard,1,2026-07-29 02:44:27+00:00,False,False,never,,,1,1,,,,,0
blind_20260828_dev_0000038,0,normal,,normal_standard,1,2026-07-11 01:05:34+00:00,False,False,never,,,1,1,,,,,0
blind_20260828_dev_0000039,0,normal,,normal_standard,1,2026-07-17 20:16:46+00:00,False,False,never,,,1,1,,,,,0
blind_20260828_dev_0000040,0,normal,,normal_standard,2,2026-07-07 09:51:13+00:00,False,False,never,,,2,2,,,,,0
blind_20260828_dev_0000041,0,normal,,normal_standard,2,2026-07-30 23:48:29+00:00,False,False,never,,,2,2,,,,,0
blind_20260828_dev_0000042,0,normal,,normal_standard,1,2026-07-09 08:35:18+00:00,False,False,never,,,1,1,,,,,0
blind_20260828_dev_0000043,0,normal,,normal_standard,1,2026-07-29 00:28:58+00:00,False,False,never,,,1,1,,,,,0
blind_20260828_dev_0000044,0,normal,,normal_standard,2,2026-07-29 14:33:05+00:00,False,False,never,,,2,2,,,,,0
blind_20260828_dev_0000045,0,normal,,normal_standard,1,2026-07-23 00:26:32+00:00,False,False,never,,,1,1,,,,,0
blind_20260828_dev_0000046,0,normal,,normal_standard,1,2026-07-15 18:54:48+00:00,False,False,never,,,1,1,,,,,0
blind_20260828_dev_0000047,0,normal,,normal_standard,1,2026-07-29 19:18:41+00:00,False,False,never,,,1,1,,,,,0
blind_20260828_dev_0000048,0,normal,,normal_standard,1,2026-07-18 17:38:23+00:00,False,False,never,,,1,1,,,,,0
blind_20260828_dev_0000049,0,normal,,normal_standard,1,2026-07-08 06:33:54+00:00,False,False,never,,,1,1,,,,,0
blind_20260828_dev_0000050,0,normal,,normal_standard,1,2026-07-23 19:29:49+00:00,False,False,never,,,1,1,,,,,0
blind_20260828_dev_0000051,0,normal,,normal_standard,1,2026-07-08 10:52:20+00:00,False,False,never,,,1,1,,,,,0
blind_20260828_dev_0000052,0,normal,,normal_standard,1,2026-07-19 01:02:45+00:00,False,False,never,,,1,1,,,,,0
blind_20260828_dev_0000053,0,normal,,normal_standard,1,2026-07-04 01:09:19+00:00,False,False,never,,,1,1,,,,,0
blind_20260828_dev_0000054,0,normal,,normal_standard,3,2026-07-29 07:12:56+00:00,False,False,never,,,3,3,,,,,0
blind_20260828_dev_0000055,0,normal,,normal_standard,1,2026-07-19 15:43:30+00:00,False,False,never,,,1,1,,,,,0
blind_20260828_dev_0000056,0,normal,,normal_standard,1,2026-07-29 23:39:57+00:00,False,False,never,,,1,1,,,,,0
blind_20260828_dev_0000057,0,normal,,normal_standard,1,2026-07-04 17:07:33+00:00,False,False,never,,,1,1,,,,,0
blind_20260828_dev_0000058,0,normal,,normal_standard,2,2026-07-13 23:51:52+00:00,False,False,never,,,2,2,,,,,0
blind_20260828_dev_0000059,0,normal,,normal_standard,1,2026-07-01 03:29:13+00:00,False,False,never,,,1,1,,,,,0
blind_20260828_dev_0000060,0,normal,,normal_standard,2,2026-07-21 01:45:01+00:00,False,False,never,,,2,2,,,,,0
blind_20260828_dev_0000061,0,normal,,normal_standard,3,2026-07-23 14:30:40+00:00,False,False,never,,,3,3,,,,,0
blind_20260828_dev_0000062,0,normal,,normal_standard,1,2026-07-08 03:18:20+00:00,False,False,never,,,1,1,,,,,0
blind_20260828_dev_0000063,0,normal,,normal_standard,1,2026-07-21 23:41:11+00:00,False,False,never,,,1,1,,,,,0
blind_20260828_dev_0000064,0,normal,,normal_standard,2,2026-07-29 03:55:29+00:00,False,False,never,,,2,2,,,,,0
blind_20260828_dev_0000065,0,normal,,normal_standard,1,2026-07-23 09:03:45+00:00,False,False,never,,,1,1,,,,,0
blind_20260828_dev_0000066,0,normal,,normal_standard,1,2026-07-18 04:45:23+00:00,False,False,never,,,1,1,,,,,0
blind_20260828_dev_0000067,0,normal,,normal_standard,1,2026-07-10 15:25:04+00:00,False,False,never,,,1,1,,,,,0
blind_20260828_dev_0000068,0,normal,,normal_standard,1,2026-07-24 15:26:40+00:00,False,False,never,,,1,1,,,,,0
blind_20260828_dev_0000069,0,normal,,normal_standard,1,2026-07-25 05:20:08+00:00,False,False,never,,,1,1,,,,,0
blind_20260828_dev_0000070,0,normal,,normal_standard,1,2026-07-10 00:10:24+00:00,False,False,never,,,1,1,,,,,0
blind_20260828_dev_0000071,0,normal,,normal_standard,1,2026-07-24 05:59:33+00:00,False,False,never,,,1,1,,,,,0
blind_20260828_dev_0000072,0,normal,,normal_standard,2,2026-07-17 05:19:33+00:00,False,False,never,,,2,2,,,,,0
blind_20260828_dev_0000073,0,normal,,normal_standard,1,2026-07-07 09:43:37+00:00,False,False,never,,,1,1,,,,,0
blind_20260828_dev_0000074,0,normal,,normal_standard,1,2026-07-15 08:10:32+00:00,False,False,never,,,1,1,,,,,0
blind_20260828_dev_0000075,0,normal,,normal_standard,1,2026-07-02 13:25:01+00:00,False,False,never,,,1,1,,,,,0
blind_20260828_dev_0000076,0,normal,,normal_standard,1,2026-07-07 18:45:21+00:00,False,False,never,,,1,1,,,,,0
blind_20260828_dev_0000077,0,normal,,normal_standard,1,2026-07-20 21:50:23+00:00,False,False,never,,,1,1,,,,,0
blind_20260828_dev_0000078,0,normal,,normal_standard,1,2026-07-28 14:13:38+00:00,False,False,never,,,1,1,,,,,0
blind_20260828_dev_0000079,0,normal,,normal_standard,1,2026-07-07 19:44:56+00:00,False,False,never,,,1,1,,,,,0
blind_20260828_dev_0000080,0,normal,,normal_standard,1,2026-07-15 12:47:36+00:00,False,False,never,,,1,1,,,,,0
blind_20260828_dev_0000081,0,normal,,normal_standard,2,2026-07-30 09:00:23+00:00,False,False,never,,,2,2,,,,,0
blind_20260828_dev_0000082,0,normal,,normal_standard,1,2026-07-27 09:47:28+00:00,False,False,never,,,1,1,,,,,0
blind_20260828_dev_0000083,0,normal,,normal_standard,1,2026-07-07 10:25:47+00:00,False,False,never,,,1,1,,,,,0
blind_20260828_dev_0000084,0,normal,,normal_standard,1,2026-07-19 20:58:31+00:00,False,False,never,,,1,1,,,,,0
blind_20260828_dev_0000085,0,normal,,normal_standard,2,2026-07-11 06:05:23+00:00,False,False,never,,,2,2,,,,,0
blind_20260828_dev_0000086,0,normal,,normal_standard,1,2026-07-18 12:02:57+00:00,False,False,never,,,1,1,,,,,0
blind_20260828_dev_0000087,0,normal,,normal_standard,1,2026-07-10 18:54:05+00:00,False,False,never,,,1,1,,,,,0
blind_20260828_dev_0000088,0,normal,,normal_standard,3,2026-07-30 16:37:43+00:00,False,False,never,,,3,3,,,,,0
blind_20260828_dev_0000089,0,normal,,normal_standard,1,2026-07-12 19:51:59+00:00,False,False,never,,,1,1,,,,,0
blind_20260828_dev_0000090,0,normal,,normal_standard,1,2026-07-02 12:12:47+00:00,False,False,never,,,1,1,,,,,0
blind_20260828_dev_0000091,0,normal,,normal_standard,1,2026-07-03 07:53:51+00:00,False,False,never,,,1,1,,,,,0
blind_20260828_dev_0000092,0,normal,,normal_standard,1,2026-07-06 23:23:20+00:00,False,False,never,,,1,1,,,,,0
blind_20260828_dev_0000093,0,normal,,normal_standard,1,2026-07-21 09:16:25+00:00,False,False,never,,,1,1,,,,,0
blind_20260828_dev_0000094,0,normal,,normal_standard,1,2026-07-18 15:33:13+00:00,False,False,never,,,1,1,,,,,0
blind_20260828_dev_0000095,0,normal,,normal_standard,1,2026-07-05 15:47:59+00:00,False,False,never,,,1,1,,,,,0
blind_20260828_dev_0000096,0,normal,,normal_standard,1,2026-07-08 02:34:43+00:00,False,False,never,,,1,1,,,,,0
blind_20260828_dev_0000097,0,normal,,normal_standard,1,2026-07-05 17:15:20+00:00,False,False,never,,,1,1,,,,,0
blind_20260828_dev_0000098,0,normal,,normal_standard,1,2026-07-29 00:13:58+00:00,False,False,never,,,1,1,,,,,0
blind_20260828_dev_0000099,0,normal,,normal_standard,1,2026-07-17 05:10:45+00:00,False,False,never,,,1,1,,,,,0
blind_20260828_dev_0000100,0,normal,,normal_standard,1,2026-07-26 11:33:14+00:00,False,False,never,,,1,1,,,,,0
blind_20260828_dev_0000101,0,normal,,normal_standard,1,2026-07-08 04:08:59+00:00,False,False,never,,,1,1,,,,,0
blind_20260828_dev_0000102,0,normal,,normal_standard,1,2026-07-04 01:01:44+00:00,False,False,never,,,1,1,,,,,0
blind_20260828_dev_0000103,0,normal,,normal_standard,1,2026-07-29 18:59:41+00:00,False,False,never,,,1,1,,,,,0
blind_20260828_dev_0000104,0,normal,,normal_standard,1,2026-07-23 01:18:53+00:00,False,False,never,,,1,1,,,,,0
blind_20260828_dev_0000105,0,normal,,normal_standard,1,2026-07-08 01:23:37+00:00,False,False,never,,,1,1,,,,,0
blind_20260828_dev_0000106,0,normal,,normal_standard,1,2026-07-10 20:09:37+00:00,False,False,never,,,1,1,,,,,0
blind_20260828_dev_0000107,0,normal,,normal_standard,2,2026-07-07 13:07:02+00:00,False,False,never,,,2,2,,,,,0
blind_20260828_dev_0000108,0,normal,,normal_standard,1,2026-07-23 12:53:26+00:00,False,False,never,,,1,1,,,,,0
blind_20260828_dev_0000109,0,normal,,normal_standard,1,2026-07-06 08:56:50+00:00,False,False,never,,,1,1,,,,,0
blind_20260828_dev_0000110,0,normal,,normal_standard,1,2026-07-03 12:08:18+00:00,False,False,never,,,1,1,,,,,0
blind_20260828_dev_0000111,0,normal,,normal_standard,2,2026-07-09 13:09:52+00:00,False,False,never,,,2,2,,,,,0
blind_20260828_dev_0000112,0,normal,,normal_standard,1,2026-07-16 20:58:22+00:00,False,False,never,,,1,1,,,,,0
blind_20260828_dev_0000113,0,normal,,normal_standard,3,2026-07-22 17:37:59+00:00,False,False,never,,,3,3,,,,,0
blind_20260828_dev_0000114,0,normal,,normal_standard,1,2026-07-12 06:52:54+00:00,False,False,never,,,1,1,,,,,0
blind_20260828_dev_0000115,0,normal,,normal_standard,1,2026-07-20 13:48:54+00:00,False,False,never,,,1,1,,,,,0
blind_20260828_dev_0000116,0,normal,,normal_standard,1,2026-07-02 04:33:38+00:00,False,False,never,,,1,1,,,,,0
blind_20260828_dev_0000117,0,normal,,normal_standard,1,2026-07-07 18:17:51+00:00,False,False,never,,,1,1,,,,,0
blind_20260828_dev_0000118,0,normal,,normal_standard,1,2026-07-23 15:05:42+00:00,False,False,never,,,1,1,,,,,0
blind_20260828_dev_0000119,0,normal,,normal_standard,1,2026-07-11 02:57:15+00:00,False,False,never,,,1,1,,,,,0
blind_20260828_dev_0000120,0,normal,,normal_standard,2,2026-07-02 23:33:39+00:00,False,False,never,,,2,2,,,,,0
blind_20260828_dev_0000121,0,normal,,normal_standard,2,2026-07-15 13:19:37+00:00,False,False,never,,,2,2,,,,,0
blind_20260828_dev_0000122,0,normal,,normal_standard,1,2026-07-11 10:38:46+00:00,False,False,never,,,1,1,,,,,0
blind_20260828_dev_0000123,0,normal,,normal_standard,1,2026-07-17 05:23:05+00:00,False,False,never,,,1,1,,,,,0
blind_20260828_dev_0000124,0,normal,,normal_standard,3,2026-07-21 15:41:51+00:00,False,False,never,,,3,3,,,,,0
blind_20260828_dev_0000125,0,normal,,normal_standard,1,2026-07-20 05:32:51+00:00,False,False,never,,,1,1,,,,,0
blind_20260828_dev_0000126,0,normal,,normal_standard,1,2026-07-18 00:09:44+00:00,False,False,never,,,1,1,,,,,0
blind_20260828_dev_0000127,0,normal,,normal_standard,2,2026-07-10 15:38:55+00:00,False,False,never,,,2,2,,,,,0
blind_20260828_dev_0000128,0,normal,,normal_standard,1,2026-07-20 12:44:10+00:00,False,False,never,,,1,1,,,,,0
blind_20260828_dev_0000129,0,normal,,normal_standard,1,2026-07-01 04:29:44+00:00,False,False,never,,,1,1,,,,,0
blind_20260828_dev_0000130,0,normal,,normal_standard,1,2026-07-30 18:34:50+00:00,False,False,never,,,1,1,,,,,0
blind_20260828_dev_0000131,0,normal,,normal_standard,1,2026-07-07 21:30:08+00:00,False,False,never,,,1,1,,,,,0
blind_20260828_dev_0000132,0,normal,,normal_standard,1,2026-07-06 20:50:30+00:00,False,False,never,,,1,1,,,,,0
blind_20260828_dev_0000133,0,normal,,normal_standard,1,2026-07-10 17:26:33+00:00,False,False,never,,,1,1,,,,,0
blind_20260828_dev_0000134,0,normal,,normal_standard,1,2026-07-26 01:36:41+00:00,False,False,never,,,1,1,,,,,0
blind_20260828_dev_0000135,0,normal,,normal_standard,1,2026-07-09 09:57:36+00:00,False,False,never,,,1,1,,,,,0
blind_20260828_dev_0000136,0,normal,,normal_standard,2,2026-07-12 06:24:46+00:00,False,False,never,,,2,2,,,,,0
blind_20260828_dev_0000137,0,normal,,normal_standard,3,2026-07-26 17:13:09+00:00,False,False,never,,,3,3,,,,,0
blind_20260828_dev_0000138,0,normal,,normal_standard,1,2026-07-25 02:07:56+00:00,False,False,never,,,1,1,,,,,0
blind_20260828_dev_0000139,0,normal,,normal_standard,1,2026-07-23 16:46:02+00:00,False,False,never,,,1,1,,,,,0
blind_20260828_dev_0000140,0,normal,,normal_standard,3,2026-07-15 22:49:45+00:00,False,False,never,,,3,3,,,,,0
blind_20260828_dev_0000141,0,normal,,normal_standard,1,2026-07-07 00:23:56+00:00,False,False,never,,,1,1,,,,,0
blind_20260828_dev_0000142,0,normal,,normal_standard,1,2026-07-23 17:39:42+00:00,False,False,never,,,1,1,,,,,0
blind_20260828_dev_0000143,0,normal,,normal_standard,1,2026-07-30 19:53:02+00:00,False,False,never,,,1,1,,,,,0
blind_20260828_dev_0000144,0,normal,,normal_standard,1,2026-07-01 02:28:30+00:00,False,False,never,,,1,1,,,,,0
blind_20260828_dev_0000145,0,normal,,normal_standard,1,2026-07-23 12:40:08+00:00,False,False,never,,,1,1,,,,,0
blind_20260828_dev_0000146,0,normal,,normal_standard,3,2026-07-29 20:58:13+00:00,False,False,never,,,3,3,,,,,0
blind_20260828_dev_0000147,0,normal,,normal_standard,1,2026-07-08 21:09:21+00:00,False,False,never,,,1,1,,,,,0
blind_20260828_dev_0000148,0,normal,,normal_standard,2,2026-07-23 23:34:49+00:00,False,False,never,,,2,2,,,,,0
blind_20260828_dev_0000149,0,normal,,normal_standard,1,2026-07-19 05:03:12+00:00,False,False,never,,,1,1,,,,,0
blind_20260828_dev_0000150,0,normal,,normal_standard,2,2026-07-27 05:50:57+00:00,False,False,never,,,2,2,,,,,0
blind_20260828_dev_0000151,0,normal,,normal_standard,1,2026-07-23 13:59:11+00:00,False,False,never,,,1,1,,,,,0
blind_20260828_dev_0000152,0,normal,,normal_standard,1,2026-07-11 18:11:46+00:00,False,False,never,,,1,1,,,,,0
blind_20260828_dev_0000153,0,normal,,normal_standard,1,2026-07-20 21:39:30+00:00,False,False,never,,,1,1,,,,,0
blind_20260828_dev_0000154,0,normal,,normal_standard,1,2026-07-22 01:32:32+00:00,False,False,never,,,1,1,,,,,0
blind_20260828_dev_0000155,0,normal,,normal_standard,1,2026-07-10 17:25:59+00:00,False,False,never,,,1,1,,,,,0
blind_20260828_dev_0000156,0,normal,,normal_standard,3,2026-07-07 11:07:33+00:00,False,False,never,,,3,3,,,,,0
blind_20260828_dev_0000157,0,normal,,normal_standard,1,2026-07-10 06:06:09+00:00,False,False,never,,,1,1,,,,,0
blind_20260828_dev_0000158,0,normal,,normal_standard,1,2026-07-13 10:27:47+00:00,False,False,never,,,1,1,,,,,0
blind_20260828_dev_0000159,0,normal,,normal_standard,1,2026-07-22 04:09:23+00:00,False,False,never,,,1,1,,,,,0
blind_20260828_dev_0000160,0,normal,,normal_standard,1,2026-07-30 09:48:25+00:00,False,False,never,,,1,1,,,,,0
blind_20260828_dev_0000161,0,normal,,normal_standard,1,2026-07-29 14:15:50+00:00,False,False,never,,,1,1,,,,,0
blind_20260828_dev_0000162,0,normal,,normal_standard,1,2026-07-23 01:50:50+00:00,False,False,never,,,1,1,,,,,0
blind_20260828_dev_0000163,0,normal,,normal_standard,1,2026-07-05 02:29:55+00:00,False,False,never,,,1,1,,,,,0
blind_20260828_dev_0000164,0,normal,,normal_standard,1,2026-07-24 16:02:42+00:00,False,False,never,,,1,1,,,,,0
blind_20260828_dev_0000165,0,normal,,normal_standard,1,2026-07-09 17:41:27+00:00,False,False,never,,,1,1,,,,,0
blind_20260828_dev_0000166,0,normal,,normal_standard,1,2026-07-23 09:45:23+00:00,False,False,never,,,1,1,,,,,0
blind_20260828_dev_0000167,0,normal,,normal_standard,1,2026-07-27 09:03:47+00:00,False,False,never,,,1,1,,,,,0
blind_20260828_dev_0000168,0,normal,,normal_standard,1,2026-07-20 06:26:55+00:00,False,False,never,,,1,1,,,,,0
blind_20260828_dev_0000169,0,normal,,normal_standard,1,2026-07-30 19:38:21+00:00,False,False,never,,,1,1,,,,,0
blind_20260828_dev_0000170,0,normal,,normal_standard,1,2026-07-07 23:12:39+00:00,False,False,never,,,1,1,,,,,0
blind_20260828_dev_0000171,0,normal,,normal_standard,1,2026-07-12 14:39:55+00:00,False,False,never,,,1,1,,,,,0
blind_20260828_dev_0000172,0,normal,,normal_standard,1,2026-07-29 10:05:53+00:00,False,False,never,,,1,1,,,,,0
blind_20260828_dev_0000173,0,normal,,normal_standard,1,2026-07-28 21:53:02+00:00,False,False,never,,,1,1,,,,,0
blind_20260828_dev_0000174,0,normal,,normal_standard,1,2026-07-09 19:07:42+00:00,False,False,never,,,1,1,,,,,0
blind_20260828_dev_0000175,0,normal,,normal_standard,1,2026-07-17 00:01:41+00:00,False,False,never,,,1,1,,,,,0
blind_20260828_dev_0000176,0,normal,,normal_standard,1,2026-07-02 09:59:57+00:00,False,False,never,,,1,1,,,,,0
blind_20260828_dev_0000177,0,normal,,normal_standard,1,2026-07-10 05:47:55+00:00,False,False,never,,,1,1,,,,,0
blind_20260828_dev_0000178,0,normal,,normal_standard,1,2026-07-05 03:50:45+00:00,False,False,never,,,1,1,,,,,0
blind_20260828_dev_0000179,0,normal,,normal_standard,1,2026-07-30 05:06:41+00:00,False,False,never,,,1,1,,,,,0
blind_20260828_dev_0000180,0,normal,,normal_standard,3,2026-07-30 05:26:17+00:00,False,False,never,,,3,3,,,,,0
blind_20260828_dev_0000181,0,normal,,normal_standard,1,2026-07-21 22:11:03+00:00,False,False,never,,,1,1,,,,,0
blind_20260828_dev_0000182,0,normal,,normal_standard,2,2026-07-03 15:59:02+00:00,False,False,never,,,2,2,,,,,0
blind_20260828_dev_0000183,0,normal,,normal_standard,1,2026-07-28 09:48:38+00:00,False,False,never,,,1,1,,,,,0
blind_20260828_dev_0000184,0,normal,,normal_standard,1,2026-07-24 00:00:30+00:00,False,False,never,,,1,1,,,,,0
blind_20260828_dev_0000185,0,normal,,normal_standard,1,2026-07-12 01:34:42+00:00,False,False,never,,,1,1,,,,,0
blind_20260828_dev_0000186,0,normal,,normal_standard,1,2026-07-05 14:08:20+00:00,False,False,never,,,1,1,,,,,0
blind_20260828_dev_0000187,0,normal,,normal_standard,1,2026-07-15 04:32:13+00:00,False,False,never,,,1,1,,,,,0
blind_20260828_dev_0000188,0,normal,,normal_standard,2,2026-07-24 13:57:50+00:00,False,False,never,,,2,2,,,,,0
blind_20260828_dev_0000189,0,normal,,normal_standard,1,2026-07-18 03:40:14+00:00,False,False,never,,,1,1,,,,,0
blind_20260828_dev_0000190,0,normal,,normal_standard,1,2026-07-05 19:39:20+00:00,False,False,never,,,1,1,,,,,0
blind_20260828_dev_0000191,0,normal,,normal_standard,2,2026-07-06 17:55:24+00:00,False,False,never,,,2,2,,,,,0
blind_20260828_dev_0000192,0,normal,,normal_standard,2,2026-07-10 07:27:56+00:00,False,False,never,,,2,2,,,,,0
blind_20260828_dev_0000193,0,normal,,normal_standard,1,2026-07-25 05:58:13+00:00,False,False,never,,,1,1,,,,,0
blind_20260828_dev_0000194,0,normal,,normal_standard,1,2026-07-11 23:31:33+00:00,False,False,never,,,1,1,,,,,0
blind_20260828_dev_0000195,0,normal,,normal_standard,1,2026-07-11 09:48:44+00:00,False,False,never,,,1,1,,,,,0
blind_20260828_dev_0000196,0,normal,,normal_standard,1,2026-07-06 22:44:33+00:00,False,False,never,,,1,1,,,,,0
blind_20260828_dev_0000197,0,normal,,normal_standard,1,2026-07-20 06:12:30+00:00,False,False,never,,,1,1,,,,,0
blind_20260828_dev_0000198,0,normal,,normal_standard,1,2026-07-24 16:37:56+00:00,False,False,never,,,1,1,,,,,0
blind_20260828_dev_0000199,0,normal,,normal_standard,1,2026-07-07 02:05:22+00:00,False,False,never,,,1,1,,,,,0
blind_20260828_dev_0000200,0,normal,,normal_standard,1,2026-07-13 17:39:44+00:00,False,False,never,,,1,1,,,,,0
blind_20260828_dev_0000201,0,normal,,normal_standard,1,2026-07-10 09:18:09+00:00,False,False,never,,,1,1,,,,,0
blind_20260828_dev_0000202,0,normal,,normal_standard,2,2026-07-16 17:20:50+00:00,False,False,never,,,2,2,,,,,0
blind_20260828_dev_0000203,0,normal,,normal_standard,1,2026-07-23 15:23:16+00:00,False,False,never,,,1,1,,,,,0
blind_20260828_dev_0000204,0,normal,,normal_standard,1,2026-07-24 09:26:38+00:00,False,False,never,,,1,1,,,,,0
blind_20260828_dev_0000205,0,normal,,normal_standard,1,2026-07-26 00:36:31+00:00,False,False,never,,,1,1,,,,,0
blind_20260828_dev_0000206,0,normal,,normal_standard,2,2026-07-20 04:39:54+00:00,False,False,never,,,2,2,,,,,0
blind_20260828_dev_0000207,0,normal,,normal_standard,1,2026-07-14 20:50:36+00:00,False,False,never,,,1,1,,,,,0
blind_20260828_dev_0000208,0,normal,,normal_standard,1,2026-07-28 03:44:33+00:00,False,False,never,,,1,1,,,,,0
blind_20260828_dev_0000209,0,normal,,normal_standard,3,2026-07-09 04:11:22+00:00,False,False,never,,,3,3,,,,,0
blind_20260828_dev_0000210,0,normal,,normal_standard,1,2026-07-20 22:36:55+00:00,False,False,never,,,1,1,,,,,0
blind_20260828_dev_0000211,0,normal,,normal_standard,1,2026-07-15 15:02:22+00:00,False,False,never,,,1,1,,,,,0
blind_20260828_dev_0000212,0,normal,,normal_standard,2,2026-07-02 06:36:44+00:00,False,False,never,,,2,2,,,,,0
blind_20260828_dev_0000213,0,normal,,normal_standard,1,2026-07-18 16:34:26+00:00,False,False,never,,,1,1,,,,,0
blind_20260828_dev_0000214,0,normal,,normal_standard,1,2026-07-16 09:57:05+00:00,False,False,never,,,1,1,,,,,0
blind_20260828_dev_0000215,0,normal,,normal_standard,1,2026-07-26 16:27:57+00:00,False,False,never,,,1,1,,,,,0
blind_20260828_dev_0000216,0,normal,,normal_standard,2,2026-07-29 23:23:33+00:00,False,False,never,,,2,2,,,,,0
blind_20260828_dev_0000217,0,normal,,normal_standard,1,2026-07-09 13:18:26+00:00,False,False,never,,,1,1,,,,,0
blind_20260828_dev_0000218,0,normal,,normal_standard,1,2026-07-11 21:37:09+00:00,False,False,never,,,1,1,,,,,0
blind_20260828_dev_0000219,0,normal,,normal_standard,2,2026-07-20 12:35:29+00:00,False,False,never,,,2,2,,,,,0
blind_20260828_dev_0000220,0,normal,,normal_standard,1,2026-07-01 05:18:35+00:00,False,False,never,,,1,1,,,,,0
blind_20260828_dev_0000221,0,normal,,normal_standard,1,2026-07-13 18:26:53+00:00,False,False,never,,,1,1,,,,,0
blind_20260828_dev_0000222,0,normal,,normal_standard,2,2026-07-11 23:51:51+00:00,False,False,never,,,2,2,,,,,0
blind_20260828_dev_0000223,0,normal,,normal_standard,1,2026-07-08 06:09:26+00:00,False,False,never,,,1,1,,,,,0
blind_20260828_dev_0000224,0,normal,,normal_standard,1,2026-07-18 01:30:44+00:00,False,False,never,,,1,1,,,,,0
blind_20260828_dev_0000225,0,normal,,normal_standard,1,2026-07-02 16:23:52+00:00,False,False,never,,,1,1,,,,,0
blind_20260828_dev_0000226,0,normal,,normal_standard,1,2026-07-22 05:45:21+00:00,False,False,never,,,1,1,,,,,0
blind_20260828_dev_0000227,0,normal,,normal_standard,2,2026-07-27 04:12:11+00:00,False,False,never,,,2,2,,,,,0
blind_20260828_dev_0000228,0,normal,,normal_standard,2,2026-07-20 10:50:56+00:00,False,False,never,,,2,2,,,,,0
blind_20260828_dev_0000229,0,normal,,normal_standard,1,2026-07-19 22:11:49+00:00,False,False,never,,,1,1,,,,,0
blind_20260828_dev_0000230,0,normal,,normal_standard,1,2026-07-06 02:08:30+00:00,False,False,never,,,1,1,,,,,0
blind_20260828_dev_0000231,0,normal,,normal_standard,1,2026-07-25 02:58:53+00:00,False,False,never,,,1,1,,,,,0
blind_20260828_dev_0000232,0,normal,,normal_standard,1,2026-07-10 15:12:14+00:00,False,False,never,,,1,1,,,,,0
blind_20260828_dev_0000233,0,normal,,normal_standard,1,2026-07-16 23:28:08+00:00,False,False,never,,,1,1,,,,,0
blind_20260828_dev_0000234,0,normal,,normal_standard,1,2026-07-18 17:54:39+00:00,False,False,never,,,1,1,,,,,0
blind_20260828_dev_0000235,0,normal,,normal_standard,1,2026-07-08 23:53:29+00:00,False,False,never,,,1,1,,,,,0
blind_20260828_dev_0000236,0,normal,,normal_standard,1,2026-07-12 01:05:33+00:00,False,False,never,,,1,1,,,,,0
blind_20260828_dev_0000237,0,normal,,normal_standard,1,2026-07-21 01:07:31+00:00,False,False,never,,,1,1,,,,,0
blind_20260828_dev_0000238,0,normal,,normal_standard,1,2026-07-13 12:11:42+00:00,False,False,never,,,1,1,,,,,0
blind_20260828_dev_0000239,0,normal,,normal_standard,1,2026-07-14 19:30:09+00:00,False,False,never,,,1,1,,,,,0
blind_20260828_dev_0000240,0,normal,,normal_standard,2,2026-07-18 20:05:40+00:00,False,False,never,,,2,2,,,,,0
blind_20260828_dev_0000241,0,normal,,normal_standard,1,2026-07-12 16:40:14+00:00,False,False,never,,,1,1,,,,,0
blind_20260828_dev_0000242,0,normal,,normal_standard,2,2026-07-02 07:05:07+00:00,False,False,never,,,2,2,,,,,0
blind_20260828_dev_0000243,0,normal,,normal_standard,1,2026-07-08 18:37:35+00:00,False,False,never,,,1,1,,,,,0
blind_20260828_dev_0000244,0,normal,,normal_standard,2,2026-07-08 23:29:22+00:00,False,False,never,,,2,2,,,,,0
blind_20260828_dev_0000245,0,normal,,normal_standard,1,2026-07-04 07:12:49+00:00,False,False,never,,,1,1,,,,,0
blind_20260828_dev_0000246,0,normal,,normal_standard,1,2026-07-18 19:09:24+00:00,False,False,never,,,1,1,,,,,0
blind_20260828_dev_0000247,0,normal,,normal_standard,3,2026-07-27 01:35:37+00:00,False,False,never,,,3,3,,,,,0
blind_20260828_dev_0000248,0,normal,,normal_standard,1,2026-07-17 01:37:30+00:00,False,False,never,,,1,1,,,,,0
blind_20260828_dev_0000249,0,normal,,normal_standard,1,2026-07-08 10:07:52+00:00,False,False,never,,,1,1,,,,,0
blind_20260828_dev_0000250,0,normal,,normal_standard,1,2026-07-25 15:22:28+00:00,False,False,never,,,1,1,,,,,0
blind_20260828_dev_0000251,0,normal,,normal_standard,1,2026-07-23 12:33:45+00:00,False,False,never,,,1,1,,,,,0
blind_20260828_dev_0000252,0,normal,,normal_standard,1,2026-07-04 11:05:55+00:00,False,False,never,,,1,1,,,,,0
blind_20260828_dev_0000253,0,normal,,normal_standard,1,2026-07-27 13:45:48+00:00,False,False,never,,,1,1,,,,,0
blind_20260828_dev_0000254,0,normal,,normal_standard,1,2026-07-06 10:56:57+00:00,False,False,never,,,1,1,,,,,0
blind_20260828_dev_0000255,0,normal,,normal_standard,1,2026-07-04 02:36:52+00:00,False,False,never,,,1,1,,,,,0
blind_20260828_dev_0000256,0,normal,,normal_standard,1,2026-07-19 20:14:28+00:00,False,False,never,,,1,1,,,,,0
blind_20260828_dev_0000257,0,normal,,normal_standard,1,2026-07-15 19:08:45+00:00,False,False,never,,,1,1,,,,,0
blind_20260828_dev_0000258,0,normal,,normal_standard,1,2026-07-05 16:54:40+00:00,False,False,never,,,1,1,,,,,0
blind_20260828_dev_0000259,0,normal,,normal_standard,1,2026-07-12 17:45:14+00:00,False,False,never,,,1,1,,,,,0
blind_20260828_dev_0000260,0,normal,,normal_standard,1,2026-07-09 23:29:05+00:00,False,False,never,,,1,1,,,,,0
blind_20260828_dev_0000261,0,normal,,normal_standard,1,2026-07-02 09:34:50+00:00,False,False,never,,,1,1,,,,,0
blind_20260828_dev_0000262,0,normal,,normal_standard,2,2026-07-14 02:55:43+00:00,False,False,never,,,2,2,,,,,0
blind_20260828_dev_0000263,0,normal,,normal_standard,1,2026-07-03 12:47:30+00:00,False,False,never,,,1,1,,,,,0
blind_20260828_dev_0000264,0,normal,,normal_standard,2,2026-07-03 14:50:42+00:00,False,False,never,,,2,2,,,,,0
blind_20260828_dev_0000265,0,normal,,normal_standard,1,2026-07-29 18:22:26+00:00,False,False,never,,,1,1,,,,,0
blind_20260828_dev_0000266,0,normal,,normal_standard,1,2026-07-21 18:34:51+00:00,False,False,never,,,1,1,,,,,0
blind_20260828_dev_0000267,0,normal,,normal_standard,1,2026-07-19 08:06:04+00:00,False,False,never,,,1,1,,,,,0
blind_20260828_dev_0000268,0,normal,,normal_standard,1,2026-07-10 08:47:05+00:00,False,False,never,,,1,1,,,,,0
blind_20260828_dev_0000269,0,normal,,normal_standard,1,2026-07-14 20:21:24+00:00,False,False,never,,,1,1,,,,,0
blind_20260828_dev_0000270,0,normal,,normal_standard,1,2026-07-16 01:12:53+00:00,False,False,never,,,1,1,,,,,0
blind_20260828_dev_0000271,0,normal,,normal_standard,1,2026-07-24 20:14:08+00:00,False,False,never,,,1,1,,,,,0
blind_20260828_dev_0000272,0,normal,,normal_standard,1,2026-07-06 19:22:57+00:00,False,False,never,,,1,1,,,,,0
blind_20260828_dev_0000273,0,normal,,normal_standard,1,2026-07-04 22:17:52+00:00,False,False,never,,,1,1,,,,,0
blind_20260828_dev_0000274,0,normal,,normal_standard,1,2026-07-11 08:49:55+00:00,False,False,never,,,1,1,,,,,0
blind_20260828_dev_0000275,0,normal,,normal_standard,2,2026-07-20 15:33:45+00:00,False,False,never,,,2,2,,,,,0
blind_20260828_dev_0000276,0,normal,,normal_standard,1,2026-07-25 12:57:11+00:00,False,False,never,,,1,1,,,,,0
blind_20260828_dev_0000277,0,normal,,normal_standard,1,2026-07-24 15:22:53+00:00,False,False,never,,,1,1,,,,,0
blind_20260828_dev_0000278,0,normal,,normal_standard,1,2026-07-05 15:39:36+00:00,False,False,never,,,1,1,,,,,0
blind_20260828_dev_0000279,0,normal,,normal_standard,1,2026-07-30 01:25:36+00:00,False,False,never,,,1,1,,,,,0
blind_20260828_dev_0000280,0,normal,,normal_standard,1,2026-07-14 07:18:48+00:00,False,False,never,,,1,1,,,,,0
blind_20260828_dev_0000281,0,normal,,normal_standard,1,2026-07-24 01:12:57+00:00,False,False,never,,,1,1,,,,,0
blind_20260828_dev_0000282,0,normal,,normal_standard,1,2026-07-01 00:35:03+00:00,False,False,never,,,1,1,,,,,0
blind_20260828_dev_0000283,0,normal,,normal_standard,1,2026-07-06 02:35:26+00:00,False,False,never,,,1,1,,,,,0
blind_20260828_dev_0000284,0,normal,,normal_standard,1,2026-07-14 18:45:54+00:00,False,False,never,,,1,1,,,,,0
blind_20260828_dev_0000285,0,normal,,normal_standard,1,2026-07-23 19:06:14+00:00,False,False,never,,,1,1,,,,,0
blind_20260828_dev_0000286,0,normal,,normal_standard,1,2026-07-02 22:29:06+00:00,False,False,never,,,1,1,,,,,0
blind_20260828_dev_0000287,0,normal,,normal_standard,1,2026-07-24 05:49:03+00:00,False,False,never,,,1,1,,,,,0
blind_20260828_dev_0000288,0,normal,,normal_standard,1,2026-07-08 14:38:48+00:00,False,False,never,,,1,1,,,,,0
blind_20260828_dev_0000289,0,normal,,normal_standard,1,2026-07-14 17:21:50+00:00,False,False,never,,,1,1,,,,,0
blind_20260828_dev_0000290,0,normal,,normal_standard,1,2026-07-30 21:51:02+00:00,False,False,never,,,1,1,,,,,0
blind_20260828_dev_0000291,0,normal,,normal_standard,1,2026-07-15 01:25:26+00:00,False,False,never,,,1,1,,,,,0
blind_20260828_dev_0000292,0,normal,,normal_standard,1,2026-07-14 20:12:21+00:00,False,False,never,,,1,1,,,,,0
blind_20260828_dev_0000293,0,normal,,normal_standard,1,2026-07-21 16:37:49+00:00,False,False,never,,,1,1,,,,,0
blind_20260828_dev_0000294,0,normal,,normal_standard,1,2026-07-16 14:21:26+00:00,False,False,never,,,1,1,,,,,0
blind_20260828_dev_0000295,0,normal,,normal_standard,2,2026-07-17 02:56:59+00:00,False,False,never,,,2,2,,,,,0
blind_20260828_dev_0000296,0,normal,,normal_standard,1,2026-07-19 11:52:58+00:00,False,False,never,,,1,1,,,,,0
blind_20260828_dev_0000297,0,normal,,normal_standard,1,2026-07-24 20:48:38+00:00,False,False,never,,,1,1,,,,,0
blind_20260828_dev_0000298,0,normal,,normal_standard,1,2026-07-22 10:05:40+00:00,False,False,never,,,1,1,,,,,0
blind_20260828_dev_0000299,0,normal,,normal_standard,1,2026-07-05 11:32:33+00:00,False,False,never,,,1,1,,,,,0
blind_20260828_dev_0000300,0,normal,,normal_standard,1,2026-07-03 10:10:21+00:00,False,False,never,,,1,1,,,,,0
blind_20260828_dev_0000301,0,normal,,normal_standard,1,2026-07-08 10:28:00+00:00,False,False,never,,,1,1,,,,,0
blind_20260828_dev_0000302,0,normal,,normal_standard,1,2026-07-08 16:30:35+00:00,False,False,never,,,1,1,,,,,0
blind_20260828_dev_0000303,0,normal,,normal_standard,3,2026-07-01 23:36:56+00:00,False,False,never,,,3,3,,,,,0
blind_20260828_dev_0000304,0,normal,,normal_standard,1,2026-07-11 12:55:33+00:00,False,False,never,,,1,1,,,,,0
blind_20260828_dev_0000305,0,normal,,normal_standard,1,2026-07-15 11:53:55+00:00,False,False,never,,,1,1,,,,,0
blind_20260828_dev_0000306,0,normal,,normal_standard,2,2026-07-15 01:13:43+00:00,False,False,never,,,2,2,,,,,0
blind_20260828_dev_0000307,0,normal,,normal_standard,1,2026-07-29 19:08:07+00:00,False,False,never,,,1,1,,,,,0
blind_20260828_dev_0000308,0,normal,,normal_standard,1,2026-07-14 05:43:43+00:00,False,False,never,,,1,1,,,,,0
blind_20260828_dev_0000309,0,normal,,normal_standard,1,2026-07-10 13:48:39+00:00,False,False,never,,,1,1,,,,,0
blind_20260828_dev_0000310,0,normal,,normal_standard,1,2026-07-04 21:57:03+00:00,False,False,never,,,1,1,,,,,0
blind_20260828_dev_0000311,0,normal,,normal_standard,1,2026-07-14 23:25:50+00:00,False,False,never,,,1,1,,,,,0
blind_20260828_dev_0000312,0,normal,,normal_standard,1,2026-07-04 04:27:00+00:00,False,False,never,,,1,1,,,,,0
blind_20260828_dev_0000313,0,normal,,normal_standard,1,2026-07-01 08:39:04+00:00,False,False,never,,,1,1,,,,,0
blind_20260828_dev_0000314,0,normal,,normal_standard,1,2026-07-12 01:51:51+00:00,False,False,never,,,1,1,,,,,0
blind_20260828_dev_0000315,0,normal,,normal_standard,1,2026-07-25 05:49:00+00:00,False,False,never,,,1,1,,,,,0
blind_20260828_dev_0000316,0,normal,,normal_standard,1,2026-07-26 23:30:12+00:00,False,False,never,,,1,1,,,,,0
blind_20260828_dev_0000317,0,normal,,normal_standard,2,2026-07-28 09:52:54+00:00,False,False,never,,,2,2,,,,,0
blind_20260828_dev_0000318,0,normal,,normal_standard,1,2026-07-13 22:22:20+00:00,False,False,never,,,1,1,,,,,0
blind_20260828_dev_0000319,0,normal,,normal_standard,1,2026-07-06 08:33:53+00:00,False,False,never,,,1,1,,,,,0
blind_20260828_dev_0000320,0,normal,,normal_standard,1,2026-07-21 08:28:51+00:00,False,False,never,,,1,1,,,,,0
blind_20260828_dev_0000321,0,normal,,normal_standard,3,2026-07-30 10:08:56+00:00,False,False,never,,,3,3,,,,,0
blind_20260828_dev_0000322,0,normal,,normal_standard,1,2026-07-25 05:52:07+00:00,False,False,never,,,1,1,,,,,0
blind_20260828_dev_0000323,0,normal,,normal_standard,1,2026-07-29 13:50:36+00:00,False,False,never,,,1,1,,,,,0
blind_20260828_dev_0000324,0,normal,,normal_standard,1,2026-07-26 17:30:28+00:00,False,False,never,,,1,1,,,,,0
blind_20260828_dev_0000325,0,normal,,normal_standard,1,2026-07-03 13:31:55+00:00,False,False,never,,,1,1,,,,,0
blind_20260828_dev_0000326,0,normal,,normal_standard,1,2026-07-10 10:24:14+00:00,False,False,never,,,1,1,,,,,0
blind_20260828_dev_0000327,0,normal,,normal_standard,1,2026-07-03 14:59:53+00:00,False,False,never,,,1,1,,,,,0
blind_20260828_dev_0000328,0,normal,,normal_standard,2,2026-07-26 02:59:14+00:00,False,False,never,,,2,2,,,,,0
blind_20260828_dev_0000329,0,normal,,normal_standard,1,2026-07-08 12:15:33+00:00,False,False,never,,,1,1,,,,,0
blind_20260828_dev_0000330,0,normal,,normal_standard,1,2026-07-09 08:43:45+00:00,False,False,never,,,1,1,,,,,0
blind_20260828_dev_0000331,0,normal,,normal_standard,1,2026-07-16 02:47:59+00:00,False,False,never,,,1,1,,,,,0
blind_20260828_dev_0000332,0,normal,,normal_standard,1,2026-07-22 07:20:31+00:00,False,False,never,,,1,1,,,,,0
blind_20260828_dev_0000333,0,normal,,normal_standard,1,2026-07-06 23:28:55+00:00,False,False,never,,,1,1,,,,,0
blind_20260828_dev_0000334,0,normal,,normal_standard,1,2026-07-01 13:58:54+00:00,False,False,never,,,1,1,,,,,0
blind_20260828_dev_0000335,0,normal,,normal_standard,1,2026-07-09 14:19:08+00:00,False,False,never,,,1,1,,,,,0
blind_20260828_dev_0000336,0,normal,,normal_standard,1,2026-07-04 08:01:22+00:00,False,False,never,,,1,1,,,,,0
blind_20260828_dev_0000337,0,normal,,normal_standard,3,2026-07-11 16:55:44+00:00,False,False,never,,,3,3,,,,,0
blind_20260828_dev_0000338,0,normal,,normal_standard,1,2026-07-23 16:35:02+00:00,False,False,never,,,1,1,,,,,0
blind_20260828_dev_0000339,0,normal,,normal_standard,1,2026-07-21 01:38:10+00:00,False,False,never,,,1,1,,,,,0
blind_20260828_dev_0000340,0,normal,,normal_standard,1,2026-07-01 08:46:22+00:00,False,False,never,,,1,1,,,,,0
blind_20260828_dev_0000341,0,normal,,normal_standard,2,2026-07-12 18:39:12+00:00,False,False,never,,,2,2,,,,,0
blind_20260828_dev_0000342,0,normal,,normal_standard,1,2026-07-30 17:12:52+00:00,False,False,never,,,1,1,,,,,0
blind_20260828_dev_0000343,0,normal,,normal_standard,1,2026-07-02 09:18:48+00:00,False,False,never,,,1,1,,,,,0
blind_20260828_dev_0000344,0,normal,,normal_standard,1,2026-07-27 09:31:37+00:00,False,False,never,,,1,1,,,,,0
blind_20260828_dev_0000345,0,normal,,normal_standard,1,2026-07-17 19:38:55+00:00,False,False,never,,,1,1,,,,,0
blind_20260828_dev_0000346,0,normal,,normal_standard,1,2026-07-18 19:29:20+00:00,False,False,never,,,1,1,,,,,0
blind_20260828_dev_0000347,0,normal,,normal_standard,1,2026-07-11 05:01:33+00:00,False,False,never,,,1,1,,,,,0
blind_20260828_dev_0000348,0,normal,,normal_standard,1,2026-07-12 00:20:11+00:00,False,False,never,,,1,1,,,,,0
blind_20260828_dev_0000349,0,normal,,normal_standard,1,2026-07-08 11:03:02+00:00,False,False,never,,,1,1,,,,,0
blind_20260828_dev_0000350,0,normal,,normal_standard,1,2026-07-29 19:59:20+00:00,False,False,never,,,1,1,,,,,0
blind_20260828_dev_0000351,0,normal,,normal_standard,2,2026-07-18 06:07:33+00:00,False,False,never,,,2,2,,,,,0
blind_20260828_dev_0000352,0,normal,,normal_standard,1,2026-07-02 10:55:30+00:00,False,False,never,,,1,1,,,,,0
blind_20260828_dev_0000353,0,normal,,normal_standard,1,2026-07-10 09:13:39+00:00,False,False,never,,,1,1,,,,,0
blind_20260828_dev_0000354,0,normal,,normal_standard,1,2026-07-15 04:57:40+00:00,False,False,never,,,1,1,,,,,0
blind_20260828_dev_0000355,0,normal,,normal_standard,1,2026-07-02 17:14:31+00:00,False,False,never,,,1,1,,,,,0
blind_20260828_dev_0000356,0,normal,,normal_standard,1,2026-07-01 06:30:14+00:00,False,False,never,,,1,1,,,,,0
blind_20260828_dev_0000357,0,normal,,normal_standard,1,2026-07-21 08:19:59+00:00,False,False,never,,,1,1,,,,,0
blind_20260828_dev_0000358,0,normal,,normal_standard,1,2026-07-30 04:27:35+00:00,False,False,never,,,1,1,,,,,0
blind_20260828_dev_0000359,0,normal,,normal_standard,1,2026-07-24 13:46:09+00:00,False,False,never,,,1,1,,,,,0
blind_20260828_dev_0000360,0,normal,,normal_standard,1,2026-07-02 23:31:42+00:00,False,False,never,,,1,1,,,,,0
blind_20260828_dev_0000361,0,normal,,normal_standard,1,2026-07-16 07:51:49+00:00,False,False,never,,,1,1,,,,,0
blind_20260828_dev_0000362,0,normal,,normal_standard,1,2026-07-11 09:43:53+00:00,False,False,never,,,1,1,,,,,0
blind_20260828_dev_0000363,0,normal,,normal_standard,1,2026-07-26 22:26:10+00:00,False,False,never,,,1,1,,,,,0
blind_20260828_dev_0000364,0,normal,,normal_standard,1,2026-07-27 03:50:21+00:00,False,False,never,,,1,1,,,,,0
blind_20260828_dev_0000365,0,normal,,normal_standard,1,2026-07-06 08:48:13+00:00,False,False,never,,,1,1,,,,,0
blind_20260828_dev_0000366,0,normal,,normal_standard,1,2026-07-04 13:38:53+00:00,False,False,never,,,1,1,,,,,0
blind_20260828_dev_0000367,0,normal,,normal_standard,1,2026-07-17 08:18:24+00:00,False,False,never,,,1,1,,,,,0
blind_20260828_dev_0000368,0,normal,,normal_standard,1,2026-07-03 07:55:56+00:00,False,False,never,,,1,1,,,,,0
blind_20260828_dev_0000369,0,normal,,normal_standard,4,2026-07-30 06:19:28+00:00,False,False,never,,,4,4,,,,,0
blind_20260828_dev_0000370,0,normal,,normal_standard,1,2026-07-25 14:21:22+00:00,False,False,never,,,1,1,,,,,0
blind_20260828_dev_0000371,0,normal,,normal_standard,1,2026-07-22 15:02:57+00:00,False,False,never,,,1,1,,,,,0
blind_20260828_dev_0000372,0,normal,,normal_standard,1,2026-07-16 22:42:36+00:00,False,False,never,,,1,1,,,,,0
blind_20260828_dev_0000373,0,normal,,normal_standard,1,2026-07-08 05:58:58+00:00,False,False,never,,,1,1,,,,,0
blind_20260828_dev_0000374,0,normal,,normal_standard,2,2026-07-10 12:36:39+00:00,False,False,never,,,2,2,,,,,0
blind_20260828_dev_0000375,0,normal,,normal_standard,1,2026-07-20 19:45:40+00:00,False,False,never,,,1,1,,,,,0
blind_20260828_dev_0000376,0,normal,,normal_standard,1,2026-07-21 06:30:31+00:00,False,False,never,,,1,1,,,,,0
blind_20260828_dev_0000377,0,normal,,normal_standard,2,2026-07-20 04:41:37+00:00,False,False,never,,,2,2,,,,,0
blind_20260828_dev_0000378,0,normal,,normal_standard,1,2026-07-01 05:06:40+00:00,False,False,never,,,1,1,,,,,0
blind_20260828_dev_0000379,0,normal,,normal_standard,1,2026-07-15 09:12:19+00:00,False,False,never,,,1,1,,,,,0
blind_20260828_dev_0000380,0,normal,,normal_standard,1,2026-07-30 06:25:50+00:00,False,False,never,,,1,1,,,,,0
blind_20260828_dev_0000381,0,normal,,normal_standard,1,2026-07-04 01:28:25+00:00,False,False,never,,,1,1,,,,,0
blind_20260828_dev_0000382,0,normal,,normal_standard,1,2026-07-26 13:35:09+00:00,False,False,never,,,1,1,,,,,0
blind_20260828_dev_0000383,0,normal,,normal_standard,2,2026-07-12 22:04:40+00:00,False,False,never,,,2,2,,,,,0
blind_20260828_dev_0000384,0,normal,,normal_standard,1,2026-07-22 23:21:07+00:00,False,False,never,,,1,1,,,,,0
blind_20260828_dev_0000385,0,normal,,normal_standard,2,2026-07-16 18:38:09+00:00,False,False,never,,,2,2,,,,,0
blind_20260828_dev_0000386,0,normal,,normal_standard,1,2026-07-03 15:03:58+00:00,False,False,never,,,1,1,,,,,0
blind_20260828_dev_0000387,0,normal,,normal_standard,1,2026-07-05 17:10:03+00:00,False,False,never,,,1,1,,,,,0
blind_20260828_dev_0000388,0,normal,,normal_standard,3,2026-07-05 19:48:19+00:00,False,False,never,,,3,3,,,,,0
blind_20260828_dev_0000389,0,normal,,normal_standard,2,2026-07-29 19:56:33+00:00,False,False,never,,,2,2,,,,,0
blind_20260828_dev_0000390,0,normal,,normal_standard,1,2026-07-19 22:44:43+00:00,False,False,never,,,1,1,,,,,0
blind_20260828_dev_0000391,0,normal,,normal_standard,1,2026-07-20 03:02:29+00:00,False,False,never,,,1,1,,,,,0
blind_20260828_dev_0000392,0,normal,,normal_standard,2,2026-07-07 03:07:53+00:00,False,False,never,,,2,2,,,,,0
blind_20260828_dev_0000393,0,normal,,normal_standard,1,2026-07-29 23:12:36+00:00,False,False,never,,,1,1,,,,,0
blind_20260828_dev_0000394,0,normal,,normal_standard,1,2026-07-22 02:10:37+00:00,False,False,never,,,1,1,,,,,0
blind_20260828_dev_0000395,0,normal,,normal_standard,1,2026-07-18 04:19:28+00:00,False,False,never,,,1,1,,,,,0
blind_20260828_dev_0000396,0,normal,,normal_standard,1,2026-07-24 09:45:31+00:00,False,False,never,,,1,1,,,,,0
blind_20260828_dev_0000397,0,normal,,normal_standard,1,2026-07-21 01:22:34+00:00,False,False,never,,,1,1,,,,,0
blind_20260828_dev_0000398,0,normal,,normal_standard,1,2026-07-09 10:19:05+00:00,False,False,never,,,1,1,,,,,0
blind_20260828_dev_0000399,0,normal,,normal_standard,3,2026-07-22 05:31:30+00:00,False,False,never,,,3,3,,,,,0
blind_20260828_dev_0000400,0,normal,,normal_standard,1,2026-07-03 09:23:31+00:00,False,False,never,,,1,1,,,,,0
blind_20260828_dev_0000401,0,normal,,normal_standard,1,2026-07-09 00:06:51+00:00,False,False,never,,,1,1,,,,,0
blind_20260828_dev_0000402,0,normal,,normal_standard,1,2026-07-03 21:05:32+00:00,False,False,never,,,1,1,,,,,0
blind_20260828_dev_0000403,0,normal,,normal_standard,1,2026-07-28 10:11:35+00:00,False,False,never,,,1,1,,,,,0
blind_20260828_dev_0000404,0,normal,,normal_standard,1,2026-07-13 17:07:36+00:00,False,False,never,,,1,1,,,,,0
blind_20260828_dev_0000405,0,normal,,normal_standard,2,2026-07-19 20:29:52+00:00,False,False,never,,,2,2,,,,,0
blind_20260828_dev_0000406,0,normal,,normal_standard,1,2026-07-01 12:30:49+00:00,False,False,never,,,1,1,,,,,0
blind_20260828_dev_0000407,0,normal,,normal_standard,1,2026-07-10 13:44:54+00:00,False,False,never,,,1,1,,,,,0
blind_20260828_dev_0000408,0,normal,,normal_standard,1,2026-07-28 21:53:33+00:00,False,False,never,,,1,1,,,,,0
blind_20260828_dev_0000409,0,normal,,normal_standard,1,2026-07-24 00:03:17+00:00,False,False,never,,,1,1,,,,,0
blind_20260828_dev_0000410,0,normal,,normal_standard,1,2026-07-22 15:33:30+00:00,False,False,never,,,1,1,,,,,0
blind_20260828_dev_0000411,0,normal,,normal_standard,1,2026-07-14 09:59:40+00:00,False,False,never,,,1,1,,,,,0
blind_20260828_dev_0000412,0,normal,,normal_standard,1,2026-07-18 04:52:49+00:00,False,False,never,,,1,1,,,,,0
blind_20260828_dev_0000413,0,normal,,normal_standard,1,2026-07-02 06:34:46+00:00,False,False,never,,,1,1,,,,,0
blind_20260828_dev_0000414,0,normal,,normal_standard,1,2026-07-24 14:15:22+00:00,False,False,never,,,1,1,,,,,0
blind_20260828_dev_0000415,0,normal,,normal_standard,2,2026-07-17 21:56:50+00:00,False,False,never,,,2,2,,,,,0
blind_20260828_dev_0000416,0,normal,,normal_standard,1,2026-07-14 11:39:03+00:00,False,False,never,,,1,1,,,,,0
blind_20260828_dev_0000417,0,normal,,normal_standard,1,2026-07-17 21:45:29+00:00,False,False,never,,,1,1,,,,,0
blind_20260828_dev_0000418,0,normal,,normal_standard,2,2026-07-27 09:16:59+00:00,False,False,never,,,2,2,,,,,0
blind_20260828_dev_0000419,0,normal,,normal_standard,1,2026-07-02 19:11:24+00:00,False,False,never,,,1,1,,,,,0
blind_20260828_dev_0000420,0,normal,,normal_standard,1,2026-07-08 04:22:48+00:00,False,False,never,,,1,1,,,,,0
blind_20260828_dev_0000421,0,normal,,normal_standard,2,2026-07-02 08:03:16+00:00,False,False,never,,,2,2,,,,,0
blind_20260828_dev_0000422,0,normal,,normal_standard,1,2026-07-03 12:24:54+00:00,False,False,never,,,1,1,,,,,0
blind_20260828_dev_0000423,0,normal,,normal_standard,1,2026-07-19 01:19:01+00:00,False,False,never,,,1,1,,,,,0
blind_20260828_dev_0000424,0,normal,,normal_standard,1,2026-07-23 19:14:19+00:00,False,False,never,,,1,1,,,,,0
blind_20260828_dev_0000425,0,normal,,normal_standard,1,2026-07-24 19:19:43+00:00,False,False,never,,,1,1,,,,,0
blind_20260828_dev_0000426,0,normal,,normal_standard,1,2026-07-03 15:13:49+00:00,False,False,never,,,1,1,,,,,0
blind_20260828_dev_0000427,0,normal,,normal_standard,1,2026-07-07 18:54:45+00:00,False,False,never,,,1,1,,,,,0
blind_20260828_dev_0000428,0,normal,,normal_standard,1,2026-07-01 11:10:19+00:00,False,False,never,,,1,1,,,,,0
blind_20260828_dev_0000429,0,normal,,normal_standard,1,2026-07-23 11:50:19+00:00,False,False,never,,,1,1,,,,,0
blind_20260828_dev_0000430,0,normal,,normal_standard,4,2026-07-27 14:31:06+00:00,False,False,never,,,4,4,,,,,0
blind_20260828_dev_0000431,0,normal,,normal_standard,4,2026-07-15 17:57:16+00:00,False,False,never,,,4,4,,,,,0
blind_20260828_dev_0000432,0,normal,,normal_standard,1,2026-07-14 11:51:50+00:00,False,False,never,,,1,1,,,,,0
blind_20260828_dev_0000433,0,normal,,normal_standard,1,2026-07-23 09:52:38+00:00,False,False,never,,,1,1,,,,,0
blind_20260828_dev_0000434,0,normal,,normal_standard,1,2026-07-02 03:22:20+00:00,False,False,never,,,1,1,,,,,0
blind_20260828_dev_0000435,0,normal,,normal_standard,1,2026-07-23 12:35:59+00:00,False,False,never,,,1,1,,,,,0
blind_20260828_dev_0000436,0,normal,,normal_standard,2,2026-07-27 20:05:33+00:00,False,False,never,,,2,2,,,,,0
blind_20260828_dev_0000437,0,normal,,normal_standard,2,2026-07-05 20:15:37+00:00,False,False,never,,,2,2,,,,,0
blind_20260828_dev_0000438,0,normal,,normal_standard,1,2026-07-18 06:01:07+00:00,False,False,never,,,1,1,,,,,0
blind_20260828_dev_0000439,0,normal,,normal_standard,1,2026-07-08 08:49:45+00:00,False,False,never,,,1,1,,,,,0
blind_20260828_dev_0000440,0,normal,,normal_standard,3,2026-07-05 21:25:38+00:00,False,False,never,,,3,3,,,,,0
blind_20260828_dev_0000441,0,normal,,normal_standard,1,2026-07-18 12:29:37+00:00,False,False,never,,,1,1,,,,,0
blind_20260828_dev_0000442,0,normal,,normal_standard,2,2026-07-17 21:05:07+00:00,False,False,never,,,2,2,,,,,0
blind_20260828_dev_0000443,0,normal,,normal_standard,1,2026-07-04 11:49:55+00:00,False,False,never,,,1,1,,,,,0
blind_20260828_dev_0000444,0,normal,,normal_standard,1,2026-07-04 11:20:36+00:00,False,False,never,,,1,1,,,,,0
blind_20260828_dev_0000445,0,normal,,normal_standard,1,2026-07-06 19:06:02+00:00,False,False,never,,,1,1,,,,,0
blind_20260828_dev_0000446,0,normal,,normal_standard,2,2026-07-14 01:28:53+00:00,False,False,never,,,2,2,,,,,0
blind_20260828_dev_0000447,0,normal,,normal_standard,1,2026-07-02 15:06:40+00:00,False,False,never,,,1,1,,,,,0
blind_20260828_dev_0000448,0,normal,,normal_standard,1,2026-07-13 15:01:16+00:00,False,False,never,,,1,1,,,,,0
blind_20260828_dev_0000449,0,normal,,normal_standard,1,2026-07-13 13:29:47+00:00,False,False,never,,,1,1,,,,,0
blind_20260828_dev_0000450,0,normal,,normal_standard,1,2026-07-07 11:14:26+00:00,False,False,never,,,1,1,,,,,0
blind_20260828_dev_0000451,0,normal,,normal_standard,1,2026-07-12 00:58:34+00:00,False,False,never,,,1,1,,,,,0
blind_20260828_dev_0000452,0,normal,,normal_standard,2,2026-07-09 16:57:48+00:00,False,False,never,,,2,2,,,,,0
blind_20260828_dev_0000453,0,normal,,normal_standard,1,2026-07-25 01:27:38+00:00,False,False,never,,,1,1,,,,,0
blind_20260828_dev_0000454,0,normal,,normal_standard,1,2026-07-03 01:19:04+00:00,False,False,never,,,1,1,,,,,0
blind_20260828_dev_0000455,0,normal,,normal_standard,1,2026-07-07 09:20:44+00:00,False,False,never,,,1,1,,,,,0
blind_20260828_dev_0000456,0,normal,,normal_standard,1,2026-07-09 17:40:57+00:00,False,False,never,,,1,1,,,,,0
blind_20260828_dev_0000457,0,normal,,normal_standard,1,2026-07-12 16:17:37+00:00,False,False,never,,,1,1,,,,,0
blind_20260828_dev_0000458,0,normal,,normal_standard,1,2026-07-06 07:19:24+00:00,False,False,never,,,1,1,,,,,0
blind_20260828_dev_0000459,0,normal,,normal_standard,1,2026-07-17 13:29:13+00:00,False,False,never,,,1,1,,,,,0
blind_20260828_dev_0000460,0,normal,,normal_standard,1,2026-07-30 21:27:07+00:00,False,False,never,,,1,1,,,,,0
blind_20260828_dev_0000461,0,normal,,normal_standard,1,2026-07-20 13:04:43+00:00,False,False,never,,,1,1,,,,,0
blind_20260828_dev_0000462,0,normal,,normal_standard,1,2026-07-03 08:33:38+00:00,False,False,never,,,1,1,,,,,0
blind_20260828_dev_0000463,0,normal,,normal_standard,1,2026-07-08 19:27:18+00:00,False,False,never,,,1,1,,,,,0
blind_20260828_dev_0000464,0,normal,,normal_standard,3,2026-07-09 22:25:20+00:00,False,False,never,,,3,3,,,,,0
blind_20260828_dev_0000465,0,normal,,normal_standard,1,2026-07-20 01:28:47+00:00,False,False,never,,,1,1,,,,,0
blind_20260828_dev_0000466,0,normal,,normal_standard,1,2026-07-25 22:05:54+00:00,False,False,never,,,1,1,,,,,0
blind_20260828_dev_0000467,0,normal,,normal_standard,1,2026-07-29 15:57:51+00:00,False,False,never,,,1,1,,,,,0
blind_20260828_dev_0000468,0,normal,,normal_standard,2,2026-07-23 16:21:35+00:00,False,False,never,,,2,2,,,,,0
blind_20260828_dev_0000469,0,normal,,normal_standard,1,2026-07-17 06:03:33+00:00,False,False,never,,,1,1,,,,,0
blind_20260828_dev_0000470,0,normal,,normal_standard,1,2026-07-17 23:13:16+00:00,False,False,never,,,1,1,,,,,0
blind_20260828_dev_0000471,0,normal,,normal_standard,1,2026-07-23 21:48:04+00:00,False,False,never,,,1,1,,,,,0
blind_20260828_dev_0000472,0,normal,,normal_standard,1,2026-07-30 12:02:38+00:00,False,False,never,,,1,1,,,,,0
blind_20260828_dev_0000473,0,normal,,normal_standard,2,2026-07-21 07:58:43+00:00,False,False,never,,,2,2,,,,,0
blind_20260828_dev_0000474,0,normal,,normal_standard,1,2026-07-24 06:11:57+00:00,False,False,never,,,1,1,,,,,0
blind_20260828_dev_0000475,0,normal,,normal_standard,2,2026-07-29 17:53:44+00:00,False,False,never,,,2,2,,,,,0
blind_20260828_dev_0000476,0,normal,,normal_standard,2,2026-07-14 10:30:43+00:00,False,False,never,,,2,2,,,,,0
blind_20260828_dev_0000477,0,normal,,normal_standard,1,2026-07-14 05:06:48+00:00,False,False,never,,,1,1,,,,,0
blind_20260828_dev_0000478,0,normal,,normal_standard,1,2026-07-02 17:48:58+00:00,False,False,never,,,1,1,,,,,0
blind_20260828_dev_0000479,0,normal,,normal_standard,2,2026-07-16 13:46:15+00:00,False,False,never,,,2,2,,,,,0
blind_20260828_dev_0000480,0,normal,,normal_standard,1,2026-07-11 10:11:53+00:00,False,False,never,,,1,1,,,,,0
blind_20260828_dev_0000481,0,normal,,normal_standard,1,2026-07-13 00:06:02+00:00,False,False,never,,,1,1,,,,,0
blind_20260828_dev_0000482,0,normal,,normal_standard,1,2026-07-14 23:55:02+00:00,False,False,never,,,1,1,,,,,0
blind_20260828_dev_0000483,0,normal,,normal_standard,1,2026-07-04 16:10:20+00:00,False,False,never,,,1,1,,,,,0
blind_20260828_dev_0000484,0,normal,,normal_standard,1,2026-07-09 08:40:34+00:00,False,False,never,,,1,1,,,,,0
blind_20260828_dev_0000485,0,normal,,normal_standard,1,2026-07-27 12:42:56+00:00,False,False,never,,,1,1,,,,,0
blind_20260828_dev_0000486,0,normal,,normal_standard,1,2026-07-10 03:15:59+00:00,False,False,never,,,1,1,,,,,0
blind_20260828_dev_0000487,0,normal,,normal_standard,1,2026-07-06 22:53:18+00:00,False,False,never,,,1,1,,,,,0
blind_20260828_dev_0000488,0,normal,,normal_standard,1,2026-07-08 03:44:19+00:00,False,False,never,,,1,1,,,,,0
blind_20260828_dev_0000489,0,normal,,normal_standard,2,2026-07-01 09:23:56+00:00,False,False,never,,,2,2,,,,,0
blind_20260828_dev_0000490,0,normal,,normal_standard,1,2026-07-02 09:20:34+00:00,False,False,never,,,1,1,,,,,0
blind_20260828_dev_0000491,0,normal,,normal_standard,1,2026-07-06 03:05:43+00:00,False,False,never,,,1,1,,,,,0
blind_20260828_dev_0000492,0,normal,,normal_standard,1,2026-07-25 07:50:26+00:00,False,False,never,,,1,1,,,,,0
blind_20260828_dev_0000493,0,normal,,normal_standard,2,2026-07-18 20:27:04+00:00,False,False,never,,,2,2,,,,,0
blind_20260828_dev_0000494,0,normal,,normal_standard,1,2026-07-29 04:50:52+00:00,False,False,never,,,1,1,,,,,0
blind_20260828_dev_0000495,0,normal,,normal_standard,1,2026-07-19 18:08:19+00:00,False,False,never,,,1,1,,,,,0
blind_20260828_dev_0000496,0,normal,,normal_standard,1,2026-07-05 02:13:46+00:00,False,False,never,,,1,1,,,,,0
blind_20260828_dev_0000497,0,normal,,normal_standard,1,2026-07-15 16:12:59+00:00,False,False,never,,,1,1,,,,,0
blind_20260828_dev_0000498,0,normal,,normal_standard,1,2026-07-09 13:20:45+00:00,False,False,never,,,1,1,,,,,0
blind_20260828_dev_0000499,0,normal,,normal_standard,1,2026-07-24 16:58:57+00:00,False,False,never,,,1,1,,,,,0
blind_20260828_dev_0000500,0,normal,,normal_standard,1,2026-07-08 18:26:43+00:00,False,False,never,,,1,1,,,,,0
blind_20260828_dev_0000501,0,normal,,normal_standard,1,2026-07-08 15:40:55+00:00,False,False,never,,,1,1,,,,,0
blind_20260828_dev_0000502,0,normal,,normal_standard,1,2026-07-11 08:06:38+00:00,False,False,never,,,1,1,,,,,0
blind_20260828_dev_0000503,0,normal,,normal_standard,1,2026-07-23 12:48:53+00:00,False,False,never,,,1,1,,,,,0
blind_20260828_dev_0000504,0,normal,,normal_standard,1,2026-07-16 06:58:02+00:00,False,False,never,,,1,1,,,,,0
blind_20260828_dev_0000505,0,normal,,normal_standard,1,2026-07-01 04:27:59+00:00,False,False,never,,,1,1,,,,,0
blind_20260828_dev_0000506,0,normal,,normal_standard,1,2026-07-24 17:58:52+00:00,False,False,never,,,1,1,,,,,0
blind_20260828_dev_0000507,0,normal,,normal_standard,1,2026-07-11 00:59:18+00:00,False,False,never,,,1,1,,,,,0
blind_20260828_dev_0000508,0,normal,,normal_standard,1,2026-07-22 17:10:17+00:00,False,False,never,,,1,1,,,,,0
blind_20260828_dev_0000509,0,normal,,normal_standard,1,2026-07-17 11:12:29+00:00,False,False,never,,,1,1,,,,,0
blind_20260828_dev_0000510,0,normal,,normal_standard,1,2026-07-13 19:50:56+00:00,False,False,never,,,1,1,,,,,0
blind_20260828_dev_0000511,0,normal,,normal_standard,1,2026-07-07 02:00:09+00:00,False,False,never,,,1,1,,,,,0
blind_20260828_dev_0000512,0,normal,,normal_standard,2,2026-07-05 22:42:54+00:00,False,False,never,,,2,2,,,,,0
blind_20260828_dev_0000513,0,normal,,normal_standard,1,2026-07-21 16:52:33+00:00,False,False,never,,,1,1,,,,,0
blind_20260828_dev_0000514,0,normal,,normal_standard,1,2026-07-17 02:58:40+00:00,False,False,never,,,1,1,,,,,0
blind_20260828_dev_0000515,0,normal,,normal_standard,1,2026-07-13 06:24:35+00:00,False,False,never,,,1,1,,,,,0
blind_20260828_dev_0000516,0,normal,,normal_standard,1,2026-07-21 14:17:34+00:00,False,False,never,,,1,1,,,,,0
blind_20260828_dev_0000517,0,normal,,normal_standard,1,2026-07-28 22:54:28+00:00,False,False,never,,,1,1,,,,,0
blind_20260828_dev_0000518,0,normal,,normal_standard,1,2026-07-11 05:37:07+00:00,False,False,never,,,1,1,,,,,0
blind_20260828_dev_0000519,0,normal,,normal_standard,1,2026-07-18 22:18:22+00:00,False,False,never,,,1,1,,,,,0
blind_20260828_dev_0000520,0,normal,,normal_standard,1,2026-07-04 22:57:57+00:00,False,False,never,,,1,1,,,,,0
blind_20260828_dev_0000521,0,normal,,normal_standard,1,2026-07-04 07:44:45+00:00,False,False,never,,,1,1,,,,,0
blind_20260828_dev_0000522,0,normal,,normal_standard,1,2026-07-20 20:09:41+00:00,False,False,never,,,1,1,,,,,0
blind_20260828_dev_0000523,0,normal,,normal_standard,1,2026-07-01 23:58:37+00:00,False,False,never,,,1,1,,,,,0
blind_20260828_dev_0000524,0,normal,,normal_standard,1,2026-07-03 18:02:12+00:00,False,False,never,,,1,1,,,,,0
blind_20260828_dev_0000525,0,normal,,normal_standard,1,2026-07-27 10:27:09+00:00,False,False,never,,,1,1,,,,,0
blind_20260828_dev_0000526,0,normal,,normal_standard,3,2026-07-20 06:17:32+00:00,False,False,never,,,3,3,,,,,0
blind_20260828_dev_0000527,0,normal,,normal_standard,1,2026-07-09 00:59:11+00:00,False,False,never,,,1,1,,,,,0
blind_20260828_dev_0000528,0,normal,,normal_standard,1,2026-07-06 23:41:19+00:00,False,False,never,,,1,1,,,,,0
blind_20260828_dev_0000529,0,normal,,normal_standard,2,2026-07-07 11:17:11+00:00,False,False,never,,,2,2,,,,,0
blind_20260828_dev_0000530,0,normal,,normal_standard,1,2026-07-18 15:05:28+00:00,False,False,never,,,1,1,,,,,0
blind_20260828_dev_0000531,0,normal,,normal_standard,1,2026-07-27 22:18:18+00:00,False,False,never,,,1,1,,,,,0
blind_20260828_dev_0000532,0,normal,,normal_standard,1,2026-07-05 10:53:32+00:00,False,False,never,,,1,1,,,,,0
blind_20260828_dev_0000533,0,normal,,normal_standard,1,2026-07-29 21:47:28+00:00,False,False,never,,,1,1,,,,,0
blind_20260828_dev_0000534,0,normal,,normal_standard,1,2026-07-05 16:53:59+00:00,False,False,never,,,1,1,,,,,0
blind_20260828_dev_0000535,0,normal,,normal_standard,2,2026-07-01 20:44:38+00:00,False,False,never,,,2,2,,,,,0
blind_20260828_dev_0000536,0,normal,,normal_standard,1,2026-07-07 06:45:38+00:00,False,False,never,,,1,1,,,,,0
blind_20260828_dev_0000537,0,normal,,normal_standard,1,2026-07-26 08:35:57+00:00,False,False,never,,,1,1,,,,,0
blind_20260828_dev_0000538,0,normal,,normal_standard,2,2026-07-23 11:21:26+00:00,False,False,never,,,2,2,,,,,0
blind_20260828_dev_0000539,0,normal,,normal_standard,1,2026-07-17 21:08:03+00:00,False,False,never,,,1,1,,,,,0
blind_20260828_dev_0000540,0,normal,,normal_standard,2,2026-07-29 00:53:49+00:00,False,False,never,,,2,2,,,,,0
blind_20260828_dev_0000541,0,normal,,normal_standard,1,2026-07-19 10:43:39+00:00,False,False,never,,,1,1,,,,,0
blind_20260828_dev_0000542,0,normal,,normal_standard,1,2026-07-22 10:04:19+00:00,False,False,never,,,1,1,,,,,0
blind_20260828_dev_0000543,0,normal,,normal_standard,2,2026-07-30 13:37:37+00:00,False,False,never,,,2,2,,,,,0
blind_20260828_dev_0000544,0,normal,,normal_standard,1,2026-07-25 16:18:24+00:00,False,False,never,,,1,1,,,,,0
blind_20260828_dev_0000545,0,normal,,normal_standard,1,2026-07-27 16:22:35+00:00,False,False,never,,,1,1,,,,,0
blind_20260828_dev_0000546,0,normal,,normal_standard,1,2026-07-27 19:57:27+00:00,False,False,never,,,1,1,,,,,0
blind_20260828_dev_0000547,0,normal,,normal_standard,2,2026-07-24 13:06:07+00:00,False,False,never,,,2,2,,,,,0
blind_20260828_dev_0000548,0,normal,,normal_standard,1,2026-07-27 03:10:19+00:00,False,False,never,,,1,1,,,,,0
blind_20260828_dev_0000549,0,normal,,normal_standard,2,2026-07-29 01:07:45+00:00,False,False,never,,,2,2,,,,,0
blind_20260828_dev_0000550,0,normal,,normal_standard,1,2026-07-17 21:21:29+00:00,False,False,never,,,1,1,,,,,0
blind_20260828_dev_0000551,0,normal,,normal_standard,1,2026-07-04 20:28:30+00:00,False,False,never,,,1,1,,,,,0
blind_20260828_dev_0000552,0,normal,,normal_standard,2,2026-07-27 10:22:36+00:00,False,False,never,,,2,2,,,,,0
blind_20260828_dev_0000553,0,normal,,normal_standard,1,2026-07-30 05:21:41+00:00,False,False,never,,,1,1,,,,,0
blind_20260828_dev_0000554,0,normal,,normal_standard,1,2026-07-12 05:45:14+00:00,False,False,never,,,1,1,,,,,0
blind_20260828_dev_0000555,0,normal,,normal_standard,1,2026-07-05 23:36:20+00:00,False,False,never,,,1,1,,,,,0
blind_20260828_dev_0000556,0,normal,,normal_standard,1,2026-07-22 15:15:34+00:00,False,False,never,,,1,1,,,,,0
blind_20260828_dev_0000557,0,normal,,normal_standard,1,2026-07-08 01:35:34+00:00,False,False,never,,,1,1,,,,,0
blind_20260828_dev_0000558,0,normal,,normal_standard,1,2026-07-13 20:35:25+00:00,False,False,never,,,1,1,,,,,0
blind_20260828_dev_0000559,0,normal,,normal_standard,1,2026-07-11 07:12:41+00:00,False,False,never,,,1,1,,,,,0
blind_20260828_dev_0000560,0,normal,,normal_standard,1,2026-07-20 17:22:30+00:00,False,False,never,,,1,1,,,,,0
blind_20260828_dev_0000561,0,normal,,normal_standard,2,2026-07-19 03:00:53+00:00,False,False,never,,,2,2,,,,,0
blind_20260828_dev_0000562,0,normal,,normal_standard,1,2026-07-08 15:45:34+00:00,False,False,never,,,1,1,,,,,0
blind_20260828_dev_0000563,0,normal,,normal_standard,1,2026-07-25 07:33:02+00:00,False,False,never,,,1,1,,,,,0
blind_20260828_dev_0000564,0,normal,,normal_standard,1,2026-07-08 21:30:00+00:00,False,False,never,,,1,1,,,,,0
blind_20260828_dev_0000565,0,normal,,normal_standard,1,2026-07-25 06:36:40+00:00,False,False,never,,,1,1,,,,,0
blind_20260828_dev_0000566,0,normal,,normal_standard,1,2026-07-28 23:25:14+00:00,False,False,never,,,1,1,,,,,0
blind_20260828_dev_0000567,0,normal,,normal_standard,3,2026-07-14 18:49:44+00:00,False,False,never,,,3,3,,,,,0
blind_20260828_dev_0000568,0,normal,,normal_standard,1,2026-07-07 07:24:19+00:00,False,False,never,,,1,1,,,,,0
blind_20260828_dev_0000569,0,normal,,normal_standard,2,2026-07-12 23:24:49+00:00,False,False,never,,,2,2,,,,,0
blind_20260828_dev_0000570,0,normal,,normal_standard,1,2026-07-27 09:56:10+00:00,False,False,never,,,1,1,,,,,0
blind_20260828_dev_0000571,0,normal,,normal_standard,1,2026-07-16 19:14:41+00:00,False,False,never,,,1,1,,,,,0
blind_20260828_dev_0000572,0,normal,,normal_standard,1,2026-07-09 11:08:55+00:00,False,False,never,,,1,1,,,,,0
blind_20260828_dev_0000573,0,normal,,normal_standard,1,2026-07-15 14:37:59+00:00,False,False,never,,,1,1,,,,,0
blind_20260828_dev_0000574,0,normal,,normal_standard,1,2026-07-14 16:06:59+00:00,False,False,never,,,1,1,,,,,0
blind_20260828_dev_0000575,0,normal,,normal_standard,1,2026-07-08 18:59:46+00:00,False,False,never,,,1,1,,,,,0
blind_20260828_dev_0000576,0,normal,,normal_standard,1,2026-07-19 17:38:50+00:00,False,False,never,,,1,1,,,,,0
blind_20260828_dev_0000577,0,normal,,normal_standard,1,2026-07-23 16:34:48+00:00,False,False,never,,,1,1,,,,,0
blind_20260828_dev_0000578,0,normal,,normal_standard,1,2026-07-23 09:13:39+00:00,False,False,never,,,1,1,,,,,0
blind_20260828_dev_0000579,0,normal,,normal_standard,1,2026-07-19 00:15:21+00:00,False,False,never,,,1,1,,,,,0
blind_20260828_dev_0000580,0,normal,,normal_standard,2,2026-07-08 14:19:50+00:00,False,False,never,,,2,2,,,,,0
blind_20260828_dev_0000581,0,normal,,normal_standard,1,2026-07-05 20:46:20+00:00,False,False,never,,,1,1,,,,,0
blind_20260828_dev_0000582,0,normal,,normal_standard,1,2026-07-25 10:21:32+00:00,False,False,never,,,1,1,,,,,0
blind_20260828_dev_0000583,0,normal,,normal_standard,1,2026-07-09 00:47:07+00:00,False,False,never,,,1,1,,,,,0
blind_20260828_dev_0000584,0,normal,,normal_standard,1,2026-07-22 17:01:50+00:00,False,False,never,,,1,1,,,,,0
blind_20260828_dev_0000585,0,normal,,normal_standard,1,2026-07-07 02:25:51+00:00,False,False,never,,,1,1,,,,,0
blind_20260828_dev_0000586,0,normal,,normal_standard,1,2026-07-24 08:45:26+00:00,False,False,never,,,1,1,,,,,0
blind_20260828_dev_0000587,0,normal,,normal_standard,1,2026-07-12 08:12:39+00:00,False,False,never,,,1,1,,,,,0
blind_20260828_dev_0000588,0,normal,,normal_standard,1,2026-07-21 18:58:39+00:00,False,False,never,,,1,1,,,,,0
blind_20260828_dev_0000589,0,normal,,normal_standard,2,2026-07-19 01:01:47+00:00,False,False,never,,,2,2,,,,,0
blind_20260828_dev_0000590,0,normal,,normal_standard,2,2026-07-18 19:47:11+00:00,False,False,never,,,2,2,,,,,0
blind_20260828_dev_0000591,0,normal,,normal_standard,1,2026-07-09 16:48:32+00:00,False,False,never,,,1,1,,,,,0
blind_20260828_dev_0000592,0,normal,,normal_standard,1,2026-07-16 13:02:12+00:00,False,False,never,,,1,1,,,,,0
blind_20260828_dev_0000593,0,normal,,normal_standard,1,2026-07-11 22:45:44+00:00,False,False,never,,,1,1,,,,,0
blind_20260828_dev_0000594,0,normal,,normal_standard,2,2026-07-26 19:25:44+00:00,False,False,never,,,2,2,,,,,0
blind_20260828_dev_0000595,0,normal,,normal_standard,1,2026-07-15 19:16:46+00:00,False,False,never,,,1,1,,,,,0
blind_20260828_dev_0000596,0,normal,,normal_standard,1,2026-07-23 04:20:26+00:00,False,False,never,,,1,1,,,,,0
blind_20260828_dev_0000597,0,normal,,normal_standard,1,2026-07-19 19:47:12+00:00,False,False,never,,,1,1,,,,,0
blind_20260828_dev_0000598,0,normal,,normal_standard,3,2026-07-16 03:57:21+00:00,False,False,never,,,3,3,,,,,0
blind_20260828_dev_0000599,0,normal,,normal_standard,2,2026-07-14 01:04:02+00:00,False,False,never,,,2,2,,,,,0
blind_20260828_dev_0000600,0,normal,,normal_standard,1,2026-07-10 22:07:20+00:00,False,False,never,,,1,1,,,,,0
blind_20260828_dev_0000601,0,normal,,normal_standard,2,2026-07-16 06:31:19+00:00,False,False,never,,,2,2,,,,,0
blind_20260828_dev_0000602,0,normal,,normal_standard,1,2026-07-15 18:23:42+00:00,False,False,never,,,1,1,,,,,0
blind_20260828_dev_0000603,0,normal,,normal_standard,1,2026-07-03 15:52:18+00:00,False,False,never,,,1,1,,,,,0
blind_20260828_dev_0000604,0,normal,,normal_standard,1,2026-07-09 09:09:36+00:00,False,False,never,,,1,1,,,,,0
blind_20260828_dev_0000605,0,normal,,normal_standard,1,2026-07-01 12:06:22+00:00,False,False,never,,,1,1,,,,,0
blind_20260828_dev_0000606,0,normal,,normal_standard,1,2026-07-01 21:46:24+00:00,False,False,never,,,1,1,,,,,0
blind_20260828_dev_0000607,0,normal,,normal_standard,2,2026-07-23 02:15:38+00:00,False,False,never,,,2,2,,,,,0
blind_20260828_dev_0000608,0,normal,,normal_standard,1,2026-07-12 18:53:29+00:00,False,False,never,,,1,1,,,,,0
blind_20260828_dev_0000609,0,normal,,normal_standard,1,2026-07-20 16:50:29+00:00,False,False,never,,,1,1,,,,,0
blind_20260828_dev_0000610,0,normal,,normal_standard,1,2026-07-14 04:35:19+00:00,False,False,never,,,1,1,,,,,0
blind_20260828_dev_0000611,0,normal,,normal_standard,1,2026-07-28 01:27:21+00:00,False,False,never,,,1,1,,,,,0
blind_20260828_dev_0000612,0,normal,,normal_standard,1,2026-07-17 04:06:31+00:00,False,False,never,,,1,1,,,,,0
blind_20260828_dev_0000613,0,normal,,normal_standard,1,2026-07-27 06:15:33+00:00,False,False,never,,,1,1,,,,,0
blind_20260828_dev_0000614,0,normal,,normal_standard,1,2026-07-29 16:00:01+00:00,False,False,never,,,1,1,,,,,0
blind_20260828_dev_0000615,0,normal,,normal_standard,2,2026-07-24 01:50:54+00:00,False,False,never,,,2,2,,,,,0
blind_20260828_dev_0000616,0,normal,,normal_standard,1,2026-07-08 23:17:28+00:00,False,False,never,,,1,1,,,,,0
blind_20260828_dev_0000617,0,normal,,normal_standard,1,2026-07-25 00:11:20+00:00,False,False,never,,,1,1,,,,,0
blind_20260828_dev_0000618,0,normal,,normal_standard,1,2026-07-05 06:42:43+00:00,False,False,never,,,1,1,,,,,0
blind_20260828_dev_0000619,0,normal,,normal_standard,1,2026-07-11 04:03:20+00:00,False,False,never,,,1,1,,,,,0
blind_20260828_dev_0000620,0,normal,,normal_standard,1,2026-07-24 02:29:36+00:00,False,False,never,,,1,1,,,,,0
blind_20260828_dev_0000621,0,normal,,normal_standard,1,2026-07-18 21:36:44+00:00,False,False,never,,,1,1,,,,,0
blind_20260828_dev_0000622,0,normal,,normal_standard,1,2026-07-19 14:43:37+00:00,False,False,never,,,1,1,,,,,0
blind_20260828_dev_0000623,0,normal,,normal_standard,1,2026-07-12 07:38:48+00:00,False,False,never,,,1,1,,,,,0
blind_20260828_dev_0000624,0,normal,,normal_standard,1,2026-07-21 05:52:17+00:00,False,False,never,,,1,1,,,,,0
blind_20260828_dev_0000625,0,normal,,normal_standard,2,2026-07-19 06:51:57+00:00,False,False,never,,,2,2,,,,,0
blind_20260828_dev_0000626,0,normal,,normal_standard,2,2026-07-05 07:28:24+00:00,False,False,never,,,2,2,,,,,0
blind_20260828_dev_0000627,0,normal,,normal_standard,2,2026-07-19 07:31:56+00:00,False,False,never,,,2,2,,,,,0
blind_20260828_dev_0000628,0,normal,,normal_standard,2,2026-07-19 13:41:59+00:00,False,False,never,,,2,2,,,,,0
blind_20260828_dev_0000629,0,normal,,normal_standard,2,2026-07-27 11:20:12+00:00,False,False,never,,,2,2,,,,,0
blind_20260828_dev_0000630,0,normal,,normal_standard,1,2026-07-29 20:17:00+00:00,False,False,never,,,1,1,,,,,0
blind_20260828_dev_0000631,0,normal,,normal_standard,2,2026-07-17 02:01:41+00:00,False,False,never,,,2,2,,,,,0
blind_20260828_dev_0000632,0,normal,,normal_standard,2,2026-07-14 06:12:00+00:00,False,False,never,,,2,2,,,,,0
blind_20260828_dev_0000633,0,normal,,normal_standard,2,2026-07-26 20:07:08+00:00,False,False,never,,,2,2,,,,,0
blind_20260828_dev_0000634,0,normal,,normal_standard,1,2026-07-20 17:40:49+00:00,False,False,never,,,1,1,,,,,0
blind_20260828_dev_0000635,0,normal,,normal_standard,1,2026-07-27 05:04:06+00:00,False,False,never,,,1,1,,,,,0
blind_20260828_dev_0000636,0,normal,,normal_standard,1,2026-07-15 11:43:42+00:00,False,False,never,,,1,1,,,,,0
blind_20260828_dev_0000637,0,normal,,normal_standard,1,2026-07-10 02:58:45+00:00,False,False,never,,,1,1,,,,,0
blind_20260828_dev_0000638,0,normal,,normal_standard,1,2026-07-17 01:47:12+00:00,False,False,never,,,1,1,,,,,0
blind_20260828_dev_0000639,0,normal,,normal_standard,1,2026-07-27 19:33:28+00:00,False,False,never,,,1,1,,,,,0
blind_20260828_dev_0000640,0,normal,,normal_standard,1,2026-07-17 09:19:14+00:00,False,False,never,,,1,1,,,,,0
blind_20260828_dev_0000641,0,normal,,normal_standard,1,2026-07-03 01:05:56+00:00,False,False,never,,,1,1,,,,,0
blind_20260828_dev_0000642,0,normal,,normal_standard,1,2026-07-25 07:28:19+00:00,False,False,never,,,1,1,,,,,0
blind_20260828_dev_0000643,0,normal,,normal_standard,2,2026-07-08 01:20:18+00:00,False,False,never,,,2,2,,,,,0
blind_20260828_dev_0000644,0,normal,,normal_standard,1,2026-07-27 10:05:44+00:00,False,False,never,,,1,1,,,,,0
blind_20260828_dev_0000645,0,normal,,normal_standard,1,2026-07-25 17:45:24+00:00,False,False,never,,,1,1,,,,,0
blind_20260828_dev_0000646,0,normal,,normal_standard,1,2026-07-05 12:36:26+00:00,False,False,never,,,1,1,,,,,0
blind_20260828_dev_0000647,0,normal,,normal_standard,1,2026-07-06 21:54:22+00:00,False,False,never,,,1,1,,,,,0
blind_20260828_dev_0000648,0,normal,,normal_standard,1,2026-07-04 21:12:26+00:00,False,False,never,,,1,1,,,,,0
blind_20260828_dev_0000649,0,normal,,normal_standard,3,2026-07-28 18:21:14+00:00,False,False,never,,,3,3,,,,,0
blind_20260828_dev_0000650,0,normal,,normal_standard,2,2026-07-01 06:23:24+00:00,False,False,never,,,2,2,,,,,0
blind_20260828_dev_0000651,0,normal,,normal_standard,1,2026-07-03 07:35:42+00:00,False,False,never,,,1,1,,,,,0
blind_20260828_dev_0000652,0,normal,,normal_standard,1,2026-07-28 06:24:39+00:00,False,False,never,,,1,1,,,,,0
blind_20260828_dev_0000653,0,normal,,normal_standard,1,2026-07-28 16:15:40+00:00,False,False,never,,,1,1,,,,,0
blind_20260828_dev_0000654,0,normal,,normal_standard,1,2026-07-29 19:08:11+00:00,False,False,never,,,1,1,,,,,0
blind_20260828_dev_0000655,0,normal,,normal_standard,2,2026-07-30 07:50:20+00:00,False,False,never,,,2,2,,,,,0
blind_20260828_dev_0000656,0,normal,,normal_standard,3,2026-07-03 08:38:11+00:00,False,False,never,,,3,3,,,,,0
blind_20260828_dev_0000657,0,normal,,normal_standard,1,2026-07-15 16:26:39+00:00,False,False,never,,,1,1,,,,,0
blind_20260828_dev_0000658,0,normal,,normal_standard,1,2026-07-27 02:43:14+00:00,False,False,never,,,1,1,,,,,0
blind_20260828_dev_0000659,0,normal,,normal_standard,1,2026-07-20 16:56:23+00:00,False,False,never,,,1,1,,,,,0
blind_20260828_dev_0000660,0,normal,,normal_standard,1,2026-07-12 16:59:35+00:00,False,False,never,,,1,1,,,,,0
blind_20260828_dev_0000661,0,normal,,normal_standard,1,2026-07-08 23:53:48+00:00,False,False,never,,,1,1,,,,,0
blind_20260828_dev_0000662,0,normal,,normal_standard,1,2026-07-13 18:45:42+00:00,False,False,never,,,1,1,,,,,0
blind_20260828_dev_0000663,0,normal,,normal_standard,1,2026-07-23 17:20:45+00:00,False,False,never,,,1,1,,,,,0
blind_20260828_dev_0000664,0,normal,,normal_standard,1,2026-07-07 11:19:40+00:00,False,False,never,,,1,1,,,,,0
blind_20260828_dev_0000665,0,normal,,normal_standard,1,2026-07-07 11:36:55+00:00,False,False,never,,,1,1,,,,,0
blind_20260828_dev_0000666,0,normal,,normal_standard,1,2026-07-13 22:44:56+00:00,False,False,never,,,1,1,,,,,0
blind_20260828_dev_0000667,0,normal,,normal_standard,2,2026-07-14 03:51:29+00:00,False,False,never,,,2,2,,,,,0
blind_20260828_dev_0000668,0,normal,,normal_standard,1,2026-07-24 06:58:32+00:00,False,False,never,,,1,1,,,,,0
blind_20260828_dev_0000669,0,normal,,normal_standard,1,2026-07-11 00:56:34+00:00,False,False,never,,,1,1,,,,,0
blind_20260828_dev_0000670,0,normal,,normal_standard,2,2026-07-19 16:37:48+00:00,False,False,never,,,2,2,,,,,0
blind_20260828_dev_0000671,0,normal,,normal_standard,1,2026-07-01 12:10:45+00:00,False,False,never,,,1,1,,,,,0
blind_20260828_dev_0000672,0,normal,,normal_standard,1,2026-07-09 02:23:47+00:00,False,False,never,,,1,1,,,,,0
blind_20260828_dev_0000673,0,normal,,normal_standard,1,2026-07-24 05:35:40+00:00,False,False,never,,,1,1,,,,,0
blind_20260828_dev_0000674,0,normal,,normal_standard,1,2026-07-19 21:35:48+00:00,False,False,never,,,1,1,,,,,0
blind_20260828_dev_0000675,0,normal,,normal_standard,2,2026-07-10 10:35:31+00:00,False,False,never,,,2,2,,,,,0
blind_20260828_dev_0000676,0,normal,,normal_standard,1,2026-07-12 00:29:53+00:00,False,False,never,,,1,1,,,,,0
blind_20260828_dev_0000677,0,normal,,normal_standard,1,2026-07-03 10:48:46+00:00,False,False,never,,,1,1,,,,,0
blind_20260828_dev_0000678,0,normal,,normal_standard,1,2026-07-26 22:40:50+00:00,False,False,never,,,1,1,,,,,0
blind_20260828_dev_0000679,0,normal,,normal_standard,1,2026-07-01 16:37:41+00:00,False,False,never,,,1,1,,,,,0
blind_20260828_dev_0000680,0,normal,,normal_standard,1,2026-07-04 19:16:52+00:00,False,False,never,,,1,1,,,,,0
blind_20260828_dev_0000681,0,normal,,normal_standard,1,2026-07-04 13:12:24+00:00,False,False,never,,,1,1,,,,,0
blind_20260828_dev_0000682,0,normal,,normal_standard,1,2026-07-19 14:00:33+00:00,False,False,never,,,1,1,,,,,0
blind_20260828_dev_0000683,0,normal,,normal_standard,1,2026-07-05 15:49:12+00:00,False,False,never,,,1,1,,,,,0
blind_20260828_dev_0000684,0,normal,,normal_standard,1,2026-07-07 14:01:12+00:00,False,False,never,,,1,1,,,,,0
blind_20260828_dev_0000685,0,normal,,normal_standard,1,2026-07-08 03:46:30+00:00,False,False,never,,,1,1,,,,,0
blind_20260828_dev_0000686,0,normal,,normal_standard,1,2026-07-03 12:18:01+00:00,False,False,never,,,1,1,,,,,0
blind_20260828_dev_0000687,0,normal,,normal_standard,3,2026-07-26 17:23:21+00:00,False,False,never,,,3,3,,,,,0
blind_20260828_dev_0000688,0,normal,,normal_standard,1,2026-07-12 07:22:51+00:00,False,False,never,,,1,1,,,,,0
blind_20260828_dev_0000689,0,normal,,normal_standard,1,2026-07-22 15:29:16+00:00,False,False,never,,,1,1,,,,,0
blind_20260828_dev_0000690,0,normal,,normal_standard,1,2026-07-08 15:29:11+00:00,False,False,never,,,1,1,,,,,0
blind_20260828_dev_0000691,0,normal,,normal_standard,1,2026-07-26 23:34:13+00:00,False,False,never,,,1,1,,,,,0
blind_20260828_dev_0000692,0,normal,,normal_standard,1,2026-07-03 12:00:22+00:00,False,False,never,,,1,1,,,,,0
blind_20260828_dev_0000693,0,normal,,normal_standard,1,2026-07-11 09:43:29+00:00,False,False,never,,,1,1,,,,,0
blind_20260828_dev_0000694,0,normal,,normal_standard,1,2026-07-13 17:48:22+00:00,False,False,never,,,1,1,,,,,0
blind_20260828_dev_0000695,0,normal,,normal_standard,2,2026-07-12 16:12:21+00:00,False,False,never,,,2,2,,,,,0
blind_20260828_dev_0000696,0,normal,,normal_standard,2,2026-07-04 14:39:55+00:00,False,False,never,,,2,2,,,,,0
blind_20260828_dev_0000697,0,normal,,normal_standard,2,2026-07-19 10:27:04+00:00,False,False,never,,,2,2,,,,,0
blind_20260828_dev_0000698,0,normal,,normal_standard,1,2026-07-08 14:34:43+00:00,False,False,never,,,1,1,,,,,0
blind_20260828_dev_0000699,0,normal,,normal_standard,1,2026-07-16 20:02:42+00:00,False,False,never,,,1,1,,,,,0
blind_20260828_dev_0000700,0,normal,,normal_standard,1,2026-07-24 15:14:10+00:00,False,False,never,,,1,1,,,,,0
blind_20260828_dev_0000701,0,normal,,normal_standard,2,2026-07-21 13:48:21+00:00,False,False,never,,,2,2,,,,,0
blind_20260828_dev_0000702,0,normal,,normal_standard,1,2026-07-28 15:24:20+00:00,False,False,never,,,1,1,,,,,0
blind_20260828_dev_0000703,0,normal,,normal_standard,2,2026-07-03 09:20:16+00:00,False,False,never,,,2,2,,,,,0
blind_20260828_dev_0000704,0,normal,,normal_standard,1,2026-07-17 17:35:36+00:00,False,False,never,,,1,1,,,,,0
blind_20260828_dev_0000705,0,normal,,normal_standard,2,2026-07-25 13:25:53+00:00,False,False,never,,,2,2,,,,,0
blind_20260828_dev_0000706,0,normal,,normal_standard,1,2026-07-25 17:03:58+00:00,False,False,never,,,1,1,,,,,0
blind_20260828_dev_0000707,0,normal,,normal_standard,1,2026-07-26 00:49:08+00:00,False,False,never,,,1,1,,,,,0
blind_20260828_dev_0000708,0,normal,,normal_standard,1,2026-07-04 21:07:33+00:00,False,False,never,,,1,1,,,,,0
blind_20260828_dev_0000709,0,normal,,normal_standard,1,2026-07-30 12:51:49+00:00,False,False,never,,,1,1,,,,,0
blind_20260828_dev_0000710,0,normal,,normal_standard,1,2026-07-29 13:52:44+00:00,False,False,never,,,1,1,,,,,0
blind_20260828_dev_0000711,0,normal,,normal_standard,1,2026-07-15 08:02:21+00:00,False,False,never,,,1,1,,,,,0
blind_20260828_dev_0000712,0,normal,,normal_standard,1,2026-07-03 18:57:23+00:00,False,False,never,,,1,1,,,,,0
blind_20260828_dev_0000713,0,normal,,normal_standard,1,2026-07-07 03:59:49+00:00,False,False,never,,,1,1,,,,,0
blind_20260828_dev_0000714,0,normal,,normal_standard,1,2026-07-18 15:11:05+00:00,False,False,never,,,1,1,,,,,0
blind_20260828_dev_0000715,0,normal,,normal_standard,3,2026-07-10 16:39:13+00:00,False,False,never,,,3,3,,,,,0
blind_20260828_dev_0000716,0,normal,,normal_standard,1,2026-07-15 21:24:09+00:00,False,False,never,,,1,1,,,,,0
blind_20260828_dev_0000717,0,normal,,normal_standard,1,2026-07-10 17:42:19+00:00,False,False,never,,,1,1,,,,,0
blind_20260828_dev_0000718,0,normal,,normal_standard,1,2026-07-26 04:28:21+00:00,False,False,never,,,1,1,,,,,0
blind_20260828_dev_0000719,0,normal,,normal_standard,1,2026-07-29 01:50:41+00:00,False,False,never,,,1,1,,,,,0
blind_20260828_dev_0000720,0,normal,,normal_standard,1,2026-07-09 13:32:34+00:00,False,False,never,,,1,1,,,,,0
blind_20260828_dev_0000721,0,normal,,normal_standard,1,2026-07-11 18:20:20+00:00,False,False,never,,,1,1,,,,,0
blind_20260828_dev_0000722,0,normal,,normal_standard,1,2026-07-15 16:27:47+00:00,False,False,never,,,1,1,,,,,0
blind_20260828_dev_0000723,0,normal,,normal_standard,3,2026-07-03 08:25:59+00:00,False,False,never,,,3,3,,,,,0
blind_20260828_dev_0000724,0,normal,,normal_standard,1,2026-07-01 20:00:18+00:00,False,False,never,,,1,1,,,,,0
blind_20260828_dev_0000725,0,normal,,normal_standard,2,2026-07-27 18:23:44+00:00,False,False,never,,,2,2,,,,,0
blind_20260828_dev_0000726,0,normal,,normal_standard,1,2026-07-22 21:16:01+00:00,False,False,never,,,1,1,,,,,0
blind_20260828_dev_0000727,0,normal,,normal_standard,1,2026-07-14 22:01:12+00:00,False,False,never,,,1,1,,,,,0
blind_20260828_dev_0000728,0,normal,,normal_standard,1,2026-07-08 05:55:08+00:00,False,False,never,,,1,1,,,,,0
blind_20260828_dev_0000729,0,normal,,normal_standard,3,2026-07-28 03:56:40+00:00,False,False,never,,,3,3,,,,,0
blind_20260828_dev_0000730,0,normal,,normal_standard,1,2026-07-15 00:15:35+00:00,False,False,never,,,1,1,,,,,0
blind_20260828_dev_0000731,0,normal,,normal_standard,1,2026-07-28 11:15:32+00:00,False,False,never,,,1,1,,,,,0
blind_20260828_dev_0000732,0,normal,,normal_standard,2,2026-07-24 16:48:26+00:00,False,False,never,,,2,2,,,,,0
blind_20260828_dev_0000733,0,normal,,normal_standard,1,2026-07-22 21:09:53+00:00,False,False,never,,,1,1,,,,,0
blind_20260828_dev_0000734,0,normal,,normal_standard,1,2026-07-07 15:07:18+00:00,False,False,never,,,1,1,,,,,0
blind_20260828_dev_0000735,0,normal,,normal_standard,1,2026-07-10 23:37:21+00:00,False,False,never,,,1,1,,,,,0
blind_20260828_dev_0000736,0,normal,,normal_standard,1,2026-07-09 15:01:12+00:00,False,False,never,,,1,1,,,,,0
blind_20260828_dev_0000737,0,normal,,normal_standard,1,2026-07-09 23:59:56+00:00,False,False,never,,,1,1,,,,,0
blind_20260828_dev_0000738,0,normal,,normal_standard,1,2026-07-03 01:01:44+00:00,False,False,never,,,1,1,,,,,0
blind_20260828_dev_0000739,0,normal,,normal_standard,1,2026-07-18 21:47:23+00:00,False,False,never,,,1,1,,,,,0
blind_20260828_dev_0000740,0,normal,,normal_standard,1,2026-07-25 06:47:10+00:00,False,False,never,,,1,1,,,,,0
blind_20260828_dev_0000741,0,normal,,normal_standard,1,2026-07-17 19:50:24+00:00,False,False,never,,,1,1,,,,,0
blind_20260828_dev_0000742,0,normal,,normal_standard,2,2026-07-03 12:44:41+00:00,False,False,never,,,2,2,,,,,0
blind_20260828_dev_0000743,0,normal,,normal_standard,2,2026-07-16 01:43:50+00:00,False,False,never,,,2,2,,,,,0
blind_20260828_dev_0000744,0,normal,,normal_standard,1,2026-07-28 05:08:29+00:00,False,False,never,,,1,1,,,,,0
blind_20260828_dev_0000745,0,normal,,normal_standard,1,2026-07-12 18:13:48+00:00,False,False,never,,,1,1,,,,,0
blind_20260828_dev_0000746,0,normal,,normal_standard,1,2026-07-14 22:28:34+00:00,False,False,never,,,1,1,,,,,0
blind_20260828_dev_0000747,0,normal,,normal_standard,1,2026-07-18 08:30:27+00:00,False,False,never,,,1,1,,,,,0
blind_20260828_dev_0000748,0,normal,,normal_standard,1,2026-07-27 03:30:26+00:00,False,False,never,,,1,1,,,,,0
blind_20260828_dev_0000749,0,normal,,normal_standard,1,2026-07-21 02:43:30+00:00,False,False,never,,,1,1,,,,,0
blind_20260828_dev_0000750,0,normal,,normal_standard,1,2026-07-23 10:29:26+00:00,False,False,never,,,1,1,,,,,0
blind_20260828_dev_0000751,0,normal,,normal_standard,1,2026-07-03 09:23:19+00:00,False,False,never,,,1,1,,,,,0
blind_20260828_dev_0000752,0,normal,,normal_standard,1,2026-07-25 14:48:02+00:00,False,False,never,,,1,1,,,,,0
blind_20260828_dev_0000753,0,normal,,normal_standard,3,2026-07-08 12:42:31+00:00,False,False,never,,,3,3,,,,,0
blind_20260828_dev_0000754,0,normal,,normal_standard,1,2026-07-17 10:32:04+00:00,False,False,never,,,1,1,,,,,0
blind_20260828_dev_0000755,0,normal,,normal_standard,1,2026-07-12 06:57:21+00:00,False,False,never,,,1,1,,,,,0
blind_20260828_dev_0000756,0,normal,,normal_standard,1,2026-07-09 09:41:49+00:00,False,False,never,,,1,1,,,,,0
blind_20260828_dev_0000757,0,normal,,normal_standard,1,2026-07-01 23:32:33+00:00,False,False,never,,,1,1,,,,,0
blind_20260828_dev_0000758,0,normal,,normal_standard,1,2026-07-21 10:11:32+00:00,False,False,never,,,1,1,,,,,0
blind_20260828_dev_0000759,0,normal,,normal_standard,1,2026-07-28 13:55:12+00:00,False,False,never,,,1,1,,,,,0
blind_20260828_dev_0000760,0,normal,,normal_standard,1,2026-07-08 08:51:33+00:00,False,False,never,,,1,1,,,,,0
blind_20260828_dev_0000761,0,normal,,normal_standard,1,2026-07-26 03:56:19+00:00,False,False,never,,,1,1,,,,,0
blind_20260828_dev_0000762,0,normal,,normal_standard,3,2026-07-03 06:17:10+00:00,False,False,never,,,3,3,,,,,0
blind_20260828_dev_0000763,0,normal,,normal_standard,2,2026-07-15 08:00:55+00:00,False,False,never,,,2,2,,,,,0
blind_20260828_dev_0000764,0,normal,,normal_standard,1,2026-07-27 22:02:21+00:00,False,False,never,,,1,1,,,,,0
blind_20260828_dev_0000765,0,normal,,normal_standard,3,2026-07-13 00:43:57+00:00,False,False,never,,,3,3,,,,,0
blind_20260828_dev_0000766,0,normal,,normal_standard,1,2026-07-03 07:06:41+00:00,False,False,never,,,1,1,,,,,0
blind_20260828_dev_0000767,0,normal,,normal_standard,1,2026-07-03 07:40:35+00:00,False,False,never,,,1,1,,,,,0
blind_20260828_dev_0000768,0,normal,,normal_standard,1,2026-07-25 00:30:31+00:00,False,False,never,,,1,1,,,,,0
blind_20260828_dev_0000769,0,normal,,normal_standard,1,2026-07-12 10:37:27+00:00,False,False,never,,,1,1,,,,,0
blind_20260828_dev_0000770,0,normal,,normal_standard,1,2026-07-17 00:49:23+00:00,False,False,never,,,1,1,,,,,0
blind_20260828_dev_0000771,0,normal,,normal_standard,2,2026-07-06 05:02:59+00:00,False,False,never,,,2,2,,,,,0
blind_20260828_dev_0000772,0,normal,,normal_standard,1,2026-07-24 11:14:57+00:00,False,False,never,,,1,1,,,,,0
blind_20260828_dev_0000773,0,normal,,normal_standard,2,2026-07-07 04:17:49+00:00,False,False,never,,,2,2,,,,,0
blind_20260828_dev_0000774,0,normal,,normal_standard,1,2026-07-06 19:30:58+00:00,False,False,never,,,1,1,,,,,0
blind_20260828_dev_0000775,0,normal,,normal_standard,2,2026-07-28 11:34:39+00:00,False,False,never,,,2,2,,,,,0
blind_20260828_dev_0000776,0,normal,,normal_standard,1,2026-07-23 20:53:32+00:00,False,False,never,,,1,1,,,,,0
blind_20260828_dev_0000777,0,normal,,normal_standard,2,2026-07-10 13:23:56+00:00,False,False,never,,,2,2,,,,,0
blind_20260828_dev_0000778,0,normal,,normal_standard,1,2026-07-05 16:14:19+00:00,False,False,never,,,1,1,,,,,0
blind_20260828_dev_0000779,0,normal,,normal_standard,1,2026-07-03 16:21:25+00:00,False,False,never,,,1,1,,,,,0
blind_20260828_dev_0000780,0,normal,,normal_standard,1,2026-07-06 12:40:36+00:00,False,False,never,,,1,1,,,,,0
blind_20260828_dev_0000781,0,normal,,normal_standard,1,2026-07-15 12:11:13+00:00,False,False,never,,,1,1,,,,,0
blind_20260828_dev_0000782,0,normal,,normal_standard,1,2026-07-07 00:14:58+00:00,False,False,never,,,1,1,,,,,0
blind_20260828_dev_0000783,0,normal,,normal_standard,1,2026-07-26 02:07:45+00:00,False,False,never,,,1,1,,,,,0
blind_20260828_dev_0000784,0,normal,,normal_standard,1,2026-07-27 03:29:13+00:00,False,False,never,,,1,1,,,,,0
blind_20260828_dev_0000785,0,normal,,normal_standard,1,2026-07-02 16:48:12+00:00,False,False,never,,,1,1,,,,,0
blind_20260828_dev_0000786,0,normal,,normal_standard,1,2026-07-19 05:47:34+00:00,False,False,never,,,1,1,,,,,0
blind_20260828_dev_0000787,0,normal,,normal_standard,1,2026-07-20 16:51:52+00:00,False,False,never,,,1,1,,,,,0
blind_20260828_dev_0000788,0,normal,,normal_standard,2,2026-07-13 09:05:24+00:00,False,False,never,,,2,2,,,,,0
blind_20260828_dev_0000789,0,normal,,normal_standard,1,2026-07-18 10:09:21+00:00,False,False,never,,,1,1,,,,,0
blind_20260828_dev_0000790,0,normal,,normal_standard,1,2026-07-30 01:01:52+00:00,False,False,never,,,1,1,,,,,0
blind_20260828_dev_0000791,0,normal,,normal_standard,2,2026-07-17 18:01:00+00:00,False,False,never,,,2,2,,,,,0
blind_20260828_dev_0000792,0,normal,,normal_standard,1,2026-07-05 22:06:31+00:00,False,False,never,,,1,1,,,,,0
blind_20260828_dev_0000793,0,normal,,normal_standard,1,2026-07-11 06:10:57+00:00,False,False,never,,,1,1,,,,,0
blind_20260828_dev_0000794,0,normal,,normal_standard,1,2026-07-13 18:01:57+00:00,False,False,never,,,1,1,,,,,0
blind_20260828_dev_0000795,0,normal,,normal_standard,1,2026-07-28 23:07:49+00:00,False,False,never,,,1,1,,,,,0
blind_20260828_dev_0000796,0,normal,,normal_standard,3,2026-07-21 13:49:26+00:00,False,False,never,,,3,3,,,,,0
blind_20260828_dev_0000797,0,normal,,normal_standard,2,2026-07-27 09:53:52+00:00,False,False,never,,,2,2,,,,,0
blind_20260828_dev_0000798,0,normal,,normal_standard,1,2026-07-01 11:30:21+00:00,False,False,never,,,1,1,,,,,0
blind_20260828_dev_0000799,0,normal,,normal_standard,1,2026-07-14 11:50:52+00:00,False,False,never,,,1,1,,,,,0
blind_20260828_dev_0000800,0,normal,,normal_standard,2,2026-07-01 09:34:11+00:00,False,False,never,,,2,2,,,,,0
blind_20260828_dev_0000801,0,normal,,normal_standard,1,2026-07-07 08:59:06+00:00,False,False,never,,,1,1,,,,,0
blind_20260828_dev_0000802,0,normal,,normal_standard,1,2026-07-07 10:27:23+00:00,False,False,never,,,1,1,,,,,0
blind_20260828_dev_0000803,0,normal,,normal_standard,1,2026-07-14 04:40:38+00:00,False,False,never,,,1,1,,,,,0
blind_20260828_dev_0000804,0,normal,,normal_standard,1,2026-07-04 06:49:47+00:00,False,False,never,,,1,1,,,,,0
blind_20260828_dev_0000805,0,normal,,normal_standard,1,2026-07-05 01:34:49+00:00,False,False,never,,,1,1,,,,,0
blind_20260828_dev_0000806,0,normal,,normal_standard,1,2026-07-07 15:13:43+00:00,False,False,never,,,1,1,,,,,0
blind_20260828_dev_0000807,0,normal,,normal_standard,2,2026-07-21 02:40:50+00:00,False,False,never,,,2,2,,,,,0
blind_20260828_dev_0000808,0,normal,,normal_standard,1,2026-07-26 21:04:58+00:00,False,False,never,,,1,1,,,,,0
blind_20260828_dev_0000809,0,normal,,normal_standard,1,2026-07-21 22:13:02+00:00,False,False,never,,,1,1,,,,,0
blind_20260828_dev_0000810,0,normal,,normal_standard,1,2026-07-29 15:23:26+00:00,False,False,never,,,1,1,,,,,0
blind_20260828_dev_0000811,0,normal,,normal_standard,1,2026-07-30 02:45:21+00:00,False,False,never,,,1,1,,,,,0
blind_20260828_dev_0000812,0,normal,,normal_standard,1,2026-07-26 17:56:44+00:00,False,False,never,,,1,1,,,,,0
blind_20260828_dev_0000813,0,normal,,normal_standard,2,2026-07-05 23:55:18+00:00,False,False,never,,,2,2,,,,,0
blind_20260828_dev_0000814,0,normal,,normal_standard,1,2026-07-13 00:20:11+00:00,False,False,never,,,1,1,,,,,0
blind_20260828_dev_0000815,0,normal,,normal_standard,1,2026-07-01 09:42:42+00:00,False,False,never,,,1,1,,,,,0
blind_20260828_dev_0000816,0,normal,,normal_standard,1,2026-07-06 22:30:34+00:00,False,False,never,,,1,1,,,,,0
blind_20260828_dev_0000817,0,normal,,normal_standard,1,2026-07-29 18:23:58+00:00,False,False,never,,,1,1,,,,,0
blind_20260828_dev_0000818,0,normal,,normal_standard,1,2026-07-27 00:53:08+00:00,False,False,never,,,1,1,,,,,0
blind_20260828_dev_0000819,0,normal,,normal_standard,1,2026-07-13 09:14:53+00:00,False,False,never,,,1,1,,,,,0
blind_20260828_dev_0000820,0,normal,,normal_standard,3,2026-07-23 16:36:29+00:00,False,False,never,,,3,3,,,,,0
blind_20260828_dev_0000821,0,normal,,normal_standard,1,2026-07-07 13:16:15+00:00,False,False,never,,,1,1,,,,,0
blind_20260828_dev_0000822,0,normal,,normal_standard,1,2026-07-01 06:09:55+00:00,False,False,never,,,1,1,,,,,0
blind_20260828_dev_0000823,0,normal,,normal_standard,1,2026-07-11 17:15:42+00:00,False,False,never,,,1,1,,,,,0
blind_20260828_dev_0000824,0,normal,,normal_standard,1,2026-07-01 18:25:47+00:00,False,False,never,,,1,1,,,,,0
blind_20260828_dev_0000825,0,normal,,normal_standard,1,2026-07-05 20:47:16+00:00,False,False,never,,,1,1,,,,,0
blind_20260828_dev_0000826,0,normal,,normal_standard,1,2026-07-05 19:08:19+00:00,False,False,never,,,1,1,,,,,0
blind_20260828_dev_0000827,0,normal,,normal_standard,1,2026-07-10 02:23:23+00:00,False,False,never,,,1,1,,,,,0
blind_20260828_dev_0000828,0,normal,,normal_standard,3,2026-07-11 14:57:55+00:00,False,False,never,,,3,3,,,,,0
blind_20260828_dev_0000829,0,normal,,normal_standard,1,2026-07-03 20:42:49+00:00,False,False,never,,,1,1,,,,,0
blind_20260828_dev_0000830,0,normal,,normal_standard,1,2026-07-20 14:37:56+00:00,False,False,never,,,1,1,,,,,0
blind_20260828_dev_0000831,0,normal,,normal_standard,1,2026-07-07 05:19:42+00:00,False,False,never,,,1,1,,,,,0
blind_20260828_dev_0000832,0,normal,,normal_standard,1,2026-07-04 04:50:00+00:00,False,False,never,,,1,1,,,,,0
blind_20260828_dev_0000833,0,normal,,normal_standard,1,2026-07-15 09:07:26+00:00,False,False,never,,,1,1,,,,,0
blind_20260828_dev_0000834,0,normal,,normal_standard,1,2026-07-10 22:58:11+00:00,False,False,never,,,1,1,,,,,0
blind_20260828_dev_0000835,0,normal,,normal_standard,1,2026-07-13 20:26:55+00:00,False,False,never,,,1,1,,,,,0
blind_20260828_dev_0000836,0,normal,,normal_standard,1,2026-07-13 16:33:49+00:00,False,False,never,,,1,1,,,,,0
blind_20260828_dev_0000837,0,normal,,normal_standard,1,2026-07-06 23:50:12+00:00,False,False,never,,,1,1,,,,,0
blind_20260828_dev_0000838,0,normal,,normal_standard,1,2026-07-04 15:54:56+00:00,False,False,never,,,1,1,,,,,0
blind_20260828_dev_0000839,0,normal,,normal_standard,3,2026-07-17 16:27:40+00:00,False,False,never,,,3,3,,,,,0
blind_20260828_dev_0000840,0,normal,,normal_standard,1,2026-07-28 03:56:54+00:00,False,False,never,,,1,1,,,,,0
blind_20260828_dev_0000841,0,normal,,normal_standard,1,2026-07-19 12:31:23+00:00,False,False,never,,,1,1,,,,,0
blind_20260828_dev_0000842,0,normal,,normal_standard,1,2026-07-12 05:23:13+00:00,False,False,never,,,1,1,,,,,0
blind_20260828_dev_0000843,0,normal,,normal_standard,1,2026-07-23 06:11:52+00:00,False,False,never,,,1,1,,,,,0
blind_20260828_dev_0000844,0,normal,,normal_standard,2,2026-07-21 20:37:29+00:00,False,False,never,,,2,2,,,,,0
blind_20260828_dev_0000845,0,normal,,normal_standard,2,2026-07-05 08:00:28+00:00,False,False,never,,,2,2,,,,,0
blind_20260828_dev_0000846,0,normal,,normal_standard,1,2026-07-12 04:45:50+00:00,False,False,never,,,1,1,,,,,0
blind_20260828_dev_0000847,0,normal,,normal_standard,1,2026-07-06 08:12:00+00:00,False,False,never,,,1,1,,,,,0
blind_20260828_dev_0000848,0,normal,,normal_standard,1,2026-07-23 23:18:13+00:00,False,False,never,,,1,1,,,,,0
blind_20260828_dev_0000849,0,normal,,normal_standard,2,2026-07-03 11:50:21+00:00,False,False,never,,,2,2,,,,,0
blind_20260828_dev_0000850,0,normal,,normal_standard,1,2026-07-13 06:20:32+00:00,False,False,never,,,1,1,,,,,0
blind_20260828_dev_0000851,0,normal,,normal_standard,1,2026-07-24 15:08:49+00:00,False,False,never,,,1,1,,,,,0
blind_20260828_dev_0000852,0,normal,,normal_standard,1,2026-07-08 10:20:34+00:00,False,False,never,,,1,1,,,,,0
blind_20260828_dev_0000853,0,normal,,normal_standard,1,2026-07-13 09:58:40+00:00,False,False,never,,,1,1,,,,,0
blind_20260828_dev_0000854,0,normal,,normal_standard,1,2026-07-23 16:19:47+00:00,False,False,never,,,1,1,,,,,0
blind_20260828_dev_0000855,0,normal,,normal_standard,1,2026-07-10 03:45:20+00:00,False,False,never,,,1,1,,,,,0
blind_20260828_dev_0000856,0,normal,,normal_standard,1,2026-07-19 11:01:51+00:00,False,False,never,,,1,1,,,,,0
blind_20260828_dev_0000857,0,normal,,normal_standard,1,2026-07-30 20:31:32+00:00,False,False,never,,,1,1,,,,,0
blind_20260828_dev_0000858,0,normal,,normal_standard,1,2026-07-12 21:20:06+00:00,False,False,never,,,1,1,,,,,0
blind_20260828_dev_0000859,0,normal,,normal_standard,2,2026-07-05 20:30:14+00:00,False,False,never,,,2,2,,,,,0
blind_20260828_dev_0000860,0,normal,,normal_standard,1,2026-07-08 10:51:06+00:00,False,False,never,,,1,1,,,,,0
blind_20260828_dev_0000861,0,normal,,normal_standard,1,2026-07-16 07:02:28+00:00,False,False,never,,,1,1,,,,,0
blind_20260828_dev_0000862,0,normal,,normal_standard,1,2026-07-09 13:51:55+00:00,False,False,never,,,1,1,,,,,0
blind_20260828_dev_0000863,0,normal,,normal_standard,3,2026-07-19 20:11:30+00:00,False,False,never,,,3,3,,,,,0
blind_20260828_dev_0000864,0,normal,,normal_standard,2,2026-07-21 11:54:23+00:00,False,False,never,,,2,2,,,,,0
blind_20260828_dev_0000865,0,normal,,normal_standard,1,2026-07-16 14:46:28+00:00,False,False,never,,,1,1,,,,,0
blind_20260828_dev_0000866,0,normal,,normal_standard,1,2026-07-01 21:04:03+00:00,False,False,never,,,1,1,,,,,0
blind_20260828_dev_0000867,0,normal,,normal_standard,1,2026-07-27 17:09:32+00:00,False,False,never,,,1,1,,,,,0
blind_20260828_dev_0000868,0,normal,,normal_standard,1,2026-07-16 20:46:36+00:00,False,False,never,,,1,1,,,,,0
blind_20260828_dev_0000869,0,normal,,normal_standard,1,2026-07-15 05:40:20+00:00,False,False,never,,,1,1,,,,,0
blind_20260828_dev_0000870,0,normal,,normal_standard,1,2026-07-20 18:39:35+00:00,False,False,never,,,1,1,,,,,0
blind_20260828_dev_0000871,0,normal,,normal_standard,1,2026-07-19 07:07:20+00:00,False,False,never,,,1,1,,,,,0
blind_20260828_dev_0000872,0,normal,,normal_standard,1,2026-07-23 23:50:34+00:00,False,False,never,,,1,1,,,,,0
blind_20260828_dev_0000873,0,normal,,normal_standard,1,2026-07-08 21:48:54+00:00,False,False,never,,,1,1,,,,,0
blind_20260828_dev_0000874,0,normal,,normal_standard,1,2026-07-26 06:56:01+00:00,False,False,never,,,1,1,,,,,0
blind_20260828_dev_0000875,0,normal,,normal_standard,1,2026-07-29 18:49:33+00:00,False,False,never,,,1,1,,,,,0
blind_20260828_dev_0000876,0,normal,,normal_standard,1,2026-07-03 04:12:50+00:00,False,False,never,,,1,1,,,,,0
blind_20260828_dev_0000877,0,normal,,normal_standard,2,2026-07-17 22:56:38+00:00,False,False,never,,,2,2,,,,,0
blind_20260828_dev_0000878,0,normal,,normal_standard,2,2026-07-13 12:01:29+00:00,False,False,never,,,2,2,,,,,0
blind_20260828_dev_0000879,0,normal,,normal_standard,1,2026-07-07 02:28:54+00:00,False,False,never,,,1,1,,,,,0
blind_20260828_dev_0000880,0,normal,,normal_standard,1,2026-07-01 14:21:21+00:00,False,False,never,,,1,1,,,,,0
blind_20260828_dev_0000881,0,normal,,normal_standard,1,2026-07-05 11:43:49+00:00,False,False,never,,,1,1,,,,,0
blind_20260828_dev_0000882,0,normal,,normal_standard,1,2026-07-16 06:03:48+00:00,False,False,never,,,1,1,,,,,0
blind_20260828_dev_0000883,0,normal,,normal_standard,2,2026-07-18 21:36:51+00:00,False,False,never,,,2,2,,,,,0
blind_20260828_dev_0000884,0,normal,,normal_standard,1,2026-07-03 01:20:46+00:00,False,False,never,,,1,1,,,,,0
blind_20260828_dev_0000885,0,normal,,normal_standard,1,2026-07-20 20:36:53+00:00,False,False,never,,,1,1,,,,,0
blind_20260828_dev_0000886,0,normal,,normal_standard,1,2026-07-02 05:04:08+00:00,False,False,never,,,1,1,,,,,0
blind_20260828_dev_0000887,0,normal,,normal_standard,1,2026-07-26 15:38:48+00:00,False,False,never,,,1,1,,,,,0
blind_20260828_dev_0000888,0,normal,,normal_standard,1,2026-07-20 22:15:28+00:00,False,False,never,,,1,1,,,,,0
blind_20260828_dev_0000889,0,normal,,normal_standard,1,2026-07-23 07:14:53+00:00,False,False,never,,,1,1,,,,,0
blind_20260828_dev_0000890,0,normal,,normal_standard,1,2026-07-02 11:29:10+00:00,False,False,never,,,1,1,,,,,0
blind_20260828_dev_0000891,0,normal,,normal_standard,1,2026-07-01 04:14:35+00:00,False,False,never,,,1,1,,,,,0
blind_20260828_dev_0000892,0,normal,,normal_standard,2,2026-07-21 13:26:18+00:00,False,False,never,,,2,2,,,,,0
blind_20260828_dev_0000893,0,normal,,normal_standard,1,2026-07-10 05:06:50+00:00,False,False,never,,,1,1,,,,,0
blind_20260828_dev_0000894,0,normal,,normal_standard,1,2026-07-21 07:03:50+00:00,False,False,never,,,1,1,,,,,0
blind_20260828_dev_0000895,0,normal,,normal_standard,1,2026-07-05 16:19:46+00:00,False,False,never,,,1,1,,,,,0
blind_20260828_dev_0000896,0,normal,,normal_standard,1,2026-07-08 12:43:07+00:00,False,False,never,,,1,1,,,,,0
blind_20260828_dev_0000897,0,normal,,normal_standard,1,2026-07-27 01:00:50+00:00,False,False,never,,,1,1,,,,,0
blind_20260828_dev_0000898,0,normal,,normal_standard,1,2026-07-13 11:51:28+00:00,False,False,never,,,1,1,,,,,0
blind_20260828_dev_0000899,0,normal,,normal_standard,1,2026-07-12 08:32:42+00:00,False,False,never,,,1,1,,,,,0
blind_20260828_dev_0000900,0,normal,,normal_standard,1,2026-07-05 00:24:44+00:00,False,False,never,,,1,1,,,,,0
blind_20260828_dev_0000901,0,normal,,normal_standard,1,2026-07-21 11:54:05+00:00,False,False,never,,,1,1,,,,,0
blind_20260828_dev_0000902,0,normal,,normal_standard,1,2026-07-22 06:15:08+00:00,False,False,never,,,1,1,,,,,0
blind_20260828_dev_0000903,0,normal,,normal_standard,2,2026-07-02 10:46:59+00:00,False,False,never,,,2,2,,,,,0
blind_20260828_dev_0000904,0,normal,,normal_standard,1,2026-07-12 01:58:58+00:00,False,False,never,,,1,1,,,,,0
blind_20260828_dev_0000905,0,normal,,normal_standard,1,2026-07-17 20:10:30+00:00,False,False,never,,,1,1,,,,,0
blind_20260828_dev_0000906,0,normal,,normal_standard,2,2026-07-05 22:57:25+00:00,False,False,never,,,2,2,,,,,0
blind_20260828_dev_0000907,0,normal,,normal_standard,1,2026-07-15 14:36:54+00:00,False,False,never,,,1,1,,,,,0
blind_20260828_dev_0000908,0,normal,,normal_standard,1,2026-07-22 09:26:23+00:00,False,False,never,,,1,1,,,,,0
blind_20260828_dev_0000909,0,normal,,normal_standard,1,2026-07-30 19:36:44+00:00,False,False,never,,,1,1,,,,,0
blind_20260828_dev_0000910,0,normal,,normal_standard,1,2026-07-05 01:40:30+00:00,False,False,never,,,1,1,,,,,0
blind_20260828_dev_0000911,0,normal,,normal_standard,1,2026-07-26 23:57:22+00:00,False,False,never,,,1,1,,,,,0
blind_20260828_dev_0000912,0,normal,,normal_standard,1,2026-07-12 02:08:03+00:00,False,False,never,,,1,1,,,,,0
blind_20260828_dev_0000913,0,normal,,normal_standard,2,2026-07-01 00:22:37+00:00,False,False,never,,,2,2,,,,,0
blind_20260828_dev_0000914,0,normal,,normal_standard,1,2026-07-17 14:24:46+00:00,False,False,never,,,1,1,,,,,0
blind_20260828_dev_0000915,0,normal,,normal_standard,2,2026-07-27 03:40:46+00:00,False,False,never,,,2,2,,,,,0
blind_20260828_dev_0000916,0,normal,,normal_standard,1,2026-07-12 01:38:57+00:00,False,False,never,,,1,1,,,,,0
blind_20260828_dev_0000917,0,normal,,normal_standard,3,2026-07-03 14:59:41+00:00,False,False,never,,,3,3,,,,,0
blind_20260828_dev_0000918,0,normal,,normal_standard,1,2026-07-16 09:41:09+00:00,False,False,never,,,1,1,,,,,0
blind_20260828_dev_0000919,0,normal,,normal_standard,2,2026-07-19 09:05:39+00:00,False,False,never,,,2,2,,,,,0
blind_20260828_dev_0000920,0,normal,,normal_standard,2,2026-07-22 18:57:24+00:00,False,False,never,,,2,2,,,,,0
blind_20260828_dev_0000921,0,normal,,normal_standard,2,2026-07-20 17:15:22+00:00,False,False,never,,,2,2,,,,,0
blind_20260828_dev_0000922,0,normal,,normal_standard,1,2026-07-18 08:35:26+00:00,False,False,never,,,1,1,,,,,0
blind_20260828_dev_0000923,0,normal,,normal_standard,1,2026-07-29 00:42:37+00:00,False,False,never,,,1,1,,,,,0
blind_20260828_dev_0000924,0,normal,,normal_standard,1,2026-07-27 18:53:26+00:00,False,False,never,,,1,1,,,,,0
blind_20260828_dev_0000925,0,normal,,normal_standard,1,2026-07-13 13:29:12+00:00,False,False,never,,,1,1,,,,,0
blind_20260828_dev_0000926,0,normal,,normal_standard,1,2026-07-05 23:32:58+00:00,False,False,never,,,1,1,,,,,0
blind_20260828_dev_0000927,0,normal,,normal_standard,1,2026-07-06 09:23:43+00:00,False,False,never,,,1,1,,,,,0
blind_20260828_dev_0000928,0,normal,,normal_standard,2,2026-07-18 21:43:29+00:00,False,False,never,,,2,2,,,,,0
blind_20260828_dev_0000929,0,normal,,normal_standard,1,2026-07-18 13:38:01+00:00,False,False,never,,,1,1,,,,,0
blind_20260828_dev_0000930,0,normal,,normal_standard,1,2026-07-14 20:38:46+00:00,False,False,never,,,1,1,,,,,0
blind_20260828_dev_0000931,0,normal,,normal_standard,3,2026-07-19 03:56:45+00:00,False,False,never,,,3,3,,,,,0
blind_20260828_dev_0000932,0,normal,,normal_standard,1,2026-07-11 01:25:26+00:00,False,False,never,,,1,1,,,,,0
blind_20260828_dev_0000933,0,normal,,normal_standard,1,2026-07-29 18:09:09+00:00,False,False,never,,,1,1,,,,,0
blind_20260828_dev_0000934,0,normal,,normal_standard,3,2026-07-30 06:16:24+00:00,False,False,never,,,3,3,,,,,0
blind_20260828_dev_0000935,0,normal,,normal_standard,1,2026-07-06 11:06:28+00:00,False,False,never,,,1,1,,,,,0
blind_20260828_dev_0000936,0,normal,,normal_standard,2,2026-07-12 06:56:53+00:00,False,False,never,,,2,2,,,,,0
blind_20260828_dev_0000937,0,normal,,normal_standard,1,2026-07-22 22:48:36+00:00,False,False,never,,,1,1,,,,,0
blind_20260828_dev_0000938,0,normal,,normal_standard,1,2026-07-18 21:17:11+00:00,False,False,never,,,1,1,,,,,0
blind_20260828_dev_0000939,0,normal,,normal_standard,2,2026-07-13 13:21:31+00:00,False,False,never,,,2,2,,,,,0
blind_20260828_dev_0000940,0,normal,,normal_standard,1,2026-07-25 08:24:25+00:00,False,False,never,,,1,1,,,,,0
blind_20260828_dev_0000941,0,normal,,normal_standard,1,2026-07-26 20:08:47+00:00,False,False,never,,,1,1,,,,,0
blind_20260828_dev_0000942,0,normal,,normal_standard,1,2026-07-18 00:15:59+00:00,False,False,never,,,1,1,,,,,0
blind_20260828_dev_0000943,0,normal,,normal_standard,1,2026-07-15 16:14:46+00:00,False,False,never,,,1,1,,,,,0
blind_20260828_dev_0000944,0,normal,,normal_standard,1,2026-07-24 22:33:25+00:00,False,False,never,,,1,1,,,,,0
blind_20260828_dev_0000945,0,normal,,normal_standard,1,2026-07-19 12:05:33+00:00,False,False,never,,,1,1,,,,,0
blind_20260828_dev_0000946,0,normal,,normal_standard,1,2026-07-25 04:50:34+00:00,False,False,never,,,1,1,,,,,0
blind_20260828_dev_0000947,0,normal,,normal_standard,1,2026-07-04 10:32:30+00:00,False,False,never,,,1,1,,,,,0
blind_20260828_dev_0000948,0,normal,,normal_standard,1,2026-07-14 12:56:39+00:00,False,False,never,,,1,1,,,,,0
blind_20260828_dev_0000949,0,normal,,normal_standard,2,2026-07-11 12:43:47+00:00,False,False,never,,,2,2,,,,,0
blind_20260828_dev_0000950,0,normal,,normal_standard,1,2026-07-09 18:08:03+00:00,False,False,never,,,1,1,,,,,0
blind_20260828_dev_0000951,0,normal,,normal_standard,2,2026-07-21 16:20:04+00:00,False,False,never,,,2,2,,,,,0
blind_20260828_dev_0000952,0,normal,,normal_standard,1,2026-07-20 00:49:45+00:00,False,False,never,,,1,1,,,,,0
blind_20260828_dev_0000953,0,normal,,normal_standard,1,2026-07-15 21:55:18+00:00,False,False,never,,,1,1,,,,,0
blind_20260828_dev_0000954,0,normal,,normal_standard,1,2026-07-22 14:02:07+00:00,False,False,never,,,1,1,,,,,0
blind_20260828_dev_0000955,0,normal,,normal_standard,1,2026-07-16 14:50:52+00:00,False,False,never,,,1,1,,,,,0
blind_20260828_dev_0000956,0,normal,,normal_standard,1,2026-07-23 12:05:10+00:00,False,False,never,,,1,1,,,,,0
blind_20260828_dev_0000957,0,normal,,normal_standard,1,2026-07-13 20:38:12+00:00,False,False,never,,,1,1,,,,,0
blind_20260828_dev_0000958,0,normal,,normal_standard,1,2026-07-29 21:06:41+00:00,False,False,never,,,1,1,,,,,0
blind_20260828_dev_0000959,0,normal,,normal_standard,1,2026-07-06 11:24:42+00:00,False,False,never,,,1,1,,,,,0
blind_20260828_dev_0000960,0,normal,,normal_standard,1,2026-07-04 06:50:37+00:00,False,False,never,,,1,1,,,,,0
blind_20260828_dev_0000961,0,normal,,normal_standard,1,2026-07-09 20:19:38+00:00,False,False,never,,,1,1,,,,,0
blind_20260828_dev_0000962,0,normal,,normal_standard,1,2026-07-15 00:09:41+00:00,False,False,never,,,1,1,,,,,0
blind_20260828_dev_0000963,0,normal,,normal_standard,1,2026-07-23 12:13:36+00:00,False,False,never,,,1,1,,,,,0
blind_20260828_dev_0000964,0,normal,,normal_standard,1,2026-07-23 10:37:58+00:00,False,False,never,,,1,1,,,,,0
blind_20260828_dev_0000965,0,normal,,normal_standard,1,2026-07-01 01:47:33+00:00,False,False,never,,,1,1,,,,,0
blind_20260828_dev_0000966,0,normal,,normal_standard,1,2026-07-21 19:21:07+00:00,False,False,never,,,1,1,,,,,0
blind_20260828_dev_0000967,0,normal,,normal_standard,1,2026-07-23 20:34:00+00:00,False,False,never,,,1,1,,,,,0
blind_20260828_dev_0000968,0,normal,,normal_standard,2,2026-07-04 17:10:37+00:00,False,False,never,,,2,2,,,,,0
blind_20260828_dev_0000969,0,normal,,normal_standard,1,2026-07-07 09:46:58+00:00,False,False,never,,,1,1,,,,,0
blind_20260828_dev_0000970,0,normal,,normal_standard,1,2026-07-08 10:49:57+00:00,False,False,never,,,1,1,,,,,0
blind_20260828_dev_0000971,0,normal,,normal_standard,1,2026-07-10 10:33:38+00:00,False,False,never,,,1,1,,,,,0
blind_20260828_dev_0000972,0,normal,,normal_standard,1,2026-07-24 03:41:50+00:00,False,False,never,,,1,1,,,,,0
blind_20260828_dev_0000973,0,normal,,normal_standard,2,2026-07-21 11:56:39+00:00,False,False,never,,,2,2,,,,,0
blind_20260828_dev_0000974,0,normal,,normal_standard,2,2026-07-04 20:45:42+00:00,False,False,never,,,2,2,,,,,0
blind_20260828_dev_0000975,0,normal,,normal_standard,1,2026-07-08 02:21:00+00:00,False,False,never,,,1,1,,,,,0
blind_20260828_dev_0000976,0,normal,,normal_standard,1,2026-07-26 08:32:25+00:00,False,False,never,,,1,1,,,,,0
blind_20260828_dev_0000977,0,normal,,normal_standard,1,2026-07-09 06:34:57+00:00,False,False,never,,,1,1,,,,,0
blind_20260828_dev_0000978,0,normal,,normal_standard,2,2026-07-25 17:17:41+00:00,False,False,never,,,2,2,,,,,0
blind_20260828_dev_0000979,0,normal,,normal_standard,1,2026-07-23 02:39:45+00:00,False,False,never,,,1,1,,,,,0
blind_20260828_dev_0000980,0,normal,,normal_standard,3,2026-07-18 21:26:56+00:00,False,False,never,,,3,3,,,,,0
blind_20260828_dev_0000981,0,normal,,normal_standard,1,2026-07-25 00:16:20+00:00,False,False,never,,,1,1,,,,,0
blind_20260828_dev_0000982,0,normal,,normal_standard,2,2026-07-29 14:14:53+00:00,False,False,never,,,2,2,,,,,0
blind_20260828_dev_0000983,0,normal,,normal_standard,1,2026-07-02 10:23:02+00:00,False,False,never,,,1,1,,,,,0
blind_20260828_dev_0000984,0,normal,,normal_standard,1,2026-07-24 17:20:01+00:00,False,False,never,,,1,1,,,,,0
blind_20260828_dev_0000985,0,normal,,normal_standard,1,2026-07-14 03:27:37+00:00,False,False,never,,,1,1,,,,,0
blind_20260828_dev_0000986,0,normal,,normal_standard,1,2026-07-19 09:32:26+00:00,False,False,never,,,1,1,,,,,0
blind_20260828_dev_0000987,0,normal,,normal_standard,1,2026-07-13 02:18:40+00:00,False,False,never,,,1,1,,,,,0
blind_20260828_dev_0000988,0,normal,,normal_standard,2,2026-07-24 18:35:40+00:00,False,False,never,,,2,2,,,,,0
blind_20260828_dev_0000989,0,normal,,normal_standard,1,2026-07-17 01:11:57+00:00,False,False,never,,,1,1,,,,,0
blind_20260828_dev_0000990,0,normal,,normal_standard,1,2026-07-28 08:41:45+00:00,False,False,never,,,1,1,,,,,0
blind_20260828_dev_0000991,0,normal,,normal_standard,2,2026-07-05 01:18:30+00:00,False,False,never,,,2,2,,,,,0
blind_20260828_dev_0000992,0,normal,,normal_standard,1,2026-07-18 17:44:34+00:00,False,False,never,,,1,1,,,,,0
blind_20260828_dev_0000993,0,normal,,normal_standard,2,2026-07-11 07:33:36+00:00,False,False,never,,,2,2,,,,,0
blind_20260828_dev_0000994,0,normal,,normal_standard,1,2026-07-08 09:38:58+00:00,False,False,never,,,1,1,,,,,0
blind_20260828_dev_0000995,0,normal,,normal_standard,1,2026-07-11 16:29:23+00:00,False,False,never,,,1,1,,,,,0
blind_20260828_dev_0000996,0,normal,,normal_standard,1,2026-07-18 12:06:38+00:00,False,False,never,,,1,1,,,,,0
blind_20260828_dev_0000997,0,normal,,normal_standard,1,2026-07-13 19:59:45+00:00,False,False,never,,,1,1,,,,,0
blind_20260828_dev_0000998,0,normal,,normal_standard,1,2026-07-20 05:44:15+00:00,False,False,never,,,1,1,,,,,0
blind_20260828_dev_0000999,0,normal,,normal_standard,1,2026-07-10 14:53:29+00:00,False,False,never,,,1,1,,,,,0
blind_20260828_dev_0001000,0,normal,,normal_standard,1,2026-07-08 23:55:06+00:00,False,False,never,,,1,1,,,,,0
blind_20260828_dev_0001001,0,normal,,normal_standard,1,2026-07-30 15:52:34+00:00,False,False,never,,,1,1,,,,,0
blind_20260828_dev_0001002,0,normal,,normal_standard,1,2026-07-22 02:21:20+00:00,False,False,never,,,1,1,,,,,0
blind_20260828_dev_0001003,0,normal,,normal_standard,2,2026-07-10 14:23:15+00:00,False,False,never,,,2,2,,,,,0
blind_20260828_dev_0001004,0,normal,,normal_standard,2,2026-07-06 15:40:51+00:00,False,False,never,,,2,2,,,,,0
blind_20260828_dev_0001005,0,normal,,normal_standard,1,2026-07-26 12:21:20+00:00,False,False,never,,,1,1,,,,,0
blind_20260828_dev_0001006,0,normal,,normal_standard,1,2026-07-16 14:05:33+00:00,False,False,never,,,1,1,,,,,0
blind_20260828_dev_0001007,0,normal,,normal_standard,3,2026-07-29 17:47:35+00:00,False,False,never,,,3,3,,,,,0
blind_20260828_dev_0001008,0,normal,,normal_standard,1,2026-07-06 08:13:21+00:00,False,False,never,,,1,1,,,,,0
blind_20260828_dev_0001009,0,normal,,normal_standard,1,2026-07-01 18:24:24+00:00,False,False,never,,,1,1,,,,,0
blind_20260828_dev_0001010,0,normal,,normal_standard,2,2026-07-29 22:25:53+00:00,False,False,never,,,2,2,,,,,0
blind_20260828_dev_0001011,0,normal,,normal_standard,1,2026-07-18 20:36:54+00:00,False,False,never,,,1,1,,,,,0
blind_20260828_dev_0001012,0,normal,,normal_standard,1,2026-07-25 04:09:50+00:00,False,False,never,,,1,1,,,,,0
blind_20260828_dev_0001013,0,normal,,normal_standard,2,2026-07-11 02:25:21+00:00,False,False,never,,,2,2,,,,,0
blind_20260828_dev_0001014,0,normal,,normal_standard,3,2026-07-06 15:14:46+00:00,False,False,never,,,3,3,,,,,0
blind_20260828_dev_0001015,0,normal,,normal_standard,1,2026-07-05 15:01:32+00:00,False,False,never,,,1,1,,,,,0
blind_20260828_dev_0001016,0,normal,,normal_standard,2,2026-07-04 20:34:36+00:00,False,False,never,,,2,2,,,,,0
blind_20260828_dev_0001017,0,normal,,normal_standard,1,2026-07-27 14:18:19+00:00,False,False,never,,,1,1,,,,,0
blind_20260828_dev_0001018,0,normal,,normal_standard,2,2026-07-24 14:11:39+00:00,False,False,never,,,2,2,,,,,0
blind_20260828_dev_0001019,0,normal,,normal_standard,2,2026-07-16 05:39:50+00:00,False,False,never,,,2,2,,,,,0
blind_20260828_dev_0001020,0,normal,,normal_standard,1,2026-07-13 16:36:15+00:00,False,False,never,,,1,1,,,,,0
blind_20260828_dev_0001021,0,normal,,normal_standard,1,2026-07-03 00:32:40+00:00,False,False,never,,,1,1,,,,,0
blind_20260828_dev_0001022,0,normal,,normal_standard,1,2026-07-05 02:48:25+00:00,False,False,never,,,1,1,,,,,0
blind_20260828_dev_0001023,0,normal,,normal_standard,1,2026-07-05 14:22:08+00:00,False,False,never,,,1,1,,,,,0
blind_20260828_dev_0001024,0,normal,,normal_standard,1,2026-07-13 23:07:24+00:00,False,False,never,,,1,1,,,,,0
blind_20260828_dev_0001025,0,normal,,normal_standard,1,2026-07-16 18:25:07+00:00,False,False,never,,,1,1,,,,,0
blind_20260828_dev_0001026,0,normal,,normal_standard,4,2026-07-25 22:26:31+00:00,False,False,never,,,4,4,,,,,0
blind_20260828_dev_0001027,0,normal,,normal_standard,1,2026-07-08 07:08:37+00:00,False,False,never,,,1,1,,,,,0
blind_20260828_dev_0001028,0,normal,,normal_standard,1,2026-07-03 09:52:35+00:00,False,False,never,,,1,1,,,,,0
blind_20260828_dev_0001029,0,normal,,normal_standard,2,2026-07-23 10:53:23+00:00,False,False,never,,,2,2,,,,,0
blind_20260828_dev_0001030,0,normal,,normal_standard,3,2026-07-29 00:38:05+00:00,False,False,never,,,3,3,,,,,0
blind_20260828_dev_0001031,0,normal,,normal_standard,1,2026-07-05 06:13:18+00:00,False,False,never,,,1,1,,,,,0
blind_20260828_dev_0001032,0,normal,,normal_standard,2,2026-07-25 10:03:29+00:00,False,False,never,,,2,2,,,,,0
blind_20260828_dev_0001033,0,normal,,normal_standard,2,2026-07-02 00:23:40+00:00,False,False,never,,,2,2,,,,,0
blind_20260828_dev_0001034,0,normal,,normal_standard,1,2026-07-11 02:42:18+00:00,False,False,never,,,1,1,,,,,0
blind_20260828_dev_0001035,0,normal,,normal_standard,1,2026-07-02 10:41:21+00:00,False,False,never,,,1,1,,,,,0
blind_20260828_dev_0001036,0,normal,,normal_standard,1,2026-07-14 18:36:09+00:00,False,False,never,,,1,1,,,,,0
blind_20260828_dev_0001037,0,normal,,normal_standard,1,2026-07-12 15:03:40+00:00,False,False,never,,,1,1,,,,,0
blind_20260828_dev_0001038,0,normal,,normal_standard,1,2026-07-19 15:56:05+00:00,False,False,never,,,1,1,,,,,0
blind_20260828_dev_0001039,0,normal,,normal_standard,1,2026-07-30 17:10:54+00:00,False,False,never,,,1,1,,,,,0
blind_20260828_dev_0001040,0,normal,,normal_standard,1,2026-07-18 23:44:47+00:00,False,False,never,,,1,1,,,,,0
blind_20260828_dev_0001041,0,normal,,normal_standard,1,2026-07-01 07:51:16+00:00,False,False,never,,,1,1,,,,,0
blind_20260828_dev_0001042,0,normal,,normal_standard,1,2026-07-16 23:35:20+00:00,False,False,never,,,1,1,,,,,0
blind_20260828_dev_0001043,0,normal,,normal_standard,2,2026-07-10 17:29:03+00:00,False,False,never,,,2,2,,,,,0
blind_20260828_dev_0001044,0,normal,,normal_standard,1,2026-07-23 16:19:26+00:00,False,False,never,,,1,1,,,,,0
blind_20260828_dev_0001045,0,normal,,normal_standard,1,2026-07-15 10:20:28+00:00,False,False,never,,,1,1,,,,,0
blind_20260828_dev_0001046,0,normal,,normal_standard,1,2026-07-04 02:46:31+00:00,False,False,never,,,1,1,,,,,0
blind_20260828_dev_0001047,0,normal,,normal_standard,2,2026-07-07 03:35:40+00:00,False,False,never,,,2,2,,,,,0
blind_20260828_dev_0001048,0,normal,,normal_standard,1,2026-07-02 01:29:01+00:00,False,False,never,,,1,1,,,,,0
blind_20260828_dev_0001049,0,normal,,normal_standard,1,2026-07-28 13:14:29+00:00,False,False,never,,,1,1,,,,,0
blind_20260828_dev_0001050,0,normal,,normal_standard,1,2026-07-11 08:16:37+00:00,False,False,never,,,1,1,,,,,0
blind_20260828_dev_0001051,0,normal,,normal_standard,2,2026-07-17 03:28:04+00:00,False,False,never,,,2,2,,,,,0
blind_20260828_dev_0001052,0,normal,,normal_standard,1,2026-07-17 11:18:38+00:00,False,False,never,,,1,1,,,,,0
blind_20260828_dev_0001053,0,normal,,normal_standard,1,2026-07-15 07:17:53+00:00,False,False,never,,,1,1,,,,,0
blind_20260828_dev_0001054,0,normal,,normal_standard,2,2026-07-28 18:17:25+00:00,False,False,never,,,2,2,,,,,0
blind_20260828_dev_0001055,0,normal,,normal_standard,1,2026-07-28 16:03:40+00:00,False,False,never,,,1,1,,,,,0
blind_20260828_dev_0001056,0,normal,,normal_standard,1,2026-07-24 04:47:17+00:00,False,False,never,,,1,1,,,,,0
blind_20260828_dev_0001057,0,normal,,normal_standard,2,2026-07-04 10:16:03+00:00,False,False,never,,,2,2,,,,,0
blind_20260828_dev_0001058,0,normal,,normal_standard,2,2026-07-23 19:15:06+00:00,False,False,never,,,2,2,,,,,0
blind_20260828_dev_0001059,0,normal,,normal_standard,1,2026-07-20 18:21:29+00:00,False,False,never,,,1,1,,,,,0
blind_20260828_dev_0001060,0,normal,,normal_standard,1,2026-07-24 01:45:40+00:00,False,False,never,,,1,1,,,,,0
blind_20260828_dev_0001061,0,normal,,normal_standard,3,2026-07-08 05:31:33+00:00,False,False,never,,,3,3,,,,,0
blind_20260828_dev_0001062,0,normal,,normal_standard,2,2026-07-28 05:12:43+00:00,False,False,never,,,2,2,,,,,0
blind_20260828_dev_0001063,0,normal,,normal_standard,1,2026-07-20 20:32:39+00:00,False,False,never,,,1,1,,,,,0
blind_20260828_dev_0001064,0,normal,,normal_standard,1,2026-07-10 12:43:35+00:00,False,False,never,,,1,1,,,,,0
blind_20260828_dev_0001065,0,normal,,normal_standard,1,2026-07-30 20:05:51+00:00,False,False,never,,,1,1,,,,,0
blind_20260828_dev_0001066,0,normal,,normal_standard,1,2026-07-09 15:15:37+00:00,False,False,never,,,1,1,,,,,0
blind_20260828_dev_0001067,0,normal,,normal_standard,3,2026-07-28 23:36:15+00:00,False,False,never,,,3,3,,,,,0
blind_20260828_dev_0001068,0,normal,,normal_standard,3,2026-07-09 03:47:51+00:00,False,False,never,,,3,3,,,,,0
blind_20260828_dev_0001069,0,normal,,normal_standard,1,2026-07-09 15:37:42+00:00,False,False,never,,,1,1,,,,,0
blind_20260828_dev_0001070,0,normal,,normal_standard,1,2026-07-25 16:05:07+00:00,False,False,never,,,1,1,,,,,0
blind_20260828_dev_0001071,0,normal,,normal_standard,2,2026-07-03 08:51:40+00:00,False,False,never,,,2,2,,,,,0
blind_20260828_dev_0001072,0,normal,,normal_standard,2,2026-07-24 17:18:55+00:00,False,False,never,,,2,2,,,,,0
blind_20260828_dev_0001073,0,normal,,normal_standard,1,2026-07-23 18:14:23+00:00,False,False,never,,,1,1,,,,,0
blind_20260828_dev_0001074,0,normal,,normal_standard,1,2026-07-06 04:03:51+00:00,False,False,never,,,1,1,,,,,0
blind_20260828_dev_0001075,0,normal,,normal_standard,1,2026-07-14 20:29:39+00:00,False,False,never,,,1,1,,,,,0
blind_20260828_dev_0001076,0,normal,,normal_standard,1,2026-07-16 18:30:59+00:00,False,False,never,,,1,1,,,,,0
blind_20260828_dev_0001077,0,normal,,normal_standard,1,2026-07-17 19:23:46+00:00,False,False,never,,,1,1,,,,,0
blind_20260828_dev_0001078,0,normal,,normal_standard,1,2026-07-02 15:39:40+00:00,False,False,never,,,1,1,,,,,0
blind_20260828_dev_0001079,0,normal,,normal_standard,1,2026-07-26 01:21:39+00:00,False,False,never,,,1,1,,,,,0
blind_20260828_dev_0001080,0,normal,,normal_standard,1,2026-07-05 23:17:51+00:00,False,False,never,,,1,1,,,,,0
blind_20260828_dev_0001081,0,normal,,normal_standard,1,2026-07-27 05:42:20+00:00,False,False,never,,,1,1,,,,,0
blind_20260828_dev_0001082,0,normal,,normal_standard,1,2026-07-12 18:03:49+00:00,False,False,never,,,1,1,,,,,0
blind_20260828_dev_0001083,0,normal,,normal_standard,1,2026-07-26 16:38:12+00:00,False,False,never,,,1,1,,,,,0
blind_20260828_dev_0001084,0,normal,,normal_standard,1,2026-07-03 00:13:18+00:00,False,False,never,,,1,1,,,,,0
blind_20260828_dev_0001085,0,normal,,normal_standard,1,2026-07-23 16:42:13+00:00,False,False,never,,,1,1,,,,,0
blind_20260828_dev_0001086,0,normal,,normal_standard,1,2026-07-12 00:50:35+00:00,False,False,never,,,1,1,,,,,0
blind_20260828_dev_0001087,0,normal,,normal_standard,2,2026-07-02 02:33:25+00:00,False,False,never,,,2,2,,,,,0
blind_20260828_dev_0001088,0,normal,,normal_standard,2,2026-07-13 07:11:53+00:00,False,False,never,,,2,2,,,,,0
blind_20260828_dev_0001089,0,normal,,normal_standard,1,2026-07-18 17:11:38+00:00,False,False,never,,,1,1,,,,,0
blind_20260828_dev_0001090,0,normal,,normal_standard,1,2026-07-05 14:59:35+00:00,False,False,never,,,1,1,,,,,0
blind_20260828_dev_0001091,0,normal,,normal_standard,1,2026-07-21 13:39:31+00:00,False,False,never,,,1,1,,,,,0
blind_20260828_dev_0001092,0,normal,,normal_standard,2,2026-07-04 10:55:13+00:00,False,False,never,,,2,2,,,,,0
blind_20260828_dev_0001093,0,normal,,normal_standard,1,2026-07-05 16:46:52+00:00,False,False,never,,,1,1,,,,,0
blind_20260828_dev_0001094,0,normal,,normal_standard,1,2026-07-03 13:35:03+00:00,False,False,never,,,1,1,,,,,0
blind_20260828_dev_0001095,0,normal,,normal_standard,3,2026-07-17 00:37:55+00:00,False,False,never,,,3,3,,,,,0
blind_20260828_dev_0001096,0,normal,,normal_standard,2,2026-07-08 00:34:57+00:00,False,False,never,,,2,2,,,,,0
blind_20260828_dev_0001097,0,normal,,normal_standard,1,2026-07-18 21:00:49+00:00,False,False,never,,,1,1,,,,,0
blind_20260828_dev_0001098,0,normal,,normal_standard,2,2026-07-01 00:48:26+00:00,False,False,never,,,2,2,,,,,0
blind_20260828_dev_0001099,0,normal,,normal_standard,1,2026-07-15 07:15:38+00:00,False,False,never,,,1,1,,,,,0
blind_20260828_dev_0001100,0,normal,,normal_standard,1,2026-07-18 02:29:25+00:00,False,False,never,,,1,1,,,,,0
blind_20260828_dev_0001101,0,normal,,normal_standard,1,2026-07-11 18:10:06+00:00,False,False,never,,,1,1,,,,,0
blind_20260828_dev_0001102,0,normal,,normal_standard,1,2026-07-01 04:25:51+00:00,False,False,never,,,1,1,,,,,0
blind_20260828_dev_0001103,0,normal,,normal_standard,1,2026-07-29 16:27:45+00:00,False,False,never,,,1,1,,,,,0
blind_20260828_dev_0001104,0,normal,,normal_standard,1,2026-07-22 19:24:35+00:00,False,False,never,,,1,1,,,,,0
blind_20260828_dev_0001105,0,normal,,normal_standard,1,2026-07-30 08:08:16+00:00,False,False,never,,,1,1,,,,,0
blind_20260828_dev_0001106,0,normal,,normal_standard,1,2026-07-26 04:10:09+00:00,False,False,never,,,1,1,,,,,0
blind_20260828_dev_0001107,0,normal,,normal_standard,1,2026-07-07 09:34:00+00:00,False,False,never,,,1,1,,,,,0
blind_20260828_dev_0001108,0,normal,,normal_standard,1,2026-07-30 18:09:48+00:00,False,False,never,,,1,1,,,,,0
blind_20260828_dev_0001109,0,normal,,normal_standard,1,2026-07-06 19:07:53+00:00,False,False,never,,,1,1,,,,,0
blind_20260828_dev_0001110,0,normal,,normal_standard,1,2026-07-26 19:12:15+00:00,False,False,never,,,1,1,,,,,0
blind_20260828_dev_0001111,0,normal,,normal_standard,1,2026-07-13 00:02:50+00:00,False,False,never,,,1,1,,,,,0
blind_20260828_dev_0001112,0,normal,,normal_standard,1,2026-07-07 03:40:33+00:00,False,False,never,,,1,1,,,,,0
blind_20260828_dev_0001113,0,normal,,normal_standard,1,2026-07-26 07:48:29+00:00,False,False,never,,,1,1,,,,,0
blind_20260828_dev_0001114,0,normal,,normal_standard,1,2026-07-02 04:03:21+00:00,False,False,never,,,1,1,,,,,0
blind_20260828_dev_0001115,0,normal,,normal_standard,1,2026-07-24 06:39:50+00:00,False,False,never,,,1,1,,,,,0
blind_20260828_dev_0001116,0,normal,,normal_standard,1,2026-07-30 14:40:37+00:00,False,False,never,,,1,1,,,,,0
blind_20260828_dev_0001117,0,normal,,normal_standard,1,2026-07-10 17:02:21+00:00,False,False,never,,,1,1,,,,,0
blind_20260828_dev_0001118,0,normal,,normal_standard,1,2026-07-04 20:32:38+00:00,False,False,never,,,1,1,,,,,0
blind_20260828_dev_0001119,0,normal,,normal_standard,1,2026-07-18 10:39:24+00:00,False,False,never,,,1,1,,,,,0
blind_20260828_dev_0001120,0,normal,,normal_standard,1,2026-07-13 14:58:39+00:00,False,False,never,,,1,1,,,,,0
blind_20260828_dev_0001121,0,normal,,normal_standard,1,2026-07-30 20:12:50+00:00,False,False,never,,,1,1,,,,,0
blind_20260828_dev_0001122,0,normal,,normal_standard,2,2026-07-27 16:58:48+00:00,False,False,never,,,2,2,,,,,0
blind_20260828_dev_0001123,0,normal,,normal_standard,1,2026-07-15 21:17:28+00:00,False,False,never,,,1,1,,,,,0
blind_20260828_dev_0001124,0,normal,,normal_standard,1,2026-07-22 02:08:00+00:00,False,False,never,,,1,1,,,,,0
blind_20260828_dev_0001125,0,normal,,normal_standard,1,2026-07-25 06:32:56+00:00,False,False,never,,,1,1,,,,,0
blind_20260828_dev_0001126,0,normal,,normal_standard,1,2026-07-03 07:44:49+00:00,False,False,never,,,1,1,,,,,0
blind_20260828_dev_0001127,0,normal,,normal_standard,2,2026-07-16 05:00:02+00:00,False,False,never,,,2,2,,,,,0
blind_20260828_dev_0001128,0,normal,,normal_standard,1,2026-07-16 20:27:28+00:00,False,False,never,,,1,1,,,,,0
blind_20260828_dev_0001129,0,normal,,normal_standard,1,2026-07-15 09:54:37+00:00,False,False,never,,,1,1,,,,,0
blind_20260828_dev_0001130,0,normal,,normal_standard,1,2026-07-05 20:11:24+00:00,False,False,never,,,1,1,,,,,0
blind_20260828_dev_0001131,0,normal,,normal_standard,1,2026-07-22 11:44:35+00:00,False,False,never,,,1,1,,,,,0
blind_20260828_dev_0001132,0,normal,,normal_standard,1,2026-07-17 02:39:41+00:00,False,False,never,,,1,1,,,,,0
blind_20260828_dev_0001133,0,normal,,normal_standard,1,2026-07-03 07:44:31+00:00,False,False,never,,,1,1,,,,,0
blind_20260828_dev_0001134,0,normal,,normal_standard,3,2026-07-02 10:50:53+00:00,False,False,never,,,3,3,,,,,0
blind_20260828_dev_0001135,0,normal,,normal_standard,1,2026-07-17 02:58:34+00:00,False,False,never,,,1,1,,,,,0
blind_20260828_dev_0001136,0,normal,,normal_standard,1,2026-07-10 08:35:46+00:00,False,False,never,,,1,1,,,,,0
blind_20260828_dev_0001137,0,normal,,normal_standard,3,2026-07-14 16:52:35+00:00,False,False,never,,,3,3,,,,,0
blind_20260828_dev_0001138,0,normal,,normal_standard,1,2026-07-13 08:39:39+00:00,False,False,never,,,1,1,,,,,0
blind_20260828_dev_0001139,0,normal,,normal_standard,2,2026-07-19 05:25:21+00:00,False,False,never,,,2,2,,,,,0
blind_20260828_dev_0001140,0,normal,,normal_standard,1,2026-07-25 01:55:06+00:00,False,False,never,,,1,1,,,,,0
blind_20260828_dev_0001141,0,normal,,normal_standard,1,2026-07-18 11:57:37+00:00,False,False,never,,,1,1,,,,,0
blind_20260828_dev_0001142,0,normal,,normal_standard,4,2026-07-17 02:29:49+00:00,False,False,never,,,4,4,,,,,0
blind_20260828_dev_0001143,0,normal,,normal_standard,1,2026-07-08 07:08:06+00:00,False,False,never,,,1,1,,,,,0
blind_20260828_dev_0001144,0,normal,,normal_standard,3,2026-07-07 06:38:55+00:00,False,False,never,,,3,3,,,,,0
blind_20260828_dev_0001145,0,normal,,normal_standard,2,2026-07-16 03:29:09+00:00,False,False,never,,,2,2,,,,,0
blind_20260828_dev_0001146,0,normal,,normal_standard,2,2026-07-06 05:45:16+00:00,False,False,never,,,2,2,,,,,0
blind_20260828_dev_0001147,0,normal,,normal_standard,1,2026-07-08 07:32:50+00:00,False,False,never,,,1,1,,,,,0
blind_20260828_dev_0001148,0,normal,,normal_standard,1,2026-07-04 06:21:24+00:00,False,False,never,,,1,1,,,,,0
blind_20260828_dev_0001149,0,normal,,normal_standard,2,2026-07-14 17:34:57+00:00,False,False,never,,,2,2,,,,,0
blind_20260828_dev_0001150,0,normal,,normal_standard,1,2026-07-16 17:11:45+00:00,False,False,never,,,1,1,,,,,0
blind_20260828_dev_0001151,0,normal,,normal_standard,2,2026-07-15 23:45:18+00:00,False,False,never,,,2,2,,,,,0
blind_20260828_dev_0001152,0,normal,,normal_standard,1,2026-07-18 20:47:35+00:00,False,False,never,,,1,1,,,,,0
blind_20260828_dev_0001153,0,normal,,normal_standard,1,2026-07-12 09:56:46+00:00,False,False,never,,,1,1,,,,,0
blind_20260828_dev_0001154,0,normal,,normal_standard,1,2026-07-26 14:22:30+00:00,False,False,never,,,1,1,,,,,0
blind_20260828_dev_0001155,0,normal,,normal_standard,2,2026-07-30 23:54:33+00:00,False,False,never,,,2,2,,,,,0
blind_20260828_dev_0001156,0,normal,,normal_standard,1,2026-07-27 23:53:59+00:00,False,False,never,,,1,1,,,,,0
blind_20260828_dev_0001157,0,normal,,normal_standard,1,2026-07-19 02:01:59+00:00,False,False,never,,,1,1,,,,,0
blind_20260828_dev_0001158,0,normal,,normal_standard,1,2026-07-25 19:35:35+00:00,False,False,never,,,1,1,,,,,0
blind_20260828_dev_0001159,0,normal,,normal_standard,1,2026-07-25 15:36:21+00:00,False,False,never,,,1,1,,,,,0
blind_20260828_dev_0001160,0,normal,,normal_standard,1,2026-07-28 04:30:27+00:00,False,False,never,,,1,1,,,,,0
blind_20260828_dev_0001161,0,normal,,normal_standard,1,2026-07-28 01:09:28+00:00,False,False,never,,,1,1,,,,,0
blind_20260828_dev_0001162,0,normal,,normal_standard,2,2026-07-14 10:19:23+00:00,False,False,never,,,2,2,,,,,0
blind_20260828_dev_0001163,0,normal,,normal_standard,1,2026-07-18 15:55:39+00:00,False,False,never,,,1,1,,,,,0
blind_20260828_dev_0001164,0,normal,,normal_standard,1,2026-07-02 06:02:29+00:00,False,False,never,,,1,1,,,,,0
blind_20260828_dev_0001165,0,normal,,normal_standard,2,2026-07-18 02:54:24+00:00,False,False,never,,,2,2,,,,,0
blind_20260828_dev_0001166,0,normal,,normal_standard,1,2026-07-28 12:45:01+00:00,False,False,never,,,1,1,,,,,0
blind_20260828_dev_0001167,0,normal,,normal_standard,1,2026-07-26 14:26:49+00:00,False,False,never,,,1,1,,,,,0
blind_20260828_dev_0001168,0,normal,,normal_standard,1,2026-07-26 21:21:02+00:00,False,False,never,,,1,1,,,,,0
blind_20260828_dev_0001169,0,normal,,normal_standard,2,2026-07-21 05:52:49+00:00,False,False,never,,,2,2,,,,,0
blind_20260828_dev_0001170,0,normal,,normal_standard,2,2026-07-11 06:51:52+00:00,False,False,never,,,2,2,,,,,0
blind_20260828_dev_0001171,0,normal,,normal_standard,1,2026-07-06 19:05:26+00:00,False,False,never,,,1,1,,,,,0
blind_20260828_dev_0001172,0,normal,,normal_standard,1,2026-07-08 05:36:19+00:00,False,False,never,,,1,1,,,,,0
blind_20260828_dev_0001173,0,normal,,normal_standard,2,2026-07-20 12:08:14+00:00,False,False,never,,,2,2,,,,,0
blind_20260828_dev_0001174,0,normal,,normal_standard,1,2026-07-19 11:51:50+00:00,False,False,never,,,1,1,,,,,0
blind_20260828_dev_0001175,0,normal,,normal_standard,1,2026-07-16 16:47:55+00:00,False,False,never,,,1,1,,,,,0
blind_20260828_dev_0001176,0,normal,,normal_standard,2,2026-07-15 01:42:50+00:00,False,False,never,,,2,2,,,,,0
blind_20260828_dev_0001177,0,normal,,normal_standard,1,2026-07-25 06:37:59+00:00,False,False,never,,,1,1,,,,,0
blind_20260828_dev_0001178,0,normal,,normal_standard,2,2026-07-05 03:26:22+00:00,False,False,never,,,2,2,,,,,0
blind_20260828_dev_0001179,0,normal,,normal_standard,1,2026-07-02 02:38:07+00:00,False,False,never,,,1,1,,,,,0
blind_20260828_dev_0001180,0,normal,,normal_standard,3,2026-07-21 12:18:13+00:00,False,False,never,,,3,3,,,,,0
blind_20260828_dev_0001181,0,normal,,normal_standard,1,2026-07-11 22:54:43+00:00,False,False,never,,,1,1,,,,,0
blind_20260828_dev_0001182,0,normal,,normal_standard,2,2026-07-28 12:28:25+00:00,False,False,never,,,2,2,,,,,0
blind_20260828_dev_0001183,0,normal,,normal_standard,1,2026-07-09 14:53:50+00:00,False,False,never,,,1,1,,,,,0
blind_20260828_dev_0001184,0,normal,,normal_standard,1,2026-07-25 01:25:37+00:00,False,False,never,,,1,1,,,,,0
blind_20260828_dev_0001185,0,normal,,normal_standard,1,2026-07-30 16:17:47+00:00,False,False,never,,,1,1,,,,,0
blind_20260828_dev_0001186,0,normal,,normal_standard,1,2026-07-05 01:33:38+00:00,False,False,never,,,1,1,,,,,0
blind_20260828_dev_0001187,0,normal,,normal_standard,1,2026-07-13 13:28:33+00:00,False,False,never,,,1,1,,,,,0
blind_20260828_dev_0001188,0,normal,,normal_standard,1,2026-07-30 19:00:18+00:00,False,False,never,,,1,1,,,,,0
blind_20260828_dev_0001189,0,normal,,normal_standard,2,2026-07-08 16:52:50+00:00,False,False,never,,,2,2,,,,,0
blind_20260828_dev_0001190,0,normal,,normal_standard,1,2026-07-10 11:45:50+00:00,False,False,never,,,1,1,,,,,0
blind_20260828_dev_0001191,0,normal,,normal_standard,1,2026-07-28 05:36:50+00:00,False,False,never,,,1,1,,,,,0
blind_20260828_dev_0001192,0,normal,,normal_standard,1,2026-07-12 01:18:16+00:00,False,False,never,,,1,1,,,,,0
blind_20260828_dev_0001193,0,normal,,normal_standard,1,2026-07-05 09:37:19+00:00,False,False,never,,,1,1,,,,,0
blind_20260828_dev_0001194,0,normal,,normal_standard,1,2026-07-09 01:38:22+00:00,False,False,never,,,1,1,,,,,0
blind_20260828_dev_0001195,0,normal,,normal_standard,1,2026-07-01 08:51:10+00:00,False,False,never,,,1,1,,,,,0
blind_20260828_dev_0001196,0,normal,,normal_standard,1,2026-07-21 06:23:38+00:00,False,False,never,,,1,1,,,,,0
blind_20260828_dev_0001197,0,normal,,normal_standard,1,2026-07-29 09:24:27+00:00,False,False,never,,,1,1,,,,,0
blind_20260828_dev_0001198,0,normal,,normal_standard,2,2026-07-02 14:05:27+00:00,False,False,never,,,2,2,,,,,0
blind_20260828_dev_0001199,0,normal,,normal_standard,1,2026-07-27 10:52:27+00:00,False,False,never,,,1,1,,,,,0
blind_20260828_dev_0001200,0,normal,,normal_standard,1,2026-07-14 15:29:19+00:00,False,False,never,,,1,1,,,,,0
blind_20260828_dev_0001201,0,normal,,normal_bad_luck,3,2026-07-15 09:26:21+00:00,False,False,never,,,3,3,,,,,0
blind_20260828_dev_0001202,0,normal,,normal_bad_luck,6,2026-07-09 00:49:03+00:00,False,False,never,,,6,6,,,,,0
blind_20260828_dev_0001203,0,normal,,normal_bad_luck,3,2026-07-26 07:52:03+00:00,False,False,never,,,3,3,,,,,0
blind_20260828_dev_0001204,0,normal,,normal_bad_luck,3,2026-07-16 07:12:47+00:00,False,False,never,,,3,3,,,,,0
blind_20260828_dev_0001205,0,normal,,normal_bad_luck,9,2026-07-13 16:50:07+00:00,False,False,never,,,9,9,,,,,0
blind_20260828_dev_0001206,0,normal,,normal_bad_luck,3,2026-07-15 03:11:46+00:00,False,False,never,,,3,3,,,,,0
blind_20260828_dev_0001207,0,normal,,normal_bad_luck,6,2026-07-12 10:47:08+00:00,False,False,never,,,6,6,,,,,0
blind_20260828_dev_0001208,0,normal,,normal_bad_luck,3,2026-07-10 11:19:15+00:00,False,False,never,,,3,3,,,,,0
blind_20260828_dev_0001209,0,normal,,normal_bad_luck,4,2026-07-25 15:31:45+00:00,False,False,never,,,4,4,,,,,0
blind_20260828_dev_0001210,0,normal,,normal_bad_luck,3,2026-07-04 19:32:31+00:00,False,False,never,,,3,3,,,,,0
blind_20260828_dev_0001211,0,normal,,normal_bad_luck,3,2026-07-08 07:53:03+00:00,False,False,never,,,3,3,,,,,0
blind_20260828_dev_0001212,0,normal,,normal_bad_luck,3,2026-07-14 02:44:39+00:00,False,False,never,,,3,3,,,,,0
blind_20260828_dev_0001213,0,normal,,normal_bad_luck,3,2026-07-30 17:00:33+00:00,False,False,never,,,3,3,,,,,0
blind_20260828_dev_0001214,0,normal,,normal_bad_luck,9,2026-07-05 05:53:06+00:00,False,False,never,,,9,9,,,,,0
blind_20260828_dev_0001215,0,normal,,normal_bad_luck,6,2026-07-14 06:21:27+00:00,False,False,never,,,6,6,,,,,0
blind_20260828_dev_0001216,0,normal,,normal_bad_luck,3,2026-07-26 19:45:41+00:00,False,False,never,,,3,3,,,,,0
blind_20260828_dev_0001217,0,normal,,normal_bad_luck,3,2026-07-12 14:35:04+00:00,False,False,never,,,3,3,,,,,0
blind_20260828_dev_0001218,0,normal,,normal_bad_luck,3,2026-07-30 09:08:36+00:00,False,False,never,,,3,3,,,,,0
blind_20260828_dev_0001219,0,normal,,normal_bad_luck,3,2026-07-06 05:53:37+00:00,False,False,never,,,3,3,,,,,0
blind_20260828_dev_0001220,0,normal,,normal_bad_luck,4,2026-07-27 17:59:12+00:00,False,False,never,,,4,4,,,,,0
blind_20260828_dev_0001221,0,normal,,normal_bad_luck,4,2026-07-22 08:15:28+00:00,False,False,never,,,4,4,,,,,0
blind_20260828_dev_0001222,0,normal,,normal_bad_luck,3,2026-07-09 19:59:32+00:00,False,False,never,,,3,3,,,,,0
blind_20260828_dev_0001223,0,normal,,normal_bad_luck,6,2026-07-28 11:43:26+00:00,False,False,never,,,6,6,,,,,0
blind_20260828_dev_0001224,0,normal,,normal_bad_luck,4,2026-07-07 20:09:40+00:00,False,False,never,,,4,4,,,,,0
blind_20260828_dev_0001225,0,normal,,normal_bad_luck,3,2026-07-26 20:33:57+00:00,False,False,never,,,3,3,,,,,0
blind_20260828_dev_0001226,0,normal,,normal_bad_luck,9,2026-07-25 13:00:29+00:00,True,False,review,9,,9,8,3,2,172728,,0
blind_20260828_dev_0001227,0,normal,,normal_bad_luck,4,2026-07-30 18:32:43+00:00,False,False,never,,,4,4,,,,,0
blind_20260828_dev_0001228,0,normal,,normal_bad_luck,6,2026-07-25 18:35:39+00:00,False,False,never,,,6,6,,,,,0
blind_20260828_dev_0001229,0,normal,,normal_bad_luck,3,2026-07-15 06:13:07+00:00,False,False,never,,,3,3,,,,,0
blind_20260828_dev_0001230,0,normal,,normal_bad_luck,3,2026-07-13 11:39:38+00:00,False,False,never,,,3,3,,,,,0
blind_20260828_dev_0001231,0,normal,,normal_bad_luck,3,2026-07-03 08:01:23+00:00,False,False,never,,,3,3,,,,,0
blind_20260828_dev_0001232,0,normal,,normal_bad_luck,3,2026-07-22 10:43:23+00:00,False,False,never,,,3,3,,,,,0
blind_20260828_dev_0001233,0,normal,,normal_bad_luck,3,2026-07-07 00:41:05+00:00,False,False,never,,,3,3,,,,,0
blind_20260828_dev_0001234,0,normal,,normal_bad_luck,3,2026-07-28 16:22:44+00:00,False,False,never,,,3,3,,,,,0
blind_20260828_dev_0001235,0,normal,,normal_bad_luck,3,2026-07-09 01:19:25+00:00,False,False,never,,,3,3,,,,,0
blind_20260828_dev_0001236,0,normal,,normal_bad_luck,3,2026-07-02 03:54:24+00:00,False,False,never,,,3,3,,,,,0
blind_20260828_dev_0001237,0,normal,,normal_bad_luck,3,2026-07-14 15:00:11+00:00,False,False,never,,,3,3,,,,,0
blind_20260828_dev_0001238,0,normal,,normal_bad_luck,3,2026-07-08 13:04:37+00:00,False,False,never,,,3,3,,,,,0
blind_20260828_dev_0001239,0,normal,,normal_bad_luck,3,2026-07-21 01:59:35+00:00,False,False,never,,,3,3,,,,,0
blind_20260828_dev_0001240,0,normal,,normal_bad_luck,4,2026-07-25 08:14:25+00:00,False,False,never,,,4,4,,,,,0
blind_20260828_dev_0001241,0,normal,,normal_bad_luck,3,2026-07-02 15:28:25+00:00,False,False,never,,,3,3,,,,,0
blind_20260828_dev_0001242,0,normal,,normal_bad_luck,3,2026-07-17 12:05:02+00:00,False,False,never,,,3,3,,,,,0
blind_20260828_dev_0001243,0,normal,,normal_bad_luck,3,2026-07-20 03:37:31+00:00,False,False,never,,,3,3,,,,,0
blind_20260828_dev_0001244,0,normal,,normal_bad_luck,3,2026-07-11 07:56:09+00:00,False,False,never,,,3,3,,,,,0
blind_20260828_dev_0001245,0,normal,,normal_bad_luck,3,2026-07-26 08:52:52+00:00,False,False,never,,,3,3,,,,,0
blind_20260828_dev_0001246,0,normal,,normal_bad_luck,4,2026-07-05 13:53:21+00:00,False,False,never,,,4,4,,,,,0
blind_20260828_dev_0001247,0,normal,,normal_bad_luck,3,2026-07-02 00:05:32+00:00,False,False,never,,,3,3,,,,,0
blind_20260828_dev_0001248,0,normal,,normal_bad_luck,3,2026-07-12 21:12:06+00:00,False,False,never,,,3,3,,,,,0
blind_20260828_dev_0001249,0,normal,,normal_bad_luck,3,2026-07-29 18:59:03+00:00,False,False,never,,,3,3,,,,,0
blind_20260828_dev_0001250,0,normal,,normal_bad_luck,3,2026-07-06 15:03:38+00:00,False,False,never,,,3,3,,,,,0
blind_20260828_dev_0001251,0,normal,,normal_bad_luck,3,2026-07-10 01:29:02+00:00,False,False,never,,,3,3,,,,,0
blind_20260828_dev_0001252,0,normal,,normal_bad_luck,4,2026-07-29 09:16:38+00:00,False,False,never,,,4,4,,,,,0
blind_20260828_dev_0001253,0,normal,,normal_bad_luck,3,2026-07-29 21:46:02+00:00,False,False,never,,,3,3,,,,,0
blind_20260828_dev_0001254,0,normal,,normal_bad_luck,3,2026-07-09 12:17:45+00:00,False,False,never,,,3,3,,,,,0
blind_20260828_dev_0001255,0,normal,,normal_bad_luck,3,2026-07-06 00:35:03+00:00,False,False,never,,,3,3,,,,,0
blind_20260828_dev_0001256,0,normal,,normal_bad_luck,3,2026-07-02 16:58:03+00:00,False,False,never,,,3,3,,,,,0
blind_20260828_dev_0001257,0,normal,,normal_bad_luck,3,2026-07-30 12:49:07+00:00,False,False,never,,,3,3,,,,,0
blind_20260828_dev_0001258,0,normal,,normal_bad_luck,3,2026-07-17 20:03:26+00:00,False,False,never,,,3,3,,,,,0
blind_20260828_dev_0001259,0,normal,,normal_bad_luck,9,2026-07-30 12:00:02+00:00,False,False,never,,,9,9,,,,,0
blind_20260828_dev_0001260,0,normal,,normal_bad_luck,3,2026-07-20 16:49:08+00:00,False,False,never,,,3,3,,,,,0
blind_20260828_dev_0001261,0,normal,,normal_bad_luck,3,2026-07-06 10:40:15+00:00,False,False,never,,,3,3,,,,,0
blind_20260828_dev_0001262,0,normal,,normal_bad_luck,3,2026-07-17 05:44:21+00:00,False,False,never,,,3,3,,,,,0
blind_20260828_dev_0001263,0,normal,,normal_bad_luck,3,2026-07-24 10:37:28+00:00,False,False,never,,,3,3,,,,,0
blind_20260828_dev_0001264,0,normal,,normal_bad_luck,3,2026-07-26 15:28:47+00:00,False,False,never,,,3,3,,,,,0
blind_20260828_dev_0001265,0,normal,,normal_bad_luck,3,2026-07-09 03:20:18+00:00,False,False,never,,,3,3,,,,,0
blind_20260828_dev_0001266,0,normal,,normal_bad_luck,3,2026-07-25 23:35:05+00:00,False,False,never,,,3,3,,,,,0
blind_20260828_dev_0001267,0,normal,,normal_bad_luck,3,2026-07-06 10:34:38+00:00,False,False,never,,,3,3,,,,,0
blind_20260828_dev_0001268,0,normal,,normal_bad_luck,3,2026-07-09 11:15:32+00:00,False,False,never,,,3,3,,,,,0
blind_20260828_dev_0001269,0,normal,,normal_bad_luck,6,2026-07-23 01:16:07+00:00,False,False,never,,,6,6,,,,,0
blind_20260828_dev_0001270,0,normal,,normal_bad_luck,3,2026-07-14 08:52:25+00:00,False,False,never,,,3,3,,,,,0
blind_20260828_dev_0001271,0,normal,,normal_bad_luck,3,2026-07-27 20:15:09+00:00,False,False,never,,,3,3,,,,,0
blind_20260828_dev_0001272,0,normal,,normal_bad_luck,3,2026-07-12 02:59:04+00:00,False,False,never,,,3,3,,,,,0
blind_20260828_dev_0001273,0,normal,,normal_bad_luck,3,2026-07-07 16:15:30+00:00,False,False,never,,,3,3,,,,,0
blind_20260828_dev_0001274,0,normal,,normal_bad_luck,3,2026-07-21 08:04:25+00:00,False,False,never,,,3,3,,,,,0
blind_20260828_dev_0001275,0,normal,,normal_bad_luck,3,2026-07-18 15:23:38+00:00,False,False,never,,,3,3,,,,,0
blind_20260828_dev_0001276,0,normal,,normal_bad_luck,3,2026-07-02 02:55:13+00:00,False,False,never,,,3,3,,,,,0
blind_20260828_dev_0001277,0,normal,,normal_bad_luck,3,2026-07-23 01:50:19+00:00,False,False,never,,,3,3,,,,,0
blind_20260828_dev_0001278,0,normal,,normal_bad_luck,6,2026-07-03 06:29:15+00:00,False,False,never,,,6,6,,,,,0
blind_20260828_dev_0001279,0,normal,,normal_bad_luck,3,2026-07-27 19:18:29+00:00,False,False,never,,,3,3,,,,,0
blind_20260828_dev_0001280,0,normal,,normal_bad_luck,3,2026-07-09 02:39:28+00:00,False,False,never,,,3,3,,,,,0
blind_20260828_dev_0001281,0,normal,,normal_bad_luck,3,2026-07-05 13:51:26+00:00,False,False,never,,,3,3,,,,,0
blind_20260828_dev_0001282,0,normal,,normal_bad_luck,3,2026-07-02 04:28:55+00:00,False,False,never,,,3,3,,,,,0
blind_20260828_dev_0001283,0,normal,,normal_bad_luck,3,2026-07-03 14:16:46+00:00,False,False,never,,,3,3,,,,,0
blind_20260828_dev_0001284,0,normal,,normal_bad_luck,3,2026-07-09 17:01:03+00:00,False,False,never,,,3,3,,,,,0
blind_20260828_dev_0001285,0,normal,,normal_bad_luck,3,2026-07-12 03:37:54+00:00,False,False,never,,,3,3,,,,,0
blind_20260828_dev_0001286,0,normal,,normal_bad_luck,3,2026-07-08 06:55:38+00:00,False,False,never,,,3,3,,,,,0
blind_20260828_dev_0001287,0,normal,,normal_bad_luck,3,2026-07-29 02:57:23+00:00,False,False,never,,,3,3,,,,,0
blind_20260828_dev_0001288,0,normal,,normal_bad_luck,3,2026-07-04 05:48:04+00:00,False,False,never,,,3,3,,,,,0
blind_20260828_dev_0001289,0,normal,,normal_bad_luck,3,2026-07-26 03:03:26+00:00,False,False,never,,,3,3,,,,,0
blind_20260828_dev_0001290,0,normal,,normal_bad_luck,3,2026-07-08 19:04:59+00:00,False,False,never,,,3,3,,,,,0
blind_20260828_dev_0001291,0,normal,,normal_bad_luck,3,2026-07-23 11:51:43+00:00,False,False,never,,,3,3,,,,,0
blind_20260828_dev_0001292,0,normal,,normal_bad_luck,3,2026-07-07 06:12:41+00:00,False,False,never,,,3,3,,,,,0
blind_20260828_dev_0001293,0,normal,,normal_bad_luck,3,2026-07-12 15:34:47+00:00,False,False,never,,,3,3,,,,,0
blind_20260828_dev_0001294,0,normal,,normal_bad_luck,4,2026-07-13 01:25:03+00:00,False,False,never,,,4,4,,,,,0
blind_20260828_dev_0001295,0,normal,,normal_bad_luck,3,2026-07-26 21:45:28+00:00,False,False,never,,,3,3,,,,,0
blind_20260828_dev_0001296,0,normal,,normal_bad_luck,3,2026-07-11 14:54:03+00:00,False,False,never,,,3,3,,,,,0
blind_20260828_dev_0001297,0,normal,,normal_bad_luck,3,2026-07-17 13:27:40+00:00,False,False,never,,,3,3,,,,,0
blind_20260828_dev_0001298,0,normal,,normal_bad_luck,3,2026-07-25 10:19:06+00:00,False,False,never,,,3,3,,,,,0
blind_20260828_dev_0001299,0,normal,,normal_bad_luck,7,2026-07-14 11:57:19+00:00,True,False,review,7,,7,6,3,2,172861,,0
blind_20260828_dev_0001300,0,normal,,normal_bad_luck,7,2026-07-12 10:12:31+00:00,False,False,never,,,7,7,,,,,0
blind_20260828_dev_0001301,0,flash_sale,,flash_standard,2,2026-07-15 02:10:58+00:00,False,False,never,,,2,2,,,,,0
blind_20260828_dev_0001302,0,flash_sale,,flash_standard,2,2026-07-27 17:00:55+00:00,False,False,never,,,2,2,,,,,0
blind_20260828_dev_0001303,0,flash_sale,,flash_standard,1,2026-07-28 05:28:06+00:00,False,False,never,,,1,1,,,,,0
blind_20260828_dev_0001304,0,flash_sale,,flash_standard,1,2026-07-26 04:56:06+00:00,False,False,never,,,1,1,,,,,0
blind_20260828_dev_0001305,0,flash_sale,,flash_standard,2,2026-07-15 09:25:48+00:00,False,False,never,,,2,2,,,,,0
blind_20260828_dev_0001306,0,flash_sale,,flash_standard,1,2026-07-15 20:02:35+00:00,False,False,never,,,1,1,,,,,0
blind_20260828_dev_0001307,0,flash_sale,,flash_standard,2,2026-07-30 16:55:55+00:00,False,False,never,,,2,2,,,,,0
blind_20260828_dev_0001308,0,flash_sale,,flash_standard,3,2026-07-28 23:48:30+00:00,False,False,never,,,3,3,,,,,0
blind_20260828_dev_0001309,0,flash_sale,,flash_standard,1,2026-07-25 00:36:14+00:00,False,False,never,,,1,1,,,,,0
blind_20260828_dev_0001310,0,flash_sale,,flash_standard,1,2026-07-19 23:11:44+00:00,False,False,never,,,1,1,,,,,0
blind_20260828_dev_0001311,0,flash_sale,,flash_standard,1,2026-07-27 00:37:42+00:00,False,False,never,,,1,1,,,,,0
blind_20260828_dev_0001312,0,flash_sale,,flash_standard,1,2026-07-08 03:01:40+00:00,False,False,never,,,1,1,,,,,0
blind_20260828_dev_0001313,0,flash_sale,,flash_standard,1,2026-07-28 14:15:23+00:00,False,False,never,,,1,1,,,,,0
blind_20260828_dev_0001314,0,flash_sale,,flash_standard,1,2026-07-06 04:52:22+00:00,False,False,never,,,1,1,,,,,0
blind_20260828_dev_0001315,0,flash_sale,,flash_standard,1,2026-07-02 19:20:35+00:00,False,False,never,,,1,1,,,,,0
blind_20260828_dev_0001316,0,flash_sale,,flash_standard,1,2026-07-24 11:31:26+00:00,False,False,never,,,1,1,,,,,0
blind_20260828_dev_0001317,0,flash_sale,,flash_standard,1,2026-07-02 12:46:41+00:00,False,False,never,,,1,1,,,,,0
blind_20260828_dev_0001318,0,flash_sale,,flash_standard,1,2026-07-23 07:33:01+00:00,False,False,never,,,1,1,,,,,0
blind_20260828_dev_0001319,0,flash_sale,,flash_standard,1,2026-07-28 04:41:51+00:00,False,False,never,,,1,1,,,,,0
blind_20260828_dev_0001320,0,flash_sale,,flash_standard,2,2026-07-12 20:06:37+00:00,False,False,never,,,2,2,,,,,0
blind_20260828_dev_0001321,0,flash_sale,,flash_standard,1,2026-07-02 18:27:52+00:00,False,False,never,,,1,1,,,,,0
blind_20260828_dev_0001322,0,flash_sale,,flash_standard,1,2026-07-17 13:55:29+00:00,False,False,never,,,1,1,,,,,0
blind_20260828_dev_0001323,0,flash_sale,,flash_standard,1,2026-07-10 03:14:47+00:00,False,False,never,,,1,1,,,,,0
blind_20260828_dev_0001324,0,flash_sale,,flash_standard,1,2026-07-20 20:09:39+00:00,False,False,never,,,1,1,,,,,0
blind_20260828_dev_0001325,0,flash_sale,,flash_standard,3,2026-07-26 05:07:59+00:00,False,False,never,,,3,3,,,,,0
blind_20260828_dev_0001326,0,flash_sale,,flash_standard,1,2026-07-18 09:43:03+00:00,False,False,never,,,1,1,,,,,0
blind_20260828_dev_0001327,0,flash_sale,,flash_standard,1,2026-07-14 15:42:18+00:00,False,False,never,,,1,1,,,,,0
blind_20260828_dev_0001328,0,flash_sale,,flash_standard,1,2026-07-02 13:46:53+00:00,False,False,never,,,1,1,,,,,0
blind_20260828_dev_0001329,0,flash_sale,,flash_standard,1,2026-07-15 14:18:45+00:00,False,False,never,,,1,1,,,,,0
blind_20260828_dev_0001330,0,flash_sale,,flash_standard,1,2026-07-09 01:28:25+00:00,False,False,never,,,1,1,,,,,0
blind_20260828_dev_0001331,0,flash_sale,,flash_standard,1,2026-07-16 18:43:48+00:00,False,False,never,,,1,1,,,,,0
blind_20260828_dev_0001332,0,flash_sale,,flash_standard,2,2026-07-07 05:16:50+00:00,False,False,never,,,2,2,,,,,0
blind_20260828_dev_0001333,0,flash_sale,,flash_standard,1,2026-07-12 16:05:45+00:00,False,False,never,,,1,1,,,,,0
blind_20260828_dev_0001334,0,flash_sale,,flash_standard,1,2026-07-26 10:00:15+00:00,False,False,never,,,1,1,,,,,0
blind_20260828_dev_0001335,0,flash_sale,,flash_standard,3,2026-07-10 02:11:45+00:00,False,False,never,,,3,3,,,,,0
blind_20260828_dev_0001336,0,flash_sale,,flash_standard,1,2026-07-10 18:01:30+00:00,False,False,never,,,1,1,,,,,0
blind_20260828_dev_0001337,0,flash_sale,,flash_standard,1,2026-07-04 00:15:30+00:00,False,False,never,,,1,1,,,,,0
blind_20260828_dev_0001338,0,flash_sale,,flash_standard,1,2026-07-24 07:11:18+00:00,False,False,never,,,1,1,,,,,0
blind_20260828_dev_0001339,0,flash_sale,,flash_standard,2,2026-07-25 17:30:28+00:00,False,False,never,,,2,2,,,,,0
blind_20260828_dev_0001340,0,flash_sale,,flash_standard,1,2026-07-28 17:51:20+00:00,False,False,never,,,1,1,,,,,0
blind_20260828_dev_0001341,0,flash_sale,,flash_standard,1,2026-07-23 09:52:13+00:00,False,False,never,,,1,1,,,,,0
blind_20260828_dev_0001342,0,flash_sale,,flash_standard,1,2026-07-29 15:18:21+00:00,False,False,never,,,1,1,,,,,0
blind_20260828_dev_0001343,0,flash_sale,,flash_standard,1,2026-07-10 00:28:25+00:00,False,False,never,,,1,1,,,,,0
blind_20260828_dev_0001344,0,flash_sale,,flash_standard,1,2026-07-17 17:30:29+00:00,False,False,never,,,1,1,,,,,0
blind_20260828_dev_0001345,0,flash_sale,,flash_standard,2,2026-07-20 20:14:49+00:00,False,False,never,,,2,2,,,,,0
blind_20260828_dev_0001346,0,flash_sale,,flash_standard,1,2026-07-04 16:57:30+00:00,False,False,never,,,1,1,,,,,0
blind_20260828_dev_0001347,0,flash_sale,,flash_standard,1,2026-07-18 17:06:34+00:00,False,False,never,,,1,1,,,,,0
blind_20260828_dev_0001348,0,flash_sale,,flash_standard,1,2026-07-02 00:20:29+00:00,False,False,never,,,1,1,,,,,0
blind_20260828_dev_0001349,0,flash_sale,,flash_standard,2,2026-07-30 06:52:50+00:00,False,False,never,,,2,2,,,,,0
blind_20260828_dev_0001350,0,flash_sale,,flash_standard,3,2026-07-30 07:56:42+00:00,False,False,never,,,3,3,,,,,0
blind_20260828_dev_0001351,0,flash_sale,,flash_standard,1,2026-07-18 00:07:43+00:00,False,False,never,,,1,1,,,,,0
blind_20260828_dev_0001352,0,flash_sale,,flash_standard,1,2026-07-16 06:33:09+00:00,False,False,never,,,1,1,,,,,0
blind_20260828_dev_0001353,0,flash_sale,,flash_standard,2,2026-07-09 10:41:39+00:00,False,False,never,,,2,2,,,,,0
blind_20260828_dev_0001354,0,flash_sale,,flash_standard,1,2026-07-29 17:01:51+00:00,False,False,never,,,1,1,,,,,0
blind_20260828_dev_0001355,0,flash_sale,,flash_standard,1,2026-07-01 19:46:46+00:00,False,False,never,,,1,1,,,,,0
blind_20260828_dev_0001356,0,flash_sale,,flash_standard,1,2026-07-28 10:47:47+00:00,False,False,never,,,1,1,,,,,0
blind_20260828_dev_0001357,0,flash_sale,,flash_standard,2,2026-07-07 09:19:18+00:00,False,False,never,,,2,2,,,,,0
blind_20260828_dev_0001358,0,flash_sale,,flash_standard,1,2026-07-18 21:54:49+00:00,False,False,never,,,1,1,,,,,0
blind_20260828_dev_0001359,0,flash_sale,,flash_standard,1,2026-07-12 15:51:30+00:00,False,False,never,,,1,1,,,,,0
blind_20260828_dev_0001360,0,flash_sale,,flash_standard,1,2026-07-04 18:05:47+00:00,False,False,never,,,1,1,,,,,0
blind_20260828_dev_0001361,0,flash_sale,,flash_standard,1,2026-07-06 19:34:36+00:00,False,False,never,,,1,1,,,,,0
blind_20260828_dev_0001362,0,flash_sale,,flash_standard,2,2026-07-25 05:22:17+00:00,False,False,never,,,2,2,,,,,0
blind_20260828_dev_0001363,0,flash_sale,,flash_standard,1,2026-07-06 19:23:31+00:00,False,False,never,,,1,1,,,,,0
blind_20260828_dev_0001364,0,flash_sale,,flash_standard,1,2026-07-19 01:14:44+00:00,False,False,never,,,1,1,,,,,0
blind_20260828_dev_0001365,0,flash_sale,,flash_standard,2,2026-07-12 00:57:12+00:00,False,False,never,,,2,2,,,,,0
blind_20260828_dev_0001366,0,flash_sale,,flash_standard,1,2026-07-25 17:46:29+00:00,False,False,never,,,1,1,,,,,0
blind_20260828_dev_0001367,0,flash_sale,,flash_standard,1,2026-07-25 07:47:30+00:00,False,False,never,,,1,1,,,,,0
blind_20260828_dev_0001368,0,flash_sale,,flash_standard,1,2026-07-23 17:47:09+00:00,False,False,never,,,1,1,,,,,0
blind_20260828_dev_0001369,0,flash_sale,,flash_standard,1,2026-07-23 23:18:30+00:00,False,False,never,,,1,1,,,,,0
blind_20260828_dev_0001370,0,flash_sale,,flash_standard,3,2026-07-26 06:14:39+00:00,False,False,never,,,3,3,,,,,0
blind_20260828_dev_0001371,0,flash_sale,,flash_standard,1,2026-07-28 02:06:22+00:00,False,False,never,,,1,1,,,,,0
blind_20260828_dev_0001372,0,flash_sale,,flash_standard,2,2026-07-15 14:53:37+00:00,False,False,never,,,2,2,,,,,0
blind_20260828_dev_0001373,0,flash_sale,,flash_standard,1,2026-07-13 11:45:29+00:00,False,False,never,,,1,1,,,,,0
blind_20260828_dev_0001374,0,flash_sale,,flash_standard,1,2026-07-20 11:14:16+00:00,False,False,never,,,1,1,,,,,0
blind_20260828_dev_0001375,0,flash_sale,,flash_standard,1,2026-07-01 03:56:46+00:00,False,False,never,,,1,1,,,,,0
blind_20260828_dev_0001376,0,flash_sale,,flash_standard,2,2026-07-30 00:11:04+00:00,False,False,never,,,2,2,,,,,0
blind_20260828_dev_0001377,0,flash_sale,,flash_standard,1,2026-07-09 19:16:34+00:00,False,False,never,,,1,1,,,,,0
blind_20260828_dev_0001378,0,flash_sale,,flash_standard,1,2026-07-24 15:40:26+00:00,False,False,never,,,1,1,,,,,0
blind_20260828_dev_0001379,0,flash_sale,,flash_standard,1,2026-07-05 11:05:12+00:00,False,False,never,,,1,1,,,,,0
blind_20260828_dev_0001380,0,flash_sale,,flash_standard,2,2026-07-11 02:59:46+00:00,False,False,never,,,2,2,,,,,0
blind_20260828_dev_0001381,0,flash_sale,,flash_standard,1,2026-07-17 06:28:13+00:00,False,False,never,,,1,1,,,,,0
blind_20260828_dev_0001382,0,flash_sale,,flash_standard,2,2026-07-27 17:12:58+00:00,False,False,never,,,2,2,,,,,0
blind_20260828_dev_0001383,0,flash_sale,,flash_standard,2,2026-07-09 16:15:44+00:00,False,False,never,,,2,2,,,,,0
blind_20260828_dev_0001384,0,flash_sale,,flash_standard,1,2026-07-25 04:15:58+00:00,False,False,never,,,1,1,,,,,0
blind_20260828_dev_0001385,0,flash_sale,,flash_standard,1,2026-07-15 03:09:21+00:00,False,False,never,,,1,1,,,,,0
blind_20260828_dev_0001386,0,flash_sale,,flash_standard,1,2026-07-10 21:18:43+00:00,False,False,never,,,1,1,,,,,0
blind_20260828_dev_0001387,0,flash_sale,,flash_standard,2,2026-07-03 18:26:41+00:00,False,False,never,,,2,2,,,,,0
blind_20260828_dev_0001388,0,flash_sale,,flash_standard,1,2026-07-24 08:16:24+00:00,False,False,never,,,1,1,,,,,0
blind_20260828_dev_0001389,0,flash_sale,,flash_standard,1,2026-07-26 09:18:10+00:00,False,False,never,,,1,1,,,,,0
blind_20260828_dev_0001390,0,flash_sale,,flash_standard,1,2026-07-26 16:13:27+00:00,False,False,never,,,1,1,,,,,0
blind_20260828_dev_0001391,0,flash_sale,,flash_standard,2,2026-07-07 08:51:46+00:00,False,False,never,,,2,2,,,,,0
blind_20260828_dev_0001392,0,flash_sale,,flash_standard,1,2026-07-03 07:21:32+00:00,False,False,never,,,1,1,,,,,0
blind_20260828_dev_0001393,0,flash_sale,,flash_standard,2,2026-07-04 19:33:06+00:00,False,False,never,,,2,2,,,,,0
blind_20260828_dev_0001394,0,flash_sale,,flash_standard,1,2026-07-04 22:39:55+00:00,False,False,never,,,1,1,,,,,0
blind_20260828_dev_0001395,0,flash_sale,,flash_standard,1,2026-07-05 10:29:52+00:00,False,False,never,,,1,1,,,,,0
blind_20260828_dev_0001396,0,flash_sale,,flash_standard,1,2026-07-26 14:19:37+00:00,False,False,never,,,1,1,,,,,0
blind_20260828_dev_0001397,0,flash_sale,,flash_standard,1,2026-07-12 01:06:44+00:00,False,False,never,,,1,1,,,,,0
blind_20260828_dev_0001398,0,flash_sale,,flash_standard,1,2026-07-23 19:05:38+00:00,False,False,never,,,1,1,,,,,0
blind_20260828_dev_0001399,0,flash_sale,,flash_standard,1,2026-07-11 10:53:39+00:00,False,False,never,,,1,1,,,,,0
blind_20260828_dev_0001400,0,flash_sale,,flash_standard,1,2026-07-18 21:19:19+00:00,False,False,never,,,1,1,,,,,0
blind_20260828_dev_0001401,0,flash_sale,,flash_standard,1,2026-07-11 21:51:56+00:00,False,False,never,,,1,1,,,,,0
blind_20260828_dev_0001402,0,flash_sale,,flash_standard,1,2026-07-26 20:29:54+00:00,False,False,never,,,1,1,,,,,0
blind_20260828_dev_0001403,0,flash_sale,,flash_standard,1,2026-07-09 13:15:18+00:00,False,False,never,,,1,1,,,,,0
blind_20260828_dev_0001404,0,flash_sale,,flash_standard,1,2026-07-06 06:50:47+00:00,False,False,never,,,1,1,,,,,0
blind_20260828_dev_0001405,0,flash_sale,,flash_standard,1,2026-07-29 19:09:52+00:00,False,False,never,,,1,1,,,,,0
blind_20260828_dev_0001406,0,flash_sale,,flash_standard,3,2026-07-07 00:28:23+00:00,False,False,never,,,3,3,,,,,0
blind_20260828_dev_0001407,0,flash_sale,,flash_standard,1,2026-07-17 22:20:40+00:00,False,False,never,,,1,1,,,,,0
blind_20260828_dev_0001408,0,flash_sale,,flash_standard,1,2026-07-20 19:51:27+00:00,False,False,never,,,1,1,,,,,0
blind_20260828_dev_0001409,0,flash_sale,,flash_standard,1,2026-07-16 19:25:14+00:00,False,False,never,,,1,1,,,,,0
blind_20260828_dev_0001410,0,flash_sale,,flash_standard,1,2026-07-28 02:32:34+00:00,False,False,never,,,1,1,,,,,0
blind_20260828_dev_0001411,0,flash_sale,,flash_standard,1,2026-07-10 13:29:29+00:00,False,False,never,,,1,1,,,,,0
blind_20260828_dev_0001412,0,flash_sale,,flash_standard,1,2026-07-12 17:58:03+00:00,False,False,never,,,1,1,,,,,0
blind_20260828_dev_0001413,0,flash_sale,,flash_standard,1,2026-07-30 13:16:58+00:00,False,False,never,,,1,1,,,,,0
blind_20260828_dev_0001414,0,flash_sale,,flash_standard,1,2026-07-14 17:32:42+00:00,False,False,never,,,1,1,,,,,0
blind_20260828_dev_0001415,0,flash_sale,,flash_standard,1,2026-07-19 19:04:30+00:00,False,False,never,,,1,1,,,,,0
blind_20260828_dev_0001416,0,flash_sale,,flash_standard,1,2026-07-06 02:25:34+00:00,False,False,never,,,1,1,,,,,0
blind_20260828_dev_0001417,0,flash_sale,,flash_standard,1,2026-07-18 16:36:24+00:00,False,False,never,,,1,1,,,,,0
blind_20260828_dev_0001418,0,flash_sale,,flash_standard,1,2026-07-05 11:35:35+00:00,False,False,never,,,1,1,,,,,0
blind_20260828_dev_0001419,0,flash_sale,,flash_standard,1,2026-07-22 19:33:21+00:00,False,False,never,,,1,1,,,,,0
blind_20260828_dev_0001420,0,flash_sale,,flash_standard,1,2026-07-01 19:59:38+00:00,False,False,never,,,1,1,,,,,0
blind_20260828_dev_0001421,0,flash_sale,,flash_standard,1,2026-07-20 03:21:26+00:00,False,False,never,,,1,1,,,,,0
blind_20260828_dev_0001422,0,flash_sale,,flash_standard,1,2026-07-20 02:17:24+00:00,False,False,never,,,1,1,,,,,0
blind_20260828_dev_0001423,0,flash_sale,,flash_standard,2,2026-07-07 11:16:29+00:00,False,False,never,,,2,2,,,,,0
blind_20260828_dev_0001424,0,flash_sale,,flash_standard,2,2026-07-27 09:15:36+00:00,False,False,never,,,2,2,,,,,0
blind_20260828_dev_0001425,0,flash_sale,,flash_standard,2,2026-07-26 15:06:07+00:00,False,False,never,,,2,2,,,,,0
blind_20260828_dev_0001426,0,flash_sale,,flash_standard,1,2026-07-16 15:28:45+00:00,False,False,never,,,1,1,,,,,0
blind_20260828_dev_0001427,0,flash_sale,,flash_standard,1,2026-07-27 01:58:24+00:00,False,False,never,,,1,1,,,,,0
blind_20260828_dev_0001428,0,flash_sale,,flash_standard,1,2026-07-20 07:40:42+00:00,False,False,never,,,1,1,,,,,0
blind_20260828_dev_0001429,0,flash_sale,,flash_standard,1,2026-07-20 03:32:54+00:00,False,False,never,,,1,1,,,,,0
blind_20260828_dev_0001430,0,flash_sale,,flash_standard,1,2026-07-08 11:58:24+00:00,False,False,never,,,1,1,,,,,0
blind_20260828_dev_0001431,0,flash_sale,,flash_standard,1,2026-07-23 00:45:50+00:00,False,False,never,,,1,1,,,,,0
blind_20260828_dev_0001432,0,flash_sale,,flash_standard,1,2026-07-28 01:26:41+00:00,False,False,never,,,1,1,,,,,0
blind_20260828_dev_0001433,0,flash_sale,,flash_standard,1,2026-07-22 08:40:50+00:00,False,False,never,,,1,1,,,,,0
blind_20260828_dev_0001434,0,flash_sale,,flash_standard,2,2026-07-26 22:44:21+00:00,False,False,never,,,2,2,,,,,0
blind_20260828_dev_0001435,0,flash_sale,,flash_standard,1,2026-07-11 09:49:26+00:00,False,False,never,,,1,1,,,,,0
blind_20260828_dev_0001436,0,flash_sale,,flash_standard,1,2026-07-27 12:28:12+00:00,False,False,never,,,1,1,,,,,0
blind_20260828_dev_0001437,0,flash_sale,,flash_standard,1,2026-07-12 04:52:24+00:00,False,False,never,,,1,1,,,,,0
blind_20260828_dev_0001438,0,flash_sale,,flash_standard,1,2026-07-06 15:57:20+00:00,False,False,never,,,1,1,,,,,0
blind_20260828_dev_0001439,0,flash_sale,,flash_standard,1,2026-07-06 02:33:17+00:00,False,False,never,,,1,1,,,,,0
blind_20260828_dev_0001440,0,flash_sale,,flash_standard,1,2026-07-01 10:45:35+00:00,False,False,never,,,1,1,,,,,0
blind_20260828_dev_0001441,0,flash_sale,,flash_standard,1,2026-07-28 07:37:34+00:00,False,False,never,,,1,1,,,,,0
blind_20260828_dev_0001442,0,flash_sale,,flash_standard,1,2026-07-01 15:43:39+00:00,False,False,never,,,1,1,,,,,0
blind_20260828_dev_0001443,0,flash_sale,,flash_standard,1,2026-07-06 17:29:54+00:00,False,False,never,,,1,1,,,,,0
blind_20260828_dev_0001444,0,flash_sale,,flash_standard,1,2026-07-10 20:55:23+00:00,False,False,never,,,1,1,,,,,0
blind_20260828_dev_0001445,0,flash_sale,,flash_standard,1,2026-07-04 12:24:34+00:00,False,False,never,,,1,1,,,,,0
blind_20260828_dev_0001446,0,flash_sale,,flash_standard,1,2026-07-22 03:45:51+00:00,False,False,never,,,1,1,,,,,0
blind_20260828_dev_0001447,0,flash_sale,,flash_standard,1,2026-07-21 14:15:19+00:00,False,False,never,,,1,1,,,,,0
blind_20260828_dev_0001448,0,flash_sale,,flash_standard,1,2026-07-12 07:35:20+00:00,False,False,never,,,1,1,,,,,0
blind_20260828_dev_0001449,0,flash_sale,,flash_standard,1,2026-07-03 22:20:50+00:00,False,False,never,,,1,1,,,,,0
blind_20260828_dev_0001450,0,flash_sale,,flash_standard,1,2026-07-12 13:46:12+00:00,False,False,never,,,1,1,,,,,0
blind_20260828_dev_0001451,0,flash_sale,,flash_standard,1,2026-07-14 10:10:43+00:00,False,False,never,,,1,1,,,,,0
blind_20260828_dev_0001452,0,flash_sale,,flash_standard,1,2026-07-01 22:08:39+00:00,False,False,never,,,1,1,,,,,0
blind_20260828_dev_0001453,0,flash_sale,,flash_standard,2,2026-07-19 03:12:11+00:00,False,False,never,,,2,2,,,,,0
blind_20260828_dev_0001454,0,flash_sale,,flash_standard,1,2026-07-30 10:32:42+00:00,False,False,never,,,1,1,,,,,0
blind_20260828_dev_0001455,0,flash_sale,,flash_standard,1,2026-07-23 01:28:44+00:00,False,False,never,,,1,1,,,,,0
blind_20260828_dev_0001456,0,flash_sale,,flash_standard,2,2026-07-24 19:42:22+00:00,False,False,never,,,2,2,,,,,0
blind_20260828_dev_0001457,0,flash_sale,,flash_standard,1,2026-07-28 17:57:03+00:00,False,False,never,,,1,1,,,,,0
blind_20260828_dev_0001458,0,flash_sale,,flash_standard,2,2026-07-23 11:40:15+00:00,False,False,never,,,2,2,,,,,0
blind_20260828_dev_0001459,0,flash_sale,,flash_standard,1,2026-07-24 17:28:49+00:00,False,False,never,,,1,1,,,,,0
blind_20260828_dev_0001460,0,flash_sale,,flash_standard,2,2026-07-10 20:18:21+00:00,False,False,never,,,2,2,,,,,0
blind_20260828_dev_0001461,0,flash_sale,,flash_standard,1,2026-07-20 06:00:06+00:00,False,False,never,,,1,1,,,,,0
blind_20260828_dev_0001462,0,flash_sale,,flash_standard,1,2026-07-17 00:49:30+00:00,False,False,never,,,1,1,,,,,0
blind_20260828_dev_0001463,0,flash_sale,,flash_standard,1,2026-07-01 05:21:31+00:00,False,False,never,,,1,1,,,,,0
blind_20260828_dev_0001464,0,flash_sale,,flash_standard,1,2026-07-19 10:01:53+00:00,False,False,never,,,1,1,,,,,0
blind_20260828_dev_0001465,0,flash_sale,,flash_standard,1,2026-07-08 05:50:02+00:00,False,False,never,,,1,1,,,,,0
blind_20260828_dev_0001466,0,flash_sale,,flash_standard,1,2026-07-01 17:40:41+00:00,False,False,never,,,1,1,,,,,0
blind_20260828_dev_0001467,0,flash_sale,,flash_standard,1,2026-07-08 12:33:37+00:00,False,False,never,,,1,1,,,,,0
blind_20260828_dev_0001468,0,flash_sale,,flash_standard,1,2026-07-12 07:49:51+00:00,False,False,never,,,1,1,,,,,0
blind_20260828_dev_0001469,0,flash_sale,,flash_standard,1,2026-07-05 06:41:41+00:00,False,False,never,,,1,1,,,,,0
blind_20260828_dev_0001470,0,flash_sale,,flash_standard,1,2026-07-17 04:32:18+00:00,False,False,never,,,1,1,,,,,0
blind_20260828_dev_0001471,0,flash_sale,,flash_standard,3,2026-07-20 03:51:03+00:00,False,False,never,,,3,3,,,,,0
blind_20260828_dev_0001472,0,flash_sale,,flash_standard,1,2026-07-18 21:40:22+00:00,False,False,never,,,1,1,,,,,0
blind_20260828_dev_0001473,0,flash_sale,,flash_standard,3,2026-07-09 16:53:41+00:00,False,False,never,,,3,3,,,,,0
blind_20260828_dev_0001474,0,flash_sale,,flash_standard,1,2026-07-18 21:30:12+00:00,False,False,never,,,1,1,,,,,0
blind_20260828_dev_0001475,0,flash_sale,,flash_standard,1,2026-07-17 19:51:31+00:00,False,False,never,,,1,1,,,,,0
blind_20260828_dev_0001476,0,flash_sale,,flash_standard,1,2026-07-16 12:19:55+00:00,False,False,never,,,1,1,,,,,0
blind_20260828_dev_0001477,0,flash_sale,,flash_standard,1,2026-07-27 06:14:06+00:00,False,False,never,,,1,1,,,,,0
blind_20260828_dev_0001478,0,flash_sale,,flash_standard,1,2026-07-23 12:12:08+00:00,False,False,never,,,1,1,,,,,0
blind_20260828_dev_0001479,0,flash_sale,,flash_standard,1,2026-07-23 20:07:11+00:00,False,False,never,,,1,1,,,,,0
blind_20260828_dev_0001480,0,flash_sale,,flash_standard,1,2026-07-16 00:53:04+00:00,False,False,never,,,1,1,,,,,0
blind_20260828_dev_0001481,0,flash_sale,,flash_standard,1,2026-07-11 20:38:50+00:00,False,False,never,,,1,1,,,,,0
blind_20260828_dev_0001482,0,flash_sale,,flash_standard,1,2026-07-25 06:33:14+00:00,False,False,never,,,1,1,,,,,0
blind_20260828_dev_0001483,0,flash_sale,,flash_standard,1,2026-07-28 03:31:30+00:00,False,False,never,,,1,1,,,,,0
blind_20260828_dev_0001484,0,flash_sale,,flash_standard,1,2026-07-17 00:12:45+00:00,False,False,never,,,1,1,,,,,0
blind_20260828_dev_0001485,0,flash_sale,,flash_standard,1,2026-07-27 11:57:43+00:00,False,False,never,,,1,1,,,,,0
blind_20260828_dev_0001486,0,flash_sale,,flash_standard,1,2026-07-25 16:39:31+00:00,False,False,never,,,1,1,,,,,0
blind_20260828_dev_0001487,0,flash_sale,,flash_standard,1,2026-07-30 01:40:20+00:00,False,False,never,,,1,1,,,,,0
blind_20260828_dev_0001488,0,flash_sale,,flash_standard,1,2026-07-25 07:57:43+00:00,False,False,never,,,1,1,,,,,0
blind_20260828_dev_0001489,0,flash_sale,,flash_standard,2,2026-07-01 22:17:07+00:00,False,False,never,,,2,2,,,,,0
blind_20260828_dev_0001490,0,flash_sale,,flash_standard,1,2026-07-19 14:29:36+00:00,False,False,never,,,1,1,,,,,0
blind_20260828_dev_0001491,0,flash_sale,,flash_standard,1,2026-07-02 16:55:54+00:00,False,False,never,,,1,1,,,,,0
blind_20260828_dev_0001492,0,flash_sale,,flash_standard,1,2026-07-04 15:45:01+00:00,False,False,never,,,1,1,,,,,0
blind_20260828_dev_0001493,0,flash_sale,,flash_standard,2,2026-07-12 08:43:55+00:00,False,False,never,,,2,2,,,,,0
blind_20260828_dev_0001494,0,flash_sale,,flash_standard,1,2026-07-11 20:49:05+00:00,False,False,never,,,1,1,,,,,0
blind_20260828_dev_0001495,0,flash_sale,,flash_standard,1,2026-07-25 18:16:14+00:00,False,False,never,,,1,1,,,,,0
blind_20260828_dev_0001496,0,flash_sale,,flash_standard,1,2026-07-12 12:44:18+00:00,False,False,never,,,1,1,,,,,0
blind_20260828_dev_0001497,0,flash_sale,,flash_standard,1,2026-07-28 11:23:21+00:00,False,False,never,,,1,1,,,,,0
blind_20260828_dev_0001498,0,flash_sale,,flash_standard,1,2026-07-11 15:38:29+00:00,False,False,never,,,1,1,,,,,0
blind_20260828_dev_0001499,0,flash_sale,,flash_standard,1,2026-07-10 15:45:21+00:00,False,False,never,,,1,1,,,,,0
blind_20260828_dev_0001500,0,flash_sale,,flash_standard,1,2026-07-28 01:42:34+00:00,False,False,never,,,1,1,,,,,0
blind_20260828_dev_0001501,0,flash_sale,,flash_standard,1,2026-07-16 14:19:36+00:00,False,False,never,,,1,1,,,,,0
blind_20260828_dev_0001502,0,flash_sale,,flash_standard,1,2026-07-19 13:27:00+00:00,False,False,never,,,1,1,,,,,0
blind_20260828_dev_0001503,0,flash_sale,,flash_standard,1,2026-07-15 05:29:35+00:00,False,False,never,,,1,1,,,,,0
blind_20260828_dev_0001504,0,flash_sale,,flash_standard,1,2026-07-18 05:02:21+00:00,False,False,never,,,1,1,,,,,0
blind_20260828_dev_0001505,0,flash_sale,,flash_standard,1,2026-07-12 03:08:28+00:00,False,False,never,,,1,1,,,,,0
blind_20260828_dev_0001506,0,flash_sale,,flash_standard,1,2026-07-01 00:53:04+00:00,False,False,never,,,1,1,,,,,0
blind_20260828_dev_0001507,0,flash_sale,,flash_standard,1,2026-07-08 15:50:21+00:00,False,False,never,,,1,1,,,,,0
blind_20260828_dev_0001508,0,flash_sale,,flash_standard,1,2026-07-12 19:16:24+00:00,False,False,never,,,1,1,,,,,0
blind_20260828_dev_0001509,0,flash_sale,,flash_standard,3,2026-07-23 16:56:37+00:00,False,False,never,,,3,3,,,,,0
blind_20260828_dev_0001510,0,flash_sale,,flash_standard,3,2026-07-21 19:07:38+00:00,False,False,never,,,3,3,,,,,0
blind_20260828_dev_0001511,0,flash_sale,,flash_standard,1,2026-07-16 11:04:03+00:00,False,False,never,,,1,1,,,,,0
blind_20260828_dev_0001512,0,flash_sale,,flash_standard,1,2026-07-09 06:26:41+00:00,False,False,never,,,1,1,,,,,0
blind_20260828_dev_0001513,0,flash_sale,,flash_standard,1,2026-07-25 18:48:47+00:00,False,False,never,,,1,1,,,,,0
blind_20260828_dev_0001514,0,flash_sale,,flash_standard,1,2026-07-12 09:59:29+00:00,False,False,never,,,1,1,,,,,0
blind_20260828_dev_0001515,0,flash_sale,,flash_standard,1,2026-07-11 06:06:02+00:00,False,False,never,,,1,1,,,,,0
blind_20260828_dev_0001516,0,flash_sale,,flash_standard,1,2026-07-19 16:20:38+00:00,False,False,never,,,1,1,,,,,0
blind_20260828_dev_0001517,0,flash_sale,,flash_standard,1,2026-07-19 07:29:52+00:00,False,False,never,,,1,1,,,,,0
blind_20260828_dev_0001518,0,flash_sale,,flash_standard,1,2026-07-09 11:06:35+00:00,False,False,never,,,1,1,,,,,0
blind_20260828_dev_0001519,0,flash_sale,,flash_standard,2,2026-07-01 07:32:43+00:00,False,False,never,,,2,2,,,,,0
blind_20260828_dev_0001520,0,flash_sale,,flash_standard,1,2026-07-29 21:28:01+00:00,False,False,never,,,1,1,,,,,0
blind_20260828_dev_0001521,0,flash_sale,,flash_standard,1,2026-07-03 22:45:05+00:00,False,False,never,,,1,1,,,,,0
blind_20260828_dev_0001522,0,flash_sale,,flash_standard,1,2026-07-04 14:50:01+00:00,False,False,never,,,1,1,,,,,0
blind_20260828_dev_0001523,0,flash_sale,,flash_standard,1,2026-07-04 08:32:24+00:00,False,False,never,,,1,1,,,,,0
blind_20260828_dev_0001524,0,flash_sale,,flash_standard,1,2026-07-07 20:58:22+00:00,False,False,never,,,1,1,,,,,0
blind_20260828_dev_0001525,0,flash_sale,,flash_standard,1,2026-07-17 02:41:43+00:00,False,False,never,,,1,1,,,,,0
blind_20260828_dev_0001526,0,flash_sale,,flash_standard,1,2026-07-18 14:26:14+00:00,False,False,never,,,1,1,,,,,0
blind_20260828_dev_0001527,0,flash_sale,,flash_standard,1,2026-07-27 11:37:09+00:00,False,False,never,,,1,1,,,,,0
blind_20260828_dev_0001528,0,flash_sale,,flash_standard,2,2026-07-10 05:41:43+00:00,False,False,never,,,2,2,,,,,0
blind_20260828_dev_0001529,0,flash_sale,,flash_standard,2,2026-07-21 10:36:30+00:00,False,False,never,,,2,2,,,,,0
blind_20260828_dev_0001530,0,flash_sale,,flash_standard,1,2026-07-13 19:20:44+00:00,False,False,never,,,1,1,,,,,0
blind_20260828_dev_0001531,0,flash_sale,,flash_standard,1,2026-07-17 11:53:13+00:00,False,False,never,,,1,1,,,,,0
blind_20260828_dev_0001532,0,flash_sale,,flash_standard,1,2026-07-30 11:27:49+00:00,False,False,never,,,1,1,,,,,0
blind_20260828_dev_0001533,0,flash_sale,,flash_standard,1,2026-07-01 00:33:40+00:00,False,False,never,,,1,1,,,,,0
blind_20260828_dev_0001534,0,flash_sale,,flash_standard,1,2026-07-09 11:20:27+00:00,False,False,never,,,1,1,,,,,0
blind_20260828_dev_0001535,0,flash_sale,,flash_standard,1,2026-07-16 21:25:26+00:00,False,False,never,,,1,1,,,,,0
blind_20260828_dev_0001536,0,flash_sale,,flash_standard,1,2026-07-10 15:22:43+00:00,False,False,never,,,1,1,,,,,0
blind_20260828_dev_0001537,0,flash_sale,,flash_standard,1,2026-07-04 18:35:20+00:00,False,False,never,,,1,1,,,,,0
blind_20260828_dev_0001538,0,flash_sale,,flash_standard,1,2026-07-28 17:08:34+00:00,False,False,never,,,1,1,,,,,0
blind_20260828_dev_0001539,0,flash_sale,,flash_standard,1,2026-07-22 06:02:32+00:00,False,False,never,,,1,1,,,,,0
blind_20260828_dev_0001540,0,flash_sale,,flash_standard,1,2026-07-19 17:33:44+00:00,False,False,never,,,1,1,,,,,0
blind_20260828_dev_0001541,0,flash_sale,,flash_standard,4,2026-07-25 16:34:54+00:00,False,False,never,,,4,4,,,,,0
blind_20260828_dev_0001542,0,flash_sale,,flash_standard,1,2026-07-22 07:13:59+00:00,False,False,never,,,1,1,,,,,0
blind_20260828_dev_0001543,0,flash_sale,,flash_standard,2,2026-07-07 08:02:37+00:00,False,False,never,,,2,2,,,,,0
blind_20260828_dev_0001544,0,flash_sale,,flash_standard,1,2026-07-30 23:36:44+00:00,False,False,never,,,1,1,,,,,0
blind_20260828_dev_0001545,0,flash_sale,,flash_standard,1,2026-07-04 14:50:41+00:00,False,False,never,,,1,1,,,,,0
blind_20260828_dev_0001546,0,flash_sale,,flash_standard,1,2026-07-20 01:38:08+00:00,False,False,never,,,1,1,,,,,0
blind_20260828_dev_0001547,0,flash_sale,,flash_standard,3,2026-07-21 18:36:36+00:00,False,False,never,,,3,3,,,,,0
blind_20260828_dev_0001548,0,flash_sale,,flash_standard,1,2026-07-21 14:15:57+00:00,False,False,never,,,1,1,,,,,0
blind_20260828_dev_0001549,0,flash_sale,,flash_standard,2,2026-07-04 14:00:35+00:00,False,False,never,,,2,2,,,,,0
blind_20260828_dev_0001550,0,flash_sale,,flash_standard,1,2026-07-28 22:06:19+00:00,False,False,never,,,1,1,,,,,0
blind_20260828_dev_0001551,0,flash_sale,,flash_standard,1,2026-07-13 10:17:08+00:00,False,False,never,,,1,1,,,,,0
blind_20260828_dev_0001552,0,flash_sale,,flash_standard,1,2026-07-18 16:41:02+00:00,False,False,never,,,1,1,,,,,0
blind_20260828_dev_0001553,0,flash_sale,,flash_standard,1,2026-07-18 02:03:28+00:00,False,False,never,,,1,1,,,,,0
blind_20260828_dev_0001554,0,flash_sale,,flash_standard,1,2026-07-03 00:04:02+00:00,False,False,never,,,1,1,,,,,0
blind_20260828_dev_0001555,0,flash_sale,,flash_standard,1,2026-07-08 05:12:00+00:00,False,False,never,,,1,1,,,,,0
blind_20260828_dev_0001556,0,flash_sale,,flash_standard,1,2026-07-21 06:32:20+00:00,False,False,never,,,1,1,,,,,0
blind_20260828_dev_0001557,0,flash_sale,,flash_standard,1,2026-07-06 20:10:42+00:00,False,False,never,,,1,1,,,,,0
blind_20260828_dev_0001558,0,flash_sale,,flash_standard,2,2026-07-02 02:52:13+00:00,False,False,never,,,2,2,,,,,0
blind_20260828_dev_0001559,0,flash_sale,,flash_standard,1,2026-07-11 07:37:37+00:00,False,False,never,,,1,1,,,,,0
blind_20260828_dev_0001560,0,flash_sale,,flash_standard,1,2026-07-27 09:59:33+00:00,False,False,never,,,1,1,,,,,0
blind_20260828_dev_0001561,0,flash_sale,,flash_standard,1,2026-07-16 11:20:07+00:00,False,False,never,,,1,1,,,,,0
blind_20260828_dev_0001562,0,flash_sale,,flash_standard,1,2026-07-22 22:25:01+00:00,False,False,never,,,1,1,,,,,0
blind_20260828_dev_0001563,0,flash_sale,,flash_standard,1,2026-07-05 08:34:56+00:00,False,False,never,,,1,1,,,,,0
blind_20260828_dev_0001564,0,flash_sale,,flash_standard,1,2026-07-22 11:59:33+00:00,False,False,never,,,1,1,,,,,0
blind_20260828_dev_0001565,0,flash_sale,,flash_standard,1,2026-07-24 19:03:21+00:00,False,False,never,,,1,1,,,,,0
blind_20260828_dev_0001566,0,flash_sale,,flash_standard,2,2026-07-30 23:35:50+00:00,False,False,never,,,2,2,,,,,0
blind_20260828_dev_0001567,0,flash_sale,,flash_standard,2,2026-07-13 18:52:40+00:00,False,False,never,,,2,2,,,,,0
blind_20260828_dev_0001568,0,flash_sale,,flash_standard,1,2026-07-13 20:12:23+00:00,False,False,never,,,1,1,,,,,0
blind_20260828_dev_0001569,0,flash_sale,,flash_standard,1,2026-07-09 08:04:29+00:00,False,False,never,,,1,1,,,,,0
blind_20260828_dev_0001570,0,flash_sale,,flash_standard,1,2026-07-20 23:11:21+00:00,False,False,never,,,1,1,,,,,0
blind_20260828_dev_0001571,0,flash_sale,,flash_standard,1,2026-07-09 10:54:28+00:00,False,False,never,,,1,1,,,,,0
blind_20260828_dev_0001572,0,flash_sale,,flash_standard,1,2026-07-18 17:40:32+00:00,False,False,never,,,1,1,,,,,0
blind_20260828_dev_0001573,0,flash_sale,,flash_standard,1,2026-07-17 22:25:29+00:00,False,False,never,,,1,1,,,,,0
blind_20260828_dev_0001574,0,flash_sale,,flash_standard,2,2026-07-28 22:43:13+00:00,False,False,never,,,2,2,,,,,0
blind_20260828_dev_0001575,0,flash_sale,,flash_standard,1,2026-07-29 05:07:00+00:00,False,False,never,,,1,1,,,,,0
blind_20260828_dev_0001576,0,flash_sale,,flash_standard,1,2026-07-20 21:05:25+00:00,False,False,never,,,1,1,,,,,0
blind_20260828_dev_0001577,0,flash_sale,,flash_standard,1,2026-07-15 10:56:16+00:00,False,False,never,,,1,1,,,,,0
blind_20260828_dev_0001578,0,flash_sale,,flash_standard,1,2026-07-27 17:48:27+00:00,False,False,never,,,1,1,,,,,0
blind_20260828_dev_0001579,0,flash_sale,,flash_standard,2,2026-07-23 01:09:39+00:00,False,False,never,,,2,2,,,,,0
blind_20260828_dev_0001580,0,flash_sale,,flash_standard,2,2026-07-20 19:08:51+00:00,False,False,never,,,2,2,,,,,0
blind_20260828_dev_0001581,0,flash_sale,,flash_standard,1,2026-07-25 02:29:59+00:00,False,False,never,,,1,1,,,,,0
blind_20260828_dev_0001582,0,flash_sale,,flash_standard,1,2026-07-28 21:46:47+00:00,False,False,never,,,1,1,,,,,0
blind_20260828_dev_0001583,0,flash_sale,,flash_standard,1,2026-07-13 23:01:41+00:00,False,False,never,,,1,1,,,,,0
blind_20260828_dev_0001584,0,flash_sale,,flash_standard,1,2026-07-23 16:02:52+00:00,False,False,never,,,1,1,,,,,0
blind_20260828_dev_0001585,0,flash_sale,,flash_standard,1,2026-07-06 12:20:27+00:00,False,False,never,,,1,1,,,,,0
blind_20260828_dev_0001586,0,flash_sale,,flash_standard,2,2026-07-13 16:36:21+00:00,False,False,never,,,2,2,,,,,0
blind_20260828_dev_0001587,0,flash_sale,,flash_standard,1,2026-07-01 18:37:12+00:00,False,False,never,,,1,1,,,,,0
blind_20260828_dev_0001588,0,flash_sale,,flash_standard,1,2026-07-06 23:01:34+00:00,False,False,never,,,1,1,,,,,0
blind_20260828_dev_0001589,0,flash_sale,,flash_standard,1,2026-07-21 21:11:41+00:00,False,False,never,,,1,1,,,,,0
blind_20260828_dev_0001590,0,flash_sale,,flash_standard,1,2026-07-02 21:56:15+00:00,False,False,never,,,1,1,,,,,0
blind_20260828_dev_0001591,0,flash_sale,,flash_standard,1,2026-07-21 17:09:49+00:00,False,False,never,,,1,1,,,,,0
blind_20260828_dev_0001592,0,flash_sale,,flash_standard,2,2026-07-15 03:01:11+00:00,False,False,never,,,2,2,,,,,0
blind_20260828_dev_0001593,0,flash_sale,,flash_standard,1,2026-07-23 12:40:42+00:00,False,False,never,,,1,1,,,,,0
blind_20260828_dev_0001594,0,flash_sale,,flash_standard,1,2026-07-08 10:19:41+00:00,False,False,never,,,1,1,,,,,0
blind_20260828_dev_0001595,0,flash_sale,,flash_standard,1,2026-07-12 13:58:51+00:00,False,False,never,,,1,1,,,,,0
blind_20260828_dev_0001596,0,flash_sale,,flash_standard,1,2026-07-29 13:16:28+00:00,False,False,never,,,1,1,,,,,0
blind_20260828_dev_0001597,0,flash_sale,,flash_standard,1,2026-07-22 16:18:15+00:00,False,False,never,,,1,1,,,,,0
blind_20260828_dev_0001598,0,flash_sale,,flash_standard,1,2026-07-19 01:58:23+00:00,False,False,never,,,1,1,,,,,0
blind_20260828_dev_0001599,0,flash_sale,,flash_standard,4,2026-07-20 01:37:32+00:00,False,False,never,,,4,4,,,,,0
blind_20260828_dev_0001600,0,flash_sale,,flash_standard,1,2026-07-12 03:49:30+00:00,False,False,never,,,1,1,,,,,0
blind_20260828_dev_0001601,0,flash_sale,,flash_hard_retry,3,2026-07-14 02:14:09+00:00,False,False,never,,,3,3,,,,,0
blind_20260828_dev_0001602,0,flash_sale,,flash_hard_retry,3,2026-07-21 02:20:23+00:00,False,False,never,,,3,3,,,,,0
blind_20260828_dev_0001603,0,flash_sale,,flash_hard_retry,3,2026-07-14 17:11:00+00:00,False,False,never,,,3,3,,,,,0
blind_20260828_dev_0001604,0,flash_sale,,flash_hard_retry,3,2026-07-20 07:05:49+00:00,False,False,never,,,3,3,,,,,0
blind_20260828_dev_0001605,0,flash_sale,,flash_hard_retry,3,2026-07-19 20:21:03+00:00,False,False,never,,,3,3,,,,,0
blind_20260828_dev_0001606,0,flash_sale,,flash_hard_retry,3,2026-07-10 20:25:11+00:00,False,False,never,,,3,3,,,,,0
blind_20260828_dev_0001607,0,flash_sale,,flash_hard_retry,3,2026-07-22 03:44:38+00:00,False,False,never,,,3,3,,,,,0
blind_20260828_dev_0001608,0,flash_sale,,flash_hard_retry,3,2026-07-24 22:43:02+00:00,False,False,never,,,3,3,,,,,0
blind_20260828_dev_0001609,0,flash_sale,,flash_hard_retry,6,2026-07-25 13:09:37+00:00,False,False,never,,,6,6,,,,,0
blind_20260828_dev_0001610,0,flash_sale,,flash_hard_retry,6,2026-07-26 09:30:47+00:00,False,False,never,,,6,6,,,,,0
blind_20260828_dev_0001611,0,flash_sale,,flash_hard_retry,3,2026-07-26 09:23:33+00:00,False,False,never,,,3,3,,,,,0
blind_20260828_dev_0001612,0,flash_sale,,flash_hard_retry,3,2026-07-10 08:19:03+00:00,False,False,never,,,3,3,,,,,0
blind_20260828_dev_0001613,0,flash_sale,,flash_hard_retry,6,2026-07-17 09:12:27+00:00,False,False,never,,,6,6,,,,,0
blind_20260828_dev_0001614,0,flash_sale,,flash_hard_retry,6,2026-07-12 02:55:50+00:00,False,False,never,,,6,6,,,,,0
blind_20260828_dev_0001615,0,flash_sale,,flash_hard_retry,6,2026-07-21 15:16:06+00:00,False,False,never,,,6,6,,,,,0
blind_20260828_dev_0001616,0,flash_sale,,flash_hard_retry,3,2026-07-14 06:16:26+00:00,False,False,never,,,3,3,,,,,0
blind_20260828_dev_0001617,0,flash_sale,,flash_hard_retry,4,2026-07-02 14:50:35+00:00,False,False,never,,,4,4,,,,,0
blind_20260828_dev_0001618,0,flash_sale,,flash_hard_retry,3,2026-07-04 23:15:07+00:00,False,False,never,,,3,3,,,,,0
blind_20260828_dev_0001619,0,flash_sale,,flash_hard_retry,3,2026-07-28 09:44:29+00:00,False,False,never,,,3,3,,,,,0
blind_20260828_dev_0001620,0,flash_sale,,flash_hard_retry,3,2026-07-18 11:51:17+00:00,False,False,never,,,3,3,,,,,0
blind_20260828_dev_0001621,0,flash_sale,,flash_hard_retry,3,2026-07-26 13:34:32+00:00,False,False,never,,,3,3,,,,,0
blind_20260828_dev_0001622,0,flash_sale,,flash_hard_retry,3,2026-07-18 05:16:33+00:00,False,False,never,,,3,3,,,,,0
blind_20260828_dev_0001623,0,flash_sale,,flash_hard_retry,3,2026-07-02 16:25:40+00:00,False,False,never,,,3,3,,,,,0
blind_20260828_dev_0001624,0,flash_sale,,flash_hard_retry,4,2026-07-19 05:02:29+00:00,False,False,never,,,4,4,,,,,0
blind_20260828_dev_0001625,0,flash_sale,,flash_hard_retry,6,2026-07-23 10:32:06+00:00,False,False,never,,,6,6,,,,,0
blind_20260828_dev_0001626,0,flash_sale,,flash_hard_retry,3,2026-07-03 03:01:38+00:00,False,False,never,,,3,3,,,,,0
blind_20260828_dev_0001627,0,flash_sale,,flash_hard_retry,3,2026-07-04 05:48:05+00:00,False,False,never,,,3,3,,,,,0
blind_20260828_dev_0001628,0,flash_sale,,flash_hard_retry,3,2026-07-04 22:42:22+00:00,False,False,never,,,3,3,,,,,0
blind_20260828_dev_0001629,0,flash_sale,,flash_hard_retry,6,2026-07-03 02:52:05+00:00,False,False,never,,,6,6,,,,,0
blind_20260828_dev_0001630,0,flash_sale,,flash_hard_retry,3,2026-07-27 07:54:38+00:00,False,False,never,,,3,3,,,,,0
blind_20260828_dev_0001631,0,flash_sale,,flash_hard_retry,9,2026-07-01 05:31:48+00:00,False,False,never,,,9,9,,,,,0
blind_20260828_dev_0001632,0,flash_sale,,flash_hard_retry,3,2026-07-15 00:56:13+00:00,False,False,never,,,3,3,,,,,0
blind_20260828_dev_0001633,0,flash_sale,,flash_hard_retry,3,2026-07-24 07:10:31+00:00,False,False,never,,,3,3,,,,,0
blind_20260828_dev_0001634,0,flash_sale,,flash_hard_retry,3,2026-07-13 22:34:19+00:00,False,False,never,,,3,3,,,,,0
blind_20260828_dev_0001635,0,flash_sale,,flash_hard_retry,3,2026-07-19 14:38:58+00:00,False,False,never,,,3,3,,,,,0
blind_20260828_dev_0001636,0,flash_sale,,flash_hard_retry,3,2026-07-07 03:25:18+00:00,False,False,never,,,3,3,,,,,0
blind_20260828_dev_0001637,0,flash_sale,,flash_hard_retry,4,2026-07-16 09:34:52+00:00,False,False,never,,,4,4,,,,,0
blind_20260828_dev_0001638,0,flash_sale,,flash_hard_retry,3,2026-07-10 00:24:14+00:00,False,False,never,,,3,3,,,,,0
blind_20260828_dev_0001639,0,flash_sale,,flash_hard_retry,3,2026-07-09 06:12:18+00:00,False,False,never,,,3,3,,,,,0
blind_20260828_dev_0001640,0,flash_sale,,flash_hard_retry,3,2026-07-17 17:37:05+00:00,False,False,never,,,3,3,,,,,0
blind_20260828_dev_0001641,0,flash_sale,,flash_hard_retry,3,2026-07-02 16:07:41+00:00,False,False,never,,,3,3,,,,,0
blind_20260828_dev_0001642,0,flash_sale,,flash_hard_retry,3,2026-07-19 20:52:22+00:00,False,False,never,,,3,3,,,,,0
blind_20260828_dev_0001643,0,flash_sale,,flash_hard_retry,6,2026-07-09 06:58:40+00:00,False,False,never,,,6,6,,,,,0
blind_20260828_dev_0001644,0,flash_sale,,flash_hard_retry,6,2026-07-22 08:13:04+00:00,False,False,never,,,6,6,,,,,0
blind_20260828_dev_0001645,0,flash_sale,,flash_hard_retry,3,2026-07-10 11:08:16+00:00,False,False,never,,,3,3,,,,,0
blind_20260828_dev_0001646,0,flash_sale,,flash_hard_retry,3,2026-07-16 09:24:06+00:00,False,False,never,,,3,3,,,,,0
blind_20260828_dev_0001647,0,flash_sale,,flash_hard_retry,3,2026-07-27 08:56:22+00:00,False,False,never,,,3,3,,,,,0
blind_20260828_dev_0001648,0,flash_sale,,flash_hard_retry,6,2026-07-14 10:33:23+00:00,False,False,never,,,6,6,,,,,0
blind_20260828_dev_0001649,0,flash_sale,,flash_hard_retry,3,2026-07-26 01:06:08+00:00,False,False,never,,,3,3,,,,,0
blind_20260828_dev_0001650,0,flash_sale,,flash_hard_retry,3,2026-07-10 15:10:26+00:00,False,False,never,,,3,3,,,,,0
blind_20260828_dev_0001651,0,flash_sale,,flash_hard_retry,4,2026-07-03 06:23:06+00:00,False,False,never,,,4,4,,,,,0
blind_20260828_dev_0001652,0,flash_sale,,flash_hard_retry,3,2026-07-01 11:39:20+00:00,False,False,never,,,3,3,,,,,0
blind_20260828_dev_0001653,0,flash_sale,,flash_hard_retry,6,2026-07-07 11:00:07+00:00,False,False,never,,,6,6,,,,,0
blind_20260828_dev_0001654,0,flash_sale,,flash_hard_retry,3,2026-07-02 20:23:50+00:00,False,False,never,,,3,3,,,,,0
blind_20260828_dev_0001655,0,flash_sale,,flash_hard_retry,3,2026-07-16 13:23:03+00:00,False,False,never,,,3,3,,,,,0
blind_20260828_dev_0001656,0,flash_sale,,flash_hard_retry,4,2026-07-13 19:41:31+00:00,False,False,never,,,4,4,,,,,0
blind_20260828_dev_0001657,0,flash_sale,,flash_hard_retry,3,2026-07-12 19:55:04+00:00,False,False,never,,,3,3,,,,,0
blind_20260828_dev_0001658,0,flash_sale,,flash_hard_retry,3,2026-07-10 08:13:07+00:00,False,False,never,,,3,3,,,,,0
blind_20260828_dev_0001659,0,flash_sale,,flash_hard_retry,3,2026-07-28 15:09:00+00:00,False,False,never,,,3,3,,,,,0
blind_20260828_dev_0001660,0,flash_sale,,flash_hard_retry,3,2026-07-13 22:32:02+00:00,False,False,never,,,3,3,,,,,0
blind_20260828_dev_0001661,0,flash_sale,,flash_hard_retry,3,2026-07-06 06:18:45+00:00,False,False,never,,,3,3,,,,,0
blind_20260828_dev_0001662,0,flash_sale,,flash_hard_retry,3,2026-07-12 11:27:51+00:00,False,False,never,,,3,3,,,,,0
blind_20260828_dev_0001663,0,flash_sale,,flash_hard_retry,3,2026-07-12 19:17:36+00:00,False,False,never,,,3,3,,,,,0
blind_20260828_dev_0001664,0,flash_sale,,flash_hard_retry,3,2026-07-25 18:37:08+00:00,False,False,never,,,3,3,,,,,0
blind_20260828_dev_0001665,0,flash_sale,,flash_hard_retry,3,2026-07-02 09:02:55+00:00,False,False,never,,,3,3,,,,,0
blind_20260828_dev_0001666,0,flash_sale,,flash_hard_retry,4,2026-07-02 14:52:55+00:00,False,False,never,,,4,4,,,,,0
blind_20260828_dev_0001667,0,flash_sale,,flash_hard_retry,3,2026-07-02 18:47:40+00:00,False,False,never,,,3,3,,,,,0
blind_20260828_dev_0001668,0,flash_sale,,flash_hard_retry,3,2026-07-11 07:12:30+00:00,False,False,never,,,3,3,,,,,0
blind_20260828_dev_0001669,0,flash_sale,,flash_hard_retry,3,2026-07-20 09:38:58+00:00,False,False,never,,,3,3,,,,,0
blind_20260828_dev_0001670,0,flash_sale,,flash_hard_retry,3,2026-07-26 10:21:27+00:00,False,False,never,,,3,3,,,,,0
blind_20260828_dev_0001671,0,flash_sale,,flash_hard_retry,3,2026-07-08 01:43:32+00:00,False,False,never,,,3,3,,,,,0
blind_20260828_dev_0001672,0,flash_sale,,flash_hard_retry,4,2026-07-13 07:19:42+00:00,False,False,never,,,4,4,,,,,0
blind_20260828_dev_0001673,0,flash_sale,,flash_hard_retry,3,2026-07-20 20:02:15+00:00,False,False,never,,,3,3,,,,,0
blind_20260828_dev_0001674,0,flash_sale,,flash_hard_retry,3,2026-07-14 19:00:06+00:00,False,False,never,,,3,3,,,,,0
blind_20260828_dev_0001675,0,flash_sale,,flash_hard_retry,3,2026-07-10 04:44:08+00:00,False,False,never,,,3,3,,,,,0
blind_20260828_dev_0001676,0,flash_sale,,flash_hard_retry,7,2026-07-04 05:21:39+00:00,False,False,never,,,7,7,,,,,0
blind_20260828_dev_0001677,0,flash_sale,,flash_hard_retry,3,2026-07-21 10:28:49+00:00,False,False,never,,,3,3,,,,,0
blind_20260828_dev_0001678,0,flash_sale,,flash_hard_retry,4,2026-07-30 00:26:56+00:00,False,False,never,,,4,4,,,,,0
blind_20260828_dev_0001679,0,flash_sale,,flash_hard_retry,3,2026-07-30 18:27:13+00:00,False,False,never,,,3,3,,,,,0
blind_20260828_dev_0001680,0,flash_sale,,flash_hard_retry,3,2026-07-16 14:07:43+00:00,False,False,never,,,3,3,,,,,0
blind_20260828_dev_0001681,0,flash_sale,,flash_hard_retry,3,2026-07-20 17:44:00+00:00,False,False,never,,,3,3,,,,,0
blind_20260828_dev_0001682,0,flash_sale,,flash_hard_retry,4,2026-07-30 23:37:08+00:00,False,False,never,,,4,4,,,,,0
blind_20260828_dev_0001683,0,flash_sale,,flash_hard_retry,3,2026-07-24 23:47:11+00:00,False,False,never,,,3,3,,,,,0
blind_20260828_dev_0001684,0,flash_sale,,flash_hard_retry,3,2026-07-10 22:00:08+00:00,False,False,never,,,3,3,,,,,0
blind_20260828_dev_0001685,0,flash_sale,,flash_hard_retry,7,2026-07-12 17:16:06+00:00,False,False,never,,,7,7,,,,,0
blind_20260828_dev_0001686,0,flash_sale,,flash_hard_retry,3,2026-07-22 13:46:14+00:00,False,False,never,,,3,3,,,,,0
blind_20260828_dev_0001687,0,flash_sale,,flash_hard_retry,3,2026-07-26 15:45:43+00:00,False,False,never,,,3,3,,,,,0
blind_20260828_dev_0001688,0,flash_sale,,flash_hard_retry,3,2026-07-04 01:07:05+00:00,False,False,never,,,3,3,,,,,0
blind_20260828_dev_0001689,0,flash_sale,,flash_hard_retry,3,2026-07-08 03:10:58+00:00,False,False,never,,,3,3,,,,,0
blind_20260828_dev_0001690,0,flash_sale,,flash_hard_retry,3,2026-07-05 23:26:07+00:00,False,False,never,,,3,3,,,,,0
blind_20260828_dev_0001691,0,flash_sale,,flash_hard_retry,6,2026-07-24 23:36:18+00:00,False,False,never,,,6,6,,,,,0
blind_20260828_dev_0001692,0,flash_sale,,flash_hard_retry,3,2026-07-15 18:16:36+00:00,False,False,never,,,3,3,,,,,0
blind_20260828_dev_0001693,0,flash_sale,,flash_hard_retry,3,2026-07-26 21:09:55+00:00,False,False,never,,,3,3,,,,,0
blind_20260828_dev_0001694,0,flash_sale,,flash_hard_retry,4,2026-07-13 12:01:32+00:00,False,False,never,,,4,4,,,,,0
blind_20260828_dev_0001695,0,flash_sale,,flash_hard_retry,3,2026-07-30 20:06:18+00:00,False,False,never,,,3,3,,,,,0
blind_20260828_dev_0001696,0,flash_sale,,flash_hard_retry,3,2026-07-30 14:10:15+00:00,False,False,never,,,3,3,,,,,0
blind_20260828_dev_0001697,0,flash_sale,,flash_hard_retry,3,2026-07-15 23:51:12+00:00,False,False,never,,,3,3,,,,,0
blind_20260828_dev_0001698,0,flash_sale,,flash_hard_retry,3,2026-07-28 09:58:08+00:00,False,False,never,,,3,3,,,,,0
blind_20260828_dev_0001699,0,flash_sale,,flash_hard_retry,3,2026-07-20 19:46:56+00:00,False,False,never,,,3,3,,,,,0
blind_20260828_dev_0001700,0,flash_sale,,flash_hard_retry,3,2026-07-17 22:23:03+00:00,False,False,never,,,3,3,,,,,0
blind_20260828_dev_0001701,1,attack,burst,attack_burst,12,2026-07-17 01:39:18+00:00,True,True,review,5,7,5,4,2,2,60,85,5
blind_20260828_dev_0001702,1,attack,burst,attack_burst,10,2026-07-28 18:15:03+00:00,True,True,review,6,7,6,4,5,3,13,14,3
blind_20260828_dev_0001703,1,attack,burst,attack_burst,20,2026-07-21 00:38:03+00:00,True,True,review,5,7,5,4,3,2,7,12,13
blind_20260828_dev_0001704,1,attack,burst,attack_burst,8,2026-07-06 18:59:01+00:00,True,True,review,5,6,5,3,2,2,8,12,2
blind_20260828_dev_0001705,1,attack,burst,attack_burst,10,2026-07-01 09:40:04+00:00,True,True,review,5,7,5,4,4,4,12,18,3
blind_20260828_dev_0001706,1,attack,burst,attack_burst,7,2026-07-13 14:07:03+00:00,True,True,review,4,6,4,3,3,3,10,16,1
blind_20260828_dev_0001707,1,attack,burst,attack_burst,12,2026-07-22 16:06:16+00:00,True,True,review,6,7,6,5,2,2,70,82,5
blind_20260828_dev_0001708,1,attack,burst,attack_burst,8,2026-07-08 22:11:03+00:00,True,True,review,5,6,5,3,1,1,8,10,2
blind_20260828_dev_0001709,1,attack,burst,attack_burst,10,2026-07-21 15:25:22+00:00,True,True,review,6,7,6,5,2,2,80,92,3
blind_20260828_dev_0001710,1,attack,burst,attack_burst,7,2026-07-05 23:12:03+00:00,True,True,review,6,7,6,4,3,2,9,12,0
blind_20260828_dev_0001711,1,attack,burst,attack_burst,19,2026-07-23 01:47:18+00:00,True,True,review,5,6,5,4,1,1,80,104,13
blind_20260828_dev_0001712,1,attack,burst,attack_burst,11,2026-07-24 22:18:14+00:00,True,True,review,6,7,6,5,3,3,85,101,4
blind_20260828_dev_0001713,1,attack,burst,attack_burst,7,2026-07-09 04:47:01+00:00,True,True,review,5,7,5,4,1,1,9,14,0
blind_20260828_dev_0001714,1,attack,burst,attack_burst,8,2026-07-19 17:54:19+00:00,True,True,review,6,7,6,5,2,1,89,99,1
blind_20260828_dev_0001715,1,attack,burst,attack_burst,11,2026-07-10 03:56:18+00:00,True,True,review,6,7,6,5,3,3,107,131,4
blind_20260828_dev_0001716,1,attack,burst,attack_burst,8,2026-07-01 22:36:01+00:00,True,True,review,5,6,5,4,3,2,9,10,2
blind_20260828_dev_0001717,1,attack,burst,attack_burst,7,2026-07-16 18:03:04+00:00,True,True,review,5,7,5,4,3,2,14,18,0
blind_20260828_dev_0001718,1,attack,burst,attack_burst,7,2026-07-06 07:20:04+00:00,True,True,review,5,6,5,4,2,2,9,12,1
blind_20260828_dev_0001719,1,attack,burst,attack_burst,8,2026-07-26 05:21:12+00:00,True,True,review,5,6,5,4,3,2,77,85,2
blind_20260828_dev_0001720,1,attack,burst,attack_burst,8,2026-07-14 08:29:02+00:00,True,True,review,6,7,6,5,3,3,15,18,1
blind_20260828_dev_0001721,1,attack,burst,attack_burst,12,2026-07-28 22:40:01+00:00,True,True,review,6,7,6,5,2,2,11,12,5
blind_20260828_dev_0001722,1,attack,burst,attack_burst,7,2026-07-14 21:57:04+00:00,True,False,review,5,,5,4,2,2,11,,0
blind_20260828_dev_0001723,1,attack,burst,attack_burst,7,2026-07-14 23:18:04+00:00,True,False,review,7,,7,6,3,2,13,,0
blind_20260828_dev_0001724,1,attack,burst,attack_burst,8,2026-07-25 18:57:03+00:00,True,True,review,5,6,5,4,3,2,10,14,2
blind_20260828_dev_0001725,1,attack,burst,attack_burst,12,2026-07-13 05:23:01+00:00,True,True,review,5,6,5,4,2,2,8,9,6
blind_20260828_dev_0001726,1,attack,burst,attack_burst,18,2026-07-10 03:58:03+00:00,True,True,review,4,6,4,3,1,1,7,13,12
blind_20260828_dev_0001727,1,attack,burst,attack_burst,24,2026-07-26 13:10:02+00:00,True,True,review,4,6,4,2,3,2,6,10,18
blind_20260828_dev_0001728,1,attack,burst,attack_burst,18,2026-07-20 08:35:08+00:00,True,True,review,5,6,5,4,2,2,52,63,12
blind_20260828_dev_0001729,1,attack,burst,attack_burst,6,2026-07-30 16:11:02+00:00,True,False,review,5,,5,4,3,3,9,,0
blind_20260828_dev_0001730,1,attack,burst,attack_burst,6,2026-07-30 20:12:09+00:00,True,True,review,5,6,5,4,3,2,61,77,0
blind_20260828_dev_0001731,1,attack,burst,attack_burst,9,2026-07-18 07:41:02+00:00,True,True,review,5,6,5,4,2,1,11,13,3
blind_20260828_dev_0001732,1,attack,burst,attack_burst,6,2026-07-05 02:18:04+00:00,True,False,review,6,,6,5,2,2,16,,0
blind_20260828_dev_0001733,1,attack,burst,attack_burst,10,2026-07-19 17:31:02+00:00,True,True,review,5,6,5,3,3,3,8,10,4
blind_20260828_dev_0001734,1,attack,burst,attack_burst,11,2026-07-19 17:29:04+00:00,True,True,review,6,7,6,4,4,3,10,12,4
blind_20260828_dev_0001735,1,attack,burst,attack_burst,6,2026-07-23 03:32:02+00:00,True,False,review,6,,6,5,2,2,11,,0
blind_20260828_dev_0001736,1,attack,burst,attack_burst,19,2026-07-21 08:28:02+00:00,True,True,review,5,6,5,4,2,2,13,15,13
blind_20260828_dev_0001737,1,attack,burst,attack_burst,23,2026-07-13 06:49:03+00:00,True,True,review,4,6,4,2,3,2,7,12,17
blind_20260828_dev_0001738,1,attack,burst,attack_burst,21,2026-07-14 22:00:01+00:00,True,True,review,5,6,5,4,2,2,10,11,15
blind_20260828_dev_0001739,1,attack,burst,attack_burst,7,2026-07-25 03:43:22+00:00,True,True,review,5,7,5,4,2,2,73,99,0
blind_20260828_dev_0001740,1,attack,burst,attack_burst,11,2026-07-13 15:50:01+00:00,True,True,review,4,6,4,3,3,3,8,14,5
blind_20260828_dev_0001741,1,attack,burst,attack_burst,11,2026-07-21 12:13:02+00:00,True,True,review,6,7,6,5,3,3,12,14,4
blind_20260828_dev_0001742,1,attack,burst,attack_burst,8,2026-07-06 23:50:03+00:00,True,True,review,5,6,5,3,2,2,8,12,2
blind_20260828_dev_0001743,1,attack,burst,attack_burst,8,2026-07-02 07:33:22+00:00,True,True,review,4,7,4,3,3,2,47,91,1
blind_20260828_dev_0001744,1,attack,burst,attack_burst,19,2026-07-08 05:52:11+00:00,True,True,review,6,7,6,5,2,2,77,87,12
blind_20260828_dev_0001745,1,attack,burst,attack_burst,8,2026-07-11 17:55:02+00:00,True,True,review,4,6,4,3,3,3,10,14,2
blind_20260828_dev_0001746,1,attack,burst,attack_burst,7,2026-07-23 04:12:03+00:00,True,True,review,5,6,5,4,2,2,13,17,1
blind_20260828_dev_0001747,1,attack,burst,attack_burst,9,2026-07-21 08:22:03+00:00,True,True,review,4,6,4,3,4,3,7,10,3
blind_20260828_dev_0001748,1,attack,burst,attack_burst,11,2026-07-29 10:20:02+00:00,True,True,review,5,6,5,4,1,1,10,11,5
blind_20260828_dev_0001749,1,attack,burst,attack_burst,12,2026-07-24 22:21:02+00:00,True,True,review,5,6,5,4,3,2,9,13,6
blind_20260828_dev_0001750,1,attack,burst,attack_burst,9,2026-07-07 23:14:02+00:00,True,True,review,6,7,6,5,1,1,12,15,2
blind_20260828_dev_0001751,1,attack,burst,attack_burst,8,2026-07-11 19:11:01+00:00,True,True,review,6,7,6,4,4,2,12,16,1
blind_20260828_dev_0001752,1,attack,burst,attack_burst,8,2026-07-03 18:34:23+00:00,True,True,review,5,6,5,4,2,2,57,66,2
blind_20260828_dev_0001753,1,attack,burst,attack_burst,16,2026-07-14 14:05:02+00:00,True,True,review,5,7,5,3,2,1,11,13,9
blind_20260828_dev_0001754,1,attack,burst,attack_burst,11,2026-07-13 23:09:03+00:00,True,True,review,6,7,6,5,2,2,13,17,4
blind_20260828_dev_0001755,1,attack,burst,attack_burst,7,2026-07-07 20:52:02+00:00,True,True,review,5,7,5,4,3,2,14,20,0
blind_20260828_dev_0001756,1,attack,burst,attack_burst,10,2026-07-06 11:36:02+00:00,True,True,review,6,7,6,5,2,2,14,15,3
blind_20260828_dev_0001757,1,attack,burst,attack_burst,6,2026-07-01 15:57:02+00:00,True,True,review,4,6,4,3,3,3,11,19,0
blind_20260828_dev_0001758,1,attack,burst,attack_burst,8,2026-07-18 23:11:03+00:00,True,True,review,6,7,6,5,3,2,13,14,1
blind_20260828_dev_0001759,1,attack,burst,attack_burst,11,2026-07-06 05:19:03+00:00,True,True,review,6,7,6,5,1,1,13,14,4
blind_20260828_dev_0001760,1,attack,burst,attack_burst,8,2026-07-24 02:21:23+00:00,True,True,review,6,7,6,5,3,3,84,93,1
blind_20260828_dev_0001761,1,attack,burst,attack_burst,12,2026-07-10 11:32:01+00:00,True,True,review,5,6,5,4,3,2,12,16,6
blind_20260828_dev_0001762,1,attack,burst,attack_burst,12,2026-07-30 18:47:04+00:00,True,True,review,6,7,6,5,4,3,12,14,5
blind_20260828_dev_0001763,1,attack,burst,attack_burst,7,2026-07-22 10:36:04+00:00,True,True,review,5,6,5,3,3,2,6,9,1
blind_20260828_dev_0001764,1,attack,burst,attack_burst,12,2026-07-22 23:19:02+00:00,True,True,review,5,7,5,4,3,2,12,18,5
blind_20260828_dev_0001765,1,attack,burst,attack_burst,10,2026-07-20 15:46:01+00:00,True,True,review,5,6,5,4,3,2,12,16,4
blind_20260828_dev_0001766,1,attack,burst,attack_burst,8,2026-07-29 11:49:03+00:00,True,True,review,5,6,5,4,1,1,7,8,2
blind_20260828_dev_0001767,1,attack,burst,attack_burst,11,2026-07-23 16:07:01+00:00,True,True,review,5,6,5,4,3,3,13,14,5
blind_20260828_dev_0001768,1,attack,burst,attack_burst,7,2026-07-20 21:20:02+00:00,True,True,review,4,6,4,3,3,3,8,15,1
blind_20260828_dev_0001769,1,attack,burst,attack_burst,9,2026-07-27 18:21:01+00:00,True,True,review,5,7,5,4,3,3,12,18,2
blind_20260828_dev_0001770,1,attack,burst,attack_burst,12,2026-07-24 22:10:04+00:00,True,True,review,5,6,5,3,3,2,7,9,6
blind_20260828_dev_0001771,1,attack,burst,attack_burst,12,2026-07-29 17:36:16+00:00,True,True,review,5,6,5,4,4,3,63,85,6
blind_20260828_dev_0001772,1,attack,burst,attack_burst,8,2026-07-23 12:01:04+00:00,True,True,review,4,6,4,3,2,1,8,10,2
blind_20260828_dev_0001773,1,attack,burst,attack_burst,7,2026-07-01 09:51:04+00:00,True,True,review,5,6,5,3,2,1,9,13,1
blind_20260828_dev_0001774,1,attack,burst,attack_burst,12,2026-07-14 03:46:03+00:00,True,True,review,6,7,6,5,2,1,8,10,5
blind_20260828_dev_0001775,1,attack,burst,attack_burst,11,2026-07-24 09:33:01+00:00,True,True,review,6,7,6,4,1,1,13,16,4
blind_20260828_dev_0001776,1,attack,burst,attack_burst,7,2026-07-16 15:00:01+00:00,True,True,review,6,7,6,5,2,1,14,15,0
blind_20260828_dev_0001777,1,attack,burst,attack_burst,12,2026-07-24 10:55:16+00:00,True,True,review,5,6,5,4,4,4,66,83,6
blind_20260828_dev_0001778,1,attack,burst,attack_burst,10,2026-07-11 14:41:03+00:00,True,True,review,5,6,5,4,3,2,8,12,4
blind_20260828_dev_0001779,1,attack,burst,attack_burst,10,2026-07-19 09:49:03+00:00,True,True,review,4,5,4,3,3,3,10,14,5
blind_20260828_dev_0001780,1,attack,burst,attack_burst,8,2026-07-28 17:20:12+00:00,True,True,review,5,6,5,4,4,3,90,111,2
blind_20260828_dev_0001781,1,attack,burst,attack_burst,11,2026-07-04 19:32:03+00:00,True,True,review,4,7,4,3,4,3,8,17,4
blind_20260828_dev_0001782,1,attack,burst,attack_burst,7,2026-07-30 15:23:02+00:00,True,True,review,5,7,5,3,1,1,8,12,0
blind_20260828_dev_0001783,1,attack,burst,attack_burst,9,2026-07-27 18:19:01+00:00,True,True,review,5,7,5,3,1,1,9,17,2
blind_20260828_dev_0001784,1,attack,burst,attack_burst,9,2026-07-17 19:52:22+00:00,True,True,review,5,6,5,4,3,2,74,82,3
blind_20260828_dev_0001785,1,attack,burst,attack_burst,7,2026-07-02 15:30:01+00:00,True,True,review,6,7,6,5,3,3,12,16,0
blind_20260828_dev_0001786,1,attack,burst,attack_burst,11,2026-07-28 21:28:02+00:00,True,True,review,4,6,4,3,3,2,6,13,5
blind_20260828_dev_0001787,1,attack,burst,attack_burst,6,2026-07-15 11:14:03+00:00,True,True,review,5,6,5,4,1,1,11,15,0
blind_20260828_dev_0001788,1,attack,burst,attack_burst,7,2026-07-18 03:35:01+00:00,True,False,review,7,,7,5,2,2,13,,0
blind_20260828_dev_0001789,1,attack,burst,attack_burst,15,2026-07-06 17:31:04+00:00,True,True,review,5,6,5,4,2,2,11,13,9
blind_20260828_dev_0001790,1,attack,burst,attack_burst,15,2026-07-12 01:36:15+00:00,True,True,review,5,7,5,4,3,2,77,172789,8
blind_20260828_dev_0001791,1,attack,burst,attack_burst,7,2026-07-15 16:31:01+00:00,True,True,review,5,7,5,4,2,1,12,18,0
blind_20260828_dev_0001792,1,attack,burst,attack_burst,6,2026-07-05 19:40:02+00:00,True,True,review,5,6,5,4,3,3,14,17,0
blind_20260828_dev_0001793,1,attack,burst,attack_burst,9,2026-07-07 02:05:02+00:00,True,True,review,5,6,5,3,4,2,9,10,3
blind_20260828_dev_0001794,1,attack,burst,attack_burst,7,2026-07-01 18:32:02+00:00,True,True,review,5,6,5,4,3,2,10,14,1
blind_20260828_dev_0001795,1,attack,burst,attack_burst,8,2026-07-12 18:25:10+00:00,True,True,block,6,6,6,5,3,3,93,93,2
blind_20260828_dev_0001796,1,attack,burst,attack_burst,11,2026-07-11 20:30:01+00:00,True,True,review,5,7,5,4,3,3,12,15,4
blind_20260828_dev_0001797,1,attack,burst,attack_burst,12,2026-07-28 22:03:02+00:00,True,True,review,6,7,6,5,2,1,13,14,5
blind_20260828_dev_0001798,1,attack,burst,attack_burst,16,2026-07-04 20:08:04+00:00,True,True,review,6,7,6,5,2,2,14,18,9
blind_20260828_dev_0001799,1,attack,burst,attack_burst,18,2026-07-23 22:47:13+00:00,True,True,review,6,7,6,5,2,2,86,107,11
blind_20260828_dev_0001800,1,attack,burst,attack_burst,8,2026-07-01 06:29:03+00:00,True,True,review,6,7,6,5,3,2,11,13,1
blind_20260828_dev_0001801,1,attack,burst,attack_burst,11,2026-07-01 09:03:13+00:00,True,True,review,6,7,6,5,2,2,87,111,4
blind_20260828_dev_0001802,1,attack,burst,attack_burst,9,2026-07-12 08:05:11+00:00,True,True,review,6,7,6,5,2,2,84,97,2
blind_20260828_dev_0001803,1,attack,burst,attack_burst,11,2026-07-24 02:42:09+00:00,True,True,block,6,6,6,5,3,3,68,68,5
blind_20260828_dev_0001804,1,attack,burst,attack_burst,9,2026-07-15 01:38:02+00:00,True,True,review,5,6,5,4,2,2,10,14,3
blind_20260828_dev_0001805,1,attack,burst,attack_burst,12,2026-07-23 06:51:04+00:00,True,True,review,6,7,6,4,3,3,6,7,5
blind_20260828_dev_0001806,1,attack,burst,attack_burst,11,2026-07-26 16:56:01+00:00,True,True,review,5,6,5,4,2,2,12,16,5
blind_20260828_dev_0001807,1,attack,burst,attack_burst,6,2026-07-03 21:59:02+00:00,True,False,review,5,,5,3,4,2,6,,0
blind_20260828_dev_0001808,1,attack,burst,attack_burst,8,2026-07-29 19:08:03+00:00,True,True,review,5,6,5,4,4,3,10,14,2
blind_20260828_dev_0001809,1,attack,burst,attack_burst,7,2026-07-06 12:56:02+00:00,True,True,review,6,7,6,5,1,1,11,14,0
blind_20260828_dev_0001810,1,attack,burst,attack_burst,7,2026-07-01 03:35:01+00:00,True,True,review,6,7,6,4,2,2,14,15,0
blind_20260828_dev_0001811,1,attack,burst,attack_burst,8,2026-07-13 08:39:01+00:00,True,True,review,5,7,5,4,3,3,6,8,1
blind_20260828_dev_0001812,1,attack,burst,attack_burst,9,2026-07-03 14:38:03+00:00,True,True,review,5,6,5,4,4,3,7,8,3
blind_20260828_dev_0001813,1,attack,burst,attack_burst,10,2026-07-27 11:53:03+00:00,True,True,review,5,6,5,4,3,2,9,11,4
blind_20260828_dev_0001814,1,attack,burst,attack_burst,10,2026-07-16 00:40:04+00:00,True,True,review,5,6,5,4,4,3,6,10,4
blind_20260828_dev_0001815,1,attack,burst,attack_burst,9,2026-07-07 14:24:04+00:00,True,True,review,4,6,4,3,3,3,7,14,3
blind_20260828_dev_0001816,1,attack,burst,attack_burst,11,2026-07-25 09:00:03+00:00,True,True,review,5,7,5,4,3,3,6,11,4
blind_20260828_dev_0001817,1,attack,burst,attack_burst,12,2026-07-07 03:43:03+00:00,True,True,review,6,7,6,4,2,2,13,14,5
blind_20260828_dev_0001818,1,attack,burst,attack_burst,8,2026-07-15 02:50:01+00:00,True,True,review,5,6,5,4,1,1,10,11,2
blind_20260828_dev_0001819,1,attack,burst,attack_burst,7,2026-07-03 13:53:02+00:00,True,True,review,5,6,5,3,2,1,8,12,1
blind_20260828_dev_0001820,1,attack,burst,attack_burst,10,2026-07-16 08:02:12+00:00,True,True,block,6,6,6,5,3,2,69,69,4
blind_20260828_dev_0001821,1,attack,evasive,attack_evasive,16,2026-07-25 19:18:25+00:00,True,True,review,6,8,6,5,2,2,339,573,8
blind_20260828_dev_0001822,1,attack,evasive,attack_evasive,6,2026-07-09 05:11:47+00:00,True,True,review,5,6,5,4,2,1,474,630,0
blind_20260828_dev_0001823,1,attack,evasive,attack_evasive,9,2026-07-23 23:17:20+00:00,True,True,review,5,7,5,4,2,1,323,637,2
blind_20260828_dev_0001824,1,attack,evasive,attack_evasive,5,2026-07-15 04:16:33+00:00,False,False,never,,,5,5,,,,,0
blind_20260828_dev_0001825,1,attack,evasive,attack_evasive,5,2026-07-27 13:32:58+00:00,False,False,never,,,5,5,,,,,0
blind_20260828_dev_0001826,1,attack,evasive,attack_evasive,8,2026-07-20 19:23:20+00:00,True,True,review,7,8,7,6,2,2,781,893,0
blind_20260828_dev_0001827,1,attack,evasive,attack_evasive,6,2026-07-09 02:58:19+00:00,True,True,review,5,6,5,4,4,4,436,538,0
blind_20260828_dev_0001828,1,attack,evasive,attack_evasive,5,2026-07-16 01:02:23+00:00,True,False,review,5,,5,4,2,2,350,,0
blind_20260828_dev_0001829,1,attack,evasive,attack_evasive,7,2026-07-22 22:29:37+00:00,True,True,review,5,6,5,4,3,2,513,581,1
blind_20260828_dev_0001830,1,attack,evasive,attack_evasive,9,2026-07-28 21:48:38+00:00,True,True,review,5,6,5,4,4,3,301,432,3
blind_20260828_dev_0001831,1,attack,evasive,attack_evasive,6,2026-07-04 15:36:23+00:00,True,True,review,5,6,5,4,3,3,292,323,0
blind_20260828_dev_0001832,1,attack,evasive,attack_evasive,8,2026-07-28 12:31:08+00:00,True,True,review,6,7,6,5,2,2,540,610,1
blind_20260828_dev_0001833,1,attack,evasive,attack_evasive,7,2026-07-26 09:35:57+00:00,True,True,review,5,7,5,4,3,3,477,744,0
blind_20260828_dev_0001834,1,attack,evasive,attack_evasive,15,2026-07-27 18:40:55+00:00,True,True,review,5,6,5,4,2,2,222,301,9
blind_20260828_dev_0001835,1,attack,evasive,attack_evasive,8,2026-07-16 16:17:00+00:00,True,True,review,6,7,6,5,2,2,534,690,1
blind_20260828_dev_0001836,1,attack,evasive,attack_evasive,12,2026-07-05 10:37:36+00:00,True,True,review,5,6,5,4,1,1,356,452,6
blind_20260828_dev_0001837,1,attack,evasive,attack_evasive,5,2026-07-11 05:20:18+00:00,True,False,review,5,,5,4,3,2,376,,0
blind_20260828_dev_0001838,1,attack,evasive,attack_evasive,8,2026-07-11 11:24:24+00:00,True,True,review,5,6,5,4,3,3,512,688,2
blind_20260828_dev_0001839,1,attack,evasive,attack_evasive,9,2026-07-11 23:24:30+00:00,True,True,review,5,6,5,4,3,3,344,427,3
blind_20260828_dev_0001840,1,attack,evasive,attack_evasive,15,2026-07-04 10:04:53+00:00,True,True,review,6,7,6,5,2,2,669,740,8
blind_20260828_dev_0001841,1,attack,evasive,attack_evasive,8,2026-07-04 09:15:23+00:00,True,True,review,5,6,5,4,3,2,362,422,2
blind_20260828_dev_0001842,1,attack,evasive,attack_evasive,14,2026-07-13 02:35:31+00:00,True,True,review,5,6,5,4,3,3,343,490,8
blind_20260828_dev_0001843,1,attack,evasive,attack_evasive,6,2026-07-19 13:01:44+00:00,True,False,review,5,,5,4,2,2,453,,0
blind_20260828_dev_0001844,1,attack,evasive,attack_evasive,15,2026-07-20 17:16:08+00:00,True,True,review,5,6,5,4,5,4,215,353,9
blind_20260828_dev_0001845,1,attack,evasive,attack_evasive,8,2026-07-22 13:58:32+00:00,True,True,review,5,7,5,4,4,3,619,919,1
blind_20260828_dev_0001846,1,attack,evasive,attack_evasive,9,2026-07-05 19:11:53+00:00,True,True,review,6,7,6,5,3,2,488,530,2
blind_20260828_dev_0001847,1,attack,evasive,attack_evasive,12,2026-07-14 09:02:49+00:00,True,True,review,5,7,5,4,2,2,382,86456,5
blind_20260828_dev_0001848,1,attack,evasive,attack_evasive,5,2026-07-28 00:15:59+00:00,False,False,never,,,5,5,,,,,0
blind_20260828_dev_0001849,1,attack,evasive,attack_evasive,5,2026-07-08 11:06:25+00:00,False,False,never,,,5,5,,,,,0
blind_20260828_dev_0001850,1,attack,evasive,attack_evasive,9,2026-07-15 03:14:10+00:00,True,True,review,6,7,6,5,2,1,535,695,2
blind_20260828_dev_0001851,1,attack,evasive,attack_evasive,14,2026-07-01 21:18:36+00:00,True,True,review,5,8,5,4,2,2,257,172927,6
blind_20260828_dev_0001852,1,attack,evasive,attack_evasive,6,2026-07-21 16:27:45+00:00,True,False,review,6,,6,5,2,2,514,,0
blind_20260828_dev_0001853,1,attack,evasive,attack_evasive,7,2026-07-06 00:00:22+00:00,True,True,review,6,7,6,5,3,3,316,433,0
blind_20260828_dev_0001854,1,attack,evasive,attack_evasive,15,2026-07-19 04:37:16+00:00,True,True,review,6,7,6,5,4,3,308,369,8
blind_20260828_dev_0001855,1,attack,evasive,attack_evasive,7,2026-07-28 01:27:20+00:00,True,True,review,5,6,5,4,3,3,307,442,1
blind_20260828_dev_0001856,1,attack,evasive,attack_evasive,5,2026-07-16 17:04:17+00:00,False,False,never,,,5,5,,,,,0
blind_20260828_dev_0001857,1,attack,evasive,attack_evasive,17,2026-07-03 20:44:49+00:00,True,True,review,4,6,4,3,1,1,320,447,11
blind_20260828_dev_0001858,1,attack,evasive,attack_evasive,8,2026-07-02 23:39:55+00:00,True,True,review,6,7,6,5,3,3,385,446,1
blind_20260828_dev_0001859,1,attack,evasive,attack_evasive,6,2026-07-19 22:10:15+00:00,True,False,review,6,,6,5,3,2,505,,0
blind_20260828_dev_0001860,1,attack,evasive,attack_evasive,8,2026-07-19 22:16:43+00:00,True,True,review,6,7,6,5,2,2,375,483,1
blind_20260828_dev_0001861,1,attack,evasive,attack_evasive,5,2026-07-28 18:17:10+00:00,False,False,never,,,5,5,,,,,0
blind_20260828_dev_0001862,1,attack,evasive,attack_evasive,15,2026-07-25 20:56:28+00:00,True,True,review,5,6,5,4,3,2,547,698,9
blind_20260828_dev_0001863,1,attack,evasive,attack_evasive,7,2026-07-23 09:23:43+00:00,True,True,review,5,7,5,4,2,2,417,600,0
blind_20260828_dev_0001864,1,attack,evasive,attack_evasive,9,2026-07-28 21:59:37+00:00,True,True,review,5,6,5,4,3,3,417,583,3
blind_20260828_dev_0001865,1,attack,evasive,attack_evasive,5,2026-07-23 17:59:48+00:00,True,False,review,5,,5,4,3,3,368,,0
blind_20260828_dev_0001866,1,attack,evasive,attack_evasive,7,2026-07-11 09:36:36+00:00,True,True,review,6,7,6,5,3,2,615,728,0
blind_20260828_dev_0001867,1,attack,evasive,attack_evasive,7,2026-07-11 16:20:45+00:00,True,True,review,6,7,6,5,3,2,387,475,0
blind_20260828_dev_0001868,1,attack,evasive,attack_evasive,6,2026-07-03 15:19:12+00:00,True,False,review,5,,5,4,2,2,331,,0
blind_20260828_dev_0001869,1,attack,evasive,attack_evasive,7,2026-07-12 10:59:24+00:00,True,True,review,5,7,5,4,3,3,481,636,0
blind_20260828_dev_0001870,1,attack,evasive,attack_evasive,9,2026-07-17 21:25:53+00:00,True,True,review,5,6,5,4,4,3,485,619,3
blind_20260828_dev_0001871,1,attack,evasive,attack_evasive,7,2026-07-30 22:17:41+00:00,True,True,review,5,6,5,4,3,3,437,575,1
blind_20260828_dev_0001872,1,attack,evasive,attack_evasive,20,2026-07-04 07:01:06+00:00,True,True,review,5,6,5,4,4,3,328,504,14
blind_20260828_dev_0001873,1,attack,evasive,attack_evasive,13,2026-07-13 20:02:47+00:00,True,True,review,5,7,5,4,2,2,392,259203,6
blind_20260828_dev_0001874,1,attack,evasive,attack_evasive,6,2026-07-01 07:53:41+00:00,True,True,review,5,6,5,4,2,1,480,597,0
blind_20260828_dev_0001875,1,attack,evasive,attack_evasive,5,2026-07-11 13:22:51+00:00,True,False,review,4,,4,3,1,1,270,,0
blind_20260828_dev_0001876,1,attack,evasive,attack_evasive,7,2026-07-24 03:57:26+00:00,True,True,review,6,7,6,5,3,2,299,349,0
blind_20260828_dev_0001877,1,attack,evasive,attack_evasive,23,2026-07-09 00:49:57+00:00,True,True,review,5,6,5,4,2,1,319,421,17
blind_20260828_dev_0001878,1,attack,evasive,attack_evasive,5,2026-07-24 13:17:25+00:00,True,False,review,5,,5,4,2,2,424,,0
blind_20260828_dev_0001879,1,attack,evasive,attack_evasive,9,2026-07-03 21:32:48+00:00,True,True,review,5,6,5,4,4,3,524,655,3
blind_20260828_dev_0001880,1,attack,evasive,attack_evasive,8,2026-07-21 00:39:26+00:00,True,True,review,5,7,5,4,2,2,410,482,1
blind_20260828_dev_0001881,1,attack,evasive,attack_evasive,5,2026-07-10 13:01:43+00:00,False,False,never,,,5,5,,,,,0
blind_20260828_dev_0001882,1,attack,evasive,attack_evasive,7,2026-07-24 07:10:11+00:00,True,True,review,5,6,5,4,2,2,249,411,1
blind_20260828_dev_0001883,1,attack,evasive,attack_evasive,9,2026-07-10 01:05:27+00:00,True,True,review,5,6,5,4,3,3,432,486,3
blind_20260828_dev_0001884,1,attack,evasive,attack_evasive,7,2026-07-20 16:24:30+00:00,True,True,review,6,7,6,5,2,2,343,393,0
blind_20260828_dev_0001885,1,attack,evasive,attack_evasive,6,2026-07-19 12:26:53+00:00,True,False,review,6,,6,5,3,3,548,,0
blind_20260828_dev_0001886,1,attack,evasive,attack_evasive,6,2026-07-13 04:11:41+00:00,True,False,review,5,,5,4,2,1,488,,0
blind_20260828_dev_0001887,1,attack,evasive,attack_evasive,5,2026-07-24 17:07:34+00:00,False,False,never,,,5,5,,,,,0
blind_20260828_dev_0001888,1,attack,evasive,attack_evasive,9,2026-07-18 12:51:35+00:00,True,True,review,5,6,5,4,4,4,478,519,3
blind_20260828_dev_0001889,1,attack,evasive,attack_evasive,7,2026-07-17 18:21:31+00:00,True,True,review,5,6,5,4,2,2,474,641,1
blind_20260828_dev_0001890,1,attack,evasive,attack_evasive,8,2026-07-12 17:26:27+00:00,True,True,review,5,6,5,4,5,4,546,651,2
blind_20260828_dev_0001891,1,attack,evasive,attack_evasive,6,2026-07-28 19:24:55+00:00,True,True,review,5,6,5,4,3,3,347,461,0
blind_20260828_dev_0001892,1,attack,evasive,attack_evasive,7,2026-07-18 09:02:12+00:00,True,True,review,5,7,5,4,3,2,492,689,0
blind_20260828_dev_0001893,1,attack,evasive,attack_evasive,9,2026-07-23 01:51:06+00:00,True,True,review,6,7,6,5,2,1,692,859,2
blind_20260828_dev_0001894,1,attack,evasive,attack_evasive,6,2026-07-23 14:36:47+00:00,True,False,review,6,,6,5,3,3,509,,0
blind_20260828_dev_0001895,1,attack,evasive,attack_evasive,7,2026-07-30 04:45:24+00:00,True,True,review,5,7,5,4,3,2,301,562,0
blind_20260828_dev_0001896,1,attack,evasive,attack_evasive,5,2026-07-20 22:41:37+00:00,True,False,review,5,,5,4,3,2,356,,0
blind_20260828_dev_0001897,1,attack,evasive,attack_evasive,15,2026-07-07 16:10:38+00:00,True,True,review,6,7,6,5,2,1,527,548,8
blind_20260828_dev_0001898,1,attack,evasive,attack_evasive,8,2026-07-14 06:43:53+00:00,True,True,review,5,7,5,4,1,1,409,756,1
blind_20260828_dev_0001899,1,attack,evasive,attack_evasive,5,2026-07-26 22:00:59+00:00,False,False,never,,,5,5,,,,,0
blind_20260828_dev_0001900,1,attack,evasive,attack_evasive,15,2026-07-04 05:38:28+00:00,True,True,review,5,7,5,4,2,2,288,521,8
blind_20260828_dev_0001901,1,attack,evasive,attack_evasive,8,2026-07-12 03:57:26+00:00,True,True,review,6,7,6,5,3,3,687,744,1
blind_20260828_dev_0001902,1,attack,evasive,attack_evasive,5,2026-07-20 04:43:03+00:00,True,False,review,5,,5,4,2,1,462,,0
blind_20260828_dev_0001903,1,attack,evasive,attack_evasive,9,2026-07-23 09:23:43+00:00,True,True,review,6,7,6,5,2,2,415,451,2
blind_20260828_dev_0001904,1,attack,evasive,attack_evasive,7,2026-07-28 09:58:22+00:00,True,True,review,6,7,6,5,3,3,387,493,0
blind_20260828_dev_0001905,1,attack,evasive,attack_evasive,5,2026-07-12 12:31:19+00:00,False,False,never,,,5,5,,,,,0
blind_20260828_dev_0001906,1,attack,evasive,attack_evasive,8,2026-07-08 10:53:03+00:00,True,True,review,5,8,5,4,2,2,561,820,0
blind_20260828_dev_0001907,1,attack,evasive,attack_evasive,5,2026-07-20 02:05:49+00:00,False,False,never,,,5,5,,,,,0
blind_20260828_dev_0001908,1,attack,evasive,attack_evasive,8,2026-07-13 18:13:47+00:00,True,True,review,5,6,5,4,3,2,303,383,2
blind_20260828_dev_0001909,1,attack,evasive,attack_evasive,15,2026-07-07 14:04:51+00:00,True,True,review,5,6,5,4,3,2,518,555,9
blind_20260828_dev_0001910,1,attack,evasive,attack_evasive,7,2026-07-11 07:53:41+00:00,True,True,review,5,6,5,4,2,2,531,707,1
blind_20260828_dev_0001911,1,attack,patient,attack_patient,5,2026-07-24 02:36:27+00:00,True,False,review,5,,5,4,2,1,86665,,0
blind_20260828_dev_0001912,1,attack,patient,attack_patient,7,2026-07-14 18:43:08+00:00,True,True,review,6,7,6,5,3,2,258624,259155,0
blind_20260828_dev_0001913,1,attack,patient,attack_patient,8,2026-07-07 18:52:07+00:00,True,True,review,6,7,6,5,3,3,346040,431041,1
blind_20260828_dev_0001914,1,attack,patient,attack_patient,9,2026-07-17 13:28:51+00:00,True,True,review,6,7,6,5,2,2,518987,519653,2
blind_20260828_dev_0001915,1,attack,patient,attack_patient,8,2026-07-01 21:34:50+00:00,True,True,review,5,7,5,4,5,4,518405,691464,1
blind_20260828_dev_0001916,1,attack,patient,attack_patient,12,2026-07-01 14:35:43+00:00,True,True,review,5,7,5,4,2,2,260365,346113,5
blind_20260828_dev_0001917,1,attack,patient,attack_patient,5,2026-07-23 03:09:31+00:00,False,False,never,,,5,5,,,,,0
blind_20260828_dev_0001918,1,attack,patient,attack_patient,4,2026-07-21 17:08:59+00:00,False,False,never,,,4,4,,,,,0
blind_20260828_dev_0001919,1,attack,patient,attack_patient,5,2026-07-08 12:01:39+00:00,False,False,never,,,5,5,,,,,0
blind_20260828_dev_0001920,1,attack,patient,attack_patient,8,2026-07-08 02:13:29+00:00,True,True,review,6,7,6,5,3,3,258951,259156,1
blind_20260828_dev_0001921,1,attack,patient,attack_patient,6,2026-07-15 14:16:06+00:00,True,False,review,5,,5,4,3,2,260333,,0
blind_20260828_dev_0001922,1,attack,patient,attack_patient,6,2026-07-17 11:47:29+00:00,True,True,review,5,6,5,4,4,3,259387,260535,0
blind_20260828_dev_0001923,1,attack,patient,attack_patient,8,2026-07-09 17:15:15+00:00,True,True,review,7,8,7,6,2,2,432547,433612,0
blind_20260828_dev_0001924,1,attack,patient,attack_patient,9,2026-07-10 14:47:52+00:00,True,True,review,6,7,6,5,3,2,432705,433870,2
blind_20260828_dev_0001925,1,attack,patient,attack_patient,5,2026-07-15 16:40:52+00:00,False,False,never,,,5,5,,,,,0
blind_20260828_dev_0001926,1,attack,patient,attack_patient,5,2026-07-19 00:39:38+00:00,False,False,never,,,5,5,,,,,0
blind_20260828_dev_0001927,1,attack,patient,attack_patient,6,2026-07-02 05:51:04+00:00,True,True,review,5,6,5,4,3,3,87491,87716,0
blind_20260828_dev_0001928,1,attack,patient,attack_patient,5,2026-07-11 11:36:10+00:00,True,False,review,5,,5,4,3,2,260069,,0
blind_20260828_dev_0001929,1,attack,patient,attack_patient,9,2026-07-23 15:39:38+00:00,True,True,review,7,8,7,6,2,2,692101,693000,1
blind_20260828_dev_0001930,1,attack,patient,attack_patient,5,2026-07-06 11:20:18+00:00,True,False,review,5,,5,4,3,2,86934,,0
blind_20260828_dev_0001931,1,attack,patient,attack_patient,8,2026-07-16 05:07:27+00:00,True,True,review,5,6,5,4,1,1,87460,88650,2
blind_20260828_dev_0001932,1,attack,patient,attack_patient,9,2026-07-11 18:06:59+00:00,True,True,review,6,7,6,5,1,1,258928,260084,2
blind_20260828_dev_0001933,1,attack,patient,attack_patient,5,2026-07-19 20:11:02+00:00,False,False,never,,,5,5,,,,,0
blind_20260828_dev_0001934,1,attack,patient,attack_patient,11,2026-07-05 04:17:14+00:00,True,True,review,6,7,6,5,3,3,431593,431791,4
blind_20260828_dev_0001935,1,attack,patient,attack_patient,4,2026-07-26 03:17:17+00:00,False,False,never,,,4,4,,,,,0
blind_20260828_dev_0001936,1,attack,patient,attack_patient,11,2026-07-08 05:09:24+00:00,True,True,review,5,6,5,4,3,2,173422,259818,5
blind_20260828_dev_0001937,1,attack,patient,attack_patient,6,2026-07-27 05:42:00+00:00,True,False,review,6,,6,5,3,3,260000,,0
blind_20260828_dev_0001938,1,attack,patient,attack_patient,12,2026-07-24 14:10:49+00:00,True,True,review,6,7,6,5,3,2,173713,431881,5
blind_20260828_dev_0001939,1,attack,patient,attack_patient,6,2026-07-09 12:20:57+00:00,True,False,review,5,,5,4,3,3,260485,,0
blind_20260828_dev_0001940,1,attack,patient,attack_patient,9,2026-07-21 10:48:42+00:00,True,True,review,5,6,5,4,2,2,88580,345871,3
blind_20260828_dev_0001941,1,attack,patient,attack_patient,10,2026-07-02 12:16:02+00:00,True,True,review,6,7,6,5,4,3,258571,259413,3
blind_20260828_dev_0001942,1,attack,patient,attack_patient,5,2026-07-29 12:18:59+00:00,True,False,review,5,,5,4,4,3,87235,,0
blind_20260828_dev_0001943,1,attack,patient,attack_patient,7,2026-07-07 21:53:26+00:00,True,False,review,7,,7,6,3,3,259887,,0
blind_20260828_dev_0001944,1,attack,patient,attack_patient,10,2026-07-22 10:10:01+00:00,True,True,review,5,6,5,4,3,3,86995,172634,4
blind_20260828_dev_0001945,1,attack,patient,attack_patient,10,2026-07-18 23:43:00+00:00,True,True,review,6,8,6,5,2,2,345837,347487,2
blind_20260828_dev_0001946,1,attack,patient,attack_patient,11,2026-07-04 01:41:02+00:00,True,True,review,7,8,7,6,2,2,346540,347134,3
blind_20260828_dev_0001947,1,attack,patient,attack_patient,5,2026-07-06 22:53:29+00:00,False,False,never,,,5,5,,,,,0
blind_20260828_dev_0001948,1,attack,patient,attack_patient,6,2026-07-29 23:11:45+00:00,True,False,review,6,,6,5,1,1,346454,,0
blind_20260828_dev_0001949,1,attack,patient,attack_patient,8,2026-07-13 02:09:45+00:00,True,True,review,5,6,5,4,1,1,88360,88894,2
blind_20260828_dev_0001950,1,attack,patient,attack_patient,9,2026-07-27 12:35:05+00:00,True,True,review,7,8,7,6,3,3,347192,605578,1
blind_20260828_dev_0001951,1,attack,patient,attack_patient,10,2026-07-29 20:00:30+00:00,True,True,review,6,7,6,5,3,2,345617,345894,3
blind_20260828_dev_0001952,1,attack,patient,attack_patient,8,2026-07-13 08:17:11+00:00,True,True,review,5,6,5,4,3,3,87361,87928,2
blind_20260828_dev_0001953,1,attack,patient,attack_patient,5,2026-07-21 22:26:52+00:00,False,False,never,,,5,5,,,,,0
blind_20260828_dev_0001954,1,attack,patient,attack_patient,4,2026-07-16 08:15:36+00:00,False,False,never,,,4,4,,,,,0
blind_20260828_dev_0001955,1,attack,patient,attack_patient,4,2026-07-02 22:37:55+00:00,False,False,never,,,4,4,,,,,0
blind_20260828_dev_0001956,1,attack,patient,attack_patient,12,2026-07-13 06:04:28+00:00,True,True,review,5,6,5,4,4,4,259530,260311,6
blind_20260828_dev_0001957,1,attack,patient,attack_patient,7,2026-07-24 08:46:28+00:00,True,True,review,6,7,6,5,2,2,346015,346679,0
blind_20260828_dev_0001958,1,attack,patient,attack_patient,9,2026-07-22 00:40:17+00:00,True,True,review,6,7,6,5,2,1,433276,434122,2
blind_20260828_dev_0001959,1,attack,patient,attack_patient,8,2026-07-29 14:22:54+00:00,True,True,review,6,7,6,5,4,4,346667,517874,1
blind_20260828_dev_0001960,1,attack,patient,attack_patient,4,2026-07-21 17:27:17+00:00,False,False,never,,,4,4,,,,,0
blind_20260828_dev_0001961,1,attack,patient,attack_patient,7,2026-07-11 00:12:36+00:00,True,False,review,5,,5,4,2,2,88296,,0
blind_20260828_dev_0001962,1,attack,patient,attack_patient,9,2026-07-11 18:26:06+00:00,True,True,review,6,7,6,5,4,3,518837,777484,2
blind_20260828_dev_0001963,1,attack,patient,attack_patient,6,2026-07-02 10:33:25+00:00,True,False,review,6,,6,5,4,3,261822,,0
blind_20260828_dev_0001964,1,attack,patient,attack_patient,5,2026-07-30 11:15:17+00:00,True,False,review,5,,5,4,2,2,259420,,0
blind_20260828_dev_0001965,1,attack,patient,attack_patient,8,2026-07-21 22:11:32+00:00,True,True,review,5,6,5,4,2,2,87417,88324,2
blind_20260828_dev_0001966,1,attack,patient,attack_patient,8,2026-07-20 09:25:46+00:00,True,True,review,6,8,6,5,2,1,173334,346431,0
blind_20260828_dev_0001967,1,attack,patient,attack_patient,6,2026-07-06 03:39:00+00:00,True,True,review,5,6,5,4,3,3,87472,87841,0
blind_20260828_dev_0001968,1,attack,patient,attack_patient,6,2026-07-03 09:34:18+00:00,True,True,review,5,6,5,4,2,2,86456,86682,0
blind_20260828_dev_0001969,1,attack,patient,attack_patient,8,2026-07-20 06:08:16+00:00,True,True,review,6,7,6,5,2,2,345833,346267,1
blind_20260828_dev_0001970,1,attack,patient,attack_patient,7,2026-07-26 05:02:06+00:00,True,False,review,6,,6,5,1,1,345338,,0
blind_20260828_dev_0001971,1,attack,patient,attack_patient,8,2026-07-18 08:08:51+00:00,True,True,review,4,6,4,3,2,1,259269,260278,2
blind_20260828_dev_0001972,1,attack,patient,attack_patient,4,2026-07-30 19:23:56+00:00,False,False,never,,,4,4,,,,,0
blind_20260828_dev_0001973,1,attack,patient,attack_patient,7,2026-07-29 14:56:55+00:00,True,False,review,6,,6,5,2,2,259402,,0
blind_20260828_dev_0001974,1,attack,patient,attack_patient,7,2026-07-03 12:05:35+00:00,True,True,review,6,7,6,5,3,3,519846,520166,0
blind_20260828_dev_0001975,1,attack,patient,attack_patient,9,2026-07-08 03:49:00+00:00,True,True,review,5,6,5,4,2,2,86927,87581,3
blind_20260828_dev_0001976,1,attack,patient,attack_patient,5,2026-07-03 17:05:51+00:00,False,False,never,,,5,5,,,,,0
blind_20260828_dev_0001977,1,attack,patient,attack_patient,9,2026-07-27 17:43:56+00:00,True,True,review,6,7,6,5,3,3,432093,432552,2
blind_20260828_dev_0001978,1,attack,patient,attack_patient,8,2026-07-12 05:46:31+00:00,True,True,review,5,7,5,4,3,3,258795,519650,1
blind_20260828_dev_0001979,1,attack,patient,attack_patient,12,2026-07-11 08:52:39+00:00,True,True,review,5,6,5,4,5,4,86847,87802,6
blind_20260828_dev_0001980,1,attack,patient,attack_patient,10,2026-07-12 15:50:35+00:00,True,True,review,4,5,4,3,1,1,86097,86356,5
blind_20260828_dev_0001981,1,attack,patient,attack_patient,5,2026-07-25 16:13:00+00:00,False,False,never,,,5,5,,,,,0
blind_20260828_dev_0001982,1,attack,patient,attack_patient,5,2026-07-18 00:54:48+00:00,False,False,never,,,5,5,,,,,0
blind_20260828_dev_0001983,1,attack,patient,attack_patient,5,2026-07-21 13:25:05+00:00,False,False,never,,,5,5,,,,,0
blind_20260828_dev_0001984,1,attack,patient,attack_patient,11,2026-07-11 11:04:50+00:00,True,True,review,6,7,6,5,2,2,174462,431646,4
blind_20260828_dev_0001985,1,attack,patient,attack_patient,7,2026-07-25 05:54:07+00:00,True,True,review,6,7,6,5,3,2,432234,432569,0
blind_20260828_dev_0001986,1,attack,patient,attack_patient,7,2026-07-03 12:36:22+00:00,True,True,review,5,6,5,4,3,2,86870,259599,1
blind_20260828_dev_0001987,1,attack,patient,attack_patient,9,2026-07-30 12:36:58+00:00,True,True,review,5,6,5,4,3,2,87106,87560,3
blind_20260828_dev_0001988,1,attack,patient,attack_patient,8,2026-07-19 09:08:25+00:00,True,True,review,5,7,5,4,4,4,517870,690964,1
blind_20260828_dev_0001989,1,attack,patient,attack_patient,8,2026-07-06 20:50:32+00:00,True,True,review,5,6,5,4,4,4,86989,172540,2
blind_20260828_dev_0001990,1,attack,patient,attack_patient,5,2026-07-11 11:52:29+00:00,True,False,review,5,,5,4,2,2,259988,,0
blind_20260828_dev_0001991,1,attack,patient,attack_patient,5,2026-07-11 03:49:43+00:00,False,False,never,,,5,5,,,,,0
blind_20260828_dev_0001992,1,attack,patient,attack_patient,11,2026-07-13 19:55:46+00:00,True,True,review,5,6,5,4,3,3,87635,259092,5
blind_20260828_dev_0001993,1,attack,patient,attack_patient,8,2026-07-05 15:37:50+00:00,True,True,review,5,7,5,4,1,1,258558,517664,1
blind_20260828_dev_0001994,1,attack,patient,attack_patient,8,2026-07-10 05:14:38+00:00,True,True,review,6,7,6,5,2,2,431850,432193,1
blind_20260828_dev_0001995,1,attack,patient,attack_patient,11,2026-07-01 22:00:04+00:00,True,True,review,5,7,5,4,3,3,260506,432540,4
blind_20260828_dev_0001996,1,attack,patient,attack_patient,10,2026-07-20 22:28:04+00:00,True,True,review,6,7,6,5,2,2,346435,347097,3
blind_20260828_dev_0001997,1,attack,patient,attack_patient,9,2026-07-04 15:30:23+00:00,True,True,review,6,7,6,5,2,2,174472,259458,2
blind_20260828_dev_0001998,1,attack,patient,attack_patient,6,2026-07-03 18:34:17+00:00,True,False,review,6,,6,5,4,4,346690,,0
blind_20260828_dev_0001999,1,attack,patient,attack_patient,10,2026-07-03 01:53:36+00:00,True,True,review,4,6,4,3,3,2,86253,345799,4
blind_20260828_dev_0002000,1,attack,patient,attack_patient,5,2026-07-20 19:46:19+00:00,True,False,review,4,,4,3,1,1,86243,,0
