device_id,label,population,attack_subtype,scenario_tag,request_index,first_request_time,review_or_higher,blocked,first_action,first_review_or_higher_request,first_block_request,requests_scored_through_first_action,authorizations_processed_before_first_action,distinct_cards_requested_through_first_action,distinct_cards_processed_before_first_action,seconds_to_first_review,seconds_to_first_block,potentially_preventable_later_requests_upper_bound
cv_20260827_dev_0000001,0,normal,,normal_standard,1,2026-05-09 14:17:47+00:00,False,False,never,,,1,1,,,,,0
cv_20260827_dev_0000002,0,normal,,normal_standard,1,2026-05-04 02:45:20+00:00,False,False,never,,,1,1,,,,,0
cv_20260827_dev_0000003,0,normal,,normal_standard,1,2026-05-26 08:25:36+00:00,False,False,never,,,1,1,,,,,0
cv_20260827_dev_0000004,0,normal,,normal_standard,3,2026-05-08 17:23:22+00:00,False,False,never,,,3,3,,,,,0
cv_20260827_dev_0000005,0,normal,,normal_standard,1,2026-05-03 23:46:37+00:00,False,False,never,,,1,1,,,,,0
cv_20260827_dev_0000006,0,normal,,normal_standard,1,2026-05-13 19:29:38+00:00,False,False,never,,,1,1,,,,,0
cv_20260827_dev_0000007,0,normal,,normal_standard,1,2026-05-14 17:48:10+00:00,False,False,never,,,1,1,,,,,0
cv_20260827_dev_0000008,0,normal,,normal_standard,1,2026-05-23 09:47:26+00:00,False,False,never,,,1,1,,,,,0
cv_20260827_dev_0000009,0,normal,,normal_standard,1,2026-05-28 08:48:17+00:00,False,False,never,,,1,1,,,,,0
cv_20260827_dev_0000010,0,normal,,normal_standard,1,2026-05-25 14:22:36+00:00,False,False,never,,,1,1,,,,,0
cv_20260827_dev_0000011,0,normal,,normal_standard,2,2026-05-04 02:50:09+00:00,False,False,never,,,2,2,,,,,0
cv_20260827_dev_0000012,0,normal,,normal_standard,1,2026-05-03 19:36:15+00:00,False,False,never,,,1,1,,,,,0
cv_20260827_dev_0000013,0,normal,,normal_standard,1,2026-05-23 07:10:43+00:00,False,False,never,,,1,1,,,,,0
cv_20260827_dev_0000014,0,normal,,normal_standard,1,2026-05-28 15:25:26+00:00,False,False,never,,,1,1,,,,,0
cv_20260827_dev_0000015,0,normal,,normal_standard,1,2026-05-03 09:26:49+00:00,False,False,never,,,1,1,,,,,0
cv_20260827_dev_0000016,0,normal,,normal_standard,1,2026-05-26 18:08:49+00:00,False,False,never,,,1,1,,,,,0
cv_20260827_dev_0000017,0,normal,,normal_standard,1,2026-05-18 01:51:42+00:00,False,False,never,,,1,1,,,,,0
cv_20260827_dev_0000018,0,normal,,normal_standard,1,2026-05-08 20:26:52+00:00,False,False,never,,,1,1,,,,,0
cv_20260827_dev_0000019,0,normal,,normal_standard,1,2026-05-25 08:48:57+00:00,False,False,never,,,1,1,,,,,0
cv_20260827_dev_0000020,0,normal,,normal_standard,1,2026-05-15 15:39:18+00:00,False,False,never,,,1,1,,,,,0
cv_20260827_dev_0000021,0,normal,,normal_standard,1,2026-05-29 07:29:27+00:00,False,False,never,,,1,1,,,,,0
cv_20260827_dev_0000022,0,normal,,normal_standard,1,2026-05-19 08:16:26+00:00,False,False,never,,,1,1,,,,,0
cv_20260827_dev_0000023,0,normal,,normal_standard,1,2026-05-20 08:43:12+00:00,False,False,never,,,1,1,,,,,0
cv_20260827_dev_0000024,0,normal,,normal_standard,1,2026-05-19 21:03:15+00:00,False,False,never,,,1,1,,,,,0
cv_20260827_dev_0000025,0,normal,,normal_standard,1,2026-05-24 01:23:30+00:00,False,False,never,,,1,1,,,,,0
cv_20260827_dev_0000026,0,normal,,normal_standard,1,2026-05-17 18:45:48+00:00,False,False,never,,,1,1,,,,,0
cv_20260827_dev_0000027,0,normal,,normal_standard,1,2026-05-13 00:22:53+00:00,False,False,never,,,1,1,,,,,0
cv_20260827_dev_0000028,0,normal,,normal_standard,1,2026-05-19 07:21:01+00:00,False,False,never,,,1,1,,,,,0
cv_20260827_dev_0000029,0,normal,,normal_standard,1,2026-05-20 22:11:49+00:00,False,False,never,,,1,1,,,,,0
cv_20260827_dev_0000030,0,normal,,normal_standard,1,2026-05-01 15:53:53+00:00,False,False,never,,,1,1,,,,,0
cv_20260827_dev_0000031,0,normal,,normal_standard,1,2026-05-24 08:41:23+00:00,False,False,never,,,1,1,,,,,0
cv_20260827_dev_0000032,0,normal,,normal_standard,2,2026-05-28 19:17:27+00:00,False,False,never,,,2,2,,,,,0
cv_20260827_dev_0000033,0,normal,,normal_standard,3,2026-05-09 04:53:45+00:00,False,False,never,,,3,3,,,,,0
cv_20260827_dev_0000034,0,normal,,normal_standard,1,2026-05-12 18:13:45+00:00,False,False,never,,,1,1,,,,,0
cv_20260827_dev_0000035,0,normal,,normal_standard,1,2026-05-27 12:10:45+00:00,False,False,never,,,1,1,,,,,0
cv_20260827_dev_0000036,0,normal,,normal_standard,1,2026-05-07 13:49:13+00:00,False,False,never,,,1,1,,,,,0
cv_20260827_dev_0000037,0,normal,,normal_standard,1,2026-05-10 05:25:50+00:00,False,False,never,,,1,1,,,,,0
cv_20260827_dev_0000038,0,normal,,normal_standard,2,2026-05-26 09:16:20+00:00,False,False,never,,,2,2,,,,,0
cv_20260827_dev_0000039,0,normal,,normal_standard,1,2026-05-16 13:51:53+00:00,False,False,never,,,1,1,,,,,0
cv_20260827_dev_0000040,0,normal,,normal_standard,1,2026-05-01 11:38:07+00:00,False,False,never,,,1,1,,,,,0
cv_20260827_dev_0000041,0,normal,,normal_standard,1,2026-05-04 11:18:35+00:00,False,False,never,,,1,1,,,,,0
cv_20260827_dev_0000042,0,normal,,normal_standard,1,2026-05-12 01:21:35+00:00,False,False,never,,,1,1,,,,,0
cv_20260827_dev_0000043,0,normal,,normal_standard,2,2026-05-30 12:39:18+00:00,False,False,never,,,2,2,,,,,0
cv_20260827_dev_0000044,0,normal,,normal_standard,1,2026-05-28 14:13:32+00:00,False,False,never,,,1,1,,,,,0
cv_20260827_dev_0000045,0,normal,,normal_standard,2,2026-05-23 20:23:31+00:00,False,False,never,,,2,2,,,,,0
cv_20260827_dev_0000046,0,normal,,normal_standard,1,2026-05-01 20:19:30+00:00,False,False,never,,,1,1,,,,,0
cv_20260827_dev_0000047,0,normal,,normal_standard,1,2026-05-08 09:10:28+00:00,False,False,never,,,1,1,,,,,0
cv_20260827_dev_0000048,0,normal,,normal_standard,1,2026-05-05 08:18:40+00:00,False,False,never,,,1,1,,,,,0
cv_20260827_dev_0000049,0,normal,,normal_standard,1,2026-05-30 03:22:12+00:00,False,False,never,,,1,1,,,,,0
cv_20260827_dev_0000050,0,normal,,normal_standard,1,2026-05-27 23:00:41+00:00,False,False,never,,,1,1,,,,,0
cv_20260827_dev_0000051,0,normal,,normal_standard,1,2026-05-09 20:29:28+00:00,False,False,never,,,1,1,,,,,0
cv_20260827_dev_0000052,0,normal,,normal_standard,1,2026-05-23 03:00:26+00:00,False,False,never,,,1,1,,,,,0
cv_20260827_dev_0000053,0,normal,,normal_standard,2,2026-05-01 08:35:35+00:00,False,False,never,,,2,2,,,,,0
cv_20260827_dev_0000054,0,normal,,normal_standard,1,2026-05-22 03:41:39+00:00,False,False,never,,,1,1,,,,,0
cv_20260827_dev_0000055,0,normal,,normal_standard,1,2026-05-09 16:32:03+00:00,False,False,never,,,1,1,,,,,0
cv_20260827_dev_0000056,0,normal,,normal_standard,2,2026-05-09 15:50:56+00:00,False,False,never,,,2,2,,,,,0
cv_20260827_dev_0000057,0,normal,,normal_standard,1,2026-05-01 20:39:46+00:00,False,False,never,,,1,1,,,,,0
cv_20260827_dev_0000058,0,normal,,normal_standard,3,2026-05-27 14:22:36+00:00,False,False,never,,,3,3,,,,,0
cv_20260827_dev_0000059,0,normal,,normal_standard,1,2026-05-08 04:46:34+00:00,False,False,never,,,1,1,,,,,0
cv_20260827_dev_0000060,0,normal,,normal_standard,1,2026-05-17 14:51:08+00:00,False,False,never,,,1,1,,,,,0
cv_20260827_dev_0000061,0,normal,,normal_standard,1,2026-05-04 15:21:48+00:00,False,False,never,,,1,1,,,,,0
cv_20260827_dev_0000062,0,normal,,normal_standard,1,2026-05-17 03:51:23+00:00,False,False,never,,,1,1,,,,,0
cv_20260827_dev_0000063,0,normal,,normal_standard,2,2026-05-03 01:42:41+00:00,False,False,never,,,2,2,,,,,0
cv_20260827_dev_0000064,0,normal,,normal_standard,3,2026-05-24 14:11:38+00:00,False,False,never,,,3,3,,,,,0
cv_20260827_dev_0000065,0,normal,,normal_standard,4,2026-05-07 19:03:27+00:00,False,False,never,,,4,4,,,,,0
cv_20260827_dev_0000066,0,normal,,normal_standard,1,2026-05-12 14:11:22+00:00,False,False,never,,,1,1,,,,,0
cv_20260827_dev_0000067,0,normal,,normal_standard,1,2026-05-22 15:25:45+00:00,False,False,never,,,1,1,,,,,0
cv_20260827_dev_0000068,0,normal,,normal_standard,1,2026-05-16 12:24:34+00:00,False,False,never,,,1,1,,,,,0
cv_20260827_dev_0000069,0,normal,,normal_standard,1,2026-05-04 07:27:42+00:00,False,False,never,,,1,1,,,,,0
cv_20260827_dev_0000070,0,normal,,normal_standard,1,2026-05-20 09:35:29+00:00,False,False,never,,,1,1,,,,,0
cv_20260827_dev_0000071,0,normal,,normal_standard,1,2026-05-30 17:25:15+00:00,False,False,never,,,1,1,,,,,0
cv_20260827_dev_0000072,0,normal,,normal_standard,1,2026-05-21 22:40:55+00:00,False,False,never,,,1,1,,,,,0
cv_20260827_dev_0000073,0,normal,,normal_standard,1,2026-05-20 10:43:08+00:00,False,False,never,,,1,1,,,,,0
cv_20260827_dev_0000074,0,normal,,normal_standard,2,2026-05-13 06:14:28+00:00,False,False,never,,,2,2,,,,,0
cv_20260827_dev_0000075,0,normal,,normal_standard,1,2026-05-22 11:02:15+00:00,False,False,never,,,1,1,,,,,0
cv_20260827_dev_0000076,0,normal,,normal_standard,1,2026-05-05 15:39:38+00:00,False,False,never,,,1,1,,,,,0
cv_20260827_dev_0000077,0,normal,,normal_standard,1,2026-05-09 11:24:03+00:00,False,False,never,,,1,1,,,,,0
cv_20260827_dev_0000078,0,normal,,normal_standard,1,2026-05-25 21:39:48+00:00,False,False,never,,,1,1,,,,,0
cv_20260827_dev_0000079,0,normal,,normal_standard,1,2026-05-11 23:20:25+00:00,False,False,never,,,1,1,,,,,0
cv_20260827_dev_0000080,0,normal,,normal_standard,2,2026-05-03 01:54:49+00:00,False,False,never,,,2,2,,,,,0
cv_20260827_dev_0000081,0,normal,,normal_standard,2,2026-05-14 17:39:01+00:00,False,False,never,,,2,2,,,,,0
cv_20260827_dev_0000082,0,normal,,normal_standard,1,2026-05-04 16:24:27+00:00,False,False,never,,,1,1,,,,,0
cv_20260827_dev_0000083,0,normal,,normal_standard,1,2026-05-30 16:38:27+00:00,False,False,never,,,1,1,,,,,0
cv_20260827_dev_0000084,0,normal,,normal_standard,2,2026-05-27 19:21:44+00:00,False,False,never,,,2,2,,,,,0
cv_20260827_dev_0000085,0,normal,,normal_standard,1,2026-05-04 06:08:24+00:00,False,False,never,,,1,1,,,,,0
cv_20260827_dev_0000086,0,normal,,normal_standard,2,2026-05-05 02:16:04+00:00,False,False,never,,,2,2,,,,,0
cv_20260827_dev_0000087,0,normal,,normal_standard,1,2026-05-02 19:08:30+00:00,False,False,never,,,1,1,,,,,0
cv_20260827_dev_0000088,0,normal,,normal_standard,2,2026-05-01 17:01:20+00:00,False,False,never,,,2,2,,,,,0
cv_20260827_dev_0000089,0,normal,,normal_standard,1,2026-05-09 07:39:26+00:00,False,False,never,,,1,1,,,,,0
cv_20260827_dev_0000090,0,normal,,normal_standard,2,2026-05-20 20:40:50+00:00,False,False,never,,,2,2,,,,,0
cv_20260827_dev_0000091,0,normal,,normal_standard,1,2026-05-23 05:05:44+00:00,False,False,never,,,1,1,,,,,0
cv_20260827_dev_0000092,0,normal,,normal_standard,1,2026-05-27 18:30:33+00:00,False,False,never,,,1,1,,,,,0
cv_20260827_dev_0000093,0,normal,,normal_standard,2,2026-05-20 00:33:50+00:00,False,False,never,,,2,2,,,,,0
cv_20260827_dev_0000094,0,normal,,normal_standard,1,2026-05-02 22:31:20+00:00,False,False,never,,,1,1,,,,,0
cv_20260827_dev_0000095,0,normal,,normal_standard,1,2026-05-23 03:09:30+00:00,False,False,never,,,1,1,,,,,0
cv_20260827_dev_0000096,0,normal,,normal_standard,1,2026-05-14 01:15:31+00:00,False,False,never,,,1,1,,,,,0
cv_20260827_dev_0000097,0,normal,,normal_standard,2,2026-05-01 03:59:14+00:00,False,False,never,,,2,2,,,,,0
cv_20260827_dev_0000098,0,normal,,normal_standard,1,2026-05-18 12:24:22+00:00,False,False,never,,,1,1,,,,,0
cv_20260827_dev_0000099,0,normal,,normal_standard,1,2026-05-19 22:19:11+00:00,False,False,never,,,1,1,,,,,0
cv_20260827_dev_0000100,0,normal,,normal_standard,1,2026-05-20 15:28:52+00:00,False,False,never,,,1,1,,,,,0
cv_20260827_dev_0000101,0,normal,,normal_standard,1,2026-05-24 15:03:18+00:00,False,False,never,,,1,1,,,,,0
cv_20260827_dev_0000102,0,normal,,normal_standard,1,2026-05-06 04:16:36+00:00,False,False,never,,,1,1,,,,,0
cv_20260827_dev_0000103,0,normal,,normal_standard,1,2026-05-26 10:25:07+00:00,False,False,never,,,1,1,,,,,0
cv_20260827_dev_0000104,0,normal,,normal_standard,1,2026-05-05 09:27:03+00:00,False,False,never,,,1,1,,,,,0
cv_20260827_dev_0000105,0,normal,,normal_standard,1,2026-05-23 10:44:25+00:00,False,False,never,,,1,1,,,,,0
cv_20260827_dev_0000106,0,normal,,normal_standard,1,2026-05-10 23:41:26+00:00,False,False,never,,,1,1,,,,,0
cv_20260827_dev_0000107,0,normal,,normal_standard,2,2026-05-17 05:16:22+00:00,False,False,never,,,2,2,,,,,0
cv_20260827_dev_0000108,0,normal,,normal_standard,1,2026-05-01 20:00:55+00:00,False,False,never,,,1,1,,,,,0
cv_20260827_dev_0000109,0,normal,,normal_standard,1,2026-05-08 14:24:47+00:00,False,False,never,,,1,1,,,,,0
cv_20260827_dev_0000110,0,normal,,normal_standard,1,2026-05-30 20:52:32+00:00,False,False,never,,,1,1,,,,,0
cv_20260827_dev_0000111,0,normal,,normal_standard,1,2026-05-14 01:48:45+00:00,False,False,never,,,1,1,,,,,0
cv_20260827_dev_0000112,0,normal,,normal_standard,1,2026-05-20 11:27:33+00:00,False,False,never,,,1,1,,,,,0
cv_20260827_dev_0000113,0,normal,,normal_standard,1,2026-05-04 14:24:43+00:00,False,False,never,,,1,1,,,,,0
cv_20260827_dev_0000114,0,normal,,normal_standard,1,2026-05-20 05:57:08+00:00,False,False,never,,,1,1,,,,,0
cv_20260827_dev_0000115,0,normal,,normal_standard,1,2026-05-28 02:06:44+00:00,False,False,never,,,1,1,,,,,0
cv_20260827_dev_0000116,0,normal,,normal_standard,1,2026-05-21 12:07:36+00:00,False,False,never,,,1,1,,,,,0
cv_20260827_dev_0000117,0,normal,,normal_standard,1,2026-05-13 02:55:30+00:00,False,False,never,,,1,1,,,,,0
cv_20260827_dev_0000118,0,normal,,normal_standard,1,2026-05-11 15:12:06+00:00,False,False,never,,,1,1,,,,,0
cv_20260827_dev_0000119,0,normal,,normal_standard,1,2026-05-11 09:23:16+00:00,False,False,never,,,1,1,,,,,0
cv_20260827_dev_0000120,0,normal,,normal_standard,1,2026-05-05 19:54:25+00:00,False,False,never,,,1,1,,,,,0
cv_20260827_dev_0000121,0,normal,,normal_standard,3,2026-05-06 02:03:23+00:00,False,False,never,,,3,3,,,,,0
cv_20260827_dev_0000122,0,normal,,normal_standard,1,2026-05-02 12:36:15+00:00,False,False,never,,,1,1,,,,,0
cv_20260827_dev_0000123,0,normal,,normal_standard,2,2026-05-06 16:14:53+00:00,False,False,never,,,2,2,,,,,0
cv_20260827_dev_0000124,0,normal,,normal_standard,1,2026-05-15 00:38:09+00:00,False,False,never,,,1,1,,,,,0
cv_20260827_dev_0000125,0,normal,,normal_standard,1,2026-05-20 23:41:41+00:00,False,False,never,,,1,1,,,,,0
cv_20260827_dev_0000126,0,normal,,normal_standard,2,2026-05-07 07:48:26+00:00,False,False,never,,,2,2,,,,,0
cv_20260827_dev_0000127,0,normal,,normal_standard,1,2026-05-07 22:58:23+00:00,False,False,never,,,1,1,,,,,0
cv_20260827_dev_0000128,0,normal,,normal_standard,1,2026-05-22 02:16:13+00:00,False,False,never,,,1,1,,,,,0
cv_20260827_dev_0000129,0,normal,,normal_standard,1,2026-05-16 02:36:17+00:00,False,False,never,,,1,1,,,,,0
cv_20260827_dev_0000130,0,normal,,normal_standard,1,2026-05-01 01:09:50+00:00,False,False,never,,,1,1,,,,,0
cv_20260827_dev_0000131,0,normal,,normal_standard,1,2026-05-23 04:47:55+00:00,False,False,never,,,1,1,,,,,0
cv_20260827_dev_0000132,0,normal,,normal_standard,1,2026-05-29 11:09:14+00:00,False,False,never,,,1,1,,,,,0
cv_20260827_dev_0000133,0,normal,,normal_standard,1,2026-05-30 17:09:32+00:00,False,False,never,,,1,1,,,,,0
cv_20260827_dev_0000134,0,normal,,normal_standard,1,2026-05-24 02:47:40+00:00,False,False,never,,,1,1,,,,,0
cv_20260827_dev_0000135,0,normal,,normal_standard,1,2026-05-18 21:47:03+00:00,False,False,never,,,1,1,,,,,0
cv_20260827_dev_0000136,0,normal,,normal_standard,1,2026-05-03 19:52:08+00:00,False,False,never,,,1,1,,,,,0
cv_20260827_dev_0000137,0,normal,,normal_standard,1,2026-05-21 14:43:16+00:00,False,False,never,,,1,1,,,,,0
cv_20260827_dev_0000138,0,normal,,normal_standard,3,2026-05-26 05:49:03+00:00,False,False,never,,,3,3,,,,,0
cv_20260827_dev_0000139,0,normal,,normal_standard,1,2026-05-05 02:23:27+00:00,False,False,never,,,1,1,,,,,0
cv_20260827_dev_0000140,0,normal,,normal_standard,1,2026-05-04 21:28:11+00:00,False,False,never,,,1,1,,,,,0
cv_20260827_dev_0000141,0,normal,,normal_standard,1,2026-05-20 10:28:26+00:00,False,False,never,,,1,1,,,,,0
cv_20260827_dev_0000142,0,normal,,normal_standard,2,2026-05-18 22:17:46+00:00,False,False,never,,,2,2,,,,,0
cv_20260827_dev_0000143,0,normal,,normal_standard,1,2026-05-13 14:35:50+00:00,False,False,never,,,1,1,,,,,0
cv_20260827_dev_0000144,0,normal,,normal_standard,1,2026-05-09 03:32:56+00:00,False,False,never,,,1,1,,,,,0
cv_20260827_dev_0000145,0,normal,,normal_standard,1,2026-05-10 16:38:43+00:00,False,False,never,,,1,1,,,,,0
cv_20260827_dev_0000146,0,normal,,normal_standard,3,2026-05-02 22:38:35+00:00,False,False,never,,,3,3,,,,,0
cv_20260827_dev_0000147,0,normal,,normal_standard,1,2026-05-04 09:01:46+00:00,False,False,never,,,1,1,,,,,0
cv_20260827_dev_0000148,0,normal,,normal_standard,1,2026-05-02 04:00:24+00:00,False,False,never,,,1,1,,,,,0
cv_20260827_dev_0000149,0,normal,,normal_standard,1,2026-05-15 23:00:45+00:00,False,False,never,,,1,1,,,,,0
cv_20260827_dev_0000150,0,normal,,normal_standard,1,2026-05-20 20:38:27+00:00,False,False,never,,,1,1,,,,,0
cv_20260827_dev_0000151,0,normal,,normal_standard,1,2026-05-17 20:19:45+00:00,False,False,never,,,1,1,,,,,0
cv_20260827_dev_0000152,0,normal,,normal_standard,2,2026-05-17 16:23:20+00:00,False,False,never,,,2,2,,,,,0
cv_20260827_dev_0000153,0,normal,,normal_standard,1,2026-05-11 21:01:47+00:00,False,False,never,,,1,1,,,,,0
cv_20260827_dev_0000154,0,normal,,normal_standard,1,2026-05-22 01:13:29+00:00,False,False,never,,,1,1,,,,,0
cv_20260827_dev_0000155,0,normal,,normal_standard,1,2026-05-23 17:36:52+00:00,False,False,never,,,1,1,,,,,0
cv_20260827_dev_0000156,0,normal,,normal_standard,1,2026-05-10 03:44:37+00:00,False,False,never,,,1,1,,,,,0
cv_20260827_dev_0000157,0,normal,,normal_standard,1,2026-05-30 05:59:34+00:00,False,False,never,,,1,1,,,,,0
cv_20260827_dev_0000158,0,normal,,normal_standard,1,2026-05-09 09:19:20+00:00,False,False,never,,,1,1,,,,,0
cv_20260827_dev_0000159,0,normal,,normal_standard,1,2026-05-30 07:57:19+00:00,False,False,never,,,1,1,,,,,0
cv_20260827_dev_0000160,0,normal,,normal_standard,1,2026-05-15 23:12:10+00:00,False,False,never,,,1,1,,,,,0
cv_20260827_dev_0000161,0,normal,,normal_standard,2,2026-05-23 09:03:17+00:00,False,False,never,,,2,2,,,,,0
cv_20260827_dev_0000162,0,normal,,normal_standard,1,2026-05-29 16:31:52+00:00,False,False,never,,,1,1,,,,,0
cv_20260827_dev_0000163,0,normal,,normal_standard,1,2026-05-29 14:55:48+00:00,False,False,never,,,1,1,,,,,0
cv_20260827_dev_0000164,0,normal,,normal_standard,1,2026-05-21 20:07:53+00:00,False,False,never,,,1,1,,,,,0
cv_20260827_dev_0000165,0,normal,,normal_standard,2,2026-05-22 17:45:49+00:00,False,False,never,,,2,2,,,,,0
cv_20260827_dev_0000166,0,normal,,normal_standard,2,2026-05-01 19:25:54+00:00,False,False,never,,,2,2,,,,,0
cv_20260827_dev_0000167,0,normal,,normal_standard,2,2026-05-14 18:33:08+00:00,False,False,never,,,2,2,,,,,0
cv_20260827_dev_0000168,0,normal,,normal_standard,1,2026-05-20 02:31:37+00:00,False,False,never,,,1,1,,,,,0
cv_20260827_dev_0000169,0,normal,,normal_standard,1,2026-05-01 00:23:56+00:00,False,False,never,,,1,1,,,,,0
cv_20260827_dev_0000170,0,normal,,normal_standard,1,2026-05-23 10:54:01+00:00,False,False,never,,,1,1,,,,,0
cv_20260827_dev_0000171,0,normal,,normal_standard,1,2026-05-06 06:30:23+00:00,False,False,never,,,1,1,,,,,0
cv_20260827_dev_0000172,0,normal,,normal_standard,1,2026-05-13 04:18:38+00:00,False,False,never,,,1,1,,,,,0
cv_20260827_dev_0000173,0,normal,,normal_standard,1,2026-05-10 10:28:42+00:00,False,False,never,,,1,1,,,,,0
cv_20260827_dev_0000174,0,normal,,normal_standard,1,2026-05-10 08:05:17+00:00,False,False,never,,,1,1,,,,,0
cv_20260827_dev_0000175,0,normal,,normal_standard,3,2026-05-28 06:55:44+00:00,False,False,never,,,3,3,,,,,0
cv_20260827_dev_0000176,0,normal,,normal_standard,1,2026-05-30 17:46:55+00:00,False,False,never,,,1,1,,,,,0
cv_20260827_dev_0000177,0,normal,,normal_standard,1,2026-05-29 16:58:45+00:00,False,False,never,,,1,1,,,,,0
cv_20260827_dev_0000178,0,normal,,normal_standard,1,2026-05-24 03:20:57+00:00,False,False,never,,,1,1,,,,,0
cv_20260827_dev_0000179,0,normal,,normal_standard,2,2026-05-17 19:36:29+00:00,False,False,never,,,2,2,,,,,0
cv_20260827_dev_0000180,0,normal,,normal_standard,1,2026-05-30 07:14:25+00:00,False,False,never,,,1,1,,,,,0
cv_20260827_dev_0000181,0,normal,,normal_standard,1,2026-05-06 23:24:22+00:00,False,False,never,,,1,1,,,,,0
cv_20260827_dev_0000182,0,normal,,normal_standard,1,2026-05-21 12:56:58+00:00,False,False,never,,,1,1,,,,,0
cv_20260827_dev_0000183,0,normal,,normal_standard,1,2026-05-01 15:50:26+00:00,False,False,never,,,1,1,,,,,0
cv_20260827_dev_0000184,0,normal,,normal_standard,1,2026-05-30 11:20:33+00:00,False,False,never,,,1,1,,,,,0
cv_20260827_dev_0000185,0,normal,,normal_standard,1,2026-05-02 20:26:00+00:00,False,False,never,,,1,1,,,,,0
cv_20260827_dev_0000186,0,normal,,normal_standard,1,2026-05-30 20:56:23+00:00,False,False,never,,,1,1,,,,,0
cv_20260827_dev_0000187,0,normal,,normal_standard,2,2026-05-03 14:56:17+00:00,False,False,never,,,2,2,,,,,0
cv_20260827_dev_0000188,0,normal,,normal_standard,1,2026-05-04 05:25:43+00:00,False,False,never,,,1,1,,,,,0
cv_20260827_dev_0000189,0,normal,,normal_standard,1,2026-05-17 13:49:45+00:00,False,False,never,,,1,1,,,,,0
cv_20260827_dev_0000190,0,normal,,normal_standard,1,2026-05-17 10:49:58+00:00,False,False,never,,,1,1,,,,,0
cv_20260827_dev_0000191,0,normal,,normal_standard,2,2026-05-06 03:39:30+00:00,False,False,never,,,2,2,,,,,0
cv_20260827_dev_0000192,0,normal,,normal_standard,1,2026-05-12 06:56:51+00:00,False,False,never,,,1,1,,,,,0
cv_20260827_dev_0000193,0,normal,,normal_standard,1,2026-05-01 07:06:54+00:00,False,False,never,,,1,1,,,,,0
cv_20260827_dev_0000194,0,normal,,normal_standard,1,2026-05-26 16:59:27+00:00,False,False,never,,,1,1,,,,,0
cv_20260827_dev_0000195,0,normal,,normal_standard,1,2026-05-18 08:39:15+00:00,False,False,never,,,1,1,,,,,0
cv_20260827_dev_0000196,0,normal,,normal_standard,3,2026-05-02 09:00:07+00:00,False,False,never,,,3,3,,,,,0
cv_20260827_dev_0000197,0,normal,,normal_standard,1,2026-05-19 06:11:12+00:00,False,False,never,,,1,1,,,,,0
cv_20260827_dev_0000198,0,normal,,normal_standard,1,2026-05-17 23:46:45+00:00,False,False,never,,,1,1,,,,,0
cv_20260827_dev_0000199,0,normal,,normal_standard,4,2026-05-05 07:08:17+00:00,False,False,never,,,4,4,,,,,0
cv_20260827_dev_0000200,0,normal,,normal_standard,1,2026-05-29 03:35:36+00:00,False,False,never,,,1,1,,,,,0
cv_20260827_dev_0000201,0,normal,,normal_standard,1,2026-05-09 01:27:31+00:00,False,False,never,,,1,1,,,,,0
cv_20260827_dev_0000202,0,normal,,normal_standard,1,2026-05-06 05:17:55+00:00,False,False,never,,,1,1,,,,,0
cv_20260827_dev_0000203,0,normal,,normal_standard,1,2026-05-20 18:13:33+00:00,False,False,never,,,1,1,,,,,0
cv_20260827_dev_0000204,0,normal,,normal_standard,1,2026-05-21 11:03:54+00:00,False,False,never,,,1,1,,,,,0
cv_20260827_dev_0000205,0,normal,,normal_standard,1,2026-05-23 20:14:34+00:00,False,False,never,,,1,1,,,,,0
cv_20260827_dev_0000206,0,normal,,normal_standard,1,2026-05-07 22:36:25+00:00,False,False,never,,,1,1,,,,,0
cv_20260827_dev_0000207,0,normal,,normal_standard,1,2026-05-18 22:53:53+00:00,False,False,never,,,1,1,,,,,0
cv_20260827_dev_0000208,0,normal,,normal_standard,2,2026-05-02 07:40:00+00:00,False,False,never,,,2,2,,,,,0
cv_20260827_dev_0000209,0,normal,,normal_standard,1,2026-05-20 19:54:34+00:00,False,False,never,,,1,1,,,,,0
cv_20260827_dev_0000210,0,normal,,normal_standard,2,2026-05-09 00:15:12+00:00,False,False,never,,,2,2,,,,,0
cv_20260827_dev_0000211,0,normal,,normal_standard,1,2026-05-25 19:14:46+00:00,False,False,never,,,1,1,,,,,0
cv_20260827_dev_0000212,0,normal,,normal_standard,1,2026-05-24 05:46:17+00:00,False,False,never,,,1,1,,,,,0
cv_20260827_dev_0000213,0,normal,,normal_standard,1,2026-05-09 15:15:49+00:00,False,False,never,,,1,1,,,,,0
cv_20260827_dev_0000214,0,normal,,normal_standard,1,2026-05-13 11:21:58+00:00,False,False,never,,,1,1,,,,,0
cv_20260827_dev_0000215,0,normal,,normal_standard,2,2026-05-02 17:19:34+00:00,False,False,never,,,2,2,,,,,0
cv_20260827_dev_0000216,0,normal,,normal_standard,1,2026-05-02 14:22:00+00:00,False,False,never,,,1,1,,,,,0
cv_20260827_dev_0000217,0,normal,,normal_standard,1,2026-05-05 01:26:07+00:00,False,False,never,,,1,1,,,,,0
cv_20260827_dev_0000218,0,normal,,normal_standard,1,2026-05-05 06:12:53+00:00,False,False,never,,,1,1,,,,,0
cv_20260827_dev_0000219,0,normal,,normal_standard,1,2026-05-06 07:44:50+00:00,False,False,never,,,1,1,,,,,0
cv_20260827_dev_0000220,0,normal,,normal_standard,1,2026-05-18 09:51:20+00:00,False,False,never,,,1,1,,,,,0
cv_20260827_dev_0000221,0,normal,,normal_standard,1,2026-05-20 00:28:56+00:00,False,False,never,,,1,1,,,,,0
cv_20260827_dev_0000222,0,normal,,normal_standard,1,2026-05-29 21:04:02+00:00,False,False,never,,,1,1,,,,,0
cv_20260827_dev_0000223,0,normal,,normal_standard,1,2026-05-22 16:38:49+00:00,False,False,never,,,1,1,,,,,0
cv_20260827_dev_0000224,0,normal,,normal_standard,3,2026-05-16 02:55:30+00:00,False,False,never,,,3,3,,,,,0
cv_20260827_dev_0000225,0,normal,,normal_standard,1,2026-05-21 02:04:56+00:00,False,False,never,,,1,1,,,,,0
cv_20260827_dev_0000226,0,normal,,normal_standard,1,2026-05-11 18:34:50+00:00,False,False,never,,,1,1,,,,,0
cv_20260827_dev_0000227,0,normal,,normal_standard,1,2026-05-23 12:02:47+00:00,False,False,never,,,1,1,,,,,0
cv_20260827_dev_0000228,0,normal,,normal_standard,1,2026-05-11 16:54:49+00:00,False,False,never,,,1,1,,,,,0
cv_20260827_dev_0000229,0,normal,,normal_standard,2,2026-05-06 05:46:01+00:00,False,False,never,,,2,2,,,,,0
cv_20260827_dev_0000230,0,normal,,normal_standard,2,2026-05-25 16:34:39+00:00,False,False,never,,,2,2,,,,,0
cv_20260827_dev_0000231,0,normal,,normal_standard,1,2026-05-03 19:34:47+00:00,False,False,never,,,1,1,,,,,0
cv_20260827_dev_0000232,0,normal,,normal_standard,1,2026-05-22 10:59:33+00:00,False,False,never,,,1,1,,,,,0
cv_20260827_dev_0000233,0,normal,,normal_standard,1,2026-05-06 00:14:41+00:00,False,False,never,,,1,1,,,,,0
cv_20260827_dev_0000234,0,normal,,normal_standard,1,2026-05-21 16:31:08+00:00,False,False,never,,,1,1,,,,,0
cv_20260827_dev_0000235,0,normal,,normal_standard,2,2026-05-24 00:41:10+00:00,False,False,never,,,2,2,,,,,0
cv_20260827_dev_0000236,0,normal,,normal_standard,1,2026-05-26 19:13:54+00:00,False,False,never,,,1,1,,,,,0
cv_20260827_dev_0000237,0,normal,,normal_standard,1,2026-05-25 14:10:48+00:00,False,False,never,,,1,1,,,,,0
cv_20260827_dev_0000238,0,normal,,normal_standard,1,2026-05-12 23:39:20+00:00,False,False,never,,,1,1,,,,,0
cv_20260827_dev_0000239,0,normal,,normal_standard,1,2026-05-05 21:45:47+00:00,False,False,never,,,1,1,,,,,0
cv_20260827_dev_0000240,0,normal,,normal_standard,1,2026-05-21 09:46:26+00:00,False,False,never,,,1,1,,,,,0
cv_20260827_dev_0000241,0,normal,,normal_standard,1,2026-05-15 04:37:38+00:00,False,False,never,,,1,1,,,,,0
cv_20260827_dev_0000242,0,normal,,normal_standard,1,2026-05-20 01:00:04+00:00,False,False,never,,,1,1,,,,,0
cv_20260827_dev_0000243,0,normal,,normal_standard,1,2026-05-15 02:58:53+00:00,False,False,never,,,1,1,,,,,0
cv_20260827_dev_0000244,0,normal,,normal_standard,1,2026-05-07 05:00:31+00:00,False,False,never,,,1,1,,,,,0
cv_20260827_dev_0000245,0,normal,,normal_standard,1,2026-05-07 11:49:41+00:00,False,False,never,,,1,1,,,,,0
cv_20260827_dev_0000246,0,normal,,normal_standard,1,2026-05-23 00:34:04+00:00,False,False,never,,,1,1,,,,,0
cv_20260827_dev_0000247,0,normal,,normal_standard,1,2026-05-05 02:31:40+00:00,False,False,never,,,1,1,,,,,0
cv_20260827_dev_0000248,0,normal,,normal_standard,1,2026-05-21 12:51:03+00:00,False,False,never,,,1,1,,,,,0
cv_20260827_dev_0000249,0,normal,,normal_standard,1,2026-05-23 02:48:50+00:00,False,False,never,,,1,1,,,,,0
cv_20260827_dev_0000250,0,normal,,normal_standard,1,2026-05-16 17:58:06+00:00,False,False,never,,,1,1,,,,,0
cv_20260827_dev_0000251,0,normal,,normal_standard,1,2026-05-24 16:13:53+00:00,False,False,never,,,1,1,,,,,0
cv_20260827_dev_0000252,0,normal,,normal_standard,2,2026-05-23 08:02:34+00:00,False,False,never,,,2,2,,,,,0
cv_20260827_dev_0000253,0,normal,,normal_standard,1,2026-05-07 20:44:29+00:00,False,False,never,,,1,1,,,,,0
cv_20260827_dev_0000254,0,normal,,normal_standard,1,2026-05-24 04:11:20+00:00,False,False,never,,,1,1,,,,,0
cv_20260827_dev_0000255,0,normal,,normal_standard,1,2026-05-13 02:27:49+00:00,False,False,never,,,1,1,,,,,0
cv_20260827_dev_0000256,0,normal,,normal_standard,2,2026-05-05 08:26:32+00:00,False,False,never,,,2,2,,,,,0
cv_20260827_dev_0000257,0,normal,,normal_standard,1,2026-05-03 14:01:02+00:00,False,False,never,,,1,1,,,,,0
cv_20260827_dev_0000258,0,normal,,normal_standard,1,2026-05-19 07:10:52+00:00,False,False,never,,,1,1,,,,,0
cv_20260827_dev_0000259,0,normal,,normal_standard,1,2026-05-11 12:38:15+00:00,False,False,never,,,1,1,,,,,0
cv_20260827_dev_0000260,0,normal,,normal_standard,1,2026-05-22 18:37:35+00:00,False,False,never,,,1,1,,,,,0
cv_20260827_dev_0000261,0,normal,,normal_standard,1,2026-05-12 12:23:50+00:00,False,False,never,,,1,1,,,,,0
cv_20260827_dev_0000262,0,normal,,normal_standard,1,2026-05-28 20:13:43+00:00,False,False,never,,,1,1,,,,,0
cv_20260827_dev_0000263,0,normal,,normal_standard,1,2026-05-20 14:39:36+00:00,False,False,never,,,1,1,,,,,0
cv_20260827_dev_0000264,0,normal,,normal_standard,1,2026-05-05 16:55:29+00:00,False,False,never,,,1,1,,,,,0
cv_20260827_dev_0000265,0,normal,,normal_standard,2,2026-05-23 17:01:45+00:00,False,False,never,,,2,2,,,,,0
cv_20260827_dev_0000266,0,normal,,normal_standard,1,2026-05-28 00:50:30+00:00,False,False,never,,,1,1,,,,,0
cv_20260827_dev_0000267,0,normal,,normal_standard,1,2026-05-16 00:54:51+00:00,False,False,never,,,1,1,,,,,0
cv_20260827_dev_0000268,0,normal,,normal_standard,1,2026-05-16 04:51:29+00:00,False,False,never,,,1,1,,,,,0
cv_20260827_dev_0000269,0,normal,,normal_standard,1,2026-05-13 19:15:50+00:00,False,False,never,,,1,1,,,,,0
cv_20260827_dev_0000270,0,normal,,normal_standard,1,2026-05-13 17:25:52+00:00,False,False,never,,,1,1,,,,,0
cv_20260827_dev_0000271,0,normal,,normal_standard,1,2026-05-02 13:01:28+00:00,False,False,never,,,1,1,,,,,0
cv_20260827_dev_0000272,0,normal,,normal_standard,3,2026-05-14 00:22:51+00:00,False,False,never,,,3,3,,,,,0
cv_20260827_dev_0000273,0,normal,,normal_standard,2,2026-05-17 00:00:20+00:00,False,False,never,,,2,2,,,,,0
cv_20260827_dev_0000274,0,normal,,normal_standard,2,2026-05-27 22:57:49+00:00,False,False,never,,,2,2,,,,,0
cv_20260827_dev_0000275,0,normal,,normal_standard,1,2026-05-19 14:56:15+00:00,False,False,never,,,1,1,,,,,0
cv_20260827_dev_0000276,0,normal,,normal_standard,1,2026-05-19 19:04:56+00:00,False,False,never,,,1,1,,,,,0
cv_20260827_dev_0000277,0,normal,,normal_standard,2,2026-05-22 11:52:53+00:00,False,False,never,,,2,2,,,,,0
cv_20260827_dev_0000278,0,normal,,normal_standard,2,2026-05-19 03:54:30+00:00,False,False,never,,,2,2,,,,,0
cv_20260827_dev_0000279,0,normal,,normal_standard,1,2026-05-09 07:15:08+00:00,False,False,never,,,1,1,,,,,0
cv_20260827_dev_0000280,0,normal,,normal_standard,1,2026-05-27 01:59:20+00:00,False,False,never,,,1,1,,,,,0
cv_20260827_dev_0000281,0,normal,,normal_standard,1,2026-05-23 01:59:37+00:00,False,False,never,,,1,1,,,,,0
cv_20260827_dev_0000282,0,normal,,normal_standard,2,2026-05-12 23:52:32+00:00,False,False,never,,,2,2,,,,,0
cv_20260827_dev_0000283,0,normal,,normal_standard,1,2026-05-08 22:25:25+00:00,False,False,never,,,1,1,,,,,0
cv_20260827_dev_0000284,0,normal,,normal_standard,1,2026-05-10 11:57:13+00:00,False,False,never,,,1,1,,,,,0
cv_20260827_dev_0000285,0,normal,,normal_standard,1,2026-05-30 20:10:42+00:00,False,False,never,,,1,1,,,,,0
cv_20260827_dev_0000286,0,normal,,normal_standard,1,2026-05-21 21:24:27+00:00,False,False,never,,,1,1,,,,,0
cv_20260827_dev_0000287,0,normal,,normal_standard,1,2026-05-09 20:53:58+00:00,False,False,never,,,1,1,,,,,0
cv_20260827_dev_0000288,0,normal,,normal_standard,1,2026-05-09 07:50:25+00:00,False,False,never,,,1,1,,,,,0
cv_20260827_dev_0000289,0,normal,,normal_standard,1,2026-05-16 16:54:41+00:00,False,False,never,,,1,1,,,,,0
cv_20260827_dev_0000290,0,normal,,normal_standard,1,2026-05-03 03:37:16+00:00,False,False,never,,,1,1,,,,,0
cv_20260827_dev_0000291,0,normal,,normal_standard,2,2026-05-30 23:41:22+00:00,False,False,never,,,2,2,,,,,0
cv_20260827_dev_0000292,0,normal,,normal_standard,1,2026-05-09 16:00:24+00:00,False,False,never,,,1,1,,,,,0
cv_20260827_dev_0000293,0,normal,,normal_standard,3,2026-05-01 09:20:02+00:00,False,False,never,,,3,3,,,,,0
cv_20260827_dev_0000294,0,normal,,normal_standard,1,2026-05-19 11:07:25+00:00,False,False,never,,,1,1,,,,,0
cv_20260827_dev_0000295,0,normal,,normal_standard,1,2026-05-21 19:41:56+00:00,False,False,never,,,1,1,,,,,0
cv_20260827_dev_0000296,0,normal,,normal_standard,1,2026-05-12 23:00:42+00:00,False,False,never,,,1,1,,,,,0
cv_20260827_dev_0000297,0,normal,,normal_standard,1,2026-05-10 12:37:38+00:00,False,False,never,,,1,1,,,,,0
cv_20260827_dev_0000298,0,normal,,normal_standard,2,2026-05-29 13:52:11+00:00,False,False,never,,,2,2,,,,,0
cv_20260827_dev_0000299,0,normal,,normal_standard,1,2026-05-20 02:24:30+00:00,False,False,never,,,1,1,,,,,0
cv_20260827_dev_0000300,0,normal,,normal_standard,1,2026-05-21 00:28:29+00:00,False,False,never,,,1,1,,,,,0
cv_20260827_dev_0000301,0,normal,,normal_standard,1,2026-05-03 06:28:28+00:00,False,False,never,,,1,1,,,,,0
cv_20260827_dev_0000302,0,normal,,normal_standard,2,2026-05-29 09:46:57+00:00,False,False,never,,,2,2,,,,,0
cv_20260827_dev_0000303,0,normal,,normal_standard,1,2026-05-29 00:52:53+00:00,False,False,never,,,1,1,,,,,0
cv_20260827_dev_0000304,0,normal,,normal_standard,1,2026-05-29 23:49:24+00:00,False,False,never,,,1,1,,,,,0
cv_20260827_dev_0000305,0,normal,,normal_standard,1,2026-05-30 04:31:10+00:00,False,False,never,,,1,1,,,,,0
cv_20260827_dev_0000306,0,normal,,normal_standard,1,2026-05-24 18:27:56+00:00,False,False,never,,,1,1,,,,,0
cv_20260827_dev_0000307,0,normal,,normal_standard,2,2026-05-25 07:53:30+00:00,False,False,never,,,2,2,,,,,0
cv_20260827_dev_0000308,0,normal,,normal_standard,1,2026-05-22 15:14:19+00:00,False,False,never,,,1,1,,,,,0
cv_20260827_dev_0000309,0,normal,,normal_standard,1,2026-05-12 11:14:53+00:00,False,False,never,,,1,1,,,,,0
cv_20260827_dev_0000310,0,normal,,normal_standard,1,2026-05-14 20:26:15+00:00,False,False,never,,,1,1,,,,,0
cv_20260827_dev_0000311,0,normal,,normal_standard,1,2026-05-27 15:00:34+00:00,False,False,never,,,1,1,,,,,0
cv_20260827_dev_0000312,0,normal,,normal_standard,2,2026-05-07 19:44:46+00:00,False,False,never,,,2,2,,,,,0
cv_20260827_dev_0000313,0,normal,,normal_standard,1,2026-05-16 10:45:29+00:00,False,False,never,,,1,1,,,,,0
cv_20260827_dev_0000314,0,normal,,normal_standard,1,2026-05-08 21:42:56+00:00,False,False,never,,,1,1,,,,,0
cv_20260827_dev_0000315,0,normal,,normal_standard,1,2026-05-23 15:50:37+00:00,False,False,never,,,1,1,,,,,0
cv_20260827_dev_0000316,0,normal,,normal_standard,1,2026-05-26 21:10:51+00:00,False,False,never,,,1,1,,,,,0
cv_20260827_dev_0000317,0,normal,,normal_standard,1,2026-05-28 17:09:34+00:00,False,False,never,,,1,1,,,,,0
cv_20260827_dev_0000318,0,normal,,normal_standard,1,2026-05-28 03:58:21+00:00,False,False,never,,,1,1,,,,,0
cv_20260827_dev_0000319,0,normal,,normal_standard,1,2026-05-17 20:01:43+00:00,False,False,never,,,1,1,,,,,0
cv_20260827_dev_0000320,0,normal,,normal_standard,2,2026-05-29 13:04:33+00:00,False,False,never,,,2,2,,,,,0
cv_20260827_dev_0000321,0,normal,,normal_standard,1,2026-05-12 21:55:34+00:00,False,False,never,,,1,1,,,,,0
cv_20260827_dev_0000322,0,normal,,normal_standard,1,2026-05-15 14:18:30+00:00,False,False,never,,,1,1,,,,,0
cv_20260827_dev_0000323,0,normal,,normal_standard,2,2026-05-06 19:03:40+00:00,False,False,never,,,2,2,,,,,0
cv_20260827_dev_0000324,0,normal,,normal_standard,1,2026-05-08 04:56:17+00:00,False,False,never,,,1,1,,,,,0
cv_20260827_dev_0000325,0,normal,,normal_standard,2,2026-05-22 21:59:31+00:00,False,False,never,,,2,2,,,,,0
cv_20260827_dev_0000326,0,normal,,normal_standard,1,2026-05-22 20:21:42+00:00,False,False,never,,,1,1,,,,,0
cv_20260827_dev_0000327,0,normal,,normal_standard,1,2026-05-05 15:33:47+00:00,False,False,never,,,1,1,,,,,0
cv_20260827_dev_0000328,0,normal,,normal_standard,2,2026-05-23 14:53:56+00:00,False,False,never,,,2,2,,,,,0
cv_20260827_dev_0000329,0,normal,,normal_standard,1,2026-05-08 19:26:56+00:00,False,False,never,,,1,1,,,,,0
cv_20260827_dev_0000330,0,normal,,normal_standard,2,2026-05-23 15:29:23+00:00,False,False,never,,,2,2,,,,,0
cv_20260827_dev_0000331,0,normal,,normal_standard,1,2026-05-06 01:18:15+00:00,False,False,never,,,1,1,,,,,0
cv_20260827_dev_0000332,0,normal,,normal_standard,1,2026-05-02 03:48:40+00:00,False,False,never,,,1,1,,,,,0
cv_20260827_dev_0000333,0,normal,,normal_standard,1,2026-05-11 14:04:42+00:00,False,False,never,,,1,1,,,,,0
cv_20260827_dev_0000334,0,normal,,normal_standard,1,2026-05-30 04:56:47+00:00,False,False,never,,,1,1,,,,,0
cv_20260827_dev_0000335,0,normal,,normal_standard,1,2026-05-24 09:04:59+00:00,False,False,never,,,1,1,,,,,0
cv_20260827_dev_0000336,0,normal,,normal_standard,1,2026-05-09 15:53:05+00:00,False,False,never,,,1,1,,,,,0
cv_20260827_dev_0000337,0,normal,,normal_standard,1,2026-05-27 19:55:41+00:00,False,False,never,,,1,1,,,,,0
cv_20260827_dev_0000338,0,normal,,normal_standard,2,2026-05-08 15:57:04+00:00,False,False,never,,,2,2,,,,,0
cv_20260827_dev_0000339,0,normal,,normal_standard,2,2026-05-23 06:56:52+00:00,False,False,never,,,2,2,,,,,0
cv_20260827_dev_0000340,0,normal,,normal_standard,1,2026-05-08 21:29:03+00:00,False,False,never,,,1,1,,,,,0
cv_20260827_dev_0000341,0,normal,,normal_standard,1,2026-05-10 15:23:15+00:00,False,False,never,,,1,1,,,,,0
cv_20260827_dev_0000342,0,normal,,normal_standard,1,2026-05-28 19:03:46+00:00,False,False,never,,,1,1,,,,,0
cv_20260827_dev_0000343,0,normal,,normal_standard,1,2026-05-26 15:44:34+00:00,False,False,never,,,1,1,,,,,0
cv_20260827_dev_0000344,0,normal,,normal_standard,2,2026-05-05 02:42:19+00:00,False,False,never,,,2,2,,,,,0
cv_20260827_dev_0000345,0,normal,,normal_standard,1,2026-05-05 03:01:06+00:00,False,False,never,,,1,1,,,,,0
cv_20260827_dev_0000346,0,normal,,normal_standard,1,2026-05-02 09:20:32+00:00,False,False,never,,,1,1,,,,,0
cv_20260827_dev_0000347,0,normal,,normal_standard,2,2026-05-08 22:24:39+00:00,False,False,never,,,2,2,,,,,0
cv_20260827_dev_0000348,0,normal,,normal_standard,1,2026-05-22 06:33:26+00:00,False,False,never,,,1,1,,,,,0
cv_20260827_dev_0000349,0,normal,,normal_standard,1,2026-05-19 05:04:41+00:00,False,False,never,,,1,1,,,,,0
cv_20260827_dev_0000350,0,normal,,normal_standard,1,2026-05-24 02:20:56+00:00,False,False,never,,,1,1,,,,,0
cv_20260827_dev_0000351,0,normal,,normal_standard,2,2026-05-08 03:43:36+00:00,False,False,never,,,2,2,,,,,0
cv_20260827_dev_0000352,0,normal,,normal_standard,1,2026-05-09 06:18:42+00:00,False,False,never,,,1,1,,,,,0
cv_20260827_dev_0000353,0,normal,,normal_standard,1,2026-05-10 16:03:26+00:00,False,False,never,,,1,1,,,,,0
cv_20260827_dev_0000354,0,normal,,normal_standard,1,2026-05-23 23:18:42+00:00,False,False,never,,,1,1,,,,,0
cv_20260827_dev_0000355,0,normal,,normal_standard,1,2026-05-21 10:02:46+00:00,False,False,never,,,1,1,,,,,0
cv_20260827_dev_0000356,0,normal,,normal_standard,2,2026-05-18 00:36:41+00:00,False,False,never,,,2,2,,,,,0
cv_20260827_dev_0000357,0,normal,,normal_standard,1,2026-05-16 13:44:29+00:00,False,False,never,,,1,1,,,,,0
cv_20260827_dev_0000358,0,normal,,normal_standard,1,2026-05-12 10:37:59+00:00,False,False,never,,,1,1,,,,,0
cv_20260827_dev_0000359,0,normal,,normal_standard,1,2026-05-13 09:26:09+00:00,False,False,never,,,1,1,,,,,0
cv_20260827_dev_0000360,0,normal,,normal_standard,1,2026-05-28 03:24:52+00:00,False,False,never,,,1,1,,,,,0
cv_20260827_dev_0000361,0,normal,,normal_standard,1,2026-05-29 13:47:27+00:00,False,False,never,,,1,1,,,,,0
cv_20260827_dev_0000362,0,normal,,normal_standard,2,2026-05-15 09:26:52+00:00,False,False,never,,,2,2,,,,,0
cv_20260827_dev_0000363,0,normal,,normal_standard,1,2026-05-06 09:41:02+00:00,False,False,never,,,1,1,,,,,0
cv_20260827_dev_0000364,0,normal,,normal_standard,1,2026-05-12 06:51:41+00:00,False,False,never,,,1,1,,,,,0
cv_20260827_dev_0000365,0,normal,,normal_standard,1,2026-05-10 15:27:22+00:00,False,False,never,,,1,1,,,,,0
cv_20260827_dev_0000366,0,normal,,normal_standard,2,2026-05-15 01:31:44+00:00,False,False,never,,,2,2,,,,,0
cv_20260827_dev_0000367,0,normal,,normal_standard,1,2026-05-07 21:01:26+00:00,False,False,never,,,1,1,,,,,0
cv_20260827_dev_0000368,0,normal,,normal_standard,1,2026-05-15 07:18:31+00:00,False,False,never,,,1,1,,,,,0
cv_20260827_dev_0000369,0,normal,,normal_standard,1,2026-05-13 15:04:40+00:00,False,False,never,,,1,1,,,,,0
cv_20260827_dev_0000370,0,normal,,normal_standard,1,2026-05-21 06:39:17+00:00,False,False,never,,,1,1,,,,,0
cv_20260827_dev_0000371,0,normal,,normal_standard,1,2026-05-26 18:51:12+00:00,False,False,never,,,1,1,,,,,0
cv_20260827_dev_0000372,0,normal,,normal_standard,2,2026-05-27 08:41:44+00:00,False,False,never,,,2,2,,,,,0
cv_20260827_dev_0000373,0,normal,,normal_standard,2,2026-05-04 04:45:50+00:00,False,False,never,,,2,2,,,,,0
cv_20260827_dev_0000374,0,normal,,normal_standard,1,2026-05-30 09:44:28+00:00,False,False,never,,,1,1,,,,,0
cv_20260827_dev_0000375,0,normal,,normal_standard,1,2026-05-14 13:37:29+00:00,False,False,never,,,1,1,,,,,0
cv_20260827_dev_0000376,0,normal,,normal_standard,1,2026-05-07 22:51:07+00:00,False,False,never,,,1,1,,,,,0
cv_20260827_dev_0000377,0,normal,,normal_standard,2,2026-05-01 07:07:11+00:00,False,False,never,,,2,2,,,,,0
cv_20260827_dev_0000378,0,normal,,normal_standard,1,2026-05-20 09:16:54+00:00,False,False,never,,,1,1,,,,,0
cv_20260827_dev_0000379,0,normal,,normal_standard,1,2026-05-17 00:16:44+00:00,False,False,never,,,1,1,,,,,0
cv_20260827_dev_0000380,0,normal,,normal_standard,1,2026-05-25 13:53:14+00:00,False,False,never,,,1,1,,,,,0
cv_20260827_dev_0000381,0,normal,,normal_standard,1,2026-05-27 10:07:35+00:00,False,False,never,,,1,1,,,,,0
cv_20260827_dev_0000382,0,normal,,normal_standard,1,2026-05-16 02:37:35+00:00,False,False,never,,,1,1,,,,,0
cv_20260827_dev_0000383,0,normal,,normal_standard,1,2026-05-24 14:11:59+00:00,False,False,never,,,1,1,,,,,0
cv_20260827_dev_0000384,0,normal,,normal_standard,1,2026-05-21 10:25:46+00:00,False,False,never,,,1,1,,,,,0
cv_20260827_dev_0000385,0,normal,,normal_standard,1,2026-05-25 15:16:22+00:00,False,False,never,,,1,1,,,,,0
cv_20260827_dev_0000386,0,normal,,normal_standard,1,2026-05-24 15:21:07+00:00,False,False,never,,,1,1,,,,,0
cv_20260827_dev_0000387,0,normal,,normal_standard,1,2026-05-24 04:12:31+00:00,False,False,never,,,1,1,,,,,0
cv_20260827_dev_0000388,0,normal,,normal_standard,1,2026-05-06 14:10:33+00:00,False,False,never,,,1,1,,,,,0
cv_20260827_dev_0000389,0,normal,,normal_standard,1,2026-05-24 16:29:32+00:00,False,False,never,,,1,1,,,,,0
cv_20260827_dev_0000390,0,normal,,normal_standard,1,2026-05-19 03:49:54+00:00,False,False,never,,,1,1,,,,,0
cv_20260827_dev_0000391,0,normal,,normal_standard,1,2026-05-05 23:50:23+00:00,False,False,never,,,1,1,,,,,0
cv_20260827_dev_0000392,0,normal,,normal_standard,1,2026-05-10 20:34:24+00:00,False,False,never,,,1,1,,,,,0
cv_20260827_dev_0000393,0,normal,,normal_standard,1,2026-05-03 23:19:10+00:00,False,False,never,,,1,1,,,,,0
cv_20260827_dev_0000394,0,normal,,normal_standard,2,2026-05-13 05:47:45+00:00,False,False,never,,,2,2,,,,,0
cv_20260827_dev_0000395,0,normal,,normal_standard,1,2026-05-30 21:47:34+00:00,False,False,never,,,1,1,,,,,0
cv_20260827_dev_0000396,0,normal,,normal_standard,1,2026-05-14 23:43:25+00:00,False,False,never,,,1,1,,,,,0
cv_20260827_dev_0000397,0,normal,,normal_standard,1,2026-05-24 08:22:40+00:00,False,False,never,,,1,1,,,,,0
cv_20260827_dev_0000398,0,normal,,normal_standard,5,2026-05-13 04:30:46+00:00,False,False,never,,,5,5,,,,,0
cv_20260827_dev_0000399,0,normal,,normal_standard,1,2026-05-06 05:37:35+00:00,False,False,never,,,1,1,,,,,0
cv_20260827_dev_0000400,0,normal,,normal_standard,1,2026-05-29 02:41:29+00:00,False,False,never,,,1,1,,,,,0
cv_20260827_dev_0000401,0,normal,,normal_standard,1,2026-05-18 15:12:08+00:00,False,False,never,,,1,1,,,,,0
cv_20260827_dev_0000402,0,normal,,normal_standard,1,2026-05-16 07:39:57+00:00,False,False,never,,,1,1,,,,,0
cv_20260827_dev_0000403,0,normal,,normal_standard,1,2026-05-07 10:10:29+00:00,False,False,never,,,1,1,,,,,0
cv_20260827_dev_0000404,0,normal,,normal_standard,2,2026-05-26 08:38:40+00:00,False,False,never,,,2,2,,,,,0
cv_20260827_dev_0000405,0,normal,,normal_standard,4,2026-05-05 04:59:50+00:00,False,False,never,,,4,4,,,,,0
cv_20260827_dev_0000406,0,normal,,normal_standard,2,2026-05-22 05:57:02+00:00,False,False,never,,,2,2,,,,,0
cv_20260827_dev_0000407,0,normal,,normal_standard,2,2026-05-05 20:58:26+00:00,False,False,never,,,2,2,,,,,0
cv_20260827_dev_0000408,0,normal,,normal_standard,2,2026-05-04 13:13:56+00:00,False,False,never,,,2,2,,,,,0
cv_20260827_dev_0000409,0,normal,,normal_standard,1,2026-05-29 21:12:51+00:00,False,False,never,,,1,1,,,,,0
cv_20260827_dev_0000410,0,normal,,normal_standard,2,2026-05-04 06:23:30+00:00,False,False,never,,,2,2,,,,,0
cv_20260827_dev_0000411,0,normal,,normal_standard,1,2026-05-15 02:31:39+00:00,False,False,never,,,1,1,,,,,0
cv_20260827_dev_0000412,0,normal,,normal_standard,1,2026-05-26 00:50:38+00:00,False,False,never,,,1,1,,,,,0
cv_20260827_dev_0000413,0,normal,,normal_standard,1,2026-05-09 11:07:27+00:00,False,False,never,,,1,1,,,,,0
cv_20260827_dev_0000414,0,normal,,normal_standard,1,2026-05-11 21:36:39+00:00,False,False,never,,,1,1,,,,,0
cv_20260827_dev_0000415,0,normal,,normal_standard,1,2026-05-13 01:20:15+00:00,False,False,never,,,1,1,,,,,0
cv_20260827_dev_0000416,0,normal,,normal_standard,1,2026-05-10 16:01:51+00:00,False,False,never,,,1,1,,,,,0
cv_20260827_dev_0000417,0,normal,,normal_standard,3,2026-05-04 10:20:13+00:00,False,False,never,,,3,3,,,,,0
cv_20260827_dev_0000418,0,normal,,normal_standard,1,2026-05-20 23:08:54+00:00,False,False,never,,,1,1,,,,,0
cv_20260827_dev_0000419,0,normal,,normal_standard,3,2026-05-22 15:07:59+00:00,False,False,never,,,3,3,,,,,0
cv_20260827_dev_0000420,0,normal,,normal_standard,1,2026-05-10 01:18:38+00:00,False,False,never,,,1,1,,,,,0
cv_20260827_dev_0000421,0,normal,,normal_standard,1,2026-05-28 14:06:41+00:00,False,False,never,,,1,1,,,,,0
cv_20260827_dev_0000422,0,normal,,normal_standard,3,2026-05-10 08:24:50+00:00,False,False,never,,,3,3,,,,,0
cv_20260827_dev_0000423,0,normal,,normal_standard,2,2026-05-19 21:43:40+00:00,False,False,never,,,2,2,,,,,0
cv_20260827_dev_0000424,0,normal,,normal_standard,1,2026-05-19 21:48:24+00:00,False,False,never,,,1,1,,,,,0
cv_20260827_dev_0000425,0,normal,,normal_standard,1,2026-05-05 08:13:37+00:00,False,False,never,,,1,1,,,,,0
cv_20260827_dev_0000426,0,normal,,normal_standard,2,2026-05-02 09:10:10+00:00,False,False,never,,,2,2,,,,,0
cv_20260827_dev_0000427,0,normal,,normal_standard,1,2026-05-17 13:11:24+00:00,False,False,never,,,1,1,,,,,0
cv_20260827_dev_0000428,0,normal,,normal_standard,1,2026-05-05 12:15:50+00:00,False,False,never,,,1,1,,,,,0
cv_20260827_dev_0000429,0,normal,,normal_standard,1,2026-05-02 13:16:33+00:00,False,False,never,,,1,1,,,,,0
cv_20260827_dev_0000430,0,normal,,normal_standard,1,2026-05-07 09:37:46+00:00,False,False,never,,,1,1,,,,,0
cv_20260827_dev_0000431,0,normal,,normal_standard,1,2026-05-29 05:30:22+00:00,False,False,never,,,1,1,,,,,0
cv_20260827_dev_0000432,0,normal,,normal_standard,1,2026-05-25 11:00:35+00:00,False,False,never,,,1,1,,,,,0
cv_20260827_dev_0000433,0,normal,,normal_standard,2,2026-05-15 11:14:11+00:00,False,False,never,,,2,2,,,,,0
cv_20260827_dev_0000434,0,normal,,normal_standard,1,2026-05-19 14:53:15+00:00,False,False,never,,,1,1,,,,,0
cv_20260827_dev_0000435,0,normal,,normal_standard,1,2026-05-15 15:00:25+00:00,False,False,never,,,1,1,,,,,0
cv_20260827_dev_0000436,0,normal,,normal_standard,1,2026-05-18 09:43:43+00:00,False,False,never,,,1,1,,,,,0
cv_20260827_dev_0000437,0,normal,,normal_standard,1,2026-05-22 00:37:07+00:00,False,False,never,,,1,1,,,,,0
cv_20260827_dev_0000438,0,normal,,normal_standard,2,2026-05-10 18:33:12+00:00,False,False,never,,,2,2,,,,,0
cv_20260827_dev_0000439,0,normal,,normal_standard,1,2026-05-27 17:25:58+00:00,False,False,never,,,1,1,,,,,0
cv_20260827_dev_0000440,0,normal,,normal_standard,1,2026-05-20 00:24:57+00:00,False,False,never,,,1,1,,,,,0
cv_20260827_dev_0000441,0,normal,,normal_standard,3,2026-05-25 20:07:29+00:00,False,False,never,,,3,3,,,,,0
cv_20260827_dev_0000442,0,normal,,normal_standard,1,2026-05-05 05:09:31+00:00,False,False,never,,,1,1,,,,,0
cv_20260827_dev_0000443,0,normal,,normal_standard,1,2026-05-30 13:31:22+00:00,False,False,never,,,1,1,,,,,0
cv_20260827_dev_0000444,0,normal,,normal_standard,1,2026-05-17 04:18:31+00:00,False,False,never,,,1,1,,,,,0
cv_20260827_dev_0000445,0,normal,,normal_standard,1,2026-05-18 12:51:20+00:00,False,False,never,,,1,1,,,,,0
cv_20260827_dev_0000446,0,normal,,normal_standard,2,2026-05-04 10:50:49+00:00,False,False,never,,,2,2,,,,,0
cv_20260827_dev_0000447,0,normal,,normal_standard,2,2026-05-24 17:15:13+00:00,False,False,never,,,2,2,,,,,0
cv_20260827_dev_0000448,0,normal,,normal_standard,1,2026-05-27 15:11:17+00:00,False,False,never,,,1,1,,,,,0
cv_20260827_dev_0000449,0,normal,,normal_standard,1,2026-05-20 17:59:58+00:00,False,False,never,,,1,1,,,,,0
cv_20260827_dev_0000450,0,normal,,normal_standard,2,2026-05-07 22:22:59+00:00,False,False,never,,,2,2,,,,,0
cv_20260827_dev_0000451,0,normal,,normal_standard,1,2026-05-18 09:11:52+00:00,False,False,never,,,1,1,,,,,0
cv_20260827_dev_0000452,0,normal,,normal_standard,1,2026-05-28 10:11:40+00:00,False,False,never,,,1,1,,,,,0
cv_20260827_dev_0000453,0,normal,,normal_standard,1,2026-05-25 16:48:20+00:00,False,False,never,,,1,1,,,,,0
cv_20260827_dev_0000454,0,normal,,normal_standard,1,2026-05-08 03:23:00+00:00,False,False,never,,,1,1,,,,,0
cv_20260827_dev_0000455,0,normal,,normal_standard,1,2026-05-28 00:24:45+00:00,False,False,never,,,1,1,,,,,0
cv_20260827_dev_0000456,0,normal,,normal_standard,1,2026-05-26 05:44:03+00:00,False,False,never,,,1,1,,,,,0
cv_20260827_dev_0000457,0,normal,,normal_standard,1,2026-05-05 00:24:20+00:00,False,False,never,,,1,1,,,,,0
cv_20260827_dev_0000458,0,normal,,normal_standard,1,2026-05-13 17:48:44+00:00,False,False,never,,,1,1,,,,,0
cv_20260827_dev_0000459,0,normal,,normal_standard,1,2026-05-12 22:17:22+00:00,False,False,never,,,1,1,,,,,0
cv_20260827_dev_0000460,0,normal,,normal_standard,2,2026-05-28 06:06:06+00:00,False,False,never,,,2,2,,,,,0
cv_20260827_dev_0000461,0,normal,,normal_standard,1,2026-05-14 00:25:59+00:00,False,False,never,,,1,1,,,,,0
cv_20260827_dev_0000462,0,normal,,normal_standard,1,2026-05-19 21:29:34+00:00,False,False,never,,,1,1,,,,,0
cv_20260827_dev_0000463,0,normal,,normal_standard,3,2026-05-18 11:50:59+00:00,False,False,never,,,3,3,,,,,0
cv_20260827_dev_0000464,0,normal,,normal_standard,3,2026-05-28 00:54:51+00:00,False,False,never,,,3,3,,,,,0
cv_20260827_dev_0000465,0,normal,,normal_standard,1,2026-05-13 05:11:13+00:00,False,False,never,,,1,1,,,,,0
cv_20260827_dev_0000466,0,normal,,normal_standard,1,2026-05-29 18:56:58+00:00,False,False,never,,,1,1,,,,,0
cv_20260827_dev_0000467,0,normal,,normal_standard,2,2026-05-15 18:58:21+00:00,False,False,never,,,2,2,,,,,0
cv_20260827_dev_0000468,0,normal,,normal_standard,1,2026-05-19 09:13:46+00:00,False,False,never,,,1,1,,,,,0
cv_20260827_dev_0000469,0,normal,,normal_standard,1,2026-05-13 02:23:38+00:00,False,False,never,,,1,1,,,,,0
cv_20260827_dev_0000470,0,normal,,normal_standard,1,2026-05-27 10:34:50+00:00,False,False,never,,,1,1,,,,,0
cv_20260827_dev_0000471,0,normal,,normal_standard,1,2026-05-25 11:20:07+00:00,False,False,never,,,1,1,,,,,0
cv_20260827_dev_0000472,0,normal,,normal_standard,1,2026-05-23 07:02:49+00:00,False,False,never,,,1,1,,,,,0
cv_20260827_dev_0000473,0,normal,,normal_standard,1,2026-05-04 13:31:40+00:00,False,False,never,,,1,1,,,,,0
cv_20260827_dev_0000474,0,normal,,normal_standard,1,2026-05-03 04:38:28+00:00,False,False,never,,,1,1,,,,,0
cv_20260827_dev_0000475,0,normal,,normal_standard,1,2026-05-11 06:47:20+00:00,False,False,never,,,1,1,,,,,0
cv_20260827_dev_0000476,0,normal,,normal_standard,1,2026-05-27 16:53:30+00:00,False,False,never,,,1,1,,,,,0
cv_20260827_dev_0000477,0,normal,,normal_standard,1,2026-05-16 10:49:43+00:00,False,False,never,,,1,1,,,,,0
cv_20260827_dev_0000478,0,normal,,normal_standard,2,2026-05-15 04:44:37+00:00,False,False,never,,,2,2,,,,,0
cv_20260827_dev_0000479,0,normal,,normal_standard,1,2026-05-19 21:54:58+00:00,False,False,never,,,1,1,,,,,0
cv_20260827_dev_0000480,0,normal,,normal_standard,1,2026-05-21 23:27:25+00:00,False,False,never,,,1,1,,,,,0
cv_20260827_dev_0000481,0,normal,,normal_standard,1,2026-05-02 18:25:58+00:00,False,False,never,,,1,1,,,,,0
cv_20260827_dev_0000482,0,normal,,normal_standard,1,2026-05-30 23:09:45+00:00,False,False,never,,,1,1,,,,,0
cv_20260827_dev_0000483,0,normal,,normal_standard,1,2026-05-06 06:17:26+00:00,False,False,never,,,1,1,,,,,0
cv_20260827_dev_0000484,0,normal,,normal_standard,1,2026-05-30 05:00:14+00:00,False,False,never,,,1,1,,,,,0
cv_20260827_dev_0000485,0,normal,,normal_standard,1,2026-05-18 09:41:42+00:00,False,False,never,,,1,1,,,,,0
cv_20260827_dev_0000486,0,normal,,normal_standard,1,2026-05-19 17:50:35+00:00,False,False,never,,,1,1,,,,,0
cv_20260827_dev_0000487,0,normal,,normal_standard,1,2026-05-04 19:08:01+00:00,False,False,never,,,1,1,,,,,0
cv_20260827_dev_0000488,0,normal,,normal_standard,3,2026-05-10 12:54:18+00:00,False,False,never,,,3,3,,,,,0
cv_20260827_dev_0000489,0,normal,,normal_standard,1,2026-05-05 20:20:38+00:00,False,False,never,,,1,1,,,,,0
cv_20260827_dev_0000490,0,normal,,normal_standard,1,2026-05-15 23:12:55+00:00,False,False,never,,,1,1,,,,,0
cv_20260827_dev_0000491,0,normal,,normal_standard,1,2026-05-03 13:34:46+00:00,False,False,never,,,1,1,,,,,0
cv_20260827_dev_0000492,0,normal,,normal_standard,2,2026-05-18 00:04:33+00:00,False,False,never,,,2,2,,,,,0
cv_20260827_dev_0000493,0,normal,,normal_standard,2,2026-05-17 22:36:33+00:00,False,False,never,,,2,2,,,,,0
cv_20260827_dev_0000494,0,normal,,normal_standard,1,2026-05-28 05:58:13+00:00,False,False,never,,,1,1,,,,,0
cv_20260827_dev_0000495,0,normal,,normal_standard,2,2026-05-01 13:36:05+00:00,False,False,never,,,2,2,,,,,0
cv_20260827_dev_0000496,0,normal,,normal_standard,1,2026-05-26 19:31:14+00:00,False,False,never,,,1,1,,,,,0
cv_20260827_dev_0000497,0,normal,,normal_standard,1,2026-05-26 12:57:30+00:00,False,False,never,,,1,1,,,,,0
cv_20260827_dev_0000498,0,normal,,normal_standard,2,2026-05-27 21:42:28+00:00,False,False,never,,,2,2,,,,,0
cv_20260827_dev_0000499,0,normal,,normal_standard,1,2026-05-16 07:53:25+00:00,False,False,never,,,1,1,,,,,0
cv_20260827_dev_0000500,0,normal,,normal_standard,1,2026-05-15 01:24:27+00:00,False,False,never,,,1,1,,,,,0
cv_20260827_dev_0000501,0,normal,,normal_standard,2,2026-05-25 07:27:31+00:00,False,False,never,,,2,2,,,,,0
cv_20260827_dev_0000502,0,normal,,normal_standard,1,2026-05-29 07:00:48+00:00,False,False,never,,,1,1,,,,,0
cv_20260827_dev_0000503,0,normal,,normal_standard,1,2026-05-01 21:28:52+00:00,False,False,never,,,1,1,,,,,0
cv_20260827_dev_0000504,0,normal,,normal_standard,1,2026-05-03 08:38:42+00:00,False,False,never,,,1,1,,,,,0
cv_20260827_dev_0000505,0,normal,,normal_standard,1,2026-05-25 18:57:10+00:00,False,False,never,,,1,1,,,,,0
cv_20260827_dev_0000506,0,normal,,normal_standard,2,2026-05-20 05:23:25+00:00,False,False,never,,,2,2,,,,,0
cv_20260827_dev_0000507,0,normal,,normal_standard,3,2026-05-10 01:27:46+00:00,False,False,never,,,3,3,,,,,0
cv_20260827_dev_0000508,0,normal,,normal_standard,2,2026-05-03 13:28:49+00:00,False,False,never,,,2,2,,,,,0
cv_20260827_dev_0000509,0,normal,,normal_standard,1,2026-05-21 08:25:22+00:00,False,False,never,,,1,1,,,,,0
cv_20260827_dev_0000510,0,normal,,normal_standard,2,2026-05-29 05:34:01+00:00,False,False,never,,,2,2,,,,,0
cv_20260827_dev_0000511,0,normal,,normal_standard,2,2026-05-11 10:41:54+00:00,False,False,never,,,2,2,,,,,0
cv_20260827_dev_0000512,0,normal,,normal_standard,1,2026-05-23 00:56:05+00:00,False,False,never,,,1,1,,,,,0
cv_20260827_dev_0000513,0,normal,,normal_standard,1,2026-05-02 22:08:13+00:00,False,False,never,,,1,1,,,,,0
cv_20260827_dev_0000514,0,normal,,normal_standard,1,2026-05-20 05:46:48+00:00,False,False,never,,,1,1,,,,,0
cv_20260827_dev_0000515,0,normal,,normal_standard,2,2026-05-10 07:27:42+00:00,False,False,never,,,2,2,,,,,0
cv_20260827_dev_0000516,0,normal,,normal_standard,1,2026-05-24 05:21:57+00:00,False,False,never,,,1,1,,,,,0
cv_20260827_dev_0000517,0,normal,,normal_standard,1,2026-05-02 13:08:07+00:00,False,False,never,,,1,1,,,,,0
cv_20260827_dev_0000518,0,normal,,normal_standard,1,2026-05-30 04:50:37+00:00,False,False,never,,,1,1,,,,,0
cv_20260827_dev_0000519,0,normal,,normal_standard,1,2026-05-13 17:53:56+00:00,False,False,never,,,1,1,,,,,0
cv_20260827_dev_0000520,0,normal,,normal_standard,1,2026-05-26 04:13:52+00:00,False,False,never,,,1,1,,,,,0
cv_20260827_dev_0000521,0,normal,,normal_standard,1,2026-05-23 01:25:32+00:00,False,False,never,,,1,1,,,,,0
cv_20260827_dev_0000522,0,normal,,normal_standard,1,2026-05-08 15:43:48+00:00,False,False,never,,,1,1,,,,,0
cv_20260827_dev_0000523,0,normal,,normal_standard,1,2026-05-03 20:32:36+00:00,False,False,never,,,1,1,,,,,0
cv_20260827_dev_0000524,0,normal,,normal_standard,3,2026-05-30 18:00:56+00:00,False,False,never,,,3,3,,,,,0
cv_20260827_dev_0000525,0,normal,,normal_standard,1,2026-05-19 21:46:15+00:00,False,False,never,,,1,1,,,,,0
cv_20260827_dev_0000526,0,normal,,normal_standard,1,2026-05-08 23:27:53+00:00,False,False,never,,,1,1,,,,,0
cv_20260827_dev_0000527,0,normal,,normal_standard,1,2026-05-05 22:51:44+00:00,False,False,never,,,1,1,,,,,0
cv_20260827_dev_0000528,0,normal,,normal_standard,1,2026-05-16 23:24:10+00:00,False,False,never,,,1,1,,,,,0
cv_20260827_dev_0000529,0,normal,,normal_standard,1,2026-05-04 12:56:38+00:00,False,False,never,,,1,1,,,,,0
cv_20260827_dev_0000530,0,normal,,normal_standard,3,2026-05-16 19:29:37+00:00,False,False,never,,,3,3,,,,,0
cv_20260827_dev_0000531,0,normal,,normal_standard,1,2026-05-16 21:19:49+00:00,False,False,never,,,1,1,,,,,0
cv_20260827_dev_0000532,0,normal,,normal_standard,1,2026-05-03 05:27:32+00:00,False,False,never,,,1,1,,,,,0
cv_20260827_dev_0000533,0,normal,,normal_standard,1,2026-05-29 14:51:56+00:00,False,False,never,,,1,1,,,,,0
cv_20260827_dev_0000534,0,normal,,normal_standard,1,2026-05-12 17:09:38+00:00,False,False,never,,,1,1,,,,,0
cv_20260827_dev_0000535,0,normal,,normal_standard,1,2026-05-18 08:18:50+00:00,False,False,never,,,1,1,,,,,0
cv_20260827_dev_0000536,0,normal,,normal_standard,2,2026-05-06 08:57:01+00:00,False,False,never,,,2,2,,,,,0
cv_20260827_dev_0000537,0,normal,,normal_standard,2,2026-05-29 07:35:16+00:00,False,False,never,,,2,2,,,,,0
cv_20260827_dev_0000538,0,normal,,normal_standard,1,2026-05-09 14:09:35+00:00,False,False,never,,,1,1,,,,,0
cv_20260827_dev_0000539,0,normal,,normal_standard,1,2026-05-18 08:49:47+00:00,False,False,never,,,1,1,,,,,0
cv_20260827_dev_0000540,0,normal,,normal_standard,1,2026-05-14 19:44:07+00:00,False,False,never,,,1,1,,,,,0
cv_20260827_dev_0000541,0,normal,,normal_standard,1,2026-05-08 17:41:29+00:00,False,False,never,,,1,1,,,,,0
cv_20260827_dev_0000542,0,normal,,normal_standard,1,2026-05-15 21:18:56+00:00,False,False,never,,,1,1,,,,,0
cv_20260827_dev_0000543,0,normal,,normal_standard,1,2026-05-02 02:25:33+00:00,False,False,never,,,1,1,,,,,0
cv_20260827_dev_0000544,0,normal,,normal_standard,1,2026-05-21 18:59:31+00:00,False,False,never,,,1,1,,,,,0
cv_20260827_dev_0000545,0,normal,,normal_standard,3,2026-05-16 03:34:08+00:00,False,False,never,,,3,3,,,,,0
cv_20260827_dev_0000546,0,normal,,normal_standard,2,2026-05-08 21:51:32+00:00,False,False,never,,,2,2,,,,,0
cv_20260827_dev_0000547,0,normal,,normal_standard,1,2026-05-01 14:36:19+00:00,False,False,never,,,1,1,,,,,0
cv_20260827_dev_0000548,0,normal,,normal_standard,1,2026-05-09 20:19:53+00:00,False,False,never,,,1,1,,,,,0
cv_20260827_dev_0000549,0,normal,,normal_standard,1,2026-05-17 19:45:41+00:00,False,False,never,,,1,1,,,,,0
cv_20260827_dev_0000550,0,normal,,normal_standard,1,2026-05-18 23:12:23+00:00,False,False,never,,,1,1,,,,,0
cv_20260827_dev_0000551,0,normal,,normal_standard,1,2026-05-18 16:47:58+00:00,False,False,never,,,1,1,,,,,0
cv_20260827_dev_0000552,0,normal,,normal_standard,1,2026-05-28 04:08:58+00:00,False,False,never,,,1,1,,,,,0
cv_20260827_dev_0000553,0,normal,,normal_standard,1,2026-05-10 09:01:06+00:00,False,False,never,,,1,1,,,,,0
cv_20260827_dev_0000554,0,normal,,normal_standard,1,2026-05-25 10:28:36+00:00,False,False,never,,,1,1,,,,,0
cv_20260827_dev_0000555,0,normal,,normal_standard,1,2026-05-13 10:51:11+00:00,False,False,never,,,1,1,,,,,0
cv_20260827_dev_0000556,0,normal,,normal_standard,2,2026-05-22 00:42:29+00:00,False,False,never,,,2,2,,,,,0
cv_20260827_dev_0000557,0,normal,,normal_standard,1,2026-05-12 14:47:25+00:00,False,False,never,,,1,1,,,,,0
cv_20260827_dev_0000558,0,normal,,normal_standard,1,2026-05-04 16:28:52+00:00,False,False,never,,,1,1,,,,,0
cv_20260827_dev_0000559,0,normal,,normal_standard,1,2026-05-17 01:59:58+00:00,False,False,never,,,1,1,,,,,0
cv_20260827_dev_0000560,0,normal,,normal_standard,3,2026-05-19 08:31:44+00:00,False,False,never,,,3,3,,,,,0
cv_20260827_dev_0000561,0,normal,,normal_standard,1,2026-05-11 09:48:30+00:00,False,False,never,,,1,1,,,,,0
cv_20260827_dev_0000562,0,normal,,normal_standard,2,2026-05-02 20:13:18+00:00,False,False,never,,,2,2,,,,,0
cv_20260827_dev_0000563,0,normal,,normal_standard,1,2026-05-05 00:16:43+00:00,False,False,never,,,1,1,,,,,0
cv_20260827_dev_0000564,0,normal,,normal_standard,1,2026-05-05 20:13:55+00:00,False,False,never,,,1,1,,,,,0
cv_20260827_dev_0000565,0,normal,,normal_standard,1,2026-05-15 20:44:12+00:00,False,False,never,,,1,1,,,,,0
cv_20260827_dev_0000566,0,normal,,normal_standard,2,2026-05-01 16:15:27+00:00,False,False,never,,,2,2,,,,,0
cv_20260827_dev_0000567,0,normal,,normal_standard,1,2026-05-26 12:18:22+00:00,False,False,never,,,1,1,,,,,0
cv_20260827_dev_0000568,0,normal,,normal_standard,1,2026-05-08 11:36:55+00:00,False,False,never,,,1,1,,,,,0
cv_20260827_dev_0000569,0,normal,,normal_standard,1,2026-05-07 15:30:41+00:00,False,False,never,,,1,1,,,,,0
cv_20260827_dev_0000570,0,normal,,normal_standard,1,2026-05-01 11:12:42+00:00,False,False,never,,,1,1,,,,,0
cv_20260827_dev_0000571,0,normal,,normal_standard,2,2026-05-29 23:50:24+00:00,False,False,never,,,2,2,,,,,0
cv_20260827_dev_0000572,0,normal,,normal_standard,1,2026-05-30 09:18:29+00:00,False,False,never,,,1,1,,,,,0
cv_20260827_dev_0000573,0,normal,,normal_standard,1,2026-05-15 04:52:29+00:00,False,False,never,,,1,1,,,,,0
cv_20260827_dev_0000574,0,normal,,normal_standard,1,2026-05-07 00:05:09+00:00,False,False,never,,,1,1,,,,,0
cv_20260827_dev_0000575,0,normal,,normal_standard,2,2026-05-28 01:13:49+00:00,False,False,never,,,2,2,,,,,0
cv_20260827_dev_0000576,0,normal,,normal_standard,2,2026-05-04 17:39:27+00:00,False,False,never,,,2,2,,,,,0
cv_20260827_dev_0000577,0,normal,,normal_standard,1,2026-05-07 11:41:55+00:00,False,False,never,,,1,1,,,,,0
cv_20260827_dev_0000578,0,normal,,normal_standard,1,2026-05-19 20:08:42+00:00,False,False,never,,,1,1,,,,,0
cv_20260827_dev_0000579,0,normal,,normal_standard,1,2026-05-14 13:07:58+00:00,False,False,never,,,1,1,,,,,0
cv_20260827_dev_0000580,0,normal,,normal_standard,1,2026-05-24 14:59:18+00:00,False,False,never,,,1,1,,,,,0
cv_20260827_dev_0000581,0,normal,,normal_standard,1,2026-05-14 04:43:20+00:00,False,False,never,,,1,1,,,,,0
cv_20260827_dev_0000582,0,normal,,normal_standard,2,2026-05-05 06:33:31+00:00,False,False,never,,,2,2,,,,,0
cv_20260827_dev_0000583,0,normal,,normal_standard,1,2026-05-30 06:19:59+00:00,False,False,never,,,1,1,,,,,0
cv_20260827_dev_0000584,0,normal,,normal_standard,1,2026-05-05 10:22:52+00:00,False,False,never,,,1,1,,,,,0
cv_20260827_dev_0000585,0,normal,,normal_standard,2,2026-05-14 04:15:28+00:00,False,False,never,,,2,2,,,,,0
cv_20260827_dev_0000586,0,normal,,normal_standard,1,2026-05-15 19:54:46+00:00,False,False,never,,,1,1,,,,,0
cv_20260827_dev_0000587,0,normal,,normal_standard,1,2026-05-14 21:53:12+00:00,False,False,never,,,1,1,,,,,0
cv_20260827_dev_0000588,0,normal,,normal_standard,1,2026-05-05 02:33:58+00:00,False,False,never,,,1,1,,,,,0
cv_20260827_dev_0000589,0,normal,,normal_standard,1,2026-05-05 22:34:17+00:00,False,False,never,,,1,1,,,,,0
cv_20260827_dev_0000590,0,normal,,normal_standard,1,2026-05-02 01:57:27+00:00,False,False,never,,,1,1,,,,,0
cv_20260827_dev_0000591,0,normal,,normal_standard,3,2026-05-07 22:05:48+00:00,False,False,never,,,3,3,,,,,0
cv_20260827_dev_0000592,0,normal,,normal_standard,1,2026-05-12 14:23:44+00:00,False,False,never,,,1,1,,,,,0
cv_20260827_dev_0000593,0,normal,,normal_standard,1,2026-05-30 09:06:33+00:00,False,False,never,,,1,1,,,,,0
cv_20260827_dev_0000594,0,normal,,normal_standard,1,2026-05-30 10:12:47+00:00,False,False,never,,,1,1,,,,,0
cv_20260827_dev_0000595,0,normal,,normal_standard,1,2026-05-30 07:00:27+00:00,False,False,never,,,1,1,,,,,0
cv_20260827_dev_0000596,0,normal,,normal_standard,1,2026-05-28 05:48:25+00:00,False,False,never,,,1,1,,,,,0
cv_20260827_dev_0000597,0,normal,,normal_standard,1,2026-05-26 19:08:31+00:00,False,False,never,,,1,1,,,,,0
cv_20260827_dev_0000598,0,normal,,normal_standard,2,2026-05-15 21:33:48+00:00,False,False,never,,,2,2,,,,,0
cv_20260827_dev_0000599,0,normal,,normal_standard,2,2026-05-05 10:20:41+00:00,False,False,never,,,2,2,,,,,0
cv_20260827_dev_0000600,0,normal,,normal_standard,2,2026-05-23 12:27:28+00:00,False,False,never,,,2,2,,,,,0
cv_20260827_dev_0000601,0,normal,,normal_standard,1,2026-05-19 12:24:56+00:00,False,False,never,,,1,1,,,,,0
cv_20260827_dev_0000602,0,normal,,normal_standard,2,2026-05-12 14:10:07+00:00,False,False,never,,,2,2,,,,,0
cv_20260827_dev_0000603,0,normal,,normal_standard,1,2026-05-23 08:55:27+00:00,False,False,never,,,1,1,,,,,0
cv_20260827_dev_0000604,0,normal,,normal_standard,3,2026-05-13 14:02:38+00:00,False,False,never,,,3,3,,,,,0
cv_20260827_dev_0000605,0,normal,,normal_standard,2,2026-05-08 19:02:35+00:00,False,False,never,,,2,2,,,,,0
cv_20260827_dev_0000606,0,normal,,normal_standard,1,2026-05-05 18:25:27+00:00,False,False,never,,,1,1,,,,,0
cv_20260827_dev_0000607,0,normal,,normal_standard,1,2026-05-22 11:35:39+00:00,False,False,never,,,1,1,,,,,0
cv_20260827_dev_0000608,0,normal,,normal_standard,1,2026-05-22 14:08:54+00:00,False,False,never,,,1,1,,,,,0
cv_20260827_dev_0000609,0,normal,,normal_standard,1,2026-05-25 22:05:27+00:00,False,False,never,,,1,1,,,,,0
cv_20260827_dev_0000610,0,normal,,normal_standard,2,2026-05-16 08:37:50+00:00,False,False,never,,,2,2,,,,,0
cv_20260827_dev_0000611,0,normal,,normal_standard,1,2026-05-17 04:58:00+00:00,False,False,never,,,1,1,,,,,0
cv_20260827_dev_0000612,0,normal,,normal_standard,1,2026-05-13 12:40:42+00:00,False,False,never,,,1,1,,,,,0
cv_20260827_dev_0000613,0,normal,,normal_standard,1,2026-05-01 22:32:18+00:00,False,False,never,,,1,1,,,,,0
cv_20260827_dev_0000614,0,normal,,normal_standard,1,2026-05-28 00:35:03+00:00,False,False,never,,,1,1,,,,,0
cv_20260827_dev_0000615,0,normal,,normal_standard,2,2026-05-15 18:03:14+00:00,False,False,never,,,2,2,,,,,0
cv_20260827_dev_0000616,0,normal,,normal_standard,1,2026-05-08 14:17:59+00:00,False,False,never,,,1,1,,,,,0
cv_20260827_dev_0000617,0,normal,,normal_standard,2,2026-05-10 16:07:34+00:00,False,False,never,,,2,2,,,,,0
cv_20260827_dev_0000618,0,normal,,normal_standard,1,2026-05-15 02:52:37+00:00,False,False,never,,,1,1,,,,,0
cv_20260827_dev_0000619,0,normal,,normal_standard,1,2026-05-02 07:50:15+00:00,False,False,never,,,1,1,,,,,0
cv_20260827_dev_0000620,0,normal,,normal_standard,1,2026-05-16 05:47:52+00:00,False,False,never,,,1,1,,,,,0
cv_20260827_dev_0000621,0,normal,,normal_standard,1,2026-05-13 19:39:37+00:00,False,False,never,,,1,1,,,,,0
cv_20260827_dev_0000622,0,normal,,normal_standard,1,2026-05-29 20:47:07+00:00,False,False,never,,,1,1,,,,,0
cv_20260827_dev_0000623,0,normal,,normal_standard,1,2026-05-26 10:37:06+00:00,False,False,never,,,1,1,,,,,0
cv_20260827_dev_0000624,0,normal,,normal_standard,1,2026-05-15 13:25:44+00:00,False,False,never,,,1,1,,,,,0
cv_20260827_dev_0000625,0,normal,,normal_standard,1,2026-05-18 02:00:06+00:00,False,False,never,,,1,1,,,,,0
cv_20260827_dev_0000626,0,normal,,normal_standard,1,2026-05-02 06:11:33+00:00,False,False,never,,,1,1,,,,,0
cv_20260827_dev_0000627,0,normal,,normal_standard,1,2026-05-28 08:22:01+00:00,False,False,never,,,1,1,,,,,0
cv_20260827_dev_0000628,0,normal,,normal_standard,1,2026-05-27 00:42:28+00:00,False,False,never,,,1,1,,,,,0
cv_20260827_dev_0000629,0,normal,,normal_standard,2,2026-05-10 16:40:44+00:00,False,False,never,,,2,2,,,,,0
cv_20260827_dev_0000630,0,normal,,normal_standard,3,2026-05-05 00:34:47+00:00,False,False,never,,,3,3,,,,,0
cv_20260827_dev_0000631,0,normal,,normal_standard,1,2026-05-14 08:20:25+00:00,False,False,never,,,1,1,,,,,0
cv_20260827_dev_0000632,0,normal,,normal_standard,1,2026-05-08 04:34:35+00:00,False,False,never,,,1,1,,,,,0
cv_20260827_dev_0000633,0,normal,,normal_standard,1,2026-05-11 11:30:42+00:00,False,False,never,,,1,1,,,,,0
cv_20260827_dev_0000634,0,normal,,normal_standard,1,2026-05-01 06:50:42+00:00,False,False,never,,,1,1,,,,,0
cv_20260827_dev_0000635,0,normal,,normal_standard,1,2026-05-13 01:23:35+00:00,False,False,never,,,1,1,,,,,0
cv_20260827_dev_0000636,0,normal,,normal_standard,1,2026-05-16 05:57:56+00:00,False,False,never,,,1,1,,,,,0
cv_20260827_dev_0000637,0,normal,,normal_standard,1,2026-05-29 23:03:33+00:00,False,False,never,,,1,1,,,,,0
cv_20260827_dev_0000638,0,normal,,normal_standard,2,2026-05-08 00:37:39+00:00,False,False,never,,,2,2,,,,,0
cv_20260827_dev_0000639,0,normal,,normal_standard,1,2026-05-15 18:29:51+00:00,False,False,never,,,1,1,,,,,0
cv_20260827_dev_0000640,0,normal,,normal_standard,1,2026-05-04 17:03:39+00:00,False,False,never,,,1,1,,,,,0
cv_20260827_dev_0000641,0,normal,,normal_standard,1,2026-05-04 11:25:06+00:00,False,False,never,,,1,1,,,,,0
cv_20260827_dev_0000642,0,normal,,normal_standard,1,2026-05-26 22:16:51+00:00,False,False,never,,,1,1,,,,,0
cv_20260827_dev_0000643,0,normal,,normal_standard,3,2026-05-20 21:46:28+00:00,False,False,never,,,3,3,,,,,0
cv_20260827_dev_0000644,0,normal,,normal_standard,1,2026-05-12 09:23:35+00:00,False,False,never,,,1,1,,,,,0
cv_20260827_dev_0000645,0,normal,,normal_standard,1,2026-05-27 12:17:23+00:00,False,False,never,,,1,1,,,,,0
cv_20260827_dev_0000646,0,normal,,normal_standard,1,2026-05-11 10:31:29+00:00,False,False,never,,,1,1,,,,,0
cv_20260827_dev_0000647,0,normal,,normal_standard,1,2026-05-12 16:57:26+00:00,False,False,never,,,1,1,,,,,0
cv_20260827_dev_0000648,0,normal,,normal_standard,2,2026-05-24 04:50:31+00:00,False,False,never,,,2,2,,,,,0
cv_20260827_dev_0000649,0,normal,,normal_standard,1,2026-05-27 07:09:31+00:00,False,False,never,,,1,1,,,,,0
cv_20260827_dev_0000650,0,normal,,normal_standard,3,2026-05-03 19:22:59+00:00,False,False,never,,,3,3,,,,,0
cv_20260827_dev_0000651,0,normal,,normal_standard,1,2026-05-17 12:18:21+00:00,False,False,never,,,1,1,,,,,0
cv_20260827_dev_0000652,0,normal,,normal_standard,2,2026-05-04 19:16:25+00:00,False,False,never,,,2,2,,,,,0
cv_20260827_dev_0000653,0,normal,,normal_standard,2,2026-05-20 15:52:57+00:00,False,False,never,,,2,2,,,,,0
cv_20260827_dev_0000654,0,normal,,normal_standard,1,2026-05-25 16:29:06+00:00,False,False,never,,,1,1,,,,,0
cv_20260827_dev_0000655,0,normal,,normal_standard,1,2026-05-01 21:26:30+00:00,False,False,never,,,1,1,,,,,0
cv_20260827_dev_0000656,0,normal,,normal_standard,1,2026-05-22 17:12:27+00:00,False,False,never,,,1,1,,,,,0
cv_20260827_dev_0000657,0,normal,,normal_standard,1,2026-05-30 03:27:34+00:00,False,False,never,,,1,1,,,,,0
cv_20260827_dev_0000658,0,normal,,normal_standard,1,2026-05-09 15:19:11+00:00,False,False,never,,,1,1,,,,,0
cv_20260827_dev_0000659,0,normal,,normal_standard,1,2026-05-12 05:11:58+00:00,False,False,never,,,1,1,,,,,0
cv_20260827_dev_0000660,0,normal,,normal_standard,2,2026-05-03 16:30:19+00:00,False,False,never,,,2,2,,,,,0
cv_20260827_dev_0000661,0,normal,,normal_standard,1,2026-05-24 11:53:17+00:00,False,False,never,,,1,1,,,,,0
cv_20260827_dev_0000662,0,normal,,normal_standard,2,2026-05-18 22:37:18+00:00,False,False,never,,,2,2,,,,,0
cv_20260827_dev_0000663,0,normal,,normal_standard,1,2026-05-05 15:59:14+00:00,False,False,never,,,1,1,,,,,0
cv_20260827_dev_0000664,0,normal,,normal_standard,1,2026-05-21 19:11:57+00:00,False,False,never,,,1,1,,,,,0
cv_20260827_dev_0000665,0,normal,,normal_standard,1,2026-05-12 18:59:08+00:00,False,False,never,,,1,1,,,,,0
cv_20260827_dev_0000666,0,normal,,normal_standard,1,2026-05-05 13:54:54+00:00,False,False,never,,,1,1,,,,,0
cv_20260827_dev_0000667,0,normal,,normal_standard,2,2026-05-19 18:48:50+00:00,False,False,never,,,2,2,,,,,0
cv_20260827_dev_0000668,0,normal,,normal_standard,1,2026-05-10 10:24:41+00:00,False,False,never,,,1,1,,,,,0
cv_20260827_dev_0000669,0,normal,,normal_standard,3,2026-05-12 15:49:44+00:00,False,False,never,,,3,3,,,,,0
cv_20260827_dev_0000670,0,normal,,normal_standard,2,2026-05-28 14:43:11+00:00,False,False,never,,,2,2,,,,,0
cv_20260827_dev_0000671,0,normal,,normal_standard,1,2026-05-16 21:16:31+00:00,False,False,never,,,1,1,,,,,0
cv_20260827_dev_0000672,0,normal,,normal_standard,3,2026-05-14 23:43:00+00:00,False,False,never,,,3,3,,,,,0
cv_20260827_dev_0000673,0,normal,,normal_standard,1,2026-05-14 15:33:55+00:00,False,False,never,,,1,1,,,,,0
cv_20260827_dev_0000674,0,normal,,normal_standard,1,2026-05-18 05:48:57+00:00,False,False,never,,,1,1,,,,,0
cv_20260827_dev_0000675,0,normal,,normal_standard,1,2026-05-19 20:46:46+00:00,False,False,never,,,1,1,,,,,0
cv_20260827_dev_0000676,0,normal,,normal_standard,1,2026-05-24 15:23:15+00:00,False,False,never,,,1,1,,,,,0
cv_20260827_dev_0000677,0,normal,,normal_standard,2,2026-05-03 03:09:01+00:00,False,False,never,,,2,2,,,,,0
cv_20260827_dev_0000678,0,normal,,normal_standard,1,2026-05-09 07:02:07+00:00,False,False,never,,,1,1,,,,,0
cv_20260827_dev_0000679,0,normal,,normal_standard,1,2026-05-21 20:05:38+00:00,False,False,never,,,1,1,,,,,0
cv_20260827_dev_0000680,0,normal,,normal_standard,1,2026-05-07 03:22:22+00:00,False,False,never,,,1,1,,,,,0
cv_20260827_dev_0000681,0,normal,,normal_standard,1,2026-05-09 01:57:33+00:00,False,False,never,,,1,1,,,,,0
cv_20260827_dev_0000682,0,normal,,normal_standard,1,2026-05-15 07:25:10+00:00,False,False,never,,,1,1,,,,,0
cv_20260827_dev_0000683,0,normal,,normal_standard,1,2026-05-12 14:05:32+00:00,False,False,never,,,1,1,,,,,0
cv_20260827_dev_0000684,0,normal,,normal_standard,1,2026-05-11 11:12:58+00:00,False,False,never,,,1,1,,,,,0
cv_20260827_dev_0000685,0,normal,,normal_standard,1,2026-05-20 22:01:59+00:00,False,False,never,,,1,1,,,,,0
cv_20260827_dev_0000686,0,normal,,normal_standard,1,2026-05-19 13:09:42+00:00,False,False,never,,,1,1,,,,,0
cv_20260827_dev_0000687,0,normal,,normal_standard,3,2026-05-25 21:34:22+00:00,False,False,never,,,3,3,,,,,0
cv_20260827_dev_0000688,0,normal,,normal_standard,1,2026-05-23 02:25:35+00:00,False,False,never,,,1,1,,,,,0
cv_20260827_dev_0000689,0,normal,,normal_standard,2,2026-05-21 04:31:54+00:00,False,False,never,,,2,2,,,,,0
cv_20260827_dev_0000690,0,normal,,normal_standard,2,2026-05-11 11:58:55+00:00,False,False,never,,,2,2,,,,,0
cv_20260827_dev_0000691,0,normal,,normal_standard,1,2026-05-29 07:54:33+00:00,False,False,never,,,1,1,,,,,0
cv_20260827_dev_0000692,0,normal,,normal_standard,1,2026-05-17 13:26:51+00:00,False,False,never,,,1,1,,,,,0
cv_20260827_dev_0000693,0,normal,,normal_standard,1,2026-05-08 15:18:24+00:00,False,False,never,,,1,1,,,,,0
cv_20260827_dev_0000694,0,normal,,normal_standard,1,2026-05-26 21:37:19+00:00,False,False,never,,,1,1,,,,,0
cv_20260827_dev_0000695,0,normal,,normal_standard,1,2026-05-15 23:11:43+00:00,False,False,never,,,1,1,,,,,0
cv_20260827_dev_0000696,0,normal,,normal_standard,2,2026-05-17 06:56:43+00:00,False,False,never,,,2,2,,,,,0
cv_20260827_dev_0000697,0,normal,,normal_standard,2,2026-05-27 04:20:15+00:00,False,False,never,,,2,2,,,,,0
cv_20260827_dev_0000698,0,normal,,normal_standard,1,2026-05-09 08:00:52+00:00,False,False,never,,,1,1,,,,,0
cv_20260827_dev_0000699,0,normal,,normal_standard,1,2026-05-21 00:15:51+00:00,False,False,never,,,1,1,,,,,0
cv_20260827_dev_0000700,0,normal,,normal_standard,1,2026-05-20 10:25:22+00:00,False,False,never,,,1,1,,,,,0
cv_20260827_dev_0000701,0,normal,,normal_standard,2,2026-05-10 07:29:50+00:00,False,False,never,,,2,2,,,,,0
cv_20260827_dev_0000702,0,normal,,normal_standard,1,2026-05-24 23:17:55+00:00,False,False,never,,,1,1,,,,,0
cv_20260827_dev_0000703,0,normal,,normal_standard,1,2026-05-16 04:55:04+00:00,False,False,never,,,1,1,,,,,0
cv_20260827_dev_0000704,0,normal,,normal_standard,2,2026-05-10 14:49:51+00:00,False,False,never,,,2,2,,,,,0
cv_20260827_dev_0000705,0,normal,,normal_standard,1,2026-05-26 04:53:52+00:00,False,False,never,,,1,1,,,,,0
cv_20260827_dev_0000706,0,normal,,normal_standard,1,2026-05-20 05:07:18+00:00,False,False,never,,,1,1,,,,,0
cv_20260827_dev_0000707,0,normal,,normal_standard,1,2026-05-28 16:24:27+00:00,False,False,never,,,1,1,,,,,0
cv_20260827_dev_0000708,0,normal,,normal_standard,1,2026-05-07 05:17:22+00:00,False,False,never,,,1,1,,,,,0
cv_20260827_dev_0000709,0,normal,,normal_standard,1,2026-05-01 02:38:27+00:00,False,False,never,,,1,1,,,,,0
cv_20260827_dev_0000710,0,normal,,normal_standard,1,2026-05-30 01:44:50+00:00,False,False,never,,,1,1,,,,,0
cv_20260827_dev_0000711,0,normal,,normal_standard,1,2026-05-11 10:28:52+00:00,False,False,never,,,1,1,,,,,0
cv_20260827_dev_0000712,0,normal,,normal_standard,1,2026-05-09 16:00:24+00:00,False,False,never,,,1,1,,,,,0
cv_20260827_dev_0000713,0,normal,,normal_standard,1,2026-05-10 22:53:24+00:00,False,False,never,,,1,1,,,,,0
cv_20260827_dev_0000714,0,normal,,normal_standard,4,2026-05-11 22:06:46+00:00,False,False,never,,,4,4,,,,,0
cv_20260827_dev_0000715,0,normal,,normal_standard,1,2026-05-08 07:48:41+00:00,False,False,never,,,1,1,,,,,0
cv_20260827_dev_0000716,0,normal,,normal_standard,1,2026-05-24 05:43:05+00:00,False,False,never,,,1,1,,,,,0
cv_20260827_dev_0000717,0,normal,,normal_standard,1,2026-05-27 18:33:51+00:00,False,False,never,,,1,1,,,,,0
cv_20260827_dev_0000718,0,normal,,normal_standard,3,2026-05-14 19:41:49+00:00,False,False,never,,,3,3,,,,,0
cv_20260827_dev_0000719,0,normal,,normal_standard,1,2026-05-23 02:48:08+00:00,False,False,never,,,1,1,,,,,0
cv_20260827_dev_0000720,0,normal,,normal_standard,1,2026-05-16 23:57:56+00:00,False,False,never,,,1,1,,,,,0
cv_20260827_dev_0000721,0,normal,,normal_standard,1,2026-05-15 00:44:37+00:00,False,False,never,,,1,1,,,,,0
cv_20260827_dev_0000722,0,normal,,normal_standard,1,2026-05-09 12:09:43+00:00,False,False,never,,,1,1,,,,,0
cv_20260827_dev_0000723,0,normal,,normal_standard,1,2026-05-17 11:35:32+00:00,False,False,never,,,1,1,,,,,0
cv_20260827_dev_0000724,0,normal,,normal_standard,1,2026-05-21 05:48:17+00:00,False,False,never,,,1,1,,,,,0
cv_20260827_dev_0000725,0,normal,,normal_standard,1,2026-05-09 13:01:11+00:00,False,False,never,,,1,1,,,,,0
cv_20260827_dev_0000726,0,normal,,normal_standard,1,2026-05-17 05:55:02+00:00,False,False,never,,,1,1,,,,,0
cv_20260827_dev_0000727,0,normal,,normal_standard,1,2026-05-25 05:07:33+00:00,False,False,never,,,1,1,,,,,0
cv_20260827_dev_0000728,0,normal,,normal_standard,1,2026-05-16 09:52:24+00:00,False,False,never,,,1,1,,,,,0
cv_20260827_dev_0000729,0,normal,,normal_standard,2,2026-05-23 21:38:42+00:00,False,False,never,,,2,2,,,,,0
cv_20260827_dev_0000730,0,normal,,normal_standard,1,2026-05-19 04:34:34+00:00,False,False,never,,,1,1,,,,,0
cv_20260827_dev_0000731,0,normal,,normal_standard,3,2026-05-30 14:21:01+00:00,False,False,never,,,3,3,,,,,0
cv_20260827_dev_0000732,0,normal,,normal_standard,1,2026-05-23 18:27:00+00:00,False,False,never,,,1,1,,,,,0
cv_20260827_dev_0000733,0,normal,,normal_standard,1,2026-05-30 20:11:29+00:00,False,False,never,,,1,1,,,,,0
cv_20260827_dev_0000734,0,normal,,normal_standard,2,2026-05-27 19:29:57+00:00,False,False,never,,,2,2,,,,,0
cv_20260827_dev_0000735,0,normal,,normal_standard,1,2026-05-24 18:06:26+00:00,False,False,never,,,1,1,,,,,0
cv_20260827_dev_0000736,0,normal,,normal_standard,1,2026-05-11 05:36:17+00:00,False,False,never,,,1,1,,,,,0
cv_20260827_dev_0000737,0,normal,,normal_standard,1,2026-05-07 11:30:02+00:00,False,False,never,,,1,1,,,,,0
cv_20260827_dev_0000738,0,normal,,normal_standard,4,2026-05-01 18:50:24+00:00,False,False,never,,,4,4,,,,,0
cv_20260827_dev_0000739,0,normal,,normal_standard,2,2026-05-03 11:18:54+00:00,False,False,never,,,2,2,,,,,0
cv_20260827_dev_0000740,0,normal,,normal_standard,1,2026-05-16 12:06:06+00:00,False,False,never,,,1,1,,,,,0
cv_20260827_dev_0000741,0,normal,,normal_standard,1,2026-05-10 21:24:12+00:00,False,False,never,,,1,1,,,,,0
cv_20260827_dev_0000742,0,normal,,normal_standard,1,2026-05-10 09:25:22+00:00,False,False,never,,,1,1,,,,,0
cv_20260827_dev_0000743,0,normal,,normal_standard,4,2026-05-17 20:49:15+00:00,False,False,never,,,4,4,,,,,0
cv_20260827_dev_0000744,0,normal,,normal_standard,1,2026-05-01 19:35:14+00:00,False,False,never,,,1,1,,,,,0
cv_20260827_dev_0000745,0,normal,,normal_standard,2,2026-05-30 16:15:25+00:00,False,False,never,,,2,2,,,,,0
cv_20260827_dev_0000746,0,normal,,normal_standard,2,2026-05-19 05:34:54+00:00,False,False,never,,,2,2,,,,,0
cv_20260827_dev_0000747,0,normal,,normal_standard,1,2026-05-12 00:45:30+00:00,False,False,never,,,1,1,,,,,0
cv_20260827_dev_0000748,0,normal,,normal_standard,1,2026-05-23 19:06:08+00:00,False,False,never,,,1,1,,,,,0
cv_20260827_dev_0000749,0,normal,,normal_standard,1,2026-05-17 17:26:02+00:00,False,False,never,,,1,1,,,,,0
cv_20260827_dev_0000750,0,normal,,normal_standard,1,2026-05-21 03:42:40+00:00,False,False,never,,,1,1,,,,,0
cv_20260827_dev_0000751,0,normal,,normal_standard,1,2026-05-14 17:14:59+00:00,False,False,never,,,1,1,,,,,0
cv_20260827_dev_0000752,0,normal,,normal_standard,1,2026-05-20 19:06:25+00:00,False,False,never,,,1,1,,,,,0
cv_20260827_dev_0000753,0,normal,,normal_standard,3,2026-05-23 03:30:46+00:00,False,False,never,,,3,3,,,,,0
cv_20260827_dev_0000754,0,normal,,normal_standard,2,2026-05-18 19:46:13+00:00,False,False,never,,,2,2,,,,,0
cv_20260827_dev_0000755,0,normal,,normal_standard,2,2026-05-05 00:38:06+00:00,False,False,never,,,2,2,,,,,0
cv_20260827_dev_0000756,0,normal,,normal_standard,1,2026-05-19 04:41:46+00:00,False,False,never,,,1,1,,,,,0
cv_20260827_dev_0000757,0,normal,,normal_standard,2,2026-05-11 08:35:20+00:00,False,False,never,,,2,2,,,,,0
cv_20260827_dev_0000758,0,normal,,normal_standard,1,2026-05-29 13:07:13+00:00,False,False,never,,,1,1,,,,,0
cv_20260827_dev_0000759,0,normal,,normal_standard,1,2026-05-01 07:14:20+00:00,False,False,never,,,1,1,,,,,0
cv_20260827_dev_0000760,0,normal,,normal_standard,1,2026-05-13 23:45:40+00:00,False,False,never,,,1,1,,,,,0
cv_20260827_dev_0000761,0,normal,,normal_standard,1,2026-05-05 13:25:45+00:00,False,False,never,,,1,1,,,,,0
cv_20260827_dev_0000762,0,normal,,normal_standard,2,2026-05-21 03:12:38+00:00,False,False,never,,,2,2,,,,,0
cv_20260827_dev_0000763,0,normal,,normal_standard,1,2026-05-20 16:31:57+00:00,False,False,never,,,1,1,,,,,0
cv_20260827_dev_0000764,0,normal,,normal_standard,1,2026-05-01 15:55:37+00:00,False,False,never,,,1,1,,,,,0
cv_20260827_dev_0000765,0,normal,,normal_standard,1,2026-05-21 16:24:52+00:00,False,False,never,,,1,1,,,,,0
cv_20260827_dev_0000766,0,normal,,normal_standard,1,2026-05-21 02:06:26+00:00,False,False,never,,,1,1,,,,,0
cv_20260827_dev_0000767,0,normal,,normal_standard,2,2026-05-01 09:50:18+00:00,False,False,never,,,2,2,,,,,0
cv_20260827_dev_0000768,0,normal,,normal_standard,1,2026-05-10 15:13:50+00:00,False,False,never,,,1,1,,,,,0
cv_20260827_dev_0000769,0,normal,,normal_standard,1,2026-05-09 13:51:20+00:00,False,False,never,,,1,1,,,,,0
cv_20260827_dev_0000770,0,normal,,normal_standard,1,2026-05-29 20:45:54+00:00,False,False,never,,,1,1,,,,,0
cv_20260827_dev_0000771,0,normal,,normal_standard,1,2026-05-27 02:21:14+00:00,False,False,never,,,1,1,,,,,0
cv_20260827_dev_0000772,0,normal,,normal_standard,2,2026-05-19 21:57:35+00:00,False,False,never,,,2,2,,,,,0
cv_20260827_dev_0000773,0,normal,,normal_standard,1,2026-05-25 16:58:20+00:00,False,False,never,,,1,1,,,,,0
cv_20260827_dev_0000774,0,normal,,normal_standard,2,2026-05-09 11:07:58+00:00,False,False,never,,,2,2,,,,,0
cv_20260827_dev_0000775,0,normal,,normal_standard,1,2026-05-21 18:49:40+00:00,False,False,never,,,1,1,,,,,0
cv_20260827_dev_0000776,0,normal,,normal_standard,3,2026-05-30 08:43:30+00:00,False,False,never,,,3,3,,,,,0
cv_20260827_dev_0000777,0,normal,,normal_standard,1,2026-05-16 14:55:54+00:00,False,False,never,,,1,1,,,,,0
cv_20260827_dev_0000778,0,normal,,normal_standard,1,2026-05-24 19:33:33+00:00,False,False,never,,,1,1,,,,,0
cv_20260827_dev_0000779,0,normal,,normal_standard,1,2026-05-11 10:41:17+00:00,False,False,never,,,1,1,,,,,0
cv_20260827_dev_0000780,0,normal,,normal_standard,1,2026-05-21 23:53:44+00:00,False,False,never,,,1,1,,,,,0
cv_20260827_dev_0000781,0,normal,,normal_standard,1,2026-05-18 10:25:27+00:00,False,False,never,,,1,1,,,,,0
cv_20260827_dev_0000782,0,normal,,normal_standard,1,2026-05-08 01:14:51+00:00,False,False,never,,,1,1,,,,,0
cv_20260827_dev_0000783,0,normal,,normal_standard,3,2026-05-19 17:41:14+00:00,False,False,never,,,3,3,,,,,0
cv_20260827_dev_0000784,0,normal,,normal_standard,1,2026-05-06 23:46:28+00:00,False,False,never,,,1,1,,,,,0
cv_20260827_dev_0000785,0,normal,,normal_standard,1,2026-05-22 10:19:26+00:00,False,False,never,,,1,1,,,,,0
cv_20260827_dev_0000786,0,normal,,normal_standard,1,2026-05-25 06:55:41+00:00,False,False,never,,,1,1,,,,,0
cv_20260827_dev_0000787,0,normal,,normal_standard,1,2026-05-12 05:20:58+00:00,False,False,never,,,1,1,,,,,0
cv_20260827_dev_0000788,0,normal,,normal_standard,1,2026-05-23 15:19:19+00:00,False,False,never,,,1,1,,,,,0
cv_20260827_dev_0000789,0,normal,,normal_standard,1,2026-05-06 02:41:49+00:00,False,False,never,,,1,1,,,,,0
cv_20260827_dev_0000790,0,normal,,normal_standard,1,2026-05-13 21:43:25+00:00,False,False,never,,,1,1,,,,,0
cv_20260827_dev_0000791,0,normal,,normal_standard,1,2026-05-30 06:48:44+00:00,False,False,never,,,1,1,,,,,0
cv_20260827_dev_0000792,0,normal,,normal_standard,1,2026-05-19 18:05:45+00:00,False,False,never,,,1,1,,,,,0
cv_20260827_dev_0000793,0,normal,,normal_standard,1,2026-05-04 04:05:23+00:00,False,False,never,,,1,1,,,,,0
cv_20260827_dev_0000794,0,normal,,normal_standard,1,2026-05-04 05:57:37+00:00,False,False,never,,,1,1,,,,,0
cv_20260827_dev_0000795,0,normal,,normal_standard,2,2026-05-09 19:50:01+00:00,False,False,never,,,2,2,,,,,0
cv_20260827_dev_0000796,0,normal,,normal_standard,1,2026-05-03 00:29:22+00:00,False,False,never,,,1,1,,,,,0
cv_20260827_dev_0000797,0,normal,,normal_standard,1,2026-05-24 14:16:18+00:00,False,False,never,,,1,1,,,,,0
cv_20260827_dev_0000798,0,normal,,normal_standard,1,2026-05-03 10:44:40+00:00,False,False,never,,,1,1,,,,,0
cv_20260827_dev_0000799,0,normal,,normal_standard,1,2026-05-15 18:31:06+00:00,False,False,never,,,1,1,,,,,0
cv_20260827_dev_0000800,0,normal,,normal_standard,1,2026-05-18 10:53:41+00:00,False,False,never,,,1,1,,,,,0
cv_20260827_dev_0000801,0,normal,,normal_standard,2,2026-05-20 15:33:29+00:00,False,False,never,,,2,2,,,,,0
cv_20260827_dev_0000802,0,normal,,normal_standard,1,2026-05-12 15:57:59+00:00,False,False,never,,,1,1,,,,,0
cv_20260827_dev_0000803,0,normal,,normal_standard,1,2026-05-15 20:25:29+00:00,False,False,never,,,1,1,,,,,0
cv_20260827_dev_0000804,0,normal,,normal_standard,1,2026-05-13 17:13:05+00:00,False,False,never,,,1,1,,,,,0
cv_20260827_dev_0000805,0,normal,,normal_standard,1,2026-05-14 21:54:22+00:00,False,False,never,,,1,1,,,,,0
cv_20260827_dev_0000806,0,normal,,normal_standard,1,2026-05-20 21:42:35+00:00,False,False,never,,,1,1,,,,,0
cv_20260827_dev_0000807,0,normal,,normal_standard,1,2026-05-22 21:15:51+00:00,False,False,never,,,1,1,,,,,0
cv_20260827_dev_0000808,0,normal,,normal_standard,1,2026-05-18 09:30:30+00:00,False,False,never,,,1,1,,,,,0
cv_20260827_dev_0000809,0,normal,,normal_standard,1,2026-05-15 14:07:41+00:00,False,False,never,,,1,1,,,,,0
cv_20260827_dev_0000810,0,normal,,normal_standard,1,2026-05-13 03:28:00+00:00,False,False,never,,,1,1,,,,,0
cv_20260827_dev_0000811,0,normal,,normal_standard,1,2026-05-27 20:26:26+00:00,False,False,never,,,1,1,,,,,0
cv_20260827_dev_0000812,0,normal,,normal_standard,2,2026-05-17 23:05:11+00:00,False,False,never,,,2,2,,,,,0
cv_20260827_dev_0000813,0,normal,,normal_standard,1,2026-05-06 23:40:21+00:00,False,False,never,,,1,1,,,,,0
cv_20260827_dev_0000814,0,normal,,normal_standard,1,2026-05-14 16:35:28+00:00,False,False,never,,,1,1,,,,,0
cv_20260827_dev_0000815,0,normal,,normal_standard,1,2026-05-01 01:14:04+00:00,False,False,never,,,1,1,,,,,0
cv_20260827_dev_0000816,0,normal,,normal_standard,1,2026-05-23 14:28:48+00:00,False,False,never,,,1,1,,,,,0
cv_20260827_dev_0000817,0,normal,,normal_standard,1,2026-05-01 07:21:57+00:00,False,False,never,,,1,1,,,,,0
cv_20260827_dev_0000818,0,normal,,normal_standard,1,2026-05-15 13:41:30+00:00,False,False,never,,,1,1,,,,,0
cv_20260827_dev_0000819,0,normal,,normal_standard,1,2026-05-25 07:43:54+00:00,False,False,never,,,1,1,,,,,0
cv_20260827_dev_0000820,0,normal,,normal_standard,2,2026-05-02 13:42:13+00:00,False,False,never,,,2,2,,,,,0
cv_20260827_dev_0000821,0,normal,,normal_standard,1,2026-05-08 19:57:37+00:00,False,False,never,,,1,1,,,,,0
cv_20260827_dev_0000822,0,normal,,normal_standard,1,2026-05-22 00:24:19+00:00,False,False,never,,,1,1,,,,,0
cv_20260827_dev_0000823,0,normal,,normal_standard,1,2026-05-18 23:20:23+00:00,False,False,never,,,1,1,,,,,0
cv_20260827_dev_0000824,0,normal,,normal_standard,1,2026-05-23 14:54:11+00:00,False,False,never,,,1,1,,,,,0
cv_20260827_dev_0000825,0,normal,,normal_standard,1,2026-05-03 09:47:56+00:00,False,False,never,,,1,1,,,,,0
cv_20260827_dev_0000826,0,normal,,normal_standard,1,2026-05-26 04:18:15+00:00,False,False,never,,,1,1,,,,,0
cv_20260827_dev_0000827,0,normal,,normal_standard,1,2026-05-28 04:05:40+00:00,False,False,never,,,1,1,,,,,0
cv_20260827_dev_0000828,0,normal,,normal_standard,2,2026-05-17 15:49:43+00:00,False,False,never,,,2,2,,,,,0
cv_20260827_dev_0000829,0,normal,,normal_standard,2,2026-05-13 21:54:52+00:00,False,False,never,,,2,2,,,,,0
cv_20260827_dev_0000830,0,normal,,normal_standard,1,2026-05-05 22:18:49+00:00,False,False,never,,,1,1,,,,,0
cv_20260827_dev_0000831,0,normal,,normal_standard,1,2026-05-27 02:11:37+00:00,False,False,never,,,1,1,,,,,0
cv_20260827_dev_0000832,0,normal,,normal_standard,1,2026-05-12 08:25:20+00:00,False,False,never,,,1,1,,,,,0
cv_20260827_dev_0000833,0,normal,,normal_standard,1,2026-05-07 08:21:08+00:00,False,False,never,,,1,1,,,,,0
cv_20260827_dev_0000834,0,normal,,normal_standard,3,2026-05-13 21:45:26+00:00,False,False,never,,,3,3,,,,,0
cv_20260827_dev_0000835,0,normal,,normal_standard,1,2026-05-29 12:58:46+00:00,False,False,never,,,1,1,,,,,0
cv_20260827_dev_0000836,0,normal,,normal_standard,1,2026-05-09 03:56:31+00:00,False,False,never,,,1,1,,,,,0
cv_20260827_dev_0000837,0,normal,,normal_standard,2,2026-05-14 16:13:53+00:00,False,False,never,,,2,2,,,,,0
cv_20260827_dev_0000838,0,normal,,normal_standard,1,2026-05-23 16:58:30+00:00,False,False,never,,,1,1,,,,,0
cv_20260827_dev_0000839,0,normal,,normal_standard,1,2026-05-17 17:08:28+00:00,False,False,never,,,1,1,,,,,0
cv_20260827_dev_0000840,0,normal,,normal_standard,1,2026-05-10 04:46:57+00:00,False,False,never,,,1,1,,,,,0
cv_20260827_dev_0000841,0,normal,,normal_standard,1,2026-05-09 04:31:32+00:00,False,False,never,,,1,1,,,,,0
cv_20260827_dev_0000842,0,normal,,normal_standard,1,2026-05-21 19:53:26+00:00,False,False,never,,,1,1,,,,,0
cv_20260827_dev_0000843,0,normal,,normal_standard,1,2026-05-16 13:43:27+00:00,False,False,never,,,1,1,,,,,0
cv_20260827_dev_0000844,0,normal,,normal_standard,3,2026-05-13 07:02:38+00:00,False,False,never,,,3,3,,,,,0
cv_20260827_dev_0000845,0,normal,,normal_standard,2,2026-05-22 09:34:33+00:00,False,False,never,,,2,2,,,,,0
cv_20260827_dev_0000846,0,normal,,normal_standard,2,2026-05-02 04:12:02+00:00,False,False,never,,,2,2,,,,,0
cv_20260827_dev_0000847,0,normal,,normal_standard,1,2026-05-04 16:13:56+00:00,False,False,never,,,1,1,,,,,0
cv_20260827_dev_0000848,0,normal,,normal_standard,4,2026-05-18 20:02:55+00:00,False,False,never,,,4,4,,,,,0
cv_20260827_dev_0000849,0,normal,,normal_standard,1,2026-05-23 01:38:16+00:00,False,False,never,,,1,1,,,,,0
cv_20260827_dev_0000850,0,normal,,normal_standard,1,2026-05-30 03:52:26+00:00,False,False,never,,,1,1,,,,,0
cv_20260827_dev_0000851,0,normal,,normal_standard,1,2026-05-26 18:53:24+00:00,False,False,never,,,1,1,,,,,0
cv_20260827_dev_0000852,0,normal,,normal_standard,1,2026-05-24 05:09:20+00:00,False,False,never,,,1,1,,,,,0
cv_20260827_dev_0000853,0,normal,,normal_standard,1,2026-05-22 11:32:50+00:00,False,False,never,,,1,1,,,,,0
cv_20260827_dev_0000854,0,normal,,normal_standard,1,2026-05-24 03:15:34+00:00,False,False,never,,,1,1,,,,,0
cv_20260827_dev_0000855,0,normal,,normal_standard,1,2026-05-09 08:08:02+00:00,False,False,never,,,1,1,,,,,0
cv_20260827_dev_0000856,0,normal,,normal_standard,2,2026-05-06 00:51:05+00:00,False,False,never,,,2,2,,,,,0
cv_20260827_dev_0000857,0,normal,,normal_standard,1,2026-05-28 12:35:30+00:00,False,False,never,,,1,1,,,,,0
cv_20260827_dev_0000858,0,normal,,normal_standard,1,2026-05-14 07:39:39+00:00,False,False,never,,,1,1,,,,,0
cv_20260827_dev_0000859,0,normal,,normal_standard,1,2026-05-06 14:19:27+00:00,False,False,never,,,1,1,,,,,0
cv_20260827_dev_0000860,0,normal,,normal_standard,1,2026-05-04 18:31:44+00:00,False,False,never,,,1,1,,,,,0
cv_20260827_dev_0000861,0,normal,,normal_standard,1,2026-05-28 02:26:05+00:00,False,False,never,,,1,1,,,,,0
cv_20260827_dev_0000862,0,normal,,normal_standard,1,2026-05-20 21:14:41+00:00,False,False,never,,,1,1,,,,,0
cv_20260827_dev_0000863,0,normal,,normal_standard,1,2026-05-11 12:47:20+00:00,False,False,never,,,1,1,,,,,0
cv_20260827_dev_0000864,0,normal,,normal_standard,1,2026-05-28 08:35:13+00:00,False,False,never,,,1,1,,,,,0
cv_20260827_dev_0000865,0,normal,,normal_standard,1,2026-05-09 02:59:25+00:00,False,False,never,,,1,1,,,,,0
cv_20260827_dev_0000866,0,normal,,normal_standard,2,2026-05-17 20:46:22+00:00,False,False,never,,,2,2,,,,,0
cv_20260827_dev_0000867,0,normal,,normal_standard,1,2026-05-04 20:42:45+00:00,False,False,never,,,1,1,,,,,0
cv_20260827_dev_0000868,0,normal,,normal_standard,2,2026-05-23 16:31:38+00:00,False,False,never,,,2,2,,,,,0
cv_20260827_dev_0000869,0,normal,,normal_standard,1,2026-05-05 15:57:19+00:00,False,False,never,,,1,1,,,,,0
cv_20260827_dev_0000870,0,normal,,normal_standard,1,2026-05-27 12:50:46+00:00,False,False,never,,,1,1,,,,,0
cv_20260827_dev_0000871,0,normal,,normal_standard,1,2026-05-07 00:24:25+00:00,False,False,never,,,1,1,,,,,0
cv_20260827_dev_0000872,0,normal,,normal_standard,1,2026-05-11 11:14:23+00:00,False,False,never,,,1,1,,,,,0
cv_20260827_dev_0000873,0,normal,,normal_standard,1,2026-05-09 01:20:03+00:00,False,False,never,,,1,1,,,,,0
cv_20260827_dev_0000874,0,normal,,normal_standard,1,2026-05-23 22:15:42+00:00,False,False,never,,,1,1,,,,,0
cv_20260827_dev_0000875,0,normal,,normal_standard,1,2026-05-23 02:48:14+00:00,False,False,never,,,1,1,,,,,0
cv_20260827_dev_0000876,0,normal,,normal_standard,1,2026-05-28 18:53:07+00:00,False,False,never,,,1,1,,,,,0
cv_20260827_dev_0000877,0,normal,,normal_standard,1,2026-05-18 20:46:53+00:00,False,False,never,,,1,1,,,,,0
cv_20260827_dev_0000878,0,normal,,normal_standard,2,2026-05-11 13:06:35+00:00,False,False,never,,,2,2,,,,,0
cv_20260827_dev_0000879,0,normal,,normal_standard,1,2026-05-02 22:18:28+00:00,False,False,never,,,1,1,,,,,0
cv_20260827_dev_0000880,0,normal,,normal_standard,1,2026-05-18 19:42:28+00:00,False,False,never,,,1,1,,,,,0
cv_20260827_dev_0000881,0,normal,,normal_standard,1,2026-05-30 22:35:00+00:00,False,False,never,,,1,1,,,,,0
cv_20260827_dev_0000882,0,normal,,normal_standard,1,2026-05-03 07:13:33+00:00,False,False,never,,,1,1,,,,,0
cv_20260827_dev_0000883,0,normal,,normal_standard,2,2026-05-01 00:05:05+00:00,False,False,never,,,2,2,,,,,0
cv_20260827_dev_0000884,0,normal,,normal_standard,1,2026-05-18 05:22:25+00:00,False,False,never,,,1,1,,,,,0
cv_20260827_dev_0000885,0,normal,,normal_standard,1,2026-05-20 08:41:56+00:00,False,False,never,,,1,1,,,,,0
cv_20260827_dev_0000886,0,normal,,normal_standard,1,2026-05-01 11:40:27+00:00,False,False,never,,,1,1,,,,,0
cv_20260827_dev_0000887,0,normal,,normal_standard,1,2026-05-15 06:29:36+00:00,False,False,never,,,1,1,,,,,0
cv_20260827_dev_0000888,0,normal,,normal_standard,1,2026-05-26 06:36:08+00:00,False,False,never,,,1,1,,,,,0
cv_20260827_dev_0000889,0,normal,,normal_standard,1,2026-05-18 21:33:26+00:00,False,False,never,,,1,1,,,,,0
cv_20260827_dev_0000890,0,normal,,normal_standard,1,2026-05-05 18:56:48+00:00,False,False,never,,,1,1,,,,,0
cv_20260827_dev_0000891,0,normal,,normal_standard,3,2026-05-27 02:09:43+00:00,False,False,never,,,3,3,,,,,0
cv_20260827_dev_0000892,0,normal,,normal_standard,1,2026-05-22 13:36:34+00:00,False,False,never,,,1,1,,,,,0
cv_20260827_dev_0000893,0,normal,,normal_standard,1,2026-05-21 04:27:54+00:00,False,False,never,,,1,1,,,,,0
cv_20260827_dev_0000894,0,normal,,normal_standard,1,2026-05-12 13:54:47+00:00,False,False,never,,,1,1,,,,,0
cv_20260827_dev_0000895,0,normal,,normal_standard,3,2026-05-12 00:42:21+00:00,False,False,never,,,3,3,,,,,0
cv_20260827_dev_0000896,0,normal,,normal_standard,1,2026-05-16 18:02:27+00:00,False,False,never,,,1,1,,,,,0
cv_20260827_dev_0000897,0,normal,,normal_standard,2,2026-05-02 01:39:29+00:00,False,False,never,,,2,2,,,,,0
cv_20260827_dev_0000898,0,normal,,normal_standard,2,2026-05-13 12:34:49+00:00,False,False,never,,,2,2,,,,,0
cv_20260827_dev_0000899,0,normal,,normal_standard,1,2026-05-24 03:17:36+00:00,False,False,never,,,1,1,,,,,0
cv_20260827_dev_0000900,0,normal,,normal_standard,2,2026-05-30 07:21:55+00:00,False,False,never,,,2,2,,,,,0
cv_20260827_dev_0000901,0,normal,,normal_standard,1,2026-05-26 11:27:10+00:00,False,False,never,,,1,1,,,,,0
cv_20260827_dev_0000902,0,normal,,normal_standard,2,2026-05-02 18:20:55+00:00,False,False,never,,,2,2,,,,,0
cv_20260827_dev_0000903,0,normal,,normal_standard,1,2026-05-18 00:57:41+00:00,False,False,never,,,1,1,,,,,0
cv_20260827_dev_0000904,0,normal,,normal_standard,2,2026-05-05 02:57:38+00:00,False,False,never,,,2,2,,,,,0
cv_20260827_dev_0000905,0,normal,,normal_standard,1,2026-05-29 12:19:53+00:00,False,False,never,,,1,1,,,,,0
cv_20260827_dev_0000906,0,normal,,normal_standard,2,2026-05-30 13:02:23+00:00,False,False,never,,,2,2,,,,,0
cv_20260827_dev_0000907,0,normal,,normal_standard,1,2026-05-26 09:39:58+00:00,False,False,never,,,1,1,,,,,0
cv_20260827_dev_0000908,0,normal,,normal_standard,1,2026-05-26 15:48:54+00:00,False,False,never,,,1,1,,,,,0
cv_20260827_dev_0000909,0,normal,,normal_standard,1,2026-05-07 20:36:43+00:00,False,False,never,,,1,1,,,,,0
cv_20260827_dev_0000910,0,normal,,normal_standard,1,2026-05-29 20:33:37+00:00,False,False,never,,,1,1,,,,,0
cv_20260827_dev_0000911,0,normal,,normal_standard,2,2026-05-18 03:45:51+00:00,False,False,never,,,2,2,,,,,0
cv_20260827_dev_0000912,0,normal,,normal_standard,3,2026-05-04 01:39:34+00:00,False,False,never,,,3,3,,,,,0
cv_20260827_dev_0000913,0,normal,,normal_standard,1,2026-05-19 11:31:52+00:00,False,False,never,,,1,1,,,,,0
cv_20260827_dev_0000914,0,normal,,normal_standard,1,2026-05-02 19:08:42+00:00,False,False,never,,,1,1,,,,,0
cv_20260827_dev_0000915,0,normal,,normal_standard,1,2026-05-21 11:58:57+00:00,False,False,never,,,1,1,,,,,0
cv_20260827_dev_0000916,0,normal,,normal_standard,2,2026-05-26 06:10:32+00:00,False,False,never,,,2,2,,,,,0
cv_20260827_dev_0000917,0,normal,,normal_standard,1,2026-05-12 00:26:34+00:00,False,False,never,,,1,1,,,,,0
cv_20260827_dev_0000918,0,normal,,normal_standard,2,2026-05-01 21:19:31+00:00,False,False,never,,,2,2,,,,,0
cv_20260827_dev_0000919,0,normal,,normal_standard,1,2026-05-04 21:31:51+00:00,False,False,never,,,1,1,,,,,0
cv_20260827_dev_0000920,0,normal,,normal_standard,1,2026-05-01 11:40:10+00:00,False,False,never,,,1,1,,,,,0
cv_20260827_dev_0000921,0,normal,,normal_standard,2,2026-05-30 19:18:47+00:00,False,False,never,,,2,2,,,,,0
cv_20260827_dev_0000922,0,normal,,normal_standard,1,2026-05-07 11:42:37+00:00,False,False,never,,,1,1,,,,,0
cv_20260827_dev_0000923,0,normal,,normal_standard,1,2026-05-20 22:20:20+00:00,False,False,never,,,1,1,,,,,0
cv_20260827_dev_0000924,0,normal,,normal_standard,1,2026-05-09 04:05:15+00:00,False,False,never,,,1,1,,,,,0
cv_20260827_dev_0000925,0,normal,,normal_standard,1,2026-05-19 19:10:37+00:00,False,False,never,,,1,1,,,,,0
cv_20260827_dev_0000926,0,normal,,normal_standard,2,2026-05-20 20:03:27+00:00,False,False,never,,,2,2,,,,,0
cv_20260827_dev_0000927,0,normal,,normal_standard,1,2026-05-05 05:12:22+00:00,False,False,never,,,1,1,,,,,0
cv_20260827_dev_0000928,0,normal,,normal_standard,2,2026-05-23 06:13:30+00:00,False,False,never,,,2,2,,,,,0
cv_20260827_dev_0000929,0,normal,,normal_standard,2,2026-05-23 16:47:37+00:00,False,False,never,,,2,2,,,,,0
cv_20260827_dev_0000930,0,normal,,normal_standard,1,2026-05-06 23:03:12+00:00,False,False,never,,,1,1,,,,,0
cv_20260827_dev_0000931,0,normal,,normal_standard,1,2026-05-16 19:19:37+00:00,False,False,never,,,1,1,,,,,0
cv_20260827_dev_0000932,0,normal,,normal_standard,1,2026-05-15 03:01:22+00:00,False,False,never,,,1,1,,,,,0
cv_20260827_dev_0000933,0,normal,,normal_standard,1,2026-05-27 16:10:23+00:00,False,False,never,,,1,1,,,,,0
cv_20260827_dev_0000934,0,normal,,normal_standard,1,2026-05-24 02:26:26+00:00,False,False,never,,,1,1,,,,,0
cv_20260827_dev_0000935,0,normal,,normal_standard,1,2026-05-19 14:41:21+00:00,False,False,never,,,1,1,,,,,0
cv_20260827_dev_0000936,0,normal,,normal_standard,1,2026-05-28 09:07:09+00:00,False,False,never,,,1,1,,,,,0
cv_20260827_dev_0000937,0,normal,,normal_standard,1,2026-05-06 13:00:28+00:00,False,False,never,,,1,1,,,,,0
cv_20260827_dev_0000938,0,normal,,normal_standard,1,2026-05-15 14:03:29+00:00,False,False,never,,,1,1,,,,,0
cv_20260827_dev_0000939,0,normal,,normal_standard,2,2026-05-24 04:30:32+00:00,False,False,never,,,2,2,,,,,0
cv_20260827_dev_0000940,0,normal,,normal_standard,1,2026-05-15 07:12:15+00:00,False,False,never,,,1,1,,,,,0
cv_20260827_dev_0000941,0,normal,,normal_standard,3,2026-05-20 17:41:59+00:00,False,False,never,,,3,3,,,,,0
cv_20260827_dev_0000942,0,normal,,normal_standard,1,2026-05-27 03:17:27+00:00,False,False,never,,,1,1,,,,,0
cv_20260827_dev_0000943,0,normal,,normal_standard,2,2026-05-01 08:53:39+00:00,False,False,never,,,2,2,,,,,0
cv_20260827_dev_0000944,0,normal,,normal_standard,1,2026-05-13 03:29:42+00:00,False,False,never,,,1,1,,,,,0
cv_20260827_dev_0000945,0,normal,,normal_standard,1,2026-05-24 09:13:55+00:00,False,False,never,,,1,1,,,,,0
cv_20260827_dev_0000946,0,normal,,normal_standard,1,2026-05-08 19:07:15+00:00,False,False,never,,,1,1,,,,,0
cv_20260827_dev_0000947,0,normal,,normal_standard,1,2026-05-19 21:18:28+00:00,False,False,never,,,1,1,,,,,0
cv_20260827_dev_0000948,0,normal,,normal_standard,1,2026-05-22 23:06:06+00:00,False,False,never,,,1,1,,,,,0
cv_20260827_dev_0000949,0,normal,,normal_standard,1,2026-05-25 05:32:58+00:00,False,False,never,,,1,1,,,,,0
cv_20260827_dev_0000950,0,normal,,normal_standard,1,2026-05-20 21:39:20+00:00,False,False,never,,,1,1,,,,,0
cv_20260827_dev_0000951,0,normal,,normal_standard,1,2026-05-01 23:14:38+00:00,False,False,never,,,1,1,,,,,0
cv_20260827_dev_0000952,0,normal,,normal_standard,1,2026-05-11 12:17:53+00:00,False,False,never,,,1,1,,,,,0
cv_20260827_dev_0000953,0,normal,,normal_standard,2,2026-05-28 09:04:46+00:00,False,False,never,,,2,2,,,,,0
cv_20260827_dev_0000954,0,normal,,normal_standard,2,2026-05-15 13:18:59+00:00,False,False,never,,,2,2,,,,,0
cv_20260827_dev_0000955,0,normal,,normal_standard,1,2026-05-03 21:51:45+00:00,False,False,never,,,1,1,,,,,0
cv_20260827_dev_0000956,0,normal,,normal_standard,2,2026-05-12 06:22:47+00:00,False,False,never,,,2,2,,,,,0
cv_20260827_dev_0000957,0,normal,,normal_standard,3,2026-05-29 05:47:25+00:00,False,False,never,,,3,3,,,,,0
cv_20260827_dev_0000958,0,normal,,normal_standard,1,2026-05-03 08:43:39+00:00,False,False,never,,,1,1,,,,,0
cv_20260827_dev_0000959,0,normal,,normal_standard,1,2026-05-13 23:53:41+00:00,False,False,never,,,1,1,,,,,0
cv_20260827_dev_0000960,0,normal,,normal_standard,1,2026-05-24 03:20:49+00:00,False,False,never,,,1,1,,,,,0
cv_20260827_dev_0000961,0,normal,,normal_standard,1,2026-05-16 08:03:54+00:00,False,False,never,,,1,1,,,,,0
cv_20260827_dev_0000962,0,normal,,normal_standard,1,2026-05-10 09:47:51+00:00,False,False,never,,,1,1,,,,,0
cv_20260827_dev_0000963,0,normal,,normal_standard,1,2026-05-12 09:25:24+00:00,False,False,never,,,1,1,,,,,0
cv_20260827_dev_0000964,0,normal,,normal_standard,1,2026-05-21 11:35:50+00:00,False,False,never,,,1,1,,,,,0
cv_20260827_dev_0000965,0,normal,,normal_standard,1,2026-05-08 21:01:24+00:00,False,False,never,,,1,1,,,,,0
cv_20260827_dev_0000966,0,normal,,normal_standard,1,2026-05-02 17:31:49+00:00,False,False,never,,,1,1,,,,,0
cv_20260827_dev_0000967,0,normal,,normal_standard,2,2026-05-17 02:00:30+00:00,False,False,never,,,2,2,,,,,0
cv_20260827_dev_0000968,0,normal,,normal_standard,1,2026-05-17 01:38:44+00:00,False,False,never,,,1,1,,,,,0
cv_20260827_dev_0000969,0,normal,,normal_standard,2,2026-05-10 09:05:08+00:00,False,False,never,,,2,2,,,,,0
cv_20260827_dev_0000970,0,normal,,normal_standard,1,2026-05-30 18:45:03+00:00,False,False,never,,,1,1,,,,,0
cv_20260827_dev_0000971,0,normal,,normal_standard,1,2026-05-12 17:32:33+00:00,False,False,never,,,1,1,,,,,0
cv_20260827_dev_0000972,0,normal,,normal_standard,2,2026-05-13 14:18:55+00:00,False,False,never,,,2,2,,,,,0
cv_20260827_dev_0000973,0,normal,,normal_standard,2,2026-05-29 16:29:21+00:00,False,False,never,,,2,2,,,,,0
cv_20260827_dev_0000974,0,normal,,normal_standard,1,2026-05-16 21:53:30+00:00,False,False,never,,,1,1,,,,,0
cv_20260827_dev_0000975,0,normal,,normal_standard,1,2026-05-05 13:07:08+00:00,False,False,never,,,1,1,,,,,0
cv_20260827_dev_0000976,0,normal,,normal_standard,2,2026-05-04 21:37:04+00:00,False,False,never,,,2,2,,,,,0
cv_20260827_dev_0000977,0,normal,,normal_standard,1,2026-05-15 21:28:45+00:00,False,False,never,,,1,1,,,,,0
cv_20260827_dev_0000978,0,normal,,normal_standard,2,2026-05-17 03:58:47+00:00,False,False,never,,,2,2,,,,,0
cv_20260827_dev_0000979,0,normal,,normal_standard,1,2026-05-16 05:45:55+00:00,False,False,never,,,1,1,,,,,0
cv_20260827_dev_0000980,0,normal,,normal_standard,1,2026-05-08 07:22:50+00:00,False,False,never,,,1,1,,,,,0
cv_20260827_dev_0000981,0,normal,,normal_standard,1,2026-05-23 04:14:15+00:00,False,False,never,,,1,1,,,,,0
cv_20260827_dev_0000982,0,normal,,normal_standard,1,2026-05-11 08:37:38+00:00,False,False,never,,,1,1,,,,,0
cv_20260827_dev_0000983,0,normal,,normal_standard,1,2026-05-09 02:19:52+00:00,False,False,never,,,1,1,,,,,0
cv_20260827_dev_0000984,0,normal,,normal_standard,1,2026-05-23 04:49:54+00:00,False,False,never,,,1,1,,,,,0
cv_20260827_dev_0000985,0,normal,,normal_standard,1,2026-05-07 02:26:30+00:00,False,False,never,,,1,1,,,,,0
cv_20260827_dev_0000986,0,normal,,normal_standard,1,2026-05-09 04:43:41+00:00,False,False,never,,,1,1,,,,,0
cv_20260827_dev_0000987,0,normal,,normal_standard,1,2026-05-08 10:48:00+00:00,False,False,never,,,1,1,,,,,0
cv_20260827_dev_0000988,0,normal,,normal_standard,2,2026-05-11 01:24:40+00:00,False,False,never,,,2,2,,,,,0
cv_20260827_dev_0000989,0,normal,,normal_standard,1,2026-05-23 20:55:57+00:00,False,False,never,,,1,1,,,,,0
cv_20260827_dev_0000990,0,normal,,normal_standard,1,2026-05-28 23:20:12+00:00,False,False,never,,,1,1,,,,,0
cv_20260827_dev_0000991,0,normal,,normal_standard,1,2026-05-04 23:56:37+00:00,False,False,never,,,1,1,,,,,0
cv_20260827_dev_0000992,0,normal,,normal_standard,1,2026-05-07 11:49:34+00:00,False,False,never,,,1,1,,,,,0
cv_20260827_dev_0000993,0,normal,,normal_standard,1,2026-05-20 23:35:14+00:00,False,False,never,,,1,1,,,,,0
cv_20260827_dev_0000994,0,normal,,normal_standard,1,2026-05-27 21:06:25+00:00,False,False,never,,,1,1,,,,,0
cv_20260827_dev_0000995,0,normal,,normal_standard,1,2026-05-04 06:30:49+00:00,False,False,never,,,1,1,,,,,0
cv_20260827_dev_0000996,0,normal,,normal_standard,1,2026-05-17 05:53:01+00:00,False,False,never,,,1,1,,,,,0
cv_20260827_dev_0000997,0,normal,,normal_standard,3,2026-05-23 21:46:41+00:00,False,False,never,,,3,3,,,,,0
cv_20260827_dev_0000998,0,normal,,normal_standard,1,2026-05-30 07:34:29+00:00,False,False,never,,,1,1,,,,,0
cv_20260827_dev_0000999,0,normal,,normal_standard,1,2026-05-07 04:45:22+00:00,False,False,never,,,1,1,,,,,0
cv_20260827_dev_0001000,0,normal,,normal_standard,1,2026-05-22 23:57:39+00:00,False,False,never,,,1,1,,,,,0
cv_20260827_dev_0001001,0,normal,,normal_standard,1,2026-05-11 15:25:19+00:00,False,False,never,,,1,1,,,,,0
cv_20260827_dev_0001002,0,normal,,normal_standard,3,2026-05-08 17:02:21+00:00,False,False,never,,,3,3,,,,,0
cv_20260827_dev_0001003,0,normal,,normal_standard,3,2026-05-11 04:50:50+00:00,False,False,never,,,3,3,,,,,0
cv_20260827_dev_0001004,0,normal,,normal_standard,1,2026-05-12 00:57:35+00:00,False,False,never,,,1,1,,,,,0
cv_20260827_dev_0001005,0,normal,,normal_standard,1,2026-05-18 22:31:03+00:00,False,False,never,,,1,1,,,,,0
cv_20260827_dev_0001006,0,normal,,normal_standard,1,2026-05-26 00:41:21+00:00,False,False,never,,,1,1,,,,,0
cv_20260827_dev_0001007,0,normal,,normal_standard,1,2026-05-28 06:50:36+00:00,False,False,never,,,1,1,,,,,0
cv_20260827_dev_0001008,0,normal,,normal_standard,1,2026-05-07 16:47:28+00:00,False,False,never,,,1,1,,,,,0
cv_20260827_dev_0001009,0,normal,,normal_standard,1,2026-05-28 02:00:03+00:00,False,False,never,,,1,1,,,,,0
cv_20260827_dev_0001010,0,normal,,normal_standard,3,2026-05-12 20:01:57+00:00,False,False,never,,,3,3,,,,,0
cv_20260827_dev_0001011,0,normal,,normal_standard,1,2026-05-10 14:27:41+00:00,False,False,never,,,1,1,,,,,0
cv_20260827_dev_0001012,0,normal,,normal_standard,1,2026-05-26 00:37:39+00:00,False,False,never,,,1,1,,,,,0
cv_20260827_dev_0001013,0,normal,,normal_standard,1,2026-05-21 11:57:38+00:00,False,False,never,,,1,1,,,,,0
cv_20260827_dev_0001014,0,normal,,normal_standard,1,2026-05-24 06:26:46+00:00,False,False,never,,,1,1,,,,,0
cv_20260827_dev_0001015,0,normal,,normal_standard,1,2026-05-16 10:55:00+00:00,False,False,never,,,1,1,,,,,0
cv_20260827_dev_0001016,0,normal,,normal_standard,2,2026-05-08 21:16:49+00:00,False,False,never,,,2,2,,,,,0
cv_20260827_dev_0001017,0,normal,,normal_standard,1,2026-05-27 00:40:36+00:00,False,False,never,,,1,1,,,,,0
cv_20260827_dev_0001018,0,normal,,normal_standard,1,2026-05-28 18:41:36+00:00,False,False,never,,,1,1,,,,,0
cv_20260827_dev_0001019,0,normal,,normal_standard,1,2026-05-18 16:32:28+00:00,False,False,never,,,1,1,,,,,0
cv_20260827_dev_0001020,0,normal,,normal_standard,1,2026-05-13 21:59:16+00:00,False,False,never,,,1,1,,,,,0
cv_20260827_dev_0001021,0,normal,,normal_standard,1,2026-05-04 21:42:38+00:00,False,False,never,,,1,1,,,,,0
cv_20260827_dev_0001022,0,normal,,normal_standard,1,2026-05-12 05:24:44+00:00,False,False,never,,,1,1,,,,,0
cv_20260827_dev_0001023,0,normal,,normal_standard,1,2026-05-06 01:16:57+00:00,False,False,never,,,1,1,,,,,0
cv_20260827_dev_0001024,0,normal,,normal_standard,3,2026-05-22 05:29:29+00:00,False,False,never,,,3,3,,,,,0
cv_20260827_dev_0001025,0,normal,,normal_standard,1,2026-05-05 15:31:46+00:00,False,False,never,,,1,1,,,,,0
cv_20260827_dev_0001026,0,normal,,normal_standard,1,2026-05-27 18:12:11+00:00,False,False,never,,,1,1,,,,,0
cv_20260827_dev_0001027,0,normal,,normal_standard,1,2026-05-18 10:16:58+00:00,False,False,never,,,1,1,,,,,0
cv_20260827_dev_0001028,0,normal,,normal_standard,1,2026-05-14 13:01:54+00:00,False,False,never,,,1,1,,,,,0
cv_20260827_dev_0001029,0,normal,,normal_standard,3,2026-05-28 08:42:31+00:00,False,False,never,,,3,3,,,,,0
cv_20260827_dev_0001030,0,normal,,normal_standard,1,2026-05-11 10:51:39+00:00,False,False,never,,,1,1,,,,,0
cv_20260827_dev_0001031,0,normal,,normal_standard,1,2026-05-09 22:50:19+00:00,False,False,never,,,1,1,,,,,0
cv_20260827_dev_0001032,0,normal,,normal_standard,1,2026-05-04 22:07:42+00:00,False,False,never,,,1,1,,,,,0
cv_20260827_dev_0001033,0,normal,,normal_standard,1,2026-05-01 18:30:38+00:00,False,False,never,,,1,1,,,,,0
cv_20260827_dev_0001034,0,normal,,normal_standard,1,2026-05-13 00:22:24+00:00,False,False,never,,,1,1,,,,,0
cv_20260827_dev_0001035,0,normal,,normal_standard,2,2026-05-22 19:56:37+00:00,False,False,never,,,2,2,,,,,0
cv_20260827_dev_0001036,0,normal,,normal_standard,1,2026-05-29 03:22:56+00:00,False,False,never,,,1,1,,,,,0
cv_20260827_dev_0001037,0,normal,,normal_standard,2,2026-05-23 12:51:17+00:00,False,False,never,,,2,2,,,,,0
cv_20260827_dev_0001038,0,normal,,normal_standard,2,2026-05-16 03:57:43+00:00,False,False,never,,,2,2,,,,,0
cv_20260827_dev_0001039,0,normal,,normal_standard,1,2026-05-02 01:56:00+00:00,False,False,never,,,1,1,,,,,0
cv_20260827_dev_0001040,0,normal,,normal_standard,1,2026-05-01 09:17:04+00:00,False,False,never,,,1,1,,,,,0
cv_20260827_dev_0001041,0,normal,,normal_standard,1,2026-05-29 10:20:38+00:00,False,False,never,,,1,1,,,,,0
cv_20260827_dev_0001042,0,normal,,normal_standard,1,2026-05-26 06:05:39+00:00,False,False,never,,,1,1,,,,,0
cv_20260827_dev_0001043,0,normal,,normal_standard,2,2026-05-24 10:43:33+00:00,False,False,never,,,2,2,,,,,0
cv_20260827_dev_0001044,0,normal,,normal_standard,1,2026-05-25 19:02:24+00:00,False,False,never,,,1,1,,,,,0
cv_20260827_dev_0001045,0,normal,,normal_standard,1,2026-05-10 02:48:20+00:00,False,False,never,,,1,1,,,,,0
cv_20260827_dev_0001046,0,normal,,normal_standard,1,2026-05-01 10:14:59+00:00,False,False,never,,,1,1,,,,,0
cv_20260827_dev_0001047,0,normal,,normal_standard,1,2026-05-27 12:51:20+00:00,False,False,never,,,1,1,,,,,0
cv_20260827_dev_0001048,0,normal,,normal_standard,1,2026-05-18 17:02:50+00:00,False,False,never,,,1,1,,,,,0
cv_20260827_dev_0001049,0,normal,,normal_standard,1,2026-05-29 06:19:48+00:00,False,False,never,,,1,1,,,,,0
cv_20260827_dev_0001050,0,normal,,normal_standard,2,2026-05-09 23:00:10+00:00,False,False,never,,,2,2,,,,,0
cv_20260827_dev_0001051,0,normal,,normal_standard,1,2026-05-02 16:09:45+00:00,False,False,never,,,1,1,,,,,0
cv_20260827_dev_0001052,0,normal,,normal_standard,1,2026-05-29 07:53:02+00:00,False,False,never,,,1,1,,,,,0
cv_20260827_dev_0001053,0,normal,,normal_standard,1,2026-05-22 19:27:41+00:00,False,False,never,,,1,1,,,,,0
cv_20260827_dev_0001054,0,normal,,normal_standard,1,2026-05-15 05:53:49+00:00,False,False,never,,,1,1,,,,,0
cv_20260827_dev_0001055,0,normal,,normal_standard,1,2026-05-30 12:11:44+00:00,False,False,never,,,1,1,,,,,0
cv_20260827_dev_0001056,0,normal,,normal_standard,1,2026-05-18 21:28:42+00:00,False,False,never,,,1,1,,,,,0
cv_20260827_dev_0001057,0,normal,,normal_standard,1,2026-05-27 20:27:35+00:00,False,False,never,,,1,1,,,,,0
cv_20260827_dev_0001058,0,normal,,normal_standard,1,2026-05-02 19:25:41+00:00,False,False,never,,,1,1,,,,,0
cv_20260827_dev_0001059,0,normal,,normal_standard,1,2026-05-23 07:23:33+00:00,False,False,never,,,1,1,,,,,0
cv_20260827_dev_0001060,0,normal,,normal_standard,1,2026-05-03 02:47:45+00:00,False,False,never,,,1,1,,,,,0
cv_20260827_dev_0001061,0,normal,,normal_standard,1,2026-05-24 14:51:08+00:00,False,False,never,,,1,1,,,,,0
cv_20260827_dev_0001062,0,normal,,normal_standard,1,2026-05-21 04:46:14+00:00,False,False,never,,,1,1,,,,,0
cv_20260827_dev_0001063,0,normal,,normal_standard,1,2026-05-07 22:30:07+00:00,False,False,never,,,1,1,,,,,0
cv_20260827_dev_0001064,0,normal,,normal_standard,1,2026-05-05 18:59:50+00:00,False,False,never,,,1,1,,,,,0
cv_20260827_dev_0001065,0,normal,,normal_standard,2,2026-05-14 05:28:05+00:00,False,False,never,,,2,2,,,,,0
cv_20260827_dev_0001066,0,normal,,normal_standard,1,2026-05-14 06:34:03+00:00,False,False,never,,,1,1,,,,,0
cv_20260827_dev_0001067,0,normal,,normal_standard,1,2026-05-20 08:20:14+00:00,False,False,never,,,1,1,,,,,0
cv_20260827_dev_0001068,0,normal,,normal_standard,1,2026-05-19 16:57:32+00:00,False,False,never,,,1,1,,,,,0
cv_20260827_dev_0001069,0,normal,,normal_standard,3,2026-05-19 01:52:00+00:00,False,False,never,,,3,3,,,,,0
cv_20260827_dev_0001070,0,normal,,normal_standard,1,2026-05-20 12:20:30+00:00,False,False,never,,,1,1,,,,,0
cv_20260827_dev_0001071,0,normal,,normal_standard,2,2026-05-08 13:06:58+00:00,False,False,never,,,2,2,,,,,0
cv_20260827_dev_0001072,0,normal,,normal_standard,1,2026-05-25 11:06:50+00:00,False,False,never,,,1,1,,,,,0
cv_20260827_dev_0001073,0,normal,,normal_standard,2,2026-05-09 20:58:38+00:00,False,False,never,,,2,2,,,,,0
cv_20260827_dev_0001074,0,normal,,normal_standard,1,2026-05-15 13:32:53+00:00,False,False,never,,,1,1,,,,,0
cv_20260827_dev_0001075,0,normal,,normal_standard,3,2026-05-08 05:03:08+00:00,False,False,never,,,3,3,,,,,0
cv_20260827_dev_0001076,0,normal,,normal_standard,5,2026-05-20 00:08:03+00:00,False,False,never,,,5,5,,,,,0
cv_20260827_dev_0001077,0,normal,,normal_standard,1,2026-05-07 06:48:35+00:00,False,False,never,,,1,1,,,,,0
cv_20260827_dev_0001078,0,normal,,normal_standard,1,2026-05-14 11:59:37+00:00,False,False,never,,,1,1,,,,,0
cv_20260827_dev_0001079,0,normal,,normal_standard,1,2026-05-28 16:02:21+00:00,False,False,never,,,1,1,,,,,0
cv_20260827_dev_0001080,0,normal,,normal_standard,1,2026-05-13 00:20:28+00:00,False,False,never,,,1,1,,,,,0
cv_20260827_dev_0001081,0,normal,,normal_standard,1,2026-05-08 17:59:04+00:00,False,False,never,,,1,1,,,,,0
cv_20260827_dev_0001082,0,normal,,normal_standard,1,2026-05-13 06:28:51+00:00,False,False,never,,,1,1,,,,,0
cv_20260827_dev_0001083,0,normal,,normal_standard,2,2026-05-05 19:23:53+00:00,False,False,never,,,2,2,,,,,0
cv_20260827_dev_0001084,0,normal,,normal_standard,1,2026-05-07 17:26:11+00:00,False,False,never,,,1,1,,,,,0
cv_20260827_dev_0001085,0,normal,,normal_standard,2,2026-05-23 21:48:15+00:00,False,False,never,,,2,2,,,,,0
cv_20260827_dev_0001086,0,normal,,normal_standard,1,2026-05-01 02:31:40+00:00,False,False,never,,,1,1,,,,,0
cv_20260827_dev_0001087,0,normal,,normal_standard,2,2026-05-28 10:14:13+00:00,False,False,never,,,2,2,,,,,0
cv_20260827_dev_0001088,0,normal,,normal_standard,1,2026-05-12 11:24:14+00:00,False,False,never,,,1,1,,,,,0
cv_20260827_dev_0001089,0,normal,,normal_standard,1,2026-05-26 03:39:25+00:00,False,False,never,,,1,1,,,,,0
cv_20260827_dev_0001090,0,normal,,normal_standard,1,2026-05-23 21:54:16+00:00,False,False,never,,,1,1,,,,,0
cv_20260827_dev_0001091,0,normal,,normal_standard,1,2026-05-24 13:13:26+00:00,False,False,never,,,1,1,,,,,0
cv_20260827_dev_0001092,0,normal,,normal_standard,1,2026-05-24 04:59:31+00:00,False,False,never,,,1,1,,,,,0
cv_20260827_dev_0001093,0,normal,,normal_standard,2,2026-05-10 01:35:47+00:00,False,False,never,,,2,2,,,,,0
cv_20260827_dev_0001094,0,normal,,normal_standard,1,2026-05-11 22:51:48+00:00,False,False,never,,,1,1,,,,,0
cv_20260827_dev_0001095,0,normal,,normal_standard,2,2026-05-05 17:54:28+00:00,False,False,never,,,2,2,,,,,0
cv_20260827_dev_0001096,0,normal,,normal_standard,1,2026-05-12 13:14:26+00:00,False,False,never,,,1,1,,,,,0
cv_20260827_dev_0001097,0,normal,,normal_standard,1,2026-05-27 13:42:58+00:00,False,False,never,,,1,1,,,,,0
cv_20260827_dev_0001098,0,normal,,normal_standard,1,2026-05-10 09:08:05+00:00,False,False,never,,,1,1,,,,,0
cv_20260827_dev_0001099,0,normal,,normal_standard,1,2026-05-11 06:03:43+00:00,False,False,never,,,1,1,,,,,0
cv_20260827_dev_0001100,0,normal,,normal_standard,1,2026-05-09 20:01:51+00:00,False,False,never,,,1,1,,,,,0
cv_20260827_dev_0001101,0,normal,,normal_standard,1,2026-05-09 08:21:52+00:00,False,False,never,,,1,1,,,,,0
cv_20260827_dev_0001102,0,normal,,normal_standard,1,2026-05-24 23:18:25+00:00,False,False,never,,,1,1,,,,,0
cv_20260827_dev_0001103,0,normal,,normal_standard,1,2026-05-06 00:28:32+00:00,False,False,never,,,1,1,,,,,0
cv_20260827_dev_0001104,0,normal,,normal_standard,1,2026-05-08 22:50:38+00:00,False,False,never,,,1,1,,,,,0
cv_20260827_dev_0001105,0,normal,,normal_standard,1,2026-05-07 04:15:14+00:00,False,False,never,,,1,1,,,,,0
cv_20260827_dev_0001106,0,normal,,normal_standard,2,2026-05-19 18:48:58+00:00,False,False,never,,,2,2,,,,,0
cv_20260827_dev_0001107,0,normal,,normal_standard,1,2026-05-25 12:30:29+00:00,False,False,never,,,1,1,,,,,0
cv_20260827_dev_0001108,0,normal,,normal_standard,1,2026-05-28 01:30:51+00:00,False,False,never,,,1,1,,,,,0
cv_20260827_dev_0001109,0,normal,,normal_standard,1,2026-05-18 10:11:22+00:00,False,False,never,,,1,1,,,,,0
cv_20260827_dev_0001110,0,normal,,normal_standard,1,2026-05-17 20:40:33+00:00,False,False,never,,,1,1,,,,,0
cv_20260827_dev_0001111,0,normal,,normal_standard,1,2026-05-30 18:34:27+00:00,False,False,never,,,1,1,,,,,0
cv_20260827_dev_0001112,0,normal,,normal_standard,1,2026-05-30 22:42:28+00:00,False,False,never,,,1,1,,,,,0
cv_20260827_dev_0001113,0,normal,,normal_standard,1,2026-05-07 12:14:03+00:00,False,False,never,,,1,1,,,,,0
cv_20260827_dev_0001114,0,normal,,normal_standard,1,2026-05-01 08:25:36+00:00,False,False,never,,,1,1,,,,,0
cv_20260827_dev_0001115,0,normal,,normal_standard,3,2026-05-04 05:07:42+00:00,False,False,never,,,3,3,,,,,0
cv_20260827_dev_0001116,0,normal,,normal_standard,1,2026-05-27 20:14:04+00:00,False,False,never,,,1,1,,,,,0
cv_20260827_dev_0001117,0,normal,,normal_standard,1,2026-05-14 18:38:22+00:00,False,False,never,,,1,1,,,,,0
cv_20260827_dev_0001118,0,normal,,normal_standard,1,2026-05-11 09:34:46+00:00,False,False,never,,,1,1,,,,,0
cv_20260827_dev_0001119,0,normal,,normal_standard,1,2026-05-19 16:48:22+00:00,False,False,never,,,1,1,,,,,0
cv_20260827_dev_0001120,0,normal,,normal_standard,2,2026-05-17 07:31:49+00:00,False,False,never,,,2,2,,,,,0
cv_20260827_dev_0001121,0,normal,,normal_standard,1,2026-05-23 13:01:52+00:00,False,False,never,,,1,1,,,,,0
cv_20260827_dev_0001122,0,normal,,normal_standard,1,2026-05-15 11:19:42+00:00,False,False,never,,,1,1,,,,,0
cv_20260827_dev_0001123,0,normal,,normal_standard,1,2026-05-15 14:21:10+00:00,False,False,never,,,1,1,,,,,0
cv_20260827_dev_0001124,0,normal,,normal_standard,1,2026-05-03 06:21:24+00:00,False,False,never,,,1,1,,,,,0
cv_20260827_dev_0001125,0,normal,,normal_standard,1,2026-05-30 10:57:10+00:00,False,False,never,,,1,1,,,,,0
cv_20260827_dev_0001126,0,normal,,normal_standard,1,2026-05-30 20:35:14+00:00,False,False,never,,,1,1,,,,,0
cv_20260827_dev_0001127,0,normal,,normal_standard,1,2026-05-29 00:10:58+00:00,False,False,never,,,1,1,,,,,0
cv_20260827_dev_0001128,0,normal,,normal_standard,1,2026-05-16 17:25:43+00:00,False,False,never,,,1,1,,,,,0
cv_20260827_dev_0001129,0,normal,,normal_standard,3,2026-05-05 06:08:50+00:00,False,False,never,,,3,3,,,,,0
cv_20260827_dev_0001130,0,normal,,normal_standard,1,2026-05-09 03:57:24+00:00,False,False,never,,,1,1,,,,,0
cv_20260827_dev_0001131,0,normal,,normal_standard,1,2026-05-29 07:48:52+00:00,False,False,never,,,1,1,,,,,0
cv_20260827_dev_0001132,0,normal,,normal_standard,2,2026-05-29 11:54:14+00:00,False,False,never,,,2,2,,,,,0
cv_20260827_dev_0001133,0,normal,,normal_standard,1,2026-05-09 18:50:57+00:00,False,False,never,,,1,1,,,,,0
cv_20260827_dev_0001134,0,normal,,normal_standard,1,2026-05-28 20:05:34+00:00,False,False,never,,,1,1,,,,,0
cv_20260827_dev_0001135,0,normal,,normal_standard,1,2026-05-11 09:53:15+00:00,False,False,never,,,1,1,,,,,0
cv_20260827_dev_0001136,0,normal,,normal_standard,1,2026-05-17 03:33:16+00:00,False,False,never,,,1,1,,,,,0
cv_20260827_dev_0001137,0,normal,,normal_standard,1,2026-05-22 23:43:24+00:00,False,False,never,,,1,1,,,,,0
cv_20260827_dev_0001138,0,normal,,normal_standard,1,2026-05-25 11:23:13+00:00,False,False,never,,,1,1,,,,,0
cv_20260827_dev_0001139,0,normal,,normal_standard,3,2026-05-26 11:19:45+00:00,False,False,never,,,3,3,,,,,0
cv_20260827_dev_0001140,0,normal,,normal_standard,1,2026-05-19 10:54:45+00:00,False,False,never,,,1,1,,,,,0
cv_20260827_dev_0001141,0,normal,,normal_standard,2,2026-05-03 14:02:38+00:00,False,False,never,,,2,2,,,,,0
cv_20260827_dev_0001142,0,normal,,normal_standard,1,2026-05-03 05:32:19+00:00,False,False,never,,,1,1,,,,,0
cv_20260827_dev_0001143,0,normal,,normal_standard,1,2026-05-02 00:25:28+00:00,False,False,never,,,1,1,,,,,0
cv_20260827_dev_0001144,0,normal,,normal_standard,1,2026-05-28 08:23:47+00:00,False,False,never,,,1,1,,,,,0
cv_20260827_dev_0001145,0,normal,,normal_standard,1,2026-05-17 13:09:21+00:00,False,False,never,,,1,1,,,,,0
cv_20260827_dev_0001146,0,normal,,normal_standard,2,2026-05-18 07:37:49+00:00,False,False,never,,,2,2,,,,,0
cv_20260827_dev_0001147,0,normal,,normal_standard,1,2026-05-06 12:00:34+00:00,False,False,never,,,1,1,,,,,0
cv_20260827_dev_0001148,0,normal,,normal_standard,1,2026-05-24 17:03:59+00:00,False,False,never,,,1,1,,,,,0
cv_20260827_dev_0001149,0,normal,,normal_standard,1,2026-05-14 06:05:10+00:00,False,False,never,,,1,1,,,,,0
cv_20260827_dev_0001150,0,normal,,normal_standard,3,2026-05-25 02:08:16+00:00,False,False,never,,,3,3,,,,,0
cv_20260827_dev_0001151,0,normal,,normal_standard,1,2026-05-21 11:50:55+00:00,False,False,never,,,1,1,,,,,0
cv_20260827_dev_0001152,0,normal,,normal_standard,1,2026-05-13 19:25:33+00:00,False,False,never,,,1,1,,,,,0
cv_20260827_dev_0001153,0,normal,,normal_standard,1,2026-05-20 22:10:23+00:00,False,False,never,,,1,1,,,,,0
cv_20260827_dev_0001154,0,normal,,normal_standard,1,2026-05-02 04:24:02+00:00,False,False,never,,,1,1,,,,,0
cv_20260827_dev_0001155,0,normal,,normal_standard,1,2026-05-05 04:10:55+00:00,False,False,never,,,1,1,,,,,0
cv_20260827_dev_0001156,0,normal,,normal_standard,1,2026-05-07 02:35:47+00:00,False,False,never,,,1,1,,,,,0
cv_20260827_dev_0001157,0,normal,,normal_standard,1,2026-05-25 10:07:56+00:00,False,False,never,,,1,1,,,,,0
cv_20260827_dev_0001158,0,normal,,normal_standard,2,2026-05-30 17:02:07+00:00,False,False,never,,,2,2,,,,,0
cv_20260827_dev_0001159,0,normal,,normal_standard,1,2026-05-02 10:09:30+00:00,False,False,never,,,1,1,,,,,0
cv_20260827_dev_0001160,0,normal,,normal_standard,1,2026-05-01 01:09:06+00:00,False,False,never,,,1,1,,,,,0
cv_20260827_dev_0001161,0,normal,,normal_standard,1,2026-05-27 21:43:22+00:00,False,False,never,,,1,1,,,,,0
cv_20260827_dev_0001162,0,normal,,normal_standard,2,2026-05-08 02:48:44+00:00,False,False,never,,,2,2,,,,,0
cv_20260827_dev_0001163,0,normal,,normal_standard,1,2026-05-08 06:05:54+00:00,False,False,never,,,1,1,,,,,0
cv_20260827_dev_0001164,0,normal,,normal_standard,1,2026-05-17 12:53:19+00:00,False,False,never,,,1,1,,,,,0
cv_20260827_dev_0001165,0,normal,,normal_standard,1,2026-05-24 13:46:49+00:00,False,False,never,,,1,1,,,,,0
cv_20260827_dev_0001166,0,normal,,normal_standard,1,2026-05-26 19:33:43+00:00,False,False,never,,,1,1,,,,,0
cv_20260827_dev_0001167,0,normal,,normal_standard,1,2026-05-26 21:51:10+00:00,False,False,never,,,1,1,,,,,0
cv_20260827_dev_0001168,0,normal,,normal_standard,2,2026-05-15 04:07:32+00:00,False,False,never,,,2,2,,,,,0
cv_20260827_dev_0001169,0,normal,,normal_standard,2,2026-05-01 13:12:35+00:00,False,False,never,,,2,2,,,,,0
cv_20260827_dev_0001170,0,normal,,normal_standard,1,2026-05-18 21:58:24+00:00,False,False,never,,,1,1,,,,,0
cv_20260827_dev_0001171,0,normal,,normal_standard,3,2026-05-19 01:44:56+00:00,False,False,never,,,3,3,,,,,0
cv_20260827_dev_0001172,0,normal,,normal_standard,1,2026-05-12 15:11:57+00:00,False,False,never,,,1,1,,,,,0
cv_20260827_dev_0001173,0,normal,,normal_standard,1,2026-05-25 02:38:39+00:00,False,False,never,,,1,1,,,,,0
cv_20260827_dev_0001174,0,normal,,normal_standard,1,2026-05-05 18:23:45+00:00,False,False,never,,,1,1,,,,,0
cv_20260827_dev_0001175,0,normal,,normal_standard,1,2026-05-15 02:03:20+00:00,False,False,never,,,1,1,,,,,0
cv_20260827_dev_0001176,0,normal,,normal_standard,1,2026-05-24 04:37:07+00:00,False,False,never,,,1,1,,,,,0
cv_20260827_dev_0001177,0,normal,,normal_standard,2,2026-05-10 02:57:22+00:00,False,False,never,,,2,2,,,,,0
cv_20260827_dev_0001178,0,normal,,normal_standard,1,2026-05-27 21:46:27+00:00,False,False,never,,,1,1,,,,,0
cv_20260827_dev_0001179,0,normal,,normal_standard,1,2026-05-04 03:49:29+00:00,False,False,never,,,1,1,,,,,0
cv_20260827_dev_0001180,0,normal,,normal_standard,1,2026-05-17 00:31:28+00:00,False,False,never,,,1,1,,,,,0
cv_20260827_dev_0001181,0,normal,,normal_standard,1,2026-05-28 02:44:57+00:00,False,False,never,,,1,1,,,,,0
cv_20260827_dev_0001182,0,normal,,normal_standard,1,2026-05-07 15:47:23+00:00,False,False,never,,,1,1,,,,,0
cv_20260827_dev_0001183,0,normal,,normal_standard,1,2026-05-04 20:59:31+00:00,False,False,never,,,1,1,,,,,0
cv_20260827_dev_0001184,0,normal,,normal_standard,1,2026-05-11 08:11:22+00:00,False,False,never,,,1,1,,,,,0
cv_20260827_dev_0001185,0,normal,,normal_standard,1,2026-05-07 05:54:16+00:00,False,False,never,,,1,1,,,,,0
cv_20260827_dev_0001186,0,normal,,normal_standard,1,2026-05-20 22:59:41+00:00,False,False,never,,,1,1,,,,,0
cv_20260827_dev_0001187,0,normal,,normal_standard,1,2026-05-16 10:48:01+00:00,False,False,never,,,1,1,,,,,0
cv_20260827_dev_0001188,0,normal,,normal_standard,1,2026-05-17 00:58:54+00:00,False,False,never,,,1,1,,,,,0
cv_20260827_dev_0001189,0,normal,,normal_standard,1,2026-05-08 15:58:20+00:00,False,False,never,,,1,1,,,,,0
cv_20260827_dev_0001190,0,normal,,normal_standard,1,2026-05-23 15:01:12+00:00,False,False,never,,,1,1,,,,,0
cv_20260827_dev_0001191,0,normal,,normal_standard,2,2026-05-01 00:41:45+00:00,False,False,never,,,2,2,,,,,0
cv_20260827_dev_0001192,0,normal,,normal_standard,1,2026-05-08 18:45:42+00:00,False,False,never,,,1,1,,,,,0
cv_20260827_dev_0001193,0,normal,,normal_standard,1,2026-05-14 14:47:55+00:00,False,False,never,,,1,1,,,,,0
cv_20260827_dev_0001194,0,normal,,normal_standard,1,2026-05-12 01:45:01+00:00,False,False,never,,,1,1,,,,,0
cv_20260827_dev_0001195,0,normal,,normal_standard,1,2026-05-13 08:57:37+00:00,False,False,never,,,1,1,,,,,0
cv_20260827_dev_0001196,0,normal,,normal_standard,1,2026-05-24 08:53:21+00:00,False,False,never,,,1,1,,,,,0
cv_20260827_dev_0001197,0,normal,,normal_standard,1,2026-05-23 07:57:38+00:00,False,False,never,,,1,1,,,,,0
cv_20260827_dev_0001198,0,normal,,normal_standard,1,2026-05-19 01:31:28+00:00,False,False,never,,,1,1,,,,,0
cv_20260827_dev_0001199,0,normal,,normal_standard,4,2026-05-24 03:35:42+00:00,False,False,never,,,4,4,,,,,0
cv_20260827_dev_0001200,0,normal,,normal_standard,1,2026-05-26 14:17:36+00:00,False,False,never,,,1,1,,,,,0
cv_20260827_dev_0001201,0,normal,,normal_bad_luck,3,2026-05-11 21:41:25+00:00,False,False,never,,,3,3,,,,,0
cv_20260827_dev_0001202,0,normal,,normal_bad_luck,3,2026-05-04 22:40:49+00:00,False,False,never,,,3,3,,,,,0
cv_20260827_dev_0001203,0,normal,,normal_bad_luck,3,2026-05-20 08:10:05+00:00,False,False,never,,,3,3,,,,,0
cv_20260827_dev_0001204,0,normal,,normal_bad_luck,4,2026-05-29 04:33:35+00:00,False,False,never,,,4,4,,,,,0
cv_20260827_dev_0001205,0,normal,,normal_bad_luck,3,2026-05-22 06:27:51+00:00,False,False,never,,,3,3,,,,,0
cv_20260827_dev_0001206,0,normal,,normal_bad_luck,3,2026-05-15 07:06:42+00:00,False,False,never,,,3,3,,,,,0
cv_20260827_dev_0001207,0,normal,,normal_bad_luck,9,2026-05-27 05:03:39+00:00,False,False,never,,,9,9,,,,,0
cv_20260827_dev_0001208,0,normal,,normal_bad_luck,3,2026-05-30 18:25:49+00:00,False,False,never,,,3,3,,,,,0
cv_20260827_dev_0001209,0,normal,,normal_bad_luck,3,2026-05-16 19:02:24+00:00,False,False,never,,,3,3,,,,,0
cv_20260827_dev_0001210,0,normal,,normal_bad_luck,3,2026-05-08 14:14:02+00:00,False,False,never,,,3,3,,,,,0
cv_20260827_dev_0001211,0,normal,,normal_bad_luck,10,2026-05-19 01:04:25+00:00,False,False,never,,,10,10,,,,,0
cv_20260827_dev_0001212,0,normal,,normal_bad_luck,3,2026-05-12 06:39:49+00:00,False,False,never,,,3,3,,,,,0
cv_20260827_dev_0001213,0,normal,,normal_bad_luck,7,2026-05-13 07:31:19+00:00,False,False,never,,,7,7,,,,,0
cv_20260827_dev_0001214,0,normal,,normal_bad_luck,3,2026-05-25 12:00:05+00:00,False,False,never,,,3,3,,,,,0
cv_20260827_dev_0001215,0,normal,,normal_bad_luck,3,2026-05-27 00:14:30+00:00,False,False,never,,,3,3,,,,,0
cv_20260827_dev_0001216,0,normal,,normal_bad_luck,6,2026-05-04 23:45:27+00:00,False,False,never,,,6,6,,,,,0
cv_20260827_dev_0001217,0,normal,,normal_bad_luck,6,2026-05-05 14:27:40+00:00,False,False,never,,,6,6,,,,,0
cv_20260827_dev_0001218,0,normal,,normal_bad_luck,3,2026-05-11 00:07:21+00:00,False,False,never,,,3,3,,,,,0
cv_20260827_dev_0001219,0,normal,,normal_bad_luck,3,2026-05-24 02:21:36+00:00,False,False,never,,,3,3,,,,,0
cv_20260827_dev_0001220,0,normal,,normal_bad_luck,3,2026-05-14 07:03:10+00:00,False,False,never,,,3,3,,,,,0
cv_20260827_dev_0001221,0,normal,,normal_bad_luck,3,2026-05-13 13:34:05+00:00,False,False,never,,,3,3,,,,,0
cv_20260827_dev_0001222,0,normal,,normal_bad_luck,3,2026-05-21 21:12:07+00:00,False,False,never,,,3,3,,,,,0
cv_20260827_dev_0001223,0,normal,,normal_bad_luck,3,2026-05-29 05:01:29+00:00,False,False,never,,,3,3,,,,,0
cv_20260827_dev_0001224,0,normal,,normal_bad_luck,9,2026-05-01 06:01:05+00:00,False,False,never,,,9,9,,,,,0
cv_20260827_dev_0001225,0,normal,,normal_bad_luck,3,2026-05-20 15:39:04+00:00,False,False,never,,,3,3,,,,,0
cv_20260827_dev_0001226,0,normal,,normal_bad_luck,3,2026-05-10 13:37:19+00:00,False,False,never,,,3,3,,,,,0
cv_20260827_dev_0001227,0,normal,,normal_bad_luck,3,2026-05-08 08:23:35+00:00,False,False,never,,,3,3,,,,,0
cv_20260827_dev_0001228,0,normal,,normal_bad_luck,3,2026-05-03 12:18:24+00:00,False,False,never,,,3,3,,,,,0
cv_20260827_dev_0001229,0,normal,,normal_bad_luck,3,2026-05-07 12:23:51+00:00,False,False,never,,,3,3,,,,,0
cv_20260827_dev_0001230,0,normal,,normal_bad_luck,6,2026-05-14 00:36:58+00:00,True,False,review,6,,6,5,3,3,172917,,0
cv_20260827_dev_0001231,0,normal,,normal_bad_luck,3,2026-05-27 18:25:32+00:00,False,False,never,,,3,3,,,,,0
cv_20260827_dev_0001232,0,normal,,normal_bad_luck,3,2026-05-07 06:19:26+00:00,False,False,never,,,3,3,,,,,0
cv_20260827_dev_0001233,0,normal,,normal_bad_luck,3,2026-05-04 07:20:07+00:00,False,False,never,,,3,3,,,,,0
cv_20260827_dev_0001234,0,normal,,normal_bad_luck,3,2026-05-22 00:12:35+00:00,False,False,never,,,3,3,,,,,0
cv_20260827_dev_0001235,0,normal,,normal_bad_luck,3,2026-05-21 20:02:26+00:00,False,False,never,,,3,3,,,,,0
cv_20260827_dev_0001236,0,normal,,normal_bad_luck,3,2026-05-11 13:13:12+00:00,False,False,never,,,3,3,,,,,0
cv_20260827_dev_0001237,0,normal,,normal_bad_luck,3,2026-05-08 19:03:49+00:00,False,False,never,,,3,3,,,,,0
cv_20260827_dev_0001238,0,normal,,normal_bad_luck,9,2026-05-18 10:22:05+00:00,True,False,review,9,,9,8,4,4,259324,,0
cv_20260827_dev_0001239,0,normal,,normal_bad_luck,3,2026-05-11 21:09:01+00:00,False,False,never,,,3,3,,,,,0
cv_20260827_dev_0001240,0,normal,,normal_bad_luck,3,2026-05-05 03:14:40+00:00,False,False,never,,,3,3,,,,,0
cv_20260827_dev_0001241,0,normal,,normal_bad_luck,3,2026-05-13 15:18:03+00:00,False,False,never,,,3,3,,,,,0
cv_20260827_dev_0001242,0,normal,,normal_bad_luck,3,2026-05-04 13:26:04+00:00,False,False,never,,,3,3,,,,,0
cv_20260827_dev_0001243,0,normal,,normal_bad_luck,3,2026-05-08 13:38:33+00:00,False,False,never,,,3,3,,,,,0
cv_20260827_dev_0001244,0,normal,,normal_bad_luck,9,2026-05-13 00:26:38+00:00,True,False,review,9,,9,8,5,4,345764,,0
cv_20260827_dev_0001245,0,normal,,normal_bad_luck,3,2026-05-23 20:54:36+00:00,False,False,never,,,3,3,,,,,0
cv_20260827_dev_0001246,0,normal,,normal_bad_luck,3,2026-05-27 19:22:35+00:00,False,False,never,,,3,3,,,,,0
cv_20260827_dev_0001247,0,normal,,normal_bad_luck,3,2026-05-08 03:13:36+00:00,False,False,never,,,3,3,,,,,0
cv_20260827_dev_0001248,0,normal,,normal_bad_luck,3,2026-05-15 19:37:07+00:00,False,False,never,,,3,3,,,,,0
cv_20260827_dev_0001249,0,normal,,normal_bad_luck,6,2026-05-27 18:03:05+00:00,False,False,never,,,6,6,,,,,0
cv_20260827_dev_0001250,0,normal,,normal_bad_luck,3,2026-05-10 18:49:05+00:00,False,False,never,,,3,3,,,,,0
cv_20260827_dev_0001251,0,normal,,normal_bad_luck,3,2026-05-12 23:21:27+00:00,False,False,never,,,3,3,,,,,0
cv_20260827_dev_0001252,0,normal,,normal_bad_luck,3,2026-05-14 20:50:01+00:00,False,False,never,,,3,3,,,,,0
cv_20260827_dev_0001253,0,normal,,normal_bad_luck,3,2026-05-06 01:36:34+00:00,False,False,never,,,3,3,,,,,0
cv_20260827_dev_0001254,0,normal,,normal_bad_luck,3,2026-05-21 07:42:07+00:00,False,False,never,,,3,3,,,,,0
cv_20260827_dev_0001255,0,normal,,normal_bad_luck,3,2026-05-26 14:05:31+00:00,False,False,never,,,3,3,,,,,0
cv_20260827_dev_0001256,0,normal,,normal_bad_luck,3,2026-05-17 20:15:30+00:00,False,False,never,,,3,3,,,,,0
cv_20260827_dev_0001257,0,normal,,normal_bad_luck,3,2026-05-05 15:04:41+00:00,False,False,never,,,3,3,,,,,0
cv_20260827_dev_0001258,0,normal,,normal_bad_luck,4,2026-05-21 18:21:36+00:00,False,False,never,,,4,4,,,,,0
cv_20260827_dev_0001259,0,normal,,normal_bad_luck,3,2026-05-07 03:30:06+00:00,False,False,never,,,3,3,,,,,0
cv_20260827_dev_0001260,0,normal,,normal_bad_luck,6,2026-05-14 13:44:38+00:00,True,False,review,5,,5,4,4,3,259265,,0
cv_20260827_dev_0001261,0,normal,,normal_bad_luck,3,2026-05-09 07:39:02+00:00,False,False,never,,,3,3,,,,,0
cv_20260827_dev_0001262,0,normal,,normal_bad_luck,3,2026-05-30 11:07:04+00:00,False,False,never,,,3,3,,,,,0
cv_20260827_dev_0001263,0,normal,,normal_bad_luck,3,2026-05-18 20:59:35+00:00,False,False,never,,,3,3,,,,,0
cv_20260827_dev_0001264,0,normal,,normal_bad_luck,9,2026-05-28 19:43:26+00:00,False,False,never,,,9,9,,,,,0
cv_20260827_dev_0001265,0,normal,,normal_bad_luck,6,2026-05-02 15:53:14+00:00,False,False,never,,,6,6,,,,,0
cv_20260827_dev_0001266,0,normal,,normal_bad_luck,3,2026-05-11 02:52:55+00:00,False,False,never,,,3,3,,,,,0
cv_20260827_dev_0001267,0,normal,,normal_bad_luck,4,2026-05-06 20:29:00+00:00,False,False,never,,,4,4,,,,,0
cv_20260827_dev_0001268,0,normal,,normal_bad_luck,3,2026-05-20 04:30:10+00:00,False,False,never,,,3,3,,,,,0
cv_20260827_dev_0001269,0,normal,,normal_bad_luck,3,2026-05-27 02:42:12+00:00,False,False,never,,,3,3,,,,,0
cv_20260827_dev_0001270,0,normal,,normal_bad_luck,3,2026-05-04 13:57:15+00:00,False,False,never,,,3,3,,,,,0
cv_20260827_dev_0001271,0,normal,,normal_bad_luck,9,2026-05-06 03:49:31+00:00,True,False,review,9,,9,8,6,5,432101,,0
cv_20260827_dev_0001272,0,normal,,normal_bad_luck,6,2026-05-12 03:56:30+00:00,False,False,never,,,6,6,,,,,0
cv_20260827_dev_0001273,0,normal,,normal_bad_luck,3,2026-05-30 11:48:33+00:00,False,False,never,,,3,3,,,,,0
cv_20260827_dev_0001274,0,normal,,normal_bad_luck,3,2026-05-12 15:05:09+00:00,False,False,never,,,3,3,,,,,0
cv_20260827_dev_0001275,0,normal,,normal_bad_luck,3,2026-05-09 18:21:38+00:00,False,False,never,,,3,3,,,,,0
cv_20260827_dev_0001276,0,normal,,normal_bad_luck,4,2026-05-26 14:00:03+00:00,False,False,never,,,4,4,,,,,0
cv_20260827_dev_0001277,0,normal,,normal_bad_luck,3,2026-05-22 18:09:46+00:00,False,False,never,,,3,3,,,,,0
cv_20260827_dev_0001278,0,normal,,normal_bad_luck,6,2026-05-22 06:24:40+00:00,False,False,never,,,6,6,,,,,0
cv_20260827_dev_0001279,0,normal,,normal_bad_luck,9,2026-05-27 04:14:26+00:00,False,False,never,,,9,9,,,,,0
cv_20260827_dev_0001280,0,normal,,normal_bad_luck,3,2026-05-18 20:55:04+00:00,False,False,never,,,3,3,,,,,0
cv_20260827_dev_0001281,0,normal,,normal_bad_luck,3,2026-05-30 15:16:06+00:00,False,False,never,,,3,3,,,,,0
cv_20260827_dev_0001282,0,normal,,normal_bad_luck,4,2026-05-16 21:12:39+00:00,False,False,never,,,4,4,,,,,0
cv_20260827_dev_0001283,0,normal,,normal_bad_luck,3,2026-05-22 13:16:58+00:00,False,False,never,,,3,3,,,,,0
cv_20260827_dev_0001284,0,normal,,normal_bad_luck,3,2026-05-16 20:14:37+00:00,False,False,never,,,3,3,,,,,0
cv_20260827_dev_0001285,0,normal,,normal_bad_luck,6,2026-05-17 15:29:41+00:00,False,False,never,,,6,6,,,,,0
cv_20260827_dev_0001286,0,normal,,normal_bad_luck,3,2026-05-13 13:13:29+00:00,False,False,never,,,3,3,,,,,0
cv_20260827_dev_0001287,0,normal,,normal_bad_luck,3,2026-05-01 13:06:19+00:00,False,False,never,,,3,3,,,,,0
cv_20260827_dev_0001288,0,normal,,normal_bad_luck,3,2026-05-11 12:10:06+00:00,False,False,never,,,3,3,,,,,0
cv_20260827_dev_0001289,0,normal,,normal_bad_luck,3,2026-05-10 11:49:03+00:00,False,False,never,,,3,3,,,,,0
cv_20260827_dev_0001290,0,normal,,normal_bad_luck,3,2026-05-20 14:31:25+00:00,False,False,never,,,3,3,,,,,0
cv_20260827_dev_0001291,0,normal,,normal_bad_luck,3,2026-05-21 15:35:03+00:00,False,False,never,,,3,3,,,,,0
cv_20260827_dev_0001292,0,normal,,normal_bad_luck,4,2026-05-29 04:09:21+00:00,False,False,never,,,4,4,,,,,0
cv_20260827_dev_0001293,0,normal,,normal_bad_luck,3,2026-05-15 19:26:48+00:00,False,False,never,,,3,3,,,,,0
cv_20260827_dev_0001294,0,normal,,normal_bad_luck,3,2026-05-30 03:35:24+00:00,False,False,never,,,3,3,,,,,0
cv_20260827_dev_0001295,0,normal,,normal_bad_luck,4,2026-05-06 10:26:25+00:00,False,False,never,,,4,4,,,,,0
cv_20260827_dev_0001296,0,normal,,normal_bad_luck,3,2026-05-07 19:53:14+00:00,False,False,never,,,3,3,,,,,0
cv_20260827_dev_0001297,0,normal,,normal_bad_luck,3,2026-05-29 05:56:21+00:00,False,False,never,,,3,3,,,,,0
cv_20260827_dev_0001298,0,normal,,normal_bad_luck,6,2026-05-26 18:55:52+00:00,False,False,never,,,6,6,,,,,0
cv_20260827_dev_0001299,0,normal,,normal_bad_luck,3,2026-05-22 20:56:38+00:00,False,False,never,,,3,3,,,,,0
cv_20260827_dev_0001300,0,normal,,normal_bad_luck,3,2026-05-19 14:03:31+00:00,False,False,never,,,3,3,,,,,0
cv_20260827_dev_0001301,0,flash_sale,,flash_standard,2,2026-05-20 10:55:22+00:00,False,False,never,,,2,2,,,,,0
cv_20260827_dev_0001302,0,flash_sale,,flash_standard,1,2026-05-21 14:31:27+00:00,False,False,never,,,1,1,,,,,0
cv_20260827_dev_0001303,0,flash_sale,,flash_standard,1,2026-05-01 13:26:58+00:00,False,False,never,,,1,1,,,,,0
cv_20260827_dev_0001304,0,flash_sale,,flash_standard,1,2026-05-20 16:22:37+00:00,False,False,never,,,1,1,,,,,0
cv_20260827_dev_0001305,0,flash_sale,,flash_standard,3,2026-05-21 17:26:06+00:00,False,False,never,,,3,3,,,,,0
cv_20260827_dev_0001306,0,flash_sale,,flash_standard,1,2026-05-08 22:19:39+00:00,False,False,never,,,1,1,,,,,0
cv_20260827_dev_0001307,0,flash_sale,,flash_standard,2,2026-05-22 06:14:45+00:00,False,False,never,,,2,2,,,,,0
cv_20260827_dev_0001308,0,flash_sale,,flash_standard,1,2026-05-16 20:36:06+00:00,False,False,never,,,1,1,,,,,0
cv_20260827_dev_0001309,0,flash_sale,,flash_standard,1,2026-05-26 21:31:24+00:00,False,False,never,,,1,1,,,,,0
cv_20260827_dev_0001310,0,flash_sale,,flash_standard,1,2026-05-03 03:53:47+00:00,False,False,never,,,1,1,,,,,0
cv_20260827_dev_0001311,0,flash_sale,,flash_standard,2,2026-05-20 06:50:24+00:00,False,False,never,,,2,2,,,,,0
cv_20260827_dev_0001312,0,flash_sale,,flash_standard,1,2026-05-13 17:38:52+00:00,False,False,never,,,1,1,,,,,0
cv_20260827_dev_0001313,0,flash_sale,,flash_standard,1,2026-05-10 00:28:27+00:00,False,False,never,,,1,1,,,,,0
cv_20260827_dev_0001314,0,flash_sale,,flash_standard,3,2026-05-24 11:49:04+00:00,False,False,never,,,3,3,,,,,0
cv_20260827_dev_0001315,0,flash_sale,,flash_standard,1,2026-05-24 05:01:35+00:00,False,False,never,,,1,1,,,,,0
cv_20260827_dev_0001316,0,flash_sale,,flash_standard,1,2026-05-06 15:20:36+00:00,False,False,never,,,1,1,,,,,0
cv_20260827_dev_0001317,0,flash_sale,,flash_standard,1,2026-05-24 07:19:19+00:00,False,False,never,,,1,1,,,,,0
cv_20260827_dev_0001318,0,flash_sale,,flash_standard,1,2026-05-13 01:20:07+00:00,False,False,never,,,1,1,,,,,0
cv_20260827_dev_0001319,0,flash_sale,,flash_standard,1,2026-05-13 20:13:56+00:00,False,False,never,,,1,1,,,,,0
cv_20260827_dev_0001320,0,flash_sale,,flash_standard,1,2026-05-17 22:08:20+00:00,False,False,never,,,1,1,,,,,0
cv_20260827_dev_0001321,0,flash_sale,,flash_standard,1,2026-05-23 03:30:12+00:00,False,False,never,,,1,1,,,,,0
cv_20260827_dev_0001322,0,flash_sale,,flash_standard,1,2026-05-17 05:32:15+00:00,False,False,never,,,1,1,,,,,0
cv_20260827_dev_0001323,0,flash_sale,,flash_standard,1,2026-05-01 10:36:00+00:00,False,False,never,,,1,1,,,,,0
cv_20260827_dev_0001324,0,flash_sale,,flash_standard,1,2026-05-06 23:24:22+00:00,False,False,never,,,1,1,,,,,0
cv_20260827_dev_0001325,0,flash_sale,,flash_standard,1,2026-05-03 08:28:26+00:00,False,False,never,,,1,1,,,,,0
cv_20260827_dev_0001326,0,flash_sale,,flash_standard,1,2026-05-06 21:21:32+00:00,False,False,never,,,1,1,,,,,0
cv_20260827_dev_0001327,0,flash_sale,,flash_standard,1,2026-05-14 13:04:17+00:00,False,False,never,,,1,1,,,,,0
cv_20260827_dev_0001328,0,flash_sale,,flash_standard,2,2026-05-12 05:50:34+00:00,False,False,never,,,2,2,,,,,0
cv_20260827_dev_0001329,0,flash_sale,,flash_standard,3,2026-05-17 13:54:53+00:00,False,False,never,,,3,3,,,,,0
cv_20260827_dev_0001330,0,flash_sale,,flash_standard,1,2026-05-11 00:57:53+00:00,False,False,never,,,1,1,,,,,0
cv_20260827_dev_0001331,0,flash_sale,,flash_standard,1,2026-05-02 13:39:30+00:00,False,False,never,,,1,1,,,,,0
cv_20260827_dev_0001332,0,flash_sale,,flash_standard,1,2026-05-20 00:17:59+00:00,False,False,never,,,1,1,,,,,0
cv_20260827_dev_0001333,0,flash_sale,,flash_standard,2,2026-05-14 04:24:27+00:00,False,False,never,,,2,2,,,,,0
cv_20260827_dev_0001334,0,flash_sale,,flash_standard,1,2026-05-23 05:28:55+00:00,False,False,never,,,1,1,,,,,0
cv_20260827_dev_0001335,0,flash_sale,,flash_standard,1,2026-05-20 01:51:48+00:00,False,False,never,,,1,1,,,,,0
cv_20260827_dev_0001336,0,flash_sale,,flash_standard,1,2026-05-06 23:09:20+00:00,False,False,never,,,1,1,,,,,0
cv_20260827_dev_0001337,0,flash_sale,,flash_standard,1,2026-05-13 03:30:40+00:00,False,False,never,,,1,1,,,,,0
cv_20260827_dev_0001338,0,flash_sale,,flash_standard,1,2026-05-18 08:32:56+00:00,False,False,never,,,1,1,,,,,0
cv_20260827_dev_0001339,0,flash_sale,,flash_standard,2,2026-05-21 12:59:48+00:00,False,False,never,,,2,2,,,,,0
cv_20260827_dev_0001340,0,flash_sale,,flash_standard,1,2026-05-19 15:25:06+00:00,False,False,never,,,1,1,,,,,0
cv_20260827_dev_0001341,0,flash_sale,,flash_standard,1,2026-05-21 19:00:40+00:00,False,False,never,,,1,1,,,,,0
cv_20260827_dev_0001342,0,flash_sale,,flash_standard,3,2026-05-04 23:11:32+00:00,False,False,never,,,3,3,,,,,0
cv_20260827_dev_0001343,0,flash_sale,,flash_standard,2,2026-05-30 02:46:38+00:00,False,False,never,,,2,2,,,,,0
cv_20260827_dev_0001344,0,flash_sale,,flash_standard,1,2026-05-30 15:32:50+00:00,False,False,never,,,1,1,,,,,0
cv_20260827_dev_0001345,0,flash_sale,,flash_standard,1,2026-05-10 02:15:32+00:00,False,False,never,,,1,1,,,,,0
cv_20260827_dev_0001346,0,flash_sale,,flash_standard,1,2026-05-25 21:47:33+00:00,False,False,never,,,1,1,,,,,0
cv_20260827_dev_0001347,0,flash_sale,,flash_standard,4,2026-05-12 06:53:08+00:00,False,False,never,,,4,4,,,,,0
cv_20260827_dev_0001348,0,flash_sale,,flash_standard,1,2026-05-30 08:18:38+00:00,False,False,never,,,1,1,,,,,0
cv_20260827_dev_0001349,0,flash_sale,,flash_standard,1,2026-05-28 17:52:45+00:00,False,False,never,,,1,1,,,,,0
cv_20260827_dev_0001350,0,flash_sale,,flash_standard,1,2026-05-04 23:18:01+00:00,False,False,never,,,1,1,,,,,0
cv_20260827_dev_0001351,0,flash_sale,,flash_standard,1,2026-05-05 02:18:58+00:00,False,False,never,,,1,1,,,,,0
cv_20260827_dev_0001352,0,flash_sale,,flash_standard,1,2026-05-04 15:34:31+00:00,False,False,never,,,1,1,,,,,0
cv_20260827_dev_0001353,0,flash_sale,,flash_standard,1,2026-05-10 12:25:54+00:00,False,False,never,,,1,1,,,,,0
cv_20260827_dev_0001354,0,flash_sale,,flash_standard,1,2026-05-07 20:11:56+00:00,False,False,never,,,1,1,,,,,0
cv_20260827_dev_0001355,0,flash_sale,,flash_standard,1,2026-05-05 02:55:16+00:00,False,False,never,,,1,1,,,,,0
cv_20260827_dev_0001356,0,flash_sale,,flash_standard,2,2026-05-18 09:11:58+00:00,False,False,never,,,2,2,,,,,0
cv_20260827_dev_0001357,0,flash_sale,,flash_standard,1,2026-05-09 04:51:17+00:00,False,False,never,,,1,1,,,,,0
cv_20260827_dev_0001358,0,flash_sale,,flash_standard,1,2026-05-28 23:25:55+00:00,False,False,never,,,1,1,,,,,0
cv_20260827_dev_0001359,0,flash_sale,,flash_standard,1,2026-05-09 12:04:55+00:00,False,False,never,,,1,1,,,,,0
cv_20260827_dev_0001360,0,flash_sale,,flash_standard,1,2026-05-13 07:30:39+00:00,False,False,never,,,1,1,,,,,0
cv_20260827_dev_0001361,0,flash_sale,,flash_standard,2,2026-05-20 23:07:43+00:00,False,False,never,,,2,2,,,,,0
cv_20260827_dev_0001362,0,flash_sale,,flash_standard,1,2026-05-29 12:27:53+00:00,False,False,never,,,1,1,,,,,0
cv_20260827_dev_0001363,0,flash_sale,,flash_standard,1,2026-05-18 18:30:40+00:00,False,False,never,,,1,1,,,,,0
cv_20260827_dev_0001364,0,flash_sale,,flash_standard,1,2026-05-14 16:51:33+00:00,False,False,never,,,1,1,,,,,0
cv_20260827_dev_0001365,0,flash_sale,,flash_standard,1,2026-05-16 14:33:56+00:00,False,False,never,,,1,1,,,,,0
cv_20260827_dev_0001366,0,flash_sale,,flash_standard,1,2026-05-02 22:37:36+00:00,False,False,never,,,1,1,,,,,0
cv_20260827_dev_0001367,0,flash_sale,,flash_standard,2,2026-05-17 05:06:33+00:00,False,False,never,,,2,2,,,,,0
cv_20260827_dev_0001368,0,flash_sale,,flash_standard,2,2026-05-15 02:08:50+00:00,False,False,never,,,2,2,,,,,0
cv_20260827_dev_0001369,0,flash_sale,,flash_standard,2,2026-05-01 01:52:45+00:00,False,False,never,,,2,2,,,,,0
cv_20260827_dev_0001370,0,flash_sale,,flash_standard,1,2026-05-21 07:32:40+00:00,False,False,never,,,1,1,,,,,0
cv_20260827_dev_0001371,0,flash_sale,,flash_standard,2,2026-05-06 18:40:29+00:00,False,False,never,,,2,2,,,,,0
cv_20260827_dev_0001372,0,flash_sale,,flash_standard,1,2026-05-20 19:50:21+00:00,False,False,never,,,1,1,,,,,0
cv_20260827_dev_0001373,0,flash_sale,,flash_standard,1,2026-05-03 23:38:46+00:00,False,False,never,,,1,1,,,,,0
cv_20260827_dev_0001374,0,flash_sale,,flash_standard,1,2026-05-09 09:25:44+00:00,False,False,never,,,1,1,,,,,0
cv_20260827_dev_0001375,0,flash_sale,,flash_standard,2,2026-05-06 04:06:44+00:00,False,False,never,,,2,2,,,,,0
cv_20260827_dev_0001376,0,flash_sale,,flash_standard,1,2026-05-22 21:47:05+00:00,False,False,never,,,1,1,,,,,0
cv_20260827_dev_0001377,0,flash_sale,,flash_standard,1,2026-05-07 09:51:54+00:00,False,False,never,,,1,1,,,,,0
cv_20260827_dev_0001378,0,flash_sale,,flash_standard,2,2026-05-25 12:44:20+00:00,False,False,never,,,2,2,,,,,0
cv_20260827_dev_0001379,0,flash_sale,,flash_standard,3,2026-05-21 23:20:19+00:00,False,False,never,,,3,3,,,,,0
cv_20260827_dev_0001380,0,flash_sale,,flash_standard,1,2026-05-10 11:15:20+00:00,False,False,never,,,1,1,,,,,0
cv_20260827_dev_0001381,0,flash_sale,,flash_standard,2,2026-05-18 05:29:50+00:00,False,False,never,,,2,2,,,,,0
cv_20260827_dev_0001382,0,flash_sale,,flash_standard,3,2026-05-01 11:14:11+00:00,False,False,never,,,3,3,,,,,0
cv_20260827_dev_0001383,0,flash_sale,,flash_standard,1,2026-05-05 04:55:28+00:00,False,False,never,,,1,1,,,,,0
cv_20260827_dev_0001384,0,flash_sale,,flash_standard,2,2026-05-16 18:29:29+00:00,False,False,never,,,2,2,,,,,0
cv_20260827_dev_0001385,0,flash_sale,,flash_standard,1,2026-05-27 17:42:20+00:00,False,False,never,,,1,1,,,,,0
cv_20260827_dev_0001386,0,flash_sale,,flash_standard,2,2026-05-20 00:08:52+00:00,False,False,never,,,2,2,,,,,0
cv_20260827_dev_0001387,0,flash_sale,,flash_standard,1,2026-05-19 15:32:28+00:00,False,False,never,,,1,1,,,,,0
cv_20260827_dev_0001388,0,flash_sale,,flash_standard,1,2026-05-10 18:06:14+00:00,False,False,never,,,1,1,,,,,0
cv_20260827_dev_0001389,0,flash_sale,,flash_standard,2,2026-05-19 07:24:37+00:00,False,False,never,,,2,2,,,,,0
cv_20260827_dev_0001390,0,flash_sale,,flash_standard,1,2026-05-11 22:25:47+00:00,False,False,never,,,1,1,,,,,0
cv_20260827_dev_0001391,0,flash_sale,,flash_standard,1,2026-05-05 06:52:10+00:00,False,False,never,,,1,1,,,,,0
cv_20260827_dev_0001392,0,flash_sale,,flash_standard,1,2026-05-29 15:34:53+00:00,False,False,never,,,1,1,,,,,0
cv_20260827_dev_0001393,0,flash_sale,,flash_standard,1,2026-05-19 07:54:15+00:00,False,False,never,,,1,1,,,,,0
cv_20260827_dev_0001394,0,flash_sale,,flash_standard,1,2026-05-13 15:54:52+00:00,False,False,never,,,1,1,,,,,0
cv_20260827_dev_0001395,0,flash_sale,,flash_standard,1,2026-05-02 13:57:52+00:00,False,False,never,,,1,1,,,,,0
cv_20260827_dev_0001396,0,flash_sale,,flash_standard,1,2026-05-03 05:37:33+00:00,False,False,never,,,1,1,,,,,0
cv_20260827_dev_0001397,0,flash_sale,,flash_standard,1,2026-05-09 09:50:24+00:00,False,False,never,,,1,1,,,,,0
cv_20260827_dev_0001398,0,flash_sale,,flash_standard,1,2026-05-01 20:37:52+00:00,False,False,never,,,1,1,,,,,0
cv_20260827_dev_0001399,0,flash_sale,,flash_standard,1,2026-05-23 01:52:21+00:00,False,False,never,,,1,1,,,,,0
cv_20260827_dev_0001400,0,flash_sale,,flash_standard,1,2026-05-13 03:44:49+00:00,False,False,never,,,1,1,,,,,0
cv_20260827_dev_0001401,0,flash_sale,,flash_standard,1,2026-05-15 23:05:06+00:00,False,False,never,,,1,1,,,,,0
cv_20260827_dev_0001402,0,flash_sale,,flash_standard,1,2026-05-12 16:55:26+00:00,False,False,never,,,1,1,,,,,0
cv_20260827_dev_0001403,0,flash_sale,,flash_standard,1,2026-05-17 00:07:12+00:00,False,False,never,,,1,1,,,,,0
cv_20260827_dev_0001404,0,flash_sale,,flash_standard,1,2026-05-27 10:50:13+00:00,False,False,never,,,1,1,,,,,0
cv_20260827_dev_0001405,0,flash_sale,,flash_standard,1,2026-05-25 08:25:03+00:00,False,False,never,,,1,1,,,,,0
cv_20260827_dev_0001406,0,flash_sale,,flash_standard,2,2026-05-28 00:36:25+00:00,False,False,never,,,2,2,,,,,0
cv_20260827_dev_0001407,0,flash_sale,,flash_standard,1,2026-05-02 14:53:24+00:00,False,False,never,,,1,1,,,,,0
cv_20260827_dev_0001408,0,flash_sale,,flash_standard,1,2026-05-28 03:15:38+00:00,False,False,never,,,1,1,,,,,0
cv_20260827_dev_0001409,0,flash_sale,,flash_standard,1,2026-05-25 23:59:47+00:00,False,False,never,,,1,1,,,,,0
cv_20260827_dev_0001410,0,flash_sale,,flash_standard,1,2026-05-19 08:47:33+00:00,False,False,never,,,1,1,,,,,0
cv_20260827_dev_0001411,0,flash_sale,,flash_standard,1,2026-05-26 04:39:21+00:00,False,False,never,,,1,1,,,,,0
cv_20260827_dev_0001412,0,flash_sale,,flash_standard,2,2026-05-04 18:49:27+00:00,False,False,never,,,2,2,,,,,0
cv_20260827_dev_0001413,0,flash_sale,,flash_standard,1,2026-05-17 08:03:45+00:00,False,False,never,,,1,1,,,,,0
cv_20260827_dev_0001414,0,flash_sale,,flash_standard,1,2026-05-02 03:48:12+00:00,False,False,never,,,1,1,,,,,0
cv_20260827_dev_0001415,0,flash_sale,,flash_standard,1,2026-05-21 09:34:43+00:00,False,False,never,,,1,1,,,,,0
cv_20260827_dev_0001416,0,flash_sale,,flash_standard,1,2026-05-24 11:31:07+00:00,False,False,never,,,1,1,,,,,0
cv_20260827_dev_0001417,0,flash_sale,,flash_standard,1,2026-05-12 20:10:51+00:00,False,False,never,,,1,1,,,,,0
cv_20260827_dev_0001418,0,flash_sale,,flash_standard,2,2026-05-19 21:53:27+00:00,False,False,never,,,2,2,,,,,0
cv_20260827_dev_0001419,0,flash_sale,,flash_standard,1,2026-05-26 08:37:02+00:00,False,False,never,,,1,1,,,,,0
cv_20260827_dev_0001420,0,flash_sale,,flash_standard,1,2026-05-15 05:49:42+00:00,False,False,never,,,1,1,,,,,0
cv_20260827_dev_0001421,0,flash_sale,,flash_standard,1,2026-05-15 05:41:26+00:00,False,False,never,,,1,1,,,,,0
cv_20260827_dev_0001422,0,flash_sale,,flash_standard,1,2026-05-12 13:46:49+00:00,False,False,never,,,1,1,,,,,0
cv_20260827_dev_0001423,0,flash_sale,,flash_standard,1,2026-05-18 05:20:27+00:00,False,False,never,,,1,1,,,,,0
cv_20260827_dev_0001424,0,flash_sale,,flash_standard,1,2026-05-29 23:20:58+00:00,False,False,never,,,1,1,,,,,0
cv_20260827_dev_0001425,0,flash_sale,,flash_standard,2,2026-05-24 21:29:43+00:00,False,False,never,,,2,2,,,,,0
cv_20260827_dev_0001426,0,flash_sale,,flash_standard,1,2026-05-26 03:21:57+00:00,False,False,never,,,1,1,,,,,0
cv_20260827_dev_0001427,0,flash_sale,,flash_standard,1,2026-05-01 15:35:01+00:00,False,False,never,,,1,1,,,,,0
cv_20260827_dev_0001428,0,flash_sale,,flash_standard,1,2026-05-01 11:24:04+00:00,False,False,never,,,1,1,,,,,0
cv_20260827_dev_0001429,0,flash_sale,,flash_standard,1,2026-05-03 10:11:30+00:00,False,False,never,,,1,1,,,,,0
cv_20260827_dev_0001430,0,flash_sale,,flash_standard,1,2026-05-09 06:21:28+00:00,False,False,never,,,1,1,,,,,0
cv_20260827_dev_0001431,0,flash_sale,,flash_standard,1,2026-05-04 15:09:30+00:00,False,False,never,,,1,1,,,,,0
cv_20260827_dev_0001432,0,flash_sale,,flash_standard,1,2026-05-24 07:35:05+00:00,False,False,never,,,1,1,,,,,0
cv_20260827_dev_0001433,0,flash_sale,,flash_standard,1,2026-05-15 23:00:57+00:00,False,False,never,,,1,1,,,,,0
cv_20260827_dev_0001434,0,flash_sale,,flash_standard,1,2026-05-13 00:24:47+00:00,False,False,never,,,1,1,,,,,0
cv_20260827_dev_0001435,0,flash_sale,,flash_standard,1,2026-05-07 03:55:24+00:00,False,False,never,,,1,1,,,,,0
cv_20260827_dev_0001436,0,flash_sale,,flash_standard,1,2026-05-23 14:40:40+00:00,False,False,never,,,1,1,,,,,0
cv_20260827_dev_0001437,0,flash_sale,,flash_standard,1,2026-05-08 01:19:59+00:00,False,False,never,,,1,1,,,,,0
cv_20260827_dev_0001438,0,flash_sale,,flash_standard,1,2026-05-25 15:13:40+00:00,False,False,never,,,1,1,,,,,0
cv_20260827_dev_0001439,0,flash_sale,,flash_standard,1,2026-05-22 17:58:49+00:00,False,False,never,,,1,1,,,,,0
cv_20260827_dev_0001440,0,flash_sale,,flash_standard,1,2026-05-18 23:55:10+00:00,False,False,never,,,1,1,,,,,0
cv_20260827_dev_0001441,0,flash_sale,,flash_standard,1,2026-05-19 23:55:21+00:00,False,False,never,,,1,1,,,,,0
cv_20260827_dev_0001442,0,flash_sale,,flash_standard,1,2026-05-19 18:01:38+00:00,False,False,never,,,1,1,,,,,0
cv_20260827_dev_0001443,0,flash_sale,,flash_standard,1,2026-05-03 20:12:26+00:00,False,False,never,,,1,1,,,,,0
cv_20260827_dev_0001444,0,flash_sale,,flash_standard,1,2026-05-06 08:59:11+00:00,False,False,never,,,1,1,,,,,0
cv_20260827_dev_0001445,0,flash_sale,,flash_standard,1,2026-05-11 00:11:22+00:00,False,False,never,,,1,1,,,,,0
cv_20260827_dev_0001446,0,flash_sale,,flash_standard,2,2026-05-09 05:12:50+00:00,False,False,never,,,2,2,,,,,0
cv_20260827_dev_0001447,0,flash_sale,,flash_standard,1,2026-05-30 19:06:51+00:00,False,False,never,,,1,1,,,,,0
cv_20260827_dev_0001448,0,flash_sale,,flash_standard,1,2026-05-04 18:20:02+00:00,False,False,never,,,1,1,,,,,0
cv_20260827_dev_0001449,0,flash_sale,,flash_standard,1,2026-05-14 10:37:16+00:00,False,False,never,,,1,1,,,,,0
cv_20260827_dev_0001450,0,flash_sale,,flash_standard,1,2026-05-20 04:05:30+00:00,False,False,never,,,1,1,,,,,0
cv_20260827_dev_0001451,0,flash_sale,,flash_standard,1,2026-05-10 07:35:17+00:00,False,False,never,,,1,1,,,,,0
cv_20260827_dev_0001452,0,flash_sale,,flash_standard,1,2026-05-20 11:56:27+00:00,False,False,never,,,1,1,,,,,0
cv_20260827_dev_0001453,0,flash_sale,,flash_standard,1,2026-05-03 02:12:30+00:00,False,False,never,,,1,1,,,,,0
cv_20260827_dev_0001454,0,flash_sale,,flash_standard,1,2026-05-29 15:13:40+00:00,False,False,never,,,1,1,,,,,0
cv_20260827_dev_0001455,0,flash_sale,,flash_standard,1,2026-05-28 23:48:26+00:00,False,False,never,,,1,1,,,,,0
cv_20260827_dev_0001456,0,flash_sale,,flash_standard,1,2026-05-14 17:50:35+00:00,False,False,never,,,1,1,,,,,0
cv_20260827_dev_0001457,0,flash_sale,,flash_standard,3,2026-05-23 02:50:59+00:00,False,False,never,,,3,3,,,,,0
cv_20260827_dev_0001458,0,flash_sale,,flash_standard,2,2026-05-18 21:30:54+00:00,False,False,never,,,2,2,,,,,0
cv_20260827_dev_0001459,0,flash_sale,,flash_standard,2,2026-05-19 20:54:57+00:00,False,False,never,,,2,2,,,,,0
cv_20260827_dev_0001460,0,flash_sale,,flash_standard,2,2026-05-25 16:38:33+00:00,False,False,never,,,2,2,,,,,0
cv_20260827_dev_0001461,0,flash_sale,,flash_standard,1,2026-05-26 09:47:04+00:00,False,False,never,,,1,1,,,,,0
cv_20260827_dev_0001462,0,flash_sale,,flash_standard,1,2026-05-27 20:21:34+00:00,False,False,never,,,1,1,,,,,0
cv_20260827_dev_0001463,0,flash_sale,,flash_standard,1,2026-05-30 02:03:27+00:00,False,False,never,,,1,1,,,,,0
cv_20260827_dev_0001464,0,flash_sale,,flash_standard,3,2026-05-24 18:59:47+00:00,False,False,never,,,3,3,,,,,0
cv_20260827_dev_0001465,0,flash_sale,,flash_standard,1,2026-05-01 08:01:19+00:00,False,False,never,,,1,1,,,,,0
cv_20260827_dev_0001466,0,flash_sale,,flash_standard,1,2026-05-04 08:28:04+00:00,False,False,never,,,1,1,,,,,0
cv_20260827_dev_0001467,0,flash_sale,,flash_standard,1,2026-05-24 05:08:42+00:00,False,False,never,,,1,1,,,,,0
cv_20260827_dev_0001468,0,flash_sale,,flash_standard,1,2026-05-15 10:30:32+00:00,False,False,never,,,1,1,,,,,0
cv_20260827_dev_0001469,0,flash_sale,,flash_standard,1,2026-05-03 02:31:28+00:00,False,False,never,,,1,1,,,,,0
cv_20260827_dev_0001470,0,flash_sale,,flash_standard,1,2026-05-28 13:18:52+00:00,False,False,never,,,1,1,,,,,0
cv_20260827_dev_0001471,0,flash_sale,,flash_standard,1,2026-05-23 05:40:27+00:00,False,False,never,,,1,1,,,,,0
cv_20260827_dev_0001472,0,flash_sale,,flash_standard,3,2026-05-19 15:52:16+00:00,False,False,never,,,3,3,,,,,0
cv_20260827_dev_0001473,0,flash_sale,,flash_standard,1,2026-05-03 14:46:14+00:00,False,False,never,,,1,1,,,,,0
cv_20260827_dev_0001474,0,flash_sale,,flash_standard,1,2026-05-08 17:14:25+00:00,False,False,never,,,1,1,,,,,0
cv_20260827_dev_0001475,0,flash_sale,,flash_standard,2,2026-05-04 06:38:48+00:00,False,False,never,,,2,2,,,,,0
cv_20260827_dev_0001476,0,flash_sale,,flash_standard,2,2026-05-25 13:19:03+00:00,False,False,never,,,2,2,,,,,0
cv_20260827_dev_0001477,0,flash_sale,,flash_standard,1,2026-05-10 14:42:48+00:00,False,False,never,,,1,1,,,,,0
cv_20260827_dev_0001478,0,flash_sale,,flash_standard,2,2026-05-11 02:40:12+00:00,False,False,never,,,2,2,,,,,0
cv_20260827_dev_0001479,0,flash_sale,,flash_standard,1,2026-05-10 16:33:20+00:00,False,False,never,,,1,1,,,,,0
cv_20260827_dev_0001480,0,flash_sale,,flash_standard,1,2026-05-24 02:14:21+00:00,False,False,never,,,1,1,,,,,0
cv_20260827_dev_0001481,0,flash_sale,,flash_standard,1,2026-05-12 14:22:00+00:00,False,False,never,,,1,1,,,,,0
cv_20260827_dev_0001482,0,flash_sale,,flash_standard,1,2026-05-20 17:12:09+00:00,False,False,never,,,1,1,,,,,0
cv_20260827_dev_0001483,0,flash_sale,,flash_standard,1,2026-05-09 22:11:16+00:00,False,False,never,,,1,1,,,,,0
cv_20260827_dev_0001484,0,flash_sale,,flash_standard,1,2026-05-18 21:32:32+00:00,False,False,never,,,1,1,,,,,0
cv_20260827_dev_0001485,0,flash_sale,,flash_standard,1,2026-05-15 06:12:31+00:00,False,False,never,,,1,1,,,,,0
cv_20260827_dev_0001486,0,flash_sale,,flash_standard,1,2026-05-29 02:30:15+00:00,False,False,never,,,1,1,,,,,0
cv_20260827_dev_0001487,0,flash_sale,,flash_standard,1,2026-05-19 23:38:57+00:00,False,False,never,,,1,1,,,,,0
cv_20260827_dev_0001488,0,flash_sale,,flash_standard,2,2026-05-15 21:30:38+00:00,False,False,never,,,2,2,,,,,0
cv_20260827_dev_0001489,0,flash_sale,,flash_standard,1,2026-05-27 05:59:38+00:00,False,False,never,,,1,1,,,,,0
cv_20260827_dev_0001490,0,flash_sale,,flash_standard,1,2026-05-30 15:09:17+00:00,False,False,never,,,1,1,,,,,0
cv_20260827_dev_0001491,0,flash_sale,,flash_standard,1,2026-05-06 02:58:07+00:00,False,False,never,,,1,1,,,,,0
cv_20260827_dev_0001492,0,flash_sale,,flash_standard,2,2026-05-15 02:03:45+00:00,False,False,never,,,2,2,,,,,0
cv_20260827_dev_0001493,0,flash_sale,,flash_standard,1,2026-05-23 12:21:52+00:00,False,False,never,,,1,1,,,,,0
cv_20260827_dev_0001494,0,flash_sale,,flash_standard,2,2026-05-30 12:53:42+00:00,False,False,never,,,2,2,,,,,0
cv_20260827_dev_0001495,0,flash_sale,,flash_standard,2,2026-05-19 09:32:23+00:00,False,False,never,,,2,2,,,,,0
cv_20260827_dev_0001496,0,flash_sale,,flash_standard,1,2026-05-16 11:46:51+00:00,False,False,never,,,1,1,,,,,0
cv_20260827_dev_0001497,0,flash_sale,,flash_standard,1,2026-05-23 01:27:33+00:00,False,False,never,,,1,1,,,,,0
cv_20260827_dev_0001498,0,flash_sale,,flash_standard,1,2026-05-11 08:07:38+00:00,False,False,never,,,1,1,,,,,0
cv_20260827_dev_0001499,0,flash_sale,,flash_standard,1,2026-05-12 12:16:38+00:00,False,False,never,,,1,1,,,,,0
cv_20260827_dev_0001500,0,flash_sale,,flash_standard,1,2026-05-15 03:10:28+00:00,False,False,never,,,1,1,,,,,0
cv_20260827_dev_0001501,0,flash_sale,,flash_standard,1,2026-05-27 19:34:41+00:00,False,False,never,,,1,1,,,,,0
cv_20260827_dev_0001502,0,flash_sale,,flash_standard,1,2026-05-13 14:31:40+00:00,False,False,never,,,1,1,,,,,0
cv_20260827_dev_0001503,0,flash_sale,,flash_standard,1,2026-05-18 19:33:17+00:00,False,False,never,,,1,1,,,,,0
cv_20260827_dev_0001504,0,flash_sale,,flash_standard,1,2026-05-24 00:32:49+00:00,False,False,never,,,1,1,,,,,0
cv_20260827_dev_0001505,0,flash_sale,,flash_standard,2,2026-05-24 21:50:21+00:00,False,False,never,,,2,2,,,,,0
cv_20260827_dev_0001506,0,flash_sale,,flash_standard,1,2026-05-07 23:00:37+00:00,False,False,never,,,1,1,,,,,0
cv_20260827_dev_0001507,0,flash_sale,,flash_standard,1,2026-05-08 05:05:09+00:00,False,False,never,,,1,1,,,,,0
cv_20260827_dev_0001508,0,flash_sale,,flash_standard,1,2026-05-17 19:32:28+00:00,False,False,never,,,1,1,,,,,0
cv_20260827_dev_0001509,0,flash_sale,,flash_standard,1,2026-05-03 03:44:39+00:00,False,False,never,,,1,1,,,,,0
cv_20260827_dev_0001510,0,flash_sale,,flash_standard,1,2026-05-07 13:07:57+00:00,False,False,never,,,1,1,,,,,0
cv_20260827_dev_0001511,0,flash_sale,,flash_standard,1,2026-05-12 06:49:15+00:00,False,False,never,,,1,1,,,,,0
cv_20260827_dev_0001512,0,flash_sale,,flash_standard,2,2026-05-27 12:41:43+00:00,False,False,never,,,2,2,,,,,0
cv_20260827_dev_0001513,0,flash_sale,,flash_standard,1,2026-05-30 08:36:43+00:00,False,False,never,,,1,1,,,,,0
cv_20260827_dev_0001514,0,flash_sale,,flash_standard,3,2026-05-24 04:53:47+00:00,False,False,never,,,3,3,,,,,0
cv_20260827_dev_0001515,0,flash_sale,,flash_standard,1,2026-05-18 07:52:34+00:00,False,False,never,,,1,1,,,,,0
cv_20260827_dev_0001516,0,flash_sale,,flash_standard,1,2026-05-15 22:53:23+00:00,False,False,never,,,1,1,,,,,0
cv_20260827_dev_0001517,0,flash_sale,,flash_standard,1,2026-05-17 18:27:51+00:00,False,False,never,,,1,1,,,,,0
cv_20260827_dev_0001518,0,flash_sale,,flash_standard,1,2026-05-09 02:35:43+00:00,False,False,never,,,1,1,,,,,0
cv_20260827_dev_0001519,0,flash_sale,,flash_standard,3,2026-05-16 01:31:32+00:00,False,False,never,,,3,3,,,,,0
cv_20260827_dev_0001520,0,flash_sale,,flash_standard,1,2026-05-05 16:53:06+00:00,False,False,never,,,1,1,,,,,0
cv_20260827_dev_0001521,0,flash_sale,,flash_standard,2,2026-05-02 06:56:14+00:00,False,False,never,,,2,2,,,,,0
cv_20260827_dev_0001522,0,flash_sale,,flash_standard,1,2026-05-19 08:17:53+00:00,False,False,never,,,1,1,,,,,0
cv_20260827_dev_0001523,0,flash_sale,,flash_standard,2,2026-05-26 04:48:23+00:00,False,False,never,,,2,2,,,,,0
cv_20260827_dev_0001524,0,flash_sale,,flash_standard,1,2026-05-16 12:45:38+00:00,False,False,never,,,1,1,,,,,0
cv_20260827_dev_0001525,0,flash_sale,,flash_standard,1,2026-05-20 20:25:38+00:00,False,False,never,,,1,1,,,,,0
cv_20260827_dev_0001526,0,flash_sale,,flash_standard,2,2026-05-17 00:38:07+00:00,False,False,never,,,2,2,,,,,0
cv_20260827_dev_0001527,0,flash_sale,,flash_standard,1,2026-05-13 10:25:12+00:00,False,False,never,,,1,1,,,,,0
cv_20260827_dev_0001528,0,flash_sale,,flash_standard,1,2026-05-29 21:59:43+00:00,False,False,never,,,1,1,,,,,0
cv_20260827_dev_0001529,0,flash_sale,,flash_standard,2,2026-05-23 15:47:23+00:00,False,False,never,,,2,2,,,,,0
cv_20260827_dev_0001530,0,flash_sale,,flash_standard,1,2026-05-13 14:41:37+00:00,False,False,never,,,1,1,,,,,0
cv_20260827_dev_0001531,0,flash_sale,,flash_standard,1,2026-05-28 17:06:59+00:00,False,False,never,,,1,1,,,,,0
cv_20260827_dev_0001532,0,flash_sale,,flash_standard,1,2026-05-12 12:33:34+00:00,False,False,never,,,1,1,,,,,0
cv_20260827_dev_0001533,0,flash_sale,,flash_standard,2,2026-05-22 13:04:28+00:00,False,False,never,,,2,2,,,,,0
cv_20260827_dev_0001534,0,flash_sale,,flash_standard,2,2026-05-12 03:00:49+00:00,False,False,never,,,2,2,,,,,0
cv_20260827_dev_0001535,0,flash_sale,,flash_standard,1,2026-05-21 03:42:29+00:00,False,False,never,,,1,1,,,,,0
cv_20260827_dev_0001536,0,flash_sale,,flash_standard,3,2026-05-28 18:15:17+00:00,False,False,never,,,3,3,,,,,0
cv_20260827_dev_0001537,0,flash_sale,,flash_standard,1,2026-05-22 15:53:43+00:00,False,False,never,,,1,1,,,,,0
cv_20260827_dev_0001538,0,flash_sale,,flash_standard,1,2026-05-22 21:52:38+00:00,False,False,never,,,1,1,,,,,0
cv_20260827_dev_0001539,0,flash_sale,,flash_standard,1,2026-05-20 03:12:33+00:00,False,False,never,,,1,1,,,,,0
cv_20260827_dev_0001540,0,flash_sale,,flash_standard,1,2026-05-07 17:52:39+00:00,False,False,never,,,1,1,,,,,0
cv_20260827_dev_0001541,0,flash_sale,,flash_standard,1,2026-05-01 15:58:43+00:00,False,False,never,,,1,1,,,,,0
cv_20260827_dev_0001542,0,flash_sale,,flash_standard,2,2026-05-19 12:25:51+00:00,False,False,never,,,2,2,,,,,0
cv_20260827_dev_0001543,0,flash_sale,,flash_standard,1,2026-05-06 03:47:58+00:00,False,False,never,,,1,1,,,,,0
cv_20260827_dev_0001544,0,flash_sale,,flash_standard,1,2026-05-14 03:37:50+00:00,False,False,never,,,1,1,,,,,0
cv_20260827_dev_0001545,0,flash_sale,,flash_standard,1,2026-05-20 15:16:37+00:00,False,False,never,,,1,1,,,,,0
cv_20260827_dev_0001546,0,flash_sale,,flash_standard,4,2026-05-11 16:58:31+00:00,False,False,never,,,4,4,,,,,0
cv_20260827_dev_0001547,0,flash_sale,,flash_standard,2,2026-05-19 20:53:41+00:00,False,False,never,,,2,2,,,,,0
cv_20260827_dev_0001548,0,flash_sale,,flash_standard,1,2026-05-13 17:22:41+00:00,False,False,never,,,1,1,,,,,0
cv_20260827_dev_0001549,0,flash_sale,,flash_standard,1,2026-05-14 05:40:08+00:00,False,False,never,,,1,1,,,,,0
cv_20260827_dev_0001550,0,flash_sale,,flash_standard,1,2026-05-11 07:32:10+00:00,False,False,never,,,1,1,,,,,0
cv_20260827_dev_0001551,0,flash_sale,,flash_standard,2,2026-05-20 03:28:54+00:00,False,False,never,,,2,2,,,,,0
cv_20260827_dev_0001552,0,flash_sale,,flash_standard,1,2026-05-16 18:02:58+00:00,False,False,never,,,1,1,,,,,0
cv_20260827_dev_0001553,0,flash_sale,,flash_standard,2,2026-05-04 03:02:20+00:00,False,False,never,,,2,2,,,,,0
cv_20260827_dev_0001554,0,flash_sale,,flash_standard,1,2026-05-21 21:02:28+00:00,False,False,never,,,1,1,,,,,0
cv_20260827_dev_0001555,0,flash_sale,,flash_standard,1,2026-05-24 23:03:07+00:00,False,False,never,,,1,1,,,,,0
cv_20260827_dev_0001556,0,flash_sale,,flash_standard,1,2026-05-23 17:37:38+00:00,False,False,never,,,1,1,,,,,0
cv_20260827_dev_0001557,0,flash_sale,,flash_standard,2,2026-05-02 09:13:59+00:00,False,False,never,,,2,2,,,,,0
cv_20260827_dev_0001558,0,flash_sale,,flash_standard,1,2026-05-15 15:36:22+00:00,False,False,never,,,1,1,,,,,0
cv_20260827_dev_0001559,0,flash_sale,,flash_standard,2,2026-05-20 21:39:08+00:00,False,False,never,,,2,2,,,,,0
cv_20260827_dev_0001560,0,flash_sale,,flash_standard,1,2026-05-19 12:52:11+00:00,False,False,never,,,1,1,,,,,0
cv_20260827_dev_0001561,0,flash_sale,,flash_standard,1,2026-05-03 13:12:35+00:00,False,False,never,,,1,1,,,,,0
cv_20260827_dev_0001562,0,flash_sale,,flash_standard,1,2026-05-29 01:24:12+00:00,False,False,never,,,1,1,,,,,0
cv_20260827_dev_0001563,0,flash_sale,,flash_standard,1,2026-05-28 22:27:12+00:00,False,False,never,,,1,1,,,,,0
cv_20260827_dev_0001564,0,flash_sale,,flash_standard,1,2026-05-24 23:19:22+00:00,False,False,never,,,1,1,,,,,0
cv_20260827_dev_0001565,0,flash_sale,,flash_standard,1,2026-05-07 14:06:40+00:00,False,False,never,,,1,1,,,,,0
cv_20260827_dev_0001566,0,flash_sale,,flash_standard,1,2026-05-08 13:45:13+00:00,False,False,never,,,1,1,,,,,0
cv_20260827_dev_0001567,0,flash_sale,,flash_standard,1,2026-05-14 18:44:52+00:00,False,False,never,,,1,1,,,,,0
cv_20260827_dev_0001568,0,flash_sale,,flash_standard,1,2026-05-23 00:01:27+00:00,False,False,never,,,1,1,,,,,0
cv_20260827_dev_0001569,0,flash_sale,,flash_standard,1,2026-05-20 13:37:20+00:00,False,False,never,,,1,1,,,,,0
cv_20260827_dev_0001570,0,flash_sale,,flash_standard,1,2026-05-08 03:31:52+00:00,False,False,never,,,1,1,,,,,0
cv_20260827_dev_0001571,0,flash_sale,,flash_standard,1,2026-05-02 07:47:12+00:00,False,False,never,,,1,1,,,,,0
cv_20260827_dev_0001572,0,flash_sale,,flash_standard,1,2026-05-06 14:31:45+00:00,False,False,never,,,1,1,,,,,0
cv_20260827_dev_0001573,0,flash_sale,,flash_standard,1,2026-05-13 19:55:38+00:00,False,False,never,,,1,1,,,,,0
cv_20260827_dev_0001574,0,flash_sale,,flash_standard,1,2026-05-04 06:06:27+00:00,False,False,never,,,1,1,,,,,0
cv_20260827_dev_0001575,0,flash_sale,,flash_standard,2,2026-05-08 13:12:24+00:00,False,False,never,,,2,2,,,,,0
cv_20260827_dev_0001576,0,flash_sale,,flash_standard,1,2026-05-26 20:40:47+00:00,False,False,never,,,1,1,,,,,0
cv_20260827_dev_0001577,0,flash_sale,,flash_standard,1,2026-05-18 05:28:42+00:00,False,False,never,,,1,1,,,,,0
cv_20260827_dev_0001578,0,flash_sale,,flash_standard,1,2026-05-18 23:01:07+00:00,False,False,never,,,1,1,,,,,0
cv_20260827_dev_0001579,0,flash_sale,,flash_standard,2,2026-05-27 08:46:10+00:00,False,False,never,,,2,2,,,,,0
cv_20260827_dev_0001580,0,flash_sale,,flash_standard,1,2026-05-27 12:43:56+00:00,False,False,never,,,1,1,,,,,0
cv_20260827_dev_0001581,0,flash_sale,,flash_standard,1,2026-05-06 09:59:12+00:00,False,False,never,,,1,1,,,,,0
cv_20260827_dev_0001582,0,flash_sale,,flash_standard,1,2026-05-26 16:38:45+00:00,False,False,never,,,1,1,,,,,0
cv_20260827_dev_0001583,0,flash_sale,,flash_standard,1,2026-05-09 12:54:50+00:00,False,False,never,,,1,1,,,,,0
cv_20260827_dev_0001584,0,flash_sale,,flash_standard,1,2026-05-29 17:00:40+00:00,False,False,never,,,1,1,,,,,0
cv_20260827_dev_0001585,0,flash_sale,,flash_standard,1,2026-05-08 06:06:23+00:00,False,False,never,,,1,1,,,,,0
cv_20260827_dev_0001586,0,flash_sale,,flash_standard,1,2026-05-23 19:43:32+00:00,False,False,never,,,1,1,,,,,0
cv_20260827_dev_0001587,0,flash_sale,,flash_standard,2,2026-05-30 06:17:19+00:00,False,False,never,,,2,2,,,,,0
cv_20260827_dev_0001588,0,flash_sale,,flash_standard,1,2026-05-13 06:37:20+00:00,False,False,never,,,1,1,,,,,0
cv_20260827_dev_0001589,0,flash_sale,,flash_standard,1,2026-05-29 14:35:52+00:00,False,False,never,,,1,1,,,,,0
cv_20260827_dev_0001590,0,flash_sale,,flash_standard,1,2026-05-16 16:00:02+00:00,False,False,never,,,1,1,,,,,0
cv_20260827_dev_0001591,0,flash_sale,,flash_standard,1,2026-05-30 04:37:22+00:00,False,False,never,,,1,1,,,,,0
cv_20260827_dev_0001592,0,flash_sale,,flash_standard,1,2026-05-19 19:40:58+00:00,False,False,never,,,1,1,,,,,0
cv_20260827_dev_0001593,0,flash_sale,,flash_standard,1,2026-05-25 09:55:28+00:00,False,False,never,,,1,1,,,,,0
cv_20260827_dev_0001594,0,flash_sale,,flash_standard,2,2026-05-08 01:12:50+00:00,False,False,never,,,2,2,,,,,0
cv_20260827_dev_0001595,0,flash_sale,,flash_standard,1,2026-05-15 23:43:25+00:00,False,False,never,,,1,1,,,,,0
cv_20260827_dev_0001596,0,flash_sale,,flash_standard,1,2026-05-26 14:10:18+00:00,False,False,never,,,1,1,,,,,0
cv_20260827_dev_0001597,0,flash_sale,,flash_standard,1,2026-05-25 02:48:26+00:00,False,False,never,,,1,1,,,,,0
cv_20260827_dev_0001598,0,flash_sale,,flash_standard,1,2026-05-19 07:16:12+00:00,False,False,never,,,1,1,,,,,0
cv_20260827_dev_0001599,0,flash_sale,,flash_standard,1,2026-05-12 22:42:31+00:00,False,False,never,,,1,1,,,,,0
cv_20260827_dev_0001600,0,flash_sale,,flash_standard,1,2026-05-30 17:58:15+00:00,False,False,never,,,1,1,,,,,0
cv_20260827_dev_0001601,0,flash_sale,,flash_hard_retry,3,2026-05-05 17:35:27+00:00,False,False,never,,,3,3,,,,,0
cv_20260827_dev_0001602,0,flash_sale,,flash_hard_retry,3,2026-05-01 10:57:04+00:00,False,False,never,,,3,3,,,,,0
cv_20260827_dev_0001603,0,flash_sale,,flash_hard_retry,3,2026-05-07 22:40:36+00:00,False,False,never,,,3,3,,,,,0
cv_20260827_dev_0001604,0,flash_sale,,flash_hard_retry,6,2026-05-06 13:49:25+00:00,False,False,never,,,6,6,,,,,0
cv_20260827_dev_0001605,0,flash_sale,,flash_hard_retry,4,2026-05-14 23:33:32+00:00,False,False,never,,,4,4,,,,,0
cv_20260827_dev_0001606,0,flash_sale,,flash_hard_retry,3,2026-05-28 13:13:36+00:00,False,False,never,,,3,3,,,,,0
cv_20260827_dev_0001607,0,flash_sale,,flash_hard_retry,3,2026-05-25 04:21:06+00:00,False,False,never,,,3,3,,,,,0
cv_20260827_dev_0001608,0,flash_sale,,flash_hard_retry,3,2026-05-10 05:23:59+00:00,False,False,never,,,3,3,,,,,0
cv_20260827_dev_0001609,0,flash_sale,,flash_hard_retry,3,2026-05-13 08:58:21+00:00,False,False,never,,,3,3,,,,,0
cv_20260827_dev_0001610,0,flash_sale,,flash_hard_retry,3,2026-05-07 15:02:41+00:00,False,False,never,,,3,3,,,,,0
cv_20260827_dev_0001611,0,flash_sale,,flash_hard_retry,6,2026-05-13 18:27:19+00:00,False,False,never,,,6,6,,,,,0
cv_20260827_dev_0001612,0,flash_sale,,flash_hard_retry,6,2026-05-20 00:07:46+00:00,False,False,never,,,6,6,,,,,0
cv_20260827_dev_0001613,0,flash_sale,,flash_hard_retry,3,2026-05-24 09:53:33+00:00,False,False,never,,,3,3,,,,,0
cv_20260827_dev_0001614,0,flash_sale,,flash_hard_retry,6,2026-05-08 02:54:33+00:00,False,False,never,,,6,6,,,,,0
cv_20260827_dev_0001615,0,flash_sale,,flash_hard_retry,6,2026-05-25 19:24:35+00:00,False,False,never,,,6,6,,,,,0
cv_20260827_dev_0001616,0,flash_sale,,flash_hard_retry,3,2026-05-25 19:37:16+00:00,False,False,never,,,3,3,,,,,0
cv_20260827_dev_0001617,0,flash_sale,,flash_hard_retry,3,2026-05-13 02:23:02+00:00,False,False,never,,,3,3,,,,,0
cv_20260827_dev_0001618,0,flash_sale,,flash_hard_retry,3,2026-05-09 20:16:50+00:00,False,False,never,,,3,3,,,,,0
cv_20260827_dev_0001619,0,flash_sale,,flash_hard_retry,6,2026-05-08 02:59:15+00:00,False,False,never,,,6,6,,,,,0
cv_20260827_dev_0001620,0,flash_sale,,flash_hard_retry,4,2026-05-05 02:49:14+00:00,False,False,never,,,4,4,,,,,0
cv_20260827_dev_0001621,0,flash_sale,,flash_hard_retry,3,2026-05-17 12:51:41+00:00,False,False,never,,,3,3,,,,,0
cv_20260827_dev_0001622,0,flash_sale,,flash_hard_retry,3,2026-05-01 00:04:25+00:00,False,False,never,,,3,3,,,,,0
cv_20260827_dev_0001623,0,flash_sale,,flash_hard_retry,3,2026-05-15 14:17:54+00:00,False,False,never,,,3,3,,,,,0
cv_20260827_dev_0001624,0,flash_sale,,flash_hard_retry,3,2026-05-17 13:20:59+00:00,False,False,never,,,3,3,,,,,0
cv_20260827_dev_0001625,0,flash_sale,,flash_hard_retry,6,2026-05-24 23:56:50+00:00,False,False,never,,,6,6,,,,,0
cv_20260827_dev_0001626,0,flash_sale,,flash_hard_retry,3,2026-05-12 14:16:23+00:00,False,False,never,,,3,3,,,,,0
cv_20260827_dev_0001627,0,flash_sale,,flash_hard_retry,3,2026-05-23 21:10:15+00:00,False,False,never,,,3,3,,,,,0
cv_20260827_dev_0001628,0,flash_sale,,flash_hard_retry,3,2026-05-30 23:57:40+00:00,False,False,never,,,3,3,,,,,0
cv_20260827_dev_0001629,0,flash_sale,,flash_hard_retry,3,2026-05-21 21:18:06+00:00,False,False,never,,,3,3,,,,,0
cv_20260827_dev_0001630,0,flash_sale,,flash_hard_retry,6,2026-05-26 11:35:02+00:00,False,False,never,,,6,6,,,,,0
cv_20260827_dev_0001631,0,flash_sale,,flash_hard_retry,7,2026-05-02 20:52:50+00:00,False,False,never,,,7,7,,,,,0
cv_20260827_dev_0001632,0,flash_sale,,flash_hard_retry,3,2026-05-13 16:32:52+00:00,False,False,never,,,3,3,,,,,0
cv_20260827_dev_0001633,0,flash_sale,,flash_hard_retry,3,2026-05-01 10:44:39+00:00,False,False,never,,,3,3,,,,,0
cv_20260827_dev_0001634,0,flash_sale,,flash_hard_retry,3,2026-05-07 01:54:59+00:00,False,False,never,,,3,3,,,,,0
cv_20260827_dev_0001635,0,flash_sale,,flash_hard_retry,3,2026-05-11 02:47:36+00:00,False,False,never,,,3,3,,,,,0
cv_20260827_dev_0001636,0,flash_sale,,flash_hard_retry,4,2026-05-21 13:28:24+00:00,False,False,never,,,4,4,,,,,0
cv_20260827_dev_0001637,0,flash_sale,,flash_hard_retry,3,2026-05-12 00:53:13+00:00,False,False,never,,,3,3,,,,,0
cv_20260827_dev_0001638,0,flash_sale,,flash_hard_retry,3,2026-05-04 13:49:57+00:00,False,False,never,,,3,3,,,,,0
cv_20260827_dev_0001639,0,flash_sale,,flash_hard_retry,3,2026-05-08 19:53:03+00:00,False,False,never,,,3,3,,,,,0
cv_20260827_dev_0001640,0,flash_sale,,flash_hard_retry,3,2026-05-19 00:06:28+00:00,False,False,never,,,3,3,,,,,0
cv_20260827_dev_0001641,0,flash_sale,,flash_hard_retry,3,2026-05-28 22:06:22+00:00,False,False,never,,,3,3,,,,,0
cv_20260827_dev_0001642,0,flash_sale,,flash_hard_retry,3,2026-05-03 16:43:14+00:00,False,False,never,,,3,3,,,,,0
cv_20260827_dev_0001643,0,flash_sale,,flash_hard_retry,3,2026-05-18 19:29:17+00:00,False,False,never,,,3,3,,,,,0
cv_20260827_dev_0001644,0,flash_sale,,flash_hard_retry,4,2026-05-25 20:28:09+00:00,False,False,never,,,4,4,,,,,0
cv_20260827_dev_0001645,0,flash_sale,,flash_hard_retry,3,2026-05-24 12:22:46+00:00,False,False,never,,,3,3,,,,,0
cv_20260827_dev_0001646,0,flash_sale,,flash_hard_retry,3,2026-05-03 07:21:29+00:00,False,False,never,,,3,3,,,,,0
cv_20260827_dev_0001647,0,flash_sale,,flash_hard_retry,3,2026-05-30 08:09:29+00:00,False,False,never,,,3,3,,,,,0
cv_20260827_dev_0001648,0,flash_sale,,flash_hard_retry,3,2026-05-04 08:31:35+00:00,False,False,never,,,3,3,,,,,0
cv_20260827_dev_0001649,0,flash_sale,,flash_hard_retry,3,2026-05-26 07:58:57+00:00,False,False,never,,,3,3,,,,,0
cv_20260827_dev_0001650,0,flash_sale,,flash_hard_retry,4,2026-05-01 13:09:30+00:00,False,False,never,,,4,4,,,,,0
cv_20260827_dev_0001651,0,flash_sale,,flash_hard_retry,3,2026-05-28 18:42:00+00:00,False,False,never,,,3,3,,,,,0
cv_20260827_dev_0001652,0,flash_sale,,flash_hard_retry,3,2026-05-14 03:06:59+00:00,False,False,never,,,3,3,,,,,0
cv_20260827_dev_0001653,0,flash_sale,,flash_hard_retry,7,2026-05-03 13:03:22+00:00,False,False,never,,,7,7,,,,,0
cv_20260827_dev_0001654,0,flash_sale,,flash_hard_retry,3,2026-05-18 05:25:24+00:00,False,False,never,,,3,3,,,,,0
cv_20260827_dev_0001655,0,flash_sale,,flash_hard_retry,3,2026-05-13 01:22:51+00:00,False,False,never,,,3,3,,,,,0
cv_20260827_dev_0001656,0,flash_sale,,flash_hard_retry,6,2026-05-18 12:26:47+00:00,False,False,never,,,6,6,,,,,0
cv_20260827_dev_0001657,0,flash_sale,,flash_hard_retry,4,2026-05-08 19:53:39+00:00,False,False,never,,,4,4,,,,,0
cv_20260827_dev_0001658,0,flash_sale,,flash_hard_retry,3,2026-05-05 10:46:41+00:00,False,False,never,,,3,3,,,,,0
cv_20260827_dev_0001659,0,flash_sale,,flash_hard_retry,4,2026-05-12 18:25:27+00:00,False,False,never,,,4,4,,,,,0
cv_20260827_dev_0001660,0,flash_sale,,flash_hard_retry,6,2026-05-22 13:14:07+00:00,False,False,never,,,6,6,,,,,0
cv_20260827_dev_0001661,0,flash_sale,,flash_hard_retry,3,2026-05-04 02:13:23+00:00,False,False,never,,,3,3,,,,,0
cv_20260827_dev_0001662,0,flash_sale,,flash_hard_retry,3,2026-05-24 07:06:20+00:00,False,False,never,,,3,3,,,,,0
cv_20260827_dev_0001663,0,flash_sale,,flash_hard_retry,3,2026-05-15 17:36:46+00:00,False,False,never,,,3,3,,,,,0
cv_20260827_dev_0001664,0,flash_sale,,flash_hard_retry,3,2026-05-12 17:15:33+00:00,False,False,never,,,3,3,,,,,0
cv_20260827_dev_0001665,0,flash_sale,,flash_hard_retry,3,2026-05-16 17:53:36+00:00,False,False,never,,,3,3,,,,,0
cv_20260827_dev_0001666,0,flash_sale,,flash_hard_retry,3,2026-05-14 05:01:22+00:00,False,False,never,,,3,3,,,,,0
cv_20260827_dev_0001667,0,flash_sale,,flash_hard_retry,3,2026-05-08 09:11:45+00:00,False,False,never,,,3,3,,,,,0
cv_20260827_dev_0001668,0,flash_sale,,flash_hard_retry,3,2026-05-17 05:37:09+00:00,False,False,never,,,3,3,,,,,0
cv_20260827_dev_0001669,0,flash_sale,,flash_hard_retry,3,2026-05-18 01:46:42+00:00,False,False,never,,,3,3,,,,,0
cv_20260827_dev_0001670,0,flash_sale,,flash_hard_retry,3,2026-05-05 20:07:54+00:00,False,False,never,,,3,3,,,,,0
cv_20260827_dev_0001671,0,flash_sale,,flash_hard_retry,3,2026-05-16 08:23:32+00:00,False,False,never,,,3,3,,,,,0
cv_20260827_dev_0001672,0,flash_sale,,flash_hard_retry,3,2026-05-06 10:27:22+00:00,False,False,never,,,3,3,,,,,0
cv_20260827_dev_0001673,0,flash_sale,,flash_hard_retry,4,2026-05-30 03:04:57+00:00,False,False,never,,,4,4,,,,,0
cv_20260827_dev_0001674,0,flash_sale,,flash_hard_retry,3,2026-05-25 11:35:56+00:00,False,False,never,,,3,3,,,,,0
cv_20260827_dev_0001675,0,flash_sale,,flash_hard_retry,3,2026-05-04 23:04:03+00:00,False,False,never,,,3,3,,,,,0
cv_20260827_dev_0001676,0,flash_sale,,flash_hard_retry,3,2026-05-18 11:54:53+00:00,False,False,never,,,3,3,,,,,0
cv_20260827_dev_0001677,0,flash_sale,,flash_hard_retry,3,2026-05-07 07:37:40+00:00,False,False,never,,,3,3,,,,,0
cv_20260827_dev_0001678,0,flash_sale,,flash_hard_retry,6,2026-05-26 20:15:22+00:00,False,False,never,,,6,6,,,,,0
cv_20260827_dev_0001679,0,flash_sale,,flash_hard_retry,6,2026-05-14 02:52:28+00:00,False,False,never,,,6,6,,,,,0
cv_20260827_dev_0001680,0,flash_sale,,flash_hard_retry,3,2026-05-26 21:15:33+00:00,False,False,never,,,3,3,,,,,0
cv_20260827_dev_0001681,0,flash_sale,,flash_hard_retry,3,2026-05-13 11:33:28+00:00,False,False,never,,,3,3,,,,,0
cv_20260827_dev_0001682,0,flash_sale,,flash_hard_retry,6,2026-05-02 04:22:34+00:00,False,False,never,,,6,6,,,,,0
cv_20260827_dev_0001683,0,flash_sale,,flash_hard_retry,3,2026-05-14 17:03:17+00:00,False,False,never,,,3,3,,,,,0
cv_20260827_dev_0001684,0,flash_sale,,flash_hard_retry,6,2026-05-25 16:25:21+00:00,False,False,never,,,6,6,,,,,0
cv_20260827_dev_0001685,0,flash_sale,,flash_hard_retry,3,2026-05-22 17:41:06+00:00,False,False,never,,,3,3,,,,,0
cv_20260827_dev_0001686,0,flash_sale,,flash_hard_retry,9,2026-05-28 14:54:38+00:00,False,False,never,,,9,9,,,,,0
cv_20260827_dev_0001687,0,flash_sale,,flash_hard_retry,3,2026-05-02 10:59:34+00:00,False,False,never,,,3,3,,,,,0
cv_20260827_dev_0001688,0,flash_sale,,flash_hard_retry,3,2026-05-11 19:46:48+00:00,False,False,never,,,3,3,,,,,0
cv_20260827_dev_0001689,0,flash_sale,,flash_hard_retry,3,2026-05-28 18:41:08+00:00,False,False,never,,,3,3,,,,,0
cv_20260827_dev_0001690,0,flash_sale,,flash_hard_retry,3,2026-05-04 18:33:38+00:00,False,False,never,,,3,3,,,,,0
cv_20260827_dev_0001691,0,flash_sale,,flash_hard_retry,3,2026-05-28 20:53:33+00:00,False,False,never,,,3,3,,,,,0
cv_20260827_dev_0001692,0,flash_sale,,flash_hard_retry,3,2026-05-08 05:21:33+00:00,False,False,never,,,3,3,,,,,0
cv_20260827_dev_0001693,0,flash_sale,,flash_hard_retry,3,2026-05-17 17:21:20+00:00,False,False,never,,,3,3,,,,,0
cv_20260827_dev_0001694,0,flash_sale,,flash_hard_retry,3,2026-05-25 21:27:32+00:00,False,False,never,,,3,3,,,,,0
cv_20260827_dev_0001695,0,flash_sale,,flash_hard_retry,3,2026-05-05 22:06:08+00:00,False,False,never,,,3,3,,,,,0
cv_20260827_dev_0001696,0,flash_sale,,flash_hard_retry,3,2026-05-07 16:44:17+00:00,False,False,never,,,3,3,,,,,0
cv_20260827_dev_0001697,0,flash_sale,,flash_hard_retry,3,2026-05-15 07:42:05+00:00,False,False,never,,,3,3,,,,,0
cv_20260827_dev_0001698,0,flash_sale,,flash_hard_retry,3,2026-05-07 19:14:07+00:00,False,False,never,,,3,3,,,,,0
cv_20260827_dev_0001699,0,flash_sale,,flash_hard_retry,3,2026-05-16 21:59:25+00:00,False,False,never,,,3,3,,,,,0
cv_20260827_dev_0001700,0,flash_sale,,flash_hard_retry,3,2026-05-26 22:09:38+00:00,False,False,never,,,3,3,,,,,0
cv_20260827_dev_0001701,1,attack,burst,attack_burst,9,2026-05-15 09:17:02+00:00,True,True,review,5,6,5,4,4,4,13,15,3
cv_20260827_dev_0001702,1,attack,burst,attack_burst,20,2026-05-13 13:02:03+00:00,True,True,review,5,6,5,4,2,2,15,18,14
cv_20260827_dev_0001703,1,attack,burst,attack_burst,10,2026-05-16 18:45:20+00:00,True,True,review,6,7,6,5,2,2,68,82,3
cv_20260827_dev_0001704,1,attack,burst,attack_burst,6,2026-05-13 15:38:24+00:00,True,True,review,5,6,5,4,2,2,54,71,0
cv_20260827_dev_0001705,1,attack,burst,attack_burst,11,2026-05-08 18:57:04+00:00,True,True,review,5,6,5,4,3,2,11,13,5
cv_20260827_dev_0001706,1,attack,burst,attack_burst,6,2026-05-16 02:23:03+00:00,True,False,review,6,,6,5,3,3,10,,0
cv_20260827_dev_0001707,1,attack,burst,attack_burst,12,2026-05-27 06:12:01+00:00,True,True,review,4,6,4,3,4,3,5,12,6
cv_20260827_dev_0001708,1,attack,burst,attack_burst,12,2026-05-03 07:03:01+00:00,True,True,review,5,6,5,3,2,1,9,13,6
cv_20260827_dev_0001709,1,attack,burst,attack_burst,6,2026-05-01 07:56:02+00:00,True,False,review,6,,6,5,2,2,12,,0
cv_20260827_dev_0001710,1,attack,burst,attack_burst,31,2026-05-14 21:47:04+00:00,True,True,review,6,7,6,5,3,3,13,15,24
cv_20260827_dev_0001711,1,attack,burst,attack_burst,9,2026-05-05 03:42:02+00:00,True,True,review,5,6,5,4,2,2,8,11,3
cv_20260827_dev_0001712,1,attack,burst,attack_burst,11,2026-05-28 18:52:03+00:00,True,True,review,5,6,5,3,3,1,7,10,5
cv_20260827_dev_0001713,1,attack,burst,attack_burst,12,2026-05-22 14:11:04+00:00,True,True,review,5,7,5,4,2,2,12,18,5
cv_20260827_dev_0001714,1,attack,burst,attack_burst,12,2026-05-30 06:29:04+00:00,True,True,review,5,6,5,4,2,2,10,13,6
cv_20260827_dev_0001715,1,attack,burst,attack_burst,10,2026-05-22 19:50:02+00:00,True,True,review,5,7,5,4,2,1,13,19,3
cv_20260827_dev_0001716,1,attack,burst,attack_burst,11,2026-05-30 21:43:04+00:00,True,True,review,6,7,6,4,3,2,11,13,4
cv_20260827_dev_0001717,1,attack,burst,attack_burst,8,2026-05-30 03:38:02+00:00,True,True,review,4,6,4,2,4,2,7,13,2
cv_20260827_dev_0001718,1,attack,burst,attack_burst,7,2026-05-01 04:15:02+00:00,True,True,review,6,7,6,5,3,3,12,15,0
cv_20260827_dev_0001719,1,attack,burst,attack_burst,19,2026-05-26 23:41:23+00:00,True,True,review,6,7,6,5,3,2,74,84,12
cv_20260827_dev_0001720,1,attack,burst,attack_burst,6,2026-05-30 10:25:01+00:00,True,False,review,5,,5,4,2,2,15,,0
cv_20260827_dev_0001721,1,attack,burst,attack_burst,8,2026-05-08 11:56:24+00:00,True,True,review,5,6,5,4,3,2,70,87,2
cv_20260827_dev_0001722,1,attack,burst,attack_burst,11,2026-05-21 07:48:02+00:00,True,True,review,5,6,5,4,3,2,11,12,5
cv_20260827_dev_0001723,1,attack,burst,attack_burst,8,2026-05-06 12:08:04+00:00,True,True,review,6,7,6,5,3,3,12,16,1
cv_20260827_dev_0001724,1,attack,burst,attack_burst,7,2026-05-12 08:50:04+00:00,True,True,review,6,7,6,5,2,2,8,11,0
cv_20260827_dev_0001725,1,attack,burst,attack_burst,8,2026-05-14 16:14:19+00:00,True,True,review,6,8,6,5,3,3,87,122,0
cv_20260827_dev_0001726,1,attack,burst,attack_burst,8,2026-05-23 06:11:03+00:00,True,True,block,6,6,6,5,4,3,7,7,2
cv_20260827_dev_0001727,1,attack,burst,attack_burst,9,2026-05-13 23:47:03+00:00,True,True,review,5,6,5,3,1,1,8,11,3
cv_20260827_dev_0001728,1,attack,burst,attack_burst,11,2026-05-19 08:36:01+00:00,True,True,review,6,7,6,5,3,3,12,13,4
cv_20260827_dev_0001729,1,attack,burst,attack_burst,8,2026-05-27 17:37:04+00:00,True,True,review,4,5,4,2,1,1,7,10,3
cv_20260827_dev_0001730,1,attack,burst,attack_burst,7,2026-05-05 08:42:02+00:00,True,True,review,6,7,6,4,3,2,11,13,0
cv_20260827_dev_0001731,1,attack,burst,attack_burst,8,2026-05-22 18:18:04+00:00,True,True,review,5,6,5,4,2,2,7,8,2
cv_20260827_dev_0001732,1,attack,burst,attack_burst,7,2026-05-13 19:15:04+00:00,True,True,review,5,7,5,4,1,1,15,21,0
cv_20260827_dev_0001733,1,attack,burst,attack_burst,7,2026-05-08 02:36:03+00:00,True,True,review,5,6,5,3,3,3,12,14,1
cv_20260827_dev_0001734,1,attack,burst,attack_burst,9,2026-05-04 09:13:02+00:00,True,True,review,5,6,5,4,4,3,12,14,3
cv_20260827_dev_0001735,1,attack,burst,attack_burst,6,2026-05-24 08:44:04+00:00,True,False,review,6,,6,5,3,3,13,,0
cv_20260827_dev_0001736,1,attack,burst,attack_burst,12,2026-05-24 23:42:01+00:00,True,True,review,6,7,6,5,2,2,9,10,5
cv_20260827_dev_0001737,1,attack,burst,attack_burst,8,2026-05-20 12:34:10+00:00,True,True,review,6,7,6,5,1,1,74,97,1
cv_20260827_dev_0001738,1,attack,burst,attack_burst,7,2026-05-19 10:00:04+00:00,True,True,review,5,6,5,4,3,2,9,11,1
cv_20260827_dev_0001739,1,attack,burst,attack_burst,8,2026-05-29 22:09:03+00:00,True,True,review,5,6,5,4,1,1,11,13,2
cv_20260827_dev_0001740,1,attack,burst,attack_burst,18,2026-05-16 05:48:03+00:00,True,True,review,5,6,5,4,4,3,12,15,12
cv_20260827_dev_0001741,1,attack,burst,attack_burst,7,2026-05-24 13:45:14+00:00,True,True,review,6,7,6,5,3,3,83,94,0
cv_20260827_dev_0001742,1,attack,burst,attack_burst,11,2026-05-01 01:35:04+00:00,True,True,review,5,6,5,4,2,1,11,14,5
cv_20260827_dev_0001743,1,attack,burst,attack_burst,10,2026-05-27 06:34:24+00:00,True,True,review,6,7,6,5,3,3,76,99,3
cv_20260827_dev_0001744,1,attack,burst,attack_burst,12,2026-05-13 05:52:02+00:00,True,True,review,5,6,5,4,1,1,12,16,6
cv_20260827_dev_0001745,1,attack,burst,attack_burst,12,2026-05-26 23:24:02+00:00,True,True,review,4,7,4,3,3,2,6,11,5
cv_20260827_dev_0001746,1,attack,burst,attack_burst,6,2026-05-01 06:01:01+00:00,True,True,review,5,6,5,3,3,3,10,14,0
cv_20260827_dev_0001747,1,attack,burst,attack_burst,7,2026-05-13 01:08:04+00:00,True,True,review,5,6,5,4,4,3,11,14,1
cv_20260827_dev_0001748,1,attack,burst,attack_burst,7,2026-05-08 01:01:02+00:00,True,True,review,5,6,5,3,3,2,7,8,1
cv_20260827_dev_0001749,1,attack,burst,attack_burst,12,2026-05-11 10:37:18+00:00,True,True,review,5,6,5,4,3,2,47,64,6
cv_20260827_dev_0001750,1,attack,burst,attack_burst,12,2026-05-11 21:05:02+00:00,True,True,review,5,6,5,4,2,2,10,11,6
cv_20260827_dev_0001751,1,attack,burst,attack_burst,7,2026-05-06 22:00:04+00:00,True,True,review,5,6,5,4,3,2,8,10,1
cv_20260827_dev_0001752,1,attack,burst,attack_burst,8,2026-05-12 07:22:02+00:00,True,True,review,5,6,5,4,1,1,11,13,2
cv_20260827_dev_0001753,1,attack,burst,attack_burst,6,2026-05-28 19:12:03+00:00,True,True,review,5,6,5,3,2,2,8,9,0
cv_20260827_dev_0001754,1,attack,burst,attack_burst,17,2026-05-22 13:22:01+00:00,True,True,review,5,6,5,4,3,2,10,14,11
cv_20260827_dev_0001755,1,attack,burst,attack_burst,10,2026-05-24 23:23:01+00:00,True,True,review,5,6,5,4,1,1,11,13,4
cv_20260827_dev_0001756,1,attack,burst,attack_burst,22,2026-05-18 11:23:21+00:00,True,True,review,5,7,5,4,1,1,59,93,15
cv_20260827_dev_0001757,1,attack,burst,attack_burst,18,2026-05-23 16:21:01+00:00,True,True,review,5,6,5,3,2,2,12,14,12
cv_20260827_dev_0001758,1,attack,burst,attack_burst,8,2026-05-30 16:35:20+00:00,True,True,review,5,6,5,4,3,3,59,82,2
cv_20260827_dev_0001759,1,attack,burst,attack_burst,11,2026-05-16 20:35:02+00:00,True,True,review,5,6,5,4,3,2,9,12,5
cv_20260827_dev_0001760,1,attack,burst,attack_burst,11,2026-05-13 08:01:02+00:00,True,True,review,5,6,5,4,3,3,11,14,5
cv_20260827_dev_0001761,1,attack,burst,attack_burst,10,2026-05-30 17:27:12+00:00,True,True,review,5,6,5,4,2,2,65,86,4
cv_20260827_dev_0001762,1,attack,burst,attack_burst,10,2026-05-04 03:24:03+00:00,True,True,review,6,7,6,5,3,3,14,17,3
cv_20260827_dev_0001763,1,attack,burst,attack_burst,11,2026-05-08 03:31:01+00:00,True,True,review,5,6,5,4,3,2,9,10,5
cv_20260827_dev_0001764,1,attack,burst,attack_burst,6,2026-05-08 09:47:04+00:00,True,False,review,6,,6,4,2,2,10,,0
cv_20260827_dev_0001765,1,attack,burst,attack_burst,18,2026-05-05 03:02:02+00:00,True,True,review,5,8,5,4,2,1,9,259202,10
cv_20260827_dev_0001766,1,attack,burst,attack_burst,18,2026-05-24 07:11:04+00:00,True,True,review,5,6,5,4,3,2,7,10,12
cv_20260827_dev_0001767,1,attack,burst,attack_burst,11,2026-05-01 13:35:01+00:00,True,True,review,5,6,5,4,2,1,9,10,5
cv_20260827_dev_0001768,1,attack,burst,attack_burst,10,2026-05-28 08:32:02+00:00,True,True,review,5,6,5,4,3,2,11,14,4
cv_20260827_dev_0001769,1,attack,burst,attack_burst,6,2026-05-21 13:05:03+00:00,True,True,block,5,5,5,3,3,2,9,9,1
cv_20260827_dev_0001770,1,attack,burst,attack_burst,18,2026-05-20 16:00:02+00:00,True,True,review,5,6,5,4,4,3,9,10,12
cv_20260827_dev_0001771,1,attack,burst,attack_burst,11,2026-05-30 10:03:01+00:00,True,True,review,5,6,5,4,3,3,14,15,5
cv_20260827_dev_0001772,1,attack,burst,attack_burst,6,2026-05-01 01:48:04+00:00,True,False,review,6,,6,5,3,2,12,,0
cv_20260827_dev_0001773,1,attack,burst,attack_burst,7,2026-05-24 01:25:02+00:00,True,True,review,6,7,6,5,1,1,14,16,0
cv_20260827_dev_0001774,1,attack,burst,attack_burst,18,2026-05-15 16:52:03+00:00,True,True,review,5,7,5,4,4,3,10,13,11
cv_20260827_dev_0001775,1,attack,burst,attack_burst,10,2026-05-13 06:43:03+00:00,True,True,review,5,7,5,4,2,2,10,16,3
cv_20260827_dev_0001776,1,attack,burst,attack_burst,18,2026-05-17 11:33:03+00:00,True,True,review,5,7,5,4,3,3,9,172800,11
cv_20260827_dev_0001777,1,attack,burst,attack_burst,9,2026-05-08 04:20:03+00:00,True,True,review,4,7,4,3,3,2,6,15,2
cv_20260827_dev_0001778,1,attack,burst,attack_burst,7,2026-05-30 13:56:01+00:00,True,True,review,6,7,6,5,2,2,11,13,0
cv_20260827_dev_0001779,1,attack,burst,attack_burst,12,2026-05-17 07:38:13+00:00,True,True,review,5,6,5,4,2,1,75,99,6
cv_20260827_dev_0001780,1,attack,burst,attack_burst,8,2026-05-22 09:50:04+00:00,True,True,review,7,8,7,6,3,3,12,13,0
cv_20260827_dev_0001781,1,attack,burst,attack_burst,12,2026-05-10 23:36:04+00:00,True,True,review,5,7,5,3,3,2,9,14,5
cv_20260827_dev_0001782,1,attack,burst,attack_burst,10,2026-05-23 04:46:01+00:00,True,True,review,6,7,6,5,2,2,13,14,3
cv_20260827_dev_0001783,1,attack,burst,attack_burst,9,2026-05-02 02:13:13+00:00,True,True,review,5,7,5,4,2,2,74,109,2
cv_20260827_dev_0001784,1,attack,burst,attack_burst,12,2026-05-26 19:57:02+00:00,True,True,review,5,6,5,4,2,1,14,16,6
cv_20260827_dev_0001785,1,attack,burst,attack_burst,9,2026-05-07 05:32:01+00:00,True,True,review,4,6,4,3,3,2,8,14,3
cv_20260827_dev_0001786,1,attack,burst,attack_burst,12,2026-05-27 11:21:01+00:00,True,True,review,6,7,6,5,4,4,13,14,5
cv_20260827_dev_0001787,1,attack,burst,attack_burst,10,2026-05-15 15:52:04+00:00,True,True,review,7,8,7,5,2,1,16,19,2
cv_20260827_dev_0001788,1,attack,burst,attack_burst,10,2026-05-02 23:11:02+00:00,True,True,review,6,7,6,5,3,3,14,18,3
cv_20260827_dev_0001789,1,attack,burst,attack_burst,9,2026-05-14 05:16:01+00:00,True,True,review,4,6,4,3,3,3,6,12,3
cv_20260827_dev_0001790,1,attack,burst,attack_burst,7,2026-05-10 05:34:03+00:00,True,True,review,5,6,5,4,1,1,10,13,1
cv_20260827_dev_0001791,1,attack,burst,attack_burst,8,2026-05-08 00:08:01+00:00,True,True,review,6,7,6,5,3,3,8,10,1
cv_20260827_dev_0001792,1,attack,burst,attack_burst,6,2026-05-06 09:24:02+00:00,True,True,review,5,6,5,4,2,2,10,14,0
cv_20260827_dev_0001793,1,attack,burst,attack_burst,12,2026-05-18 06:41:03+00:00,True,True,review,6,7,6,3,3,2,11,15,5
cv_20260827_dev_0001794,1,attack,burst,attack_burst,11,2026-05-27 01:48:15+00:00,True,True,review,5,6,5,4,2,2,56,77,5
cv_20260827_dev_0001795,1,attack,burst,attack_burst,7,2026-05-13 07:56:03+00:00,True,True,review,5,6,5,4,3,2,10,12,1
cv_20260827_dev_0001796,1,attack,burst,attack_burst,22,2026-05-15 14:10:04+00:00,True,True,review,5,6,5,4,2,2,10,14,16
cv_20260827_dev_0001797,1,attack,burst,attack_burst,12,2026-05-08 22:04:04+00:00,True,True,review,4,6,4,3,4,3,8,13,6
cv_20260827_dev_0001798,1,attack,burst,attack_burst,11,2026-05-16 14:43:03+00:00,True,True,review,5,6,5,4,1,1,13,14,5
cv_20260827_dev_0001799,1,attack,burst,attack_burst,12,2026-05-19 16:48:22+00:00,True,True,review,5,6,5,4,2,2,63,77,6
cv_20260827_dev_0001800,1,attack,burst,attack_burst,7,2026-05-24 14:32:13+00:00,True,True,review,6,7,6,5,2,2,87,105,0
cv_20260827_dev_0001801,1,attack,burst,attack_burst,6,2026-05-05 02:49:04+00:00,True,False,review,5,,5,4,2,1,10,,0
cv_20260827_dev_0001802,1,attack,burst,attack_burst,7,2026-05-22 22:13:02+00:00,True,True,review,5,6,5,4,3,3,11,14,1
cv_20260827_dev_0001803,1,attack,burst,attack_burst,6,2026-05-23 23:45:03+00:00,True,True,block,6,6,6,5,5,4,10,10,0
cv_20260827_dev_0001804,1,attack,burst,attack_burst,9,2026-05-01 13:13:22+00:00,True,True,review,5,6,5,4,2,2,73,81,3
cv_20260827_dev_0001805,1,attack,burst,attack_burst,8,2026-05-23 13:23:02+00:00,True,True,review,5,6,5,4,1,1,10,14,2
cv_20260827_dev_0001806,1,attack,burst,attack_burst,12,2026-05-02 01:34:04+00:00,True,True,review,6,7,6,5,4,3,14,15,5
cv_20260827_dev_0001807,1,attack,burst,attack_burst,7,2026-05-19 14:11:03+00:00,True,True,review,5,6,5,4,2,2,14,18,1
cv_20260827_dev_0001808,1,attack,burst,attack_burst,7,2026-05-17 08:19:12+00:00,True,True,review,5,6,5,4,2,2,50,65,1
cv_20260827_dev_0001809,1,attack,burst,attack_burst,30,2026-05-27 04:04:02+00:00,True,True,review,6,7,6,5,1,1,17,18,23
cv_20260827_dev_0001810,1,attack,burst,attack_burst,10,2026-05-23 13:28:13+00:00,True,True,review,4,6,4,3,3,3,55,96,4
cv_20260827_dev_0001811,1,attack,burst,attack_burst,12,2026-05-28 21:21:14+00:00,True,True,review,6,7,6,5,2,1,70,86,5
cv_20260827_dev_0001812,1,attack,burst,attack_burst,9,2026-05-02 06:58:02+00:00,True,True,review,5,6,5,3,2,2,12,15,3
cv_20260827_dev_0001813,1,attack,burst,attack_burst,6,2026-05-14 17:33:03+00:00,True,True,review,5,6,5,4,4,4,6,10,0
cv_20260827_dev_0001814,1,attack,burst,attack_burst,6,2026-05-10 21:21:02+00:00,True,False,review,6,,6,5,1,1,14,,0
cv_20260827_dev_0001815,1,attack,burst,attack_burst,7,2026-05-12 02:52:17+00:00,True,True,review,5,6,5,4,4,3,59,68,1
cv_20260827_dev_0001816,1,attack,burst,attack_burst,29,2026-05-29 16:04:02+00:00,True,True,review,5,6,5,4,1,1,7,8,23
cv_20260827_dev_0001817,1,attack,burst,attack_burst,10,2026-05-07 15:17:01+00:00,True,True,review,5,6,5,3,3,3,13,14,4
cv_20260827_dev_0001818,1,attack,burst,attack_burst,18,2026-05-30 16:41:10+00:00,True,True,review,5,6,5,4,3,3,46,55,12
cv_20260827_dev_0001819,1,attack,burst,attack_burst,9,2026-05-30 23:26:01+00:00,True,True,review,6,7,6,5,3,2,12,13,2
cv_20260827_dev_0001820,1,attack,burst,attack_burst,8,2026-05-05 12:53:04+00:00,True,True,block,4,4,4,2,3,2,8,8,4
cv_20260827_dev_0001821,1,attack,evasive,attack_evasive,7,2026-05-19 19:53:40+00:00,True,True,review,5,6,5,4,2,2,190,242,1
cv_20260827_dev_0001822,1,attack,evasive,attack_evasive,8,2026-05-05 11:23:35+00:00,True,True,review,5,6,5,4,3,3,348,487,2
cv_20260827_dev_0001823,1,attack,evasive,attack_evasive,5,2026-05-10 14:51:56+00:00,False,False,never,,,5,5,,,,,0
cv_20260827_dev_0001824,1,attack,evasive,attack_evasive,9,2026-05-20 15:24:45+00:00,True,True,review,5,7,5,4,2,1,273,605,2
cv_20260827_dev_0001825,1,attack,evasive,attack_evasive,19,2026-05-18 14:11:34+00:00,True,True,review,5,7,5,4,1,1,296,495,12
cv_20260827_dev_0001826,1,attack,evasive,attack_evasive,8,2026-05-13 12:10:34+00:00,True,True,review,5,6,5,4,3,2,388,553,2
cv_20260827_dev_0001827,1,attack,evasive,attack_evasive,6,2026-05-01 11:16:58+00:00,True,True,review,5,6,5,4,2,2,505,662,0
cv_20260827_dev_0001828,1,attack,evasive,attack_evasive,7,2026-05-29 12:55:55+00:00,True,True,review,6,7,6,5,3,3,270,356,0
cv_20260827_dev_0001829,1,attack,evasive,attack_evasive,5,2026-05-18 08:59:27+00:00,False,False,never,,,5,5,,,,,0
cv_20260827_dev_0001830,1,attack,evasive,attack_evasive,5,2026-05-08 03:13:17+00:00,False,False,never,,,5,5,,,,,0
cv_20260827_dev_0001831,1,attack,evasive,attack_evasive,8,2026-05-18 01:22:59+00:00,True,True,review,5,6,5,4,4,4,589,715,2
cv_20260827_dev_0001832,1,attack,evasive,attack_evasive,9,2026-05-27 05:54:05+00:00,True,True,review,6,7,6,5,3,3,232,261,2
cv_20260827_dev_0001833,1,attack,evasive,attack_evasive,7,2026-05-17 01:22:42+00:00,True,True,review,5,7,5,4,3,3,595,828,0
cv_20260827_dev_0001834,1,attack,evasive,attack_evasive,9,2026-05-22 23:19:29+00:00,True,True,review,5,6,5,4,3,3,527,675,3
cv_20260827_dev_0001835,1,attack,evasive,attack_evasive,14,2026-05-22 12:57:25+00:00,True,True,review,7,8,7,6,4,3,259320,259456,6
cv_20260827_dev_0001836,1,attack,evasive,attack_evasive,7,2026-05-03 09:46:33+00:00,True,True,review,6,7,6,5,3,2,520,631,0
cv_20260827_dev_0001837,1,attack,evasive,attack_evasive,7,2026-05-11 19:17:09+00:00,True,True,review,5,6,5,4,2,2,325,502,1
cv_20260827_dev_0001838,1,attack,evasive,attack_evasive,7,2026-05-05 01:52:38+00:00,True,True,review,6,7,6,5,3,3,527,693,0
cv_20260827_dev_0001839,1,attack,evasive,attack_evasive,7,2026-05-27 04:06:24+00:00,True,True,review,5,7,5,4,1,1,279,402,0
cv_20260827_dev_0001840,1,attack,evasive,attack_evasive,16,2026-05-01 01:06:44+00:00,True,True,review,4,6,4,3,1,1,233,499,10
cv_20260827_dev_0001841,1,attack,evasive,attack_evasive,8,2026-05-02 16:15:47+00:00,True,True,review,5,6,5,4,3,3,459,547,2
cv_20260827_dev_0001842,1,attack,evasive,attack_evasive,8,2026-05-10 05:10:32+00:00,True,True,review,6,8,6,5,2,2,379,610,0
cv_20260827_dev_0001843,1,attack,evasive,attack_evasive,6,2026-05-25 21:29:11+00:00,True,False,review,5,,5,4,3,3,419,,0
cv_20260827_dev_0001844,1,attack,evasive,attack_evasive,14,2026-05-17 22:29:43+00:00,True,True,review,5,6,5,4,3,2,375,430,8
cv_20260827_dev_0001845,1,attack,evasive,attack_evasive,9,2026-05-23 05:12:16+00:00,True,True,review,5,6,5,4,3,2,512,535,3
cv_20260827_dev_0001846,1,attack,evasive,attack_evasive,6,2026-05-16 03:32:47+00:00,True,False,review,6,,6,5,3,2,432,,0
cv_20260827_dev_0001847,1,attack,evasive,attack_evasive,6,2026-05-21 02:58:42+00:00,True,True,review,5,6,5,4,2,1,397,442,0
cv_20260827_dev_0001848,1,attack,evasive,attack_evasive,6,2026-05-12 03:41:08+00:00,True,True,review,5,6,5,4,3,2,459,541,0
cv_20260827_dev_0001849,1,attack,evasive,attack_evasive,6,2026-05-19 18:29:25+00:00,True,False,review,6,,6,5,3,2,488,,0
cv_20260827_dev_0001850,1,attack,evasive,attack_evasive,7,2026-05-16 20:48:35+00:00,True,True,review,6,7,6,5,2,2,650,734,0
cv_20260827_dev_0001851,1,attack,evasive,attack_evasive,5,2026-05-16 09:30:28+00:00,True,False,review,5,,5,4,4,3,471,,0
cv_20260827_dev_0001852,1,attack,evasive,attack_evasive,15,2026-05-01 14:04:28+00:00,True,True,review,6,7,6,5,3,3,475,590,8
cv_20260827_dev_0001853,1,attack,evasive,attack_evasive,19,2026-05-11 10:47:52+00:00,True,True,review,5,6,5,4,2,2,551,649,13
cv_20260827_dev_0001854,1,attack,evasive,attack_evasive,8,2026-05-18 13:24:33+00:00,True,True,review,6,8,6,5,4,3,430,717,0
cv_20260827_dev_0001855,1,attack,evasive,attack_evasive,7,2026-05-09 07:22:46+00:00,True,True,review,5,6,5,4,3,2,459,588,1
cv_20260827_dev_0001856,1,attack,evasive,attack_evasive,6,2026-05-21 05:12:10+00:00,True,True,review,4,6,4,3,1,1,442,664,0
cv_20260827_dev_0001857,1,attack,evasive,attack_evasive,7,2026-05-02 08:33:19+00:00,True,True,review,5,6,5,4,2,2,271,312,1
cv_20260827_dev_0001858,1,attack,evasive,attack_evasive,9,2026-05-26 03:36:31+00:00,True,True,review,7,8,7,6,3,3,771,873,1
cv_20260827_dev_0001859,1,attack,evasive,attack_evasive,5,2026-05-25 05:09:31+00:00,True,False,review,5,,5,4,4,4,399,,0
cv_20260827_dev_0001860,1,attack,evasive,attack_evasive,5,2026-05-12 15:04:02+00:00,True,False,review,5,,5,4,2,2,309,,0
cv_20260827_dev_0001861,1,attack,evasive,attack_evasive,13,2026-05-17 05:59:45+00:00,True,True,review,5,7,5,4,5,4,385,259422,6
cv_20260827_dev_0001862,1,attack,evasive,attack_evasive,22,2026-05-03 13:16:51+00:00,True,True,review,5,6,5,4,3,3,332,500,16
cv_20260827_dev_0001863,1,attack,evasive,attack_evasive,6,2026-05-25 21:14:43+00:00,True,False,review,6,,6,5,1,1,574,,0
cv_20260827_dev_0001864,1,attack,evasive,attack_evasive,7,2026-05-13 17:55:59+00:00,True,True,review,5,6,5,4,3,2,323,469,1
cv_20260827_dev_0001865,1,attack,evasive,attack_evasive,6,2026-05-05 15:55:45+00:00,True,False,review,5,,5,4,3,3,450,,0
cv_20260827_dev_0001866,1,attack,evasive,attack_evasive,8,2026-05-28 00:47:50+00:00,True,True,review,6,7,6,5,2,1,490,667,1
cv_20260827_dev_0001867,1,attack,evasive,attack_evasive,9,2026-05-22 21:21:17+00:00,True,True,review,5,7,5,4,1,1,531,723,2
cv_20260827_dev_0001868,1,attack,evasive,attack_evasive,5,2026-05-16 18:36:22+00:00,True,False,review,5,,5,4,4,3,450,,0
cv_20260827_dev_0001869,1,attack,evasive,attack_evasive,7,2026-05-05 15:43:53+00:00,True,True,review,4,6,4,3,3,2,353,702,1
cv_20260827_dev_0001870,1,attack,evasive,attack_evasive,8,2026-05-21 05:46:26+00:00,True,True,review,5,6,5,4,3,3,465,575,2
cv_20260827_dev_0001871,1,attack,evasive,attack_evasive,8,2026-05-09 12:38:53+00:00,True,True,review,6,8,6,5,2,2,701,901,0
cv_20260827_dev_0001872,1,attack,evasive,attack_evasive,7,2026-05-29 22:06:10+00:00,True,True,review,5,7,5,4,2,2,545,701,0
cv_20260827_dev_0001873,1,attack,evasive,attack_evasive,15,2026-05-29 17:28:50+00:00,True,True,review,6,7,6,5,3,3,665,741,8
cv_20260827_dev_0001874,1,attack,evasive,attack_evasive,5,2026-05-27 02:40:59+00:00,True,False,review,5,,5,4,1,1,497,,0
cv_20260827_dev_0001875,1,attack,evasive,attack_evasive,5,2026-05-18 03:57:21+00:00,True,False,review,5,,5,4,3,2,402,,0
cv_20260827_dev_0001876,1,attack,evasive,attack_evasive,7,2026-05-14 08:58:46+00:00,True,True,review,6,7,6,5,2,2,411,564,0
cv_20260827_dev_0001877,1,attack,evasive,attack_evasive,6,2026-05-12 17:10:42+00:00,True,True,review,5,6,5,4,2,2,238,270,0
cv_20260827_dev_0001878,1,attack,evasive,attack_evasive,8,2026-05-20 17:01:27+00:00,True,True,review,5,6,5,4,2,2,386,551,2
cv_20260827_dev_0001879,1,attack,evasive,attack_evasive,9,2026-05-10 15:25:52+00:00,True,True,review,5,7,5,4,2,2,382,661,2
cv_20260827_dev_0001880,1,attack,evasive,attack_evasive,9,2026-05-22 04:36:22+00:00,True,True,review,4,6,4,3,2,2,314,524,3
cv_20260827_dev_0001881,1,attack,evasive,attack_evasive,7,2026-05-08 15:13:24+00:00,True,True,review,6,7,6,5,3,2,452,521,0
cv_20260827_dev_0001882,1,attack,evasive,attack_evasive,9,2026-05-14 14:50:34+00:00,True,True,review,6,7,6,5,3,3,312,401,2
cv_20260827_dev_0001883,1,attack,evasive,attack_evasive,8,2026-05-08 03:18:07+00:00,True,True,review,5,7,5,4,3,3,378,559,1
cv_20260827_dev_0001884,1,attack,evasive,attack_evasive,5,2026-05-02 12:14:59+00:00,False,False,never,,,5,5,,,,,0
cv_20260827_dev_0001885,1,attack,evasive,attack_evasive,9,2026-05-10 06:22:17+00:00,True,True,review,5,6,5,4,3,3,364,537,3
cv_20260827_dev_0001886,1,attack,evasive,attack_evasive,9,2026-05-09 16:39:34+00:00,True,True,review,6,7,6,5,2,2,557,618,2
cv_20260827_dev_0001887,1,attack,evasive,attack_evasive,7,2026-05-11 14:33:56+00:00,True,True,review,5,6,5,4,2,2,550,588,1
cv_20260827_dev_0001888,1,attack,evasive,attack_evasive,11,2026-05-26 20:59:21+00:00,True,True,review,6,7,6,5,3,3,86344,86431,4
cv_20260827_dev_0001889,1,attack,evasive,attack_evasive,5,2026-05-14 20:19:40+00:00,True,False,review,5,,5,4,2,2,463,,0
cv_20260827_dev_0001890,1,attack,evasive,attack_evasive,6,2026-05-02 00:22:36+00:00,True,True,review,5,6,5,4,3,3,461,639,0
cv_20260827_dev_0001891,1,attack,evasive,attack_evasive,8,2026-05-23 19:36:59+00:00,True,True,review,6,7,6,5,3,2,540,561,1
cv_20260827_dev_0001892,1,attack,evasive,attack_evasive,16,2026-05-23 02:00:48+00:00,True,True,review,6,7,6,5,1,1,421,594,9
cv_20260827_dev_0001893,1,attack,evasive,attack_evasive,9,2026-05-28 05:49:59+00:00,True,True,review,5,6,5,4,2,1,270,340,3
cv_20260827_dev_0001894,1,attack,evasive,attack_evasive,7,2026-05-15 11:12:33+00:00,True,True,review,6,7,6,5,2,2,654,830,0
cv_20260827_dev_0001895,1,attack,evasive,attack_evasive,13,2026-05-16 08:51:19+00:00,True,True,review,6,9,6,5,2,2,586,173013,4
cv_20260827_dev_0001896,1,attack,evasive,attack_evasive,9,2026-05-20 18:16:45+00:00,True,True,review,5,6,5,4,3,3,405,537,3
cv_20260827_dev_0001897,1,attack,evasive,attack_evasive,16,2026-05-11 18:39:33+00:00,True,True,review,6,7,6,5,3,3,554,590,9
cv_20260827_dev_0001898,1,attack,evasive,attack_evasive,5,2026-05-11 00:47:26+00:00,True,False,review,5,,5,4,2,2,191,,0
cv_20260827_dev_0001899,1,attack,evasive,attack_evasive,5,2026-05-05 13:41:09+00:00,False,False,never,,,5,5,,,,,0
cv_20260827_dev_0001900,1,attack,evasive,attack_evasive,7,2026-05-28 00:46:04+00:00,True,True,review,5,6,5,4,2,2,275,353,1
cv_20260827_dev_0001901,1,attack,evasive,attack_evasive,13,2026-05-14 21:57:49+00:00,True,True,review,6,7,6,5,1,1,525,259300,6
cv_20260827_dev_0001902,1,attack,evasive,attack_evasive,7,2026-05-26 18:23:53+00:00,True,True,review,6,7,6,5,3,3,716,789,0
cv_20260827_dev_0001903,1,attack,evasive,attack_evasive,14,2026-05-09 23:09:35+00:00,True,True,review,6,8,6,5,3,2,645,833,6
cv_20260827_dev_0001904,1,attack,evasive,attack_evasive,12,2026-05-15 16:53:02+00:00,True,True,review,5,7,5,4,2,2,350,489,5
cv_20260827_dev_0001905,1,attack,evasive,attack_evasive,8,2026-05-21 05:10:41+00:00,True,True,review,6,7,6,5,3,3,491,582,1
cv_20260827_dev_0001906,1,attack,evasive,attack_evasive,5,2026-05-02 13:07:27+00:00,True,False,review,5,,5,4,3,3,369,,0
cv_20260827_dev_0001907,1,attack,evasive,attack_evasive,12,2026-05-15 01:16:51+00:00,True,True,review,5,7,5,4,2,1,267,86392,5
cv_20260827_dev_0001908,1,attack,evasive,attack_evasive,6,2026-05-19 23:06:46+00:00,True,False,review,6,,6,5,3,2,440,,0
cv_20260827_dev_0001909,1,attack,evasive,attack_evasive,5,2026-05-15 06:50:46+00:00,True,False,review,5,,5,4,3,3,575,,0
cv_20260827_dev_0001910,1,attack,evasive,attack_evasive,17,2026-05-02 16:44:39+00:00,True,True,review,5,8,5,4,2,1,359,708,9
cv_20260827_dev_0001911,1,attack,patient,attack_patient,5,2026-05-22 12:52:35+00:00,False,False,never,,,5,5,,,,,0
cv_20260827_dev_0001912,1,attack,patient,attack_patient,8,2026-05-16 11:07:20+00:00,True,True,review,5,6,5,4,4,4,173897,174359,2
cv_20260827_dev_0001913,1,attack,patient,attack_patient,8,2026-05-29 16:39:57+00:00,True,True,review,6,8,6,5,1,1,345154,347038,0
cv_20260827_dev_0001914,1,attack,patient,attack_patient,8,2026-05-21 18:55:56+00:00,True,True,review,6,7,6,5,3,3,259618,431665,1
cv_20260827_dev_0001915,1,attack,patient,attack_patient,8,2026-05-03 21:10:18+00:00,True,True,review,5,6,5,4,3,3,87057,172313,2
cv_20260827_dev_0001916,1,attack,patient,attack_patient,5,2026-05-08 01:37:08+00:00,False,False,never,,,5,5,,,,,0
cv_20260827_dev_0001917,1,attack,patient,attack_patient,10,2026-05-21 01:19:41+00:00,True,True,review,7,8,7,6,4,3,346936,347522,2
cv_20260827_dev_0001918,1,attack,patient,attack_patient,5,2026-05-02 08:51:56+00:00,True,False,review,5,,5,4,2,2,259008,,0
cv_20260827_dev_0001919,1,attack,patient,attack_patient,4,2026-05-04 06:48:04+00:00,False,False,never,,,4,4,,,,,0
cv_20260827_dev_0001920,1,attack,patient,attack_patient,10,2026-05-09 23:58:09+00:00,True,True,review,6,7,6,5,3,3,174264,259953,3
cv_20260827_dev_0001921,1,attack,patient,attack_patient,11,2026-05-18 18:09:51+00:00,True,True,review,4,6,4,3,2,2,258728,345399,5
cv_20260827_dev_0001922,1,attack,patient,attack_patient,7,2026-05-28 03:18:58+00:00,True,True,block,5,5,5,4,3,2,172143,172143,2
cv_20260827_dev_0001923,1,attack,patient,attack_patient,7,2026-05-27 20:24:05+00:00,True,True,review,5,7,5,4,2,2,172526,173313,0
cv_20260827_dev_0001924,1,attack,patient,attack_patient,11,2026-05-26 01:21:12+00:00,True,True,review,6,8,6,5,2,2,345460,346611,3
cv_20260827_dev_0001925,1,attack,patient,attack_patient,7,2026-05-18 04:15:19+00:00,True,True,review,6,7,6,5,2,2,432273,432567,0
cv_20260827_dev_0001926,1,attack,patient,attack_patient,7,2026-05-20 17:17:19+00:00,True,True,review,6,7,6,5,2,2,346161,346636,0
cv_20260827_dev_0001927,1,attack,patient,attack_patient,7,2026-05-17 15:56:58+00:00,True,True,review,6,7,6,5,4,3,346004,347138,0
cv_20260827_dev_0001928,1,attack,patient,attack_patient,10,2026-05-10 05:46:05+00:00,True,True,review,5,7,5,4,4,4,173457,346137,3
cv_20260827_dev_0001929,1,attack,patient,attack_patient,5,2026-05-03 01:24:00+00:00,False,False,never,,,5,5,,,,,0
cv_20260827_dev_0001930,1,attack,patient,attack_patient,8,2026-05-26 19:19:31+00:00,True,True,review,6,7,6,5,3,3,345353,346294,1
cv_20260827_dev_0001931,1,attack,patient,attack_patient,6,2026-05-19 05:17:30+00:00,True,False,review,6,,6,5,3,3,260463,,0
cv_20260827_dev_0001932,1,attack,patient,attack_patient,6,2026-05-03 17:53:44+00:00,True,False,review,6,,6,5,5,4,87942,,0
cv_20260827_dev_0001933,1,attack,patient,attack_patient,8,2026-05-21 20:48:19+00:00,True,True,review,7,8,7,6,3,3,518273,519085,0
cv_20260827_dev_0001934,1,attack,patient,attack_patient,7,2026-05-03 08:47:25+00:00,True,True,review,6,7,6,5,1,1,258749,259276,0
cv_20260827_dev_0001935,1,attack,patient,attack_patient,10,2026-05-04 10:36:37+00:00,True,True,review,6,7,6,5,4,3,431550,432528,3
cv_20260827_dev_0001936,1,attack,patient,attack_patient,11,2026-05-25 01:20:18+00:00,True,True,review,6,7,6,5,2,2,260345,431367,4
cv_20260827_dev_0001937,1,attack,patient,attack_patient,8,2026-05-29 04:00:35+00:00,True,True,review,5,7,5,4,2,2,259586,431741,1
cv_20260827_dev_0001938,1,attack,patient,attack_patient,6,2026-05-15 11:24:54+00:00,True,True,review,5,6,5,4,1,1,87315,88411,0
cv_20260827_dev_0001939,1,attack,patient,attack_patient,6,2026-05-03 00:59:58+00:00,True,False,review,6,,6,5,2,2,347365,,0
cv_20260827_dev_0001940,1,attack,patient,attack_patient,5,2026-05-25 18:05:49+00:00,True,False,review,5,,5,4,2,2,87811,,0
cv_20260827_dev_0001941,1,attack,patient,attack_patient,5,2026-05-23 15:38:42+00:00,False,False,never,,,5,5,,,,,0
cv_20260827_dev_0001942,1,attack,patient,attack_patient,5,2026-05-12 16:47:36+00:00,False,False,never,,,5,5,,,,,0
cv_20260827_dev_0001943,1,attack,patient,attack_patient,8,2026-05-26 20:14:11+00:00,True,True,review,5,7,5,4,3,3,173673,431589,1
cv_20260827_dev_0001944,1,attack,patient,attack_patient,5,2026-05-27 14:28:17+00:00,False,False,never,,,5,5,,,,,0
cv_20260827_dev_0001945,1,attack,patient,attack_patient,5,2026-05-11 02:09:02+00:00,False,False,never,,,5,5,,,,,0
cv_20260827_dev_0001946,1,attack,patient,attack_patient,4,2026-05-06 10:53:16+00:00,False,False,never,,,4,4,,,,,0
cv_20260827_dev_0001947,1,attack,patient,attack_patient,7,2026-05-06 14:29:59+00:00,True,True,review,5,6,5,4,3,2,345662,346758,1
cv_20260827_dev_0001948,1,attack,patient,attack_patient,6,2026-05-21 00:38:22+00:00,True,True,review,4,6,4,3,3,2,87098,88720,0
cv_20260827_dev_0001949,1,attack,patient,attack_patient,6,2026-05-10 20:42:01+00:00,True,False,review,6,,6,5,3,2,173749,,0
cv_20260827_dev_0001950,1,attack,patient,attack_patient,5,2026-05-29 07:42:54+00:00,False,False,never,,,5,5,,,,,0
cv_20260827_dev_0001951,1,attack,patient,attack_patient,4,2026-05-18 22:00:37+00:00,False,False,never,,,4,4,,,,,0
cv_20260827_dev_0001952,1,attack,patient,attack_patient,6,2026-05-27 19:04:44+00:00,True,False,review,6,,6,5,2,2,347018,,0
cv_20260827_dev_0001953,1,attack,patient,attack_patient,5,2026-05-05 20:51:58+00:00,False,False,never,,,5,5,,,,,0
cv_20260827_dev_0001954,1,attack,patient,attack_patient,7,2026-05-28 00:21:43+00:00,True,True,review,6,7,6,5,4,4,431606,432209,0
cv_20260827_dev_0001955,1,attack,patient,attack_patient,4,2026-05-30 10:39:00+00:00,False,False,never,,,4,4,,,,,0
cv_20260827_dev_0001956,1,attack,patient,attack_patient,5,2026-05-04 02:19:38+00:00,False,False,never,,,5,5,,,,,0
cv_20260827_dev_0001957,1,attack,patient,attack_patient,11,2026-05-30 10:09:13+00:00,True,True,review,5,7,5,4,3,2,259792,518200,4
cv_20260827_dev_0001958,1,attack,patient,attack_patient,5,2026-05-04 14:49:05+00:00,True,False,review,5,,5,4,4,3,259965,,0
cv_20260827_dev_0001959,1,attack,patient,attack_patient,9,2026-05-25 23:16:16+00:00,True,True,review,6,7,6,5,3,2,345543,346520,2
cv_20260827_dev_0001960,1,attack,patient,attack_patient,4,2026-05-29 22:12:50+00:00,False,False,never,,,4,4,,,,,0
cv_20260827_dev_0001961,1,attack,patient,attack_patient,7,2026-05-24 09:05:57+00:00,True,False,review,6,,6,5,3,2,172162,,0
cv_20260827_dev_0001962,1,attack,patient,attack_patient,4,2026-05-22 21:12:30+00:00,False,False,never,,,4,4,,,,,0
cv_20260827_dev_0001963,1,attack,patient,attack_patient,8,2026-05-14 01:31:51+00:00,True,True,review,5,6,5,4,2,1,260208,260792,2
cv_20260827_dev_0001964,1,attack,patient,attack_patient,10,2026-05-22 03:59:56+00:00,True,True,review,6,7,6,5,4,4,345597,346557,3
cv_20260827_dev_0001965,1,attack,patient,attack_patient,7,2026-05-27 16:13:05+00:00,True,True,review,5,7,5,4,3,2,345398,345840,0
cv_20260827_dev_0001966,1,attack,patient,attack_patient,6,2026-05-03 11:57:34+00:00,True,False,review,5,,5,4,2,2,517986,,0
cv_20260827_dev_0001967,1,attack,patient,attack_patient,7,2026-05-30 01:12:37+00:00,True,True,review,5,6,5,4,2,1,88825,345716,1
cv_20260827_dev_0001968,1,attack,patient,attack_patient,5,2026-05-07 02:57:05+00:00,True,False,review,5,,5,4,4,4,259183,,0
cv_20260827_dev_0001969,1,attack,patient,attack_patient,9,2026-05-22 07:18:17+00:00,True,True,review,6,8,6,5,3,3,345472,432032,1
cv_20260827_dev_0001970,1,attack,patient,attack_patient,7,2026-05-14 14:05:26+00:00,True,True,review,5,7,5,4,1,1,87561,259089,0
cv_20260827_dev_0001971,1,attack,patient,attack_patient,6,2026-05-09 15:46:40+00:00,True,False,review,5,,5,4,2,2,258307,,0
cv_20260827_dev_0001972,1,attack,patient,attack_patient,6,2026-05-21 10:24:47+00:00,True,False,review,6,,6,5,3,2,259734,,0
cv_20260827_dev_0001973,1,attack,patient,attack_patient,7,2026-05-12 07:11:52+00:00,True,False,review,6,,6,5,4,3,432211,,0
cv_20260827_dev_0001974,1,attack,patient,attack_patient,8,2026-05-23 08:56:19+00:00,True,True,review,6,7,6,5,3,3,260779,432622,1
cv_20260827_dev_0001975,1,attack,patient,attack_patient,8,2026-05-16 03:16:29+00:00,True,True,review,6,7,6,5,3,3,345363,345592,1
cv_20260827_dev_0001976,1,attack,patient,attack_patient,7,2026-05-07 02:17:57+00:00,True,False,review,6,,6,5,3,2,432177,,0
cv_20260827_dev_0001977,1,attack,patient,attack_patient,6,2026-05-23 08:52:06+00:00,True,False,review,5,,5,4,3,3,431221,,0
cv_20260827_dev_0001978,1,attack,patient,attack_patient,5,2026-05-12 02:04:44+00:00,False,False,never,,,5,5,,,,,0
cv_20260827_dev_0001979,1,attack,patient,attack_patient,5,2026-05-13 15:00:08+00:00,False,False,never,,,5,5,,,,,0
cv_20260827_dev_0001980,1,attack,patient,attack_patient,10,2026-05-29 03:10:17+00:00,True,True,review,5,7,5,4,2,2,261291,519079,3
cv_20260827_dev_0001981,1,attack,patient,attack_patient,10,2026-05-10 15:36:38+00:00,True,True,review,6,7,6,5,5,4,258768,259826,3
cv_20260827_dev_0001982,1,attack,patient,attack_patient,5,2026-05-06 10:53:07+00:00,False,False,never,,,5,5,,,,,0
cv_20260827_dev_0001983,1,attack,patient,attack_patient,12,2026-05-05 19:10:06+00:00,True,True,review,6,7,6,5,3,3,260714,517763,5
cv_20260827_dev_0001984,1,attack,patient,attack_patient,10,2026-05-19 17:30:37+00:00,True,True,review,6,7,6,5,3,3,174853,432023,3
cv_20260827_dev_0001985,1,attack,patient,attack_patient,6,2026-05-06 00:58:30+00:00,True,True,review,5,6,5,4,4,4,86952,87508,0
cv_20260827_dev_0001986,1,attack,patient,attack_patient,9,2026-05-12 06:54:42+00:00,True,True,review,7,8,7,6,1,1,259136,260225,1
cv_20260827_dev_0001987,1,attack,patient,attack_patient,7,2026-05-02 20:38:42+00:00,True,True,review,6,7,6,5,3,2,345932,347114,0
cv_20260827_dev_0001988,1,attack,patient,attack_patient,9,2026-05-05 11:33:03+00:00,True,True,review,5,6,5,4,2,1,86686,87755,3
cv_20260827_dev_0001989,1,attack,patient,attack_patient,4,2026-05-11 20:25:56+00:00,True,False,review,4,,4,3,3,2,86681,,0
cv_20260827_dev_0001990,1,attack,patient,attack_patient,9,2026-05-14 02:14:12+00:00,True,True,review,6,7,6,5,2,2,173152,173365,2
cv_20260827_dev_0001991,1,attack,patient,attack_patient,10,2026-05-12 11:35:42+00:00,True,True,review,5,7,5,4,5,4,173382,345659,3
cv_20260827_dev_0001992,1,attack,patient,attack_patient,9,2026-05-05 03:36:13+00:00,True,True,review,6,7,6,5,4,3,174064,259733,2
cv_20260827_dev_0001993,1,attack,patient,attack_patient,7,2026-05-10 10:10:48+00:00,True,False,review,7,,7,6,3,3,260469,,0
cv_20260827_dev_0001994,1,attack,patient,attack_patient,5,2026-05-15 08:49:51+00:00,False,False,never,,,5,5,,,,,0
cv_20260827_dev_0001995,1,attack,patient,attack_patient,5,2026-05-02 06:47:03+00:00,False,False,never,,,5,5,,,,,0
cv_20260827_dev_0001996,1,attack,patient,attack_patient,6,2026-05-01 08:37:53+00:00,True,False,review,6,,6,5,3,3,174500,,0
cv_20260827_dev_0001997,1,attack,patient,attack_patient,5,2026-05-17 23:39:34+00:00,True,False,review,5,,5,4,4,4,87772,,0
cv_20260827_dev_0001998,1,attack,patient,attack_patient,10,2026-05-03 11:53:58+00:00,True,True,review,6,7,6,5,4,4,519136,519898,3
cv_20260827_dev_0001999,1,attack,patient,attack_patient,10,2026-05-16 04:17:29+00:00,True,True,review,6,8,6,5,1,1,345773,605569,2
cv_20260827_dev_0002000,1,attack,patient,attack_patient,10,2026-05-11 23:20:28+00:00,True,True,block,6,6,6,5,3,2,259670,259670,4
