event_id,request_id,device_id,request_index,action,raw_probability,calibrated_probability,rule_score,accumulated_risk,high_risk_count,consecutive_high_count,evidence_count,reason_codes
cv_20260827_evt_0006346,cv_20260827_req_0002403,cv_20260827_dev_0001622,1,allow,0.103029483282,0.00548001258357,0,0.00548001258357,0,0,0,
cv_20260827_evt_0003119,cv_20260827_req_0001136,cv_20260827_dev_0000883,1,allow,0.255353046543,0.0690182853703,0,0.0690182853703,0,0,0,
cv_20260827_evt_0006348,cv_20260827_req_0002404,cv_20260827_dev_0001622,2,allow,0.275283314573,0.0930102271251,0,0.0984897624104,0,0,0,
cv_20260827_evt_0006350,cv_20260827_req_0002405,cv_20260827_dev_0001622,3,allow,0.590014829327,0.474791810673,1,0.553579466844,0,0,0,stable_retry_risk_reduction
cv_20260827_evt_0000581,cv_20260827_req_0000212,cv_20260827_dev_0000169,1,allow,0.247095216092,0.028783095908,0,0.028783095908,0,0,0,
cv_20260827_evt_0004207,cv_20260827_req_0001534,cv_20260827_dev_0001191,1,allow,0.163952469286,0.0250286633218,0,0.0250286633218,0,0,0,
cv_20260827_evt_0009876,cv_20260827_req_0004103,cv_20260827_dev_0001840,1,allow,0.2610645284,0.0930102271251,0,0.0930102271251,0,0,0,
cv_20260827_evt_0009878,cv_20260827_req_0004104,cv_20260827_dev_0001840,2,allow,0.792391406367,0.559667304185,0,0.65267433346,1,1,0,
cv_20260827_evt_0009880,cv_20260827_req_0004105,cv_20260827_dev_0001840,3,allow,0.864184624741,0.855151534315,0,1.50775256644,2,2,0,
cv_20260827_evt_0004103,cv_20260827_req_0001497,cv_20260827_dev_0001160,1,allow,0.216452730154,0.0259720802764,0,0.0259720802764,0,0,0,
cv_20260827_evt_0000444,cv_20260827_req_0000163,cv_20260827_dev_0000130,1,allow,0.227720482381,0.028783095908,0,0.028783095908,0,0,0,
cv_20260827_evt_0009882,cv_20260827_req_0004106,cv_20260827_dev_0001840,4,review,0.898850367182,0.920638394369,0,2.42820953172,3,3,1,persistent_high_model_risk
cv_20260827_evt_0009884,cv_20260827_req_0004107,cv_20260827_dev_0001840,5,review,0.907951150732,0.920638394369,0,3.34836374727,4,4,2,persistent_high_model_risk|high_risk_with_card_diversity
cv_20260827_evt_0002885,cv_20260827_req_0001051,cv_20260827_dev_0000815,1,allow,0.223703330707,0.0259720802764,0,0.0259720802764,0,0,0,
cv_20260827_evt_0009886,cv_20260827_req_0004108,cv_20260827_dev_0001840,6,block,0.963298304415,0.987077221928,1,4.3350879395,5,5,3,persistent_high_model_risk|high_risk_with_card_diversity|high_risk_with_card_switching
cv_20260827_evt_0007810,cv_20260827_req_0003094,cv_20260827_dev_0001742,1,allow,0.226339539438,0.028783095908,0,0.028783095908,0,0,0,
cv_20260827_evt_0007812,cv_20260827_req_0003095,cv_20260827_dev_0001742,2,allow,0.543634223751,0.474791810673,0,0.503574807618,0,0,0,
cv_20260827_evt_0007814,cv_20260827_req_0003096,cv_20260827_dev_0001742,3,allow,0.845646049445,0.834086215288,0,1.23694467626,1,1,0,stable_retry_risk_reduction
cv_20260827_evt_0007816,cv_20260827_req_0003097,cv_20260827_dev_0001742,4,allow,0.907680153014,0.920638394369,2,2.157581653,2,2,1,persistent_high_model_risk
cv_20260827_evt_0007818,cv_20260827_req_0003098,cv_20260827_dev_0001742,5,review,0.901126426774,0.920638394369,2,3.07821015637,3,3,3,persistent_high_model_risk|high_risk_with_card_diversity|high_risk_with_ip_rotation
cv_20260827_evt_0007820,cv_20260827_req_0003099,cv_20260827_dev_0001742,6,block,0.970833986114,1,4,4.0781995728,4,4,4,persistent_high_model_risk|high_risk_with_card_diversity|high_risk_with_card_switching|high_risk_with_ip_rotation
cv_20260827_evt_0007822,cv_20260827_req_0003100,cv_20260827_dev_0001742,7,block,0.974515264804,1,4,5.07819022495,5,5,4,persistent_high_model_risk|high_risk_with_card_diversity|high_risk_with_card_switching|high_risk_with_ip_rotation
cv_20260827_evt_0007824,cv_20260827_req_0003101,cv_20260827_dev_0001742,8,block,0.979301921488,1,4,6.07817858497,6,6,4,persistent_high_model_risk|high_risk_with_card_diversity|high_risk_with_card_switching|high_risk_with_ip_rotation
cv_20260827_evt_0007826,cv_20260827_req_0003102,cv_20260827_dev_0001742,9,block,0.9737792719,1,5,7.0781507208,7,7,4,persistent_high_model_risk|high_risk_with_card_diversity|high_risk_with_card_switching|high_risk_with_ip_rotation
cv_20260827_evt_0007828,cv_20260827_req_0003103,cv_20260827_dev_0001742,10,block,0.988293576182,1,5,8.07811827246,8,8,4,persistent_high_model_risk|high_risk_with_card_diversity|high_risk_with_card_switching|high_risk_with_ip_rotation
cv_20260827_evt_0007830,cv_20260827_req_0003104,cv_20260827_dev_0001742,11,block,0.991980137178,1,5,9.07810901432,9,9,4,persistent_high_model_risk|high_risk_with_card_diversity|high_risk_with_card_switching|high_risk_with_ip_rotation
cv_20260827_evt_0008495,cv_20260827_req_0003430,cv_20260827_dev_0001772,1,allow,0.223739295066,0.0259720802764,0,0.0259720802764,0,0,0,
cv_20260827_evt_0008497,cv_20260827_req_0003431,cv_20260827_dev_0001772,2,allow,0.503564732437,0.284737559009,0,0.310709549987,0,0,1,high_risk_with_card_diversity
cv_20260827_evt_0008499,cv_20260827_req_0003432,cv_20260827_dev_0001772,3,allow,0.602219486119,0.474791810673,0,0.785501004563,0,0,1,high_risk_with_card_diversity
cv_20260827_evt_0008501,cv_20260827_req_0003433,cv_20260827_dev_0001772,4,allow,0.927349365004,0.968667664035,2,1.75416506763,1,1,1,high_risk_with_card_diversity
cv_20260827_evt_0008503,cv_20260827_req_0003434,cv_20260827_dev_0001772,5,allow,0.944686908883,0.968667664035,2,2.72282871085,2,2,2,high_risk_with_card_diversity|persistent_high_model_risk
cv_20260827_evt_0008505,cv_20260827_req_0003435,cv_20260827_dev_0001772,6,review,0.983267248143,1,4,3.72282246972,3,3,3,persistent_high_model_risk|high_risk_with_card_diversity|high_risk_with_ip_rotation
cv_20260827_evt_0005371,cv_20260827_req_0002028,cv_20260827_dev_0001369,1,allow,0.151628819613,0.0193933904297,0,0.0193933904297,0,0,0,
cv_20260827_evt_0003857,cv_20260827_req_0001406,cv_20260827_dev_0001086,1,allow,0.227138309636,0.028783095908,0,0.028783095908,0,0,0,
cv_20260827_evt_0002502,cv_20260827_req_0000911,cv_20260827_dev_0000709,1,allow,0.219914458356,0.0259720802764,0,0.0259720802764,0,0,0,
cv_20260827_evt_0000339,cv_20260827_req_0000124,cv_20260827_dev_0000097,1,allow,0.221731630257,0.0259720802764,0,0.0259720802764,0,0,0,
cv_20260827_evt_0000341,cv_20260827_req_0000125,cv_20260827_dev_0000097,2,allow,0.488017220229,0.284737559009,0,0.310706871195,0,0,0,
cv_20260827_evt_0007369,cv_20260827_req_0002880,cv_20260827_dev_0001718,1,allow,0.25966875034,0.0930102271251,0,0.0930102271251,0,0,0,
cv_20260827_evt_0007371,cv_20260827_req_0002881,cv_20260827_dev_0001718,2,allow,0.560774440439,0.474791810673,0,0.567801824605,0,0,1,high_risk_with_card_diversity
cv_20260827_evt_0007373,cv_20260827_req_0002882,cv_20260827_dev_0001718,3,allow,0.500790569832,0.284737559009,0,0.852538732869,0,0,1,high_risk_with_card_diversity
cv_20260827_evt_0007375,cv_20260827_req_0002883,cv_20260827_dev_0001718,4,allow,0.910272447653,0.920638394369,4,1.77317419602,1,1,2,high_risk_with_card_diversity|high_risk_with_card_switching
cv_20260827_evt_0007377,cv_20260827_req_0002884,cv_20260827_dev_0001718,5,allow,0.96265806929,0.987077221928,4,2.76024328919,2,2,4,high_risk_with_card_diversity|high_risk_with_card_switching|high_risk_with_ip_rotation|persistent_high_model_risk
cv_20260827_evt_0007379,cv_20260827_req_0002885,cv_20260827_dev_0001718,6,review,0.983916628864,1,5,3.7602369623,3,3,4,rule_corroborated_review|high_risk_with_card_diversity|high_risk_with_card_switching|high_risk_with_ip_rotation|persistent_high_model_risk
cv_20260827_evt_0007381,cv_20260827_req_0002886,cv_20260827_dev_0001718,7,block,0.990609884339,1,6,4.76022403376,4,4,4,rule_corroborated_block|high_risk_with_card_diversity|high_risk_with_card_switching|high_risk_with_ip_rotation|persistent_high_model_risk
cv_20260827_evt_0007901,cv_20260827_req_0003139,cv_20260827_dev_0001746,1,allow,0.174075269386,0.0250286633218,0,0.0250286633218,0,0,0,
cv_20260827_evt_0007903,cv_20260827_req_0003140,cv_20260827_dev_0001746,2,allow,0.329789439588,0.0930102271251,0,0.118038804393,0,0,1,high_risk_with_card_diversity
cv_20260827_evt_0004457,cv_20260827_req_0001641,cv_20260827_dev_0001224,1,allow,0.247866538958,0.028783095908,0,0.028783095908,0,0,0,
cv_20260827_evt_0007905,cv_20260827_req_0003141,cv_20260827_dev_0001746,3,allow,0.887542018722,0.920638394369,2,1.03867679292,1,1,2,high_risk_with_card_diversity|high_risk_with_card_switching
cv_20260827_evt_0007907,cv_20260827_req_0003142,cv_20260827_dev_0001746,4,allow,0.970694216542,1,4,2.03867322171,2,2,3,high_risk_with_card_diversity|high_risk_with_card_switching|persistent_high_model_risk
cv_20260827_evt_0007909,cv_20260827_req_0003143,cv_20260827_dev_0001746,5,review,0.969930395706,0.987077221928,4,3.02574810717,3,3,4,persistent_high_model_risk|high_risk_with_card_diversity|high_risk_with_card_switching|high_risk_with_ip_rotation
cv_20260827_evt_0004459,cv_20260827_req_0001642,cv_20260827_dev_0001224,2,allow,0.514834840001,0.284737559009,0,0.313520391017,0,0,0,
cv_20260827_evt_0007911,cv_20260827_req_0003144,cv_20260827_dev_0001746,6,block,0.991247269488,1,5,4.02573423624,4,4,4,persistent_high_model_risk|high_risk_with_card_diversity|high_risk_with_card_switching|high_risk_with_ip_rotation
cv_20260827_evt_0004461,cv_20260827_req_0001643,cv_20260827_dev_0001224,3,allow,0.803742433979,0.559667304185,1,0.873184820668,1,1,0,
cv_20260827_evt_0002230,cv_20260827_req_0000811,cv_20260827_dev_0000634,1,allow,0.214004317461,0.0259720802764,0,0.0259720802764,0,0,0,
cv_20260827_evt_0000662,cv_20260827_req_0000241,cv_20260827_dev_0000193,1,allow,0.194041027719,0.0250286633218,0,0.0250286633218,0,0,0,
cv_20260827_evt_0001298,cv_20260827_req_0000470,cv_20260827_dev_0000377,1,allow,0.0998584835505,0.00548001258357,0,0.00548001258357,0,0,0,
cv_20260827_evt_0001300,cv_20260827_req_0000471,cv_20260827_dev_0000377,2,allow,0.477029966526,0.284737559009,0,0.290217069174,0,0,0,
cv_20260827_evt_0002696,cv_20260827_req_0000984,cv_20260827_dev_0000759,1,allow,0.241172306006,0.028783095908,0,0.028783095908,0,0,0,
cv_20260827_evt_0002891,cv_20260827_req_0001053,cv_20260827_dev_0000817,1,allow,0.236354678318,0.028783095908,0,0.028783095908,0,0,0,
cv_20260827_evt_0007147,cv_20260827_req_0002770,cv_20260827_dev_0001709,1,allow,0.248523431365,0.028783095908,0,0.028783095908,0,0,0,
cv_20260827_evt_0007149,cv_20260827_req_0002771,cv_20260827_dev_0001709,2,allow,0.485320743807,0.284737559009,0,0.313520588941,0,0,1,high_risk_with_card_diversity
cv_20260827_evt_0007151,cv_20260827_req_0002772,cv_20260827_dev_0001709,3,allow,0.648416279995,0.474791810673,0,0.788311680978,0,0,1,high_risk_with_card_diversity
cv_20260827_evt_0007153,cv_20260827_req_0002773,cv_20260827_dev_0001709,4,allow,0.967953213929,0.987077221928,3,1.77538619251,1,1,2,high_risk_with_card_diversity|high_risk_with_card_switching
cv_20260827_evt_0007155,cv_20260827_req_0002774,cv_20260827_dev_0001709,5,allow,0.978622405055,1,4,2.77538212306,2,2,4,high_risk_with_card_diversity|high_risk_with_card_switching|high_risk_with_ip_rotation|persistent_high_model_risk
cv_20260827_evt_0007157,cv_20260827_req_0002775,cv_20260827_dev_0001709,6,review,0.987420985527,1,4,3.77537258067,3,3,4,persistent_high_model_risk|high_risk_with_card_diversity|high_risk_with_card_switching|high_risk_with_ip_rotation
cv_20260827_evt_0005697,cv_20260827_req_0002148,cv_20260827_dev_0001465,1,allow,0.15189540002,0.0193933904297,0,0.0193933904297,0,0,0,
cv_20260827_evt_0003945,cv_20260827_req_0001438,cv_20260827_dev_0001114,1,allow,0.233155371882,0.028783095908,0,0.028783095908,0,0,0,
cv_20260827_evt_0000171,cv_20260827_req_0000062,cv_20260827_dev_0000053,1,allow,0.148119747828,0.0193933904297,0,0.0193933904297,0,0,0,
cv_20260827_evt_0000173,cv_20260827_req_0000063,cv_20260827_dev_0000053,2,allow,0.482012142661,0.284737559009,0,0.304129815929,0,0,0,
cv_20260827_evt_0012378,cv_20260827_req_0005316,cv_20260827_dev_0001996,1,allow,0.252411035719,0.0690182853703,0,0.0690182853703,0,0,0,
cv_20260827_evt_0012380,cv_20260827_req_0005317,cv_20260827_dev_0001996,2,allow,0.60859493558,0.474791810673,0,0.543745975546,0,0,1,high_risk_with_card_diversity
cv_20260827_evt_0003348,cv_20260827_req_0001219,cv_20260827_dev_0000943,1,allow,0.228340192903,0.028783095908,0,0.028783095908,0,0,0,
cv_20260827_evt_0012382,cv_20260827_req_0005318,cv_20260827_dev_0001996,3,allow,0.804362381581,0.559667304185,1,1.10325377044,1,1,1,high_risk_with_card_diversity
cv_20260827_evt_0003692,cv_20260827_req_0001345,cv_20260827_dev_0001040,1,allow,0.226811299626,0.028783095908,0,0.028783095908,0,0,0,
cv_20260827_evt_0001005,cv_20260827_req_0000365,cv_20260827_dev_0000293,1,allow,0.250967940392,0.028783095908,0,0.028783095908,0,0,0,
cv_20260827_evt_0002721,cv_20260827_req_0000993,cv_20260827_dev_0000767,1,allow,0.246710159872,0.028783095908,0,0.028783095908,0,0,0,
cv_20260827_evt_0003711,cv_20260827_req_0001352,cv_20260827_dev_0001046,1,allow,0.253741960092,0.0690182853703,0,0.0690182853703,0,0,0,
cv_20260827_evt_0005205,cv_20260827_req_0001967,cv_20260827_dev_0001323,1,allow,0.154230906381,0.0193933904297,0,0.0193933904297,0,0,0,
cv_20260827_evt_0006443,cv_20260827_req_0002446,cv_20260827_dev_0001633,1,allow,0.145499997692,0.0193933904297,0,0.0193933904297,0,0,0,
cv_20260827_evt_0006445,cv_20260827_req_0002447,cv_20260827_dev_0001633,2,allow,0.345075301803,0.0930102271251,0,0.108523712625,0,0,0,stable_retry_risk_reduction
cv_20260827_evt_0006447,cv_20260827_req_0002448,cv_20260827_dev_0001633,3,allow,0.436982799607,0.0930102271251,1,0.201523741357,0,0,1,high_risk_with_card_diversity
cv_20260827_evt_0006164,cv_20260827_req_0002323,cv_20260827_dev_0001602,1,allow,0.137994053755,0.0116357732377,0,0.0116357732377,0,0,0,
cv_20260827_evt_0006166,cv_20260827_req_0002324,cv_20260827_dev_0001602,2,allow,0.360225535794,0.0930102271251,0,0.102318824379,0,0,0,stable_retry_risk_reduction
cv_20260827_evt_0006168,cv_20260827_req_0002325,cv_20260827_dev_0001602,3,allow,0.529034199487,0.323943661972,1,0.405797970981,0,0,0,stable_retry_risk_reduction
cv_20260827_evt_0001999,cv_20260827_req_0000727,cv_20260827_dev_0000570,1,allow,0.259867850274,0.0930102271251,0,0.0930102271251,0,0,0,
cv_20260827_evt_0005424,cv_20260827_req_0002048,cv_20260827_dev_0001382,1,allow,0.152751043221,0.0193933904297,0,0.0193933904297,0,0,0,
cv_20260827_evt_0009675,cv_20260827_req_0004005,cv_20260827_dev_0001827,1,allow,0.255589378247,0.0690182853703,0,0.0690182853703,0,0,0,
cv_20260827_evt_0009677,cv_20260827_req_0004006,cv_20260827_dev_0001827,2,allow,0.5083885003,0.284737559009,0,0.353745957556,0,0,0,
cv_20260827_evt_0009679,cv_20260827_req_0004007,cv_20260827_dev_0001827,3,allow,0.822710132425,0.627563763201,0,0.981256614724,1,1,0,
cv_20260827_evt_0009681,cv_20260827_req_0004008,cv_20260827_dev_0001827,4,allow,0.882898051551,0.920638394369,0,1.9017285831,2,2,2,high_risk_with_card_diversity|persistent_high_model_risk
cv_20260827_evt_0005575,cv_20260827_req_0002103,cv_20260827_dev_0001428,1,allow,0.141982817838,0.0116357732377,0,0.0116357732377,0,0,0,
cv_20260827_evt_0009683,cv_20260827_req_0004009,cv_20260827_dev_0001827,5,review,0.93622884884,0.968667664035,2,2.87017612767,3,3,4,persistent_high_model_risk|high_risk_with_card_diversity|high_risk_with_card_switching|high_risk_with_ip_rotation
cv_20260827_evt_0009685,cv_20260827_req_0004010,cv_20260827_dev_0001827,6,block,0.955667223992,0.978665935245,2,3.84832566699,4,4,4,persistent_high_model_risk|high_risk_with_card_diversity|high_risk_with_card_switching|high_risk_with_ip_rotation
cv_20260827_evt_0000129,cv_20260827_req_0000047,cv_20260827_dev_0000040,1,allow,0.0645904101056,0,0,0,0,0,0,
cv_20260827_evt_0003265,cv_20260827_req_0001189,cv_20260827_dev_0000920,1,allow,0.20706909698,0.0250286633218,0,0.0250286633218,0,0,0,
cv_20260827_evt_0003129,cv_20260827_req_0001140,cv_20260827_dev_0000886,1,allow,0.153143768003,0.0193933904297,0,0.0193933904297,0,0,0,
cv_20260827_evt_0005019,cv_20260827_req_0001891,cv_20260827_dev_0001287,1,allow,0.194429952078,0.0250286633218,0,0.0250286633218,0,0,0,
cv_20260827_evt_0005021,cv_20260827_req_0001892,cv_20260827_dev_0001287,2,allow,0.480416955168,0.284737559009,0,0.309764013701,0,0,0,
cv_20260827_evt_0005023,cv_20260827_req_0001893,cv_20260827_dev_0001287,3,allow,0.780177469326,0.474791810673,1,0.784544464156,0,0,1,high_risk_with_card_diversity
cv_20260827_evt_0006557,cv_20260827_req_0002499,cv_20260827_dev_0001650,1,allow,0.148826645809,0.0193933904297,0,0.0193933904297,0,0,0,
cv_20260827_evt_0006559,cv_20260827_req_0002500,cv_20260827_dev_0001650,2,allow,0.357792441063,0.0930102271251,0,0.108524174903,0,0,0,stable_retry_risk_reduction
cv_20260827_evt_0006561,cv_20260827_req_0002501,cv_20260827_dev_0001650,3,allow,0.477626508624,0.284737559009,1,0.371549138151,0,0,0,stable_retry_risk_reduction
cv_20260827_evt_0004131,cv_20260827_req_0001508,cv_20260827_dev_0001169,1,allow,0.151203090317,0.0193933904297,0,0.0193933904297,0,0,0,
cv_20260827_evt_0006563,cv_20260827_req_0002502,cv_20260827_dev_0001650,4,allow,0.76337351181,0.474791810673,1,0.772000463461,0,0,0,stable_retry_risk_reduction
cv_20260827_evt_0009156,cv_20260827_req_0003752,cv_20260827_dev_0001804,1,allow,0.253350031418,0.0690182853703,0,0.0690182853703,0,0,0,
cv_20260827_evt_0009158,cv_20260827_req_0003753,cv_20260827_dev_0001804,2,allow,0.540320406744,0.474791810673,0,0.54380890955,0,0,1,high_risk_with_card_diversity
cv_20260827_evt_0009160,cv_20260827_req_0003754,cv_20260827_dev_0001804,3,allow,0.833247620549,0.690081906596,0,1.23387710489,1,1,1,high_risk_with_card_diversity
cv_20260827_evt_0009162,cv_20260827_req_0003755,cv_20260827_dev_0001804,4,allow,0.919347235806,0.920638394369,3,2.15448721723,2,2,2,high_risk_with_card_diversity|persistent_high_model_risk
cv_20260827_evt_0009164,cv_20260827_req_0003756,cv_20260827_dev_0001804,5,review,0.946199305378,0.978665935245,2,3.13311364551,3,3,2,persistent_high_model_risk|high_risk_with_card_diversity
cv_20260827_evt_0009166,cv_20260827_req_0003757,cv_20260827_dev_0001804,6,block,0.966383674826,0.987077221928,3,4.12016214127,4,4,3,persistent_high_model_risk|high_risk_with_card_diversity|high_risk_with_ip_rotation
cv_20260827_evt_0009168,cv_20260827_req_0003758,cv_20260827_dev_0001804,7,block,0.967291612843,0.987077221928,4,5.10719686522,5,5,3,persistent_high_model_risk|high_risk_with_card_diversity|high_risk_with_ip_rotation
cv_20260827_evt_0009170,cv_20260827_req_0003759,cv_20260827_dev_0001804,8,block,0.97337804326,1,4,6.10706809558,6,6,3,persistent_high_model_risk|high_risk_with_card_diversity|high_risk_with_ip_rotation
cv_20260827_evt_0009172,cv_20260827_req_0003760,cv_20260827_dev_0001804,9,block,0.944117408485,0.968667664035,3,7.0756447711,7,7,3,persistent_high_model_risk|high_risk_with_card_diversity|high_risk_with_ip_rotation
cv_20260827_evt_0005132,cv_20260827_req_0001941,cv_20260827_dev_0001303,1,allow,0.132711283077,0.00820512873941,0,0.00820512873941,0,0,0,
cv_20260827_evt_0008379,cv_20260827_req_0003374,cv_20260827_dev_0001767,1,allow,0.257129031827,0.0831159150205,0,0.0831159150205,0,0,0,
cv_20260827_evt_0008381,cv_20260827_req_0003375,cv_20260827_dev_0001767,2,allow,0.30823131551,0.0930102271251,0,0.176126046888,0,0,0,
cv_20260827_evt_0008383,cv_20260827_req_0003376,cv_20260827_dev_0001767,3,allow,0.820341053555,0.627563763201,1,0.768464439228,1,1,0,stable_retry_risk_reduction
cv_20260827_evt_0008385,cv_20260827_req_0003377,cv_20260827_dev_0001767,4,allow,0.890623136977,0.920638394369,2,1.68910019144,2,2,1,persistent_high_model_risk
cv_20260827_evt_0008387,cv_20260827_req_0003378,cv_20260827_dev_0001767,5,review,0.939091287327,0.968667664035,2,2.65776011214,3,3,2,persistent_high_model_risk|high_risk_with_card_diversity
cv_20260827_evt_0008389,cv_20260827_req_0003379,cv_20260827_dev_0001767,6,block,0.920348367633,0.920638394369,2,3.57839546052,4,4,3,persistent_high_model_risk|high_risk_with_card_diversity|high_risk_with_ip_rotation
cv_20260827_evt_0008391,cv_20260827_req_0003380,cv_20260827_dev_0001767,7,block,0.96257589765,0.987077221928,4,4.56546858133,5,5,3,persistent_high_model_risk|high_risk_with_card_diversity|high_risk_with_ip_rotation
cv_20260827_evt_0008393,cv_20260827_req_0003381,cv_20260827_dev_0001767,8,block,0.967944167495,0.987077221928,4,5.55254057089,6,6,3,persistent_high_model_risk|high_risk_with_card_diversity|high_risk_with_ip_rotation
cv_20260827_evt_0008395,cv_20260827_req_0003382,cv_20260827_dev_0001767,9,block,0.983956051896,1,4,6.55253420725,7,7,3,persistent_high_model_risk|high_risk_with_card_diversity|high_risk_with_ip_rotation
cv_20260827_evt_0008397,cv_20260827_req_0003383,cv_20260827_dev_0001767,10,block,0.990012001205,1,4,7.55251918786,8,8,3,persistent_high_model_risk|high_risk_with_card_diversity|high_risk_with_ip_rotation
cv_20260827_evt_0008399,cv_20260827_req_0003384,cv_20260827_dev_0001767,11,block,0.970112169917,0.987077221928,4,8.5395617868,9,9,3,persistent_high_model_risk|high_risk_with_card_diversity|high_risk_with_ip_rotation
cv_20260827_evt_0001731,cv_20260827_req_0000628,cv_20260827_dev_0000495,1,allow,0.2349373043,0.028783095908,0,0.028783095908,0,0,0,
cv_20260827_evt_0001733,cv_20260827_req_0000629,cv_20260827_dev_0000495,2,allow,0.468873547016,0.0930102271251,0,0.121787715681,0,0,1,high_risk_with_card_diversity
cv_20260827_evt_0010076,cv_20260827_req_0004200,cv_20260827_dev_0001852,1,allow,0.259589138102,0.0930102271251,0,0.0930102271251,0,0,0,
cv_20260827_evt_0010078,cv_20260827_req_0004201,cv_20260827_dev_0001852,2,allow,0.48533778622,0.284737559009,0,0.377744055319,0,0,0,
cv_20260827_evt_0010080,cv_20260827_req_0004202,cv_20260827_dev_0001852,3,allow,0.817417894981,0.627563763201,1,1.00523163164,1,1,0,
cv_20260827_evt_0010082,cv_20260827_req_0004203,cv_20260827_dev_0001852,4,allow,0.746870759515,0.474791810673,1,1.47990363391,1,0,1,high_risk_with_card_diversity
cv_20260827_evt_0010084,cv_20260827_req_0004204,cv_20260827_dev_0001852,5,allow,0.927126509051,0.968667664035,3,2.44849667217,2,1,3,high_risk_with_card_diversity|high_risk_with_card_switching|persistent_high_model_risk
cv_20260827_evt_0010086,cv_20260827_req_0004205,cv_20260827_dev_0001852,6,review,0.972707456127,1,3,3.44817117867,3,2,4,persistent_high_model_risk|high_risk_with_card_diversity|high_risk_with_card_switching|high_risk_with_ip_rotation
cv_20260827_evt_0010088,cv_20260827_req_0004206,cv_20260827_dev_0001852,7,block,0.983865603448,1,3,4.44771674373,4,3,4,persistent_high_model_risk|high_risk_with_card_diversity|high_risk_with_card_switching|high_risk_with_ip_rotation
cv_20260827_evt_0010090,cv_20260827_req_0004207,cv_20260827_dev_0001852,8,block,0.973800827795,1,3,5.44740581171,5,4,4,persistent_high_model_risk|high_risk_with_card_diversity|high_risk_with_card_switching|high_risk_with_ip_rotation
cv_20260827_evt_0010092,cv_20260827_req_0004208,cv_20260827_dev_0001852,9,block,0.990755488823,1,3,6.4471123918,6,5,4,persistent_high_model_risk|high_risk_with_card_diversity|high_risk_with_card_switching|high_risk_with_ip_rotation
cv_20260827_evt_0001922,cv_20260827_req_0000699,cv_20260827_dev_0000547,1,allow,0.137036171108,0.0116357732377,0,0.0116357732377,0,0,0,
cv_20260827_evt_0005572,cv_20260827_req_0002102,cv_20260827_dev_0001427,1,allow,0.164606380701,0.0250286633218,0,0.0250286633218,0,0,0,
cv_20260827_evt_0000627,cv_20260827_req_0000229,cv_20260827_dev_0000183,1,allow,0.237853017647,0.028783095908,0,0.028783095908,0,0,0,
cv_20260827_evt_0000090,cv_20260827_req_0000033,cv_20260827_dev_0000030,1,allow,0.162425407831,0.0250286633218,0,0.0250286633218,0,0,0,
cv_20260827_evt_0002712,cv_20260827_req_0000990,cv_20260827_dev_0000764,1,allow,0.239094057308,0.028783095908,0,0.028783095908,0,0,0,
cv_20260827_evt_0005956,cv_20260827_req_0002247,cv_20260827_dev_0001541,1,allow,0.142475356688,0.0116357732377,0,0.0116357732377,0,0,0,
cv_20260827_evt_0001985,cv_20260827_req_0000722,cv_20260827_dev_0000566,1,allow,0.237627850795,0.028783095908,0,0.028783095908,0,0,0,
cv_20260827_evt_0000307,cv_20260827_req_0000112,cv_20260827_dev_0000088,1,allow,0.25440915658,0.0690182853703,0,0.0690182853703,0,0,0,
cv_20260827_evt_0000309,cv_20260827_req_0000113,cv_20260827_dev_0000088,2,allow,0.460775377249,0.0930102271251,0,0.162024794884,0,0,0,
cv_20260827_evt_0003666,cv_20260827_req_0001335,cv_20260827_dev_0001033,1,allow,0.149668053019,0.0193933904297,0,0.0193933904297,0,0,0,
cv_20260827_evt_0002604,cv_20260827_req_0000949,cv_20260827_dev_0000738,1,allow,0.116746781137,0.00548001258357,0,0.00548001258357,0,0,0,
cv_20260827_evt_0000567,cv_20260827_req_0000207,cv_20260827_dev_0000166,1,allow,0.228340192903,0.028783095908,0,0.028783095908,0,0,0,
cv_20260827_evt_0002638,cv_20260827_req_0000962,cv_20260827_dev_0000744,1,allow,0.217543484664,0.0259720802764,0,0.0259720802764,0,0,0,
cv_20260827_evt_0000374,cv_20260827_req_0000137,cv_20260827_dev_0000108,1,allow,0.217931479199,0.0259720802764,0,0.0259720802764,0,0,0,
cv_20260827_evt_0000151,cv_20260827_req_0000055,cv_20260827_dev_0000046,1,allow,0.222679914516,0.0259720802764,0,0.0259720802764,0,0,0,
cv_20260827_evt_0005484,cv_20260827_req_0002069,cv_20260827_dev_0001398,1,allow,0.0908266811855,0.00548001258357,0,0.00548001258357,0,0,0,
cv_20260827_evt_0000187,cv_20260827_req_0000068,cv_20260827_dev_0000057,1,allow,0.238040768777,0.028783095908,0,0.028783095908,0,0,0,
cv_20260827_evt_0003257,cv_20260827_req_0001186,cv_20260827_dev_0000918,1,allow,0.199286144952,0.0250286633218,0,0.0250286633218,0,0,0,
cv_20260827_evt_0003259,cv_20260827_req_0001187,cv_20260827_dev_0000918,2,allow,0.460316983406,0.0930102271251,0,0.118035133024,0,0,1,high_risk_with_card_diversity
cv_20260827_evt_0002310,cv_20260827_req_0000840,cv_20260827_dev_0000655,1,allow,0.240339530341,0.028783095908,0,0.028783095908,0,0,0,
cv_20260827_evt_0001760,cv_20260827_req_0000639,cv_20260827_dev_0000503,1,allow,0.149431011833,0.0193933904297,0,0.0193933904297,0,0,0,
cv_20260827_evt_0002160,cv_20260827_req_0000785,cv_20260827_dev_0000613,1,allow,0.160585241317,0.0250286633218,0,0.0250286633218,0,0,0,
cv_20260827_evt_0003373,cv_20260827_req_0001228,cv_20260827_dev_0000951,1,allow,0.206491667741,0.0250286633218,0,0.0250286633218,0,0,0,
cv_20260827_evt_0010737,cv_20260827_req_0004521,cv_20260827_dev_0001890,1,allow,0.255707597946,0.0690182853703,0,0.0690182853703,0,0,0,
cv_20260827_evt_0010739,cv_20260827_req_0004522,cv_20260827_dev_0001890,2,allow,0.540722106331,0.474791810673,0,0.543800130132,0,0,1,high_risk_with_card_diversity
cv_20260827_evt_0004047,cv_20260827_req_0001476,cv_20260827_dev_0001143,1,allow,0.229839669344,0.028783095908,0,0.028783095908,0,0,0,
cv_20260827_evt_0010741,cv_20260827_req_0004523,cv_20260827_dev_0001890,3,allow,0.899052520772,0.920638394369,2,1.46433258459,1,1,2,high_risk_with_card_diversity|high_risk_with_card_switching
cv_20260827_evt_0010743,cv_20260827_req_0004524,cv_20260827_dev_0001890,4,allow,0.908124472515,0.920638394369,2,2.38476792631,2,2,3,high_risk_with_card_diversity|high_risk_with_card_switching|persistent_high_model_risk
cv_20260827_evt_0010745,cv_20260827_req_0004525,cv_20260827_dev_0001890,5,review,0.91089241757,0.920638394369,2,3.30528606613,3,3,4,persistent_high_model_risk|high_risk_with_card_diversity|high_risk_with_card_switching|high_risk_with_ip_rotation
cv_20260827_evt_0010747,cv_20260827_req_0004526,cv_20260827_dev_0001890,6,block,0.974867519159,1,2,4.30461185109,4,4,4,persistent_high_model_risk|high_risk_with_card_diversity|high_risk_with_card_switching|high_risk_with_ip_rotation
cv_20260827_evt_0004210,cv_20260827_req_0001535,cv_20260827_dev_0001191,2,allow,0.069433429508,0,0,0.012466721569,0,0,0,successful_checkout_risk_reduction
cv_20260827_evt_0009191,cv_20260827_req_0003769,cv_20260827_dev_0001806,1,allow,0.231272399134,0.028783095908,0,0.028783095908,0,0,0,
cv_20260827_evt_0009193,cv_20260827_req_0003770,cv_20260827_dev_0001806,2,allow,0.481447245625,0.284737559009,0,0.313520588941,0,0,1,high_risk_with_card_diversity
cv_20260827_evt_0009195,cv_20260827_req_0003771,cv_20260827_dev_0001806,3,allow,0.752722291797,0.474791810673,2,0.788310962343,0,0,2,high_risk_with_card_diversity|high_risk_with_card_switching
cv_20260827_evt_0009197,cv_20260827_req_0003772,cv_20260827_dev_0001806,4,allow,0.889370666928,0.920638394369,4,1.70894845325,1,1,2,high_risk_with_card_diversity|high_risk_with_card_switching
cv_20260827_evt_0009199,cv_20260827_req_0003773,cv_20260827_dev_0001806,5,allow,0.923574650402,0.920638394369,4,2.62957901329,2,2,4,high_risk_with_card_diversity|high_risk_with_card_switching|high_risk_with_ip_rotation|persistent_high_model_risk
cv_20260827_evt_0009201,cv_20260827_req_0003774,cv_20260827_dev_0001806,6,review,0.984718852542,1,5,3.62956997221,3,3,4,rule_corroborated_review|high_risk_with_card_diversity|high_risk_with_card_switching|high_risk_with_ip_rotation|persistent_high_model_risk
cv_20260827_evt_0009203,cv_20260827_req_0003775,cv_20260827_dev_0001806,7,block,0.985437973605,1,5,4.62956581245,4,4,4,persistent_high_model_risk|high_risk_with_card_diversity|high_risk_with_card_switching|high_risk_with_ip_rotation
cv_20260827_evt_0009205,cv_20260827_req_0003776,cv_20260827_dev_0001806,8,block,0.996462143557,1,5,5.62955520078,5,5,4,persistent_high_model_risk|high_risk_with_card_diversity|high_risk_with_card_switching|high_risk_with_ip_rotation
cv_20260827_evt_0009207,cv_20260827_req_0003777,cv_20260827_dev_0001806,9,block,0.996094885668,1,5,6.62954874888,6,6,4,persistent_high_model_risk|high_risk_with_card_diversity|high_risk_with_card_switching|high_risk_with_ip_rotation
cv_20260827_evt_0009209,cv_20260827_req_0003778,cv_20260827_dev_0001806,10,block,0.997833587632,1,5,7.62951835707,7,7,4,persistent_high_model_risk|high_risk_with_card_diversity|high_risk_with_card_switching|high_risk_with_ip_rotation
cv_20260827_evt_0009211,cv_20260827_req_0003779,cv_20260827_dev_0001806,11,block,0.998463394523,1,5,8.62950961306,8,8,4,persistent_high_model_risk|high_risk_with_card_diversity|high_risk_with_card_switching|high_risk_with_ip_rotation
cv_20260827_evt_0009213,cv_20260827_req_0003780,cv_20260827_dev_0001806,12,block,0.995693004544,1,5,9.62947994287,9,9,4,persistent_high_model_risk|high_risk_with_card_diversity|high_risk_with_card_switching|high_risk_with_ip_rotation
cv_20260827_evt_0003171,cv_20260827_req_0001155,cv_20260827_dev_0000897,1,allow,0.236990675137,0.028783095908,0,0.028783095908,0,0,0,
cv_20260827_evt_0003690,cv_20260827_req_0001344,cv_20260827_dev_0001039,1,allow,0.208518040664,0.0259720802764,0,0.0259720802764,0,0,0,
cv_20260827_evt_0002068,cv_20260827_req_0000752,cv_20260827_dev_0000590,1,allow,0.141516629866,0.0116357732377,0,0.0116357732377,0,0,0,
cv_20260827_evt_0008736,cv_20260827_req_0003547,cv_20260827_dev_0001783,1,allow,0.204278162542,0.0250286633218,0,0.0250286633218,0,0,0,
cv_20260827_evt_0008738,cv_20260827_req_0003548,cv_20260827_dev_0001783,2,allow,0.470100642928,0.185777531398,0,0.210805592347,0,0,0,
cv_20260827_evt_0008740,cv_20260827_req_0003549,cv_20260827_dev_0001783,3,allow,0.793608208469,0.559667304185,0,0.770467098227,1,1,0,
cv_20260827_evt_0008742,cv_20260827_req_0003550,cv_20260827_dev_0001783,4,allow,0.878934172598,0.920638394369,2,1.69109754551,2,2,1,high_risk_with_card_diversity
cv_20260827_evt_0008744,cv_20260827_req_0003551,cv_20260827_dev_0001783,5,review,0.919465357428,0.920638394369,3,2.61169717777,3,3,3,persistent_high_model_risk|high_risk_with_card_diversity|high_risk_with_card_switching
cv_20260827_evt_0008746,cv_20260827_req_0003552,cv_20260827_dev_0001783,6,review,0.918974713088,0.920638394369,4,3.5322637362,4,4,3,persistent_high_model_risk|high_risk_with_card_diversity|high_risk_with_card_switching
cv_20260827_evt_0008748,cv_20260827_req_0003553,cv_20260827_dev_0001783,7,block,0.952426961405,0.978665935245,5,4.51088514103,5,5,4,persistent_high_model_risk|high_risk_with_card_diversity|high_risk_with_card_switching|high_risk_with_ip_rotation
cv_20260827_evt_0008750,cv_20260827_req_0003554,cv_20260827_dev_0001783,8,block,0.971681877776,1,4,5.51083344312,6,6,4,persistent_high_model_risk|high_risk_with_card_diversity|high_risk_with_card_switching|high_risk_with_ip_rotation
cv_20260827_evt_0008752,cv_20260827_req_0003555,cv_20260827_dev_0001783,9,block,0.978743310111,1,5,6.5106818651,7,7,4,persistent_high_model_risk|high_risk_with_card_diversity|high_risk_with_card_switching|high_risk_with_ip_rotation
cv_20260827_evt_0001904,cv_20260827_req_0000692,cv_20260827_dev_0000543,1,allow,0.149694410046,0.0193933904297,0,0.0193933904297,0,0,0,
cv_20260827_evt_0005534,cv_20260827_req_0002087,cv_20260827_dev_0001414,1,allow,0.128201378623,0.00820512873941,0,0.00820512873941,0,0,0,
cv_20260827_evt_0001144,cv_20260827_req_0000415,cv_20260827_dev_0000332,1,allow,0.235160708099,0.028783095908,0,0.028783095908,0,0,0,
cv_20260827_evt_0000508,cv_20260827_req_0000186,cv_20260827_dev_0000148,1,allow,0.255944145005,0.0690182853703,0,0.0690182853703,0,0,0,
cv_20260827_evt_0002995,cv_20260827_req_0001091,cv_20260827_dev_0000846,1,allow,0.215051161948,0.0259720802764,0,0.0259720802764,0,0,0,
cv_20260827_evt_0006816,cv_20260827_req_0002615,cv_20260827_dev_0001682,1,allow,0.146818004089,0.0193933904297,0,0.0193933904297,0,0,0,
cv_20260827_evt_0004083,cv_20260827_req_0001490,cv_20260827_dev_0001154,1,allow,0.160212056395,0.0250286633218,0,0.0250286633218,0,0,0,
cv_20260827_evt_0006818,cv_20260827_req_0002616,cv_20260827_dev_0001682,2,allow,0.363742819373,0.0930102271251,0,0.112401417275,0,0,1,high_risk_with_card_diversity
cv_20260827_evt_0006820,cv_20260827_req_0002617,cv_20260827_dev_0001682,3,allow,0.611396939604,0.474791810673,2,0.587184597296,0,0,2,high_risk_with_card_diversity|high_risk_with_card_switching
cv_20260827_evt_0002203,cv_20260827_req_0000800,cv_20260827_dev_0000626,1,allow,0.242425155784,0.028783095908,0,0.028783095908,0,0,0,
cv_20260827_evt_0012367,cv_20260827_req_0005311,cv_20260827_dev_0001995,1,allow,0.218125503767,0.0259720802764,0,0.0259720802764,0,0,0,
cv_20260827_evt_0005885,cv_20260827_req_0002219,cv_20260827_dev_0001521,1,allow,0.107138125329,0.00548001258357,0,0.00548001258357,0,0,0,
cv_20260827_evt_0009350,cv_20260827_req_0003847,cv_20260827_dev_0001812,1,allow,0.223415763995,0.0259720802764,0,0.0259720802764,0,0,0,
cv_20260827_evt_0009352,cv_20260827_req_0003848,cv_20260827_dev_0001812,2,allow,0.360700054743,0.0930102271251,0,0.11898224787,0,0,1,high_risk_with_card_diversity
cv_20260827_evt_0009354,cv_20260827_req_0003849,cv_20260827_dev_0001812,3,allow,0.879989595676,0.920638394369,1,1.03962009679,1,1,2,high_risk_with_card_diversity|high_risk_with_card_switching
cv_20260827_evt_0009356,cv_20260827_req_0003850,cv_20260827_dev_0001812,4,allow,0.946591142406,0.978665935245,3,2.01828126611,2,2,3,high_risk_with_card_diversity|high_risk_with_card_switching|persistent_high_model_risk
cv_20260827_evt_0009358,cv_20260827_req_0003851,cv_20260827_dev_0001812,5,review,0.949071884216,0.978665935245,3,2.99694257515,3,3,3,persistent_high_model_risk|high_risk_with_card_diversity|high_risk_with_card_switching
cv_20260827_evt_0009360,cv_20260827_req_0003852,cv_20260827_dev_0001812,6,block,0.978926361091,1,5,3.99693227099,4,4,3,persistent_high_model_risk|high_risk_with_card_diversity|high_risk_with_card_switching
cv_20260827_evt_0009362,cv_20260827_req_0003853,cv_20260827_dev_0001812,7,block,0.961571775581,0.987077221928,5,4.98399116979,5,5,4,persistent_high_model_risk|high_risk_with_card_diversity|high_risk_with_card_switching|high_risk_with_ip_rotation
cv_20260827_evt_0009364,cv_20260827_req_0003854,cv_20260827_dev_0001812,8,block,0.982405765438,1,5,5.98397974573,6,6,4,persistent_high_model_risk|high_risk_with_card_diversity|high_risk_with_card_switching|high_risk_with_ip_rotation
cv_20260827_evt_0009366,cv_20260827_req_0003855,cv_20260827_dev_0001812,9,block,0.979255692898,1,4,6.98395917147,7,7,4,persistent_high_model_risk|high_risk_with_card_diversity|high_risk_with_card_switching|high_risk_with_ip_rotation
cv_20260827_evt_0005887,cv_20260827_req_0002220,cv_20260827_dev_0001521,2,allow,0.368639173784,0.0930102271251,0,0.0984891344496,0,0,0,
cv_20260827_evt_0012369,cv_20260827_req_0005312,cv_20260827_dev_0001995,2,allow,0.733203545611,0.474791810673,0,0.500734766382,0,0,0,
cv_20260827_evt_0000717,cv_20260827_req_0000261,cv_20260827_dev_0000208,1,allow,0.2449441042,0.028783095908,0,0.028783095908,0,0,0,
cv_20260827_evt_0006063,cv_20260827_req_0002286,cv_20260827_dev_0001571,1,allow,0.141479009958,0.0116357732377,0,0.0116357732377,0,0,0,
cv_20260827_evt_0002182,cv_20260827_req_0000793,cv_20260827_dev_0000619,1,allow,0.213725786063,0.0259720802764,0,0.0259720802764,0,0,0,
cv_20260827_evt_0010189,cv_20260827_req_0004255,cv_20260827_dev_0001857,1,allow,0.263307841376,0.0930102271251,0,0.0930102271251,0,0,0,
cv_20260827_evt_0010191,cv_20260827_req_0004256,cv_20260827_dev_0001857,2,allow,0.788814903011,0.488843813387,0,0.581842102431,0,0,0,
cv_20260827_evt_0010193,cv_20260827_req_0004257,cv_20260827_dev_0001857,3,allow,0.874584076787,0.920638394369,1,1.38607900244,1,1,0,stable_retry_risk_reduction
cv_20260827_evt_0010195,cv_20260827_req_0004258,cv_20260827_dev_0001857,4,allow,0.88794419162,0.920638394369,0,2.30668086058,2,2,2,high_risk_with_card_diversity|persistent_high_model_risk
cv_20260827_evt_0010197,cv_20260827_req_0004259,cv_20260827_dev_0001857,5,review,0.929268363947,0.968667664035,0,3.27515290405,3,3,3,persistent_high_model_risk|high_risk_with_card_diversity|high_risk_with_ip_rotation
cv_20260827_evt_0010199,cv_20260827_req_0004260,cv_20260827_dev_0001857,6,block,0.926286374617,0.920638394369,1,4.1956374054,4,4,3,persistent_high_model_risk|high_risk_with_card_diversity|high_risk_with_ip_rotation
cv_20260827_evt_0010201,cv_20260827_req_0004261,cv_20260827_dev_0001857,7,block,0.970792215231,1,1,5.19532967127,5,5,3,persistent_high_model_risk|high_risk_with_card_diversity|high_risk_with_ip_rotation
cv_20260827_evt_0011257,cv_20260827_req_0004773,cv_20260827_dev_0001918,1,allow,0.22719267915,0.028783095908,0,0.028783095908,0,0,0,
cv_20260827_evt_0011259,cv_20260827_req_0004774,cv_20260827_dev_0001918,2,allow,0.464088647029,0.0930102271251,0,0.121785670919,0,0,0,
cv_20260827_evt_0000669,cv_20260827_req_0000244,cv_20260827_dev_0000196,1,allow,0.193620359871,0.0250286633218,0,0.0250286633218,0,0,0,
cv_20260827_evt_0001486,cv_20260827_req_0000540,cv_20260827_dev_0000426,1,allow,0.23467685246,0.028783095908,0,0.028783095908,0,0,0,
cv_20260827_evt_0011261,cv_20260827_req_0004775,cv_20260827_dev_0001918,3,allow,0.885540279397,0.920638394369,1,1.01796805005,1,1,0,stable_retry_risk_reduction
cv_20260827_evt_0006020,cv_20260827_req_0002270,cv_20260827_dev_0001557,1,allow,0.152536762725,0.0193933904297,0,0.0193933904297,0,0,0,
cv_20260827_evt_0001192,cv_20260827_req_0000432,cv_20260827_dev_0000346,1,allow,0.123038658345,0.00548001258357,0,0.00548001258357,0,0,0,
cv_20260827_evt_0001008,cv_20260827_req_0000366,cv_20260827_dev_0000293,2,allow,0.0869402319457,0.00548001258357,0,0.0198170222842,0,0,3,successful_checkout_risk_reduction|high_risk_with_card_diversity|cross_session_card_diversity|high_risk_with_ip_rotation
cv_20260827_evt_0004100,cv_20260827_req_0001496,cv_20260827_dev_0001159,1,allow,0.220198796262,0.0259720802764,0,0.0259720802764,0,0,0,
cv_20260827_evt_0006877,cv_20260827_req_0002642,cv_20260827_dev_0001687,1,allow,0.145011491522,0.0193933904297,0,0.0193933904297,0,0,0,
cv_20260827_evt_0006879,cv_20260827_req_0002643,cv_20260827_dev_0001687,2,allow,0.349759857654,0.0930102271251,0,0.108524246023,0,0,0,stable_retry_risk_reduction
cv_20260827_evt_0006881,cv_20260827_req_0002644,cv_20260827_dev_0001687,3,allow,0.476232481001,0.284737559009,1,0.37155267736,0,0,0,stable_retry_risk_reduction
cv_20260827_evt_0010643,cv_20260827_req_0004475,cv_20260827_dev_0001884,1,allow,0.21596143053,0.0259720802764,0,0.0259720802764,0,0,0,
cv_20260827_evt_0010645,cv_20260827_req_0004476,cv_20260827_dev_0001884,2,allow,0.437788591441,0.0930102271251,0,0.118981473967,0,0,0,
cv_20260827_evt_0010647,cv_20260827_req_0004477,cv_20260827_dev_0001884,3,allow,0.776697331602,0.474791810673,0,0.593768103001,0,0,1,high_risk_with_card_diversity
cv_20260827_evt_0010649,cv_20260827_req_0004478,cv_20260827_dev_0001884,4,allow,0.894963660095,0.920638394369,0,1.51436770992,1,1,1,high_risk_with_card_diversity
cv_20260827_evt_0010651,cv_20260827_req_0004479,cv_20260827_dev_0001884,5,allow,0.940944025549,0.968667664035,1,2.48293818451,2,2,2,high_risk_with_card_diversity|persistent_high_model_risk
cv_20260827_evt_0000418,cv_20260827_req_0000153,cv_20260827_dev_0000122,1,allow,0.246825634355,0.028783095908,0,0.028783095908,0,0,0,
cv_20260827_evt_0000924,cv_20260827_req_0000335,cv_20260827_dev_0000271,1,allow,0.193782073132,0.0250286633218,0,0.0250286633218,0,0,0,
cv_20260827_evt_0011058,cv_20260827_req_0004676,cv_20260827_dev_0001906,1,allow,0.160686276993,0.0250286633218,0,0.0250286633218,0,0,0,
cv_20260827_evt_0011060,cv_20260827_req_0004677,cv_20260827_dev_0001906,2,allow,0.344895016264,0.0930102271251,0,0.118038144654,0,0,1,high_risk_with_card_diversity
cv_20260827_evt_0001817,cv_20260827_req_0000660,cv_20260827_dev_0000517,1,allow,0.1986152857,0.0250286633218,0,0.0250286633218,0,0,0,
cv_20260827_evt_0011062,cv_20260827_req_0004678,cv_20260827_dev_0001906,3,allow,0.818209731764,0.627563763201,0,0.745580670685,1,1,1,high_risk_with_card_diversity
cv_20260827_evt_0011064,cv_20260827_req_0004679,cv_20260827_dev_0001906,4,allow,0.923451090632,0.920638394369,2,1.66620112093,2,2,3,high_risk_with_card_diversity|high_risk_with_card_switching|persistent_high_model_risk
cv_20260827_evt_0011066,cv_20260827_req_0004680,cv_20260827_dev_0001906,5,review,0.947822609358,0.978665935245,2,2.64455200291,3,3,3,persistent_high_model_risk|high_risk_with_card_diversity|high_risk_with_card_switching
cv_20260827_evt_0001498,cv_20260827_req_0000544,cv_20260827_dev_0000429,1,allow,0.185102302321,0.0250286633218,0,0.0250286633218,0,0,0,
cv_20260827_evt_0005235,cv_20260827_req_0001978,cv_20260827_dev_0001331,1,allow,0.132997566653,0.00820512873941,0,0.00820512873941,0,0,0,
cv_20260827_evt_0002900,cv_20260827_req_0001056,cv_20260827_dev_0000820,1,allow,0.154423706733,0.0193933904297,0,0.0193933904297,0,0,0,
cv_20260827_evt_0002902,cv_20260827_req_0001057,cv_20260827_dev_0000820,2,allow,0.309350566375,0.0930102271251,0,0.1124028841,0,0,0,
cv_20260827_evt_0005475,cv_20260827_req_0002066,cv_20260827_dev_0001395,1,allow,0.123027385474,0.00548001258357,0,0.00548001258357,0,0,0,
cv_20260827_evt_0000747,cv_20260827_req_0000272,cv_20260827_dev_0000216,1,allow,0.22073264064,0.0259720802764,0,0.0259720802764,0,0,0,
cv_20260827_evt_0005512,cv_20260827_req_0002079,cv_20260827_dev_0001407,1,allow,0.131228544848,0.00820512873941,0,0.00820512873941,0,0,0,
cv_20260827_evt_0004809,cv_20260827_req_0001798,cv_20260827_dev_0001265,1,allow,0.225651293281,0.028783095908,0,0.028783095908,0,0,0,
cv_20260827_evt_0004811,cv_20260827_req_0001799,cv_20260827_dev_0001265,2,allow,0.494223001922,0.284737559009,0,0.313519335441,0,0,0,
cv_20260827_evt_0004813,cv_20260827_req_0001800,cv_20260827_dev_0001265,3,allow,0.72846954195,0.474791810673,1,0.78829785166,0,0,1,high_risk_with_card_diversity
cv_20260827_evt_0003726,cv_20260827_req_0001358,cv_20260827_dev_0001051,1,allow,0.235869123631,0.028783095908,0,0.028783095908,0,0,0,
cv_20260827_evt_0009908,cv_20260827_req_0004119,cv_20260827_dev_0001841,1,allow,0.194300244954,0.0250286633218,0,0.0250286633218,0,0,0,
cv_20260827_evt_0001988,cv_20260827_req_0000723,cv_20260827_dev_0000566,2,allow,0.055906055498,0,0,0.014336500339,0,0,0,successful_checkout_risk_reduction
cv_20260827_evt_0009910,cv_20260827_req_0004120,cv_20260827_dev_0001841,2,allow,0.332578672291,0.0930102271251,0,0.118034674141,0,0,1,high_risk_with_card_diversity
cv_20260827_evt_0009912,cv_20260827_req_0004121,cv_20260827_dev_0001841,3,allow,0.873125645717,0.920638394369,3,1.0386565659,1,1,2,high_risk_with_card_diversity|high_risk_with_card_switching
cv_20260827_evt_0009914,cv_20260827_req_0004122,cv_20260827_dev_0001841,4,allow,0.828120304028,0.627563763201,2,1.66611915172,2,2,3,high_risk_with_card_diversity|high_risk_with_card_switching|persistent_high_model_risk
cv_20260827_evt_0009916,cv_20260827_req_0004123,cv_20260827_dev_0001841,5,review,0.945698097686,0.978665935245,2,2.64458460149,3,3,3,persistent_high_model_risk|high_risk_with_card_diversity|high_risk_with_card_switching
cv_20260827_evt_0009918,cv_20260827_req_0004124,cv_20260827_dev_0001841,6,block,0.973555405268,1,2,3.64431789603,4,4,4,persistent_high_model_risk|high_risk_with_card_diversity|high_risk_with_card_switching|high_risk_with_ip_rotation
cv_20260827_evt_0009920,cv_20260827_req_0004125,cv_20260827_dev_0001841,7,block,0.981252139418,1,2,4.64401301203,5,5,4,persistent_high_model_risk|high_risk_with_card_diversity|high_risk_with_card_switching|high_risk_with_ip_rotation
cv_20260827_evt_0009922,cv_20260827_req_0004126,cv_20260827_dev_0001841,8,block,0.986499115542,1,2,5.64312425711,6,6,4,persistent_high_model_risk|high_risk_with_card_diversity|high_risk_with_card_switching|high_risk_with_ip_rotation
cv_20260827_evt_0011115,cv_20260827_req_0004704,cv_20260827_dev_0001910,1,allow,0.217613992013,0.0259720802764,0,0.0259720802764,0,0,0,
cv_20260827_evt_0011117,cv_20260827_req_0004705,cv_20260827_dev_0001910,2,allow,0.51252468475,0.284737559009,0,0.310708359379,0,0,0,
cv_20260827_evt_0011119,cv_20260827_req_0004706,cv_20260827_dev_0001910,3,allow,0.814166982269,0.584793744945,0,0.833332231275,1,1,0,stable_retry_risk_reduction
cv_20260827_evt_0011121,cv_20260827_req_0004707,cv_20260827_dev_0001910,4,allow,0.809919309778,0.584793744945,0,1.41808108948,2,2,0,
cv_20260827_evt_0011123,cv_20260827_req_0004708,cv_20260827_dev_0001910,5,review,0.894802095491,0.920638394369,0,2.33844322172,3,3,1,persistent_high_model_risk|high_risk_with_card_diversity
cv_20260827_evt_0011125,cv_20260827_req_0004709,cv_20260827_dev_0001910,6,review,0.907866601911,0.920638394369,0,3.25867160664,4,4,2,persistent_high_model_risk|high_risk_with_card_diversity
cv_20260827_evt_0011127,cv_20260827_req_0004710,cv_20260827_dev_0001910,7,review,0.959868738751,0.978665935245,0,4.2371844233,5,5,3,persistent_high_model_risk|high_risk_with_card_diversity|high_risk_with_ip_rotation
cv_20260827_evt_0011129,cv_20260827_req_0004711,cv_20260827_dev_0001910,8,block,0.976913237975,1,1,5.23643178871,6,6,3,persistent_high_model_risk|high_risk_with_card_diversity|high_risk_with_ip_rotation
cv_20260827_evt_0000742,cv_20260827_req_0000270,cv_20260827_dev_0000215,1,allow,0.225578932649,0.028783095908,0,0.028783095908,0,0,0,
cv_20260827_evt_0003427,cv_20260827_req_0001248,cv_20260827_dev_0000966,1,allow,0.252489197248,0.0690182853703,0,0.0690182853703,0,0,0,
cv_20260827_evt_0003193,cv_20260827_req_0001163,cv_20260827_dev_0000902,1,allow,0.216119101367,0.0259720802764,0,0.0259720802764,0,0,0,
cv_20260827_evt_0001682,cv_20260827_req_0000610,cv_20260827_dev_0000481,1,allow,0.243110391041,0.028783095908,0,0.028783095908,0,0,0,
cv_20260827_evt_0000304,cv_20260827_req_0000111,cv_20260827_dev_0000087,1,allow,0.256023025918,0.0690182853703,0,0.0690182853703,0,0,0,
cv_20260827_evt_0003244,cv_20260827_req_0001181,cv_20260827_dev_0000914,1,allow,0.262785969872,0.0930102271251,0,0.0930102271251,0,0,0,
cv_20260827_evt_0003746,cv_20260827_req_0001365,cv_20260827_dev_0001058,1,allow,0.229143932387,0.028783095908,0,0.028783095908,0,0,0,
cv_20260827_evt_0000569,cv_20260827_req_0000208,cv_20260827_dev_0000166,2,allow,0.381785258845,0.0930102271251,0,0.119078861905,0,0,0,
cv_20260827_evt_0001972,cv_20260827_req_0000717,cv_20260827_dev_0000562,1,allow,0.182338374145,0.0250286633218,0,0.0250286633218,0,0,0,
cv_20260827_evt_0000633,cv_20260827_req_0000231,cv_20260827_dev_0000185,1,allow,0.232231015198,0.028783095908,0,0.028783095908,0,0,0,
cv_20260827_evt_0012243,cv_20260827_req_0005251,cv_20260827_dev_0001987,1,allow,0.238567013877,0.028783095908,0,0.028783095908,0,0,0,
cv_20260827_evt_0012245,cv_20260827_req_0005252,cv_20260827_dev_0001987,2,allow,0.671238647736,0.474791810673,0,0.503550308322,0,0,0,
cv_20260827_evt_0006422,cv_20260827_req_0002436,cv_20260827_dev_0001631,1,allow,0.141579651942,0.0116357732377,0,0.0116357732377,0,0,0,
cv_20260827_evt_0006424,cv_20260827_req_0002437,cv_20260827_dev_0001631,2,allow,0.351422337986,0.0930102271251,0,0.104645133588,0,0,0,
cv_20260827_evt_0006426,cv_20260827_req_0002438,cv_20260827_dev_0001631,3,allow,0.650537586109,0.474791810673,1,0.579433946021,0,0,0,
cv_20260827_evt_0012247,cv_20260827_req_0005253,cv_20260827_dev_0001987,3,allow,0.921589909472,0.920638394369,0,1.32319664974,1,1,0,stable_retry_risk_reduction
cv_20260827_evt_0001803,cv_20260827_req_0000655,cv_20260827_dev_0000513,1,allow,0.15149567356,0.0193933904297,0,0.0193933904297,0,0,0,
cv_20260827_evt_0003107,cv_20260827_req_0001132,cv_20260827_dev_0000879,1,allow,0.236354678318,0.028783095908,0,0.028783095908,0,0,0,
cv_20260827_evt_0000331,cv_20260827_req_0000121,cv_20260827_dev_0000094,1,allow,0.226720358309,0.028783095908,0,0.028783095908,0,0,0,
cv_20260827_evt_0005357,cv_20260827_req_0002023,cv_20260827_dev_0001366,1,allow,0.154284939832,0.0193933904297,0,0.0193933904297,0,0,0,
cv_20260827_evt_0000497,cv_20260827_req_0000182,cv_20260827_dev_0000146,1,allow,0.231861989021,0.028783095908,0,0.028783095908,0,0,0,
cv_20260827_evt_0008844,cv_20260827_req_0003599,cv_20260827_dev_0001788,1,allow,0.252880245252,0.0690182853703,0,0.0690182853703,0,0,0,
cv_20260827_evt_0008846,cv_20260827_req_0003600,cv_20260827_dev_0001788,2,allow,0.535628533096,0.474791810673,0,0.530006249129,0,0,0,stable_retry_risk_reduction
cv_20260827_evt_0008848,cv_20260827_req_0003601,cv_20260827_dev_0001788,3,allow,0.77386310984,0.474791810673,1,1.00479745237,0,0,1,high_risk_with_card_diversity
cv_20260827_evt_0008850,cv_20260827_req_0003602,cv_20260827_dev_0001788,4,allow,0.921904798421,0.920638394369,4,1.92543239202,1,1,2,high_risk_with_card_diversity|high_risk_with_card_switching
cv_20260827_evt_0008852,cv_20260827_req_0003603,cv_20260827_dev_0001788,5,allow,0.964701840615,0.987077221928,4,2.91250299388,2,2,3,high_risk_with_card_diversity|high_risk_with_card_switching|persistent_high_model_risk
cv_20260827_evt_0008854,cv_20260827_req_0003604,cv_20260827_dev_0001788,6,review,0.978696805745,1,5,3.91248964211,3,3,3,rule_corroborated_review|high_risk_with_card_diversity|high_risk_with_card_switching|persistent_high_model_risk
cv_20260827_evt_0008856,cv_20260827_req_0003605,cv_20260827_dev_0001788,7,block,0.985503284775,1,5,4.9124717061,4,4,4,persistent_high_model_risk|high_risk_with_card_diversity|high_risk_with_card_switching|high_risk_with_ip_rotation
cv_20260827_evt_0008858,cv_20260827_req_0003606,cv_20260827_dev_0001788,8,block,0.986336794229,1,5,5.91246044597,5,5,4,persistent_high_model_risk|high_risk_with_card_diversity|high_risk_with_card_switching|high_risk_with_ip_rotation
cv_20260827_evt_0008860,cv_20260827_req_0003607,cv_20260827_dev_0001788,9,block,0.992170075564,1,5,6.91245366984,6,6,4,persistent_high_model_risk|high_risk_with_card_diversity|high_risk_with_card_switching|high_risk_with_ip_rotation
cv_20260827_evt_0008862,cv_20260827_req_0003608,cv_20260827_dev_0001788,10,block,0.994744777518,1,5,7.91242990328,7,7,4,persistent_high_model_risk|high_risk_with_card_diversity|high_risk_with_card_switching|high_risk_with_ip_rotation
cv_20260827_evt_0002825,cv_20260827_req_0001030,cv_20260827_dev_0000796,1,allow,0.248910382524,0.028783095908,0,0.028783095908,0,0,0,
cv_20260827_evt_0011588,cv_20260827_req_0004934,cv_20260827_dev_0001939,1,allow,0.244982405748,0.028783095908,0,0.028783095908,0,0,0,
cv_20260827_evt_0011590,cv_20260827_req_0004935,cv_20260827_dev_0001939,2,allow,0.558788797494,0.474791810673,0,0.503560923221,0,0,0,
cv_20260827_evt_0011435,cv_20260827_req_0004859,cv_20260827_dev_0001929,1,allow,0.223200261823,0.0259720802764,0,0.0259720802764,0,0,0,
cv_20260827_evt_0011437,cv_20260827_req_0004860,cv_20260827_dev_0001929,2,allow,0.737080546442,0.474791810673,0,0.500737293777,0,0,0,
cv_20260827_evt_0000208,cv_20260827_req_0000076,cv_20260827_dev_0000063,1,allow,0.211069710884,0.0259720802764,0,0.0259720802764,0,0,0,
cv_20260827_evt_0011439,cv_20260827_req_0004861,cv_20260827_dev_0001929,3,allow,0.950635386287,0.978665935245,0,1.37889736838,1,1,0,stable_retry_risk_reduction
cv_20260827_evt_0000275,cv_20260827_req_0000100,cv_20260827_dev_0000080,1,allow,0.204261180128,0.0250286633218,0,0.0250286633218,0,0,0,
cv_20260827_evt_0005646,cv_20260827_req_0002129,cv_20260827_dev_0001453,1,allow,0.153502968455,0.0193933904297,0,0.0193933904297,0,0,0,
cv_20260827_evt_0005707,cv_20260827_req_0002152,cv_20260827_dev_0001469,1,allow,0.152911915473,0.0193933904297,0,0.0193933904297,0,0,0,
cv_20260827_evt_0003751,cv_20260827_req_0001367,cv_20260827_dev_0001060,1,allow,0.248794254893,0.028783095908,0,0.028783095908,0,0,0,
cv_20260827_evt_0002391,cv_20260827_req_0000870,cv_20260827_dev_0000677,1,allow,0.258714450214,0.0930102271251,0,0.0930102271251,0,0,0,
cv_20260827_evt_0000995,cv_20260827_req_0000361,cv_20260827_dev_0000290,1,allow,0.248330106828,0.028783095908,0,0.028783095908,0,0,0,
cv_20260827_evt_0005840,cv_20260827_req_0002202,cv_20260827_dev_0001509,1,allow,0.0923080753693,0.00548001258357,0,0.00548001258357,0,0,0,
cv_20260827_evt_0005160,cv_20260827_req_0001951,cv_20260827_dev_0001310,1,allow,0.140688427852,0.0116357732377,0,0.0116357732377,0,0,0,
cv_20260827_evt_0006823,cv_20260827_req_0002618,cv_20260827_dev_0001682,4,allow,0.277040811787,0.0930102271251,1,0.385601236475,0,0,3,successful_checkout_risk_reduction|high_risk_with_card_diversity|high_risk_with_card_switching|cross_session_card_diversity
cv_20260827_evt_0006825,cv_20260827_req_0002619,cv_20260827_dev_0001682,5,allow,0.356855407875,0.0930102271251,1,0.401488741515,0,0,3,stable_retry_risk_reduction|high_risk_with_card_diversity|high_risk_with_card_switching|cross_session_card_diversity
cv_20260827_evt_0006827,cv_20260827_req_0002620,cv_20260827_dev_0001682,6,allow,0.474473011062,0.284737559009,2,0.68622445998,0,0,3,high_risk_with_card_diversity|high_risk_with_card_switching|cross_session_card_diversity
cv_20260827_evt_0001661,cv_20260827_req_0000602,cv_20260827_dev_0000474,1,allow,0.251084743497,0.028783095908,0,0.028783095908,0,0,0,
cv_20260827_evt_0001869,cv_20260827_req_0000679,cv_20260827_dev_0000532,1,allow,0.253898843558,0.0690182853703,0,0.0690182853703,0,0,0,
cv_20260827_evt_0004044,cv_20260827_req_0001475,cv_20260827_dev_0001142,1,allow,0.247789334079,0.028783095908,0,0.028783095908,0,0,0,
cv_20260827_evt_0005478,cv_20260827_req_0002067,cv_20260827_dev_0001396,1,allow,0.113985216387,0.00548001258357,0,0.00548001258357,0,0,0,
cv_20260827_evt_0004464,cv_20260827_req_0001644,cv_20260827_dev_0001224,4,allow,0.111729883998,0.00548001258357,0,0.399437940241,1,0,0,successful_checkout_risk_reduction
cv_20260827_evt_0004466,cv_20260827_req_0001645,cv_20260827_dev_0001224,5,allow,0.274451565842,0.0930102271251,0,0.492422074388,1,0,2,high_risk_with_card_diversity|cross_session_card_diversity
cv_20260827_evt_0004468,cv_20260827_req_0001646,cv_20260827_dev_0001224,6,allow,0.343160721394,0.0930102271251,2,0.585382076616,1,0,3,high_risk_with_card_diversity|high_risk_with_card_switching|cross_session_card_diversity
cv_20260827_evt_0003980,cv_20260827_req_0001451,cv_20260827_dev_0001124,1,allow,0.242159030362,0.028783095908,0,0.028783095908,0,0,0,
cv_20260827_evt_0001036,cv_20260827_req_0000376,cv_20260827_dev_0000301,1,allow,0.235309725676,0.028783095908,0,0.028783095908,0,0,0,
cv_20260827_evt_0012371,cv_20260827_req_0005313,cv_20260827_dev_0001995,3,allow,0.787719058263,0.488843813387,0,0.943011958503,0,0,3,high_risk_with_card_diversity|cross_session_card_diversity|high_risk_with_ip_rotation
cv_20260827_evt_0012373,cv_20260827_req_0005314,cv_20260827_dev_0001995,4,allow,0.946101899284,0.978665935245,0,1.92064093084,1,1,3,high_risk_with_card_diversity|cross_session_card_diversity|high_risk_with_ip_rotation
cv_20260827_evt_0007123,cv_20260827_req_0002758,cv_20260827_dev_0001708,1,allow,0.243567944365,0.028783095908,0,0.028783095908,0,0,0,
cv_20260827_evt_0007125,cv_20260827_req_0002759,cv_20260827_dev_0001708,2,allow,0.329849761361,0.0930102271251,0,0.121793257058,0,0,0,
cv_20260827_evt_0007127,cv_20260827_req_0002760,cv_20260827_dev_0001708,3,allow,0.825919264486,0.627563763201,1,0.724998033845,1,1,0,stable_retry_risk_reduction
cv_20260827_evt_0007129,cv_20260827_req_0002761,cv_20260827_dev_0001708,4,allow,0.901115566792,0.920638394369,2,1.50063482728,2,2,1,stable_retry_risk_reduction|persistent_high_model_risk
cv_20260827_evt_0007131,cv_20260827_req_0002762,cv_20260827_dev_0001708,5,review,0.903646635652,0.920638394369,2,2.42127150181,3,3,3,persistent_high_model_risk|high_risk_with_card_diversity|high_risk_with_ip_rotation
cv_20260827_evt_0007133,cv_20260827_req_0002763,cv_20260827_dev_0001708,6,block,0.947066449398,0.978665935245,3,3.39992633723,4,4,3,persistent_high_model_risk|high_risk_with_card_diversity|high_risk_with_ip_rotation
cv_20260827_evt_0007135,cv_20260827_req_0002764,cv_20260827_dev_0001708,7,block,0.963582213453,0.987077221928,3,4.38699186945,5,5,3,persistent_high_model_risk|high_risk_with_card_diversity|high_risk_with_ip_rotation
cv_20260827_evt_0007137,cv_20260827_req_0002765,cv_20260827_dev_0001708,8,block,0.964184534912,0.987077221928,3,5.3740489801,6,6,3,persistent_high_model_risk|high_risk_with_card_diversity|high_risk_with_ip_rotation
cv_20260827_evt_0007139,cv_20260827_req_0002766,cv_20260827_dev_0001708,9,block,0.983557335033,1,3,6.37403666197,7,7,3,persistent_high_model_risk|high_risk_with_card_diversity|high_risk_with_ip_rotation
cv_20260827_evt_0007141,cv_20260827_req_0002767,cv_20260827_dev_0001708,10,block,0.982011731268,1,3,7.37402935684,8,8,3,persistent_high_model_risk|high_risk_with_card_diversity|high_risk_with_ip_rotation
cv_20260827_evt_0007143,cv_20260827_req_0002768,cv_20260827_dev_0001708,11,block,0.988236452032,1,4,8.37399555211,9,9,3,persistent_high_model_risk|high_risk_with_card_diversity|high_risk_with_ip_rotation
cv_20260827_evt_0007145,cv_20260827_req_0002769,cv_20260827_dev_0001708,12,block,0.992518125677,1,4,9.37395716323,10,10,3,persistent_high_model_risk|high_risk_with_card_diversity|high_risk_with_ip_rotation
cv_20260827_evt_0012375,cv_20260827_req_0005315,cv_20260827_dev_0001995,5,allow,0.955739743314,0.978665935245,0,2.89802839354,2,2,3,high_risk_with_card_diversity|cross_session_card_diversity|persistent_high_model_risk
cv_20260827_evt_0003116,cv_20260827_req_0001135,cv_20260827_dev_0000882,1,allow,0.14449874666,0.0142197424105,0,0.0142197424105,0,0,0,
cv_20260827_evt_0006531,cv_20260827_req_0002487,cv_20260827_dev_0001646,1,allow,0.158243724174,0.0250286633218,0,0.0250286633218,0,0,0,
cv_20260827_evt_0006533,cv_20260827_req_0002488,cv_20260827_dev_0001646,2,allow,0.371044651392,0.0930102271251,0,0.11303246936,0,0,0,stable_retry_risk_reduction
cv_20260827_evt_0006535,cv_20260827_req_0002489,cv_20260827_dev_0001646,3,allow,0.486211588741,0.284737559009,1,0.397764328582,0,0,0,
cv_20260827_evt_0000719,cv_20260827_req_0000262,cv_20260827_dev_0000208,2,allow,0.418380317704,0.0930102271251,0,0.119078114999,0,0,1,high_risk_with_ip_rotation
cv_20260827_evt_0005210,cv_20260827_req_0001969,cv_20260827_dev_0001325,1,allow,0.152697449976,0.0193933904297,0,0.0193933904297,0,0,0,
cv_20260827_evt_0001763,cv_20260827_req_0000640,cv_20260827_dev_0000504,1,allow,0.232896294137,0.028783095908,0,0.028783095908,0,0,0,
cv_20260827_evt_0003405,cv_20260827_req_0001240,cv_20260827_dev_0000958,1,allow,0.15856501989,0.0250286633218,0,0.0250286633218,0,0,0,
cv_20260827_evt_0012384,cv_20260827_req_0005319,cv_20260827_dev_0001996,4,allow,0.748173589579,0.474791810673,0,1.3804493312,1,0,3,high_risk_with_card_diversity|cross_session_card_diversity|high_risk_with_ip_rotation
cv_20260827_evt_0011504,cv_20260827_req_0004892,cv_20260827_dev_0001934,1,allow,0.215243327935,0.0259720802764,0,0.0259720802764,0,0,0,
cv_20260827_evt_0003351,cv_20260827_req_0001220,cv_20260827_dev_0000943,2,allow,0.116288888865,0.00548001258357,0,0.0184645779287,0,0,2,successful_checkout_risk_reduction|high_risk_with_card_diversity|cross_session_card_diversity
cv_20260827_evt_0011506,cv_20260827_req_0004893,cv_20260827_dev_0001934,2,allow,0.551737324657,0.474791810673,0,0.495557452911,0,0,0,stable_retry_risk_reduction
cv_20260827_evt_0012386,cv_20260827_req_0005320,cv_20260827_dev_0001996,5,allow,0.935165697022,0.968667664035,0,2.34807952716,2,1,2,high_risk_with_card_diversity|cross_session_card_diversity
cv_20260827_evt_0000671,cv_20260827_req_0000245,cv_20260827_dev_0000196,2,allow,0.676769585583,0.474791810673,0,0.49746187659,0,0,1,high_risk_with_ip_rotation
cv_20260827_evt_0012388,cv_20260827_req_0005321,cv_20260827_dev_0001996,6,review,0.967066126524,0.987077221928,1,3.33361257759,3,2,3,persistent_high_model_risk|high_risk_with_card_diversity|cross_session_card_diversity
cv_20260827_evt_0011508,cv_20260827_req_0004894,cv_20260827_dev_0001934,3,allow,0.902153806419,0.920638394369,0,1.41574283289,1,1,0,
cv_20260827_evt_0001011,cv_20260827_req_0000367,cv_20260827_dev_0000293,3,allow,0.107670946501,0.00548001258357,0,0.0153516305709,0,0,2,successful_checkout_risk_reduction|high_risk_with_card_diversity|cross_session_card_diversity
cv_20260827_evt_0000048,cv_20260827_req_0000018,cv_20260827_dev_0000015,1,allow,0.195681594768,0.0250286633218,0,0.0250286633218,0,0,0,
cv_20260827_evt_0009819,cv_20260827_req_0004075,cv_20260827_dev_0001836,1,allow,0.21575112104,0.0259720802764,0,0.0259720802764,0,0,0,
cv_20260827_evt_0009821,cv_20260827_req_0004076,cv_20260827_dev_0001836,2,allow,0.419796305076,0.0930102271251,0,0.118980670323,0,0,1,high_risk_with_card_diversity
cv_20260827_evt_0002916,cv_20260827_req_0001062,cv_20260827_dev_0000825,1,allow,0.225723670358,0.028783095908,0,0.028783095908,0,0,0,
cv_20260827_evt_0009823,cv_20260827_req_0004077,cv_20260827_dev_0001836,3,allow,0.783197382737,0.474791810673,2,0.593755300754,0,0,2,high_risk_with_card_diversity|high_risk_with_card_switching
cv_20260827_evt_0009825,cv_20260827_req_0004078,cv_20260827_dev_0001836,4,allow,0.8817893348,0.920638394369,2,1.51433585637,1,1,2,high_risk_with_card_diversity|high_risk_with_card_switching
cv_20260827_evt_0002724,cv_20260827_req_0000994,cv_20260827_dev_0000767,2,allow,0.0720993947324,0,0,0.0129850564376,0,0,0,successful_checkout_risk_reduction
cv_20260827_evt_0009827,cv_20260827_req_0004079,cv_20260827_dev_0001836,5,allow,0.903931588956,0.920638394369,2,2.43483194273,2,2,3,high_risk_with_card_diversity|high_risk_with_card_switching|persistent_high_model_risk
cv_20260827_evt_0009829,cv_20260827_req_0004080,cv_20260827_dev_0001836,6,review,0.947234905666,0.978665935245,3,3.41301795857,3,3,4,persistent_high_model_risk|high_risk_with_card_diversity|high_risk_with_card_switching|high_risk_with_ip_rotation
cv_20260827_evt_0009831,cv_20260827_req_0004081,cv_20260827_dev_0001836,7,block,0.965442730425,0.987077221928,3,4.3996610227,4,4,4,persistent_high_model_risk|high_risk_with_card_diversity|high_risk_with_card_switching|high_risk_with_ip_rotation
cv_20260827_evt_0005578,cv_20260827_req_0002104,cv_20260827_dev_0001429,1,allow,0.142285820643,0.0116357732377,0,0.0116357732377,0,0,0,
cv_20260827_evt_0002830,cv_20260827_req_0001032,cv_20260827_dev_0000798,1,allow,0.238191043035,0.028783095908,0,0.028783095908,0,0,0,
cv_20260827_evt_0005427,cv_20260827_req_0002049,cv_20260827_dev_0001382,2,allow,0.0687668424235,0,0,0.00874925406043,0,0,3,successful_checkout_risk_reduction|high_risk_with_card_diversity|cross_session_card_diversity|high_risk_with_ip_rotation
cv_20260827_evt_0002615,cv_20260827_req_0000953,cv_20260827_dev_0000739,1,allow,0.232748339751,0.028783095908,0,0.028783095908,0,0,0,
cv_20260827_evt_0002617,cv_20260827_req_0000954,cv_20260827_dev_0000739,2,allow,0.369886244732,0.0930102271251,0,0.116032059661,0,0,0,stable_retry_risk_reduction
cv_20260827_evt_0012401,cv_20260827_req_0005327,cv_20260827_dev_0001998,1,allow,0.251942403204,0.028783095908,0,0.028783095908,0,0,0,
cv_20260827_evt_0011925,cv_20260827_req_0005097,cv_20260827_dev_0001966,1,allow,0.230279845096,0.028783095908,0,0.028783095908,0,0,0,
cv_20260827_evt_0012403,cv_20260827_req_0005328,cv_20260827_dev_0001998,2,allow,0.389287263594,0.0930102271251,0,0.121782406197,0,0,0,
cv_20260827_evt_0012405,cv_20260827_req_0005329,cv_20260827_dev_0001998,3,allow,0.877775451973,0.920638394369,1,1.04235382444,1,1,1,high_risk_with_card_diversity
cv_20260827_evt_0011927,cv_20260827_req_0005098,cv_20260827_dev_0001966,2,allow,0.790256560456,0.512761020882,0,0.541507359067,1,1,0,
cv_20260827_evt_0004498,cv_20260827_req_0001659,cv_20260827_dev_0001228,1,allow,0.224711888084,0.0259720802764,0,0.0259720802764,0,0,0,
cv_20260827_evt_0004500,cv_20260827_req_0001660,cv_20260827_dev_0001228,2,allow,0.436690592539,0.0930102271251,0,0.118981712088,0,0,0,
cv_20260827_evt_0004502,cv_20260827_req_0001661,cv_20260827_dev_0001228,3,allow,0.799039516495,0.559667304185,1,0.678645061837,1,1,0,
cv_20260827_evt_0006579,cv_20260827_req_0002509,cv_20260827_dev_0001653,1,allow,0.140550902106,0.0116357732377,0,0.0116357732377,0,0,0,
cv_20260827_evt_0006581,cv_20260827_req_0002510,cv_20260827_dev_0001653,2,allow,0.340198313661,0.0930102271251,0,0.102318482997,0,0,0,stable_retry_risk_reduction
cv_20260827_evt_0006583,cv_20260827_req_0002511,cv_20260827_dev_0001653,3,allow,0.440308988693,0.0930102271251,1,0.195318039579,0,0,0,
cv_20260827_evt_0004134,cv_20260827_req_0001509,cv_20260827_dev_0001169,2,allow,0.0713703383588,0,0,0.00875041730643,0,0,3,successful_checkout_risk_reduction|high_risk_with_card_diversity|cross_session_card_diversity|high_risk_with_ip_rotation
cv_20260827_evt_0006036,cv_20260827_req_0002276,cv_20260827_dev_0001561,1,allow,0.148512125856,0.0193933904297,0,0.0193933904297,0,0,0,
cv_20260827_evt_0010271,cv_20260827_req_0004294,cv_20260827_dev_0001862,1,allow,0.187961706289,0.0250286633218,0,0.0250286633218,0,0,0,
cv_20260827_evt_0010273,cv_20260827_req_0004295,cv_20260827_dev_0001862,2,allow,0.438018992802,0.0930102271251,0,0.118035620597,0,0,1,high_risk_with_card_diversity
cv_20260827_evt_0010275,cv_20260827_req_0004296,cv_20260827_dev_0001862,3,allow,0.827118659365,0.627563763201,0,0.745582204758,1,1,1,high_risk_with_card_diversity
cv_20260827_evt_0010277,cv_20260827_req_0004297,cv_20260827_dev_0001862,4,allow,0.935263608995,0.968667664035,3,1.71423107015,2,2,3,high_risk_with_card_diversity|high_risk_with_card_switching|persistent_high_model_risk
cv_20260827_evt_0010279,cv_20260827_req_0004298,cv_20260827_dev_0001862,5,review,0.957597464065,0.978665935245,3,2.69276145058,3,3,4,persistent_high_model_risk|high_risk_with_card_diversity|high_risk_with_card_switching|high_risk_with_ip_rotation
cv_20260827_evt_0010281,cv_20260827_req_0004299,cv_20260827_dev_0001862,6,block,0.981428851137,1,3,3.69224303382,4,4,4,persistent_high_model_risk|high_risk_with_card_diversity|high_risk_with_card_switching|high_risk_with_ip_rotation
cv_20260827_evt_0010283,cv_20260827_req_0004300,cv_20260827_dev_0001862,7,block,0.976206007715,1,3,4.69188759706,5,5,4,persistent_high_model_risk|high_risk_with_card_diversity|high_risk_with_card_switching|high_risk_with_ip_rotation
cv_20260827_evt_0010285,cv_20260827_req_0004301,cv_20260827_dev_0001862,8,block,0.974975543868,1,3,5.6914681893,6,6,4,persistent_high_model_risk|high_risk_with_card_diversity|high_risk_with_card_switching|high_risk_with_ip_rotation
cv_20260827_evt_0001782,cv_20260827_req_0000647,cv_20260827_dev_0000508,1,allow,0.224315284428,0.0259720802764,0,0.0259720802764,0,0,0,
cv_20260827_evt_0001715,cv_20260827_req_0000622,cv_20260827_dev_0000491,1,allow,0.123116784075,0.00548001258357,0,0.00548001258357,0,0,0,
cv_20260827_evt_0000883,cv_20260827_req_0000320,cv_20260827_dev_0000257,1,allow,0.210438413705,0.0259720802764,0,0.0259720802764,0,0,0,
cv_20260827_evt_0004039,cv_20260827_req_0001473,cv_20260827_dev_0001141,1,allow,0.252528284022,0.0690182853703,0,0.0690182853703,0,0,0,
cv_20260827_evt_0004041,cv_20260827_req_0001474,cv_20260827_dev_0001141,2,allow,0.455662400257,0.0930102271251,0,0.162022659325,0,0,1,high_risk_with_card_diversity
cv_20260827_evt_0010094,cv_20260827_req_0004209,cv_20260827_dev_0001852,10,block,0.803908142594,0.559667304185,1,5.85265160463,7,6,4,persistent_high_model_risk|high_risk_with_card_diversity|cross_session_card_diversity|high_risk_with_ip_rotation
cv_20260827_evt_0010096,cv_20260827_req_0004210,cv_20260827_dev_0001852,11,block,0.876101539613,0.920638394369,1,6.77240466441,8,7,4,persistent_high_model_risk|high_risk_with_card_diversity|cross_session_card_diversity|high_risk_with_ip_rotation
cv_20260827_evt_0010098,cv_20260827_req_0004211,cv_20260827_dev_0001852,12,block,0.932227205785,0.968667664035,1,7.74003234116,9,8,4,persistent_high_model_risk|high_risk_with_card_diversity|cross_session_card_diversity|high_risk_with_ip_rotation
cv_20260827_evt_0010100,cv_20260827_req_0004212,cv_20260827_dev_0001852,13,block,0.924662678022,0.920638394369,1,8.65985467685,10,9,4,persistent_high_model_risk|high_risk_with_card_diversity|cross_session_card_diversity|high_risk_with_ip_rotation
cv_20260827_evt_0010102,cv_20260827_req_0004213,cv_20260827_dev_0001852,14,block,0.946456206191,0.978665935245,1,9.63729994066,11,10,4,persistent_high_model_risk|high_risk_with_card_diversity|cross_session_card_diversity|high_risk_with_ip_rotation
cv_20260827_evt_0010104,cv_20260827_req_0004214,cv_20260827_dev_0001852,15,block,0.920705157557,0.920638394369,1,10.5571541659,12,11,4,persistent_high_model_risk|high_risk_with_card_diversity|cross_session_card_diversity|high_risk_with_ip_rotation
cv_20260827_evt_0005723,cv_20260827_req_0002158,cv_20260827_dev_0001473,1,allow,0.138154134957,0.0116357732377,0,0.0116357732377,0,0,0,
cv_20260827_evt_0000639,cv_20260827_req_0000233,cv_20260827_dev_0000187,1,allow,0.199044127018,0.0250286633218,0,0.0250286633218,0,0,0,
cv_20260827_evt_0004816,cv_20260827_req_0001801,cv_20260827_dev_0001265,4,allow,0.289883003806,0.0930102271251,2,0.485756398159,0,0,3,successful_checkout_risk_reduction|high_risk_with_card_diversity|high_risk_with_card_switching|cross_session_card_diversity
cv_20260827_evt_0004818,cv_20260827_req_0001802,cv_20260827_dev_0001265,5,allow,0.536611628898,0.474791810673,2,0.960533177784,0,0,3,high_risk_with_card_diversity|high_risk_with_card_switching|cross_session_card_diversity
cv_20260827_evt_0004820,cv_20260827_req_0001803,cv_20260827_dev_0001265,6,allow,0.663315703163,0.474791810673,2,1.43523362269,0,0,2,high_risk_with_card_diversity|cross_session_card_diversity
cv_20260827_evt_0002324,cv_20260827_req_0000845,cv_20260827_dev_0000660,1,allow,0.11145177393,0.00548001258357,0,0.00548001258357,0,0,0,
cv_20260827_evt_0006503,cv_20260827_req_0002474,cv_20260827_dev_0001642,1,allow,0.144703663556,0.0183580515957,0,0.0183580515957,0,0,0,
cv_20260827_evt_0006505,cv_20260827_req_0002475,cv_20260827_dev_0001642,2,allow,0.350541583485,0.0930102271251,0,0.107695069469,0,0,0,stable_retry_risk_reduction
cv_20260827_evt_0006507,cv_20260827_req_0002476,cv_20260827_dev_0001642,3,allow,0.488791648057,0.284737559009,1,0.370885419433,0,0,0,stable_retry_risk_reduction
cv_20260827_evt_0000744,cv_20260827_req_0000271,cv_20260827_dev_0000215,2,allow,0.533271271374,0.474791810673,0,0.500863373529,0,0,0,
cv_20260827_evt_0011475,cv_20260827_req_0004878,cv_20260827_dev_0001932,1,allow,0.236392057251,0.028783095908,0,0.028783095908,0,0,0,
cv_20260827_evt_0011477,cv_20260827_req_0004879,cv_20260827_dev_0001932,2,allow,0.605241011873,0.474791810673,0,0.503552252995,0,0,1,high_risk_with_card_diversity
cv_20260827_evt_0003196,cv_20260827_req_0001164,cv_20260827_dev_0000902,2,allow,0.0978542106583,0.00548001258357,0,0.0184165887354,0,0,2,successful_checkout_risk_reduction|high_risk_with_card_diversity|cross_session_card_diversity
cv_20260827_evt_0011479,cv_20260827_req_0004880,cv_20260827_dev_0001932,3,allow,0.95794392204,0.978665935245,2,1.48159933034,1,1,2,high_risk_with_card_diversity|high_risk_with_card_switching
cv_20260827_evt_0002287,cv_20260827_req_0000831,cv_20260827_dev_0000650,1,allow,0.254173543557,0.0690182853703,0,0.0690182853703,0,0,0,
cv_20260827_evt_0002289,cv_20260827_req_0000832,cv_20260827_dev_0000650,2,allow,0.506799266486,0.284737559009,0,0.35374856754,0,0,0,
cv_20260827_evt_0000800,cv_20260827_req_0000291,cv_20260827_dev_0000231,1,allow,0.226267022594,0.028783095908,0,0.028783095908,0,0,0,
cv_20260827_evt_0000039,cv_20260827_req_0000015,cv_20260827_dev_0000012,1,allow,0.221213731752,0.0259720802764,0,0.0259720802764,0,0,0,
cv_20260827_evt_0000460,cv_20260827_req_0000169,cv_20260827_dev_0000136,1,allow,0.191271020961,0.0250286633218,0,0.0250286633218,0,0,0,
cv_20260827_evt_0005618,cv_20260827_req_0002118,cv_20260827_dev_0001443,1,allow,0.113102974607,0.00548001258357,0,0.00548001258357,0,0,0,
cv_20260827_evt_0001833,cv_20260827_req_0000666,cv_20260827_dev_0000523,1,allow,0.230023004139,0.028783095908,0,0.028783095908,0,0,0,
cv_20260827_evt_0011208,cv_20260827_req_0004750,cv_20260827_dev_0001915,1,allow,0.130533747632,0.00820512873941,0,0.00820512873941,0,0,0,
cv_20260827_evt_0011210,cv_20260827_req_0004751,cv_20260827_dev_0001915,2,allow,0.57569296053,0.474791810673,0,0.48299473924,0,0,0,
cv_20260827_evt_0011212,cv_20260827_req_0004752,cv_20260827_dev_0001915,3,allow,0.896304012801,0.920638394369,1,1.40351358182,1,1,1,high_risk_with_card_diversity
cv_20260827_evt_0003390,cv_20260827_req_0001234,cv_20260827_dev_0000955,1,allow,0.229949657917,0.028783095908,0,0.028783095908,0,0,0,
cv_20260827_evt_0001344,cv_20260827_req_0000487,cv_20260827_dev_0000393,1,allow,0.216698683125,0.0259720802764,0,0.0259720802764,0,0,0,
cv_20260827_evt_0005389,cv_20260827_req_0002034,cv_20260827_dev_0001373,1,allow,0.123710562687,0.00548001258357,0,0.00548001258357,0,0,0,
cv_20260827_evt_0000017,cv_20260827_req_0000007,cv_20260827_dev_0000005,1,allow,0.203975378067,0.0250286633218,0,0.0250286633218,0,0,0,
cv_20260827_evt_0003122,cv_20260827_req_0001137,cv_20260827_dev_0000883,2,allow,0.054986956523,0,0,0.028201789714,0,0,2,successful_checkout_risk_reduction|high_risk_with_card_diversity|cross_session_card_diversity
cv_20260827_evt_0009888,cv_20260827_req_0004109,cv_20260827_dev_0001840,7,block,0.827639432084,0.627563763201,0,3.85035321077,6,6,4,persistent_high_model_risk|high_risk_with_card_diversity|cross_session_card_diversity|high_risk_with_ip_rotation
cv_20260827_evt_0009890,cv_20260827_req_0004110,cv_20260827_dev_0001840,8,block,0.870871157964,0.920638394369,0,4.77057682427,7,7,4,persistent_high_model_risk|high_risk_with_card_diversity|cross_session_card_diversity|high_risk_with_ip_rotation
cv_20260827_evt_0009892,cv_20260827_req_0004111,cv_20260827_dev_0001840,9,block,0.876487977,0.920638394369,0,5.69055917013,8,8,4,persistent_high_model_risk|high_risk_with_card_diversity|cross_session_card_diversity|high_risk_with_ip_rotation
cv_20260827_evt_0009894,cv_20260827_req_0004112,cv_20260827_dev_0001840,10,block,0.909646912816,0.920638394369,0,6.610219376,9,9,4,persistent_high_model_risk|high_risk_with_card_diversity|cross_session_card_diversity|high_risk_with_ip_rotation
cv_20260827_evt_0011592,cv_20260827_req_0004936,cv_20260827_dev_0001939,3,allow,0.620261749433,0.474791810673,0,0.93067974592,0,0,2,high_risk_with_card_diversity|cross_session_card_diversity
cv_20260827_evt_0009896,cv_20260827_req_0004113,cv_20260827_dev_0001840,11,block,0.899002630512,0.920638394369,0,7.53013053182,10,10,4,persistent_high_model_risk|high_risk_with_card_diversity|cross_session_card_diversity|high_risk_with_ip_rotation
cv_20260827_evt_0011594,cv_20260827_req_0004937,cv_20260827_dev_0001939,4,allow,0.925352019077,0.920638394369,0,1.85019245995,1,1,2,high_risk_with_card_diversity|cross_session_card_diversity
cv_20260827_evt_0003233,cv_20260827_req_0001177,cv_20260827_dev_0000912,1,allow,0.249065275731,0.028783095908,0,0.028783095908,0,0,0,
cv_20260827_evt_0003235,cv_20260827_req_0001178,cv_20260827_dev_0000912,2,allow,0.483510484987,0.284737559009,0,0.313519731278,0,0,0,
cv_20260827_evt_0000211,cv_20260827_req_0000077,cv_20260827_dev_0000063,2,allow,0.0527645279222,0,0,0.0129389040916,0,0,2,successful_checkout_risk_reduction|high_risk_with_card_diversity|cross_session_card_diversity
cv_20260827_evt_0005374,cv_20260827_req_0002029,cv_20260827_dev_0001369,2,allow,0.0474385658511,0,0,0.00792530561397,0,0,1,successful_checkout_risk_reduction|high_risk_with_ip_rotation
cv_20260827_evt_0000277,cv_20260827_req_0000101,cv_20260827_dev_0000080,2,allow,0.395317167812,0.0930102271251,0,0.11567704557,0,0,2,high_risk_with_card_diversity|cross_session_card_diversity
cv_20260827_evt_0006659,cv_20260827_req_0002545,cv_20260827_dev_0001661,1,allow,0.119900758374,0.00548001258357,0,0.00548001258357,0,0,0,
cv_20260827_evt_0006661,cv_20260827_req_0002546,cv_20260827_dev_0001661,2,allow,0.304681068442,0.0930102271251,0,0.0973939809545,0,0,0,stable_retry_risk_reduction
cv_20260827_evt_0006663,cv_20260827_req_0002547,cv_20260827_dev_0001661,3,allow,0.42696380427,0.0930102271251,1,0.170916572009,0,0,0,stable_retry_risk_reduction
cv_20260827_evt_0011780,cv_20260827_req_0005027,cv_20260827_dev_0001956,1,allow,0.215435935248,0.0259720802764,0,0.0259720802764,0,0,0,
cv_20260827_evt_0011782,cv_20260827_req_0005028,cv_20260827_dev_0001956,2,allow,0.583174171046,0.474791810673,0,0.500755914888,0,0,0,
cv_20260827_evt_0011784,cv_20260827_req_0005029,cv_20260827_dev_0001956,3,allow,0.851005535289,0.834086215288,0,1.33451855253,1,1,1,high_risk_with_card_diversity
cv_20260827_evt_0000004,cv_20260827_req_0000002,cv_20260827_dev_0000002,1,allow,0.171559051763,0.0250286633218,0,0.0250286633218,0,0,0,
cv_20260827_evt_0000033,cv_20260827_req_0000013,cv_20260827_dev_0000011,1,allow,0.19743135353,0.0250286633218,0,0.0250286633218,0,0,0,
cv_20260827_evt_0006005,cv_20260827_req_0002265,cv_20260827_dev_0001553,1,allow,0.133363989728,0.00820512873941,0,0.00820512873941,0,0,0,
cv_20260827_evt_0008250,cv_20260827_req_0003311,cv_20260827_dev_0001762,1,allow,0.211507041773,0.0259720802764,0,0.0259720802764,0,0,0,
cv_20260827_evt_0008252,cv_20260827_req_0003312,cv_20260827_dev_0001762,2,allow,0.485575254295,0.284737559009,0,0.310709609519,0,0,1,high_risk_with_card_diversity
cv_20260827_evt_0008254,cv_20260827_req_0003313,cv_20260827_dev_0001762,3,allow,0.585665399649,0.474791810673,0,0.785501064095,0,0,1,high_risk_with_card_diversity
cv_20260827_evt_0008256,cv_20260827_req_0003314,cv_20260827_dev_0001762,4,allow,0.955715563193,0.978665935245,4,1.76416339837,1,1,2,high_risk_with_card_diversity|high_risk_with_card_switching
cv_20260827_evt_0008258,cv_20260827_req_0003315,cv_20260827_dev_0001762,5,allow,0.977341378587,1,4,2.76415531092,2,2,3,high_risk_with_card_diversity|high_risk_with_card_switching|persistent_high_model_risk
cv_20260827_evt_0008260,cv_20260827_req_0003316,cv_20260827_dev_0001762,6,review,0.976426338288,1,5,3.76414263922,3,3,4,rule_corroborated_review|high_risk_with_card_diversity|high_risk_with_card_switching|high_risk_with_ip_rotation|persistent_high_model_risk
cv_20260827_evt_0008262,cv_20260827_req_0003317,cv_20260827_dev_0001762,7,block,0.992181188024,1,5,4.76412969725,4,4,4,persistent_high_model_risk|high_risk_with_card_diversity|high_risk_with_card_switching|high_risk_with_ip_rotation
cv_20260827_evt_0008264,cv_20260827_req_0003318,cv_20260827_dev_0001762,8,block,0.993875345354,1,5,5.7641133171,5,5,4,persistent_high_model_risk|high_risk_with_card_diversity|high_risk_with_card_switching|high_risk_with_ip_rotation
cv_20260827_evt_0008266,cv_20260827_req_0003319,cv_20260827_dev_0001762,9,block,0.987642608317,1,5,6.76409349879,6,6,4,persistent_high_model_risk|high_risk_with_card_diversity|high_risk_with_card_switching|high_risk_with_ip_rotation
cv_20260827_evt_0008268,cv_20260827_req_0003320,cv_20260827_dev_0001762,10,block,0.98969815285,1,5,7.76406249018,7,7,4,persistent_high_model_risk|high_risk_with_card_diversity|high_risk_with_card_switching|high_risk_with_ip_rotation
cv_20260827_evt_0004172,cv_20260827_req_0001522,cv_20260827_dev_0001179,1,allow,0.156896781661,0.0193933904297,0,0.0193933904297,0,0,0,
cv_20260827_evt_0002814,cv_20260827_req_0001026,cv_20260827_dev_0000793,1,allow,0.175854028088,0.0250286633218,0,0.0250286633218,0,0,0,
cv_20260827_evt_0002997,cv_20260827_req_0001092,cv_20260827_dev_0000846,2,allow,0.472520662169,0.198123499891,0,0.219429144685,0,0,2,high_risk_with_card_diversity|cross_session_card_diversity
cv_20260827_evt_0001285,cv_20260827_req_0000465,cv_20260827_dev_0000373,1,allow,0.230720611307,0.028783095908,0,0.028783095908,0,0,0,
cv_20260827_evt_0003948,cv_20260827_req_0001439,cv_20260827_dev_0001115,1,allow,0.245250629852,0.028783095908,0,0.028783095908,0,0,0,
cv_20260827_evt_0000645,cv_20260827_req_0000235,cv_20260827_dev_0000188,1,allow,0.259867850274,0.0930102271251,0,0.0930102271251,0,0,0,
cv_20260827_evt_0002817,cv_20260827_req_0001027,cv_20260827_dev_0000794,1,allow,0.188832320087,0.0250286633218,0,0.0250286633218,0,0,0,
cv_20260827_evt_0006072,cv_20260827_req_0002289,cv_20260827_dev_0001574,1,allow,0.125866533279,0.00820512873941,0,0.00820512873941,0,0,0,
cv_20260827_evt_0000297,cv_20260827_req_0000108,cv_20260827_dev_0000085,1,allow,0.258635028344,0.0930102271251,0,0.0930102271251,0,0,0,
cv_20260827_evt_0001420,cv_20260827_req_0000516,cv_20260827_dev_0000410,1,allow,0.262585427396,0.0930102271251,0,0.0930102271251,0,0,0,
cv_20260827_evt_0003523,cv_20260827_req_0001284,cv_20260827_dev_0000995,1,allow,0.220376641378,0.0259720802764,0,0.0259720802764,0,0,0,
cv_20260827_evt_0005729,cv_20260827_req_0002160,cv_20260827_dev_0001475,1,allow,0.125086488319,0.00548001258357,0,0.00548001258357,0,0,0,
cv_20260827_evt_0011267,cv_20260827_req_0004778,cv_20260827_dev_0001919,1,allow,0.180845600086,0.0250286633218,0,0.0250286633218,0,0,0,
cv_20260827_evt_0011269,cv_20260827_req_0004779,cv_20260827_dev_0001919,2,allow,0.539299620824,0.474791810673,0,0.499800746653,0,0,1,high_risk_with_card_diversity
cv_20260827_evt_0004538,cv_20260827_req_0001677,cv_20260827_dev_0001233,1,allow,0.253467568013,0.0690182853703,0,0.0690182853703,0,0,0,
cv_20260827_evt_0004540,cv_20260827_req_0001678,cv_20260827_dev_0001233,2,allow,0.540581497633,0.474791810673,0,0.530006122569,0,0,0,stable_retry_risk_reduction
cv_20260827_evt_0004542,cv_20260827_req_0001679,cv_20260827_dev_0001233,3,allow,0.706598263402,0.474791810673,1,1.00479489611,0,0,0,
cv_20260827_evt_0000239,cv_20260827_req_0000088,cv_20260827_dev_0000069,1,allow,0.243110391041,0.028783095908,0,0.028783095908,0,0,0,
cv_20260827_evt_0005699,cv_20260827_req_0002149,cv_20260827_dev_0001466,1,allow,0.140913898311,0.0116357732377,0,0.0116357732377,0,0,0,
cv_20260827_evt_0006543,cv_20260827_req_0002493,cv_20260827_dev_0001648,1,allow,0.0878615502327,0.00548001258357,0,0.00548001258357,0,0,0,
cv_20260827_evt_0006545,cv_20260827_req_0002494,cv_20260827_dev_0001648,2,allow,0.230861018028,0.028783095908,0,0.0331669853906,0,0,0,stable_retry_risk_reduction
cv_20260827_evt_0006547,cv_20260827_req_0002495,cv_20260827_dev_0001648,3,allow,0.292577426122,0.0930102271251,1,0.126174323736,0,0,1,high_risk_with_card_diversity
cv_20260827_evt_0000505,cv_20260827_req_0000185,cv_20260827_dev_0000147,1,allow,0.241134409896,0.028783095908,0,0.028783095908,0,0,0,
cv_20260827_evt_0001489,cv_20260827_req_0000541,cv_20260827_dev_0000426,2,allow,0.0662562120517,0,0,0.0129868572688,0,0,2,successful_checkout_risk_reduction|high_risk_with_card_diversity|cross_session_card_diversity
cv_20260827_evt_0006023,cv_20260827_req_0002271,cv_20260827_dev_0001557,2,allow,0.0415108063277,0,0,0.00875106919291,0,0,1,successful_checkout_risk_reduction|high_risk_with_ip_rotation
cv_20260827_evt_0007658,cv_20260827_req_0003019,cv_20260827_dev_0001734,1,allow,0.231309217775,0.028783095908,0,0.028783095908,0,0,0,
cv_20260827_evt_0007660,cv_20260827_req_0003020,cv_20260827_dev_0001734,2,allow,0.537630604153,0.474791810673,0,0.503574774631,0,0,1,high_risk_with_card_diversity
cv_20260827_evt_0007662,cv_20260827_req_0003021,cv_20260827_dev_0001734,3,allow,0.897603883523,0.920638394369,2,1.4242114376,1,1,2,high_risk_with_card_diversity|high_risk_with_card_switching
cv_20260827_evt_0007664,cv_20260827_req_0003022,cv_20260827_dev_0001734,4,allow,0.923545249967,0.920638394369,4,2.34484330296,2,2,3,high_risk_with_card_diversity|high_risk_with_card_switching|persistent_high_model_risk
cv_20260827_evt_0007666,cv_20260827_req_0003023,cv_20260827_dev_0001734,5,review,0.98660911421,1,5,3.34484061559,3,3,3,rule_corroborated_review|high_risk_with_card_diversity|high_risk_with_card_switching|persistent_high_model_risk
cv_20260827_evt_0007668,cv_20260827_req_0003024,cv_20260827_dev_0001734,6,block,0.992208718038,1,5,4.34483294871,4,4,3,persistent_high_model_risk|high_risk_with_card_diversity|high_risk_with_card_switching
cv_20260827_evt_0007670,cv_20260827_req_0003025,cv_20260827_dev_0001734,7,block,0.995281338513,1,6,5.3448229897,5,5,4,rule_corroborated_block|high_risk_with_card_diversity|high_risk_with_card_switching|high_risk_with_ip_rotation|persistent_high_model_risk
cv_20260827_evt_0007672,cv_20260827_req_0003026,cv_20260827_dev_0001734,8,block,0.988902236942,1,6,6.34481073856,6,6,4,rule_corroborated_block|high_risk_with_card_diversity|high_risk_with_card_switching|high_risk_with_ip_rotation|persistent_high_model_risk
cv_20260827_evt_0007674,cv_20260827_req_0003027,cv_20260827_dev_0001734,9,block,0.997113698564,1,6,7.3447961953,7,7,4,rule_corroborated_block|high_risk_with_card_diversity|high_risk_with_card_switching|high_risk_with_ip_rotation|persistent_high_model_risk
cv_20260827_evt_0001443,cv_20260827_req_0000524,cv_20260827_dev_0000417,1,allow,0.16224626097,0.0250286633218,0,0.0250286633218,0,0,0,
cv_20260827_evt_0011518,cv_20260827_req_0004899,cv_20260827_dev_0001935,1,allow,0.252802003609,0.0690182853703,0,0.0690182853703,0,0,0,
cv_20260827_evt_0001556,cv_20260827_req_0000565,cv_20260827_dev_0000446,1,allow,0.17444788279,0.0250286633218,0,0.0250286633218,0,0,0,
cv_20260827_evt_0011520,cv_20260827_req_0004900,cv_20260827_dev_0001935,2,allow,0.704744805064,0.474791810673,0,0.543736651019,0,0,0,
cv_20260827_evt_0011522,cv_20260827_req_0004901,cv_20260827_dev_0001935,3,allow,0.950160625983,0.978665935245,0,1.41323420118,1,1,0,stable_retry_risk_reduction
cv_20260827_evt_0000131,cv_20260827_req_0000048,cv_20260827_dev_0000041,1,allow,0.157802876816,0.0250286633218,0,0.0250286633218,0,0,0,
cv_20260827_evt_0002251,cv_20260827_req_0000819,cv_20260827_dev_0000641,1,allow,0.190375698355,0.0250286633218,0,0.0250286633218,0,0,0,
cv_20260827_evt_0001856,cv_20260827_req_0000674,cv_20260827_dev_0000529,1,allow,0.239697369689,0.028783095908,0,0.028783095908,0,0,0,
cv_20260827_evt_0006586,cv_20260827_req_0002512,cv_20260827_dev_0001653,4,allow,0.21491069738,0.0259720802764,0,0.123280525709,0,0,0,successful_checkout_risk_reduction
cv_20260827_evt_0006588,cv_20260827_req_0002513,cv_20260827_dev_0001653,5,allow,0.285574261972,0.0930102271251,0,0.191628092104,0,0,0,stable_retry_risk_reduction
cv_20260827_evt_0006590,cv_20260827_req_0002514,cv_20260827_dev_0001653,6,allow,0.320742156871,0.0930102271251,1,0.284620091595,0,0,2,high_risk_with_card_diversity|cross_session_card_diversity
cv_20260827_evt_0006592,cv_20260827_req_0002515,cv_20260827_dev_0001653,7,allow,0.525100209382,0.304785409055,2,0.589375818321,0,0,3,high_risk_with_card_diversity|high_risk_with_card_switching|cross_session_card_diversity
cv_20260827_evt_0001411,cv_20260827_req_0000513,cv_20260827_dev_0000408,1,allow,0.127900795367,0.00820512873941,0,0.00820512873941,0,0,0,
cv_20260827_evt_0004614,cv_20260827_req_0001710,cv_20260827_dev_0001242,1,allow,0.253938074421,0.0690182853703,0,0.0690182853703,0,0,0,
cv_20260827_evt_0004616,cv_20260827_req_0001711,cv_20260827_dev_0001242,2,allow,0.528285310718,0.323943661972,0,0.392961551842,0,0,0,
cv_20260827_evt_0004618,cv_20260827_req_0001712,cv_20260827_dev_0001242,3,allow,0.801572691076,0.559667304185,1,0.952624802772,1,1,1,high_risk_with_card_diversity
cv_20260827_evt_0001658,cv_20260827_req_0000601,cv_20260827_dev_0000473,1,allow,0.24314849819,0.028783095908,0,0.028783095908,0,0,0,
cv_20260827_evt_0006476,cv_20260827_req_0002462,cv_20260827_dev_0001638,1,allow,0.118303772265,0.00548001258357,0,0.00548001258357,0,0,0,
cv_20260827_evt_0006478,cv_20260827_req_0002463,cv_20260827_dev_0001638,2,allow,0.296300834618,0.0930102271251,0,0.0973940864622,0,0,0,stable_retry_risk_reduction
cv_20260827_evt_0006480,cv_20260827_req_0002464,cv_20260827_dev_0001638,3,allow,0.426214982081,0.0930102271251,1,0.190395161088,0,0,0,
cv_20260827_evt_0004853,cv_20260827_req_0001817,cv_20260827_dev_0001270,1,allow,0.246864133923,0.028783095908,0,0.028783095908,0,0,0,
cv_20260827_evt_0004855,cv_20260827_req_0001818,cv_20260827_dev_0001270,2,allow,0.358547038921,0.0930102271251,0,0.116036070498,0,0,0,stable_retry_risk_reduction
cv_20260827_evt_0004857,cv_20260827_req_0001819,cv_20260827_dev_0001270,3,allow,0.725647699408,0.474791810673,1,0.590823625689,0,0,1,high_risk_with_card_diversity
cv_20260827_evt_0000387,cv_20260827_req_0000142,cv_20260827_dev_0000113,1,allow,0.172104365993,0.0250286633218,0,0.0250286633218,0,0,0,
cv_20260827_evt_0011813,cv_20260827_req_0005043,cv_20260827_dev_0001958,1,allow,0.22287728641,0.0259720802764,0,0.0259720802764,0,0,0,
cv_20260827_evt_0011815,cv_20260827_req_0005044,cv_20260827_dev_0001958,2,allow,0.778781951777,0.474791810673,0,0.500732417611,0,0,0,
cv_20260827_evt_0005583,cv_20260827_req_0002106,cv_20260827_dev_0001431,1,allow,0.12504116879,0.00548001258357,0,0.00548001258357,0,0,0,
cv_20260827_evt_0000203,cv_20260827_req_0000074,cv_20260827_dev_0000061,1,allow,0.191511239623,0.0250286633218,0,0.0250286633218,0,0,0,
cv_20260827_evt_0011817,cv_20260827_req_0005045,cv_20260827_dev_0001958,3,allow,0.982460273348,1,2,1.5001090009,1,1,1,high_risk_with_card_diversity
cv_20260827_evt_0005314,cv_20260827_req_0002007,cv_20260827_dev_0001352,1,allow,0.113967820765,0.00548001258357,0,0.00548001258357,0,0,0,
cv_20260827_evt_0003000,cv_20260827_req_0001093,cv_20260827_dev_0000847,1,allow,0.15978450957,0.0250286633218,0,0.0250286633218,0,0,0,
cv_20260827_evt_0000286,cv_20260827_req_0000104,cv_20260827_dev_0000082,1,allow,0.125290600429,0.00548001258357,0,0.00548001258357,0,0,0,
cv_20260827_evt_0001956,cv_20260827_req_0000711,cv_20260827_dev_0000558,1,allow,0.250773348857,0.028783095908,0,0.028783095908,0,0,0,
cv_20260827_evt_0002248,cv_20260827_req_0000818,cv_20260827_dev_0000640,1,allow,0.227975513584,0.028783095908,0,0.028783095908,0,0,0,
cv_20260827_evt_0002020,cv_20260827_req_0000735,cv_20260827_dev_0000576,1,allow,0.23721542609,0.028783095908,0,0.028783095908,0,0,0,
cv_20260827_evt_0011481,cv_20260827_req_0004881,cv_20260827_dev_0001932,4,allow,0.785860470383,0.488843813387,0,1.83235610302,1,0,2,high_risk_with_card_diversity|cross_session_card_diversity
cv_20260827_evt_0011483,cv_20260827_req_0004882,cv_20260827_dev_0001932,5,allow,0.916790391178,0.920638394369,0,2.75197627041,2,1,3,high_risk_with_card_diversity|cross_session_card_diversity|persistent_high_model_risk
cv_20260827_evt_0011485,cv_20260827_req_0004883,cv_20260827_dev_0001932,6,review,0.961589900943,0.987077221928,1,3.73800657154,3,2,3,persistent_high_model_risk|high_risk_with_card_diversity|cross_session_card_diversity
cv_20260827_evt_0005634,cv_20260827_req_0002124,cv_20260827_dev_0001448,1,allow,0.113910280309,0.00548001258357,0,0.00548001258357,0,0,0,
cv_20260827_evt_0003044,cv_20260827_req_0001110,cv_20260827_dev_0000860,1,allow,0.240112751186,0.028783095908,0,0.028783095908,0,0,0,
cv_20260827_evt_0006897,cv_20260827_req_0002651,cv_20260827_dev_0001690,1,allow,0.153583711338,0.0193933904297,0,0.0193933904297,0,0,0,
cv_20260827_evt_0006899,cv_20260827_req_0002652,cv_20260827_dev_0001690,2,allow,0.341892045288,0.0930102271251,0,0.112402684072,0,0,0,
cv_20260827_evt_0006901,cv_20260827_req_0002653,cv_20260827_dev_0001690,3,allow,0.647541125201,0.474791810673,1,0.564710866254,0,0,0,stable_retry_risk_reduction
cv_20260827_evt_0002607,cv_20260827_req_0000950,cv_20260827_dev_0000738,2,allow,0.062187687065,0,0,0.00223961670102,0,0,2,successful_checkout_risk_reduction|high_risk_with_card_diversity|cross_session_card_diversity
cv_20260827_evt_0005526,cv_20260827_req_0002084,cv_20260827_dev_0001412,1,allow,0.0952646871851,0.00548001258357,0,0.00548001258357,0,0,0,
cv_20260827_evt_0002609,cv_20260827_req_0000951,cv_20260827_dev_0000738,3,allow,0.255630325386,0.0690182853703,0,0.0712578148027,0,0,2,high_risk_with_card_diversity|cross_session_card_diversity
cv_20260827_evt_0005528,cv_20260827_req_0002085,cv_20260827_dev_0001412,2,allow,0.29618060782,0.0930102271251,0,0.098489705891,0,0,1,high_risk_with_card_diversity
cv_20260827_evt_0001698,cv_20260827_req_0000616,cv_20260827_dev_0000487,1,allow,0.154626741525,0.0193933904297,0,0.0193933904297,0,0,0,
cv_20260827_evt_0002297,cv_20260827_req_0000835,cv_20260827_dev_0000652,1,allow,0.220447808268,0.0259720802764,0,0.0259720802764,0,0,0,
cv_20260827_evt_0002299,cv_20260827_req_0000836,cv_20260827_dev_0000652,2,allow,0.492585570977,0.284737559009,0,0.310707228351,0,0,1,high_risk_with_card_diversity
cv_20260827_evt_0001975,cv_20260827_req_0000718,cv_20260827_dev_0000562,2,allow,0.0415682596364,0,0,0.0112918965026,0,0,0,successful_checkout_risk_reduction
cv_20260827_evt_0003068,cv_20260827_req_0001118,cv_20260827_dev_0000867,1,allow,0.227083620404,0.028783095908,0,0.028783095908,0,0,0,
cv_20260827_evt_0012249,cv_20260827_req_0005254,cv_20260827_dev_0001987,4,allow,0.748961333379,0.474791810673,0,1.56140191303,1,0,3,high_risk_with_card_diversity|cross_session_card_diversity|high_risk_with_ip_rotation
cv_20260827_evt_0012251,cv_20260827_req_0005255,cv_20260827_dev_0001987,5,allow,0.841667762928,0.756035578145,1,2.31675942313,2,1,3,high_risk_with_card_diversity|cross_session_card_diversity|persistent_high_model_risk
cv_20260827_evt_0006428,cv_20260827_req_0002439,cv_20260827_dev_0001631,4,allow,0.574047528939,0.474791810673,1,0.950169359966,0,0,3,high_risk_with_card_diversity|cross_session_card_diversity|high_risk_with_ip_rotation
cv_20260827_evt_0006430,cv_20260827_req_0002440,cv_20260827_dev_0001631,5,allow,0.738389086896,0.474791810673,1,1.23485151032,0,0,2,stable_retry_risk_reduction|high_risk_with_card_diversity|cross_session_card_diversity
cv_20260827_evt_0006432,cv_20260827_req_0002441,cv_20260827_dev_0001631,6,allow,0.833851195083,0.690081906596,1,1.67786575152,1,1,2,stable_retry_risk_reduction|high_risk_with_card_diversity|cross_session_card_diversity
cv_20260827_evt_0006434,cv_20260827_req_0002442,cv_20260827_dev_0001631,7,allow,0.901979770835,0.920638394369,1,2.2628756154,2,2,3,stable_retry_risk_reduction|high_risk_with_card_diversity|cross_session_card_diversity|persistent_high_model_risk
cv_20260827_evt_0004184,cv_20260827_req_0001526,cv_20260827_dev_0001183,1,allow,0.231272399134,0.028783095908,0,0.028783095908,0,0,0,
cv_20260827_evt_0011214,cv_20260827_req_0004753,cv_20260827_dev_0001915,4,allow,0.923936413274,0.920638394369,1,2.19263539925,2,2,4,high_risk_with_card_diversity|cross_session_card_diversity|high_risk_with_ip_rotation|persistent_high_model_risk
cv_20260827_evt_0011216,cv_20260827_req_0004754,cv_20260827_dev_0001915,5,review,0.872027303608,0.920638394369,0,3.11137233184,3,3,3,persistent_high_model_risk|high_risk_with_card_diversity|cross_session_card_diversity
cv_20260827_evt_0000478,cv_20260827_req_0000175,cv_20260827_dev_0000140,1,allow,0.224892327014,0.0259720802764,0,0.0259720802764,0,0,0,
cv_20260827_evt_0003262,cv_20260827_req_0001188,cv_20260827_dev_0000919,1,allow,0.135306696639,0.00820512873941,0,0.00820512873941,0,0,0,
cv_20260827_evt_0003463,cv_20260827_req_0001262,cv_20260827_dev_0000976,1,allow,0.174030748859,0.0250286633218,0,0.0250286633218,0,0,0,
cv_20260827_evt_0003623,cv_20260827_req_0001319,cv_20260827_dev_0001021,1,allow,0.171868443791,0.0250286633218,0,0.0250286633218,0,0,0,
cv_20260827_evt_0003663,cv_20260827_req_0001334,cv_20260827_dev_0001032,1,allow,0.147389600622,0.0193933904297,0,0.0193933904297,0,0,0,
cv_20260827_evt_0004253,cv_20260827_req_0001551,cv_20260827_dev_0001202,1,allow,0.229546546959,0.028783095908,0,0.028783095908,0,0,0,
cv_20260827_evt_0004255,cv_20260827_req_0001552,cv_20260827_dev_0001202,2,allow,0.478735870667,0.284737559009,0,0.307762188501,0,0,0,stable_retry_risk_reduction
cv_20260827_evt_0004257,cv_20260827_req_0001553,cv_20260827_dev_0001202,3,allow,0.723827249795,0.474791810673,1,0.782543417784,0,0,1,high_risk_with_card_diversity
cv_20260827_evt_0006755,cv_20260827_req_0002588,cv_20260827_dev_0001675,1,allow,0.0863384046335,0.00548001258357,0,0.00548001258357,0,0,0,
cv_20260827_evt_0006757,cv_20260827_req_0002589,cv_20260827_dev_0001675,2,allow,0.231419964332,0.028783095908,0,0.0331668899304,0,0,0,stable_retry_risk_reduction
cv_20260827_evt_0006759,cv_20260827_req_0002590,cv_20260827_dev_0001675,3,allow,0.299576269808,0.0930102271251,1,0.12617517851,0,0,1,high_risk_with_card_diversity
cv_20260827_evt_0005269,cv_20260827_req_0001991,cv_20260827_dev_0001342,1,allow,0.109568798979,0.00548001258357,0,0.00548001258357,0,0,0,
cv_20260827_evt_0005308,cv_20260827_req_0002005,cv_20260827_dev_0001350,1,allow,0.118841207111,0.00548001258357,0,0.00548001258357,0,0,0,
cv_20260827_evt_0004391,cv_20260827_req_0001611,cv_20260827_dev_0001216,1,allow,0.1814292061,0.0250286633218,0,0.0250286633218,0,0,0,
cv_20260827_evt_0004393,cv_20260827_req_0001612,cv_20260827_dev_0001216,2,allow,0.426899976146,0.0930102271251,0,0.118036653135,0,0,0,
cv_20260827_evt_0004395,cv_20260827_req_0001613,cv_20260827_dev_0001216,3,allow,0.614952555041,0.474791810673,1,0.592821158965,0,0,0,
cv_20260827_evt_0003513,cv_20260827_req_0001280,cv_20260827_dev_0000991,1,allow,0.245519052131,0.028783095908,0,0.028783095908,0,0,0,
cv_20260827_evt_0001978,cv_20260827_req_0000719,cv_20260827_dev_0000563,1,allow,0.130898369371,0.00820512873941,0,0.00820512873941,0,0,0,
cv_20260827_evt_0001595,cv_20260827_req_0000579,cv_20260827_dev_0000457,1,allow,0.226013343115,0.028783095908,0,0.028783095908,0,0,0,
cv_20260827_evt_0002216,cv_20260827_req_0000805,cv_20260827_dev_0000630,1,allow,0.233525830755,0.028783095908,0,0.028783095908,0,0,0,
cv_20260827_evt_0002680,cv_20260827_req_0000978,cv_20260827_dev_0000755,1,allow,0.132425521617,0.00820512873941,0,0.00820512873941,0,0,0,
cv_20260827_evt_0011441,cv_20260827_req_0004862,cv_20260827_dev_0001929,4,allow,0.662829755612,0.474791810673,0,1.60826910447,1,0,1,high_risk_with_ip_rotation
cv_20260827_evt_0011443,cv_20260827_req_0004863,cv_20260827_dev_0001929,5,allow,0.821101411927,0.627563763201,1,2.23548085505,2,1,3,high_risk_with_card_diversity|cross_session_card_diversity|persistent_high_model_risk
cv_20260827_evt_0000750,cv_20260827_req_0000273,cv_20260827_dev_0000217,1,allow,0.157555339055,0.0250286633218,0,0.0250286633218,0,0,0,
cv_20260827_evt_0003174,cv_20260827_req_0001156,cv_20260827_dev_0000897,2,allow,0.0863361409497,0.00548001258357,0,0.0172415190045,0,0,0,successful_checkout_risk_reduction
cv_20260827_evt_0009847,cv_20260827_req_0004089,cv_20260827_dev_0001838,1,allow,0.254920144839,0.0690182853703,0,0.0690182853703,0,0,0,
cv_20260827_evt_0009849,cv_20260827_req_0004090,cv_20260827_dev_0001838,2,allow,0.53609225777,0.474791810673,0,0.529997011025,0,0,0,stable_retry_risk_reduction
cv_20260827_evt_0009851,cv_20260827_req_0004091,cv_20260827_dev_0001838,3,allow,0.760627201354,0.474791810673,0,1.00473354961,0,0,1,high_risk_with_card_diversity
cv_20260827_evt_0009853,cv_20260827_req_0004092,cv_20260827_dev_0001838,4,allow,0.92619409765,0.920638394369,1,1.92531437055,1,1,1,high_risk_with_card_diversity
cv_20260827_evt_0009855,cv_20260827_req_0004093,cv_20260827_dev_0001838,5,allow,0.931926032859,0.968667664035,3,2.89371064709,2,2,3,high_risk_with_card_diversity|high_risk_with_card_switching|persistent_high_model_risk
cv_20260827_evt_0009857,cv_20260827_req_0004094,cv_20260827_dev_0001838,6,review,0.976360365618,1,2,3.89333260055,3,3,3,persistent_high_model_risk|high_risk_with_card_diversity|high_risk_with_card_switching
cv_20260827_evt_0009859,cv_20260827_req_0004095,cv_20260827_dev_0001838,7,block,0.97048195448,1,2,4.89259196942,4,4,4,persistent_high_model_risk|high_risk_with_card_diversity|high_risk_with_card_switching|high_risk_with_ip_rotation
cv_20260827_evt_0000299,cv_20260827_req_0000109,cv_20260827_dev_0000086,1,allow,0.229967827015,0.028783095908,0,0.028783095908,0,0,0,
cv_20260827_evt_0005311,cv_20260827_req_0002006,cv_20260827_dev_0001351,1,allow,0.123951941636,0.00548001258357,0,0.00548001258357,0,0,0,
cv_20260827_evt_0000475,cv_20260827_req_0000174,cv_20260827_dev_0000139,1,allow,0.255038161044,0.0690182853703,0,0.0690182853703,0,0,0,
cv_20260827_evt_0000848,cv_20260827_req_0000308,cv_20260827_dev_0000247,1,allow,0.208552219571,0.0259720802764,0,0.0259720802764,0,0,0,
cv_20260827_evt_0002062,cv_20260827_req_0000750,cv_20260827_dev_0000588,1,allow,0.238567013877,0.028783095908,0,0.028783095908,0,0,0,
cv_20260827_evt_0001184,cv_20260827_req_0000429,cv_20260827_dev_0000344,1,allow,0.254959479581,0.0690182853703,0,0.0690182853703,0,0,0,
cv_20260827_evt_0009117,cv_20260827_req_0003733,cv_20260827_dev_0001801,1,allow,0.216154185929,0.0259720802764,0,0.0259720802764,0,0,0,
cv_20260827_evt_0009119,cv_20260827_req_0003734,cv_20260827_dev_0001801,2,allow,0.267182795085,0.0930102271251,0,0.118982277636,0,0,0,
cv_20260827_evt_0009121,cv_20260827_req_0003735,cv_20260827_dev_0001801,3,allow,0.803616399917,0.559667304185,1,0.678649036371,1,1,0,
cv_20260827_evt_0009123,cv_20260827_req_0003736,cv_20260827_dev_0001801,4,allow,0.893942526487,0.920638394369,2,1.46355513456,2,2,0,stable_retry_risk_reduction
cv_20260827_evt_0006330,cv_20260827_req_0002396,cv_20260827_dev_0001620,1,allow,0.0976893648461,0.00548001258357,0,0.00548001258357,0,0,0,
cv_20260827_evt_0009125,cv_20260827_req_0003737,cv_20260827_dev_0001801,5,review,0.930554431185,0.968667664035,2,2.43222112125,3,3,2,persistent_high_model_risk|high_risk_with_card_diversity
cv_20260827_evt_0009127,cv_20260827_req_0003738,cv_20260827_dev_0001801,6,review,0.966558827545,0.987077221928,5,3.41929555567,4,4,3,rule_corroborated_review|high_risk_with_card_diversity|high_risk_with_card_switching|persistent_high_model_risk
cv_20260827_evt_0006332,cv_20260827_req_0002397,cv_20260827_dev_0001620,2,allow,0.253378875039,0.0690182853703,0,0.0734018935026,0,0,0,stable_retry_risk_reduction
cv_20260827_evt_0006334,cv_20260827_req_0002398,cv_20260827_dev_0001620,3,allow,0.372707284652,0.0930102271251,1,0.15173026136,0,0,0,stable_retry_risk_reduction
cv_20260827_evt_0006336,cv_20260827_req_0002399,cv_20260827_dev_0001620,4,allow,0.502276426596,0.284737559009,1,0.406108135532,0,0,0,stable_retry_risk_reduction
cv_20260827_evt_0005323,cv_20260827_req_0002010,cv_20260827_dev_0001355,1,allow,0.13779710763,0.0116357732377,0,0.0116357732377,0,0,0,
cv_20260827_evt_0003202,cv_20260827_req_0001166,cv_20260827_dev_0000904,1,allow,0.20374010989,0.0250286633218,0,0.0250286633218,0,0,0,
cv_20260827_evt_0001190,cv_20260827_req_0000431,cv_20260827_dev_0000345,1,allow,0.210283464282,0.0259720802764,0,0.0259720802764,0,0,0,
cv_20260827_evt_0008306,cv_20260827_req_0003338,cv_20260827_dev_0001765,1,allow,0.219328683993,0.0259720802764,0,0.0259720802764,0,0,0,
cv_20260827_evt_0008308,cv_20260827_req_0003339,cv_20260827_dev_0001765,2,allow,0.294606361439,0.0930102271251,0,0.118982277636,0,0,0,
cv_20260827_evt_0008310,cv_20260827_req_0003340,cv_20260827_dev_0001765,3,allow,0.809049436095,0.584793744945,0,0.679979239783,1,1,0,stable_retry_risk_reduction
cv_20260827_evt_0008312,cv_20260827_req_0003341,cv_20260827_dev_0001765,4,allow,0.860737708939,0.855151534315,2,1.3991343027,2,2,0,stable_retry_risk_reduction
cv_20260827_evt_0008314,cv_20260827_req_0003342,cv_20260827_dev_0001765,5,review,0.947560591573,0.978665935245,3,2.37779382389,3,3,2,persistent_high_model_risk|high_risk_with_card_diversity
cv_20260827_evt_0008316,cv_20260827_req_0003343,cv_20260827_dev_0001765,6,review,0.95870193713,0.978665935245,5,3.35644885863,4,4,4,rule_corroborated_review|high_risk_with_card_diversity|high_risk_with_card_switching|high_risk_with_ip_rotation|persistent_high_model_risk
cv_20260827_evt_0006008,cv_20260827_req_0002266,cv_20260827_dev_0001553,2,allow,0.0622184983661,0,0,0.00408704538376,0,0,3,successful_checkout_risk_reduction|high_risk_with_card_diversity|cross_session_card_diversity|high_risk_with_ip_rotation
cv_20260827_evt_0004600,cv_20260827_req_0001704,cv_20260827_dev_0001240,1,allow,0.220785914871,0.0259720802764,0,0.0259720802764,0,0,0,
cv_20260827_evt_0004602,cv_20260827_req_0001705,cv_20260827_dev_0001240,2,allow,0.445281188207,0.0930102271251,0,0.118981295377,0,0,0,
cv_20260827_evt_0004604,cv_20260827_req_0001706,cv_20260827_dev_0001240,3,allow,0.714899081201,0.474791810673,1,0.593760697784,0,0,1,high_risk_with_card_diversity
cv_20260827_evt_0012324,cv_20260827_req_0005290,cv_20260827_dev_0001992,1,allow,0.238830435826,0.028783095908,0,0.028783095908,0,0,0,
cv_20260827_evt_0007221,cv_20260827_req_0002807,cv_20260827_dev_0001711,1,allow,0.23445376742,0.028783095908,0,0.028783095908,0,0,0,
cv_20260827_evt_0007223,cv_20260827_req_0002808,cv_20260827_dev_0001711,2,allow,0.5330899408,0.474791810673,0,0.503574840606,0,0,1,high_risk_with_card_diversity
cv_20260827_evt_0007225,cv_20260827_req_0002809,cv_20260827_dev_0001711,3,allow,0.882094713528,0.920638394369,0,1.42421208071,1,1,1,high_risk_with_card_diversity
cv_20260827_evt_0007227,cv_20260827_req_0002810,cv_20260827_dev_0001711,4,allow,0.907413166413,0.920638394369,2,2.34484721057,2,2,2,high_risk_with_card_diversity|persistent_high_model_risk
cv_20260827_evt_0007229,cv_20260827_req_0002811,cv_20260827_dev_0001711,5,review,0.96200383576,0.987077221928,2,3.33191905775,3,3,3,persistent_high_model_risk|high_risk_with_card_diversity|high_risk_with_ip_rotation
cv_20260827_evt_0007231,cv_20260827_req_0002812,cv_20260827_dev_0001711,6,block,0.977142067617,1,3,4.33190760187,4,4,3,persistent_high_model_risk|high_risk_with_card_diversity|high_risk_with_ip_rotation
cv_20260827_evt_0007233,cv_20260827_req_0002813,cv_20260827_dev_0001711,7,block,0.976347700492,1,4,5.33188774312,5,5,3,persistent_high_model_risk|high_risk_with_card_diversity|high_risk_with_ip_rotation
cv_20260827_evt_0007235,cv_20260827_req_0002814,cv_20260827_dev_0001711,8,block,0.984745549573,1,4,6.33186941089,6,6,3,persistent_high_model_risk|high_risk_with_card_diversity|high_risk_with_ip_rotation
cv_20260827_evt_0007237,cv_20260827_req_0002815,cv_20260827_dev_0001711,9,block,0.987358437829,1,4,7.33185489729,7,7,3,persistent_high_model_risk|high_risk_with_card_diversity|high_risk_with_ip_rotation
cv_20260827_evt_0012326,cv_20260827_req_0005291,cv_20260827_dev_0001992,2,allow,0.695955714652,0.474791810673,0,0.503539796181,0,0,1,high_risk_with_card_diversity
cv_20260827_evt_0012328,cv_20260827_req_0005292,cv_20260827_dev_0001992,3,allow,0.974476604363,1,1,1.50302125476,1,1,1,high_risk_with_card_diversity
cv_20260827_evt_0004086,cv_20260827_req_0001491,cv_20260827_dev_0001155,1,allow,0.244255368342,0.028783095908,0,0.028783095908,0,0,0,
cv_20260827_evt_0005431,cv_20260827_req_0002051,cv_20260827_dev_0001383,1,allow,0.128305462178,0.00820512873941,0,0.00820512873941,0,0,0,
cv_20260827_evt_0001391,cv_20260827_req_0000505,cv_20260827_dev_0000405,1,allow,0.233044314008,0.028783095908,0,0.028783095908,0,0,0,
cv_20260827_evt_0001545,cv_20260827_req_0000561,cv_20260827_dev_0000442,1,allow,0.177238873747,0.0250286633218,0,0.0250286633218,0,0,0,
cv_20260827_evt_0003289,cv_20260827_req_0001198,cv_20260827_dev_0000927,1,allow,0.243949684553,0.028783095908,0,0.028783095908,0,0,0,
cv_20260827_evt_0004470,cv_20260827_req_0001647,cv_20260827_dev_0001224,7,allow,0.142844929558,0.0116357732377,2,0.491920792294,1,0,2,high_risk_with_card_diversity|cross_session_card_diversity
cv_20260827_evt_0004472,cv_20260827_req_0001648,cv_20260827_dev_0001224,8,allow,0.270521317257,0.0930102271251,2,0.584881973095,1,0,2,high_risk_with_card_diversity|cross_session_card_diversity
cv_20260827_evt_0004474,cv_20260827_req_0001649,cv_20260827_dev_0001224,9,allow,0.531054845975,0.451830966486,4,1.03667674344,1,0,3,high_risk_with_card_diversity|high_risk_with_card_switching|cross_session_card_diversity
cv_20260827_evt_0003995,cv_20260827_req_0001456,cv_20260827_dev_0001129,1,allow,0.152108941256,0.0193933904297,0,0.0193933904297,0,0,0,
cv_20260827_evt_0003997,cv_20260827_req_0001457,cv_20260827_dev_0001129,2,allow,0.494394000696,0.284737559009,0,0.304128838054,0,0,0,
cv_20260827_evt_0000753,cv_20260827_req_0000274,cv_20260827_dev_0000218,1,allow,0.245557414344,0.028783095908,0,0.028783095908,0,0,0,
cv_20260827_evt_0002039,cv_20260827_req_0000742,cv_20260827_dev_0000582,1,allow,0.24291991611,0.028783095908,0,0.028783095908,0,0,0,
cv_20260827_evt_0005463,cv_20260827_req_0002062,cv_20260827_dev_0001391,1,allow,0.13830214367,0.0116357732377,0,0.0116357732377,0,0,0,
cv_20260827_evt_0000682,cv_20260827_req_0000249,cv_20260827_dev_0000199,1,allow,0.241969062523,0.028783095908,0,0.028783095908,0,0,0,
cv_20260827_evt_0000684,cv_20260827_req_0000250,cv_20260827_dev_0000199,2,allow,0.442930819964,0.0930102271251,0,0.121790453252,0,0,0,
cv_20260827_evt_0001483,cv_20260827_req_0000539,cv_20260827_dev_0000425,1,allow,0.245020711342,0.028783095908,0,0.028783095908,0,0,0,
cv_20260827_evt_0000157,cv_20260827_req_0000057,cv_20260827_dev_0000048,1,allow,0.149799876396,0.0193933904297,0,0.0193933904297,0,0,0,
cv_20260827_evt_0000878,cv_20260827_req_0000318,cv_20260827_dev_0000256,1,allow,0.222375543022,0.0259720802764,0,0.0259720802764,0,0,0,
cv_20260827_evt_0007597,cv_20260827_req_0002990,cv_20260827_dev_0001730,1,allow,0.253938074421,0.0690182853703,0,0.0690182853703,0,0,0,
cv_20260827_evt_0007599,cv_20260827_req_0002991,cv_20260827_dev_0001730,2,allow,0.547839424459,0.474791810673,0,0.530006185849,0,0,0,stable_retry_risk_reduction
cv_20260827_evt_0007601,cv_20260827_req_0002992,cv_20260827_dev_0001730,3,allow,0.715505013641,0.474791810673,0,1.00479617424,0,0,0,
cv_20260827_evt_0007603,cv_20260827_req_0002993,cv_20260827_dev_0001730,4,allow,0.85118904435,0.834086215288,2,1.83888123796,1,1,1,high_risk_with_card_diversity
cv_20260827_evt_0007605,cv_20260827_req_0002994,cv_20260827_dev_0001730,5,allow,0.886104316691,0.920638394369,2,2.75951541733,2,2,2,high_risk_with_card_diversity|persistent_high_model_risk
cv_20260827_evt_0007607,cv_20260827_req_0002995,cv_20260827_dev_0001730,6,review,0.963675924084,0.987077221928,4,3.1946870257,3,3,4,stable_retry_risk_reduction|persistent_high_model_risk|high_risk_with_card_diversity|high_risk_with_card_switching|high_risk_with_ip_rotation
cv_20260827_evt_0007609,cv_20260827_req_0002996,cv_20260827_dev_0001730,7,block,0.995507908618,1,5,4.194679703,4,4,4,persistent_high_model_risk|high_risk_with_card_diversity|high_risk_with_card_switching|high_risk_with_ip_rotation
cv_20260827_evt_0011510,cv_20260827_req_0004895,cv_20260827_dev_0001934,4,allow,0.652388964526,0.474791810673,0,1.63831932268,1,0,0,
cv_20260827_evt_0011263,cv_20260827_req_0004776,cv_20260827_dev_0001918,4,allow,0.793545733134,0.559667304185,1,1.31747060237,2,2,3,high_risk_with_card_diversity|cross_session_card_diversity|high_risk_with_ip_rotation
cv_20260827_evt_0011265,cv_20260827_req_0004777,cv_20260827_dev_0001918,5,review,0.895423720889,0.920638394369,0,1.97417044886,3,3,3,stable_retry_risk_reduction|persistent_high_model_risk|high_risk_with_card_diversity|cross_session_card_diversity
cv_20260827_evt_0011512,cv_20260827_req_0004896,cv_20260827_dev_0001934,5,allow,0.871330688663,0.920638394369,0,2.55801541308,2,1,1,persistent_high_model_risk
cv_20260827_evt_0000674,cv_20260827_req_0000246,cv_20260827_dev_0000196,3,allow,0.234808027432,0.028783095908,0,0.253225012394,0,0,0,successful_checkout_risk_reduction
cv_20260827_evt_0000361,cv_20260827_req_0000132,cv_20260827_dev_0000104,1,allow,0.165834525799,0.0250286633218,0,0.0250286633218,0,0,0,
cv_20260827_evt_0002102,cv_20260827_req_0000764,cv_20260827_dev_0000599,1,allow,0.241741235073,0.028783095908,0,0.028783095908,0,0,0,
cv_20260827_evt_0002048,cv_20260827_req_0000745,cv_20260827_dev_0000584,1,allow,0.221445875116,0.0259720802764,0,0.0259720802764,0,0,0,
cv_20260827_evt_0006631,cv_20260827_req_0002532,cv_20260827_dev_0001658,1,allow,0.139876852639,0.0116357732377,0,0.0116357732377,0,0,0,
cv_20260827_evt_0006633,cv_20260827_req_0002533,cv_20260827_dev_0001658,2,allow,0.336581497349,0.0930102271251,0,0.102318579009,0,0,0,stable_retry_risk_reduction
cv_20260827_evt_0006635,cv_20260827_req_0002534,cv_20260827_dev_0001658,3,allow,0.457608951141,0.0930102271251,1,0.174857585721,0,0,0,stable_retry_risk_reduction
cv_20260827_evt_0001559,cv_20260827_req_0000566,cv_20260827_dev_0000446,2,allow,0.110795160435,0.00548001258357,0,0.0179485488377,0,0,0,successful_checkout_risk_reduction
cv_20260827_evt_0009574,cv_20260827_req_0003956,cv_20260827_dev_0001822,1,allow,0.230536886973,0.028783095908,0,0.028783095908,0,0,0,
cv_20260827_evt_0009576,cv_20260827_req_0003957,cv_20260827_dev_0001822,2,allow,0.46689815896,0.0930102271251,0,0.121789001977,0,0,1,high_risk_with_card_diversity
cv_20260827_evt_0009578,cv_20260827_req_0003958,cv_20260827_dev_0001822,3,allow,0.834680569941,0.690081906596,1,0.811856393167,1,1,1,high_risk_with_card_diversity
cv_20260827_evt_0009580,cv_20260827_req_0003959,cv_20260827_dev_0001822,4,allow,0.892374139198,0.920638394369,1,1.73247245705,2,2,2,high_risk_with_card_diversity|persistent_high_model_risk
cv_20260827_evt_0009582,cv_20260827_req_0003960,cv_20260827_dev_0001822,5,review,0.919627361666,0.920638394369,2,2.65293414681,3,3,3,persistent_high_model_risk|high_risk_with_card_diversity|high_risk_with_ip_rotation
cv_20260827_evt_0009584,cv_20260827_req_0003961,cv_20260827_dev_0001822,6,block,0.970701599091,1,1,3.6525115557,4,4,3,persistent_high_model_risk|high_risk_with_card_diversity|high_risk_with_ip_rotation
cv_20260827_evt_0012258,cv_20260827_req_0005258,cv_20260827_dev_0001988,1,allow,0.225868473848,0.028783095908,0,0.028783095908,0,0,0,
cv_20260827_evt_0009586,cv_20260827_req_0003962,cv_20260827_dev_0001822,7,block,0.978588552623,1,1,4.65215994373,5,5,3,persistent_high_model_risk|high_risk_with_card_diversity|high_risk_with_ip_rotation
cv_20260827_evt_0009588,cv_20260827_req_0003963,cv_20260827_dev_0001822,8,block,0.978442808513,1,1,5.65171209979,6,6,3,persistent_high_model_risk|high_risk_with_card_diversity|high_risk_with_ip_rotation
cv_20260827_evt_0012260,cv_20260827_req_0005259,cv_20260827_dev_0001988,2,allow,0.508463744744,0.284737559009,0,0.313509639155,0,0,0,
cv_20260827_evt_0012262,cv_20260827_req_0005260,cv_20260827_dev_0001988,3,allow,0.870249734802,0.920638394369,0,1.23392857435,1,1,0,
cv_20260827_evt_0001495,cv_20260827_req_0000543,cv_20260827_dev_0000428,1,allow,0.242387125693,0.028783095908,0,0.028783095908,0,0,0,
cv_20260827_evt_0009543,cv_20260827_req_0003941,cv_20260827_dev_0001820,1,allow,0.263066894873,0.0930102271251,0,0.0930102271251,0,0,0,
cv_20260827_evt_0009545,cv_20260827_req_0003942,cv_20260827_dev_0001820,2,allow,0.753956999028,0.474791810673,1,0.567801718008,0,0,1,high_risk_with_card_diversity
cv_20260827_evt_0009547,cv_20260827_req_0003943,cv_20260827_dev_0001820,3,allow,0.931091484164,0.968667664035,4,1.53646677907,1,1,2,high_risk_with_card_diversity|high_risk_with_card_switching
cv_20260827_evt_0009549,cv_20260827_req_0003944,cv_20260827_dev_0001820,4,block,0.946676381906,0.978665935245,6,2.51513095341,2,2,3,rule_corroborated_block|high_risk_with_card_diversity|high_risk_with_card_switching|persistent_high_model_risk
cv_20260827_evt_0009551,cv_20260827_req_0003945,cv_20260827_dev_0001820,5,review,0.982132338824,1,5,3.51512230582,3,3,3,rule_corroborated_review|high_risk_with_card_diversity|high_risk_with_card_switching|persistent_high_model_risk
cv_20260827_evt_0009553,cv_20260827_req_0003946,cv_20260827_dev_0001820,6,block,0.989949267189,1,5,4.51511424863,4,4,3,persistent_high_model_risk|high_risk_with_card_diversity|high_risk_with_card_switching
cv_20260827_evt_0009555,cv_20260827_req_0003947,cv_20260827_dev_0001820,7,block,0.986092587422,1,5,5.51510389931,5,5,4,persistent_high_model_risk|high_risk_with_card_diversity|high_risk_with_card_switching|high_risk_with_ip_rotation
cv_20260827_evt_0009557,cv_20260827_req_0003948,cv_20260827_dev_0001820,8,block,0.989572785943,1,5,6.51507861644,6,6,4,persistent_high_model_risk|high_risk_with_card_diversity|high_risk_with_card_switching|high_risk_with_ip_rotation
cv_20260827_evt_0003460,cv_20260827_req_0001261,cv_20260827_dev_0000975,1,allow,0.154474178795,0.0193933904297,0,0.0193933904297,0,0,0,
cv_20260827_evt_0002702,cv_20260827_req_0000986,cv_20260827_dev_0000761,1,allow,0.233340550176,0.028783095908,0,0.028783095908,0,0,0,
cv_20260827_evt_0010922,cv_20260827_req_0004610,cv_20260827_dev_0001899,1,allow,0.209888415285,0.0259720802764,0,0.0259720802764,0,0,0,
cv_20260827_evt_0010924,cv_20260827_req_0004611,cv_20260827_dev_0001899,2,allow,0.502592788227,0.284737559009,0,0.310708418908,0,0,0,
cv_20260827_evt_0010926,cv_20260827_req_0004612,cv_20260827_dev_0001899,3,allow,0.792982138262,0.559667304185,0,0.808226632632,1,1,0,stable_retry_risk_reduction
cv_20260827_evt_0010928,cv_20260827_req_0004613,cv_20260827_dev_0001899,4,allow,0.783291885043,0.474791810673,0,1.12129753596,1,0,0,stable_retry_risk_reduction
cv_20260827_evt_0010930,cv_20260827_req_0004614,cv_20260827_dev_0001899,5,allow,0.85692702189,0.855151534315,0,1.97631671351,2,1,1,high_risk_with_card_diversity
cv_20260827_evt_0002347,cv_20260827_req_0000853,cv_20260827_dev_0000666,1,allow,0.244905806697,0.028783095908,0,0.028783095908,0,0,0,
cv_20260827_evt_0004404,cv_20260827_req_0001617,cv_20260827_dev_0001217,1,allow,0.247480675852,0.028783095908,0,0.028783095908,0,0,0,
cv_20260827_evt_0004406,cv_20260827_req_0001618,cv_20260827_dev_0001217,2,allow,0.497384496194,0.284737559009,0,0.313517785135,0,0,0,
cv_20260827_evt_0004408,cv_20260827_req_0001619,cv_20260827_dev_0001217,3,allow,0.728381500913,0.474791810673,1,0.788277618367,0,0,1,high_risk_with_card_diversity
cv_20260827_evt_0004735,cv_20260827_req_0001764,cv_20260827_dev_0001257,1,allow,0.245250629852,0.028783095908,0,0.028783095908,0,0,0,
cv_20260827_evt_0004737,cv_20260827_req_0001765,cv_20260827_dev_0001257,2,allow,0.450035324459,0.0930102271251,0,0.121791178917,0,0,1,high_risk_with_card_diversity
cv_20260827_evt_0004739,cv_20260827_req_0001766,cv_20260827_dev_0001257,3,allow,0.795624224842,0.559667304185,2,0.6814480149,1,1,2,high_risk_with_card_diversity|high_risk_with_card_switching
cv_20260827_evt_0003640,cv_20260827_req_0001325,cv_20260827_dev_0001025,1,allow,0.218779744446,0.0259720802764,0,0.0259720802764,0,0,0,
cv_20260827_evt_0001123,cv_20260827_req_0000408,cv_20260827_dev_0000327,1,allow,0.165309190147,0.0250286633218,0,0.0250286633218,0,0,0,
cv_20260827_evt_0000263,cv_20260827_req_0000096,cv_20260827_dev_0000076,1,allow,0.255747012488,0.0690182853703,0,0.0690182853703,0,0,0,
cv_20260827_evt_0010401,cv_20260827_req_0004357,cv_20260827_dev_0001869,1,allow,0.260585429788,0.0930102271251,0,0.0930102271251,0,0,0,
cv_20260827_evt_0010403,cv_20260827_req_0004358,cv_20260827_dev_0001869,2,allow,0.798435410078,0.559667304185,0,0.634061672216,1,1,0,stable_retry_risk_reduction
cv_20260827_evt_0010405,cv_20260827_req_0004359,cv_20260827_dev_0001869,3,allow,0.84443730102,0.834086215288,1,1.46812172744,2,2,1,high_risk_with_card_diversity
cv_20260827_evt_0010407,cv_20260827_req_0004360,cv_20260827_dev_0001869,4,review,0.938355131241,0.968667664035,1,2.43652861473,3,3,2,persistent_high_model_risk|high_risk_with_card_diversity
cv_20260827_evt_0010409,cv_20260827_req_0004361,cv_20260827_dev_0001869,5,review,0.959147231176,0.978665935245,3,3.41471150425,4,4,4,persistent_high_model_risk|high_risk_with_card_diversity|high_risk_with_card_switching|high_risk_with_ip_rotation
cv_20260827_evt_0010411,cv_20260827_req_0004362,cv_20260827_dev_0001869,6,block,0.986728367036,1,3,4.41402279397,5,5,4,persistent_high_model_risk|high_risk_with_card_diversity|high_risk_with_card_switching|high_risk_with_ip_rotation
cv_20260827_evt_0010344,cv_20260827_req_0004329,cv_20260827_dev_0001865,1,allow,0.234565291546,0.028783095908,0,0.028783095908,0,0,0,
cv_20260827_evt_0010346,cv_20260827_req_0004330,cv_20260827_dev_0001865,2,allow,0.502779555594,0.284737559009,0,0.313518279905,0,0,0,
cv_20260827_evt_0003076,cv_20260827_req_0001121,cv_20260827_dev_0000869,1,allow,0.209802418119,0.0259720802764,0,0.0259720802764,0,0,0,
cv_20260827_evt_0010413,cv_20260827_req_0004363,cv_20260827_dev_0001869,7,block,0.989608298908,1,3,5.41348659283,6,6,4,persistent_high_model_risk|high_risk_with_card_diversity|high_risk_with_card_switching|high_risk_with_ip_rotation
cv_20260827_evt_0002339,cv_20260827_req_0000850,cv_20260827_dev_0000663,1,allow,0.236579013134,0.028783095908,0,0.028783095908,0,0,0,
cv_20260827_evt_0010348,cv_20260827_req_0004331,cv_20260827_dev_0001865,3,allow,0.811529939078,0.584793744945,0,0.89825992836,1,1,1,high_risk_with_card_diversity
cv_20260827_evt_0010350,cv_20260827_req_0004332,cv_20260827_dev_0001865,4,allow,0.906649529169,0.920638394369,1,1.81874700269,2,2,1,high_risk_with_card_diversity
cv_20260827_evt_0010352,cv_20260827_req_0004333,cv_20260827_dev_0001865,5,review,0.941067917154,0.968667664035,1,2.78723541513,3,3,3,persistent_high_model_risk|high_risk_with_card_diversity|high_risk_with_ip_rotation
cv_20260827_evt_0010354,cv_20260827_req_0004334,cv_20260827_dev_0001865,6,review,0.97027727697,0.992515434722,1,3.77945698188,4,4,3,persistent_high_model_risk|high_risk_with_card_diversity|high_risk_with_ip_rotation
cv_20260827_evt_0011131,cv_20260827_req_0004712,cv_20260827_dev_0001910,9,block,0.885197705693,0.920638394369,1,4.81503961428,7,7,4,persistent_high_model_risk|high_risk_with_card_diversity|cross_session_card_diversity|high_risk_with_ip_rotation
cv_20260827_evt_0011133,cv_20260827_req_0004713,cv_20260827_dev_0001910,10,block,0.92419704537,0.920638394369,1,5.73485583656,8,8,4,persistent_high_model_risk|high_risk_with_card_diversity|cross_session_card_diversity|high_risk_with_ip_rotation
cv_20260827_evt_0011135,cv_20260827_req_0004714,cv_20260827_dev_0001910,11,block,0.883058070283,0.920638394369,1,6.65529048443,9,9,4,persistent_high_model_risk|high_risk_with_card_diversity|cross_session_card_diversity|high_risk_with_ip_rotation
cv_20260827_evt_0011137,cv_20260827_req_0004715,cv_20260827_dev_0001910,12,block,0.926360870223,0.920638394369,1,7.5754254846,10,10,4,persistent_high_model_risk|high_risk_with_card_diversity|cross_session_card_diversity|high_risk_with_ip_rotation
cv_20260827_evt_0011139,cv_20260827_req_0004716,cv_20260827_dev_0001910,13,block,0.947957945798,0.978665935245,1,8.55388305426,11,11,4,persistent_high_model_risk|high_risk_with_card_diversity|cross_session_card_diversity|high_risk_with_ip_rotation
cv_20260827_evt_0011141,cv_20260827_req_0004717,cv_20260827_dev_0001910,14,block,0.925966346014,0.920638394369,1,9.47289423804,12,12,4,persistent_high_model_risk|high_risk_with_card_diversity|cross_session_card_diversity|high_risk_with_ip_rotation
cv_20260827_evt_0011143,cv_20260827_req_0004718,cv_20260827_dev_0001910,15,block,0.944462844916,0.968667664035,1,10.440161496,13,13,4,persistent_high_model_risk|high_risk_with_card_diversity|cross_session_card_diversity|high_risk_with_ip_rotation
cv_20260827_evt_0005882,cv_20260827_req_0002218,cv_20260827_dev_0001520,1,allow,0.133427972176,0.00820512873941,0,0.00820512873941,0,0,0,
cv_20260827_evt_0011145,cv_20260827_req_0004719,cv_20260827_dev_0001910,16,block,0.908460002065,0.920638394369,1,11.359902537,14,14,4,persistent_high_model_risk|high_risk_with_card_diversity|cross_session_card_diversity|high_risk_with_ip_rotation
cv_20260827_evt_0011147,cv_20260827_req_0004720,cv_20260827_dev_0001910,17,block,0.966437425039,0.987077221928,1,12.3452743561,15,15,4,persistent_high_model_risk|high_risk_with_card_diversity|cross_session_card_diversity|high_risk_with_ip_rotation
cv_20260827_evt_0000901,cv_20260827_req_0000327,cv_20260827_dev_0000264,1,allow,0.201398535108,0.0250286633218,0,0.0250286633218,0,0,0,
cv_20260827_evt_0006157,cv_20260827_req_0002320,cv_20260827_dev_0001601,1,allow,0.154663607422,0.0193933904297,0,0.0193933904297,0,0,0,
cv_20260827_evt_0006159,cv_20260827_req_0002321,cv_20260827_dev_0001601,2,allow,0.319566738799,0.0930102271251,0,0.112402150674,0,0,1,high_risk_with_card_diversity
cv_20260827_evt_0006161,cv_20260827_req_0002322,cv_20260827_dev_0001601,3,allow,0.539283071338,0.474791810673,2,0.587185588262,0,0,2,high_risk_with_card_diversity|high_risk_with_card_switching
cv_20260827_evt_0003885,cv_20260827_req_0001417,cv_20260827_dev_0001095,1,allow,0.190248057138,0.0250286633218,0,0.0250286633218,0,0,0,
cv_20260827_evt_0003887,cv_20260827_req_0001418,cv_20260827_dev_0001095,2,allow,0.328267982933,0.0930102271251,0,0.118036394997,0,0,0,
cv_20260827_evt_0004155,cv_20260827_req_0001516,cv_20260827_dev_0001174,1,allow,0.246748647329,0.028783095908,0,0.028783095908,0,0,0,
cv_20260827_evt_0002136,cv_20260827_req_0000777,cv_20260827_dev_0000606,1,allow,0.232785322208,0.028783095908,0,0.028783095908,0,0,0,
cv_20260827_evt_0003141,cv_20260827_req_0001144,cv_20260827_dev_0000890,1,allow,0.248175519722,0.028783095908,0,0.028783095908,0,0,0,
cv_20260827_evt_0003761,cv_20260827_req_0001371,cv_20260827_dev_0001064,1,allow,0.199176218101,0.0250286633218,0,0.0250286633218,0,0,0,
cv_20260827_evt_0012166,cv_20260827_req_0005214,cv_20260827_dev_0001983,1,allow,0.198648248806,0.0250286633218,0,0.0250286633218,0,0,0,
cv_20260827_evt_0002291,cv_20260827_req_0000833,cv_20260827_dev_0000650,3,allow,0.601950217432,0.474791810673,0,0.765041477645,0,0,1,high_risk_with_ip_rotation
cv_20260827_evt_0003843,cv_20260827_req_0001401,cv_20260827_dev_0001083,1,allow,0.241703278041,0.028783095908,0,0.028783095908,0,0,0,
cv_20260827_evt_0012168,cv_20260827_req_0005215,cv_20260827_dev_0001983,2,allow,0.657742853619,0.474791810673,0,0.499795502028,0,0,0,
cv_20260827_evt_0003845,cv_20260827_req_0001402,cv_20260827_dev_0001083,2,allow,0.499649639294,0.284737559009,0,0.313515146509,0,0,0,
cv_20260827_evt_0012170,cv_20260827_req_0005216,cv_20260827_dev_0001983,3,allow,0.902724311995,0.920638394369,0,1.42023402779,1,1,1,high_risk_with_card_diversity
cv_20260827_evt_0000407,cv_20260827_req_0000149,cv_20260827_dev_0000120,1,allow,0.245710903626,0.028783095908,0,0.028783095908,0,0,0,
cv_20260827_evt_0006720,cv_20260827_req_0002572,cv_20260827_dev_0001670,1,allow,0.116650626301,0.00548001258357,0,0.00548001258357,0,0,0,
cv_20260827_evt_0006722,cv_20260827_req_0002573,cv_20260827_dev_0001670,2,allow,0.292986926814,0.0930102271251,0,0.0973940864622,0,0,0,stable_retry_risk_reduction
cv_20260827_evt_0006724,cv_20260827_req_0002574,cv_20260827_dev_0001670,3,allow,0.410814890393,0.0930102271251,1,0.170917459991,0,0,0,stable_retry_risk_reduction
cv_20260827_evt_0001981,cv_20260827_req_0000720,cv_20260827_dev_0000564,1,allow,0.207835328954,0.0250286633218,0,0.0250286633218,0,0,0,
cv_20260827_evt_0001709,cv_20260827_req_0000620,cv_20260827_dev_0000489,1,allow,0.202717218603,0.0250286633218,0,0.0250286633218,0,0,0,
cv_20260827_evt_0011746,cv_20260827_req_0005011,cv_20260827_dev_0001953,1,allow,0.178101023355,0.0250286633218,0,0.0250286633218,0,0,0,
cv_20260827_evt_0001405,cv_20260827_req_0000511,cv_20260827_dev_0000407,1,allow,0.160313450819,0.0250286633218,0,0.0250286633218,0,0,0,
cv_20260827_evt_0011218,cv_20260827_req_0004755,cv_20260827_dev_0001915,6,block,0.89447451104,0.920638394369,3,3.7423791368,4,4,4,persistent_high_model_risk|high_risk_with_card_diversity|cross_session_card_diversity|high_risk_with_ip_rotation
cv_20260827_evt_0011748,cv_20260827_req_0005012,cv_20260827_dev_0001953,2,allow,0.668894858371,0.474791810673,0,0.499797708649,0,0,0,
cv_20260827_evt_0011220,cv_20260827_req_0004756,cv_20260827_dev_0001915,7,block,0.958239661641,0.978665935245,2,4.71941987376,5,5,4,persistent_high_model_risk|high_risk_with_card_diversity|cross_session_card_diversity|high_risk_with_ip_rotation
cv_20260827_evt_0011222,cv_20260827_req_0004757,cv_20260827_dev_0001915,8,block,0.948221119932,0.978665935245,2,5.69345813191,6,6,4,persistent_high_model_risk|high_risk_with_card_diversity|cross_session_card_diversity|high_risk_with_ip_rotation
cv_20260827_evt_0000825,cv_20260827_req_0000300,cv_20260827_dev_0000239,1,allow,0.208688976457,0.0259720802764,0,0.0259720802764,0,0,0,
cv_20260827_evt_0006930,cv_20260827_req_0002666,cv_20260827_dev_0001695,1,allow,0.127128882338,0.00820512873941,0,0.00820512873941,0,0,0,
cv_20260827_evt_0006932,cv_20260827_req_0002667,cv_20260827_dev_0001695,2,allow,0.340317920572,0.0930102271251,0,0.0995742699332,0,0,0,stable_retry_risk_reduction
cv_20260827_evt_0006934,cv_20260827_req_0002668,cv_20260827_dev_0001695,3,allow,0.423205297747,0.0930102271251,1,0.192583469986,0,0,0,
cv_20260827_evt_0002936,cv_20260827_req_0001069,cv_20260827_dev_0000830,1,allow,0.242843754521,0.028783095908,0,0.028783095908,0,0,0,
cv_20260827_evt_0002065,cv_20260827_req_0000751,cv_20260827_dev_0000589,1,allow,0.0938374684067,0.00548001258357,0,0.00548001258357,0,0,0,
cv_20260827_evt_0000500,cv_20260827_req_0000183,cv_20260827_dev_0000146,2,allow,0.0606283688571,0,0,0.0117622478216,0,0,1,successful_checkout_risk_reduction|high_risk_with_ip_rotation
cv_20260827_evt_0001851,cv_20260827_req_0000672,cv_20260827_dev_0000527,1,allow,0.238491787119,0.028783095908,0,0.028783095908,0,0,0,
cv_20260827_evt_0005272,cv_20260827_req_0001992,cv_20260827_dev_0001342,2,allow,0.0466201222133,0,0,0.00272947885508,0,0,0,successful_checkout_risk_reduction
cv_20260827_evt_0001340,cv_20260827_req_0000485,cv_20260827_dev_0000391,1,allow,0.186732110565,0.0250286633218,0,0.0250286633218,0,0,0,
cv_20260827_evt_0000806,cv_20260827_req_0000293,cv_20260827_dev_0000233,1,allow,0.226412072722,0.028783095908,0,0.028783095908,0,0,0,
cv_20260827_evt_0003909,cv_20260827_req_0001426,cv_20260827_dev_0001103,1,allow,0.202132282965,0.0250286633218,0,0.0250286633218,0,0,0,
cv_20260827_evt_0003032,cv_20260827_req_0001105,cv_20260827_dev_0000856,1,allow,0.19882947018,0.0250286633218,0,0.0250286633218,0,0,0,
cv_20260827_evt_0012211,cv_20260827_req_0005236,cv_20260827_dev_0001985,1,allow,0.239923880397,0.028783095908,0,0.028783095908,0,0,0,
cv_20260827_evt_0012213,cv_20260827_req_0005237,cv_20260827_dev_0001985,2,allow,0.383024882692,0.0930102271251,0,0.121781351012,0,0,1,high_risk_with_card_diversity
cv_20260827_evt_0012215,cv_20260827_req_0005238,cv_20260827_dev_0001985,3,allow,0.920863948318,0.920638394369,1,1.04231804078,1,1,1,high_risk_with_card_diversity
cv_20260827_evt_0003629,cv_20260827_req_0001321,cv_20260827_dev_0001023,1,allow,0.217966776169,0.0259720802764,0,0.0259720802764,0,0,0,
cv_20260827_evt_0001141,cv_20260827_req_0000414,cv_20260827_dev_0000331,1,allow,0.235570663702,0.028783095908,0,0.028783095908,0,0,0,
cv_20260827_evt_0004709,cv_20260827_req_0001752,cv_20260827_dev_0001253,1,allow,0.177359698561,0.0250286633218,0,0.0250286633218,0,0,0,
cv_20260827_evt_0004711,cv_20260827_req_0001753,cv_20260827_dev_0001253,2,allow,0.474457026951,0.284737559009,0,0.309764902866,0,0,0,
cv_20260827_evt_0004713,cv_20260827_req_0001754,cv_20260827_dev_0001253,3,allow,0.799263129984,0.559667304185,1,0.869415876822,1,1,0,
cv_20260827_evt_0000410,cv_20260827_req_0000150,cv_20260827_dev_0000121,1,allow,0.194608259759,0.0250286633218,0,0.0250286633218,0,0,0,
cv_20260827_evt_0011786,cv_20260827_req_0005030,cv_20260827_dev_0001956,4,allow,0.748573087919,0.474791810673,0,1.57056382929,1,0,3,high_risk_with_card_diversity|cross_session_card_diversity|high_risk_with_ip_rotation
cv_20260827_evt_0011788,cv_20260827_req_0005031,cv_20260827_dev_0001956,5,allow,0.870347901094,0.920638394369,0,2.49086386263,2,1,3,high_risk_with_card_diversity|cross_session_card_diversity|persistent_high_model_risk
cv_20260827_evt_0002804,cv_20260827_req_0001022,cv_20260827_dev_0000789,1,allow,0.206135769118,0.0250286633218,0,0.0250286633218,0,0,0,
cv_20260827_evt_0000036,cv_20260827_req_0000014,cv_20260827_dev_0000011,2,allow,0.0692568117693,0,0,0.0112920906249,0,0,1,successful_checkout_risk_reduction|high_risk_with_ip_rotation
cv_20260827_evt_0005780,cv_20260827_req_0002180,cv_20260827_dev_0001491,1,allow,0.0849760466339,0.00548001258357,0,0.00548001258357,0,0,0,
cv_20260827_evt_0002393,cv_20260827_req_0000871,cv_20260827_dev_0000677,2,allow,0.545657591036,0.474791810673,0,0.543890461757,0,0,1,high_risk_with_ip_rotation
cv_20260827_evt_0000653,cv_20260827_req_0000238,cv_20260827_dev_0000191,1,allow,0.157555339055,0.0250286633218,0,0.0250286633218,0,0,0,
cv_20260827_evt_0005963,cv_20260827_req_0002250,cv_20260827_dev_0001543,1,allow,0.111687736929,0.00548001258357,0,0.00548001258357,0,0,0,
cv_20260827_evt_0004860,cv_20260827_req_0001820,cv_20260827_dev_0001271,1,allow,0.248059621705,0.028783095908,0,0.028783095908,0,0,0,
cv_20260827_evt_0004862,cv_20260827_req_0001821,cv_20260827_dev_0001271,2,allow,0.488093710232,0.284737559009,0,0.31351844483,0,0,0,
cv_20260827_evt_0004864,cv_20260827_req_0001822,cv_20260827_dev_0001271,3,allow,0.721605177246,0.474791810673,1,0.788276840879,0,0,1,high_risk_with_card_diversity
cv_20260827_evt_0005394,cv_20260827_req_0002036,cv_20260827_dev_0001375,1,allow,0.156677760952,0.0193933904297,0,0.0193933904297,0,0,0,
cv_20260827_evt_0000356,cv_20260827_req_0000130,cv_20260827_dev_0000102,1,allow,0.240528624789,0.028783095908,0,0.028783095908,0,0,0,
cv_20260827_evt_0001393,cv_20260827_req_0000506,cv_20260827_dev_0000405,2,allow,0.334077350287,0.0930102271251,0,0.119078861905,0,0,1,high_risk_with_ip_rotation
cv_20260827_evt_0003951,cv_20260827_req_0001440,cv_20260827_dev_0001115,2,allow,0.0452039543325,0,0,0.0129871102981,0,0,0,successful_checkout_risk_reduction
cv_20260827_evt_0003953,cv_20260827_req_0001441,cv_20260827_dev_0001115,3,allow,0.24935577648,0.028783095908,0,0.0417683606934,0,0,2,high_risk_with_card_diversity|cross_session_card_diversity
cv_20260827_evt_0000699,cv_20260827_req_0000255,cv_20260827_dev_0000202,1,allow,0.159627818836,0.0250286633218,0,0.0250286633218,0,0,0,
cv_20260827_evt_0001371,cv_20260827_req_0000498,cv_20260827_dev_0000399,1,allow,0.155368861419,0.0193933904297,0,0.0193933904297,0,0,0,
cv_20260827_evt_0000790,cv_20260827_req_0000287,cv_20260827_dev_0000229,1,allow,0.234045160412,0.028783095908,0,0.028783095908,0,0,0,
cv_20260827_evt_0004000,cv_20260827_req_0001458,cv_20260827_dev_0001129,3,allow,0.400479264076,0.0930102271251,0,0.244531373203,0,0,1,successful_checkout_risk_reduction|high_risk_with_ip_rotation
cv_20260827_evt_0001687,cv_20260827_req_0000612,cv_20260827_dev_0000483,1,allow,0.223595462324,0.0259720802764,0,0.0259720802764,0,0,0,
cv_20260827_evt_0001423,cv_20260827_req_0000517,cv_20260827_dev_0000410,2,allow,0.0554378836757,0,0,0.0419627959374,0,0,1,successful_checkout_risk_reduction|high_risk_with_ip_rotation
cv_20260827_evt_0000586,cv_20260827_req_0000214,cv_20260827_dev_0000171,1,allow,0.141944866254,0.0116357732377,0,0.0116357732377,0,0,0,
cv_20260827_evt_0005732,cv_20260827_req_0002161,cv_20260827_dev_0001475,2,allow,0.0489927235665,0,0,0.00247232642613,0,0,1,successful_checkout_risk_reduction|high_risk_with_ip_rotation
cv_20260827_evt_0011271,cv_20260827_req_0004780,cv_20260827_dev_0001919,3,allow,0.773659467023,0.474791810673,0,0.885215866293,0,0,3,high_risk_with_card_diversity|cross_session_card_diversity|high_risk_with_ip_rotation
cv_20260827_evt_0011273,cv_20260827_req_0004781,cv_20260827_dev_0001919,4,allow,0.935209246149,0.968667664035,0,1.85311384046,1,1,2,high_risk_with_card_diversity|cross_session_card_diversity
cv_20260827_evt_0000687,cv_20260827_req_0000251,cv_20260827_dev_0000199,3,allow,0.179478125726,0.0250286633218,0,0.0857016735297,0,0,3,successful_checkout_risk_reduction|high_risk_with_card_diversity|cross_session_card_diversity|high_risk_with_ip_rotation
cv_20260827_evt_0000756,cv_20260827_req_0000275,cv_20260827_dev_0000219,1,allow,0.176891725728,0.0250286633218,0,0.0250286633218,0,0,0,
cv_20260827_evt_0000880,cv_20260827_req_0000319,cv_20260827_dev_0000256,2,allow,0.406624388154,0.0930102271251,0,0.116532487767,0,0,3,high_risk_with_card_diversity|cross_session_card_diversity|high_risk_with_ip_rotation
cv_20260827_evt_0011514,cv_20260827_req_0004897,cv_20260827_dev_0001934,6,review,0.849612130022,0.834086215288,2,2.68894517949,3,2,1,stable_retry_risk_reduction|persistent_high_model_risk
cv_20260827_evt_0011516,cv_20260827_req_0004898,cv_20260827_dev_0001934,7,block,0.922840043251,0.920638394369,2,3.60795998861,4,3,1,persistent_high_model_risk
cv_20260827_evt_0001879,cv_20260827_req_0000683,cv_20260827_dev_0000536,1,allow,0.254802164566,0.0690182853703,0,0.0690182853703,0,0,0,
cv_20260827_evt_0001881,cv_20260827_req_0000684,cv_20260827_dev_0000536,2,allow,0.473206184851,0.198123499891,0,0.267133401144,0,0,0,
cv_20260827_evt_0005621,cv_20260827_req_0002119,cv_20260827_dev_0001444,1,allow,0.112068489252,0.00548001258357,0,0.00548001258357,0,0,0,
cv_20260827_evt_0008915,cv_20260827_req_0003633,cv_20260827_dev_0001792,1,allow,0.201465157069,0.0250286633218,0,0.0250286633218,0,0,0,
cv_20260827_evt_0008917,cv_20260827_req_0003634,cv_20260827_dev_0001792,2,allow,0.395194427499,0.0930102271251,0,0.118038804393,0,0,0,
cv_20260827_evt_0008919,cv_20260827_req_0003635,cv_20260827_dev_0001792,3,allow,0.914115403299,0.920638394369,0,1.03867679292,1,1,0,
cv_20260827_evt_0008921,cv_20260827_req_0003636,cv_20260827_dev_0001792,4,allow,0.93281448137,0.968667664035,3,2.00734326655,2,2,2,high_risk_with_card_diversity|persistent_high_model_risk
cv_20260827_evt_0008923,cv_20260827_req_0003637,cv_20260827_dev_0001792,5,review,0.978691135574,1,2,2.60586909188,3,3,2,stable_retry_risk_reduction|persistent_high_model_risk|high_risk_with_card_diversity
cv_20260827_evt_0008925,cv_20260827_req_0003638,cv_20260827_dev_0001792,6,block,0.979871104982,1,3,3.60585714581,4,4,2,persistent_high_model_risk|high_risk_with_card_diversity
cv_20260827_evt_0001253,cv_20260827_req_0000453,cv_20260827_dev_0000363,1,allow,0.223595462324,0.0259720802764,0,0.0259720802764,0,0,0,
cv_20260827_evt_0006097,cv_20260827_req_0002298,cv_20260827_dev_0001581,1,allow,0.137305775416,0.0116357732377,0,0.0116357732377,0,0,0,
cv_20260827_evt_0001445,cv_20260827_req_0000525,cv_20260827_dev_0000417,2,allow,0.387849917477,0.0930102271251,0,0.113542336343,0,0,0,
cv_20260827_evt_0005074,cv_20260827_req_0001916,cv_20260827_dev_0001295,1,allow,0.249530341731,0.028783095908,0,0.028783095908,0,0,0,
cv_20260827_evt_0005076,cv_20260827_req_0001917,cv_20260827_dev_0001295,2,allow,0.453386290134,0.0930102271251,0,0.121792003558,0,0,0,
cv_20260827_evt_0006733,cv_20260827_req_0002578,cv_20260827_dev_0001672,1,allow,0.133751440606,0.00820512873941,0,0.00820512873941,0,0,0,
cv_20260827_evt_0005078,cv_20260827_req_0001918,cv_20260827_dev_0001295,3,allow,0.77209353423,0.474791810673,1,0.596570415002,0,0,1,high_risk_with_card_diversity
cv_20260827_evt_0006735,cv_20260827_req_0002579,cv_20260827_dev_0001672,2,allow,0.325662859469,0.0930102271251,0,0.0995736004296,0,0,0,stable_retry_risk_reduction
cv_20260827_evt_0006737,cv_20260827_req_0002580,cv_20260827_dev_0001672,3,allow,0.631122917325,0.474791810673,1,0.554447495749,0,0,0,stable_retry_risk_reduction
cv_20260827_evt_0005080,cv_20260827_req_0001919,cv_20260827_dev_0001295,4,allow,0.920795611554,0.920638394369,3,1.51716778786,1,1,2,high_risk_with_card_diversity|high_risk_with_card_switching
cv_20260827_evt_0011524,cv_20260827_req_0004902,cv_20260827_dev_0001935,4,allow,0.709121278885,0.474791810673,0,1.63634546285,1,0,3,high_risk_with_card_diversity|cross_session_card_diversity|high_risk_with_ip_rotation
cv_20260827_evt_0011526,cv_20260827_req_0004903,cv_20260827_dev_0001935,5,allow,0.891970631371,0.920638394369,0,2.55581591411,2,1,3,high_risk_with_card_diversity|cross_session_card_diversity|persistent_high_model_risk
cv_20260827_evt_0012156,cv_20260827_req_0005209,cv_20260827_dev_0001982,1,allow,0.254959479581,0.0690182853703,0,0.0690182853703,0,0,0,
cv_20260827_evt_0011668,cv_20260827_req_0004973,cv_20260827_dev_0001946,1,allow,0.228632231953,0.028783095908,0,0.028783095908,0,0,0,
cv_20260827_evt_0011670,cv_20260827_req_0004974,cv_20260827_dev_0001946,2,allow,0.548544035726,0.474791810673,0,0.503558615301,0,0,0,
cv_20260827_evt_0012158,cv_20260827_req_0005210,cv_20260827_dev_0001982,2,allow,0.748580234876,0.474791810673,0,0.529947240461,0,0,0,stable_retry_risk_reduction
cv_20260827_evt_0005429,cv_20260827_req_0002050,cv_20260827_dev_0001382,3,allow,0.118019567494,0.00548001258357,0,0.0119809217805,0,0,2,high_risk_with_card_diversity|cross_session_card_diversity
cv_20260827_evt_0012160,cv_20260827_req_0005211,cv_20260827_dev_0001982,3,allow,0.89383384934,0.920638394369,0,1.45027657865,1,1,0,
cv_20260827_evt_0012264,cv_20260827_req_0005261,cv_20260827_dev_0001988,4,allow,0.863533218882,0.855151534315,1,1.75100669519,2,2,2,stable_retry_risk_reduction|high_risk_with_ip_rotation|persistent_high_model_risk
cv_20260827_evt_0012266,cv_20260827_req_0005262,cv_20260827_dev_0001988,5,review,0.961090879454,0.987077221928,0,2.7359319571,3,3,4,persistent_high_model_risk|high_risk_with_card_diversity|cross_session_card_diversity|high_risk_with_ip_rotation
cv_20260827_evt_0011929,cv_20260827_req_0005099,cv_20260827_dev_0001966,3,allow,0.747898009573,0.474791810673,1,0.877781385753,1,0,2,high_risk_with_card_diversity|cross_session_card_diversity
cv_20260827_evt_0012407,cv_20260827_req_0005330,cv_20260827_dev_0001998,4,allow,0.689143063623,0.474791810673,1,1.25004009402,1,0,2,high_risk_with_card_diversity|cross_session_card_diversity
cv_20260827_evt_0012268,cv_20260827_req_0005263,cv_20260827_dev_0001988,6,block,0.983446327547,1,0,3.73258206619,4,4,2,persistent_high_model_risk|high_risk_with_card_diversity
cv_20260827_evt_0004059,cv_20260827_req_0001481,cv_20260827_dev_0001147,1,allow,0.214457494176,0.0259720802764,0,0.0259720802764,0,0,0,
cv_20260827_evt_0011931,cv_20260827_req_0005100,cv_20260827_dev_0001966,4,allow,0.910443936312,0.920638394369,1,1.79768469859,2,1,1,high_risk_with_card_diversity
cv_20260827_evt_0012409,cv_20260827_req_0005331,cv_20260827_dev_0001998,5,allow,0.923431122277,0.920638394369,0,2.16960017446,2,1,3,high_risk_with_card_diversity|cross_session_card_diversity|persistent_high_model_risk
cv_20260827_evt_0007473,cv_20260827_req_0002931,cv_20260827_dev_0001723,1,allow,0.167434519703,0.0250286633218,0,0.0250286633218,0,0,0,
cv_20260827_evt_0007475,cv_20260827_req_0002932,cv_20260827_dev_0001723,2,allow,0.533486649257,0.474791810673,0,0.499820416625,0,0,0,
cv_20260827_evt_0007477,cv_20260827_req_0002933,cv_20260827_dev_0001723,3,allow,0.638674314222,0.474791810673,0,0.974611081635,0,0,1,high_risk_with_card_diversity
cv_20260827_evt_0007479,cv_20260827_req_0002934,cv_20260827_dev_0001723,4,allow,0.944170882688,0.968667664035,2,1.94327651171,1,1,1,high_risk_with_card_diversity
cv_20260827_evt_0007481,cv_20260827_req_0002935,cv_20260827_dev_0001723,5,allow,0.978462372267,1,3,2.94326983029,2,2,2,high_risk_with_card_diversity|persistent_high_model_risk
cv_20260827_evt_0007483,cv_20260827_req_0002936,cv_20260827_dev_0001723,6,review,0.988663467418,1,4,3.94325971067,3,3,2,persistent_high_model_risk|high_risk_with_card_diversity
cv_20260827_evt_0007485,cv_20260827_req_0002937,cv_20260827_dev_0001723,7,block,0.988600125917,1,4,4.9432416336,4,4,3,persistent_high_model_risk|high_risk_with_card_diversity|high_risk_with_ip_rotation
cv_20260827_evt_0007487,cv_20260827_req_0002938,cv_20260827_dev_0001723,8,block,0.987212686054,1,4,5.94321897232,5,5,3,persistent_high_model_risk|high_risk_with_card_diversity|high_risk_with_ip_rotation
cv_20260827_evt_0003323,cv_20260827_req_0001210,cv_20260827_dev_0000937,1,allow,0.248871669288,0.028783095908,0,0.028783095908,0,0,0,
cv_20260827_evt_0001414,cv_20260827_req_0000514,cv_20260827_dev_0000408,2,allow,0.071356296123,0,0,0.0037026502081,0,0,1,successful_checkout_risk_reduction|high_risk_with_ip_rotation
cv_20260827_evt_0010287,cv_20260827_req_0004302,cv_20260827_dev_0001862,9,block,0.875015652712,0.920638394369,1,5.1532862125,7,7,4,persistent_high_model_risk|high_risk_with_card_diversity|cross_session_card_diversity|high_risk_with_ip_rotation
cv_20260827_evt_0010289,cv_20260827_req_0004303,cv_20260827_dev_0001862,10,block,0.863088520579,0.855151534315,1,6.00777631041,8,8,4,persistent_high_model_risk|high_risk_with_card_diversity|cross_session_card_diversity|high_risk_with_ip_rotation
cv_20260827_evt_0010291,cv_20260827_req_0004304,cv_20260827_dev_0001862,11,block,0.927562104667,0.968667664035,1,6.97622364657,9,9,4,persistent_high_model_risk|high_risk_with_card_diversity|cross_session_card_diversity|high_risk_with_ip_rotation
cv_20260827_evt_0010293,cv_20260827_req_0004305,cv_20260827_dev_0001862,12,block,0.941407271184,0.968667664035,1,7.94449155769,10,10,4,persistent_high_model_risk|high_risk_with_card_diversity|cross_session_card_diversity|high_risk_with_ip_rotation
cv_20260827_evt_0010295,cv_20260827_req_0004306,cv_20260827_dev_0001862,13,block,0.943927671899,0.968667664035,1,8.91207580102,11,11,4,persistent_high_model_risk|high_risk_with_card_diversity|cross_session_card_diversity|high_risk_with_ip_rotation
cv_20260827_evt_0001785,cv_20260827_req_0000648,cv_20260827_dev_0000508,2,allow,0.0697755476419,0,0,0.0106119537708,0,0,1,successful_checkout_risk_reduction|high_risk_with_ip_rotation
cv_20260827_evt_0006178,cv_20260827_req_0002329,cv_20260827_dev_0001604,1,allow,0.105212206073,0.00548001258357,0,0.00548001258357,0,0,0,
cv_20260827_evt_0006180,cv_20260827_req_0002330,cv_20260827_dev_0001604,2,allow,0.236472414959,0.028783095908,0,0.0342628761174,0,0,1,high_risk_with_card_diversity
cv_20260827_evt_0006182,cv_20260827_req_0002331,cv_20260827_dev_0001604,3,allow,0.42988301498,0.0930102271251,2,0.127271336233,0,0,2,high_risk_with_card_diversity|high_risk_with_card_switching
cv_20260827_evt_0001332,cv_20260827_req_0000482,cv_20260827_dev_0000388,1,allow,0.241058629866,0.028783095908,0,0.028783095908,0,0,0,
cv_20260827_evt_0003042,cv_20260827_req_0001109,cv_20260827_dev_0000859,1,allow,0.199539808111,0.0250286633218,0,0.0250286633218,0,0,0,
cv_20260827_evt_0011677,cv_20260827_req_0004977,cv_20260827_dev_0001947,1,allow,0.223559514427,0.0259720802764,0,0.0259720802764,0,0,0,
cv_20260827_evt_0006066,cv_20260827_req_0002287,cv_20260827_dev_0001572,1,allow,0.131016208107,0.00820512873941,0,0.00820512873941,0,0,0,
cv_20260827_evt_0011679,cv_20260827_req_0004978,cv_20260827_dev_0001947,2,allow,0.588585632137,0.474791810673,0,0.50074639444,0,0,1,high_risk_with_card_diversity
cv_20260827_evt_0000642,cv_20260827_req_0000234,cv_20260827_dev_0000187,2,allow,0.0670183828984,0,0,0.0102275840273,0,0,2,successful_checkout_risk_reduction|high_risk_with_card_diversity|cross_session_card_diversity
cv_20260827_evt_0005185,cv_20260827_req_0001960,cv_20260827_dev_0001316,1,allow,0.123942589376,0.00548001258357,0,0.00548001258357,0,0,0,
cv_20260827_evt_0000421,cv_20260827_req_0000154,cv_20260827_dev_0000123,1,allow,0.249763091988,0.028783095908,0,0.028783095908,0,0,0,
cv_20260827_evt_0002327,cv_20260827_req_0000846,cv_20260827_dev_0000660,2,allow,0.0698490051615,0,0,0.0022393831369,0,0,2,successful_checkout_risk_reduction|high_risk_with_card_diversity|cross_session_card_diversity
cv_20260827_evt_0002023,cv_20260827_req_0000736,cv_20260827_dev_0000576,2,allow,0.049552968965,0,0,0.0129876907959,0,0,0,successful_checkout_risk_reduction
cv_20260827_evt_0005380,cv_20260827_req_0002031,cv_20260827_dev_0001371,1,allow,0.147650025127,0.0193933904297,0,0.0193933904297,0,0,0,
cv_20260827_evt_0002612,cv_20260827_req_0000952,cv_20260827_dev_0000738,4,allow,0.173484770911,0.0250286633218,0,0.0571804812134,0,0,3,successful_checkout_risk_reduction|high_risk_with_card_diversity|cross_session_card_diversity|high_risk_with_ip_rotation
cv_20260827_evt_0001108,cv_20260827_req_0000402,cv_20260827_dev_0000323,1,allow,0.25768320492,0.0930102271251,0,0.0930102271251,0,0,0,
cv_20260827_evt_0001110,cv_20260827_req_0000403,cv_20260827_dev_0000323,2,allow,0.40887527994,0.0930102271251,0,0.186010541271,0,0,0,
cv_20260827_evt_0004830,cv_20260827_req_0001807,cv_20260827_dev_0001267,1,allow,0.227356501186,0.028783095908,0,0.028783095908,0,0,0,
cv_20260827_evt_0004832,cv_20260827_req_0001808,cv_20260827_dev_0001267,2,allow,0.497752862366,0.284737559009,0,0.313518213935,0,0,0,
cv_20260827_evt_0004834,cv_20260827_req_0001809,cv_20260827_dev_0001267,3,allow,0.722790315227,0.474791810673,1,0.788278047122,0,0,1,high_risk_with_card_diversity
cv_20260827_evt_0004836,cv_20260827_req_0001810,cv_20260827_dev_0001267,4,allow,0.899527546267,0.920638394369,3,1.70883152392,1,1,2,high_risk_with_card_diversity|high_risk_with_card_switching
cv_20260827_evt_0012253,cv_20260827_req_0005256,cv_20260827_dev_0001987,6,review,0.849654987786,0.834086215288,3,2.73566039427,3,2,4,persistent_high_model_risk|high_risk_with_card_diversity|cross_session_card_diversity|high_risk_with_ip_rotation
cv_20260827_evt_0011750,cv_20260827_req_0005013,cv_20260827_dev_0001953,3,allow,0.748750397582,0.474791810673,1,0.927821789617,0,0,0,
cv_20260827_evt_0001408,cv_20260827_req_0000512,cv_20260827_dev_0000407,2,allow,0.0580289981415,0,0,0.0124664786785,0,0,0,successful_checkout_risk_reduction
cv_20260827_evt_0011752,cv_20260827_req_0005014,cv_20260827_dev_0001953,4,allow,0.838157017135,0.690081906596,1,1.61744762908,1,1,2,high_risk_with_card_diversity|cross_session_card_diversity
cv_20260827_evt_0012255,cv_20260827_req_0005257,cv_20260827_dev_0001987,7,block,0.949744637993,0.978665935245,2,3.71062294156,4,3,3,persistent_high_model_risk|high_risk_with_card_diversity|cross_session_card_diversity
cv_20260827_evt_0011754,cv_20260827_req_0005015,cv_20260827_dev_0001953,5,allow,0.962252825517,0.987077221928,2,2.60257406224,2,2,4,high_risk_with_card_diversity|high_risk_with_card_switching|cross_session_card_diversity|persistent_high_model_risk
cv_20260827_evt_0005212,cv_20260827_req_0001970,cv_20260827_dev_0001326,1,allow,0.141894429425,0.0116357732377,0,0.0116357732377,0,0,0,
cv_20260827_evt_0003466,cv_20260827_req_0001263,cv_20260827_dev_0000976,2,allow,0.0506570994533,0,0,0.0112925824165,0,0,2,successful_checkout_risk_reduction|high_risk_with_card_diversity|cross_session_card_diversity
cv_20260827_evt_0007989,cv_20260827_req_0003183,cv_20260827_dev_0001751,1,allow,0.227793327905,0.028783095908,0,0.028783095908,0,0,0,
cv_20260827_evt_0007991,cv_20260827_req_0003184,cv_20260827_dev_0001751,2,allow,0.56977004904,0.474791810673,0,0.503574807618,0,0,1,high_risk_with_card_diversity
cv_20260827_evt_0007993,cv_20260827_req_0003185,cv_20260827_dev_0001751,3,allow,0.875342563351,0.920638394369,0,1.42421262485,1,1,1,high_risk_with_card_diversity
cv_20260827_evt_0007995,cv_20260827_req_0003186,cv_20260827_dev_0001751,4,allow,0.93502511178,0.968667664035,3,2.39287865663,2,2,3,high_risk_with_card_diversity|high_risk_with_card_switching|persistent_high_model_risk
cv_20260827_evt_0007997,cv_20260827_req_0003187,cv_20260827_dev_0001751,5,review,0.966998118851,0.987077221928,4,3.37994765131,3,3,4,persistent_high_model_risk|high_risk_with_card_diversity|high_risk_with_card_switching|high_risk_with_ip_rotation
cv_20260827_evt_0007999,cv_20260827_req_0003188,cv_20260827_dev_0001751,6,block,0.986569855274,1,5,4.37993990396,4,4,4,persistent_high_model_risk|high_risk_with_card_diversity|high_risk_with_card_switching|high_risk_with_ip_rotation
cv_20260827_evt_0008001,cv_20260827_req_0003189,cv_20260827_dev_0001751,7,block,0.976822688027,1,5,5.37991982501,5,5,4,persistent_high_model_risk|high_risk_with_card_diversity|high_risk_with_card_switching|high_risk_with_ip_rotation
cv_20260827_evt_0003303,cv_20260827_req_0001203,cv_20260827_dev_0000930,1,allow,0.147181534665,0.0193933904297,0,0.0193933904297,0,0,0,
cv_20260827_evt_0005251,cv_20260827_req_0001984,cv_20260827_dev_0001336,1,allow,0.0871586937218,0.00548001258357,0,0.00548001258357,0,0,0,
cv_20260827_evt_0005275,cv_20260827_req_0001993,cv_20260827_dev_0001342,3,allow,0.14146960938,0.0116357732377,0,0.0129955527721,0,0,3,successful_checkout_risk_reduction|high_risk_with_card_diversity|cross_session_card_diversity|high_risk_with_ip_rotation
cv_20260827_evt_0000621,cv_20260827_req_0000227,cv_20260827_dev_0000181,1,allow,0.153398961262,0.0193933904297,0,0.0193933904297,0,0,0,
cv_20260827_evt_0005208,cv_20260827_req_0001968,cv_20260827_dev_0001324,1,allow,0.129456410619,0.00820512873941,0,0.00820512873941,0,0,0,
cv_20260827_evt_0002879,cv_20260827_req_0001049,cv_20260827_dev_0000813,1,allow,0.251279495625,0.028783095908,0,0.028783095908,0,0,0,
cv_20260827_evt_0004398,cv_20260827_req_0001614,cv_20260827_dev_0001216,4,allow,0.189616448164,0.0250286633218,0,0.292537443673,0,0,3,successful_checkout_risk_reduction|high_risk_with_card_diversity|cross_session_card_diversity|high_risk_with_ip_rotation
cv_20260827_evt_0004400,cv_20260827_req_0001615,cv_20260827_dev_0001216,5,allow,0.289103790292,0.0930102271251,0,0.38553794812,0,0,1,high_risk_with_card_diversity
cv_20260827_evt_0002789,cv_20260827_req_0001017,cv_20260827_dev_0000784,1,allow,0.2349373043,0.028783095908,0,0.028783095908,0,0,0,
cv_20260827_evt_0004402,cv_20260827_req_0001616,cv_20260827_dev_0001216,6,allow,0.51421628129,0.284737559009,2,0.670262693516,0,0,2,high_risk_with_card_diversity|high_risk_with_card_switching
cv_20260827_evt_0002013,cv_20260827_req_0000732,cv_20260827_dev_0000574,1,allow,0.187756199498,0.0250286633218,0,0.0250286633218,0,0,0,
cv_20260827_evt_0003081,cv_20260827_req_0001123,cv_20260827_dev_0000871,1,allow,0.228121336041,0.028783095908,0,0.028783095908,0,0,0,
cv_20260827_evt_0002682,cv_20260827_req_0000979,cv_20260827_dev_0000755,2,allow,0.505704800886,0.284737559009,0,0.291467760266,0,0,3,high_risk_with_card_diversity|cross_session_card_diversity|high_risk_with_ip_rotation
cv_20260827_evt_0003035,cv_20260827_req_0001106,cv_20260827_dev_0000856,2,allow,0.102848585198,0.00548001258357,0,0.0179491204467,0,0,0,successful_checkout_risk_reduction
cv_20260827_evt_0012217,cv_20260827_req_0005239,cv_20260827_dev_0001985,4,allow,0.88427283625,0.920638394369,2,1.8659908336,2,2,5,high_risk_with_card_diversity|high_risk_with_card_switching|cross_session_card_diversity|high_risk_with_ip_rotation|persistent_high_model_risk
cv_20260827_evt_0009898,cv_20260827_req_0004114,cv_20260827_dev_0001840,12,block,0.870620578775,0.920638394369,2,6.51847348864,11,11,4,persistent_high_model_risk|high_risk_with_card_diversity|cross_session_card_diversity|high_risk_with_ip_rotation
cv_20260827_evt_0012219,cv_20260827_req_0005240,cv_20260827_dev_0001985,5,review,0.902217589852,0.920638394369,0,2.78521616943,3,3,4,persistent_high_model_risk|high_risk_with_card_diversity|cross_session_card_diversity|high_risk_with_ip_rotation
cv_20260827_evt_0009900,cv_20260827_req_0004115,cv_20260827_dev_0001840,13,block,0.934996514832,0.968667664035,2,7.48636424925,12,12,4,persistent_high_model_risk|high_risk_with_card_diversity|cross_session_card_diversity|high_risk_with_ip_rotation
cv_20260827_evt_0009902,cv_20260827_req_0004116,cv_20260827_dev_0001840,14,block,0.960308904181,0.978665935245,2,8.46477279049,13,13,4,persistent_high_model_risk|high_risk_with_card_diversity|cross_session_card_diversity|high_risk_with_ip_rotation
cv_20260827_evt_0011596,cv_20260827_req_0004938,cv_20260827_dev_0001939,5,allow,0.82723805437,0.627563763201,2,2.00417808464,2,2,4,high_risk_with_card_diversity|cross_session_card_diversity|high_risk_with_ip_rotation|persistent_high_model_risk
cv_20260827_evt_0009904,cv_20260827_req_0004117,cv_20260827_dev_0001840,15,block,0.969341843578,0.987077221928,2,9.45042404456,14,14,4,persistent_high_model_risk|high_risk_with_card_diversity|cross_session_card_diversity|high_risk_with_ip_rotation
cv_20260827_evt_0009906,cv_20260827_req_0004118,cv_20260827_dev_0001840,16,block,0.937492772045,0.968667664035,2,10.417965361,15,15,4,persistent_high_model_risk|high_risk_with_card_diversity|cross_session_card_diversity|high_risk_with_ip_rotation
cv_20260827_evt_0012221,cv_20260827_req_0005241,cv_20260827_dev_0001985,6,block,0.953880461151,0.978665935245,0,3.76210787837,4,4,3,persistent_high_model_risk|high_risk_with_card_diversity|cross_session_card_diversity
cv_20260827_evt_0011598,cv_20260827_req_0004939,cv_20260827_dev_0001939,6,review,0.972518184993,1,2,3.0015933963,3,3,3,persistent_high_model_risk|high_risk_with_card_diversity|cross_session_card_diversity
cv_20260827_evt_0003238,cv_20260827_req_0001179,cv_20260827_dev_0000912,3,allow,0.0632993738994,0,0,0.128120373654,0,0,0,successful_checkout_risk_reduction
cv_20260827_evt_0006450,cv_20260827_req_0002449,cv_20260827_dev_0001634,1,allow,0.150010992732,0.0193933904297,0,0.0193933904297,0,0,0,
cv_20260827_evt_0006452,cv_20260827_req_0002450,cv_20260827_dev_0001634,2,allow,0.363730946748,0.0930102271251,0,0.108523925982,0,0,0,stable_retry_risk_reduction
cv_20260827_evt_0006454,cv_20260827_req_0002451,cv_20260827_dev_0001634,3,allow,0.491137180684,0.284737559009,1,0.371552520836,0,0,0,stable_retry_risk_reduction
cv_20260827_evt_0012067,cv_20260827_req_0005166,cv_20260827_dev_0001976,1,allow,0.249918339261,0.028783095908,0,0.028783095908,0,0,0,
cv_20260827_evt_0003493,cv_20260827_req_0001273,cv_20260827_dev_0000985,1,allow,0.240679973524,0.028783095908,0,0.028783095908,0,0,0,
cv_20260827_evt_0012069,cv_20260827_req_0005167,cv_20260827_dev_0001976,2,allow,0.691322736251,0.474791810673,0,0.497796499485,0,0,0,stable_retry_risk_reduction
cv_20260827_evt_0004089,cv_20260827_req_0001492,cv_20260827_dev_0001156,1,allow,0.227320125657,0.028783095908,0,0.028783095908,0,0,0,
cv_20260827_evt_0001187,cv_20260827_req_0000430,cv_20260827_dev_0000344,2,allow,0.0697636076346,0,0,0.0311405835507,0,0,2,successful_checkout_risk_reduction|high_risk_with_card_diversity|cross_session_card_diversity
cv_20260827_evt_0003205,cv_20260827_req_0001167,cv_20260827_dev_0000904,2,allow,0.119517507152,0.00548001258357,0,0.0167739798967,0,0,3,successful_checkout_risk_reduction|high_risk_with_card_diversity|cross_session_card_diversity|high_risk_with_ip_rotation
cv_20260827_evt_0011953,cv_20260827_req_0005110,cv_20260827_dev_0001968,1,allow,0.156790900883,0.0193933904297,0,0.0193933904297,0,0,0,
cv_20260827_evt_0011955,cv_20260827_req_0005111,cv_20260827_dev_0001968,2,allow,0.628633389748,0.474791810673,0,0.494165496381,0,0,1,high_risk_with_card_diversity
cv_20260827_evt_0002400,cv_20260827_req_0000874,cv_20260827_dev_0000680,1,allow,0.186763561105,0.0250286633218,0,0.0250286633218,0,0,0,
cv_20260827_evt_0011957,cv_20260827_req_0005112,cv_20260827_dev_0001968,3,allow,0.951140052677,0.978665935245,2,1.47246287427,1,1,2,high_risk_with_card_diversity|high_risk_with_card_switching
cv_20260827_evt_0004750,cv_20260827_req_0001771,cv_20260827_dev_0001259,1,allow,0.214963624971,0.0259720802764,0,0.0259720802764,0,0,0,
cv_20260827_evt_0004752,cv_20260827_req_0001772,cv_20260827_dev_0001259,2,allow,0.3332673401,0.0930102271251,0,0.118982039509,0,0,0,
cv_20260827_evt_0004754,cv_20260827_req_0001773,cv_20260827_dev_0001259,3,allow,0.666347001284,0.474791810673,1,0.593773168371,0,0,0,
cv_20260827_evt_0000656,cv_20260827_req_0000239,cv_20260827_dev_0000191,2,allow,0.195708028716,0.0250286633218,0,0.0374983571114,0,0,1,successful_checkout_risk_reduction|high_risk_with_ip_rotation
cv_20260827_evt_0012330,cv_20260827_req_0005293,cv_20260827_dev_0001992,4,allow,0.723179928128,0.474791810673,0,1.70999808424,1,0,3,high_risk_with_card_diversity|cross_session_card_diversity|high_risk_with_ip_rotation
cv_20260827_evt_0012332,cv_20260827_req_0005294,cv_20260827_dev_0001992,5,allow,0.877407127797,0.920638394369,0,2.62974304833,2,1,3,high_risk_with_card_diversity|cross_session_card_diversity|persistent_high_model_risk
cv_20260827_evt_0005595,cv_20260827_req_0002110,cv_20260827_dev_0001435,1,allow,0.153153484146,0.0193933904297,0,0.0193933904297,0,0,0,
cv_20260827_evt_0012334,cv_20260827_req_0005295,cv_20260827_dev_0001992,6,review,0.978976189807,1,2,3.62848655764,3,2,3,persistent_high_model_risk|high_risk_with_card_diversity|cross_session_card_diversity
cv_20260827_evt_0005397,cv_20260827_req_0002037,cv_20260827_dev_0001375,2,allow,0.0414422061825,0,0,0.00966065716221,0,0,2,successful_checkout_risk_reduction|high_risk_with_card_diversity|cross_session_card_diversity
cv_20260827_evt_0003915,cv_20260827_req_0001428,cv_20260827_dev_0001105,1,allow,0.218567455503,0.0259720802764,0,0.0259720802764,0,0,0,
cv_20260827_evt_0001288,cv_20260827_req_0000466,cv_20260827_dev_0000373,2,allow,0.0625807282463,0,0,0.0117637577276,0,0,0,successful_checkout_risk_reduction
cv_20260827_evt_0003541,cv_20260827_req_0001290,cv_20260827_dev_0000999,1,allow,0.231567062981,0.028783095908,0,0.028783095908,0,0,0,
cv_20260827_evt_0000839,cv_20260827_req_0000305,cv_20260827_dev_0000244,1,allow,0.13848745352,0.0116357732377,0,0.0116357732377,0,0,0,
cv_20260827_evt_0002499,cv_20260827_req_0000910,cv_20260827_dev_0000708,1,allow,0.134364560507,0.00820512873941,0,0.00820512873941,0,0,0,
cv_20260827_evt_0008780,cv_20260827_req_0003568,cv_20260827_dev_0001785,1,allow,0.162848437965,0.0250286633218,0,0.0250286633218,0,0,0,
cv_20260827_evt_0008782,cv_20260827_req_0003569,cv_20260827_dev_0001785,2,allow,0.561569636917,0.474791810673,0,0.494814718383,0,0,0,stable_retry_risk_reduction
cv_20260827_evt_0008784,cv_20260827_req_0003570,cv_20260827_dev_0001785,3,allow,0.835754167295,0.690081906596,0,1.18489492369,1,1,1,high_risk_with_card_diversity
cv_20260827_evt_0008786,cv_20260827_req_0003571,cv_20260827_dev_0001785,4,review,0.935424707593,0.968667664035,5,2.15355715582,2,2,3,rule_corroborated_review|high_risk_with_card_diversity|high_risk_with_card_switching|persistent_high_model_risk
cv_20260827_evt_0008788,cv_20260827_req_0003572,cv_20260827_dev_0001785,5,review,0.962261007623,0.987077221928,5,3.1406245052,3,3,4,rule_corroborated_review|high_risk_with_card_diversity|high_risk_with_card_switching|high_risk_with_ip_rotation|persistent_high_model_risk
cv_20260827_evt_0008790,cv_20260827_req_0003573,cv_20260827_dev_0001785,6,block,0.982476912282,1,5,4.14061730642,4,4,4,persistent_high_model_risk|high_risk_with_card_diversity|high_risk_with_card_switching|high_risk_with_ip_rotation
cv_20260827_evt_0008792,cv_20260827_req_0003574,cv_20260827_dev_0001785,7,block,0.9886145012,1,6,5.1405983246,5,5,4,rule_corroborated_block|high_risk_with_card_diversity|high_risk_with_card_switching|high_risk_with_ip_rotation|persistent_high_model_risk
cv_20260827_evt_0008794,cv_20260827_req_0003575,cv_20260827_dev_0001785,8,block,0.990611028773,1,6,6.14058065007,6,6,4,rule_corroborated_block|high_risk_with_card_diversity|high_risk_with_card_switching|high_risk_with_ip_rotation|persistent_high_model_risk
cv_20260827_evt_0008796,cv_20260827_req_0003576,cv_20260827_dev_0001785,9,block,0.991434399744,1,6,7.14055953738,7,7,4,rule_corroborated_block|high_risk_with_card_diversity|high_risk_with_card_switching|high_risk_with_ip_rotation|persistent_high_model_risk
cv_20260827_evt_0004189,cv_20260827_req_0001528,cv_20260827_dev_0001185,1,allow,0.158519761282,0.0250286633218,0,0.0250286633218,0,0,0,
cv_20260827_evt_0004531,cv_20260827_req_0001674,cv_20260827_dev_0001232,1,allow,0.240452974813,0.028783095908,0,0.028783095908,0,0,0,
cv_20260827_evt_0004533,cv_20260827_req_0001675,cv_20260827_dev_0001232,2,allow,0.463177327674,0.0930102271251,0,0.121791343843,0,0,1,high_risk_with_card_diversity
cv_20260827_evt_0004535,cv_20260827_req_0001676,cv_20260827_dev_0001232,3,allow,0.817021775591,0.627563763201,3,0.749347569837,1,1,2,high_risk_with_card_diversity|high_risk_with_card_switching
cv_20260827_evt_0003827,cv_20260827_req_0001395,cv_20260827_dev_0001077,1,allow,0.220554589506,0.0259720802764,0,0.0259720802764,0,0,0,
cv_20260827_evt_0000690,cv_20260827_req_0000252,cv_20260827_dev_0000199,4,allow,0.279269958123,0.0930102271251,0,0.135704253958,0,0,3,successful_checkout_risk_reduction|high_risk_with_card_diversity|cross_session_card_diversity|high_risk_with_ip_rotation
cv_20260827_evt_0006769,cv_20260827_req_0002594,cv_20260827_dev_0001677,1,allow,0.157061210676,0.0218071354019,0,0.0218071354019,0,0,0,
cv_20260827_evt_0006771,cv_20260827_req_0002595,cv_20260827_dev_0001677,2,allow,0.353808679423,0.0930102271251,0,0.114816562777,0,0,0,
cv_20260827_evt_0006773,cv_20260827_req_0002596,cv_20260827_dev_0001677,3,allow,0.681467421028,0.474791810673,1,0.589600609986,0,0,0,
cv_20260827_evt_0000432,cv_20260827_req_0000158,cv_20260827_dev_0000126,1,allow,0.19455972488,0.0250286633218,0,0.0250286633218,0,0,0,
cv_20260827_evt_0000434,cv_20260827_req_0000159,cv_20260827_dev_0000126,2,allow,0.504412895958,0.284737559009,0,0.309762350186,0,0,0,
cv_20260827_evt_0002944,cv_20260827_req_0001072,cv_20260827_dev_0000833,1,allow,0.206950270813,0.0250286633218,0,0.0250286633218,0,0,0,
cv_20260827_evt_0001501,cv_20260827_req_0000545,cv_20260827_dev_0000430,1,allow,0.220839520761,0.0259720802764,0,0.0259720802764,0,0,0,
cv_20260827_evt_0005401,cv_20260827_req_0002039,cv_20260827_dev_0001377,1,allow,0.110460936868,0.00548001258357,0,0.00548001258357,0,0,0,
cv_20260827_evt_0001382,cv_20260827_req_0000502,cv_20260827_dev_0000403,1,allow,0.205661740268,0.0250286633218,0,0.0250286633218,0,0,0,
cv_20260827_evt_0002105,cv_20260827_req_0000765,cv_20260827_dev_0000599,2,allow,0.0545181291528,0,0,0.0129864702923,0,0,1,successful_checkout_risk_reduction|high_risk_with_ip_rotation
cv_20260827_evt_0002601,cv_20260827_req_0000948,cv_20260827_dev_0000737,1,allow,0.154257921172,0.0193933904297,0,0.0193933904297,0,0,0,
cv_20260827_evt_0002026,cv_20260827_req_0000737,cv_20260827_dev_0000577,1,allow,0.228814889765,0.028783095908,0,0.028783095908,0,0,0,
cv_20260827_evt_0003273,cv_20260827_req_0001192,cv_20260827_dev_0000922,1,allow,0.198384659157,0.0250286633218,0,0.0250286633218,0,0,0,
cv_20260827_evt_0003515,cv_20260827_req_0001281,cv_20260827_dev_0000992,1,allow,0.0957356270054,0.00548001258357,0,0.00548001258357,0,0,0,
cv_20260827_evt_0000842,cv_20260827_req_0000306,cv_20260827_dev_0000245,1,allow,0.198631617595,0.0250286633218,0,0.0250286633218,0,0,0,
cv_20260827_evt_0003942,cv_20260827_req_0001437,cv_20260827_dev_0001113,1,allow,0.238529398462,0.028783095908,0,0.028783095908,0,0,0,
cv_20260827_evt_0004505,cv_20260827_req_0001662,cv_20260827_dev_0001229,1,allow,0.253938074421,0.0690182853703,0,0.0690182853703,0,0,0,
cv_20260827_evt_0004507,cv_20260827_req_0001663,cv_20260827_dev_0001229,2,allow,0.504640509392,0.284737559009,0,0.353749200278,0,0,0,
cv_20260827_evt_0004509,cv_20260827_req_0001664,cv_20260827_dev_0001229,3,allow,0.647733869448,0.474791810673,1,0.828528848449,0,0,0,
cv_20260827_evt_0005842,cv_20260827_req_0002203,cv_20260827_dev_0001510,1,allow,0.102857372462,0.00548001258357,0,0.00548001258357,0,0,0,
cv_20260827_evt_0010297,cv_20260827_req_0004307,cv_20260827_dev_0001862,14,block,0.889127288976,0.920638394369,3,8.99404290294,12,12,4,persistent_high_model_risk|high_risk_with_card_diversity|cross_session_card_diversity|high_risk_with_ip_rotation
cv_20260827_evt_0010299,cv_20260827_req_0004308,cv_20260827_dev_0001862,15,block,0.920639064831,0.920638394369,3,9.91326923095,13,13,4,persistent_high_model_risk|high_risk_with_card_diversity|cross_session_card_diversity|high_risk_with_ip_rotation
cv_20260827_evt_0010301,cv_20260827_req_0004309,cv_20260827_dev_0001862,16,block,0.922082208616,0.920638394369,3,10.8336576784,14,14,4,persistent_high_model_risk|high_risk_with_card_diversity|cross_session_card_diversity|high_risk_with_ip_rotation
cv_20260827_evt_0010303,cv_20260827_req_0004310,cv_20260827_dev_0001862,17,block,0.946651510133,0.978665935245,3,11.8103496173,15,15,4,persistent_high_model_risk|high_risk_with_card_diversity|cross_session_card_diversity|high_risk_with_ip_rotation
cv_20260827_evt_0010305,cv_20260827_req_0004311,cv_20260827_dev_0001862,18,block,0.917453579488,0.920638394369,3,12.7301894403,16,16,3,persistent_high_model_risk|high_risk_with_card_diversity|cross_session_card_diversity
cv_20260827_evt_0010307,cv_20260827_req_0004312,cv_20260827_dev_0001862,19,block,0.947739281979,0.978665935245,3,13.7073089535,16,17,3,persistent_high_model_risk|high_risk_with_card_diversity|cross_session_card_diversity
cv_20260827_evt_0010309,cv_20260827_req_0004313,cv_20260827_dev_0001862,20,block,0.864190067839,0.855151534315,3,14.5597272852,16,18,3,persistent_high_model_risk|high_risk_with_card_diversity|cross_session_card_diversity
cv_20260827_evt_0010311,cv_20260827_req_0004314,cv_20260827_dev_0001862,21,block,0.935634896775,0.968667664035,3,15.5260757015,16,19,3,persistent_high_model_risk|high_risk_with_card_diversity|cross_session_card_diversity
cv_20260827_evt_0010313,cv_20260827_req_0004315,cv_20260827_dev_0001862,22,block,0.969169481717,0.987077221928,3,16.5108932406,16,20,4,persistent_high_model_risk|high_risk_with_card_diversity|cross_session_card_diversity|high_risk_with_ip_rotation
cv_20260827_evt_0000115,cv_20260827_req_0000042,cv_20260827_dev_0000036,1,allow,0.21316951548,0.0259720802764,0,0.0259720802764,0,0,0,
cv_20260827_evt_0006047,cv_20260827_req_0002280,cv_20260827_dev_0001565,1,allow,0.113071725224,0.00548001258357,0,0.00548001258357,0,0,0,
cv_20260827_evt_0011681,cv_20260827_req_0004979,cv_20260827_dev_0001947,3,allow,0.841711672388,0.756035578145,1,1.20995876475,1,1,4,high_risk_with_card_diversity|high_risk_with_card_switching|cross_session_card_diversity|high_risk_with_ip_rotation
cv_20260827_evt_0004411,cv_20260827_req_0001620,cv_20260827_dev_0001217,4,allow,0.162081328012,0.0250286633218,0,0.380759826047,0,0,2,successful_checkout_risk_reduction|high_risk_with_card_diversity|cross_session_card_diversity
cv_20260827_evt_0004413,cv_20260827_req_0001621,cv_20260827_dev_0001217,5,allow,0.344021962403,0.0930102271251,0,0.473760452934,0,0,2,high_risk_with_card_diversity|cross_session_card_diversity
cv_20260827_evt_0004415,cv_20260827_req_0001622,cv_20260827_dev_0001217,6,allow,0.532667722228,0.474791810673,2,0.948511542921,0,0,3,high_risk_with_card_diversity|high_risk_with_card_switching|cross_session_card_diversity
cv_20260827_evt_0011683,cv_20260827_req_0004980,cv_20260827_dev_0001947,4,allow,0.887316010782,0.920638394369,0,2.13026994087,2,2,4,high_risk_with_card_diversity|cross_session_card_diversity|high_risk_with_ip_rotation|persistent_high_model_risk
cv_20260827_evt_0011819,cv_20260827_req_0005046,cv_20260827_dev_0001958,4,allow,0.808192595236,0.584793744945,0,1.70216376416,2,2,3,high_risk_with_card_diversity|cross_session_card_diversity|high_risk_with_ip_rotation
cv_20260827_evt_0011821,cv_20260827_req_0005047,cv_20260827_dev_0001958,5,review,0.93455285249,0.968667664035,0,2.66926369918,3,3,3,persistent_high_model_risk|high_risk_with_card_diversity|cross_session_card_diversity
cv_20260827_evt_0006227,cv_20260827_req_0002351,cv_20260827_dev_0001610,1,allow,0.130969061806,0.00820512873941,0,0.00820512873941,0,0,0,
cv_20260827_evt_0006229,cv_20260827_req_0002352,cv_20260827_dev_0001610,2,allow,0.319039056506,0.0930102271251,0,0.0995741646135,0,0,0,stable_retry_risk_reduction
cv_20260827_evt_0006231,cv_20260827_req_0002353,cv_20260827_dev_0001610,3,allow,0.433306429516,0.0930102271251,1,0.172663716105,0,0,0,stable_retry_risk_reduction
cv_20260827_evt_0009468,cv_20260827_req_0003904,cv_20260827_dev_0001817,1,allow,0.253898843558,0.0690182853703,0,0.0690182853703,0,0,0,
cv_20260827_evt_0009470,cv_20260827_req_0003905,cv_20260827_dev_0001817,2,allow,0.466173451392,0.0930102271251,0,0.162028196095,0,0,1,high_risk_with_card_diversity
cv_20260827_evt_0009472,cv_20260827_req_0003906,cv_20260827_dev_0001817,3,allow,0.885092123849,0.920638394369,2,1.08266603337,1,1,2,high_risk_with_card_diversity|high_risk_with_card_switching
cv_20260827_evt_0009474,cv_20260827_req_0003907,cv_20260827_dev_0001817,4,allow,0.944648501418,0.968667664035,4,2.05132873415,2,2,3,high_risk_with_card_diversity|high_risk_with_card_switching|persistent_high_model_risk
cv_20260827_evt_0009476,cv_20260827_req_0003908,cv_20260827_dev_0001817,5,review,0.9654338732,0.987077221928,4,3.03840125412,3,3,3,persistent_high_model_risk|high_risk_with_card_diversity|high_risk_with_card_switching
cv_20260827_evt_0009478,cv_20260827_req_0003909,cv_20260827_dev_0001817,6,block,0.987775108771,1,6,4.03839777188,4,4,4,rule_corroborated_block|high_risk_with_card_diversity|high_risk_with_card_switching|high_risk_with_ip_rotation|persistent_high_model_risk
cv_20260827_evt_0009480,cv_20260827_req_0003910,cv_20260827_dev_0001817,7,block,0.98584681613,1,6,5.03837925867,5,5,4,rule_corroborated_block|high_risk_with_card_diversity|high_risk_with_card_switching|high_risk_with_ip_rotation|persistent_high_model_risk
cv_20260827_evt_0009482,cv_20260827_req_0003911,cv_20260827_dev_0001817,8,block,0.988928466824,1,6,6.0383734843,6,6,4,rule_corroborated_block|high_risk_with_card_diversity|high_risk_with_card_switching|high_risk_with_ip_rotation|persistent_high_model_risk
cv_20260827_evt_0009484,cv_20260827_req_0003912,cv_20260827_dev_0001817,9,block,0.987076571555,1,6,7.03835964344,7,7,4,rule_corroborated_block|high_risk_with_card_diversity|high_risk_with_card_switching|high_risk_with_ip_rotation|persistent_high_model_risk
cv_20260827_evt_0009486,cv_20260827_req_0003913,cv_20260827_dev_0001817,10,block,0.993588017038,1,6,8.03833544398,8,8,4,rule_corroborated_block|high_risk_with_card_diversity|high_risk_with_card_switching|high_risk_with_ip_rotation|persistent_high_model_risk
cv_20260827_evt_0001996,cv_20260827_req_0000726,cv_20260827_dev_0000569,1,allow,0.240074968894,0.028783095908,0,0.028783095908,0,0,0,
cv_20260827_evt_0004181,cv_20260827_req_0001525,cv_20260827_dev_0001182,1,allow,0.249569123384,0.028783095908,0,0.028783095908,0,0,0,
cv_20260827_evt_0006936,cv_20260827_req_0002669,cv_20260827_dev_0001696,1,allow,0.16381059127,0.0250286633218,0,0.0250286633218,0,0,0,
cv_20260827_evt_0006938,cv_20260827_req_0002670,cv_20260827_dev_0001696,2,allow,0.286909218755,0.0930102271251,0,0.118037542299,0,0,0,
cv_20260827_evt_0006940,cv_20260827_req_0002671,cv_20260827_dev_0001696,3,allow,0.644569727817,0.474791810673,1,0.569214485563,0,0,0,stable_retry_risk_reduction
cv_20260827_evt_0003576,cv_20260827_req_0001303,cv_20260827_dev_0001008,1,allow,0.161021703811,0.0250286633218,0,0.0250286633218,0,0,0,
cv_20260827_evt_0003848,cv_20260827_req_0001403,cv_20260827_dev_0001084,1,allow,0.243339094745,0.028783095908,0,0.028783095908,0,0,0,
cv_20260827_evt_0005953,cv_20260827_req_0002246,cv_20260827_dev_0001540,1,allow,0.149457334452,0.0193933904297,0,0.0193933904297,0,0,0,
cv_20260827_evt_0000220,cv_20260827_req_0000081,cv_20260827_dev_0000065,1,allow,0.232083355583,0.028783095908,0,0.028783095908,0,0,0,
cv_20260827_evt_0006950,cv_20260827_req_0002675,cv_20260827_dev_0001698,1,allow,0.15993363251,0.0250286633218,0,0.0250286633218,0,0,0,
cv_20260827_evt_0006952,cv_20260827_req_0002676,cv_20260827_dev_0001698,2,allow,0.358460735686,0.0930102271251,0,0.118038775708,0,0,1,high_risk_with_card_diversity
cv_20260827_evt_0006954,cv_20260827_req_0002677,cv_20260827_dev_0001698,3,allow,0.61508470219,0.474791810673,2,0.592829774695,0,0,2,high_risk_with_card_diversity|high_risk_with_card_switching
cv_20260827_evt_0001073,cv_20260827_req_0000389,cv_20260827_dev_0000312,1,allow,0.124137730151,0.00548001258357,0,0.00548001258357,0,0,0,
cv_20260827_evt_0005083,cv_20260827_req_0001920,cv_20260827_dev_0001296,1,allow,0.216593249962,0.0259720802764,0,0.0259720802764,0,0,0,
cv_20260827_evt_0005085,cv_20260827_req_0001921,cv_20260827_dev_0001296,2,allow,0.492679847014,0.284737559009,0,0.310708418908,0,0,0,
cv_20260827_evt_0005087,cv_20260827_req_0001922,cv_20260827_dev_0001296,3,allow,0.672917822385,0.474791810673,1,0.785472099296,0,0,1,high_risk_with_card_diversity
cv_20260827_evt_0005320,cv_20260827_req_0002009,cv_20260827_dev_0001354,1,allow,0.138611034574,0.0116357732377,0,0.0116357732377,0,0,0,
cv_20260827_evt_0003221,cv_20260827_req_0001173,cv_20260827_dev_0000909,1,allow,0.234862869056,0.028783095908,0,0.028783095908,0,0,0,
cv_20260827_evt_0000869,cv_20260827_req_0000315,cv_20260827_dev_0000253,1,allow,0.241475621123,0.028783095908,0,0.028783095908,0,0,0,
cv_20260827_evt_0001266,cv_20260827_req_0000458,cv_20260827_dev_0000367,1,allow,0.20665566631,0.0250286633218,0,0.0250286633218,0,0,0,
cv_20260827_evt_0002071,cv_20260827_req_0000753,cv_20260827_dev_0000591,1,allow,0.0857765609003,0.00548001258357,0,0.00548001258357,0,0,0,
cv_20260827_evt_0002073,cv_20260827_req_0000754,cv_20260827_dev_0000591,2,allow,0.486926807924,0.284737559009,0,0.290217364339,0,0,1,high_risk_with_card_diversity
cv_20260827_evt_0001573,cv_20260827_req_0000571,cv_20260827_dev_0000450,1,allow,0.13784632201,0.0116357732377,0,0.0116357732377,0,0,0,
cv_20260827_evt_0003758,cv_20260827_req_0001370,cv_20260827_dev_0001063,1,allow,0.155940403685,0.0193933904297,0,0.0193933904297,0,0,0,
cv_20260827_evt_0000711,cv_20260827_req_0000259,cv_20260827_dev_0000206,1,allow,0.239433292323,0.028783095908,0,0.028783095908,0,0,0,
cv_20260827_evt_0006171,cv_20260827_req_0002326,cv_20260827_dev_0001603,1,allow,0.0982506873003,0.00548001258357,0,0.00548001258357,0,0,0,
cv_20260827_evt_0006173,cv_20260827_req_0002327,cv_20260827_dev_0001603,2,allow,0.258827728486,0.0930102271251,0,0.0973939960269,0,0,0,stable_retry_risk_reduction
cv_20260827_evt_0006175,cv_20260827_req_0002328,cv_20260827_dev_0001603,3,allow,0.369270605515,0.0930102271251,1,0.170922209328,0,0,0,stable_retry_risk_reduction
cv_20260827_evt_0001295,cv_20260827_req_0000469,cv_20260827_dev_0000376,1,allow,0.24459957235,0.028783095908,0,0.028783095908,0,0,0,
cv_20260827_evt_0000437,cv_20260827_req_0000160,cv_20260827_dev_0000127,1,allow,0.141441170841,0.0116357732377,0,0.0116357732377,0,0,0,
cv_20260827_evt_0005831,cv_20260827_req_0002199,cv_20260827_dev_0001506,1,allow,0.140463259172,0.0116357732377,0,0.0116357732377,0,0,0,
cv_20260827_evt_0008898,cv_20260827_req_0003625,cv_20260827_dev_0001791,1,allow,0.15935021761,0.0250286633218,0,0.0250286633218,0,0,0,
cv_20260827_evt_0008900,cv_20260827_req_0003626,cv_20260827_dev_0001791,2,allow,0.328173950345,0.0930102271251,0,0.118038861762,0,0,0,
cv_20260827_evt_0008902,cv_20260827_req_0003627,cv_20260827_dev_0001791,3,allow,0.633242023463,0.474791810673,0,0.569222791858,0,0,0,stable_retry_risk_reduction
cv_20260827_evt_0008904,cv_20260827_req_0003628,cv_20260827_dev_0001791,4,allow,0.653471775811,0.474791810673,2,1.04401395016,0,0,1,high_risk_with_card_diversity
cv_20260827_evt_0008906,cv_20260827_req_0003629,cv_20260827_dev_0001791,5,allow,0.933414620654,0.968667664035,3,2.01267922116,1,1,1,high_risk_with_card_diversity
cv_20260827_evt_0008908,cv_20260827_req_0003630,cv_20260827_dev_0001791,6,review,0.984075617469,1,5,3.01267230111,2,2,3,rule_corroborated_review|high_risk_with_card_diversity|high_risk_with_card_switching|persistent_high_model_risk
cv_20260827_evt_0008910,cv_20260827_req_0003631,cv_20260827_dev_0001791,7,block,0.985640596231,1,6,4.01266539561,3,3,4,rule_corroborated_block|high_risk_with_card_diversity|high_risk_with_card_switching|high_risk_with_ip_rotation|persistent_high_model_risk
cv_20260827_evt_0008912,cv_20260827_req_0003632,cv_20260827_dev_0001791,8,block,0.9839281179,1,6,5.01264700037,4,4,4,rule_corroborated_block|high_risk_with_card_diversity|high_risk_with_card_switching|high_risk_with_ip_rotation|persistent_high_model_risk
cv_20260827_evt_0002218,cv_20260827_req_0000806,cv_20260827_dev_0000630,2,allow,0.513139101216,0.284737559009,0,0.306124738691,0,0,0,
cv_20260827_evt_0002241,cv_20260827_req_0000815,cv_20260827_dev_0000638,1,allow,0.246363954457,0.028783095908,0,0.028783095908,0,0,0,
cv_20260827_evt_0007927,cv_20260827_req_0003152,cv_20260827_dev_0001748,1,allow,0.174149849586,0.0250286633218,0,0.0250286633218,0,0,0,
cv_20260827_evt_0007929,cv_20260827_req_0003153,cv_20260827_dev_0001748,2,allow,0.21497707708,0.0259720802764,0,0.0510007149134,0,0,0,
cv_20260827_evt_0007931,cv_20260827_req_0003154,cv_20260827_dev_0001748,3,allow,0.849420921492,0.834086215288,0,0.8850868133,1,1,1,high_risk_with_card_diversity
cv_20260827_evt_0007933,cv_20260827_req_0003155,cv_20260827_dev_0001748,4,allow,0.949789722984,0.978665935245,3,1.86374970542,2,2,2,high_risk_with_card_diversity|persistent_high_model_risk
cv_20260827_evt_0007935,cv_20260827_req_0003156,cv_20260827_dev_0001748,5,review,0.94362254043,0.968667664035,2,2.83241523345,3,3,2,persistent_high_model_risk|high_risk_with_card_diversity
cv_20260827_evt_0007937,cv_20260827_req_0003157,cv_20260827_dev_0001748,6,block,0.976563516037,1,2,3.83241198729,4,4,2,persistent_high_model_risk|high_risk_with_card_diversity
cv_20260827_evt_0007939,cv_20260827_req_0003158,cv_20260827_dev_0001748,7,block,0.994311379643,1,4,4.83240320282,5,5,3,persistent_high_model_risk|high_risk_with_card_diversity|high_risk_with_ip_rotation
cv_20260827_evt_0006136,cv_20260827_req_0002312,cv_20260827_dev_0001594,1,allow,0.137833905686,0.0116357732377,0,0.0116357732377,0,0,0,
cv_20260827_evt_0002777,cv_20260827_req_0001013,cv_20260827_dev_0000782,1,allow,0.125563193736,0.00820512873941,0,0.00820512873941,0,0,0,
cv_20260827_evt_0006138,cv_20260827_req_0002313,cv_20260827_dev_0001594,2,allow,0.284355288624,0.0930102271251,0,0.104644160211,0,0,1,high_risk_with_card_diversity
cv_20260827_evt_0005600,cv_20260827_req_0002112,cv_20260827_dev_0001437,1,allow,0.14927315636,0.0193933904297,0,0.0193933904297,0,0,0,
cv_20260827_evt_0011225,cv_20260827_req_0004758,cv_20260827_dev_0001916,1,allow,0.25966875034,0.0930102271251,0,0.0930102271251,0,0,0,
cv_20260827_evt_0011227,cv_20260827_req_0004759,cv_20260827_dev_0001916,2,allow,0.524029245845,0.304785409055,0,0.379146958591,0,0,0,stable_retry_risk_reduction
cv_20260827_evt_0011229,cv_20260827_req_0004760,cv_20260827_dev_0001916,3,allow,0.928287968309,0.968667664035,1,1.34741115769,1,1,1,high_risk_with_card_diversity
cv_20260827_evt_0000413,cv_20260827_req_0000151,cv_20260827_dev_0000121,2,allow,0.0538008786434,0,0,0.0112937213845,0,0,3,successful_checkout_risk_reduction|high_risk_with_card_diversity|cross_session_card_diversity|high_risk_with_ip_rotation
cv_20260827_evt_0000415,cv_20260827_req_0000152,cv_20260827_dev_0000121,3,allow,0.305747989313,0.0930102271251,0,0.102044821114,0,0,2,stable_retry_risk_reduction|high_risk_with_card_diversity|cross_session_card_diversity
cv_20260827_evt_0000302,cv_20260827_req_0000110,cv_20260827_dev_0000086,2,allow,0.0672743829386,0,0,0.0117614525027,0,0,2,successful_checkout_risk_reduction|high_risk_with_card_diversity|cross_session_card_diversity
cv_20260827_evt_0007643,cv_20260827_req_0003012,cv_20260827_dev_0001733,1,allow,0.20647485609,0.0250286633218,0,0.0250286633218,0,0,0,
cv_20260827_evt_0007645,cv_20260827_req_0003013,cv_20260827_dev_0001733,2,allow,0.474994053086,0.284737559009,0,0.309766107592,0,0,1,high_risk_with_card_diversity
cv_20260827_evt_0007647,cv_20260827_req_0003014,cv_20260827_dev_0001733,3,allow,0.895580879976,0.920638394369,2,1.2304030819,1,1,2,high_risk_with_card_diversity|high_risk_with_card_switching
cv_20260827_evt_0007649,cv_20260827_req_0003015,cv_20260827_dev_0001733,4,allow,0.903826782935,0.920638394369,3,2.151038656,2,2,3,high_risk_with_card_diversity|high_risk_with_card_switching|persistent_high_model_risk
cv_20260827_evt_0007651,cv_20260827_req_0003016,cv_20260827_dev_0001733,5,review,0.935491576307,0.968667664035,4,3.11970138953,3,3,3,persistent_high_model_risk|high_risk_with_card_diversity|high_risk_with_card_switching
cv_20260827_evt_0007653,cv_20260827_req_0003017,cv_20260827_dev_0001733,6,block,0.988543948296,1,5,4.1196942387,4,4,3,persistent_high_model_risk|high_risk_with_card_diversity|high_risk_with_card_switching
cv_20260827_evt_0007655,cv_20260827_req_0003018,cv_20260827_dev_0001733,7,block,0.98752261495,1,5,5.11968951722,5,5,4,persistent_high_model_risk|high_risk_with_card_diversity|high_risk_with_card_switching|high_risk_with_ip_rotation
cv_20260827_evt_0004109,cv_20260827_req_0001499,cv_20260827_dev_0001162,1,allow,0.114397298394,0.00548001258357,0,0.00548001258357,0,0,0,
cv_20260827_evt_0004111,cv_20260827_req_0001500,cv_20260827_dev_0001162,2,allow,0.493990218362,0.284737559009,0,0.290217037774,0,0,0,
cv_20260827_evt_0006269,cv_20260827_req_0002369,cv_20260827_dev_0001614,1,allow,0.127404892626,0.00820512873941,0,0.00820512873941,0,0,0,
cv_20260827_evt_0006271,cv_20260827_req_0002370,cv_20260827_dev_0001614,2,allow,0.314721385727,0.0930102271251,0,0.0995740893862,0,0,0,stable_retry_risk_reduction
cv_20260827_evt_0006273,cv_20260827_req_0002371,cv_20260827_dev_0001614,3,allow,0.437921715767,0.0930102271251,1,0.17266064345,0,0,0,stable_retry_risk_reduction
cv_20260827_evt_0006316,cv_20260827_req_0002390,cv_20260827_dev_0001619,1,allow,0.150143064828,0.0193933904297,0,0.0193933904297,0,0,0,
cv_20260827_evt_0006318,cv_20260827_req_0002391,cv_20260827_dev_0001619,2,allow,0.355332600135,0.0930102271251,0,0.108523588168,0,0,0,stable_retry_risk_reduction
cv_20260827_evt_0008318,cv_20260827_req_0003344,cv_20260827_dev_0001765,7,review,0.811792981714,0.584793744945,1,3.07866281867,5,5,4,persistent_high_model_risk|high_risk_with_card_diversity|cross_session_card_diversity|high_risk_with_ip_rotation
cv_20260827_evt_0008320,cv_20260827_req_0003345,cv_20260827_dev_0001765,8,block,0.94716626095,0.978665935245,1,4.05732169715,6,6,3,persistent_high_model_risk|high_risk_with_card_diversity|cross_session_card_diversity
cv_20260827_evt_0006320,cv_20260827_req_0002392,cv_20260827_dev_0001619,3,allow,0.498149946626,0.284737559009,1,0.371546778474,0,0,0,stable_retry_risk_reduction
cv_20260827_evt_0008322,cv_20260827_req_0003346,cv_20260827_dev_0001765,9,block,0.903296591929,0.920638394369,1,4.97794149156,7,7,3,persistent_high_model_risk|high_risk_with_card_diversity|cross_session_card_diversity
cv_20260827_evt_0008324,cv_20260827_req_0003347,cv_20260827_dev_0001765,10,block,0.963537426118,0.987077221928,3,5.96499589312,8,8,3,persistent_high_model_risk|high_risk_with_card_diversity|cross_session_card_diversity
cv_20260827_evt_0008326,cv_20260827_req_0003348,cv_20260827_dev_0001765,11,block,0.976751181525,1,3,6.96498905679,9,9,3,persistent_high_model_risk|high_risk_with_card_diversity|cross_session_card_diversity
cv_20260827_evt_0008328,cv_20260827_req_0003349,cv_20260827_dev_0001765,12,block,0.974406942539,1,3,6.57196570177,10,10,4,stable_retry_risk_reduction|persistent_high_model_risk|high_risk_with_card_diversity|cross_session_card_diversity|high_risk_with_ip_rotation
cv_20260827_evt_0008330,cv_20260827_req_0003350,cv_20260827_dev_0001765,13,block,0.983840475642,1,3,7.5719581698,11,11,4,persistent_high_model_risk|high_risk_with_card_diversity|cross_session_card_diversity|high_risk_with_ip_rotation
cv_20260827_evt_0008332,cv_20260827_req_0003351,cv_20260827_dev_0001765,14,block,0.985762633271,1,3,8.57194081373,12,12,4,persistent_high_model_risk|high_risk_with_card_diversity|cross_session_card_diversity|high_risk_with_ip_rotation
cv_20260827_evt_0008334,cv_20260827_req_0003352,cv_20260827_dev_0001765,15,block,0.989963905037,1,3,9.57192116555,13,13,4,persistent_high_model_risk|high_risk_with_card_diversity|cross_session_card_diversity|high_risk_with_ip_rotation
cv_20260827_evt_0008336,cv_20260827_req_0003353,cv_20260827_dev_0001765,16,block,0.991014473085,1,3,10.5718992253,14,14,4,persistent_high_model_risk|high_risk_with_card_diversity|cross_session_card_diversity|high_risk_with_ip_rotation
cv_20260827_evt_0008338,cv_20260827_req_0003354,cv_20260827_dev_0001765,17,block,0.980959336113,1,3,11.5718507605,15,15,4,persistent_high_model_risk|high_risk_with_card_diversity|cross_session_card_diversity|high_risk_with_ip_rotation
cv_20260827_evt_0008340,cv_20260827_req_0003355,cv_20260827_dev_0001765,18,block,0.985978325469,1,3,12.5718109739,16,16,4,persistent_high_model_risk|high_risk_with_card_diversity|cross_session_card_diversity|high_risk_with_ip_rotation
cv_20260827_evt_0009712,cv_20260827_req_0004023,cv_20260827_dev_0001830,1,allow,0.152687757548,0.0193933904297,0,0.0193933904297,0,0,0,
cv_20260827_evt_0004662,cv_20260827_req_0001731,cv_20260827_dev_0001247,1,allow,0.237815479648,0.028783095908,0,0.028783095908,0,0,0,
cv_20260827_evt_0004664,cv_20260827_req_0001732,cv_20260827_dev_0001247,2,allow,0.523472415551,0.304785409055,0,0.333566855629,0,0,1,high_risk_with_card_diversity
cv_20260827_evt_0004666,cv_20260827_req_0001733,cv_20260827_dev_0001247,3,allow,0.859746926824,0.855151534315,3,1.18870730363,1,1,2,high_risk_with_card_diversity|high_risk_with_card_switching
cv_20260827_evt_0009714,cv_20260827_req_0004024,cv_20260827_dev_0001830,2,allow,0.414986702926,0.0930102271251,0,0.112400950581,0,0,0,
cv_20260827_evt_0009716,cv_20260827_req_0004025,cv_20260827_dev_0001830,3,allow,0.740393687782,0.474791810673,1,0.587181425656,0,0,1,high_risk_with_card_diversity
cv_20260827_evt_0009718,cv_20260827_req_0004026,cv_20260827_dev_0001830,4,allow,0.842205478466,0.756035578145,1,1.3431826841,1,1,2,high_risk_with_card_diversity|high_risk_with_card_switching
cv_20260827_evt_0010626,cv_20260827_req_0004467,cv_20260827_dev_0001883,1,allow,0.174865804876,0.0250286633218,0,0.0250286633218,0,0,0,
cv_20260827_evt_0009720,cv_20260827_req_0004027,cv_20260827_dev_0001830,5,allow,0.959022066142,0.978665935245,2,2.32169468913,2,2,4,high_risk_with_card_diversity|high_risk_with_card_switching|high_risk_with_ip_rotation|persistent_high_model_risk
cv_20260827_evt_0010628,cv_20260827_req_0004468,cv_20260827_dev_0001883,2,allow,0.30269812674,0.0930102271251,0,0.11803593609,0,0,0,
cv_20260827_evt_0010630,cv_20260827_req_0004469,cv_20260827_dev_0001883,3,allow,0.79065803849,0.512761020882,0,0.630773015153,1,1,1,high_risk_with_card_diversity
cv_20260827_evt_0001587,cv_20260827_req_0000576,cv_20260827_dev_0000454,1,allow,0.241172306006,0.028783095908,0,0.028783095908,0,0,0,
cv_20260827_evt_0010632,cv_20260827_req_0004470,cv_20260827_dev_0001883,4,allow,0.912499500739,0.920638394369,1,1.55136225327,2,2,1,high_risk_with_card_diversity
cv_20260827_evt_0010634,cv_20260827_req_0004471,cv_20260827_dev_0001883,5,review,0.966355353771,0.987077221928,2,2.53838613671,3,3,3,persistent_high_model_risk|high_risk_with_card_diversity|high_risk_with_card_switching
cv_20260827_evt_0010636,cv_20260827_req_0004472,cv_20260827_dev_0001883,6,review,0.978798837605,1,2,3.53800215331,4,4,3,persistent_high_model_risk|high_risk_with_card_diversity|high_risk_with_card_switching
cv_20260827_evt_0010638,cv_20260827_req_0004473,cv_20260827_dev_0001883,7,block,0.988766205495,1,2,4.53780347262,5,5,4,persistent_high_model_risk|high_risk_with_card_diversity|high_risk_with_card_switching|high_risk_with_ip_rotation
cv_20260827_evt_0010640,cv_20260827_req_0004474,cv_20260827_dev_0001883,8,block,0.990384519759,1,2,5.53705983764,6,6,4,persistent_high_model_risk|high_risk_with_card_diversity|high_risk_with_card_switching|high_risk_with_ip_rotation
cv_20260827_evt_0008270,cv_20260827_req_0003321,cv_20260827_dev_0001763,1,allow,0.227320125657,0.028783095908,0,0.028783095908,0,0,0,
cv_20260827_evt_0008272,cv_20260827_req_0003322,cv_20260827_dev_0001763,2,allow,0.173987203585,0.0250286633218,0,0.0538116932546,0,0,0,
cv_20260827_evt_0008274,cv_20260827_req_0003323,cv_20260827_dev_0001763,3,allow,0.824742728167,0.627563763201,0,0.681375271439,1,1,0,
cv_20260827_evt_0008276,cv_20260827_req_0003324,cv_20260827_dev_0001763,4,allow,0.858117324699,0.855151534315,2,1.53652602485,2,2,2,high_risk_with_card_diversity|persistent_high_model_risk
cv_20260827_evt_0008278,cv_20260827_req_0003325,cv_20260827_dev_0001763,5,review,0.972118254991,1,4,2.53652074193,3,3,3,persistent_high_model_risk|high_risk_with_card_diversity|high_risk_with_card_switching
cv_20260827_evt_0008280,cv_20260827_req_0003326,cv_20260827_dev_0001763,6,block,0.981062265259,1,4,3.53651783488,4,4,3,persistent_high_model_risk|high_risk_with_card_diversity|high_risk_with_card_switching
cv_20260827_evt_0008282,cv_20260827_req_0003327,cv_20260827_dev_0001763,7,block,0.992189341187,1,5,4.53651378176,5,5,4,persistent_high_model_risk|high_risk_with_card_diversity|high_risk_with_card_switching|high_risk_with_ip_rotation
cv_20260827_evt_0008284,cv_20260827_req_0003328,cv_20260827_dev_0001763,8,block,0.993682007661,1,5,5.53649298504,6,6,4,persistent_high_model_risk|high_risk_with_card_diversity|high_risk_with_card_switching|high_risk_with_ip_rotation
cv_20260827_evt_0008286,cv_20260827_req_0003329,cv_20260827_dev_0001763,9,block,0.993726135649,1,5,6.5364866398,7,7,4,persistent_high_model_risk|high_risk_with_card_diversity|high_risk_with_card_switching|high_risk_with_ip_rotation
cv_20260827_evt_0008288,cv_20260827_req_0003330,cv_20260827_dev_0001763,10,block,0.991695974827,1,5,7.53645667461,8,8,4,persistent_high_model_risk|high_risk_with_card_diversity|high_risk_with_card_switching|high_risk_with_ip_rotation
cv_20260827_evt_0008290,cv_20260827_req_0003331,cv_20260827_dev_0001763,11,block,0.995719751743,1,5,8.53643076258,9,9,4,persistent_high_model_risk|high_risk_with_card_diversity|high_risk_with_card_switching|high_risk_with_ip_rotation
cv_20260827_evt_0006060,cv_20260827_req_0002285,cv_20260827_dev_0001570,1,allow,0.150301677696,0.0193933904297,0,0.0193933904297,0,0,0,
cv_20260827_evt_0001209,cv_20260827_req_0000438,cv_20260827_dev_0000351,1,allow,0.21230245741,0.0259720802764,0,0.0259720802764,0,0,0,
cv_20260827_evt_0012336,cv_20260827_req_0005296,cv_20260827_dev_0001992,7,block,0.967480785901,0.987077221928,4,4.2762378084,4,3,5,persistent_high_model_risk|high_risk_with_card_diversity|high_risk_with_card_switching|cross_session_card_diversity|high_risk_with_ip_rotation
cv_20260827_evt_0012338,cv_20260827_req_0005297,cv_20260827_dev_0001992,8,block,0.963646617038,0.987077221928,2,5.25825539991,5,4,4,persistent_high_model_risk|high_risk_with_card_diversity|cross_session_card_diversity|high_risk_with_ip_rotation
cv_20260827_evt_0012340,cv_20260827_req_0005298,cv_20260827_dev_0001992,9,block,0.967412985957,0.987077221928,2,6.24347682931,6,5,4,persistent_high_model_risk|high_risk_with_card_diversity|cross_session_card_diversity|high_risk_with_ip_rotation
cv_20260827_evt_0008616,cv_20260827_req_0003489,cv_20260827_dev_0001777,1,allow,0.25311506628,0.0690182853703,0,0.0690182853703,0,0,0,
cv_20260827_evt_0008618,cv_20260827_req_0003490,cv_20260827_dev_0001777,2,allow,0.299775238084,0.0930102271251,0,0.162028433395,0,0,0,
cv_20260827_evt_0008620,cv_20260827_req_0003491,cv_20260827_dev_0001777,3,allow,0.782705647503,0.474791810673,1,0.636819872675,0,0,1,high_risk_with_card_diversity
cv_20260827_evt_0008622,cv_20260827_req_0003492,cv_20260827_dev_0001777,4,review,0.905211344606,0.920638394369,5,1.55745607751,1,1,2,rule_corroborated_review|high_risk_with_card_diversity|high_risk_with_card_switching
cv_20260827_evt_0008624,cv_20260827_req_0003493,cv_20260827_dev_0001777,5,allow,0.949592035016,0.978665935245,4,2.53611665788,2,2,4,high_risk_with_card_diversity|high_risk_with_card_switching|high_risk_with_ip_rotation|persistent_high_model_risk
cv_20260827_evt_0008626,cv_20260827_req_0003494,cv_20260827_dev_0001777,6,review,0.981108697728,1,5,3.53610503157,3,3,4,rule_corroborated_review|high_risk_with_card_diversity|high_risk_with_card_switching|high_risk_with_ip_rotation|persistent_high_model_risk
cv_20260827_evt_0008628,cv_20260827_req_0003495,cv_20260827_dev_0001777,7,block,0.992151159703,1,6,4.53609692628,4,4,4,rule_corroborated_block|high_risk_with_card_diversity|high_risk_with_card_switching|high_risk_with_ip_rotation|persistent_high_model_risk
cv_20260827_evt_0008630,cv_20260827_req_0003496,cv_20260827_dev_0001777,8,block,0.994917485738,1,6,5.53608652886,5,5,4,rule_corroborated_block|high_risk_with_card_diversity|high_risk_with_card_switching|high_risk_with_ip_rotation|persistent_high_model_risk
cv_20260827_evt_0008632,cv_20260827_req_0003497,cv_20260827_dev_0001777,9,block,0.99191475007,1,6,6.5360611498,6,6,4,rule_corroborated_block|high_risk_with_card_diversity|high_risk_with_card_switching|high_risk_with_ip_rotation|persistent_high_model_risk
cv_20260827_evt_0002225,cv_20260827_req_0000809,cv_20260827_dev_0000632,1,allow,0.238341382485,0.028783095908,0,0.028783095908,0,0,0,
cv_20260827_evt_0000198,cv_20260827_req_0000072,cv_20260827_dev_0000059,1,allow,0.191190806027,0.0250286633218,0,0.0250286633218,0,0,0,
cv_20260827_evt_0001112,cv_20260827_req_0000404,cv_20260827_dev_0000324,1,allow,0.146532894691,0.0193933904297,0,0.0193933904297,0,0,0,
cv_20260827_evt_0001396,cv_20260827_req_0000507,cv_20260827_dev_0000405,3,allow,0.190350358538,0.0250286633218,0,0.0787540237303,0,0,1,successful_checkout_risk_reduction|high_risk_with_ip_rotation
cv_20260827_evt_0001398,cv_20260827_req_0000508,cv_20260827_dev_0000405,4,allow,0.36768964762,0.0930102271251,0,0.171758745301,0,0,2,high_risk_with_card_diversity|cross_session_card_diversity
cv_20260827_evt_0003806,cv_20260827_req_0001387,cv_20260827_dev_0001075,1,allow,0.23501175589,0.028783095908,0,0.028783095908,0,0,0,
cv_20260827_evt_0005834,cv_20260827_req_0002200,cv_20260827_dev_0001507,1,allow,0.114072418583,0.00548001258357,0,0.00548001258357,0,0,0,
cv_20260827_evt_0006910,cv_20260827_req_0002657,cv_20260827_dev_0001692,1,allow,0.114166722878,0.00548001258357,0,0.00548001258357,0,0,0,
cv_20260827_evt_0006912,cv_20260827_req_0002658,cv_20260827_dev_0001692,2,allow,0.36199119449,0.0930102271251,0,0.0984897184508,0,0,1,high_risk_with_card_diversity
cv_20260827_evt_0006914,cv_20260827_req_0002659,cv_20260827_dev_0001692,3,allow,0.804096165941,0.559667304185,2,0.658147880042,1,1,2,high_risk_with_card_diversity|high_risk_with_card_switching
cv_20260827_evt_0000793,cv_20260827_req_0000288,cv_20260827_dev_0000229,2,allow,0.091086859779,0.00548001258357,0,0.0184668103168,0,0,1,successful_checkout_risk_reduction|high_risk_with_ip_rotation
cv_20260827_evt_0004113,cv_20260827_req_0001501,cv_20260827_dev_0001163,1,allow,0.201132212026,0.0250286633218,0,0.0250286633218,0,0,0,
cv_20260827_evt_0006108,cv_20260827_req_0002302,cv_20260827_dev_0001585,1,allow,0.126326769112,0.00820512873941,0,0.00820512873941,0,0,0,
cv_20260827_evt_0002042,cv_20260827_req_0000743,cv_20260827_dev_0000582,2,allow,0.135360322715,0.00820512873941,0,0.0199690078072,0,0,3,successful_checkout_risk_reduction|high_risk_with_card_diversity|cross_session_card_diversity|high_risk_with_ip_rotation
cv_20260827_evt_0003479,cv_20260827_req_0001268,cv_20260827_dev_0000980,1,allow,0.15215270048,0.0193933904297,0,0.0193933904297,0,0,0,
cv_20260827_evt_0002526,cv_20260827_req_0000920,cv_20260827_dev_0000715,1,allow,0.231825108929,0.028783095908,0,0.028783095908,0,0,0,
cv_20260827_evt_0004491,cv_20260827_req_0001656,cv_20260827_dev_0001227,1,allow,0.25260646959,0.0690182853703,0,0.0690182853703,0,0,0,
cv_20260827_evt_0004493,cv_20260827_req_0001657,cv_20260827_dev_0001227,2,allow,0.271933961242,0.0930102271251,0,0.162024478501,0,0,0,
cv_20260827_evt_0004495,cv_20260827_req_0001658,cv_20260827_dev_0001227,3,allow,0.798355197715,0.559667304185,1,0.721684355157,1,1,1,high_risk_with_card_diversity
cv_20260827_evt_0000154,cv_20260827_req_0000056,cv_20260827_dev_0000047,1,allow,0.243415361741,0.028783095908,0,0.028783095908,0,0,0,
cv_20260827_evt_0006699,cv_20260827_req_0002563,cv_20260827_dev_0001667,1,allow,0.125950236906,0.00820512873941,0,0.00820512873941,0,0,0,
cv_20260827_evt_0006701,cv_20260827_req_0002564,cv_20260827_dev_0001667,2,allow,0.310142907464,0.0930102271251,0,0.0995737583962,0,0,0,stable_retry_risk_reduction
cv_20260827_evt_0006703,cv_20260827_req_0002565,cv_20260827_dev_0001667,3,allow,0.365198829873,0.0930102271251,1,0.192576796274,0,0,0,
cv_20260827_evt_0008293,cv_20260827_req_0003332,cv_20260827_dev_0001764,1,allow,0.230463425937,0.028783095908,0,0.028783095908,0,0,0,
cv_20260827_evt_0008295,cv_20260827_req_0003333,cv_20260827_dev_0001764,2,allow,0.488978519645,0.284737559009,0,0.313520588941,0,0,0,
cv_20260827_evt_0008297,cv_20260827_req_0003334,cv_20260827_dev_0001764,3,allow,0.594150973119,0.474791810673,0,0.788312040296,0,0,1,high_risk_with_card_diversity
cv_20260827_evt_0008299,cv_20260827_req_0003335,cv_20260827_dev_0001764,4,allow,0.927848349603,0.968667664035,2,1.75697699394,1,1,1,high_risk_with_card_diversity
cv_20260827_evt_0008301,cv_20260827_req_0003336,cv_20260827_dev_0001764,5,allow,0.967605525756,0.987077221928,2,2.74404817498,2,2,2,high_risk_with_card_diversity|persistent_high_model_risk
cv_20260827_evt_0008303,cv_20260827_req_0003337,cv_20260827_dev_0001764,6,review,0.976948477056,1,2,3.7440450301,3,3,2,persistent_high_model_risk|high_risk_with_card_diversity
cv_20260827_evt_0001448,cv_20260827_req_0000526,cv_20260827_dev_0000417,3,allow,0.187589467183,0.0250286633218,0,0.0762616029966,0,0,2,successful_checkout_risk_reduction|high_risk_with_card_diversity|cross_session_card_diversity
cv_20260827_evt_0003498,cv_20260827_req_0001275,cv_20260827_dev_0000987,1,allow,0.2449441042,0.028783095908,0,0.028783095908,0,0,0,
cv_20260827_evt_0001993,cv_20260827_req_0000725,cv_20260827_dev_0000568,1,allow,0.221677869428,0.0259720802764,0,0.0259720802764,0,0,0,
cv_20260827_evt_0007434,cv_20260827_req_0002912,cv_20260827_dev_0001721,1,allow,0.206271354411,0.0250286633218,0,0.0250286633218,0,0,0,
cv_20260827_evt_0007436,cv_20260827_req_0002913,cv_20260827_dev_0001721,2,allow,0.515526442512,0.284737559009,0,0.309765734694,0,0,1,high_risk_with_card_diversity
cv_20260827_evt_0007438,cv_20260827_req_0002914,cv_20260827_dev_0001721,3,allow,0.835951514859,0.690081906596,0,0.999840186059,1,1,1,high_risk_with_card_diversity
cv_20260827_evt_0007440,cv_20260827_req_0002915,cv_20260827_dev_0001721,4,allow,0.912204412282,0.920638394369,2,1.9204602463,2,2,2,high_risk_with_card_diversity|persistent_high_model_risk
cv_20260827_evt_0007442,cv_20260827_req_0002916,cv_20260827_dev_0001721,5,review,0.951887052019,0.978665935245,3,2.89909096595,3,3,2,persistent_high_model_risk|high_risk_with_card_diversity
cv_20260827_evt_0007444,cv_20260827_req_0002917,cv_20260827_dev_0001721,6,block,0.976082976514,1,4,3.89903448263,4,4,2,persistent_high_model_risk|high_risk_with_card_diversity
cv_20260827_evt_0007446,cv_20260827_req_0002918,cv_20260827_dev_0001721,7,block,0.977692178039,1,4,4.89894511181,5,5,3,persistent_high_model_risk|high_risk_with_card_diversity|high_risk_with_ip_rotation
cv_20260827_evt_0007448,cv_20260827_req_0002919,cv_20260827_dev_0001721,8,block,0.980577626592,1,4,5.8988384362,6,6,3,persistent_high_model_risk|high_risk_with_card_diversity|high_risk_with_ip_rotation
cv_20260827_evt_0003790,cv_20260827_req_0001381,cv_20260827_dev_0001071,1,allow,0.23143794862,0.028783095908,0,0.028783095908,0,0,0,
cv_20260827_evt_0006075,cv_20260827_req_0002290,cv_20260827_dev_0001575,1,allow,0.13970254152,0.0116357732377,0,0.0116357732377,0,0,0,
cv_20260827_evt_0004621,cv_20260827_req_0001713,cv_20260827_dev_0001243,1,allow,0.199506733895,0.0250286633218,0,0.0250286633218,0,0,0,
cv_20260827_evt_0004623,cv_20260827_req_0001714,cv_20260827_dev_0001243,2,allow,0.499557410369,0.284737559009,0,0.309764271842,0,0,0,
cv_20260827_evt_0004625,cv_20260827_req_0001715,cv_20260827_dev_0001243,3,allow,0.812529445379,0.584793744945,1,0.894549496577,1,1,0,
cv_20260827_evt_0006050,cv_20260827_req_0002281,cv_20260827_dev_0001566,1,allow,0.110885535035,0.00548001258357,0,0.00548001258357,0,0,0,
cv_20260827_evt_0004324,cv_20260827_req_0001582,cv_20260827_dev_0001210,1,allow,0.197332933108,0.0250286633218,0,0.0250286633218,0,0,0,
cv_20260827_evt_0004326,cv_20260827_req_0001583,cv_20260827_dev_0001210,2,allow,0.46802698064,0.0930102271251,0,0.118038775708,0,0,1,high_risk_with_card_diversity
cv_20260827_evt_0004328,cv_20260827_req_0001584,cv_20260827_dev_0001210,3,allow,0.867546801117,0.920638394369,2,1.03867649367,1,1,2,high_risk_with_card_diversity|high_risk_with_card_switching
cv_20260827_evt_0002171,cv_20260827_req_0000789,cv_20260827_dev_0000616,1,allow,0.148879119205,0.0193933904297,0,0.0193933904297,0,0,0,
cv_20260827_evt_0000377,cv_20260827_req_0000138,cv_20260827_dev_0000109,1,allow,0.197825405311,0.0250286633218,0,0.0250286633218,0,0,0,
cv_20260827_evt_0010593,cv_20260827_req_0004451,cv_20260827_dev_0001881,1,allow,0.197808825985,0.0250286633218,0,0.0250286633218,0,0,0,
cv_20260827_evt_0010595,cv_20260827_req_0004452,cv_20260827_dev_0001881,2,allow,0.433871366616,0.0930102271251,0,0.113031413825,0,0,0,stable_retry_risk_reduction
cv_20260827_evt_0010597,cv_20260827_req_0004453,cv_20260827_dev_0001881,3,allow,0.61893155271,0.474791810673,0,0.587817913373,0,0,0,
cv_20260827_evt_0010599,cv_20260827_req_0004454,cv_20260827_dev_0001881,4,allow,0.864308299171,0.855151534315,0,1.32533311273,1,1,0,stable_retry_risk_reduction
cv_20260827_evt_0002446,cv_20260827_req_0000891,cv_20260827_dev_0000693,1,allow,0.242615367092,0.028783095908,0,0.028783095908,0,0,0,
cv_20260827_evt_0010601,cv_20260827_req_0004455,cv_20260827_dev_0001881,5,allow,0.886063288357,0.920638394369,1,2.24587733657,2,2,2,high_risk_with_card_diversity|persistent_high_model_risk
cv_20260827_evt_0010603,cv_20260827_req_0004456,cv_20260827_dev_0001881,6,review,0.948011963629,0.978665935245,2,3.22418809513,3,3,3,persistent_high_model_risk|high_risk_with_card_diversity|high_risk_with_card_switching
cv_20260827_evt_0010605,cv_20260827_req_0004457,cv_20260827_dev_0001881,7,block,0.963507250447,0.987077221928,2,4.21101036063,4,4,4,persistent_high_model_risk|high_risk_with_card_diversity|high_risk_with_card_switching|high_risk_with_ip_rotation
cv_20260827_evt_0001830,cv_20260827_req_0000665,cv_20260827_dev_0000522,1,allow,0.155097299807,0.0193933904297,0,0.0193933904297,0,0,0,
cv_20260827_evt_0001161,cv_20260827_req_0000421,cv_20260827_dev_0000338,1,allow,0.23090443812,0.028783095908,0,0.028783095908,0,0,0,
cv_20260827_evt_0004201,cv_20260827_req_0001532,cv_20260827_dev_0001189,1,allow,0.238153468358,0.028783095908,0,0.028783095908,0,0,0,
cv_20260827_evt_0003549,cv_20260827_req_0001293,cv_20260827_dev_0001002,1,allow,0.148476468697,0.0193933904297,0,0.0193933904297,0,0,0,
cv_20260827_evt_0005726,cv_20260827_req_0002159,cv_20260827_dev_0001474,1,allow,0.141077039425,0.0116357732377,0,0.0116357732377,0,0,0,
cv_20260827_evt_0000010,cv_20260827_req_0000004,cv_20260827_dev_0000004,1,allow,0.132457103565,0.00820512873941,0,0.00820512873941,0,0,0,
cv_20260827_evt_0001899,cv_20260827_req_0000690,cv_20260827_dev_0000541,1,allow,0.233340550176,0.028783095908,0,0.028783095908,0,0,0,
cv_20260827_evt_0003837,cv_20260827_req_0001399,cv_20260827_dev_0001081,1,allow,0.177057757627,0.0250286633218,0,0.0250286633218,0,0,0,
cv_20260827_evt_0005383,cv_20260827_req_0002032,cv_20260827_dev_0001371,2,allow,0.0513525788926,0,0,0.00874922397854,0,0,1,successful_checkout_risk_reduction|high_risk_with_ip_rotation
cv_20260827_evt_0004213,cv_20260827_req_0001536,cv_20260827_dev_0001192,1,allow,0.240944990294,0.028783095908,0,0.028783095908,0,0,0,
cv_20260827_evt_0007063,cv_20260827_req_0002729,cv_20260827_dev_0001705,1,allow,0.235048987813,0.028783095908,0,0.028783095908,0,0,0,
cv_20260827_evt_0007065,cv_20260827_req_0002730,cv_20260827_dev_0001705,2,allow,0.222084916034,0.0259720802764,0,0.0547551431967,0,0,0,
cv_20260827_evt_0007067,cv_20260827_req_0002731,cv_20260827_dev_0001705,3,allow,0.88904749911,0.920638394369,1,0.975393286552,1,1,1,high_risk_with_card_diversity
cv_20260827_evt_0007069,cv_20260827_req_0002732,cv_20260827_dev_0001705,4,allow,0.936834571168,0.968667664035,2,1.94405871484,2,2,2,high_risk_with_card_diversity|persistent_high_model_risk
cv_20260827_evt_0007071,cv_20260827_req_0002733,cv_20260827_dev_0001705,5,review,0.932912186304,0.968667664035,3,2.91271746673,3,3,2,persistent_high_model_risk|high_risk_with_card_diversity
cv_20260827_evt_0007073,cv_20260827_req_0002734,cv_20260827_dev_0001705,6,block,0.954960330335,0.978665935245,2,3.89137672559,4,4,3,persistent_high_model_risk|high_risk_with_card_diversity|high_risk_with_ip_rotation
cv_20260827_evt_0007075,cv_20260827_req_0002735,cv_20260827_dev_0001705,7,block,0.988343087381,1,4,4.89135888637,5,5,3,persistent_high_model_risk|high_risk_with_card_diversity|high_risk_with_ip_rotation
cv_20260827_evt_0007077,cv_20260827_req_0002736,cv_20260827_dev_0001705,8,block,0.991107535405,1,4,5.8913532805,6,6,3,persistent_high_model_risk|high_risk_with_card_diversity|high_risk_with_ip_rotation
cv_20260827_evt_0007079,cv_20260827_req_0002737,cv_20260827_dev_0001705,9,block,0.994732029482,1,4,6.8913330247,7,7,3,persistent_high_model_risk|high_risk_with_card_diversity|high_risk_with_ip_rotation
cv_20260827_evt_0007081,cv_20260827_req_0002738,cv_20260827_dev_0001705,10,block,0.995025422009,1,4,7.89130143279,8,8,3,persistent_high_model_risk|high_risk_with_card_diversity|high_risk_with_ip_rotation
cv_20260827_evt_0007083,cv_20260827_req_0002739,cv_20260827_dev_0001705,11,block,0.990160805964,1,4,8.89126525673,9,9,3,persistent_high_model_risk|high_risk_with_card_diversity|high_risk_with_ip_rotation
cv_20260827_evt_0002132,cv_20260827_req_0000775,cv_20260827_dev_0000605,1,allow,0.243453501318,0.028783095908,0,0.028783095908,0,0,0,
cv_20260827_evt_0002134,cv_20260827_req_0000776,cv_20260827_dev_0000605,2,allow,0.505443550271,0.284737559009,0,0.307763191267,0,0,0,stable_retry_risk_reduction
cv_20260827_evt_0004565,cv_20260827_req_0001689,cv_20260827_dev_0001237,1,allow,0.250812259132,0.028783095908,0,0.028783095908,0,0,0,
cv_20260827_evt_0004567,cv_20260827_req_0001690,cv_20260827_dev_0001237,2,allow,0.515045543114,0.284737559009,0,0.307763085711,0,0,0,stable_retry_risk_reduction
cv_20260827_evt_0004569,cv_20260827_req_0001691,cv_20260827_dev_0001237,3,allow,0.651275309902,0.474791810673,1,0.782521037117,0,0,0,
cv_20260827_evt_0003360,cv_20260827_req_0001223,cv_20260827_dev_0000946,1,allow,0.245020711342,0.028783095908,0,0.028783095908,0,0,0,
cv_20260827_evt_0012172,cv_20260827_req_0005217,cv_20260827_dev_0001983,4,allow,0.738350691897,0.474791810673,0,1.53137942871,1,0,3,high_risk_with_card_diversity|cross_session_card_diversity|high_risk_with_ip_rotation
cv_20260827_evt_0012174,cv_20260827_req_0005218,cv_20260827_dev_0001983,5,allow,0.897738467694,0.920638394369,0,2.45110370024,2,1,3,high_risk_with_card_diversity|cross_session_card_diversity|persistent_high_model_risk
cv_20260827_evt_0001132,cv_20260827_req_0000411,cv_20260827_dev_0000329,1,allow,0.221124715687,0.0259720802764,0,0.0259720802764,0,0,0,
cv_20260827_evt_0012176,cv_20260827_req_0005219,cv_20260827_dev_0001983,6,review,0.973498054714,1,2,3.44859079749,3,2,4,persistent_high_model_risk|high_risk_with_card_diversity|high_risk_with_card_switching|cross_session_card_diversity
cv_20260827_evt_0006483,cv_20260827_req_0002465,cv_20260827_dev_0001639,1,allow,0.133667595174,0.00820512873941,0,0.00820512873941,0,0,0,
cv_20260827_evt_0006485,cv_20260827_req_0002466,cv_20260827_dev_0001639,2,allow,0.353650763408,0.0930102271251,0,0.0995742624103,0,0,0,stable_retry_risk_reduction
cv_20260827_evt_0006487,cv_20260827_req_0002467,cv_20260827_dev_0001639,3,allow,0.494131473455,0.284737559009,1,0.384310908465,0,0,1,high_risk_with_card_diversity
cv_20260827_evt_0006622,cv_20260827_req_0002528,cv_20260827_dev_0001657,1,allow,0.12367301675,0.00548001258357,0,0.00548001258357,0,0,0,
cv_20260827_evt_0006624,cv_20260827_req_0002529,cv_20260827_dev_0001657,2,allow,0.306287144642,0.0930102271251,0,0.0973938905213,0,0,0,stable_retry_risk_reduction
cv_20260827_evt_0006626,cv_20260827_req_0002530,cv_20260827_dev_0001657,3,allow,0.605206518877,0.474791810673,1,0.552700404704,0,0,0,stable_retry_risk_reduction
cv_20260827_evt_0006628,cv_20260827_req_0002531,cv_20260827_dev_0001657,4,allow,0.735157671091,0.474791810673,1,0.91692629096,0,0,0,stable_retry_risk_reduction
cv_20260827_evt_0002905,cv_20260827_req_0001058,cv_20260827_dev_0000821,1,allow,0.157006385431,0.0210023251282,0,0.0210023251282,0,0,0,
cv_20260827_evt_0000057,cv_20260827_req_0000021,cv_20260827_dev_0000018,1,allow,0.129514660876,0.00820512873941,0,0.00820512873941,0,0,0,
cv_20260827_evt_0003424,cv_20260827_req_0001247,cv_20260827_dev_0000965,1,allow,0.0996471930524,0.00548001258357,0,0.00548001258357,0,0,0,
cv_20260827_evt_0003606,cv_20260827_req_0001313,cv_20260827_dev_0001016,1,allow,0.243300967327,0.028783095908,0,0.028783095908,0,0,0,
cv_20260827_evt_0001173,cv_20260827_req_0000425,cv_20260827_dev_0000340,1,allow,0.249142746487,0.028783095908,0,0.028783095908,0,0,0,
cv_20260827_evt_0001082,cv_20260827_req_0000392,cv_20260827_dev_0000314,1,allow,0.237065575807,0.028783095908,0,0.028783095908,0,0,0,
cv_20260827_evt_0001918,cv_20260827_req_0000697,cv_20260827_dev_0000546,1,allow,0.248407424557,0.028783095908,0,0.028783095908,0,0,0,
cv_20260827_evt_0001920,cv_20260827_req_0000698,cv_20260827_dev_0000546,2,allow,0.526426803129,0.323943661972,0,0.346966892944,0,0,0,stable_retry_risk_reduction
cv_20260827_evt_0009032,cv_20260827_req_0003691,cv_20260827_dev_0001797,1,allow,0.240566455876,0.028783095908,0,0.028783095908,0,0,0,
cv_20260827_evt_0009034,cv_20260827_req_0003692,cv_20260827_dev_0001797,2,allow,0.32907203995,0.0930102271251,0,0.121793257058,0,0,0,
cv_20260827_evt_0009036,cv_20260827_req_0003693,cv_20260827_dev_0001797,3,allow,0.855296174309,0.855151534315,3,0.976944512205,1,1,2,high_risk_with_card_diversity|high_risk_with_card_switching
cv_20260827_evt_0009038,cv_20260827_req_0003694,cv_20260827_dev_0001797,4,review,0.966649340759,0.987077221928,5,1.96401725553,2,2,3,rule_corroborated_review|high_risk_with_card_diversity|high_risk_with_card_switching|persistent_high_model_risk
cv_20260827_evt_0009040,cv_20260827_req_0003695,cv_20260827_dev_0001797,5,review,0.989917442666,1,5,2.9640105028,3,3,3,rule_corroborated_review|high_risk_with_card_diversity|high_risk_with_card_switching|persistent_high_model_risk
cv_20260827_evt_0009042,cv_20260827_req_0003696,cv_20260827_dev_0001797,6,block,0.994309864828,1,5,3.96400370884,4,4,3,persistent_high_model_risk|high_risk_with_card_diversity|high_risk_with_card_switching
cv_20260827_evt_0009044,cv_20260827_req_0003697,cv_20260827_dev_0001797,7,block,0.993584176201,1,5,4.96398553667,5,5,4,persistent_high_model_risk|high_risk_with_card_diversity|high_risk_with_card_switching|high_risk_with_ip_rotation
cv_20260827_evt_0009046,cv_20260827_req_0003698,cv_20260827_dev_0001797,8,block,0.996653300252,1,5,5.96396278029,6,6,4,persistent_high_model_risk|high_risk_with_card_diversity|high_risk_with_card_switching|high_risk_with_ip_rotation
cv_20260827_evt_0009048,cv_20260827_req_0003699,cv_20260827_dev_0001797,9,block,0.997667152223,1,5,6.96395594514,7,7,4,persistent_high_model_risk|high_risk_with_card_diversity|high_risk_with_card_switching|high_risk_with_ip_rotation
cv_20260827_evt_0009050,cv_20260827_req_0003700,cv_20260827_dev_0001797,10,block,0.998057964999,1,5,7.96394796391,8,8,4,persistent_high_model_risk|high_risk_with_card_diversity|high_risk_with_card_switching|high_risk_with_ip_rotation
cv_20260827_evt_0009052,cv_20260827_req_0003701,cv_20260827_dev_0001797,11,block,0.997601423317,1,5,8.96392058208,9,9,4,persistent_high_model_risk|high_risk_with_card_diversity|high_risk_with_card_switching|high_risk_with_ip_rotation
cv_20260827_evt_0009054,cv_20260827_req_0003702,cv_20260827_dev_0001797,12,block,0.998888223024,1,5,9.96388976211,10,10,4,persistent_high_model_risk|high_risk_with_card_diversity|high_risk_with_card_switching|high_risk_with_ip_rotation
cv_20260827_evt_0002076,cv_20260827_req_0000755,cv_20260827_dev_0000591,3,allow,0.111037558086,0.00548001258357,0,0.150048731324,0,0,2,successful_checkout_risk_reduction|high_risk_with_card_diversity|cross_session_card_diversity
cv_20260827_evt_0005146,cv_20260827_req_0001946,cv_20260827_dev_0001306,1,allow,0.150857909036,0.0193933904297,0,0.0193933904297,0,0,0,
cv_20260827_evt_0001195,cv_20260827_req_0000433,cv_20260827_dev_0000347,1,allow,0.235086223823,0.028783095908,0,0.028783095908,0,0,0,
cv_20260827_evt_0000975,cv_20260827_req_0000354,cv_20260827_dev_0000283,1,allow,0.246594721724,0.028783095908,0,0.028783095908,0,0,0,
cv_20260827_evt_0000503,cv_20260827_req_0000184,cv_20260827_dev_0000146,3,allow,0.105208993,0.00548001258357,0,0.0102863887956,0,0,0,successful_checkout_risk_reduction
cv_20260827_evt_0003912,cv_20260827_req_0001427,cv_20260827_dev_0001104,1,allow,0.234045160412,0.028783095908,0,0.028783095908,0,0,0,
cv_20260827_evt_0001848,cv_20260827_req_0000671,cv_20260827_dev_0000526,1,allow,0.205644672558,0.0250286633218,0,0.0250286633218,0,0,0,
cv_20260827_evt_0000725,cv_20260827_req_0000264,cv_20260827_dev_0000210,1,allow,0.249763091988,0.028783095908,0,0.028783095908,0,0,0,
cv_20260827_evt_0002243,cv_20260827_req_0000816,cv_20260827_dev_0000638,2,allow,0.623833162396,0.474791810673,0,0.500862477144,0,0,1,high_risk_with_ip_rotation
cv_20260827_evt_0003087,cv_20260827_req_0001125,cv_20260827_dev_0000873,1,allow,0.262344906543,0.0930102271251,0,0.0930102271251,0,0,0,
cv_20260827_evt_0000696,cv_20260827_req_0000254,cv_20260827_dev_0000201,1,allow,0.213517060809,0.0259720802764,0,0.0259720802764,0,0,0,
cv_20260827_evt_0002403,cv_20260827_req_0000875,cv_20260827_dev_0000681,1,allow,0.22940008422,0.028783095908,0,0.028783095908,0,0,0,
cv_20260827_evt_0003488,cv_20260827_req_0001271,cv_20260827_dev_0000983,1,allow,0.239471005453,0.028783095908,0,0.028783095908,0,0,0,
cv_20260827_evt_0005872,cv_20260827_req_0002214,cv_20260827_dev_0001518,1,allow,0.124995863336,0.00548001258357,0,0.00548001258357,0,0,0,
cv_20260827_evt_0003059,cv_20260827_req_0001115,cv_20260827_dev_0000865,1,allow,0.138512162331,0.0116357732377,0,0.0116357732377,0,0,0,
cv_20260827_evt_0000492,cv_20260827_req_0000180,cv_20260827_dev_0000144,1,allow,0.139652771773,0.0116357732377,0,0.0116357732377,0,0,0,
cv_20260827_evt_0004867,cv_20260827_req_0001823,cv_20260827_dev_0001271,4,allow,0.203143179556,0.0250286633218,0,0.347213984893,0,0,2,successful_checkout_risk_reduction|high_risk_with_card_diversity|cross_session_card_diversity
cv_20260827_evt_0004869,cv_20260827_req_0001824,cv_20260827_dev_0001271,5,allow,0.268273200278,0.0930102271251,0,0.440192776667,0,0,2,high_risk_with_card_diversity|cross_session_card_diversity
cv_20260827_evt_0004871,cv_20260827_req_0001825,cv_20260827_dev_0001271,6,allow,0.603223544779,0.474791810673,3,0.914936158515,0,0,3,high_risk_with_card_diversity|high_risk_with_card_switching|cross_session_card_diversity
cv_20260827_evt_0002956,cv_20260827_req_0001077,cv_20260827_dev_0000836,1,allow,0.244331829783,0.028783095908,0,0.028783095908,0,0,0,
cv_20260827_evt_0004002,cv_20260827_req_0001459,cv_20260827_dev_0001130,1,allow,0.111567453189,0.00548001258357,0,0.00548001258357,0,0,0,
cv_20260827_evt_0003277,cv_20260827_req_0001194,cv_20260827_dev_0000924,1,allow,0.21893889832,0.0259720802764,0,0.0259720802764,0,0,0,
cv_20260827_evt_0002971,cv_20260827_req_0001083,cv_20260827_dev_0000841,1,allow,0.196416126738,0.0250286633218,0,0.0250286633218,0,0,0,
cv_20260827_evt_0003496,cv_20260827_req_0001274,cv_20260827_dev_0000986,1,allow,0.224387357159,0.0259720802764,0,0.0259720802764,0,0,0,
cv_20260827_evt_0005329,cv_20260827_req_0002013,cv_20260827_dev_0001357,1,allow,0.112708892292,0.00548001258357,0,0.00548001258357,0,0,0,
cv_20260827_evt_0000102,cv_20260827_req_0000037,cv_20260827_dev_0000033,1,allow,0.212388890427,0.0259720802764,0,0.0259720802764,0,0,0,
cv_20260827_evt_0000104,cv_20260827_req_0000038,cv_20260827_dev_0000033,2,allow,0.388239135981,0.0930102271251,0,0.118980372684,0,0,1,high_risk_with_card_diversity
cv_20260827_evt_0005626,cv_20260827_req_0002121,cv_20260827_dev_0001446,1,allow,0.09461214478,0.00548001258357,0,0.00548001258357,0,0,0,
cv_20260827_evt_0005628,cv_20260827_req_0002122,cv_20260827_dev_0001446,2,allow,0.281103485275,0.0930102271251,0,0.0984893416687,0,0,1,high_risk_with_card_diversity
cv_20260827_evt_0001215,cv_20260827_req_0000440,cv_20260827_dev_0000352,1,allow,0.255353046543,0.0690182853703,0,0.0690182853703,0,0,0,
cv_20260827_evt_0005581,cv_20260827_req_0002105,cv_20260827_dev_0001430,1,allow,0.0270774101804,0,0,0,0,0,0,
cv_20260827_evt_0002395,cv_20260827_req_0000872,cv_20260827_dev_0000678,1,allow,0.130972426626,0.00820512873941,0,0.00820512873941,0,0,0,
cv_20260827_evt_0000961,cv_20260827_req_0000349,cv_20260827_dev_0000279,1,allow,0.228486179588,0.028783095908,0,0.028783095908,0,0,0,
cv_20260827_evt_0010162,cv_20260827_req_0004242,cv_20260827_dev_0001855,1,allow,0.14426850349,0.0116357732377,0,0.0116357732377,0,0,0,
cv_20260827_evt_0010164,cv_20260827_req_0004243,cv_20260827_dev_0001855,2,allow,0.459399181817,0.0930102271251,0,0.10464489357,0,0,1,high_risk_with_card_diversity
cv_20260827_evt_0010166,cv_20260827_req_0004244,cv_20260827_dev_0001855,3,allow,0.824463657039,0.627563763201,0,0.732187191311,1,1,1,high_risk_with_card_diversity
cv_20260827_evt_0010168,cv_20260827_req_0004245,cv_20260827_dev_0001855,4,allow,0.822567008959,0.627563763201,0,1.35962173794,2,2,2,high_risk_with_card_diversity|persistent_high_model_risk
cv_20260827_evt_0010170,cv_20260827_req_0004246,cv_20260827_dev_0001855,5,review,0.944930989794,0.968667664035,2,2.32822239971,3,3,3,persistent_high_model_risk|high_risk_with_card_diversity|high_risk_with_card_switching
cv_20260827_evt_0010172,cv_20260827_req_0004247,cv_20260827_dev_0001855,6,block,0.979126578982,1,2,3.32787821169,4,4,4,persistent_high_model_risk|high_risk_with_card_diversity|high_risk_with_card_switching|high_risk_with_ip_rotation
cv_20260827_evt_0010174,cv_20260827_req_0004248,cv_20260827_dev_0001855,7,block,0.983599542318,1,2,4.32760742845,5,5,4,persistent_high_model_risk|high_risk_with_card_diversity|high_risk_with_card_switching|high_risk_with_ip_rotation
cv_20260827_evt_0004769,cv_20260827_req_0001780,cv_20260827_dev_0001261,1,allow,0.222035372059,0.0259720802764,0,0.0259720802764,0,0,0,
cv_20260827_evt_0004771,cv_20260827_req_0001781,cv_20260827_dev_0001261,2,allow,0.495548627849,0.284737559009,0,0.305515175604,0,0,0,stable_retry_risk_reduction
cv_20260827_evt_0004773,cv_20260827_req_0001782,cv_20260827_dev_0001261,3,allow,0.78482459709,0.474791810673,1,0.78030418514,0,0,0,
cv_20260827_evt_0000312,cv_20260827_req_0000114,cv_20260827_dev_0000089,1,allow,0.178814638005,0.0250286633218,0,0.0250286633218,0,0,0,
cv_20260827_evt_0000989,cv_20260827_req_0000359,cv_20260827_dev_0000288,1,allow,0.120747671125,0.00548001258357,0,0.00548001258357,0,0,0,
cv_20260827_evt_0002465,cv_20260827_req_0000898,cv_20260827_dev_0000698,1,allow,0.23460247443,0.028783095908,0,0.028783095908,0,0,0,
cv_20260827_evt_0003030,cv_20260827_req_0001104,cv_20260827_dev_0000855,1,allow,0.247018172559,0.028783095908,0,0.028783095908,0,0,0,
cv_20260827_evt_0003903,cv_20260827_req_0001424,cv_20260827_dev_0001101,1,allow,0.215716083896,0.0259720802764,0,0.0259720802764,0,0,0,
cv_20260827_evt_0000541,cv_20260827_req_0000197,cv_20260827_dev_0000158,1,allow,0.15248323113,0.0193933904297,0,0.0193933904297,0,0,0,
cv_20260827_evt_0005392,cv_20260827_req_0002035,cv_20260827_dev_0001374,1,allow,0.142412230914,0.0116357732377,0,0.0116357732377,0,0,0,
cv_20260827_evt_0005481,cv_20260827_req_0002068,cv_20260827_dev_0001397,1,allow,0.154609465599,0.0193933904297,0,0.0193933904297,0,0,0,
cv_20260827_evt_0011528,cv_20260827_req_0004904,cv_20260827_dev_0001935,6,review,0.91333092348,0.920638394369,2,2.82215472632,3,2,4,persistent_high_model_risk|high_risk_with_card_diversity|cross_session_card_diversity|high_risk_with_ip_rotation
cv_20260827_evt_0011530,cv_20260827_req_0004905,cv_20260827_dev_0001935,7,block,0.978984466064,1,2,3.2551945997,4,3,3,stable_retry_risk_reduction|persistent_high_model_risk|high_risk_with_card_diversity|cross_session_card_diversity
cv_20260827_evt_0011672,cv_20260827_req_0004975,cv_20260827_dev_0001946,3,allow,0.766981476383,0.474791810673,0,0.849139015635,0,0,3,high_risk_with_card_diversity|cross_session_card_diversity|high_risk_with_ip_rotation
cv_20260827_evt_0012162,cv_20260827_req_0005212,cv_20260827_dev_0001982,4,allow,0.751976247782,0.474791810673,0,1.55396835958,1,0,1,high_risk_with_ip_rotation
cv_20260827_evt_0011674,cv_20260827_req_0004976,cv_20260827_dev_0001946,4,allow,0.880183660477,0.920638394369,0,1.76939309152,1,1,2,high_risk_with_card_diversity|cross_session_card_diversity
cv_20260827_evt_0001431,cv_20260827_req_0000520,cv_20260827_dev_0000413,1,allow,0.250151330791,0.028783095908,0,0.028783095908,0,0,0,
cv_20260827_evt_0002748,cv_20260827_req_0001002,cv_20260827_dev_0000774,1,allow,0.22921709811,0.028783095908,0,0.028783095908,0,0,0,
cv_20260827_evt_0002750,cv_20260827_req_0001003,cv_20260827_dev_0000774,2,allow,0.455933839733,0.0930102271251,0,0.121791277872,0,0,1,high_risk_with_card_diversity
cv_20260827_evt_0012164,cv_20260827_req_0005213,cv_20260827_dev_0001982,5,allow,0.937610216929,0.968667664035,1,2.52110514663,2,1,3,high_risk_with_card_diversity|cross_session_card_diversity|persistent_high_model_risk
cv_20260827_evt_0012270,cv_20260827_req_0005264,cv_20260827_dev_0001988,7,block,0.818061819182,0.627563763201,2,3.40725436667,5,5,4,persistent_high_model_risk|high_risk_with_card_diversity|cross_session_card_diversity|high_risk_with_ip_rotation
cv_20260827_evt_0000266,cv_20260827_req_0000097,cv_20260827_dev_0000077,1,allow,0.217226405717,0.0259720802764,0,0.0259720802764,0,0,0,
cv_20260827_evt_0012272,cv_20260827_req_0005265,cv_20260827_dev_0001988,8,block,0.911069723296,0.920638394369,2,4.32602279144,6,6,4,persistent_high_model_risk|high_risk_with_card_diversity|cross_session_card_diversity|high_risk_with_ip_rotation
cv_20260827_evt_0012274,cv_20260827_req_0005266,cv_20260827_dev_0001988,9,block,0.968688887439,0.987077221928,2,5.30738231647,7,7,4,persistent_high_model_risk|high_risk_with_card_diversity|cross_session_card_diversity|high_risk_with_ip_rotation
cv_20260827_evt_0011933,cv_20260827_req_0005101,cv_20260827_dev_0001966,5,review,0.871034890936,0.920638394369,3,2.25761326165,3,2,4,persistent_high_model_risk|high_risk_with_card_diversity|cross_session_card_diversity|high_risk_with_ip_rotation
cv_20260827_evt_0011935,cv_20260827_req_0005102,cv_20260827_dev_0001966,6,review,0.954372026836,0.978665935245,2,3.23427485377,4,3,3,persistent_high_model_risk|high_risk_with_card_diversity|cross_session_card_diversity
cv_20260827_evt_0005334,cv_20260827_req_0002015,cv_20260827_dev_0001359,1,allow,0.107276871492,0.00548001258357,0,0.00548001258357,0,0,0,
cv_20260827_evt_0012411,cv_20260827_req_0005332,cv_20260827_dev_0001998,6,review,0.912449739447,0.920638394369,2,2.53254721521,3,2,4,persistent_high_model_risk|high_risk_with_card_diversity|cross_session_card_diversity|high_risk_with_ip_rotation
cv_20260827_evt_0002550,cv_20260827_req_0000929,cv_20260827_dev_0000722,1,allow,0.250851173424,0.028783095908,0,0.028783095908,0,0,0,
cv_20260827_evt_0012413,cv_20260827_req_0005333,cv_20260827_dev_0001998,7,block,0.945116969159,0.968667664035,2,3.4990041448,4,3,3,persistent_high_model_risk|high_risk_with_card_diversity|cross_session_card_diversity
cv_20260827_evt_0010432,cv_20260827_req_0004372,cv_20260827_dev_0001871,1,allow,0.218956765265,0.0259720802764,0,0.0259720802764,0,0,0,
cv_20260827_evt_0010434,cv_20260827_req_0004373,cv_20260827_dev_0001871,2,allow,0.45697013706,0.0930102271251,0,0.118981146554,0,0,0,
cv_20260827_evt_0010436,cv_20260827_req_0004374,cv_20260827_dev_0001871,3,allow,0.800483738207,0.559667304185,0,0.678625271539,1,1,0,
cv_20260827_evt_0010438,cv_20260827_req_0004375,cv_20260827_dev_0001871,4,allow,0.764899507141,0.474791810673,1,1.15328643168,1,0,0,
cv_20260827_evt_0010440,cv_20260827_req_0004376,cv_20260827_dev_0001871,5,allow,0.912531303692,0.920638394369,1,2.07370807865,2,1,1,high_risk_with_card_diversity
cv_20260827_evt_0010442,cv_20260827_req_0004377,cv_20260827_dev_0001871,6,review,0.962488173617,0.987077221928,1,3.06040507488,3,2,4,persistent_high_model_risk|high_risk_with_card_diversity|high_risk_with_card_switching|high_risk_with_ip_rotation
cv_20260827_evt_0010444,cv_20260827_req_0004378,cv_20260827_dev_0001871,7,review,0.978837783186,1,2,4.05978431762,4,3,4,persistent_high_model_risk|high_risk_with_card_diversity|high_risk_with_card_switching|high_risk_with_ip_rotation
cv_20260827_evt_0010446,cv_20260827_req_0004379,cv_20260827_dev_0001871,8,block,0.99553298074,1,2,5.05967730407,5,4,4,persistent_high_model_risk|high_risk_with_card_diversity|high_risk_with_card_switching|high_risk_with_ip_rotation
cv_20260827_evt_0006102,cv_20260827_req_0002300,cv_20260827_dev_0001583,1,allow,0.160742142203,0.0250286633218,0,0.0250286633218,0,0,0,
cv_20260827_evt_0002559,cv_20260827_req_0000932,cv_20260827_dev_0000725,1,allow,0.23669123563,0.028783095908,0,0.028783095908,0,0,0,
cv_20260827_evt_0003793,cv_20260827_req_0001382,cv_20260827_dev_0001071,2,allow,0.289631749599,0.0930102271251,0,0.107349274453,0,0,0,successful_checkout_risk_reduction
cv_20260827_evt_0006077,cv_20260827_req_0002291,cv_20260827_dev_0001575,2,allow,0.232581626502,0.028783095908,0,0.0393218427684,0,0,0,
cv_20260827_evt_0006184,cv_20260827_req_0002332,cv_20260827_dev_0001604,4,allow,0.537466600826,0.474791810673,1,0.569362178598,0,0,2,high_risk_with_card_diversity|cross_session_card_diversity
cv_20260827_evt_0006186,cv_20260827_req_0002333,cv_20260827_dev_0001604,5,allow,0.843019854803,0.756035578145,1,1.2114746873,1,1,2,stable_retry_risk_reduction|high_risk_with_card_diversity|cross_session_card_diversity
cv_20260827_evt_0002730,cv_20260827_req_0000996,cv_20260827_dev_0000769,1,allow,0.15245647111,0.0193933904297,0,0.0193933904297,0,0,0,
cv_20260827_evt_0006188,cv_20260827_req_0002334,cv_20260827_dev_0001604,6,allow,0.903701768326,0.920638394369,1,1.88979592938,2,2,3,stable_retry_risk_reduction|high_risk_with_card_diversity|cross_session_card_diversity|persistent_high_model_risk
cv_20260827_evt_0001890,cv_20260827_req_0000687,cv_20260827_dev_0000538,1,allow,0.210920528877,0.0259720802764,0,0.0259720802764,0,0,0,
cv_20260827_evt_0000001,cv_20260827_req_0000001,cv_20260827_dev_0000001,1,allow,0.212025543513,0.0259720802764,0,0.0259720802764,0,0,0,
cv_20260827_evt_0000736,cv_20260827_req_0000268,cv_20260827_dev_0000213,1,allow,0.247557816212,0.028783095908,0,0.028783095908,0,0,0,
cv_20260827_evt_0002318,cv_20260827_req_0000843,cv_20260827_dev_0000658,1,allow,0.235309725676,0.028783095908,0,0.028783095908,0,0,0,
cv_20260827_evt_0011996,cv_20260827_req_0005131,cv_20260827_dev_0001971,1,allow,0.208074090331,0.0250286633218,0,0.0250286633218,0,0,0,
cv_20260827_evt_0000181,cv_20260827_req_0000066,cv_20260827_dev_0000056,1,allow,0.213204251445,0.0259720802764,0,0.0259720802764,0,0,0,
cv_20260827_evt_0001155,cv_20260827_req_0000419,cv_20260827_dev_0000336,1,allow,0.249181487903,0.028783095908,0,0.028783095908,0,0,0,
cv_20260827_evt_0011998,cv_20260827_req_0005132,cv_20260827_dev_0001971,2,allow,0.661305551332,0.474791810673,0,0.499798826362,0,0,0,
cv_20260827_evt_0001003,cv_20260827_req_0000364,cv_20260827_dev_0000292,1,allow,0.225361949438,0.028783095908,0,0.028783095908,0,0,0,
cv_20260827_evt_0002510,cv_20260827_req_0000914,cv_20260827_dev_0000712,1,allow,0.226520903472,0.028783095908,0,0.028783095908,0,0,0,
cv_20260827_evt_0000424,cv_20260827_req_0000155,cv_20260827_dev_0000123,2,allow,0.0814317298148,0.00548001258357,0,0.017242219964,0,0,3,successful_checkout_risk_reduction|high_risk_with_card_diversity|cross_session_card_diversity|high_risk_with_ip_rotation
cv_20260827_evt_0000178,cv_20260827_req_0000065,cv_20260827_dev_0000055,1,allow,0.205610846367,0.0250286633218,0,0.0250286633218,0,0,0,
cv_20260827_evt_0010671,cv_20260827_req_0004489,cv_20260827_dev_0001886,1,allow,0.236317303465,0.028783095908,0,0.028783095908,0,0,0,
cv_20260827_evt_0010673,cv_20260827_req_0004490,cv_20260827_dev_0001886,2,allow,0.355008168262,0.0930102271251,0,0.121789364789,0,0,1,high_risk_with_card_diversity
cv_20260827_evt_0010675,cv_20260827_req_0004491,cv_20260827_dev_0001886,3,allow,0.732208385764,0.474791810673,0,0.596577686013,0,0,1,high_risk_with_card_diversity
cv_20260827_evt_0010677,cv_20260827_req_0004492,cv_20260827_dev_0001886,4,allow,0.841857427437,0.756035578145,0,1.35253327384,1,1,1,high_risk_with_card_diversity
cv_20260827_evt_0010679,cv_20260827_req_0004493,cv_20260827_dev_0001886,5,allow,0.940564362753,0.968667664035,0,2.32101958753,2,2,3,high_risk_with_card_diversity|high_risk_with_ip_rotation|persistent_high_model_risk
cv_20260827_evt_0010681,cv_20260827_req_0004494,cv_20260827_dev_0001886,6,review,0.936608444314,0.968667664035,0,3.28921380803,3,3,3,persistent_high_model_risk|high_risk_with_card_diversity|high_risk_with_ip_rotation
cv_20260827_evt_0010683,cv_20260827_req_0004495,cv_20260827_dev_0001886,7,block,0.981839520962,1,1,4.2889838649,4,4,3,persistent_high_model_risk|high_risk_with_card_diversity|high_risk_with_ip_rotation
cv_20260827_evt_0010685,cv_20260827_req_0004496,cv_20260827_dev_0001886,8,block,0.985071280466,1,0,5.28885114834,5,5,3,persistent_high_model_risk|high_risk_with_card_diversity|high_risk_with_ip_rotation
cv_20260827_evt_0010687,cv_20260827_req_0004497,cv_20260827_dev_0001886,9,block,0.988798912179,1,1,6.28791171029,6,6,3,persistent_high_model_risk|high_risk_with_card_diversity|high_risk_with_ip_rotation
cv_20260827_evt_0000012,cv_20260827_req_0000005,cv_20260827_dev_0000004,2,allow,0.493959634494,0.284737559009,0,0.292170177442,0,0,0,
cv_20260827_evt_0004908,cv_20260827_req_0001841,cv_20260827_dev_0001275,1,allow,0.236167844873,0.028783095908,0,0.028783095908,0,0,0,
cv_20260827_evt_0004910,cv_20260827_req_0001842,cv_20260827_dev_0001275,2,allow,0.467515818759,0.0930102271251,0,0.121791211902,0,0,1,high_risk_with_card_diversity
cv_20260827_evt_0004912,cv_20260827_req_0001843,cv_20260827_dev_0001275,3,allow,0.90060036774,0.920638394369,3,1.04242067335,1,1,2,high_risk_with_card_diversity|high_risk_with_card_switching
cv_20260827_evt_0004014,cv_20260827_req_0001463,cv_20260827_dev_0001133,1,allow,0.225181243178,0.028783095908,0,0.028783095908,0,0,0,
cv_20260827_evt_0002820,cv_20260827_req_0001028,cv_20260827_dev_0000795,1,allow,0.226883939756,0.028783095908,0,0.028783095908,0,0,0,
cv_20260827_evt_0002822,cv_20260827_req_0001029,cv_20260827_dev_0000795,2,allow,0.442548772492,0.0930102271251,0,0.121788606188,0,0,1,high_risk_with_card_diversity
cv_20260827_evt_0003900,cv_20260827_req_0001423,cv_20260827_dev_0001100,1,allow,0.256733671334,0.0690182853703,0,0.0690182853703,0,0,0,
cv_20260827_evt_0006309,cv_20260827_req_0002387,cv_20260827_dev_0001618,1,allow,0.155287352218,0.0193933904297,0,0.0193933904297,0,0,0,
cv_20260827_evt_0006311,cv_20260827_req_0002388,cv_20260827_dev_0001618,2,allow,0.354014985921,0.0930102271251,0,0.112402772973,0,0,0,
cv_20260827_evt_0006313,cv_20260827_req_0002389,cv_20260827_dev_0001618,3,allow,0.669652472992,0.474791810673,1,0.587190332594,0,0,0,
cv_20260827_evt_0001925,cv_20260827_req_0000700,cv_20260827_dev_0000548,1,allow,0.205002680113,0.0250286633218,0,0.0250286633218,0,0,0,
cv_20260827_evt_0000165,cv_20260827_req_0000060,cv_20260827_dev_0000051,1,allow,0.252684671181,0.0690182853703,0,0.0690182853703,0,0,0,
cv_20260827_evt_0000986,cv_20260827_req_0000358,cv_20260827_dev_0000287,1,allow,0.251474348088,0.028783095908,0,0.028783095908,0,0,0,
cv_20260827_evt_0003798,cv_20260827_req_0001384,cv_20260827_dev_0001073,1,allow,0.177556039842,0.0250286633218,0,0.0250286633218,0,0,0,
cv_20260827_evt_0003800,cv_20260827_req_0001385,cv_20260827_dev_0001073,2,allow,0.428662528565,0.0930102271251,0,0.1130295553,0,0,0,stable_retry_risk_reduction
cv_20260827_evt_0003609,cv_20260827_req_0001314,cv_20260827_dev_0001016,2,allow,0.111830558342,0.00548001258357,0,0.0198194050225,0,0,0,successful_checkout_risk_reduction
cv_20260827_evt_0005758,cv_20260827_req_0002171,cv_20260827_dev_0001483,1,allow,0.144115177555,0.0116357732377,0,0.0116357732377,0,0,0,
cv_20260827_evt_0001198,cv_20260827_req_0000434,cv_20260827_dev_0000347,2,allow,0.0505585066188,0,0,0.014337321899,0,0,1,successful_checkout_risk_reduction|high_risk_with_ip_rotation
cv_20260827_evt_0003660,cv_20260827_req_0001333,cv_20260827_dev_0001031,1,allow,0.256773189471,0.0690182853703,0,0.0690182853703,0,0,0,
cv_20260827_evt_0003721,cv_20260827_req_0001356,cv_20260827_dev_0001050,1,allow,0.234565291546,0.028783095908,0,0.028783095908,0,0,0,
cv_20260827_evt_0010989,cv_20260827_req_0004642,cv_20260827_dev_0001903,1,allow,0.136010866747,0.00820512873941,0,0.00820512873941,0,0,0,
cv_20260827_evt_0010991,cv_20260827_req_0004643,cv_20260827_dev_0001903,2,allow,0.49077013669,0.284737559009,0,0.29294191668,0,0,0,
cv_20260827_evt_0010993,cv_20260827_req_0004644,cv_20260827_dev_0001903,3,allow,0.796601646938,0.559667304185,1,0.793980015843,1,1,0,stable_retry_risk_reduction
cv_20260827_evt_0010995,cv_20260827_req_0004645,cv_20260827_dev_0001903,4,allow,0.787639157551,0.488843813387,1,1.28267460949,1,0,1,high_risk_with_card_diversity
cv_20260827_evt_0010997,cv_20260827_req_0004646,cv_20260827_dev_0001903,5,allow,0.888461778876,0.920638394369,2,2.20321010494,2,1,2,high_risk_with_card_diversity|high_risk_with_card_switching
cv_20260827_evt_0010999,cv_20260827_req_0004647,cv_20260827_dev_0001903,6,review,0.967397594733,0.987077221928,3,3.18984043875,3,2,4,persistent_high_model_risk|high_risk_with_card_diversity|high_risk_with_card_switching|high_risk_with_ip_rotation
cv_20260827_evt_0011001,cv_20260827_req_0004648,cv_20260827_dev_0001903,7,review,0.981816717036,1,2,4.18961378709,4,3,4,persistent_high_model_risk|high_risk_with_card_diversity|high_risk_with_card_switching|high_risk_with_ip_rotation
cv_20260827_evt_0011003,cv_20260827_req_0004649,cv_20260827_dev_0001903,8,block,0.986037198877,1,2,5.18900882682,5,4,4,persistent_high_model_risk|high_risk_with_card_diversity|high_risk_with_card_switching|high_risk_with_ip_rotation
cv_20260827_evt_0011005,cv_20260827_req_0004650,cv_20260827_dev_0001903,9,block,0.993984925304,1,2,6.18808712337,6,5,4,persistent_high_model_risk|high_risk_with_card_diversity|high_risk_with_card_switching|high_risk_with_ip_rotation
cv_20260827_evt_0011276,cv_20260827_req_0004782,cv_20260827_dev_0001920,1,allow,0.252723777985,0.0690182853703,0,0.0690182853703,0,0,0,
cv_20260827_evt_0011278,cv_20260827_req_0004783,cv_20260827_dev_0001920,2,allow,0.679003624035,0.474791810673,0,0.543750401187,0,0,0,
cv_20260827_evt_0000728,cv_20260827_req_0000265,cv_20260827_dev_0000210,2,allow,0.168722095608,0.0250286633218,0,0.0364995330765,0,0,1,successful_checkout_risk_reduction|stable_retry_risk_reduction|high_risk_with_ip_rotation
cv_20260827_evt_0005171,cv_20260827_req_0001955,cv_20260827_dev_0001313,1,allow,0.145989868518,0.0193933904297,0,0.0193933904297,0,0,0,
cv_20260827_evt_0011280,cv_20260827_req_0004784,cv_20260827_dev_0001920,3,allow,0.97433548192,1,0,1.54303919554,1,1,0,
cv_20260827_evt_0002221,cv_20260827_req_0000807,cv_20260827_dev_0000630,3,allow,0.128288128657,0.00820512873941,0,0.146317042811,0,0,0,successful_checkout_risk_reduction
cv_20260827_evt_0001462,cv_20260827_req_0000531,cv_20260827_dev_0000420,1,allow,0.200616810888,0.0250286633218,0,0.0250286633218,0,0,0,
cv_20260827_evt_0001775,cv_20260827_req_0000644,cv_20260827_dev_0000507,1,allow,0.123061004522,0.00548001258357,0,0.00548001258357,0,0,0,
cv_20260827_evt_0001777,cv_20260827_req_0000645,cv_20260827_dev_0000507,2,allow,0.462943963609,0.0930102271251,0,0.0973933529847,0,0,0,stable_retry_risk_reduction
cv_20260827_evt_0011231,cv_20260827_req_0004761,cv_20260827_dev_0001916,4,allow,0.751968716209,0.474791810673,0,1.58215081792,1,0,3,high_risk_with_card_diversity|cross_session_card_diversity|high_risk_with_ip_rotation
cv_20260827_evt_0003878,cv_20260827_req_0001414,cv_20260827_dev_0001093,1,allow,0.151149943285,0.0193933904297,0,0.0193933904297,0,0,0,
cv_20260827_evt_0011233,cv_20260827_req_0004762,cv_20260827_dev_0001916,5,allow,0.934712946716,0.968667664035,1,2.5496910323,2,1,3,high_risk_with_card_diversity|cross_session_card_diversity|persistent_high_model_risk
cv_20260827_evt_0005286,cv_20260827_req_0001997,cv_20260827_dev_0001345,1,allow,0.146636517737,0.0193933904297,0,0.0193933904297,0,0,0,
cv_20260827_evt_0012071,cv_20260827_req_0005168,cv_20260827_dev_0001976,3,allow,0.779161738285,0.474791810673,0,0.845065014179,0,0,3,high_risk_with_card_diversity|cross_session_card_diversity|high_risk_with_ip_rotation
cv_20260827_evt_0012073,cv_20260827_req_0005169,cv_20260827_dev_0001976,4,allow,0.872624004132,0.920638394369,1,1.76543226945,1,1,1,high_risk_with_card_diversity
cv_20260827_evt_0011959,cv_20260827_req_0005113,cv_20260827_dev_0001968,4,allow,0.83811495199,0.690081906596,0,1.78704424678,2,2,3,high_risk_with_card_diversity|cross_session_card_diversity|persistent_high_model_risk
cv_20260827_evt_0003709,cv_20260827_req_0001351,cv_20260827_dev_0001045,1,allow,0.226811299626,0.028783095908,0,0.028783095908,0,0,0,
cv_20260827_evt_0006275,cv_20260827_req_0002372,cv_20260827_dev_0001614,4,allow,0.291726384952,0.0930102271251,0,0.234672910257,0,0,0,
cv_20260827_evt_0006277,cv_20260827_req_0002373,cv_20260827_dev_0001614,5,allow,0.635724318718,0.474791810673,0,0.709443205664,0,0,2,high_risk_with_card_diversity|cross_session_card_diversity
cv_20260827_evt_0011961,cv_20260827_req_0005114,cv_20260827_dev_0001968,5,review,0.95980492588,0.978665935245,0,2.7641215709,3,3,3,persistent_high_model_risk|high_risk_with_card_diversity|cross_session_card_diversity
cv_20260827_evt_0006279,cv_20260827_req_0002374,cv_20260827_dev_0001614,6,allow,0.820735150059,0.627563763201,2,1.33693298278,1,1,3,high_risk_with_card_diversity|high_risk_with_card_switching|cross_session_card_diversity
cv_20260827_evt_0004163,cv_20260827_req_0001519,cv_20260827_dev_0001177,1,allow,0.255431807821,0.0690182853703,0,0.0690182853703,0,0,0,
cv_20260827_evt_0000535,cv_20260827_req_0000195,cv_20260827_dev_0000156,1,allow,0.173109897534,0.0250286633218,0,0.0250286633218,0,0,0,
cv_20260827_evt_0002969,cv_20260827_req_0001082,cv_20260827_dev_0000840,1,allow,0.175015253861,0.0250286633218,0,0.0250286633218,0,0,0,
cv_20260827_evt_0003809,cv_20260827_req_0001388,cv_20260827_dev_0001075,2,allow,0.0773692793385,0.00548001258357,0,0.0184666912464,0,0,1,successful_checkout_risk_reduction|high_risk_with_ip_rotation
cv_20260827_evt_0003811,cv_20260827_req_0001389,cv_20260827_dev_0001075,3,allow,0.180333180425,0.0250286633218,0,0.0434941482457,0,0,0,
cv_20260827_evt_0009924,cv_20260827_req_0004127,cv_20260827_dev_0001842,1,allow,0.218744352649,0.0259720802764,0,0.0259720802764,0,0,0,
cv_20260827_evt_0009926,cv_20260827_req_0004128,cv_20260827_dev_0001842,2,allow,0.517016256496,0.304785409055,0,0.330756388013,0,0,0,
cv_20260827_evt_0009928,cv_20260827_req_0004129,cv_20260827_dev_0001842,3,allow,0.77637111127,0.474791810673,0,0.805515600085,0,0,0,
cv_20260827_evt_0009930,cv_20260827_req_0004130,cv_20260827_dev_0001842,4,allow,0.799635005265,0.559667304185,0,1.36510259138,1,1,1,high_risk_with_card_diversity
cv_20260827_evt_0009932,cv_20260827_req_0004131,cv_20260827_dev_0001842,5,allow,0.924017805814,0.920638394369,0,2.28554543573,2,2,2,high_risk_with_card_diversity|high_risk_with_ip_rotation
cv_20260827_evt_0009934,cv_20260827_req_0004132,cv_20260827_dev_0001842,6,review,0.949205525272,0.978665935245,1,3.26409611982,3,3,3,persistent_high_model_risk|high_risk_with_card_diversity|high_risk_with_ip_rotation
cv_20260827_evt_0009936,cv_20260827_req_0004133,cv_20260827_dev_0001842,7,review,0.976126049168,1,2,4.26381556405,4,4,3,persistent_high_model_risk|high_risk_with_card_diversity|high_risk_with_ip_rotation
cv_20260827_evt_0009938,cv_20260827_req_0004134,cv_20260827_dev_0001842,8,block,0.988657392917,1,3,5.26305331329,5,5,4,persistent_high_model_risk|high_risk_with_card_diversity|high_risk_with_card_switching|high_risk_with_ip_rotation
cv_20260827_evt_0006213,cv_20260827_req_0002345,cv_20260827_dev_0001608,1,allow,0.101820489402,0.00548001258357,0,0.00548001258357,0,0,0,
cv_20260827_evt_0006215,cv_20260827_req_0002346,cv_20260827_dev_0001608,2,allow,0.268347166744,0.0930102271251,0,0.097393955834,0,0,0,stable_retry_risk_reduction
cv_20260827_evt_0000118,cv_20260827_req_0000043,cv_20260827_dev_0000037,1,allow,0.217896186351,0.0259720802764,0,0.0259720802764,0,0,0,
cv_20260827_evt_0006217,cv_20260827_req_0002347,cv_20260827_dev_0001608,3,allow,0.38326848921,0.0930102271251,1,0.170916819776,0,0,0,stable_retry_risk_reduction
cv_20260827_evt_0008884,cv_20260827_req_0003618,cv_20260827_dev_0001790,1,allow,0.257010381889,0.0831159150205,0,0.0831159150205,0,0,0,
cv_20260827_evt_0008886,cv_20260827_req_0003619,cv_20260827_dev_0001790,2,allow,0.548003409475,0.474791810673,0,0.541284390278,0,0,0,stable_retry_risk_reduction
cv_20260827_evt_0008888,cv_20260827_req_0003620,cv_20260827_dev_0001790,3,allow,0.824604628261,0.627563763201,1,1.06058978658,1,1,0,stable_retry_risk_reduction
cv_20260827_evt_0008890,cv_20260827_req_0003621,cv_20260827_dev_0001790,4,allow,0.899787186046,0.920638394369,2,1.76910827881,2,2,1,stable_retry_risk_reduction|persistent_high_model_risk
cv_20260827_evt_0008892,cv_20260827_req_0003622,cv_20260827_dev_0001790,5,review,0.938025159746,0.968667664035,2,2.73776986025,3,3,2,persistent_high_model_risk|high_risk_with_ip_rotation
cv_20260827_evt_0008894,cv_20260827_req_0003623,cv_20260827_dev_0001790,6,block,0.952547855473,0.978665935245,3,3.71642638243,4,4,3,persistent_high_model_risk|high_risk_with_card_diversity|high_risk_with_ip_rotation
cv_20260827_evt_0008896,cv_20260827_req_0003624,cv_20260827_dev_0001790,7,block,0.966398556119,0.987077221928,3,4.70349508575,5,5,3,persistent_high_model_risk|high_risk_with_card_diversity|high_risk_with_ip_rotation
cv_20260827_evt_0011414,cv_20260827_req_0004849,cv_20260827_dev_0001928,1,allow,0.253624339485,0.0690182853703,0,0.0690182853703,0,0,0,
cv_20260827_evt_0011416,cv_20260827_req_0004850,cv_20260827_dev_0001928,2,allow,0.570448565025,0.474791810673,0,0.543793170666,0,0,1,high_risk_with_card_diversity
cv_20260827_evt_0011418,cv_20260827_req_0004851,cv_20260827_dev_0001928,3,allow,0.963374687682,0.987077221928,4,1.53019896693,1,1,2,high_risk_with_card_diversity|high_risk_with_card_switching
cv_20260827_evt_0010653,cv_20260827_req_0004480,cv_20260827_dev_0001885,1,allow,0.222715761546,0.0259720802764,0,0.0259720802764,0,0,0,
cv_20260827_evt_0010655,cv_20260827_req_0004481,cv_20260827_dev_0001885,2,allow,0.477014430062,0.284737559009,0,0.310706037849,0,0,1,high_risk_with_card_diversity
cv_20260827_evt_0010657,cv_20260827_req_0004482,cv_20260827_dev_0001885,3,allow,0.821245531705,0.627563763201,3,0.938247724072,1,1,2,high_risk_with_card_diversity|high_risk_with_card_switching
cv_20260827_evt_0010659,cv_20260827_req_0004483,cv_20260827_dev_0001885,4,allow,0.938042631057,0.968667664035,3,1.90680356317,2,2,3,high_risk_with_card_diversity|high_risk_with_card_switching|persistent_high_model_risk
cv_20260827_evt_0010661,cv_20260827_req_0004484,cv_20260827_dev_0001885,5,review,0.937436486281,0.968667664035,2,2.87530296321,3,3,4,persistent_high_model_risk|high_risk_with_card_diversity|high_risk_with_card_switching|high_risk_with_ip_rotation
cv_20260827_evt_0010663,cv_20260827_req_0004485,cv_20260827_dev_0001885,6,block,0.950362507871,0.978665935245,2,3.85339886501,4,4,4,persistent_high_model_risk|high_risk_with_card_diversity|high_risk_with_card_switching|high_risk_with_ip_rotation
cv_20260827_evt_0010665,cv_20260827_req_0004486,cv_20260827_dev_0001885,7,block,0.964642293213,0.987077221928,2,4.84010513638,5,5,4,persistent_high_model_risk|high_risk_with_card_diversity|high_risk_with_card_switching|high_risk_with_ip_rotation
cv_20260827_evt_0010667,cv_20260827_req_0004487,cv_20260827_dev_0001885,8,block,0.980402137768,1,2,5.83927868433,6,6,4,persistent_high_model_risk|high_risk_with_card_diversity|high_risk_with_card_switching|high_risk_with_ip_rotation
cv_20260827_evt_0010669,cv_20260827_req_0004488,cv_20260827_dev_0001885,9,block,0.979424188594,1,2,6.83870986984,7,7,4,persistent_high_model_risk|high_risk_with_card_diversity|high_risk_with_card_switching|high_risk_with_ip_rotation
cv_20260827_evt_0001809,cv_20260827_req_0000657,cv_20260827_dev_0000515,1,allow,0.252332890219,0.0690182853703,0,0.0690182853703,0,0,0,
cv_20260827_evt_0002474,cv_20260827_req_0000901,cv_20260827_dev_0000701,1,allow,0.246710159872,0.028783095908,0,0.028783095908,0,0,0,
cv_20260827_evt_0005642,cv_20260827_req_0002127,cv_20260827_dev_0001451,1,allow,0.132842323605,0.00820512873941,0,0.00820512873941,0,0,0,
cv_20260827_evt_0000594,cv_20260827_req_0000217,cv_20260827_dev_0000174,1,allow,0.156677760952,0.0193933904297,0,0.0193933904297,0,0,0,
cv_20260827_evt_0001468,cv_20260827_req_0000533,cv_20260827_dev_0000422,1,allow,0.2298763281,0.028783095908,0,0.028783095908,0,0,0,
cv_20260827_evt_0001470,cv_20260827_req_0000534,cv_20260827_dev_0000422,2,allow,0.44848400349,0.0930102271251,0,0.121790189378,0,0,1,high_risk_with_card_diversity
cv_20260827_evt_0001940,cv_20260827_req_0000705,cv_20260827_dev_0000553,1,allow,0.0757874779365,0,0,0,0,0,0,
cv_20260827_evt_0003437,cv_20260827_req_0001252,cv_20260827_dev_0000969,1,allow,0.218496725503,0.0259720802764,0,0.0259720802764,0,0,0,
cv_20260827_evt_0003895,cv_20260827_req_0001421,cv_20260827_dev_0001098,1,allow,0.204817270627,0.0250286633218,0,0.0250286633218,0,0,0,
cv_20260827_evt_0002624,cv_20260827_req_0000957,cv_20260827_dev_0000742,1,allow,0.146610606287,0.0193933904297,0,0.0193933904297,0,0,0,
cv_20260827_evt_0003416,cv_20260827_req_0001244,cv_20260827_dev_0000962,1,allow,0.238303791511,0.028783095908,0,0.028783095908,0,0,0,
cv_20260827_evt_0012343,cv_20260827_req_0005299,cv_20260827_dev_0001993,1,allow,0.215051161948,0.0259720802764,0,0.0259720802764,0,0,0,
cv_20260827_evt_0012345,cv_20260827_req_0005300,cv_20260827_dev_0001993,2,allow,0.66795714971,0.474791810673,0,0.500740921763,0,0,0,
cv_20260827_evt_0002355,cv_20260827_req_0000856,cv_20260827_dev_0000668,1,allow,0.242501228137,0.028783095908,0,0.028783095908,0,0,0,
cv_20260827_evt_0000591,cv_20260827_req_0000216,cv_20260827_dev_0000173,1,allow,0.246787138823,0.028783095908,0,0.028783095908,0,0,0,
cv_20260827_evt_0011532,cv_20260827_req_0004906,cv_20260827_dev_0001935,8,block,0.885848160885,0.920638394369,2,3.86993876428,5,4,4,persistent_high_model_risk|high_risk_with_card_diversity|cross_session_card_diversity|high_risk_with_ip_rotation
cv_20260827_evt_0011534,cv_20260827_req_0004907,cv_20260827_dev_0001935,9,block,0.971393539594,1,2,4.86508521538,6,5,4,persistent_high_model_risk|high_risk_with_card_diversity|cross_session_card_diversity|high_risk_with_ip_rotation
cv_20260827_evt_0011536,cv_20260827_req_0004908,cv_20260827_dev_0001935,10,block,0.975949283693,1,2,5.86165733071,7,6,4,persistent_high_model_risk|high_risk_with_card_diversity|cross_session_card_diversity|high_risk_with_ip_rotation
cv_20260827_evt_0005417,cv_20260827_req_0002045,cv_20260827_dev_0001380,1,allow,0.160462973131,0.0250286633218,0,0.0250286633218,0,0,0,
cv_20260827_evt_0005033,cv_20260827_req_0001897,cv_20260827_dev_0001289,1,allow,0.221053392238,0.0259720802764,0,0.0259720802764,0,0,0,
cv_20260827_evt_0005035,cv_20260827_req_0001898,cv_20260827_dev_0001289,2,allow,0.460279115355,0.0930102271251,0,0.118982128806,0,0,0,
cv_20260827_evt_0005037,cv_20260827_req_0001899,cv_20260827_dev_0001289,3,allow,0.828952136692,0.665342503957,1,0.784324360038,1,1,0,
cv_20260827_evt_0000978,cv_20260827_req_0000355,cv_20260827_dev_0000284,1,allow,0.260585429788,0.0930102271251,0,0.0930102271251,0,0,0,
cv_20260827_evt_0005317,cv_20260827_req_0002008,cv_20260827_dev_0001353,1,allow,0.157775357021,0.0250286633218,0,0.0250286633218,0,0,0,
cv_20260827_evt_0001022,cv_20260827_req_0000371,cv_20260827_dev_0000297,1,allow,0.239131733805,0.028783095908,0,0.028783095908,0,0,0,
cv_20260827_evt_0001701,cv_20260827_req_0000617,cv_20260827_dev_0000488,1,allow,0.200733221638,0.0250286633218,0,0.0250286633218,0,0,0,
cv_20260827_evt_0001703,cv_20260827_req_0000618,cv_20260827_dev_0000488,2,allow,0.43096877993,0.0930102271251,0,0.118034243946,0,0,0,
cv_20260827_evt_0004484,cv_20260827_req_0001653,cv_20260827_dev_0001226,1,allow,0.232748339751,0.028783095908,0,0.028783095908,0,0,0,
cv_20260827_evt_0004486,cv_20260827_req_0001654,cv_20260827_dev_0001226,2,allow,0.476026900119,0.284737559009,0,0.313518081996,0,0,0,
cv_20260827_evt_0004488,cv_20260827_req_0001655,cv_20260827_dev_0001226,3,allow,0.774151872481,0.474791810673,1,0.788277196639,0,0,0,
cv_20260827_evt_0003591,cv_20260827_req_0001308,cv_20260827_dev_0001011,1,allow,0.241551490518,0.028783095908,0,0.028783095908,0,0,0,
cv_20260827_evt_0011685,cv_20260827_req_0004981,cv_20260827_dev_0001947,5,review,0.825969846267,0.627563763201,2,2.21038634073,3,3,3,persistent_high_model_risk|high_risk_with_card_diversity|cross_session_card_diversity
cv_20260827_evt_0005739,cv_20260827_req_0002164,cv_20260827_dev_0001477,1,allow,0.124780752213,0.00548001258357,0,0.00548001258357,0,0,0,
cv_20260827_evt_0011687,cv_20260827_req_0004982,cv_20260827_dev_0001947,6,block,0.977547778818,1,2,3.20761161736,4,4,3,persistent_high_model_risk|high_risk_with_card_diversity|cross_session_card_diversity
cv_20260827_evt_0002486,cv_20260827_req_0000905,cv_20260827_dev_0000704,1,allow,0.218461366687,0.0259720802764,0,0.0259720802764,0,0,0,
cv_20260827_evt_0009590,cv_20260827_req_0003964,cv_20260827_dev_0001823,1,allow,0.236055793788,0.028783095908,0,0.028783095908,0,0,0,
cv_20260827_evt_0009592,cv_20260827_req_0003965,cv_20260827_dev_0001823,2,allow,0.480952613708,0.284737559009,0,0.3135185108,0,0,0,
cv_20260827_evt_0009594,cv_20260827_req_0003966,cv_20260827_dev_0001823,3,allow,0.771052446763,0.474791810673,0,0.725585348693,0,0,0,stable_retry_risk_reduction
cv_20260827_evt_0009596,cv_20260827_req_0003967,cv_20260827_dev_0001823,4,allow,0.866708897905,0.914494003379,0,1.64004276363,1,1,0,
cv_20260827_evt_0011689,cv_20260827_req_0004983,cv_20260827_dev_0001947,7,block,0.981075549091,1,2,4.2059908365,5,5,3,persistent_high_model_risk|high_risk_with_card_diversity|cross_session_card_diversity
cv_20260827_evt_0009598,cv_20260827_req_0003968,cv_20260827_dev_0001823,5,allow,0.897288066209,0.920638394369,1,2.56043306761,2,2,2,high_risk_with_card_diversity|persistent_high_model_risk
cv_20260827_evt_0002727,cv_20260827_req_0000995,cv_20260827_dev_0000768,1,allow,0.215191021756,0.0259720802764,0,0.0259720802764,0,0,0,
cv_20260827_evt_0001176,cv_20260827_req_0000426,cv_20260827_dev_0000341,1,allow,0.23845417985,0.028783095908,0,0.028783095908,0,0,0,
cv_20260827_evt_0010557,cv_20260827_req_0004433,cv_20260827_dev_0001879,1,allow,0.254095037855,0.0690182853703,0,0.0690182853703,0,0,0,
cv_20260827_evt_0001259,cv_20260827_req_0000455,cv_20260827_dev_0000365,1,allow,0.2484847584,0.028783095908,0,0.028783095908,0,0,0,
cv_20260827_evt_0010559,cv_20260827_req_0004434,cv_20260827_dev_0001879,2,allow,0.486340183477,0.284737559009,0,0.353747855716,0,0,0,
cv_20260827_evt_0010561,cv_20260827_req_0004435,cv_20260827_dev_0001879,3,allow,0.805119948222,0.57617210158,0,0.859120118269,1,1,0,stable_retry_risk_reduction
cv_20260827_evt_0010563,cv_20260827_req_0004436,cv_20260827_dev_0001879,4,allow,0.82768641568,0.627563763201,0,1.48661594555,2,2,1,high_risk_with_card_diversity
cv_20260827_evt_0010565,cv_20260827_req_0004437,cv_20260827_dev_0001879,5,review,0.918428443558,0.920638394369,2,2.40715722786,3,3,3,persistent_high_model_risk|high_risk_with_card_diversity|high_risk_with_card_switching
cv_20260827_evt_0010567,cv_20260827_req_0004438,cv_20260827_dev_0001879,6,review,0.949026782662,0.978665935245,2,3.38541765561,4,4,4,persistent_high_model_risk|high_risk_with_card_diversity|high_risk_with_card_switching|high_risk_with_ip_rotation
cv_20260827_evt_0012136,cv_20260827_req_0005199,cv_20260827_dev_0001981,1,allow,0.228887981621,0.028783095908,0,0.028783095908,0,0,0,
cv_20260827_evt_0010569,cv_20260827_req_0004439,cv_20260827_dev_0001879,7,block,0.98014517744,1,2,4.38490554118,5,5,4,persistent_high_model_risk|high_risk_with_card_diversity|high_risk_with_card_switching|high_risk_with_ip_rotation
cv_20260827_evt_0010571,cv_20260827_req_0004440,cv_20260827_dev_0001879,8,block,0.983696957759,1,2,5.38450352457,6,6,4,persistent_high_model_risk|high_risk_with_card_diversity|high_risk_with_card_switching|high_risk_with_ip_rotation
cv_20260827_evt_0012000,cv_20260827_req_0005133,cv_20260827_dev_0001971,3,allow,0.825734064063,0.627563763201,0,1.08089443751,1,1,3,high_risk_with_card_diversity|cross_session_card_diversity|high_risk_with_ip_rotation
cv_20260827_evt_0010573,cv_20260827_req_0004441,cv_20260827_dev_0001879,9,block,0.988230159052,1,2,6.38405922701,7,7,4,persistent_high_model_risk|high_risk_with_card_diversity|high_risk_with_card_switching|high_risk_with_ip_rotation
cv_20260827_evt_0012002,cv_20260827_req_0005134,cv_20260827_dev_0001971,4,allow,0.916386714625,0.920638394369,1,2.00090494884,2,2,4,high_risk_with_card_diversity|high_risk_with_card_switching|high_risk_with_ip_rotation|persistent_high_model_risk
cv_20260827_evt_0012138,cv_20260827_req_0005200,cv_20260827_dev_0001981,2,allow,0.616791028709,0.474791810673,0,0.503554164836,0,0,1,high_risk_with_card_diversity
cv_20260827_evt_0001164,cv_20260827_req_0000422,cv_20260827_dev_0000338,2,allow,0.0621028373632,0,0,0.0129859196148,0,0,0,successful_checkout_risk_reduction
cv_20260827_evt_0001440,cv_20260827_req_0000523,cv_20260827_dev_0000416,1,allow,0.247905147446,0.028783095908,0,0.028783095908,0,0,0,
cv_20260827_evt_0001218,cv_20260827_req_0000441,cv_20260827_dev_0000353,1,allow,0.166053451634,0.0250286633218,0,0.0250286633218,0,0,0,
cv_20260827_evt_0002174,cv_20260827_req_0000790,cv_20260827_dev_0000617,1,allow,0.239433292323,0.028783095908,0,0.028783095908,0,0,0,
cv_20260827_evt_0005746,cv_20260827_req_0002167,cv_20260827_dev_0001479,1,allow,0.152349469545,0.0193933904297,0,0.0193933904297,0,0,0,
cv_20260827_evt_0000495,cv_20260827_req_0000181,cv_20260827_dev_0000145,1,allow,0.246979656846,0.028783095908,0,0.028783095908,0,0,0,
cv_20260827_evt_0002210,cv_20260827_req_0000803,cv_20260827_dev_0000629,1,allow,0.258079519934,0.0930102271251,0,0.0930102271251,0,0,0,
cv_20260827_evt_0005452,cv_20260827_req_0002058,cv_20260827_dev_0001388,1,allow,0.157885459604,0.0250286633218,0,0.0250286633218,0,0,0,
cv_20260827_evt_0001526,cv_20260827_req_0000554,cv_20260827_dev_0000438,1,allow,0.143163470299,0.0116357732377,0,0.0116357732377,0,0,0,
cv_20260827_evt_0004688,cv_20260827_req_0001743,cv_20260827_dev_0001250,1,allow,0.240188327971,0.028783095908,0,0.028783095908,0,0,0,
cv_20260827_evt_0004690,cv_20260827_req_0001744,cv_20260827_dev_0001250,2,allow,0.287942947871,0.0930102271251,0,0.121792498354,0,0,1,high_risk_with_card_diversity
cv_20260827_evt_0004692,cv_20260827_req_0001745,cv_20260827_dev_0001250,3,allow,0.850630524294,0.834086215288,3,0.955875363683,1,1,2,high_risk_with_card_diversity|high_risk_with_card_switching
cv_20260827_evt_0000223,cv_20260827_req_0000082,cv_20260827_dev_0000065,2,allow,0.0308831770908,0,0,0.0117613851053,0,0,0,successful_checkout_risk_reduction
cv_20260827_evt_0000225,cv_20260827_req_0000083,cv_20260827_dev_0000065,3,allow,0.241075642575,0.028783095908,0,0.040542351453,0,0,2,high_risk_with_card_diversity|cross_session_card_diversity
cv_20260827_evt_0001076,cv_20260827_req_0000390,cv_20260827_dev_0000312,2,allow,0.0319058353656,0,0,0.00223947296637,0,0,0,successful_checkout_risk_reduction
cv_20260827_evt_0001342,cv_20260827_req_0000486,cv_20260827_dev_0000392,1,allow,0.200866152541,0.0250286633218,0,0.0250286633218,0,0,0,
cv_20260827_evt_0011703,cv_20260827_req_0004990,cv_20260827_dev_0001949,1,allow,0.238567013877,0.028783095908,0,0.028783095908,0,0,0,
cv_20260827_evt_0011705,cv_20260827_req_0004991,cv_20260827_dev_0001949,2,allow,0.646740505034,0.474791810673,0,0.503552318918,0,0,0,
cv_20260827_evt_0011707,cv_20260827_req_0004992,cv_20260827_dev_0001949,3,allow,0.936496906177,0.968667664035,1,1.4717856069,1,1,0,
cv_20260827_evt_0009381,cv_20260827_req_0003862,cv_20260827_dev_0001814,1,allow,0.234714047605,0.028783095908,0,0.028783095908,0,0,0,
cv_20260827_evt_0009383,cv_20260827_req_0003863,cv_20260827_dev_0001814,2,allow,0.530848381416,0.433520930249,0,0.462303894207,0,0,0,
cv_20260827_evt_0009385,cv_20260827_req_0003864,cv_20260827_dev_0001814,3,allow,0.63254375463,0.474791810673,0,0.937095175044,0,0,0,
cv_20260827_evt_0009387,cv_20260827_req_0003865,cv_20260827_dev_0001814,4,allow,0.86971075115,0.920638394369,3,1.67031281603,1,1,0,stable_retry_risk_reduction
cv_20260827_evt_0009389,cv_20260827_req_0003866,cv_20260827_dev_0001814,5,allow,0.877744034136,0.920638394369,2,2.59094355319,2,2,1,persistent_high_model_risk
cv_20260827_evt_0009391,cv_20260827_req_0003867,cv_20260827_dev_0001814,6,review,0.958987912657,0.978665935245,3,3.56960058019,3,3,2,persistent_high_model_risk|high_risk_with_ip_rotation
cv_20260827_evt_0002621,cv_20260827_req_0000956,cv_20260827_dev_0000741,1,allow,0.247133743912,0.028783095908,0,0.028783095908,0,0,0,
cv_20260827_evt_0001576,cv_20260827_req_0000572,cv_20260827_dev_0000450,2,allow,0.0240379879135,0,0,0.00475498950575,0,0,1,successful_checkout_risk_reduction|high_risk_with_ip_rotation
cv_20260827_evt_0002513,cv_20260827_req_0000915,cv_20260827_dev_0000713,1,allow,0.233007302902,0.028783095908,0,0.028783095908,0,0,0,
cv_20260827_evt_0003723,cv_20260827_req_0001357,cv_20260827_dev_0001050,2,allow,0.307262702015,0.0930102271251,0,0.119077816243,0,0,1,high_risk_with_ip_rotation
cv_20260827_evt_0011007,cv_20260827_req_0004651,cv_20260827_dev_0001903,10,block,0.980565090848,1,2,6.61102757809,7,6,5,persistent_high_model_risk|high_risk_with_card_diversity|high_risk_with_card_switching|cross_session_card_diversity|high_risk_with_ip_rotation
cv_20260827_evt_0011009,cv_20260827_req_0004652,cv_20260827_dev_0001903,11,block,0.983363421347,1,2,7.61031540246,8,7,5,persistent_high_model_risk|high_risk_with_card_diversity|high_risk_with_card_switching|cross_session_card_diversity|high_risk_with_ip_rotation
cv_20260827_evt_0011011,cv_20260827_req_0004653,cv_20260827_dev_0001903,12,block,0.986888697155,1,2,8.60878920463,9,8,5,persistent_high_model_risk|high_risk_with_card_diversity|high_risk_with_card_switching|cross_session_card_diversity|high_risk_with_ip_rotation
cv_20260827_evt_0011013,cv_20260827_req_0004654,cv_20260827_dev_0001903,13,block,0.988066590925,1,2,9.60792101114,10,9,5,persistent_high_model_risk|high_risk_with_card_diversity|high_risk_with_card_switching|cross_session_card_diversity|high_risk_with_ip_rotation
cv_20260827_evt_0011015,cv_20260827_req_0004655,cv_20260827_dev_0001903,14,block,0.971625616834,1,2,10.6074695538,11,10,5,persistent_high_model_risk|high_risk_with_card_diversity|high_risk_with_card_switching|cross_session_card_diversity|high_risk_with_ip_rotation
cv_20260827_evt_0008691,cv_20260827_req_0003525,cv_20260827_dev_0001781,1,allow,0.255116858473,0.0690182853703,0,0.0690182853703,0,0,0,
cv_20260827_evt_0008693,cv_20260827_req_0003526,cv_20260827_dev_0001781,2,allow,0.319768177097,0.0930102271251,0,0.162028354295,0,0,0,
cv_20260827_evt_0008695,cv_20260827_req_0003527,cv_20260827_dev_0001781,3,allow,0.79988756884,0.559667304185,1,0.721695287087,1,1,1,high_risk_with_card_diversity
cv_20260827_evt_0008697,cv_20260827_req_0003528,cv_20260827_dev_0001781,4,allow,0.935884140891,0.968667664035,4,1.69036046977,2,2,2,high_risk_with_card_diversity|high_risk_with_card_switching
cv_20260827_evt_0008699,cv_20260827_req_0003529,cv_20260827_dev_0001781,5,review,0.961827432356,0.987077221928,5,2.67743381714,3,3,3,rule_corroborated_review|high_risk_with_card_diversity|high_risk_with_card_switching|persistent_high_model_risk
cv_20260827_evt_0008701,cv_20260827_req_0003530,cv_20260827_dev_0001781,6,review,0.989557791628,1,5,3.67742461152,4,4,4,rule_corroborated_review|high_risk_with_card_diversity|high_risk_with_card_switching|high_risk_with_ip_rotation|persistent_high_model_risk
cv_20260827_evt_0008703,cv_20260827_req_0003531,cv_20260827_dev_0001781,7,block,0.994108864996,1,5,4.67741618231,5,5,4,persistent_high_model_risk|high_risk_with_card_diversity|high_risk_with_card_switching|high_risk_with_ip_rotation
cv_20260827_evt_0008705,cv_20260827_req_0003532,cv_20260827_dev_0001781,8,block,0.99533888195,1,5,5.67740546097,6,6,4,persistent_high_model_risk|high_risk_with_card_diversity|high_risk_with_card_switching|high_risk_with_ip_rotation
cv_20260827_evt_0008707,cv_20260827_req_0003533,cv_20260827_dev_0001781,9,block,0.998235906039,1,5,6.67739895423,7,7,4,persistent_high_model_risk|high_risk_with_card_diversity|high_risk_with_card_switching|high_risk_with_ip_rotation
cv_20260827_evt_0008709,cv_20260827_req_0003534,cv_20260827_dev_0001781,10,block,0.998283134839,1,5,7.67736834305,8,8,4,persistent_high_model_risk|high_risk_with_card_diversity|high_risk_with_card_switching|high_risk_with_ip_rotation
cv_20260827_evt_0008711,cv_20260827_req_0003535,cv_20260827_dev_0001781,11,block,0.996801067711,1,5,8.67733314772,9,9,4,persistent_high_model_risk|high_risk_with_card_diversity|high_risk_with_card_switching|high_risk_with_ip_rotation
cv_20260827_evt_0008713,cv_20260827_req_0003536,cv_20260827_dev_0001781,12,block,0.994965468976,1,5,9.67731325797,10,10,4,persistent_high_model_risk|high_risk_with_card_diversity|high_risk_with_card_switching|high_risk_with_ip_rotation
cv_20260827_evt_0000367,cv_20260827_req_0000134,cv_20260827_dev_0000106,1,allow,0.245173974169,0.028783095908,0,0.028783095908,0,0,0,
cv_20260827_evt_0004418,cv_20260827_req_0001623,cv_20260827_dev_0001218,1,allow,0.22921709811,0.028783095908,0,0.028783095908,0,0,0,
cv_20260827_evt_0004420,cv_20260827_req_0001624,cv_20260827_dev_0001218,2,allow,0.50854520966,0.284737559009,0,0.313519698291,0,0,0,
cv_20260827_evt_0004422,cv_20260827_req_0001625,cv_20260827_dev_0001218,3,allow,0.773043346688,0.474791810673,1,0.788278094206,0,0,0,
cv_20260827_evt_0005624,cv_20260827_req_0002120,cv_20260827_dev_0001445,1,allow,0.113529422143,0.00548001258357,0,0.00548001258357,0,0,0,
cv_20260827_evt_0010911,cv_20260827_req_0004605,cv_20260827_dev_0001898,1,allow,0.2610645284,0.0930102271251,0,0.0930102271251,0,0,0,
cv_20260827_evt_0010913,cv_20260827_req_0004606,cv_20260827_dev_0001898,2,allow,0.755048898549,0.474791810673,1,0.567799479509,0,0,1,high_risk_with_card_diversity
cv_20260827_evt_0010915,cv_20260827_req_0004607,cv_20260827_dev_0001898,3,allow,0.873483674569,0.920638394369,1,1.48841509837,1,1,1,high_risk_with_card_diversity
cv_20260827_evt_0010917,cv_20260827_req_0004608,cv_20260827_dev_0001898,4,allow,0.931627394873,0.968667664035,1,2.45697188708,2,2,2,high_risk_with_card_diversity|persistent_high_model_risk
cv_20260827_evt_0010919,cv_20260827_req_0004609,cv_20260827_dev_0001898,5,review,0.95577466516,0.978665935245,1,3.43544916573,3,3,3,persistent_high_model_risk|high_risk_with_card_diversity|high_risk_with_ip_rotation
cv_20260827_evt_0005232,cv_20260827_req_0001977,cv_20260827_dev_0001330,1,allow,0.132033343742,0.00820512873941,0,0.00820512873941,0,0,0,
cv_20260827_evt_0003501,cv_20260827_req_0001276,cv_20260827_dev_0000988,1,allow,0.147989145604,0.0193933904297,0,0.0193933904297,0,0,0,
cv_20260827_evt_0003880,cv_20260827_req_0001415,cv_20260827_dev_0001093,2,allow,0.358351396581,0.0930102271251,0,0.11057453494,0,0,0,
cv_20260827_evt_0011658,cv_20260827_req_0004968,cv_20260827_dev_0001945,1,allow,0.190519228506,0.0250286633218,0,0.0250286633218,0,0,0,
cv_20260827_evt_0011660,cv_20260827_req_0004969,cv_20260827_dev_0001945,2,allow,0.316724040198,0.0930102271251,0,0.118030773974,0,0,0,
cv_20260827_evt_0005741,cv_20260827_req_0002165,cv_20260827_dev_0001478,1,allow,0.106001001348,0.00548001258357,0,0.00548001258357,0,0,0,
cv_20260827_evt_0006456,cv_20260827_req_0002452,cv_20260827_dev_0001635,1,allow,0.152751043221,0.0193933904297,0,0.0193933904297,0,0,0,
cv_20260827_evt_0006458,cv_20260827_req_0002453,cv_20260827_dev_0001635,2,allow,0.360806660478,0.0930102271251,0,0.10852353483,0,0,0,stable_retry_risk_reduction
cv_20260827_evt_0006460,cv_20260827_req_0002454,cv_20260827_dev_0001635,3,allow,0.503796250832,0.284737559009,1,0.371551909441,0,0,0,stable_retry_risk_reduction
cv_20260827_evt_0004823,cv_20260827_req_0001804,cv_20260827_dev_0001266,1,allow,0.244637837479,0.028783095908,0,0.028783095908,0,0,0,
cv_20260827_evt_0004825,cv_20260827_req_0001805,cv_20260827_dev_0001266,2,allow,0.488272205433,0.284737559009,0,0.313519896211,0,0,0,
cv_20260827_evt_0004827,cv_20260827_req_0001806,cv_20260827_dev_0001266,3,allow,0.753789357458,0.474791810673,1,0.7882973345,0,0,0,
cv_20260827_evt_0004166,cv_20260827_req_0001520,cv_20260827_dev_0001177,2,allow,0.193259901766,0.0250286633218,0,0.0594110885209,0,0,1,successful_checkout_risk_reduction|high_risk_with_ip_rotation
cv_20260827_evt_0006323,cv_20260827_req_0002393,cv_20260827_dev_0001619,4,allow,0.0609098951214,0,0,0.151862810607,0,0,0,successful_checkout_risk_reduction
cv_20260827_evt_0006325,cv_20260827_req_0002394,cv_20260827_dev_0001619,5,allow,0.213443747526,0.0259720802764,0,0.147455645563,0,0,0,stable_retry_risk_reduction
cv_20260827_evt_0006327,cv_20260827_req_0002395,cv_20260827_dev_0001619,6,allow,0.32304683695,0.0930102271251,1,0.210966632072,0,0,0,stable_retry_risk_reduction
cv_20260827_evt_0001212,cv_20260827_req_0000439,cv_20260827_dev_0000351,2,allow,0.101861806042,0.00548001258357,0,0.0160933042711,0,0,1,successful_checkout_risk_reduction|high_risk_with_ip_rotation
cv_20260827_evt_0004874,cv_20260827_req_0001826,cv_20260827_dev_0001271,7,allow,0.309117596891,0.0930102271251,2,0.505918340776,0,0,3,successful_checkout_risk_reduction|high_risk_with_card_diversity|cross_session_card_diversity|high_risk_with_ip_rotation
cv_20260827_evt_0004876,cv_20260827_req_0001827,cv_20260827_dev_0001271,8,allow,0.528495140022,0.323943661972,2,0.829835331675,0,0,2,high_risk_with_card_diversity|cross_session_card_diversity
cv_20260827_evt_0004878,cv_20260827_req_0001828,cv_20260827_dev_0001271,9,review,0.793252629876,0.559667304185,5,1.38941419247,1,1,3,rule_corroborated_review|high_risk_with_card_diversity|high_risk_with_card_switching|cross_session_card_diversity
cv_20260827_evt_0003557,cv_20260827_req_0001296,cv_20260827_dev_0001003,1,allow,0.152911915473,0.0193933904297,0,0.0193933904297,0,0,0,
cv_20260827_evt_0000107,cv_20260827_req_0000039,cv_20260827_dev_0000033,3,allow,0.213262083039,0.0259720802764,0,0.0796527587587,0,0,3,successful_checkout_risk_reduction|high_risk_with_card_diversity|cross_session_card_diversity|high_risk_with_ip_rotation
cv_20260827_evt_0002598,cv_20260827_req_0000947,cv_20260827_dev_0000736,1,allow,0.160295660009,0.0250286633218,0,0.0250286633218,0,0,0,
cv_20260827_evt_0003897,cv_20260827_req_0001422,cv_20260827_dev_0001099,1,allow,0.168128487736,0.0250286633218,0,0.0250286633218,0,0,0,
cv_20260827_evt_0001664,cv_20260827_req_0000603,cv_20260827_dev_0000475,1,allow,0.212978384376,0.0259720802764,0,0.0259720802764,0,0,0,
cv_20260827_evt_0005993,cv_20260827_req_0002261,cv_20260827_dev_0001550,1,allow,0.152536762725,0.0193933904297,0,0.0193933904297,0,0,0,
cv_20260827_evt_0005806,cv_20260827_req_0002190,cv_20260827_dev_0001498,1,allow,0.115218063424,0.00548001258357,0,0.00548001258357,0,0,0,
cv_20260827_evt_0004187,cv_20260827_req_0001527,cv_20260827_dev_0001184,1,allow,0.222913156101,0.0259720802764,0,0.0259720802764,0,0,0,
cv_20260827_evt_0002688,cv_20260827_req_0000981,cv_20260827_dev_0000757,1,allow,0.239094057308,0.028783095908,0,0.028783095908,0,0,0,
cv_20260827_evt_0002690,cv_20260827_req_0000982,cv_20260827_dev_0000757,2,allow,0.489654352391,0.284737559009,0,0.307762241278,0,0,0,stable_retry_risk_reduction
cv_20260827_evt_0003485,cv_20260827_req_0001270,cv_20260827_dev_0000982,1,allow,0.135962204326,0.00820512873941,0,0.00820512873941,0,0,0,
cv_20260827_evt_0000404,cv_20260827_req_0000148,cv_20260827_dev_0000119,1,allow,0.230243141229,0.028783095908,0,0.028783095908,0,0,0,
cv_20260827_evt_0003961,cv_20260827_req_0001444,cv_20260827_dev_0001118,1,allow,0.239735111303,0.028783095908,0,0.028783095908,0,0,0,
cv_20260827_evt_0001970,cv_20260827_req_0000716,cv_20260827_dev_0000561,1,allow,0.217896186351,0.0259720802764,0,0.0259720802764,0,0,0,
cv_20260827_evt_0004019,cv_20260827_req_0001465,cv_20260827_dev_0001135,1,allow,0.254920144839,0.0690182853703,0,0.0690182853703,0,0,0,
cv_20260827_evt_0012347,cv_20260827_req_0005301,cv_20260827_dev_0001993,3,allow,0.780610832813,0.474791810673,0,0.92848379482,0,0,3,high_risk_with_card_diversity|cross_session_card_diversity|high_risk_with_ip_rotation
cv_20260827_evt_0002507,cv_20260827_req_0000913,cv_20260827_dev_0000711,1,allow,0.232970295888,0.028783095908,0,0.028783095908,0,0,0,
cv_20260827_evt_0002272,cv_20260827_req_0000826,cv_20260827_dev_0000646,1,allow,0.206950270813,0.0250286633218,0,0.0250286633218,0,0,0,
cv_20260827_evt_0012349,cv_20260827_req_0005302,cv_20260827_dev_0001993,4,allow,0.861791161485,0.855151534315,1,1.78280143874,1,1,2,high_risk_with_card_diversity|cross_session_card_diversity
cv_20260827_evt_0007941,cv_20260827_req_0003159,cv_20260827_dev_0001749,1,allow,0.236840922747,0.028783095908,0,0.028783095908,0,0,0,
cv_20260827_evt_0007943,cv_20260827_req_0003160,cv_20260827_dev_0001749,2,allow,0.543185831929,0.474791810673,0,0.503574576707,0,0,0,
cv_20260827_evt_0007945,cv_20260827_req_0003161,cv_20260827_dev_0001749,3,allow,0.789368127782,0.489500511564,0,0.892353709068,0,0,0,stable_retry_risk_reduction
cv_20260827_evt_0007947,cv_20260827_req_0003162,cv_20260827_dev_0001749,4,allow,0.863376643759,0.855151534315,2,1.74749706178,1,1,1,high_risk_with_card_diversity
cv_20260827_evt_0007949,cv_20260827_req_0003163,cv_20260827_dev_0001749,5,review,0.90630982412,0.920638394369,5,2.66810541492,2,2,3,rule_corroborated_review|high_risk_with_card_diversity|high_risk_with_card_switching|persistent_high_model_risk
cv_20260827_evt_0007951,cv_20260827_req_0003164,cv_20260827_dev_0001749,6,block,0.978505406746,1,6,3.66805343192,3,3,3,rule_corroborated_block|high_risk_with_card_diversity|high_risk_with_card_switching|persistent_high_model_risk
cv_20260827_evt_0007953,cv_20260827_req_0003165,cv_20260827_dev_0001749,7,block,0.974956803283,1,6,4.66796935547,4,4,4,rule_corroborated_block|high_risk_with_card_diversity|high_risk_with_card_switching|high_risk_with_ip_rotation|persistent_high_model_risk
cv_20260827_evt_0007955,cv_20260827_req_0003166,cv_20260827_dev_0001749,8,block,0.968651653965,0.987077221928,4,5.65491818274,5,5,4,persistent_high_model_risk|high_risk_with_card_diversity|high_risk_with_card_switching|high_risk_with_ip_rotation
cv_20260827_evt_0007957,cv_20260827_req_0003167,cv_20260827_dev_0001749,9,block,0.983246326081,1,6,6.65483393076,6,6,4,rule_corroborated_block|high_risk_with_card_diversity|high_risk_with_card_switching|high_risk_with_ip_rotation|persistent_high_model_risk
cv_20260827_evt_0007959,cv_20260827_req_0003168,cv_20260827_dev_0001749,10,block,0.988395202242,1,6,7.65468902029,7,7,4,rule_corroborated_block|high_risk_with_card_diversity|high_risk_with_card_switching|high_risk_with_ip_rotation|persistent_high_model_risk
cv_20260827_evt_0007961,cv_20260827_req_0003169,cv_20260827_dev_0001749,11,block,0.987847121955,1,6,8.65450479243,8,8,4,rule_corroborated_block|high_risk_with_card_diversity|high_risk_with_card_switching|high_risk_with_ip_rotation|persistent_high_model_risk
cv_20260827_evt_0007963,cv_20260827_req_0003170,cv_20260827_dev_0001749,12,block,0.991795791555,1,6,9.65434609427,9,9,4,rule_corroborated_block|high_risk_with_card_diversity|high_risk_with_card_switching|high_risk_with_ip_rotation|persistent_high_model_risk
cv_20260827_evt_0002770,cv_20260827_req_0001010,cv_20260827_dev_0000779,1,allow,0.240907118563,0.028783095908,0,0.028783095908,0,0,0,
cv_20260827_evt_0001796,cv_20260827_req_0000652,cv_20260827_dev_0000511,1,allow,0.134967854454,0.00820512873941,0,0.00820512873941,0,0,0,
cv_20260827_evt_0001798,cv_20260827_req_0000653,cv_20260827_dev_0000511,2,allow,0.45519954091,0.0930102271251,0,0.101214001843,0,0,0,
cv_20260827_evt_0010106,cv_20260827_req_0004215,cv_20260827_dev_0001853,1,allow,0.253624339485,0.0690182853703,0,0.0690182853703,0,0,0,
cv_20260827_evt_0010108,cv_20260827_req_0004216,cv_20260827_dev_0001853,2,allow,0.563956269456,0.474791810673,0,0.529996568141,0,0,0,stable_retry_risk_reduction
cv_20260827_evt_0003657,cv_20260827_req_0001332,cv_20260827_dev_0001030,1,allow,0.224423399695,0.0259720802764,0,0.0259720802764,0,0,0,
cv_20260827_evt_0010110,cv_20260827_req_0004217,cv_20260827_dev_0001853,3,allow,0.875128458913,0.920638394369,0,1.45054082128,1,1,0,
cv_20260827_evt_0010112,cv_20260827_req_0004218,cv_20260827_dev_0001853,4,allow,0.853111847371,0.834086215288,0,2.28438101764,2,2,2,high_risk_with_card_diversity|persistent_high_model_risk
cv_20260827_evt_0010114,cv_20260827_req_0004219,cv_20260827_dev_0001853,5,review,0.946051752251,0.978665935245,1,3.26280610261,3,3,4,persistent_high_model_risk|high_risk_with_card_diversity|high_risk_with_card_switching|high_risk_with_ip_rotation
cv_20260827_evt_0010116,cv_20260827_req_0004220,cv_20260827_dev_0001853,6,block,0.976115895576,1,2,4.26243965944,4,4,4,persistent_high_model_risk|high_risk_with_card_diversity|high_risk_with_card_switching|high_risk_with_ip_rotation
cv_20260827_evt_0002412,cv_20260827_req_0000878,cv_20260827_dev_0000684,1,allow,0.258833612785,0.0930102271251,0,0.0930102271251,0,0,0,
cv_20260827_evt_0003084,cv_20260827_req_0001124,cv_20260827_dev_0000872,1,allow,0.216171888518,0.0259720802764,0,0.0259720802764,0,0,0,
cv_20260827_evt_0002228,cv_20260827_req_0000810,cv_20260827_dev_0000633,1,allow,0.214788944697,0.0259720802764,0,0.0259720802764,0,0,0,
cv_20260827_evt_0012415,cv_20260827_req_0005334,cv_20260827_dev_0001998,8,block,0.896108326149,0.920638394369,0,3.79667875893,5,4,4,persistent_high_model_risk|high_risk_with_card_diversity|cross_session_card_diversity|high_risk_with_ip_rotation
cv_20260827_evt_0002436,cv_20260827_req_0000887,cv_20260827_dev_0000690,1,allow,0.231382867347,0.028783095908,0,0.028783095908,0,0,0,
cv_20260827_evt_0012417,cv_20260827_req_0005335,cv_20260827_dev_0001998,9,block,0.942370789927,0.968667664035,0,4.76282351627,6,5,4,persistent_high_model_risk|high_risk_with_card_diversity|cross_session_card_diversity|high_risk_with_ip_rotation
cv_20260827_evt_0002438,cv_20260827_req_0000888,cv_20260827_dev_0000690,2,allow,0.521007238042,0.304785409055,0,0.333564579702,0,0,0,
cv_20260827_evt_0005026,cv_20260827_req_0001894,cv_20260827_dev_0001288,1,allow,0.257247717575,0.0831159150205,0,0.0831159150205,0,0,0,
cv_20260827_evt_0005028,cv_20260827_req_0001895,cv_20260827_dev_0001288,2,allow,0.546634916442,0.474791810673,0,0.541283933046,0,0,0,stable_retry_risk_reduction
cv_20260827_evt_0005030,cv_20260827_req_0001896,cv_20260827_dev_0001288,3,allow,0.796190574105,0.559667304185,1,1.10094875583,1,1,0,
cv_20260827_evt_0012419,cv_20260827_req_0005336,cv_20260827_dev_0001998,10,block,0.977270827594,1,0,5.75799513886,7,6,4,persistent_high_model_risk|high_risk_with_card_diversity|cross_session_card_diversity|high_risk_with_ip_rotation
cv_20260827_evt_0003376,cv_20260827_req_0001229,cv_20260827_dev_0000952,1,allow,0.191784075509,0.0250286633218,0,0.0250286633218,0,0,0,
cv_20260827_evt_0000888,cv_20260827_req_0000322,cv_20260827_dev_0000259,1,allow,0.195763237799,0.0250286633218,0,0.0250286633218,0,0,0,
cv_20260827_evt_0003053,cv_20260827_req_0001113,cv_20260827_dev_0000863,1,allow,0.241475621123,0.028783095908,0,0.028783095908,0,0,0,
cv_20260827_evt_0003101,cv_20260827_req_0001130,cv_20260827_dev_0000878,1,allow,0.163913818603,0.0250286633218,0,0.0250286633218,0,0,0,
cv_20260827_evt_0004559,cv_20260827_req_0001686,cv_20260827_dev_0001236,1,allow,0.246979656846,0.028783095908,0,0.028783095908,0,0,0,
cv_20260827_evt_0004561,cv_20260827_req_0001687,cv_20260827_dev_0001236,2,allow,0.501656889101,0.284737559009,0,0.313518741697,0,0,0,
cv_20260827_evt_0004563,cv_20260827_req_0001688,cv_20260827_dev_0001236,3,allow,0.678921814158,0.474791810673,1,0.788289712705,0,0,0,
cv_20260827_evt_0001147,cv_20260827_req_0000416,cv_20260827_dev_0000333,1,allow,0.245212299989,0.028783095908,0,0.028783095908,0,0,0,
cv_20260827_evt_0010690,cv_20260827_req_0004498,cv_20260827_dev_0001887,1,allow,0.245710903626,0.028783095908,0,0.028783095908,0,0,0,
cv_20260827_evt_0010692,cv_20260827_req_0004499,cv_20260827_dev_0001887,2,allow,0.517903546049,0.304785409055,0,0.333566360847,0,0,0,
cv_20260827_evt_0010694,cv_20260827_req_0004500,cv_20260827_dev_0001887,3,allow,0.837882958182,0.690081906596,2,1.02358099073,1,1,1,high_risk_with_card_diversity
cv_20260827_evt_0010696,cv_20260827_req_0004501,cv_20260827_dev_0001887,4,allow,0.854009738936,0.855151534315,1,1.87856361225,2,2,3,high_risk_with_card_diversity|high_risk_with_card_switching|persistent_high_model_risk
cv_20260827_evt_0010698,cv_20260827_req_0004502,cv_20260827_dev_0001887,5,review,0.942243410524,0.968667664035,1,2.8468760685,3,3,3,persistent_high_model_risk|high_risk_with_card_diversity|high_risk_with_card_switching
cv_20260827_evt_0010700,cv_20260827_req_0004503,cv_20260827_dev_0001887,6,block,0.976507612428,1,2,3.84675208715,4,4,4,persistent_high_model_risk|high_risk_with_card_diversity|high_risk_with_card_switching|high_risk_with_ip_rotation
cv_20260827_evt_0010702,cv_20260827_req_0004504,cv_20260827_dev_0001887,7,block,0.977996105287,1,2,4.84633328602,5,5,4,persistent_high_model_risk|high_risk_with_card_diversity|high_risk_with_card_switching|high_risk_with_ip_rotation
cv_20260827_evt_0002489,cv_20260827_req_0000906,cv_20260827_dev_0000704,2,allow,0.093582926954,0.00548001258357,0,0.0184175969636,0,0,1,successful_checkout_risk_reduction|high_risk_with_ip_rotation
cv_20260827_evt_0000401,cv_20260827_req_0000147,cv_20260827_dev_0000118,1,allow,0.236392057251,0.028783095908,0,0.028783095908,0,0,0,
cv_20260827_evt_0003546,cv_20260827_req_0001292,cv_20260827_dev_0001001,1,allow,0.211645218121,0.0259720802764,0,0.0259720802764,0,0,0,
cv_20260827_evt_0000184,cv_20260827_req_0000067,cv_20260827_dev_0000056,2,allow,0.0481911803494,0,0,0.0117190984874,0,0,0,successful_checkout_risk_reduction
cv_20260827_evt_0002176,cv_20260827_req_0000791,cv_20260827_dev_0000617,2,allow,0.419273319548,0.0930102271251,0,0.119079698464,0,0,2,high_risk_with_card_diversity|cross_session_card_diversity
cv_20260827_evt_0002213,cv_20260827_req_0000804,cv_20260827_dev_0000629,2,allow,0.154947520764,0.0193933904297,0,0.0657300739094,0,0,3,successful_checkout_risk_reduction|high_risk_with_card_diversity|cross_session_card_diversity|high_risk_with_ip_rotation
cv_20260827_evt_0000788,cv_20260827_req_0000286,cv_20260827_dev_0000228,1,allow,0.251864353911,0.028783095908,0,0.028783095908,0,0,0,
cv_20260827_evt_0005972,cv_20260827_req_0002253,cv_20260827_dev_0001546,1,allow,0.127600813713,0.00820512873941,0,0.00820512873941,0,0,0,
cv_20260827_evt_0003551,cv_20260827_req_0001294,cv_20260827_dev_0001002,2,allow,0.574452577595,0.474791810673,0,0.489200846218,0,0,3,high_risk_with_card_diversity|cross_session_card_diversity|high_risk_with_ip_rotation
cv_20260827_evt_0001529,cv_20260827_req_0000555,cv_20260827_dev_0000438,2,allow,0.138073217309,0.0116357732377,0,0.017432442745,0,0,1,successful_checkout_risk_reduction|high_risk_with_ip_rotation
cv_20260827_evt_0000782,cv_20260827_req_0000284,cv_20260827_dev_0000226,1,allow,0.224531551988,0.0259720802764,0,0.0259720802764,0,0,0,
cv_20260827_evt_0010878,cv_20260827_req_0004589,cv_20260827_dev_0001897,1,allow,0.199622361958,0.0250286633218,0,0.0250286633218,0,0,0,
cv_20260827_evt_0010880,cv_20260827_req_0004590,cv_20260827_dev_0001897,2,allow,0.444228083224,0.0930102271251,0,0.118034989623,0,0,0,
cv_20260827_evt_0010882,cv_20260827_req_0004591,cv_20260827_dev_0001897,3,allow,0.745111083292,0.474791810673,1,0.59280948609,0,0,1,high_risk_with_card_diversity
cv_20260827_evt_0010884,cv_20260827_req_0004592,cv_20260827_dev_0001897,4,allow,0.882821464803,0.920638394369,2,1.51337926451,1,1,2,high_risk_with_card_diversity|high_risk_with_card_switching
cv_20260827_evt_0010886,cv_20260827_req_0004593,cv_20260827_dev_0001897,5,allow,0.931326711738,0.968667664035,2,2.48184054323,2,2,4,high_risk_with_card_diversity|high_risk_with_card_switching|high_risk_with_ip_rotation|persistent_high_model_risk
cv_20260827_evt_0010888,cv_20260827_req_0004594,cv_20260827_dev_0001897,6,review,0.955357140429,0.978665935245,2,3.46030737989,3,3,4,persistent_high_model_risk|high_risk_with_card_diversity|high_risk_with_card_switching|high_risk_with_ip_rotation
cv_20260827_evt_0010890,cv_20260827_req_0004595,cv_20260827_dev_0001897,7,block,0.985704300496,1,2,4.46016461484,4,4,4,persistent_high_model_risk|high_risk_with_card_diversity|high_risk_with_card_switching|high_risk_with_ip_rotation
cv_20260827_evt_0012178,cv_20260827_req_0005220,cv_20260827_dev_0001983,7,block,0.859428801694,0.855151534315,2,3.42376903496,4,3,4,persistent_high_model_risk|high_risk_with_card_diversity|cross_session_card_diversity|high_risk_with_ip_rotation
cv_20260827_evt_0012180,cv_20260827_req_0005221,cv_20260827_dev_0001983,8,block,0.951076711401,0.978665935245,2,4.40172481763,5,4,4,persistent_high_model_risk|high_risk_with_card_diversity|cross_session_card_diversity|high_risk_with_ip_rotation
cv_20260827_evt_0000228,cv_20260827_req_0000084,cv_20260827_dev_0000065,4,allow,0.412002547691,0.0930102271251,2,0.113212407425,0,0,3,successful_checkout_risk_reduction|high_risk_with_card_diversity|high_risk_with_card_switching|cross_session_card_diversity
cv_20260827_evt_0009833,cv_20260827_req_0004082,cv_20260827_dev_0001837,1,allow,0.113685918439,0.00548001258357,0,0.00548001258357,0,0,0,
cv_20260827_evt_0009835,cv_20260827_req_0004083,cv_20260827_dev_0001837,2,allow,0.31300593798,0.0930102271251,0,0.0984893291097,0,0,1,high_risk_with_card_diversity
cv_20260827_evt_0012182,cv_20260827_req_0005222,cv_20260827_dev_0001983,9,block,0.981489260786,1,2,5.39649151775,6,5,4,persistent_high_model_risk|high_risk_with_card_diversity|cross_session_card_diversity|high_risk_with_ip_rotation
cv_20260827_evt_0009837,cv_20260827_req_0004084,cv_20260827_dev_0001837,3,allow,0.818038716887,0.627563763201,1,0.72604304683,1,1,2,high_risk_with_card_diversity|high_risk_with_card_switching
cv_20260827_evt_0009839,cv_20260827_req_0004085,cv_20260827_dev_0001837,4,allow,0.910358374199,0.920638394369,1,1.64665148618,2,2,3,high_risk_with_card_diversity|high_risk_with_card_switching|persistent_high_model_risk
cv_20260827_evt_0009841,cv_20260827_req_0004086,cv_20260827_dev_0001837,5,review,0.932236060449,0.968667664035,1,2.6152153581,3,3,3,persistent_high_model_risk|high_risk_with_card_diversity|high_risk_with_card_switching
cv_20260827_evt_0009843,cv_20260827_req_0004087,cv_20260827_dev_0001837,6,block,0.866650668117,0.910404175795,2,3.52508907669,4,4,4,persistent_high_model_risk|high_risk_with_card_diversity|high_risk_with_card_switching|high_risk_with_ip_rotation
cv_20260827_evt_0009845,cv_20260827_req_0004088,cv_20260827_dev_0001837,7,block,0.951605715598,0.978665935245,3,4.50365805273,5,5,4,persistent_high_model_risk|high_risk_with_card_diversity|high_risk_with_card_switching|high_risk_with_ip_rotation
cv_20260827_evt_0006884,cv_20260827_req_0002645,cv_20260827_dev_0001688,1,allow,0.145139913578,0.0193933904297,0,0.0193933904297,0,0,0,
cv_20260827_evt_0006886,cv_20260827_req_0002646,cv_20260827_dev_0001688,2,allow,0.33966827234,0.0930102271251,0,0.108524494949,0,0,0,stable_retry_risk_reduction
cv_20260827_evt_0006888,cv_20260827_req_0002647,cv_20260827_dev_0001688,3,allow,0.588255517239,0.474791810673,1,0.583310211301,0,0,0,
cv_20260827_evt_0012276,cv_20260827_req_0005267,cv_20260827_dev_0001989,1,allow,0.261344265514,0.0930102271251,0,0.0930102271251,0,0,0,
cv_20260827_evt_0012278,cv_20260827_req_0005268,cv_20260827_dev_0001989,2,allow,0.898996599834,0.920638394369,0,1.01353037422,1,1,0,
cv_20260827_evt_0000526,cv_20260827_req_0000192,cv_20260827_dev_0000153,1,allow,0.242539270398,0.028783095908,0,0.028783095908,0,0,0,
cv_20260827_evt_0007965,cv_20260827_req_0003171,cv_20260827_dev_0001750,1,allow,0.180324667167,0.0250286633218,0,0.0250286633218,0,0,0,
cv_20260827_evt_0007967,cv_20260827_req_0003172,cv_20260827_dev_0001750,2,allow,0.29013596566,0.0930102271251,0,0.118038833077,0,0,0,
cv_20260827_evt_0007969,cv_20260827_req_0003173,cv_20260827_dev_0001750,3,allow,0.832938601228,0.690081906596,1,0.808120333829,1,1,0,
cv_20260827_evt_0007971,cv_20260827_req_0003174,cv_20260827_dev_0001750,4,allow,0.870190100646,0.920638394369,3,1.72875780203,2,2,2,high_risk_with_card_diversity|persistent_high_model_risk
cv_20260827_evt_0007973,cv_20260827_req_0003175,cv_20260827_dev_0001750,5,review,0.96995945388,0.987077221928,4,2.71582709882,3,3,3,persistent_high_model_risk|high_risk_with_card_diversity|high_risk_with_card_switching
cv_20260827_evt_0007975,cv_20260827_req_0003176,cv_20260827_dev_0001750,6,block,0.966989663351,0.987077221928,4,3.7029012082,4,4,4,persistent_high_model_risk|high_risk_with_card_diversity|high_risk_with_card_switching|high_risk_with_ip_rotation
cv_20260827_evt_0007977,cv_20260827_req_0003177,cv_20260827_dev_0001750,7,block,0.98148008733,1,4,4.7028927206,5,5,4,persistent_high_model_risk|high_risk_with_card_diversity|high_risk_with_card_switching|high_risk_with_ip_rotation
cv_20260827_evt_0007979,cv_20260827_req_0003178,cv_20260827_dev_0001750,8,block,0.986314564164,1,5,5.702876551,6,6,4,persistent_high_model_risk|high_risk_with_card_diversity|high_risk_with_card_switching|high_risk_with_ip_rotation
cv_20260827_evt_0007981,cv_20260827_req_0003179,cv_20260827_dev_0001750,9,block,0.98783453357,1,4,6.70287001507,7,7,4,persistent_high_model_risk|high_risk_with_card_diversity|high_risk_with_card_switching|high_risk_with_ip_rotation
cv_20260827_evt_0007983,cv_20260827_req_0003180,cv_20260827_dev_0001750,10,block,0.9934653354,1,5,7.7028469691,8,8,4,persistent_high_model_risk|high_risk_with_card_diversity|high_risk_with_card_switching|high_risk_with_ip_rotation
cv_20260827_evt_0007985,cv_20260827_req_0003181,cv_20260827_dev_0001750,11,block,0.975022873267,1,4,8.70281165696,9,9,4,persistent_high_model_risk|high_risk_with_card_diversity|high_risk_with_card_switching|high_risk_with_ip_rotation
cv_20260827_evt_0007987,cv_20260827_req_0003182,cv_20260827_dev_0001750,12,block,0.988080448036,1,5,9.7027717607,10,10,4,persistent_high_model_risk|high_risk_with_card_diversity|high_risk_with_card_switching|high_risk_with_ip_rotation
cv_20260827_evt_0004593,cv_20260827_req_0001701,cv_20260827_dev_0001239,1,allow,0.155233032142,0.0193933904297,0,0.0193933904297,0,0,0,
cv_20260827_evt_0004595,cv_20260827_req_0001702,cv_20260827_dev_0001239,2,allow,0.512162725902,0.284737559009,0,0.300250617803,0,0,0,stable_retry_risk_reduction
cv_20260827_evt_0004597,cv_20260827_req_0001703,cv_20260827_dev_0001239,3,allow,0.791839106099,0.559667304185,1,0.859886953664,1,1,0,
cv_20260827_evt_0001434,cv_20260827_req_0000521,cv_20260827_dev_0000414,1,allow,0.140892409485,0.0116357732377,0,0.0116357732377,0,0,0,
cv_20260827_evt_0004246,cv_20260827_req_0001548,cv_20260827_dev_0001201,1,allow,0.17549416683,0.0250286633218,0,0.0250286633218,0,0,0,
cv_20260827_evt_0004248,cv_20260827_req_0001549,cv_20260827_dev_0001201,2,allow,0.499734683559,0.284737559009,0,0.309764845499,0,0,1,high_risk_with_card_diversity
cv_20260827_evt_0004250,cv_20260827_req_0001550,cv_20260827_dev_0001201,3,allow,0.882246326688,0.920638394369,2,1.23039152462,1,1,2,high_risk_with_card_diversity|high_risk_with_card_switching
cv_20260827_evt_0002516,cv_20260827_req_0000916,cv_20260827_dev_0000714,1,allow,0.124205293253,0.00548001258357,0,0.00548001258357,0,0,0,
cv_20260827_evt_0002518,cv_20260827_req_0000917,cv_20260827_dev_0000714,2,allow,0.40517438062,0.0930102271251,0,0.0984893291097,0,0,1,high_risk_with_card_diversity
cv_20260827_evt_0005460,cv_20260827_req_0002061,cv_20260827_dev_0001390,1,allow,0.120010063819,0.00548001258357,0,0.00548001258357,0,0,0,
cv_20260827_evt_0003883,cv_20260827_req_0001416,cv_20260827_dev_0001094,1,allow,0.25448772622,0.0690182853703,0,0.0690182853703,0,0,0,
cv_20260827_evt_0000272,cv_20260827_req_0000099,cv_20260827_dev_0000079,1,allow,0.222787467955,0.0259720802764,0,0.0259720802764,0,0,0,
cv_20260827_evt_0012441,cv_20260827_req_0005347,cv_20260827_dev_0002000,1,allow,0.139168182545,0.0116357732377,0,0.0116357732377,0,0,0,
cv_20260827_evt_0012443,cv_20260827_req_0005348,cv_20260827_dev_0002000,2,allow,0.601392964504,0.474791810673,0,0.486411672227,0,0,0,
cv_20260827_evt_0011282,cv_20260827_req_0004785,cv_20260827_dev_0001920,4,allow,0.73523880343,0.474791810673,0,1.74281133338,1,0,3,high_risk_with_card_diversity|cross_session_card_diversity|high_risk_with_ip_rotation
cv_20260827_evt_0011284,cv_20260827_req_0004786,cv_20260827_dev_0001920,5,allow,0.904524518186,0.920638394369,0,2.66207206969,2,1,3,high_risk_with_card_diversity|cross_session_card_diversity|persistent_high_model_risk
cv_20260827_evt_0011286,cv_20260827_req_0004787,cv_20260827_dev_0001920,6,review,0.965758078607,0.987077221928,2,3.64793224535,3,2,4,persistent_high_model_risk|high_risk_with_card_diversity|high_risk_with_card_switching|cross_session_card_diversity
cv_20260827_evt_0003254,cv_20260827_req_0001185,cv_20260827_dev_0000917,1,allow,0.238868083823,0.028783095908,0,0.028783095908,0,0,0,
cv_20260827_evt_0003160,cv_20260827_req_0001151,cv_20260827_dev_0000895,1,allow,0.242729542555,0.028783095908,0,0.028783095908,0,0,0,
cv_20260827_evt_0003162,cv_20260827_req_0001152,cv_20260827_dev_0000895,2,allow,0.482066283747,0.284737559009,0,0.313515476324,0,0,0,
cv_20260827_evt_0002651,cv_20260827_req_0000967,cv_20260827_dev_0000747,1,allow,0.250229026793,0.028783095908,0,0.028783095908,0,0,0,
cv_20260827_evt_0006470,cv_20260827_req_0002459,cv_20260827_dev_0001637,1,allow,0.156322383325,0.0193933904297,0,0.0193933904297,0,0,0,
cv_20260827_evt_0006472,cv_20260827_req_0002460,cv_20260827_dev_0001637,2,allow,0.373691832376,0.0930102271251,0,0.108524014882,0,0,0,stable_retry_risk_reduction
cv_20260827_evt_0006474,cv_20260827_req_0002461,cv_20260827_dev_0001637,3,allow,0.495687947698,0.284737559009,1,0.371549607103,0,0,0,stable_retry_risk_reduction
cv_20260827_evt_0003565,cv_20260827_req_0001299,cv_20260827_dev_0001004,1,allow,0.2484847584,0.028783095908,0,0.028783095908,0,0,0,
cv_20260827_evt_0000134,cv_20260827_req_0000049,cv_20260827_dev_0000042,1,allow,0.133236535531,0.00820512873941,0,0.00820512873941,0,0,0,
cv_20260827_evt_0001779,cv_20260827_req_0000646,cv_20260827_dev_0000507,3,allow,0.663712865448,0.474791810673,0,0.554696453425,0,0,2,high_risk_with_card_diversity|cross_session_card_diversity
cv_20260827_evt_0004219,cv_20260827_req_0001538,cv_20260827_dev_0001194,1,allow,0.254723531016,0.0690182853703,0,0.0690182853703,0,0,0,
cv_20260827_evt_0012094,cv_20260827_req_0005179,cv_20260827_dev_0001978,1,allow,0.252958502913,0.0690182853703,0,0.0690182853703,0,0,0,
cv_20260827_evt_0012096,cv_20260827_req_0005180,cv_20260827_dev_0001978,2,allow,0.588148764367,0.474791810673,0,0.529987711207,0,0,0,stable_retry_risk_reduction
cv_20260827_evt_0012075,cv_20260827_req_0005170,cv_20260827_dev_0001976,5,allow,0.809572441542,0.584793744945,2,2.03349179061,2,2,2,high_risk_with_card_diversity|cross_session_card_diversity
cv_20260827_evt_0012077,cv_20260827_req_0005171,cv_20260827_dev_0001976,6,review,0.90853722579,0.920638394369,2,2.95339852785,3,3,3,persistent_high_model_risk|high_risk_with_card_diversity|cross_session_card_diversity
cv_20260827_evt_0012079,cv_20260827_req_0005172,cv_20260827_dev_0001976,7,review,0.97174030282,1,3,3.95202122687,4,4,3,persistent_high_model_risk|high_risk_with_card_diversity|cross_session_card_diversity
cv_20260827_evt_0012098,cv_20260827_req_0005181,cv_20260827_dev_0001978,3,allow,0.906987904791,0.920638394369,0,1.44990378444,1,1,1,high_risk_with_card_diversity
cv_20260827_evt_0005744,cv_20260827_req_0002166,cv_20260827_dev_0001478,2,allow,0.0386402206271,0,0,0.00272971035111,0,0,1,successful_checkout_risk_reduction|high_risk_with_ip_rotation
cv_20260827_evt_0009394,cv_20260827_req_0003868,cv_20260827_dev_0001815,1,allow,0.260425856837,0.0930102271251,0,0.0930102271251,0,0,0,
cv_20260827_evt_0009396,cv_20260827_req_0003869,cv_20260827_dev_0001815,2,allow,0.747985878721,0.474791810673,1,0.567800332264,0,0,1,high_risk_with_card_diversity
cv_20260827_evt_0009398,cv_20260827_req_0003870,cv_20260827_dev_0001815,3,allow,0.883742278158,0.920638394369,1,1.48842961631,1,1,1,high_risk_with_card_diversity
cv_20260827_evt_0009400,cv_20260827_req_0003871,cv_20260827_dev_0001815,4,allow,0.938326214569,0.968667664035,3,2.45706145783,2,2,2,high_risk_with_card_diversity|persistent_high_model_risk
cv_20260827_evt_0009402,cv_20260827_req_0003872,cv_20260827_dev_0001815,5,review,0.976910075338,1,3,3.45703893009,3,3,2,persistent_high_model_risk|high_risk_with_card_diversity
cv_20260827_evt_0009404,cv_20260827_req_0003873,cv_20260827_dev_0001815,6,block,0.981155320327,1,4,4.45700327198,4,4,3,persistent_high_model_risk|high_risk_with_card_diversity|high_risk_with_ip_rotation
cv_20260827_evt_0009406,cv_20260827_req_0003874,cv_20260827_dev_0001815,7,block,0.990821863739,1,4,5.45688068005,5,5,3,persistent_high_model_risk|high_risk_with_card_diversity|high_risk_with_ip_rotation
cv_20260827_evt_0005929,cv_20260827_req_0002237,cv_20260827_dev_0001534,1,allow,0.154826125838,0.0193933904297,0,0.0193933904297,0,0,0,
cv_20260827_evt_0010026,cv_20260827_req_0004176,cv_20260827_dev_0001848,1,allow,0.162200154183,0.0250286633218,0,0.0250286633218,0,0,0,
cv_20260827_evt_0010028,cv_20260827_req_0004177,cv_20260827_dev_0001848,2,allow,0.54336122555,0.474791810673,0,0.499816429769,0,0,1,high_risk_with_card_diversity
cv_20260827_evt_0010030,cv_20260827_req_0004178,cv_20260827_dev_0001848,3,allow,0.854281104233,0.855151534315,2,1.35490381147,1,1,2,high_risk_with_card_diversity|high_risk_with_card_switching
cv_20260827_evt_0010032,cv_20260827_req_0004179,cv_20260827_dev_0001848,4,allow,0.893050906997,0.920638394369,2,2.27539935359,2,2,3,high_risk_with_card_diversity|high_risk_with_card_switching|persistent_high_model_risk
cv_20260827_evt_0010034,cv_20260827_req_0004180,cv_20260827_dev_0001848,5,review,0.876212507721,0.920638394369,2,3.19574048022,3,3,3,persistent_high_model_risk|high_risk_with_card_diversity|high_risk_with_card_switching
cv_20260827_evt_0010036,cv_20260827_req_0004181,cv_20260827_dev_0001848,6,block,0.973463136109,1,2,4.19544016411,4,4,4,persistent_high_model_risk|high_risk_with_card_diversity|high_risk_with_card_switching|high_risk_with_ip_rotation
cv_20260827_evt_0004881,cv_20260827_req_0001829,cv_20260827_dev_0001272,1,allow,0.231272399134,0.028783095908,0,0.028783095908,0,0,0,
cv_20260827_evt_0004883,cv_20260827_req_0001830,cv_20260827_dev_0001272,2,allow,0.442631128394,0.0930102271251,0,0.121791211902,0,0,1,high_risk_with_card_diversity
cv_20260827_evt_0004885,cv_20260827_req_0001831,cv_20260827_dev_0001272,3,allow,0.691909679952,0.474791810673,2,0.5965724148,0,0,2,high_risk_with_card_diversity|high_risk_with_card_switching
cv_20260827_evt_0003559,cv_20260827_req_0001297,cv_20260827_dev_0001003,2,allow,0.564160923114,0.474791810673,0,0.492357588043,0,0,3,high_risk_with_card_diversity|cross_session_card_diversity|high_risk_with_ip_rotation
cv_20260827_evt_0002321,cv_20260827_req_0000844,cv_20260827_dev_0000659,1,allow,0.227902626993,0.028783095908,0,0.028783095908,0,0,0,
cv_20260827_evt_0002798,cv_20260827_req_0001020,cv_20260827_dev_0000787,1,allow,0.235235208717,0.028783095908,0,0.028783095908,0,0,0,
cv_20260827_evt_0003626,cv_20260827_req_0001320,cv_20260827_dev_0001022,1,allow,0.125449551518,0.00548001258357,0,0.00548001258357,0,0,0,
cv_20260827_evt_0011420,cv_20260827_req_0004852,cv_20260827_dev_0001928,4,allow,0.809500835814,0.584793744945,1,1.84235093934,2,2,3,high_risk_with_card_diversity|cross_session_card_diversity|high_risk_with_ip_rotation
cv_20260827_evt_0005218,cv_20260827_req_0001972,cv_20260827_dev_0001328,1,allow,0.146506998408,0.0193933904297,0,0.0193933904297,0,0,0,
cv_20260827_evt_0011422,cv_20260827_req_0004853,cv_20260827_dev_0001928,5,review,0.940301916233,0.968667664035,0,2.80901590246,3,3,3,persistent_high_model_risk|high_risk_with_card_diversity|cross_session_card_diversity
cv_20260827_evt_0003392,cv_20260827_req_0001235,cv_20260827_dev_0000956,1,allow,0.231051573347,0.028783095908,0,0.028783095908,0,0,0,
cv_20260827_evt_0003394,cv_20260827_req_0001236,cv_20260827_dev_0000956,2,allow,0.477205464102,0.284737559009,0,0.313517092472,0,0,0,
cv_20260827_evt_0004354,cv_20260827_req_0001595,cv_20260827_dev_0001212,1,allow,0.151832405316,0.0193933904297,0,0.0193933904297,0,0,0,
cv_20260827_evt_0004356,cv_20260827_req_0001596,cv_20260827_dev_0001212,2,allow,0.473492311492,0.198123499891,0,0.217515801262,0,0,1,high_risk_with_card_diversity
cv_20260827_evt_0004358,cv_20260827_req_0001597,cv_20260827_dev_0001212,3,allow,0.870483410262,0.920638394369,2,1.13813225924,1,1,2,high_risk_with_card_diversity|high_risk_with_card_switching
cv_20260827_evt_0005845,cv_20260827_req_0002204,cv_20260827_dev_0001511,1,allow,0.129783492068,0.00820512873941,0,0.00820512873941,0,0,0,
cv_20260827_evt_0001256,cv_20260827_req_0000454,cv_20260827_dev_0000364,1,allow,0.2241351746,0.0259720802764,0,0.0259720802764,0,0,0,
cv_20260827_evt_0005291,cv_20260827_req_0001999,cv_20260827_dev_0001347,1,allow,0.125984333582,0.00820512873941,0,0.00820512873941,0,0,0,
cv_20260827_evt_0012224,cv_20260827_req_0005242,cv_20260827_dev_0001986,1,allow,0.224820139102,0.0259720802764,0,0.0259720802764,0,0,0,
cv_20260827_evt_0000659,cv_20260827_req_0000240,cv_20260827_dev_0000192,1,allow,0.249569123384,0.028783095908,0,0.028783095908,0,0,0,
cv_20260827_evt_0012226,cv_20260827_req_0005243,cv_20260827_dev_0001986,2,allow,0.593934160653,0.474791810673,0,0.500747316581,0,0,0,
cv_20260827_evt_0012020,cv_20260827_req_0005143,cv_20260827_dev_0001973,1,allow,0.217261620216,0.0259720802764,0,0.0259720802764,0,0,0,
cv_20260827_evt_0012022,cv_20260827_req_0005144,cv_20260827_dev_0001973,2,allow,0.598994699223,0.474791810673,0,0.50074654317,0,0,1,high_risk_with_card_diversity
cv_20260827_evt_0008004,cv_20260827_req_0003190,cv_20260827_dev_0001752,1,allow,0.143236066841,0.0116357732377,0,0.0116357732377,0,0,0,
cv_20260827_evt_0008006,cv_20260827_req_0003191,cv_20260827_dev_0001752,2,allow,0.67826704064,0.474791810673,0,0.484100407926,0,0,0,stable_retry_risk_reduction
cv_20260827_evt_0008008,cv_20260827_req_0003192,cv_20260827_dev_0001752,3,allow,0.874200820478,0.920638394369,0,1.40473713785,1,1,0,
cv_20260827_evt_0008010,cv_20260827_req_0003193,cv_20260827_dev_0001752,4,allow,0.926566711946,0.962644914745,2,2.36737561286,2,2,1,persistent_high_model_risk
cv_20260827_evt_0008012,cv_20260827_req_0003194,cv_20260827_dev_0001752,5,review,0.927157731405,0.968667664035,2,3.33603785052,3,3,1,persistent_high_model_risk
cv_20260827_evt_0008014,cv_20260827_req_0003195,cv_20260827_dev_0001752,6,block,0.931574213811,0.968667664035,2,4.30469786785,4,4,3,persistent_high_model_risk|high_risk_with_card_diversity|high_risk_with_ip_rotation
cv_20260827_evt_0008016,cv_20260827_req_0003196,cv_20260827_dev_0001752,7,block,0.961207139474,0.987077221928,3,5.29176522276,5,5,3,persistent_high_model_risk|high_risk_with_card_diversity|high_risk_with_ip_rotation
cv_20260827_evt_0008018,cv_20260827_req_0003197,cv_20260827_dev_0001752,8,block,0.962252182604,0.987077221928,3,6.27882425041,6,6,3,persistent_high_model_risk|high_risk_with_card_diversity|high_risk_with_ip_rotation
cv_20260827_evt_0002477,cv_20260827_req_0000902,cv_20260827_dev_0000701,2,allow,0.0830916845688,0.00548001258357,0,0.0184685518459,0,0,3,successful_checkout_risk_reduction|high_risk_with_card_diversity|cross_session_card_diversity|high_risk_with_ip_rotation
cv_20260827_evt_0002941,cv_20260827_req_0001071,cv_20260827_dev_0000832,1,allow,0.254880814088,0.0690182853703,0,0.0690182853703,0,0,0,
cv_20260827_evt_0007490,cv_20260827_req_0002939,cv_20260827_dev_0001724,1,allow,0.187850961338,0.0250286633218,0,0.0250286633218,0,0,0,
cv_20260827_evt_0007492,cv_20260827_req_0002940,cv_20260827_dev_0001724,2,allow,0.262345472129,0.0930102271251,0,0.118038861762,0,0,0,
cv_20260827_evt_0007494,cv_20260827_req_0002941,cv_20260827_dev_0001724,3,allow,0.221978109639,0.0259720802764,0,0.144010806757,0,0,0,
cv_20260827_evt_0007496,cv_20260827_req_0002942,cv_20260827_dev_0001724,4,allow,0.897497448564,0.920638394369,3,1.06464903608,1,1,2,high_risk_with_card_diversity|high_risk_with_card_switching
cv_20260827_evt_0007498,cv_20260827_req_0002943,cv_20260827_dev_0001724,5,allow,0.947371313804,0.978665935245,3,2.04331253099,2,2,4,high_risk_with_card_diversity|high_risk_with_card_switching|high_risk_with_ip_rotation|persistent_high_model_risk
cv_20260827_evt_0007500,cv_20260827_req_0002944,cv_20260827_dev_0001724,6,review,0.973742080317,1,4,3.04330550562,3,3,4,persistent_high_model_risk|high_risk_with_card_diversity|high_risk_with_card_switching|high_risk_with_ip_rotation
cv_20260827_evt_0007502,cv_20260827_req_0002945,cv_20260827_dev_0001724,7,block,0.9842778584,1,4,4.04329504205,4,4,4,persistent_high_model_risk|high_risk_with_card_diversity|high_risk_with_card_switching|high_risk_with_ip_rotation
cv_20260827_evt_0003440,cv_20260827_req_0001253,cv_20260827_dev_0000969,2,allow,0.10634045161,0.00548001258357,0,0.0171974726052,0,0,3,successful_checkout_risk_reduction|high_risk_with_card_diversity|cross_session_card_diversity|high_risk_with_ip_rotation
cv_20260827_evt_0002266,cv_20260827_req_0000824,cv_20260827_dev_0000644,1,allow,0.237627850795,0.028783095908,0,0.028783095908,0,0,0,
cv_20260827_evt_0003419,cv_20260827_req_0001245,cv_20260827_dev_0000963,1,allow,0.241741235073,0.028783095908,0,0.028783095908,0,0,0,
cv_20260827_evt_0001236,cv_20260827_req_0000447,cv_20260827_dev_0000358,1,allow,0.228194271905,0.028783095908,0,0.028783095908,0,0,0,
cv_20260827_evt_0010118,cv_20260827_req_0004221,cv_20260827_dev_0001853,7,block,0.945132730741,0.968667664035,1,4.83232755182,5,5,5,persistent_high_model_risk|high_risk_with_card_diversity|high_risk_with_card_switching|cross_session_card_diversity|high_risk_with_ip_rotation
cv_20260827_evt_0010120,cv_20260827_req_0004222,cv_20260827_dev_0001853,8,block,0.96691814504,0.987077221928,2,5.81894512352,6,6,5,persistent_high_model_risk|high_risk_with_card_diversity|high_risk_with_card_switching|cross_session_card_diversity|high_risk_with_ip_rotation
cv_20260827_evt_0010122,cv_20260827_req_0004223,cv_20260827_dev_0001853,9,block,0.969213290363,0.987077221928,1,6.80503542346,7,7,5,persistent_high_model_risk|high_risk_with_card_diversity|high_risk_with_card_switching|cross_session_card_diversity|high_risk_with_ip_rotation
cv_20260827_evt_0010124,cv_20260827_req_0004224,cv_20260827_dev_0001853,10,block,0.970475799981,1,2,7.8040762027,8,8,5,persistent_high_model_risk|high_risk_with_card_diversity|high_risk_with_card_switching|cross_session_card_diversity|high_risk_with_ip_rotation
cv_20260827_evt_0010126,cv_20260827_req_0004225,cv_20260827_dev_0001853,11,block,0.96989960967,0.987077221928,0,8.79088510715,9,9,4,persistent_high_model_risk|high_risk_with_card_diversity|cross_session_card_diversity|high_risk_with_ip_rotation
cv_20260827_evt_0010128,cv_20260827_req_0004226,cv_20260827_dev_0001853,12,block,0.918520294992,0.920638394369,0,9.71031458123,10,10,4,persistent_high_model_risk|high_risk_with_card_diversity|cross_session_card_diversity|high_risk_with_ip_rotation
cv_20260827_evt_0010130,cv_20260827_req_0004227,cv_20260827_dev_0001853,13,block,0.866380074044,0.891398729689,0,10.6001442818,11,11,4,persistent_high_model_risk|high_risk_with_card_diversity|cross_session_card_diversity|high_risk_with_ip_rotation
cv_20260827_evt_0001064,cv_20260827_req_0000386,cv_20260827_dev_0000309,1,allow,0.224351318736,0.0259720802764,0,0.0259720802764,0,0,0,
cv_20260827_evt_0003865,cv_20260827_req_0001409,cv_20260827_dev_0001088,1,allow,0.230133054231,0.028783095908,0,0.028783095908,0,0,0,
cv_20260827_evt_0012303,cv_20260827_req_0005280,cv_20260827_dev_0001991,1,allow,0.250967940392,0.028783095908,0,0.028783095908,0,0,0,
cv_20260827_evt_0012305,cv_20260827_req_0005281,cv_20260827_dev_0001991,2,allow,0.608318435237,0.474791810673,0,0.503555813076,0,0,1,high_risk_with_card_diversity
cv_20260827_evt_0012307,cv_20260827_req_0005282,cv_20260827_dev_0001991,3,allow,0.960071629628,0.978665935245,3,1.48187271563,1,1,2,high_risk_with_card_diversity|high_risk_with_card_switching
cv_20260827_evt_0005808,cv_20260827_req_0002191,cv_20260827_dev_0001499,1,allow,0.108763253984,0.00548001258357,0,0.00548001258357,0,0,0,
cv_20260827_evt_0000893,cv_20260827_req_0000324,cv_20260827_dev_0000261,1,allow,0.24621019039,0.028783095908,0,0.028783095908,0,0,0,
cv_20260827_evt_0005923,cv_20260827_req_0002234,cv_20260827_dev_0001532,1,allow,0.115070370425,0.00548001258357,0,0.00548001258357,0,0,0,
cv_20260827_evt_0003104,cv_20260827_req_0001131,cv_20260827_dev_0000878,2,allow,0.125894909447,0.00820512873941,0,0.0206732363039,0,0,1,successful_checkout_risk_reduction|high_risk_with_ip_rotation
cv_20260827_evt_0003890,cv_20260827_req_0001419,cv_20260827_dev_0001096,1,allow,0.24960790906,0.028783095908,0,0.028783095908,0,0,0,
cv_20260827_evt_0005557,cv_20260827_req_0002096,cv_20260827_dev_0001422,1,allow,0.113581629583,0.00548001258357,0,0.00548001258357,0,0,0,
cv_20260827_evt_0003158,cv_20260827_req_0001150,cv_20260827_dev_0000894,1,allow,0.219364143786,0.0259720802764,0,0.0259720802764,0,0,0,
cv_20260827_evt_0002409,cv_20260827_req_0000877,cv_20260827_dev_0000683,1,allow,0.213725786063,0.0259720802764,0,0.0259720802764,0,0,0,
cv_20260827_evt_0002116,cv_20260827_req_0000769,cv_20260827_dev_0000602,1,allow,0.218744352649,0.0259720802764,0,0.0259720802764,0,0,0,
cv_20260827_evt_0000231,cv_20260827_req_0000085,cv_20260827_dev_0000066,1,allow,0.198170537552,0.0250286633218,0,0.0250286633218,0,0,0,
cv_20260827_evt_0006380,cv_20260827_req_0002418,cv_20260827_dev_0001626,1,allow,0.135524902473,0.00820512873941,0,0.00820512873941,0,0,0,
cv_20260827_evt_0006382,cv_20260827_req_0002419,cv_20260827_dev_0001626,2,allow,0.330792228936,0.0930102271251,0,0.0995736906958,0,0,0,stable_retry_risk_reduction
cv_20260827_evt_0006384,cv_20260827_req_0002420,cv_20260827_dev_0001626,3,allow,0.46771976295,0.0930102271251,1,0.172665984411,0,0,0,stable_retry_risk_reduction
cv_20260827_evt_0005752,cv_20260827_req_0002169,cv_20260827_dev_0001481,1,allow,0.155804166915,0.0193933904297,0,0.0193933904297,0,0,0,
cv_20260827_evt_0002079,cv_20260827_req_0000756,cv_20260827_dev_0000592,1,allow,0.156185874591,0.0193933904297,0,0.0193933904297,0,0,0,
cv_20260827_evt_0001953,cv_20260827_req_0000710,cv_20260827_dev_0000557,1,allow,0.250462211252,0.028783095908,0,0.028783095908,0,0,0,
cv_20260827_evt_0010233,cv_20260827_req_0004276,cv_20260827_dev_0001860,1,allow,0.260465744139,0.0930102271251,0,0.0930102271251,0,0,0,
cv_20260827_evt_0010235,cv_20260827_req_0004277,cv_20260827_dev_0001860,2,allow,0.744287166636,0.474791810673,0,0.567796601518,0,0,0,
cv_20260827_evt_0004902,cv_20260827_req_0001838,cv_20260827_dev_0001274,1,allow,0.211109996504,0.0259720802764,0,0.0259720802764,0,0,0,
cv_20260827_evt_0004904,cv_20260827_req_0001839,cv_20260827_dev_0001274,2,allow,0.429489076658,0.0930102271251,0,0.118979509549,0,0,1,high_risk_with_card_diversity
cv_20260827_evt_0010237,cv_20260827_req_0004278,cv_20260827_dev_0001860,3,allow,0.90446472473,0.920638394369,1,1.48833088728,1,1,1,high_risk_with_card_diversity
cv_20260827_evt_0004906,cv_20260827_req_0001840,cv_20260827_dev_0001274,3,allow,0.620098386284,0.474791810673,2,0.593759184832,0,0,2,high_risk_with_card_diversity|high_risk_with_card_switching
cv_20260827_evt_0010239,cv_20260827_req_0004279,cv_20260827_dev_0001860,4,allow,0.963782513704,0.987077221928,1,2.47527677292,2,2,2,high_risk_with_card_diversity|persistent_high_model_risk
cv_20260827_evt_0010241,cv_20260827_req_0004280,cv_20260827_dev_0001860,5,review,0.958906696557,0.978665935245,1,3.45388313489,3,3,2,persistent_high_model_risk|high_risk_with_card_diversity
cv_20260827_evt_0004149,cv_20260827_req_0001514,cv_20260827_dev_0001172,1,allow,0.224639741305,0.0259720802764,0,0.0259720802764,0,0,0,
cv_20260827_evt_0012004,cv_20260827_req_0005135,cv_20260827_dev_0001971,5,review,0.803390644825,0.559667304185,2,2.20277620107,3,3,4,persistent_high_model_risk|high_risk_with_card_diversity|cross_session_card_diversity|high_risk_with_ip_rotation
cv_20260827_evt_0012140,cv_20260827_req_0005201,cv_20260827_dev_0001981,3,allow,0.7429760945,0.474791810673,0,0.888274385986,0,0,2,high_risk_with_card_diversity|cross_session_card_diversity
cv_20260827_evt_0012006,cv_20260827_req_0005136,cv_20260827_dev_0001971,6,review,0.936372889708,0.968667664035,2,3.16974802032,4,4,3,persistent_high_model_risk|high_risk_with_card_diversity|cross_session_card_diversity
cv_20260827_evt_0012142,cv_20260827_req_0005202,cv_20260827_dev_0001981,4,allow,0.981225399813,1,0,1.88727930987,1,1,2,high_risk_with_card_diversity|cross_session_card_diversity
cv_20260827_evt_0002358,cv_20260827_req_0000857,cv_20260827_dev_0000669,1,allow,0.103681318749,0.00548001258357,0,0.00548001258357,0,0,0,
cv_20260827_evt_0012144,cv_20260827_req_0005203,cv_20260827_dev_0001981,5,allow,0.984528940908,1,1,2.88625001844,2,2,3,high_risk_with_card_diversity|cross_session_card_diversity|persistent_high_model_risk
cv_20260827_evt_0002845,cv_20260827_req_0001037,cv_20260827_dev_0000802,1,allow,0.243110391041,0.028783095908,0,0.028783095908,0,0,0,
cv_20260827_evt_0011620,cv_20260827_req_0004950,cv_20260827_dev_0001942,1,allow,0.122893392216,0.00548001258357,0,0.00548001258357,0,0,0,
cv_20260827_evt_0011622,cv_20260827_req_0004951,cv_20260827_dev_0001942,2,allow,0.447772009548,0.0930102271251,0,0.0984880482474,0,0,1,high_risk_with_card_diversity
cv_20260827_evt_0005495,cv_20260827_req_0002073,cv_20260827_dev_0001402,1,allow,0.123688115196,0.00548001258357,0,0.00548001258357,0,0,0,
cv_20260827_evt_0002275,cv_20260827_req_0000827,cv_20260827_dev_0000647,1,allow,0.148002422702,0.0193933904297,0,0.0193933904297,0,0,0,
cv_20260827_evt_0003554,cv_20260827_req_0001295,cv_20260827_dev_0001002,3,allow,0.174852247458,0.0250286633218,0,0.268701589396,0,0,2,successful_checkout_risk_reduction|high_risk_with_card_diversity|cross_session_card_diversity
cv_20260827_evt_0001874,cv_20260827_req_0000681,cv_20260827_dev_0000534,1,allow,0.213656194474,0.0259720802764,0,0.0259720802764,0,0,0,
cv_20260827_evt_0010529,cv_20260827_req_0004419,cv_20260827_dev_0001877,1,allow,0.208552219571,0.0259720802764,0,0.0259720802764,0,0,0,
cv_20260827_evt_0010531,cv_20260827_req_0004420,cv_20260827_dev_0001877,2,allow,0.51181167416,0.284737559009,0,0.310708508202,0,0,0,
cv_20260827_evt_0010533,cv_20260827_req_0004421,cv_20260827_dev_0001877,3,allow,0.814929706241,0.600137524197,0,0.848686953892,1,1,0,stable_retry_risk_reduction
cv_20260827_evt_0010535,cv_20260827_req_0004422,cv_20260827_dev_0001877,4,allow,0.870029902717,0.920638394369,0,1.76922030745,2,2,2,high_risk_with_card_diversity|persistent_high_model_risk
cv_20260827_evt_0010537,cv_20260827_req_0004423,cv_20260827_dev_0001877,5,review,0.948760829145,0.978665935245,2,2.74782338628,3,3,3,persistent_high_model_risk|high_risk_with_card_diversity|high_risk_with_card_switching
cv_20260827_evt_0010539,cv_20260827_req_0004424,cv_20260827_dev_0001877,6,block,0.967590515127,0.987077221928,3,3.73479983513,4,4,3,persistent_high_model_risk|high_risk_with_card_diversity|high_risk_with_card_switching
cv_20260827_evt_0006680,cv_20260827_req_0002554,cv_20260827_dev_0001664,1,allow,0.152831461999,0.0193933904297,0,0.0193933904297,0,0,0,
cv_20260827_evt_0006682,cv_20260827_req_0002555,cv_20260827_dev_0001664,2,allow,0.363933463367,0.0930102271251,0,0.108523339257,0,0,0,stable_retry_risk_reduction
cv_20260827_evt_0006684,cv_20260827_req_0002556,cv_20260827_dev_0001664,3,allow,0.508398192779,0.284737559009,1,0.371546479878,0,0,0,stable_retry_risk_reduction
cv_20260827_evt_0000014,cv_20260827_req_0000006,cv_20260827_dev_0000004,3,allow,0.741793000525,0.474791810673,0,0.691848789213,0,0,0,
cv_20260827_evt_0003445,cv_20260827_req_0001255,cv_20260827_dev_0000971,1,allow,0.217252577203,0.0259720802764,0,0.0259720802764,0,0,0,
cv_20260827_evt_0000110,cv_20260827_req_0000040,cv_20260827_dev_0000034,1,allow,0.198417593464,0.0250286633218,0,0.0250286633218,0,0,0,
cv_20260827_evt_0006638,cv_20260827_req_0002535,cv_20260827_dev_0001659,1,allow,0.127335842115,0.00820512873941,0,0.00820512873941,0,0,0,
cv_20260827_evt_0006640,cv_20260827_req_0002536,cv_20260827_dev_0001659,2,allow,0.321460618247,0.0930102271251,0,0.0995738862767,0,0,0,stable_retry_risk_reduction
cv_20260827_evt_0006642,cv_20260827_req_0002537,cv_20260827_dev_0001659,3,allow,0.452200646145,0.0930102271251,1,0.172664588925,0,0,0,stable_retry_risk_reduction
cv_20260827_evt_0006644,cv_20260827_req_0002538,cv_20260827_dev_0001659,4,allow,0.680920984188,0.474791810673,1,0.647449077939,0,0,0,
cv_20260827_evt_0002345,cv_20260827_req_0000852,cv_20260827_dev_0000665,1,allow,0.246248625347,0.028783095908,0,0.028783095908,0,0,0,
cv_20260827_evt_0003582,cv_20260827_req_0001305,cv_20260827_dev_0001010,1,allow,0.171456196744,0.0250286633218,0,0.0250286633218,0,0,0,
cv_20260827_evt_0005542,cv_20260827_req_0002090,cv_20260827_dev_0001417,1,allow,0.148015258434,0.0193933904297,0,0.0193933904297,0,0,0,
cv_20260827_evt_0012280,cv_20260827_req_0005269,cv_20260827_dev_0001989,3,allow,0.870471419121,0.920638394369,1,1.84005298951,2,2,4,high_risk_with_card_diversity|cross_session_card_diversity|high_risk_with_ip_rotation|persistent_high_model_risk
cv_20260827_evt_0012282,cv_20260827_req_0005270,cv_20260827_dev_0001989,4,review,0.921987204316,0.920638394369,2,2.75956349931,3,3,5,persistent_high_model_risk|high_risk_with_card_diversity|high_risk_with_card_switching|cross_session_card_diversity|high_risk_with_ip_rotation
cv_20260827_evt_0011709,cv_20260827_req_0004993,cv_20260827_dev_0001949,4,allow,0.711354366913,0.474791810673,0,1.68403429917,1,0,2,high_risk_with_card_diversity|cross_session_card_diversity
cv_20260827_evt_0011711,cv_20260827_req_0004994,cv_20260827_dev_0001949,5,allow,0.884946538185,0.920638394369,0,2.60359800852,2,1,3,high_risk_with_card_diversity|cross_session_card_diversity|persistent_high_model_risk
cv_20260827_evt_0011713,cv_20260827_req_0004995,cv_20260827_dev_0001949,6,review,0.935430694961,0.968667664035,0,3.57132590646,3,2,3,persistent_high_model_risk|high_risk_with_card_diversity|cross_session_card_diversity
cv_20260827_evt_0001102,cv_20260827_req_0000400,cv_20260827_dev_0000321,1,allow,0.236205203398,0.028783095908,0,0.028783095908,0,0,0,
cv_20260827_evt_0001601,cv_20260827_req_0000581,cv_20260827_dev_0000459,1,allow,0.212614301217,0.0259720802764,0,0.0259720802764,0,0,0,
cv_20260827_evt_0006151,cv_20260827_req_0002318,cv_20260827_dev_0001599,1,allow,0.125710957434,0.00820512873941,0,0.00820512873941,0,0,0,
cv_20260827_evt_0001019,cv_20260827_req_0000370,cv_20260827_dev_0000296,1,allow,0.157637816547,0.0250286633218,0,0.0250286633218,0,0,0,
cv_20260827_evt_0004695,cv_20260827_req_0001746,cv_20260827_dev_0001251,1,allow,0.208056874859,0.0250286633218,0,0.0250286633218,0,0,0,
cv_20260827_evt_0004697,cv_20260827_req_0001747,cv_20260827_dev_0001251,2,allow,0.377523965773,0.0930102271251,0,0.118038202022,0,0,1,high_risk_with_card_diversity
cv_20260827_evt_0004699,cv_20260827_req_0001748,cv_20260827_dev_0001251,3,allow,0.796011570883,0.559667304185,2,0.677698877633,1,1,2,high_risk_with_card_diversity|high_risk_with_card_switching
cv_20260827_evt_0000822,cv_20260827_req_0000299,cv_20260827_dev_0000238,1,allow,0.199490048702,0.0250286633218,0,0.0250286633218,0,0,0,
cv_20260827_evt_0000970,cv_20260827_req_0000352,cv_20260827_dev_0000282,1,allow,0.215260976413,0.0259720802764,0,0.0259720802764,0,0,0,
cv_20260827_evt_0011288,cv_20260827_req_0004788,cv_20260827_dev_0001920,7,block,0.88822272549,0.920638394369,3,4.22735036614,4,3,3,persistent_high_model_risk|high_risk_with_card_diversity|cross_session_card_diversity
cv_20260827_evt_0003834,cv_20260827_req_0001398,cv_20260827_dev_0001080,1,allow,0.239810606736,0.028783095908,0,0.028783095908,0,0,0,
cv_20260827_evt_0003669,cv_20260827_req_0001336,cv_20260827_dev_0001034,1,allow,0.211610667844,0.0259720802764,0,0.0259720802764,0,0,0,
cv_20260827_evt_0000081,cv_20260827_req_0000030,cv_20260827_dev_0000027,1,allow,0.180779095273,0.0250286633218,0,0.0250286633218,0,0,0,
cv_20260827_evt_0011290,cv_20260827_req_0004789,cv_20260827_dev_0001920,8,block,0.877678943723,0.920638394369,3,5.14434698955,5,4,3,persistent_high_model_risk|high_risk_with_card_diversity|cross_session_card_diversity
cv_20260827_evt_0005592,cv_20260827_req_0002109,cv_20260827_dev_0001434,1,allow,0.152402962625,0.0193933904297,0,0.0193933904297,0,0,0,
cv_20260827_evt_0004627,cv_20260827_req_0001716,cv_20260827_dev_0001244,1,allow,0.143987509482,0.0116357732377,0,0.0116357732377,0,0,0,
cv_20260827_evt_0004629,cv_20260827_req_0001717,cv_20260827_dev_0001244,2,allow,0.463417765228,0.0930102271251,0,0.104644786897,0,0,0,
cv_20260827_evt_0004631,cv_20260827_req_0001718,cv_20260827_dev_0001244,3,allow,0.622151671572,0.474791810673,1,0.57942940196,0,0,1,high_risk_with_card_diversity
cv_20260827_evt_0007913,cv_20260827_req_0003145,cv_20260827_dev_0001747,1,allow,0.223667370464,0.0259720802764,0,0.0259720802764,0,0,0,
cv_20260827_evt_0007915,cv_20260827_req_0003146,cv_20260827_dev_0001747,2,allow,0.393800879621,0.0930102271251,0,0.118982188338,0,0,0,
cv_20260827_evt_0007917,cv_20260827_req_0003147,cv_20260827_dev_0001747,3,allow,0.818121680794,0.627563763201,0,0.746545542451,1,1,1,high_risk_with_card_diversity
cv_20260827_evt_0007919,cv_20260827_req_0003148,cv_20260827_dev_0001747,4,allow,0.869454206258,0.920638394369,2,1.66718308122,2,2,2,high_risk_with_card_diversity|persistent_high_model_risk
cv_20260827_evt_0007921,cv_20260827_req_0003149,cv_20260827_dev_0001747,5,review,0.967322870538,0.987077221928,3,2.654254571,3,3,2,persistent_high_model_risk|high_risk_with_card_diversity
cv_20260827_evt_0007923,cv_20260827_req_0003150,cv_20260827_dev_0001747,6,block,0.99576570577,1,6,3.65424544508,4,4,3,rule_corroborated_block|high_risk_with_card_diversity|high_risk_with_card_switching|persistent_high_model_risk
cv_20260827_evt_0007925,cv_20260827_req_0003151,cv_20260827_dev_0001747,7,block,0.993902393139,1,6,4.65424125704,5,5,4,rule_corroborated_block|high_risk_with_card_diversity|high_risk_with_card_switching|high_risk_with_ip_rotation|persistent_high_model_risk
cv_20260827_evt_0005190,cv_20260827_req_0001962,cv_20260827_dev_0001318,1,allow,0.140663394211,0.0116357732377,0,0.0116357732377,0,0,0,
cv_20260827_evt_0001437,cv_20260827_req_0000522,cv_20260827_dev_0000415,1,allow,0.204648685965,0.0250286633218,0,0.0250286633218,0,0,0,
cv_20260827_evt_0003504,cv_20260827_req_0001277,cv_20260827_dev_0000988,2,allow,0.0765527713464,0,0,0.00875109928115,0,0,0,successful_checkout_risk_reduction
cv_20260827_evt_0006602,cv_20260827_req_0002519,cv_20260827_dev_0001655,1,allow,0.146818004089,0.0193933904297,0,0.0193933904297,0,0,0,
cv_20260827_evt_0006604,cv_20260827_req_0002520,cv_20260827_dev_0001655,2,allow,0.349853288467,0.0930102271251,0,0.108524459388,0,0,0,stable_retry_risk_reduction
cv_20260827_evt_0002232,cv_20260827_req_0000812,cv_20260827_dev_0000635,1,allow,0.228303706495,0.028783095908,0,0.028783095908,0,0,0,
cv_20260827_evt_0006606,cv_20260827_req_0002521,cv_20260827_dev_0001655,3,allow,0.475186216504,0.284737559009,1,0.371549763692,0,0,0,stable_retry_risk_reduction
cv_20260827_evt_0011662,cv_20260827_req_0004970,cv_20260827_dev_0001945,3,allow,0.594650937417,0.474791810673,1,0.571610413615,0,0,3,high_risk_with_card_diversity|cross_session_card_diversity|high_risk_with_ip_rotation
cv_20260827_evt_0006303,cv_20260827_req_0002384,cv_20260827_dev_0001617,1,allow,0.122926979781,0.00548001258357,0,0.00548001258357,0,0,0,
cv_20260827_evt_0001647,cv_20260827_req_0000597,cv_20260827_dev_0000469,1,allow,0.165452109296,0.0250286633218,0,0.0250286633218,0,0,0,
cv_20260827_evt_0006305,cv_20260827_req_0002385,cv_20260827_dev_0001617,2,allow,0.274042409826,0.0930102271251,0,0.0984898880112,0,0,1,high_risk_with_card_diversity
cv_20260827_evt_0006307,cv_20260827_req_0002386,cv_20260827_dev_0001617,3,allow,0.475984932362,0.284737559009,2,0.383217740079,0,0,2,high_risk_with_card_diversity|high_risk_with_card_switching
cv_20260827_evt_0000875,cv_20260827_req_0000317,cv_20260827_dev_0000255,1,allow,0.254684220231,0.0690182853703,0,0.0690182853703,0,0,0,
cv_20260827_evt_0011664,cv_20260827_req_0004971,cv_20260827_dev_0001945,4,allow,0.915372026695,0.920638394369,1,1.49150116246,1,1,1,high_risk_with_card_diversity
cv_20260827_evt_0011666,cv_20260827_req_0004972,cv_20260827_dev_0001945,5,allow,0.979227506224,1,2,2.49080219203,2,2,4,high_risk_with_card_diversity|high_risk_with_card_switching|cross_session_card_diversity|persistent_high_model_risk
cv_20260827_evt_0000398,cv_20260827_req_0000146,cv_20260827_dev_0000117,1,allow,0.202443970654,0.0250286633218,0,0.0250286633218,0,0,0,
cv_20260827_evt_0005932,cv_20260827_req_0002238,cv_20260827_dev_0001534,2,allow,0.0635534142,0,0,0.00966010358538,0,0,1,successful_checkout_risk_reduction|high_risk_with_ip_rotation
cv_20260827_evt_0002867,cv_20260827_req_0001045,cv_20260827_dev_0000810,1,allow,0.159017612741,0.0250286633218,0,0.0250286633218,0,0,0,
cv_20260827_evt_0003354,cv_20260827_req_0001221,cv_20260827_dev_0000944,1,allow,0.251708303448,0.028783095908,0,0.028783095908,0,0,0,
cv_20260827_evt_0005254,cv_20260827_req_0001985,cv_20260827_dev_0001337,1,allow,0.134485036766,0.00820512873941,0,0.00820512873941,0,0,0,
cv_20260827_evt_0005490,cv_20260827_req_0002071,cv_20260827_dev_0001400,1,allow,0.137060662177,0.0116357732377,0,0.0116357732377,0,0,0,
cv_20260827_evt_0000589,cv_20260827_req_0000215,cv_20260827_dev_0000172,1,allow,0.14392723781,0.0116357732377,0,0.0116357732377,0,0,0,
cv_20260827_evt_0001360,cv_20260827_req_0000493,cv_20260827_dev_0000398,1,allow,0.225615110909,0.028783095908,0,0.028783095908,0,0,0,
cv_20260827_evt_0001362,cv_20260827_req_0000494,cv_20260827_dev_0000398,2,allow,0.449830959533,0.0930102271251,0,0.12179206953,0,0,1,high_risk_with_card_diversity
cv_20260827_evt_0001632,cv_20260827_req_0000592,cv_20260827_dev_0000465,1,allow,0.188183060423,0.0250286633218,0,0.0250286633218,0,0,0,
cv_20260827_evt_0001347,cv_20260827_req_0000488,cv_20260827_dev_0000394,1,allow,0.130431267392,0.00820512873941,0,0.00820512873941,0,0,0,
cv_20260827_evt_0001349,cv_20260827_req_0000489,cv_20260827_dev_0000394,2,allow,0.476945074784,0.284737559009,0,0.292941531174,0,0,0,
cv_20260827_evt_0005221,cv_20260827_req_0001973,cv_20260827_dev_0001328,2,allow,0.0493273576658,0,0,0.00966092289036,0,0,2,successful_checkout_risk_reduction|high_risk_with_card_diversity|cross_session_card_diversity
cv_20260827_evt_0007852,cv_20260827_req_0003115,cv_20260827_dev_0001744,1,allow,0.255510585056,0.0690182853703,0,0.0690182853703,0,0,0,
cv_20260827_evt_0007854,cv_20260827_req_0003116,cv_20260827_dev_0001744,2,allow,0.555015188541,0.474791810673,0,0.543809779643,0,0,0,
cv_20260827_evt_0007856,cv_20260827_req_0003117,cv_20260827_dev_0001744,3,allow,0.835347529699,0.690081906596,0,1.23388919325,1,1,0,
cv_20260827_evt_0007858,cv_20260827_req_0003118,cv_20260827_dev_0001744,4,allow,0.880628798532,0.920638394369,2,2.15452475936,2,2,1,persistent_high_model_risk
cv_20260827_evt_0007860,cv_20260827_req_0003119,cv_20260827_dev_0001744,5,review,0.93701110556,0.968667664035,3,3.1231874849,3,3,2,persistent_high_model_risk|high_risk_with_ip_rotation
cv_20260827_evt_0007862,cv_20260827_req_0003120,cv_20260827_dev_0001744,6,block,0.958251420452,0.978665935245,4,4.10183910253,4,4,2,persistent_high_model_risk|high_risk_with_ip_rotation
cv_20260827_evt_0007864,cv_20260827_req_0003121,cv_20260827_dev_0001744,7,block,0.922486233325,0.920638394369,4,5.02246339386,5,5,3,persistent_high_model_risk|high_risk_with_card_diversity|high_risk_with_ip_rotation
cv_20260827_evt_0007866,cv_20260827_req_0003122,cv_20260827_dev_0001744,8,block,0.967099854647,0.987077221928,4,6.00952910354,6,6,3,persistent_high_model_risk|high_risk_with_card_diversity|high_risk_with_ip_rotation
cv_20260827_evt_0007868,cv_20260827_req_0003123,cv_20260827_dev_0001744,9,block,0.973830264153,1,4,7.00950844143,7,7,3,persistent_high_model_risk|high_risk_with_card_diversity|high_risk_with_ip_rotation
cv_20260827_evt_0007870,cv_20260827_req_0003124,cv_20260827_dev_0001744,10,block,0.976322124063,1,4,8.00948434117,8,8,3,persistent_high_model_risk|high_risk_with_card_diversity|high_risk_with_ip_rotation
cv_20260827_evt_0007872,cv_20260827_req_0003125,cv_20260827_dev_0001744,11,block,0.982641580448,1,4,9.00945680277,9,9,3,persistent_high_model_risk|high_risk_with_card_diversity|high_risk_with_ip_rotation
cv_20260827_evt_0007874,cv_20260827_req_0003126,cv_20260827_dev_0001744,12,block,0.980559527659,1,4,10.0094155008,10,10,3,persistent_high_model_risk|high_risk_with_card_diversity|high_risk_with_ip_rotation
cv_20260827_evt_0000254,cv_20260827_req_0000093,cv_20260827_dev_0000074,1,allow,0.243682423882,0.028783095908,0,0.028783095908,0,0,0,
cv_20260827_evt_0003840,cv_20260827_req_0001400,cv_20260827_dev_0001082,1,allow,0.167261385659,0.0250286633218,0,0.0250286633218,0,0,0,
cv_20260827_evt_0006119,cv_20260827_req_0002306,cv_20260827_dev_0001588,1,allow,0.128858443653,0.00820512873941,0,0.00820512873941,0,0,0,
cv_20260827_evt_0008558,cv_20260827_req_0003461,cv_20260827_dev_0001775,1,allow,0.226448345529,0.028783095908,0,0.028783095908,0,0,0,
cv_20260827_evt_0008560,cv_20260827_req_0003462,cv_20260827_dev_0001775,2,allow,0.509463891034,0.284737559009,0,0.307763930175,0,0,0,stable_retry_risk_reduction
cv_20260827_evt_0008562,cv_20260827_req_0003463,cv_20260827_dev_0001775,3,allow,0.812387297646,0.584793744945,1,0.892556264238,1,1,0,
cv_20260827_evt_0008564,cv_20260827_req_0003464,cv_20260827_dev_0001775,4,allow,0.904371332079,0.920638394369,3,1.81319363567,2,2,1,high_risk_with_card_diversity
cv_20260827_evt_0008566,cv_20260827_req_0003465,cv_20260827_dev_0001775,5,review,0.964060501597,0.987077221928,4,2.80026877954,3,3,3,persistent_high_model_risk|high_risk_with_card_diversity|high_risk_with_card_switching
cv_20260827_evt_0008568,cv_20260827_req_0003466,cv_20260827_dev_0001775,6,review,0.976968311322,1,5,3.80025915159,4,4,4,rule_corroborated_review|high_risk_with_card_diversity|high_risk_with_card_switching|high_risk_with_ip_rotation|persistent_high_model_risk
cv_20260827_evt_0008570,cv_20260827_req_0003467,cv_20260827_dev_0001775,7,block,0.991065448575,1,5,4.80024608545,5,5,4,persistent_high_model_risk|high_risk_with_card_diversity|high_risk_with_card_switching|high_risk_with_ip_rotation
cv_20260827_evt_0008572,cv_20260827_req_0003468,cv_20260827_dev_0001775,8,block,0.994165221147,1,5,5.800240584,6,6,4,persistent_high_model_risk|high_risk_with_card_diversity|high_risk_with_card_switching|high_risk_with_ip_rotation
cv_20260827_evt_0008574,cv_20260827_req_0003469,cv_20260827_dev_0001775,9,block,0.992143042801,1,5,6.80021399398,7,7,4,persistent_high_model_risk|high_risk_with_card_diversity|high_risk_with_card_switching|high_risk_with_ip_rotation
cv_20260827_evt_0008576,cv_20260827_req_0003470,cv_20260827_dev_0001775,10,block,0.996087364401,1,5,7.80019061332,8,8,4,persistent_high_model_risk|high_risk_with_card_diversity|high_risk_with_card_switching|high_risk_with_ip_rotation
cv_20260827_evt_0005294,cv_20260827_req_0002000,cv_20260827_dev_0001347,2,allow,0.0391267603685,0,0,0.00408722806647,0,0,0,successful_checkout_risk_reduction
cv_20260827_evt_0012228,cv_20260827_req_0005244,cv_20260827_dev_0001986,3,allow,0.656023353844,0.474791810673,0,0.928527548365,0,0,0,
cv_20260827_evt_0002980,cv_20260827_req_0001086,cv_20260827_dev_0000844,1,allow,0.230794129735,0.028783095908,0,0.028783095908,0,0,0,
cv_20260827_evt_0012230,cv_20260827_req_0005245,cv_20260827_dev_0001986,4,allow,0.724639633176,0.474791810673,0,1.40297676152,0,0,0,
cv_20260827_evt_0001812,cv_20260827_req_0000658,cv_20260827_dev_0000515,2,allow,0.0786642165604,0.00548001258357,0,0.0336810912354,0,0,1,successful_checkout_risk_reduction|high_risk_with_ip_rotation
cv_20260827_evt_0005337,cv_20260827_req_0002016,cv_20260827_dev_0001360,1,allow,0.130099451664,0.00820512873941,0,0.00820512873941,0,0,0,
cv_20260827_evt_0004361,cv_20260827_req_0001598,cv_20260827_dev_0001213,1,allow,0.24960790906,0.028783095908,0,0.028783095908,0,0,0,
cv_20260827_evt_0004363,cv_20260827_req_0001599,cv_20260827_dev_0001213,2,allow,0.471628540212,0.198123499891,0,0.226903396176,0,0,0,
cv_20260827_evt_0004365,cv_20260827_req_0001600,cv_20260827_dev_0001213,3,allow,0.801679248048,0.559667304185,1,0.786557958333,1,1,0,
cv_20260827_evt_0004367,cv_20260827_req_0001601,cv_20260827_dev_0001213,4,allow,0.850512815145,0.834086215288,1,1.62057566597,2,2,1,high_risk_with_card_diversity
cv_20260827_evt_0008973,cv_20260827_req_0003662,cv_20260827_dev_0001795,1,allow,0.20316958522,0.0250286633218,0,0.0250286633218,0,0,0,
cv_20260827_evt_0008975,cv_20260827_req_0003663,cv_20260827_dev_0001795,2,allow,0.390093399684,0.0930102271251,0,0.118038833077,0,0,0,
cv_20260827_evt_0008977,cv_20260827_req_0003664,cv_20260827_dev_0001795,3,allow,0.852392098771,0.834086215288,1,0.952124642522,1,1,0,
cv_20260827_evt_0008979,cv_20260827_req_0003665,cv_20260827_dev_0001795,4,allow,0.887673254689,0.920638394369,3,1.87276194568,2,2,2,high_risk_with_card_diversity|persistent_high_model_risk
cv_20260827_evt_0008981,cv_20260827_req_0003666,cv_20260827_dev_0001795,5,review,0.970355284786,1,5,2.87275336039,3,3,4,rule_corroborated_review|high_risk_with_card_diversity|high_risk_with_card_switching|high_risk_with_ip_rotation|persistent_high_model_risk
cv_20260827_evt_0008983,cv_20260827_req_0003667,cv_20260827_dev_0001795,6,block,0.985249497207,1,6,3.8727467756,4,4,4,rule_corroborated_block|high_risk_with_card_diversity|high_risk_with_card_switching|high_risk_with_ip_rotation|persistent_high_model_risk
cv_20260827_evt_0008985,cv_20260827_req_0003668,cv_20260827_dev_0001795,7,block,0.990499574042,1,6,4.87272902179,5,5,4,rule_corroborated_block|high_risk_with_card_diversity|high_risk_with_card_switching|high_risk_with_ip_rotation|persistent_high_model_risk
cv_20260827_evt_0008208,cv_20260827_req_0003290,cv_20260827_dev_0001760,1,allow,0.224892327014,0.0259720802764,0,0.0259720802764,0,0,0,
cv_20260827_evt_0008210,cv_20260827_req_0003291,cv_20260827_dev_0001760,2,allow,0.443262626224,0.0930102271251,0,0.118982218104,0,0,1,high_risk_with_card_diversity
cv_20260827_evt_0008212,cv_20260827_req_0003292,cv_20260827_dev_0001760,3,allow,0.869219000933,0.920638394369,3,1.03962006702,1,1,2,high_risk_with_card_diversity|high_risk_with_card_switching
cv_20260827_evt_0008214,cv_20260827_req_0003293,cv_20260827_dev_0001760,4,allow,0.894106876843,0.920638394369,4,1.96025726991,2,2,3,high_risk_with_card_diversity|high_risk_with_card_switching|persistent_high_model_risk
cv_20260827_evt_0008216,cv_20260827_req_0003294,cv_20260827_dev_0001760,5,review,0.959253608813,0.978665935245,4,2.93891646535,3,3,3,persistent_high_model_risk|high_risk_with_card_diversity|high_risk_with_card_switching
cv_20260827_evt_0008218,cv_20260827_req_0003295,cv_20260827_dev_0001760,6,block,0.985011339889,1,5,3.9389063607,4,4,3,persistent_high_model_risk|high_risk_with_card_diversity|high_risk_with_card_switching
cv_20260827_evt_0008220,cv_20260827_req_0003296,cv_20260827_dev_0001760,7,block,0.988488122312,1,5,4.93889281785,5,5,4,persistent_high_model_risk|high_risk_with_card_diversity|high_risk_with_card_switching|high_risk_with_ip_rotation
cv_20260827_evt_0008222,cv_20260827_req_0003297,cv_20260827_dev_0001760,8,block,0.973875348257,1,5,5.93888149717,6,6,4,persistent_high_model_risk|high_risk_with_card_diversity|high_risk_with_card_switching|high_risk_with_ip_rotation
cv_20260827_evt_0008224,cv_20260827_req_0003298,cv_20260827_dev_0001760,9,block,0.989147808669,1,5,6.93886107796,7,7,4,persistent_high_model_risk|high_risk_with_card_diversity|high_risk_with_card_switching|high_risk_with_ip_rotation
cv_20260827_evt_0008226,cv_20260827_req_0003299,cv_20260827_dev_0001760,10,block,0.993860923629,1,5,7.9388372206,8,8,4,persistent_high_model_risk|high_risk_with_card_diversity|high_risk_with_card_switching|high_risk_with_ip_rotation
cv_20260827_evt_0008228,cv_20260827_req_0003300,cv_20260827_dev_0001760,11,block,0.994338444932,1,5,8.93880082662,9,9,4,persistent_high_model_risk|high_risk_with_card_diversity|high_risk_with_card_switching|high_risk_with_ip_rotation
cv_20260827_evt_0001472,cv_20260827_req_0000535,cv_20260827_dev_0000422,3,allow,0.709777635827,0.474791810673,0,0.565288003755,0,0,2,high_risk_with_card_diversity|cross_session_card_diversity
cv_20260827_evt_0004222,cv_20260827_req_0001539,cv_20260827_dev_0001195,1,allow,0.233081329207,0.028783095908,0,0.028783095908,0,0,0,
cv_20260827_evt_0006220,cv_20260827_req_0002348,cv_20260827_dev_0001609,1,allow,0.0929869976123,0.00548001258357,0,0.00548001258357,0,0,0,
cv_20260827_evt_0006222,cv_20260827_req_0002349,cv_20260827_dev_0001609,2,allow,0.324932615641,0.0930102271251,0,0.0984899759334,0,0,0,
cv_20260827_evt_0006224,cv_20260827_req_0002350,cv_20260827_dev_0001609,3,allow,0.718808973972,0.474791810673,1,0.553576296739,0,0,0,stable_retry_risk_reduction
cv_20260827_evt_0001239,cv_20260827_req_0000448,cv_20260827_dev_0000359,1,allow,0.123426351031,0.00548001258357,0,0.00548001258357,0,0,0,
cv_20260827_evt_0012351,cv_20260827_req_0005303,cv_20260827_dev_0001993,5,allow,0.787830610005,0.488843813387,2,1.95346742466,1,0,2,high_risk_with_card_diversity|cross_session_card_diversity
cv_20260827_evt_0012353,cv_20260827_req_0005304,cv_20260827_dev_0001993,6,allow,0.868672495392,0.920638394369,2,2.87262427999,2,1,3,high_risk_with_card_diversity|cross_session_card_diversity|persistent_high_model_risk
cv_20260827_evt_0005907,cv_20260827_req_0002228,cv_20260827_dev_0001527,1,allow,0.12025083874,0.00548001258357,0,0.00548001258357,0,0,0,
cv_20260827_evt_0012355,cv_20260827_req_0005305,cv_20260827_dev_0001993,7,review,0.985988650691,1,2,3.87056407205,3,2,3,persistent_high_model_risk|high_risk_with_card_diversity|cross_session_card_diversity
cv_20260827_evt_0010132,cv_20260827_req_0004228,cv_20260827_dev_0001853,14,block,0.781497073014,0.474791810673,2,10.0821535114,11,0,4,persistent_high_model_risk|high_risk_with_card_diversity|cross_session_card_diversity|high_risk_with_ip_rotation
cv_20260827_evt_0010134,cv_20260827_req_0004229,cv_20260827_dev_0001853,15,block,0.865709423669,0.888720283257,2,10.9704924895,12,1,4,persistent_high_model_risk|high_risk_with_card_diversity|cross_session_card_diversity|high_risk_with_ip_rotation
cv_20260827_evt_0010136,cv_20260827_req_0004230,cv_20260827_dev_0001853,16,block,0.869360857586,0.920638394369,2,11.8900873724,13,2,4,persistent_high_model_risk|high_risk_with_card_diversity|cross_session_card_diversity|high_risk_with_ip_rotation
cv_20260827_evt_0010138,cv_20260827_req_0004231,cv_20260827_dev_0001853,17,block,0.904501866878,0.920638394369,2,12.8101807012,14,3,4,persistent_high_model_risk|high_risk_with_card_diversity|cross_session_card_diversity|high_risk_with_ip_rotation
cv_20260827_evt_0001946,cv_20260827_req_0000707,cv_20260827_dev_0000555,1,allow,0.235981113477,0.028783095908,0,0.028783095908,0,0,0,
cv_20260827_evt_0010140,cv_20260827_req_0004232,cv_20260827_dev_0001853,18,block,0.805613551712,0.584793744945,2,13.3940348678,15,4,3,persistent_high_model_risk|high_risk_with_card_diversity|cross_session_card_diversity
cv_20260827_evt_0010142,cv_20260827_req_0004233,cv_20260827_dev_0001853,19,block,0.883202133601,0.920638394369,2,14.3135987639,15,5,3,persistent_high_model_risk|high_risk_with_card_diversity|cross_session_card_diversity
cv_20260827_evt_0000739,cv_20260827_req_0000269,cv_20260827_dev_0000214,1,allow,0.239999416511,0.028783095908,0,0.028783095908,0,0,0,
cv_20260827_evt_0006809,cv_20260827_req_0002612,cv_20260827_dev_0001681,1,allow,0.15507016497,0.0193933904297,0,0.0193933904297,0,0,0,
cv_20260827_evt_0006811,cv_20260827_req_0002613,cv_20260827_dev_0001681,2,allow,0.364652040617,0.0930102271251,0,0.108523552609,0,0,0,stable_retry_risk_reduction
cv_20260827_evt_0006813,cv_20260827_req_0002614,cv_20260827_dev_0001681,3,allow,0.512061395337,0.284737559009,1,0.371550530732,0,0,0,stable_retry_risk_reduction
cv_20260827_evt_0009659,cv_20260827_req_0003997,cv_20260827_dev_0001826,1,allow,0.150964049587,0.0193933904297,0,0.0193933904297,0,0,0,
cv_20260827_evt_0009661,cv_20260827_req_0003998,cv_20260827_dev_0001826,2,allow,0.54589726468,0.474791810673,0,0.494183489752,0,0,1,high_risk_with_card_diversity
cv_20260827_evt_0009663,cv_20260827_req_0003999,cv_20260827_dev_0001826,3,allow,0.917048957928,0.920638394369,1,1.41474882751,1,1,1,high_risk_with_card_diversity
cv_20260827_evt_0009665,cv_20260827_req_0004000,cv_20260827_dev_0001826,4,allow,0.951598297356,0.978665935245,0,2.39332234537,2,2,2,high_risk_with_card_diversity|persistent_high_model_risk
cv_20260827_evt_0009667,cv_20260827_req_0004001,cv_20260827_dev_0001826,5,review,0.948431798416,0.978665935245,1,3.3716454388,3,3,2,persistent_high_model_risk|high_risk_with_card_diversity
cv_20260827_evt_0009669,cv_20260827_req_0004002,cv_20260827_dev_0001826,6,block,0.966317026074,0.987077221928,1,4.35808513391,4,4,3,persistent_high_model_risk|high_risk_with_card_diversity|high_risk_with_ip_rotation
cv_20260827_evt_0009671,cv_20260827_req_0004003,cv_20260827_dev_0001826,7,block,0.981625205181,1,1,5.35778046788,5,5,3,persistent_high_model_risk|high_risk_with_card_diversity|high_risk_with_ip_rotation
cv_20260827_evt_0009673,cv_20260827_req_0004004,cv_20260827_dev_0001826,8,block,0.985193344564,1,1,6.35708050489,6,6,3,persistent_high_model_risk|high_risk_with_card_diversity|high_risk_with_ip_rotation
cv_20260827_evt_0003177,cv_20260827_req_0001157,cv_20260827_dev_0000898,1,allow,0.209751080735,0.0259720802764,0,0.0259720802764,0,0,0,
cv_20260827_evt_0003179,cv_20260827_req_0001158,cv_20260827_dev_0000898,2,allow,0.506776990784,0.284737559009,0,0.310704817641,0,0,0,
cv_20260827_evt_0002157,cv_20260827_req_0000784,cv_20260827_dev_0000612,1,allow,0.226448345529,0.028783095908,0,0.028783095908,0,0,0,
cv_20260827_evt_0001706,cv_20260827_req_0000619,cv_20260827_dev_0000488,3,allow,0.236902087345,0.028783095908,0,0.0770246807413,0,0,3,successful_checkout_risk_reduction|high_risk_with_card_diversity|cross_session_card_diversity|high_risk_with_ip_rotation
cv_20260827_evt_0006989,cv_20260827_req_0002693,cv_20260827_dev_0001702,1,allow,0.231235584592,0.028783095908,0,0.028783095908,0,0,0,
cv_20260827_evt_0006991,cv_20260827_req_0002694,cv_20260827_dev_0001702,2,allow,0.570832536986,0.474791810673,0,0.503574774631,0,0,1,high_risk_with_card_diversity
cv_20260827_evt_0006993,cv_20260827_req_0002695,cv_20260827_dev_0001702,3,allow,0.828088498673,0.627563763201,0,1.1311362293,1,1,1,high_risk_with_card_diversity
cv_20260827_evt_0006995,cv_20260827_req_0002696,cv_20260827_dev_0001702,4,allow,0.960564321647,0.986418439115,2,2.11754948295,2,2,2,high_risk_with_card_diversity|persistent_high_model_risk
cv_20260827_evt_0006997,cv_20260827_req_0002697,cv_20260827_dev_0001702,5,review,0.96841249467,0.987077221928,3,3.10461942427,3,3,3,persistent_high_model_risk|high_risk_with_card_diversity|high_risk_with_ip_rotation
cv_20260827_evt_0006999,cv_20260827_req_0002698,cv_20260827_dev_0001702,6,block,0.986843243249,1,4,4.10460874989,4,4,3,persistent_high_model_risk|high_risk_with_card_diversity|high_risk_with_ip_rotation
cv_20260827_evt_0007001,cv_20260827_req_0002699,cv_20260827_dev_0001702,7,block,0.988869084608,1,3,5.10459463732,5,5,3,persistent_high_model_risk|high_risk_with_card_diversity|high_risk_with_ip_rotation
cv_20260827_evt_0007003,cv_20260827_req_0002700,cv_20260827_dev_0001702,8,block,0.981419872154,1,3,6.10458293682,6,6,3,persistent_high_model_risk|high_risk_with_card_diversity|high_risk_with_ip_rotation
cv_20260827_evt_0007005,cv_20260827_req_0002701,cv_20260827_dev_0001702,9,block,0.991819679571,1,4,7.10455495161,7,7,3,persistent_high_model_risk|high_risk_with_card_diversity|high_risk_with_ip_rotation
cv_20260827_evt_0005012,cv_20260827_req_0001888,cv_20260827_dev_0001286,1,allow,0.216944838192,0.0259720802764,0,0.0259720802764,0,0,0,
cv_20260827_evt_0005014,cv_20260827_req_0001889,cv_20260827_dev_0001286,2,allow,0.497835568246,0.284737559009,0,0.310708865381,0,0,1,high_risk_with_card_diversity
cv_20260827_evt_0005016,cv_20260827_req_0001890,cv_20260827_dev_0001286,3,allow,0.727842737843,0.474791810673,2,0.785476818525,0,0,2,high_risk_with_card_diversity|high_risk_with_card_switching
cv_20260827_evt_0004437,cv_20260827_req_0001632,cv_20260827_dev_0001221,1,allow,0.212406368208,0.0259720802764,0,0.0259720802764,0,0,0,
cv_20260827_evt_0004439,cv_20260827_req_0001633,cv_20260827_dev_0001221,2,allow,0.472352919334,0.198123499891,0,0.224093020418,0,0,0,
cv_20260827_evt_0004441,cv_20260827_req_0001634,cv_20260827_dev_0001221,3,allow,0.762559447153,0.474791810673,1,0.698872246883,0,0,0,
cv_20260827_evt_0002125,cv_20260827_req_0000772,cv_20260827_dev_0000604,1,allow,0.207256321505,0.0250286633218,0,0.0250286633218,0,0,0,
cv_20260827_evt_0003447,cv_20260827_req_0001256,cv_20260827_dev_0000972,1,allow,0.203689569585,0.0250286633218,0,0.0250286633218,0,0,0,
cv_20260827_evt_0003449,cv_20260827_req_0001257,cv_20260827_dev_0000972,2,allow,0.295407708758,0.0930102271251,0,0.118037685716,0,0,1,high_risk_with_card_diversity
cv_20260827_evt_0005817,cv_20260827_req_0002194,cv_20260827_dev_0001502,1,allow,0.131287685963,0.00820512873941,0,0.00820512873941,0,0,0,
cv_20260827_evt_0000489,cv_20260827_req_0000179,cv_20260827_dev_0000143,1,allow,0.221785076974,0.0259720802764,0,0.0259720802764,0,0,0,
cv_20260827_evt_0005917,cv_20260827_req_0002232,cv_20260827_dev_0001530,1,allow,0.157610320151,0.0250286633218,0,0.0250286633218,0,0,0,
cv_20260827_evt_0012104,cv_20260827_req_0005184,cv_20260827_dev_0001979,1,allow,0.228979204106,0.028783095908,0,0.028783095908,0,0,0,
cv_20260827_evt_0001271,cv_20260827_req_0000460,cv_20260827_dev_0000369,1,allow,0.255747012488,0.0690182853703,0,0.0690182853703,0,0,0,
cv_20260827_evt_0012106,cv_20260827_req_0005185,cv_20260827_dev_0001979,2,allow,0.427877884101,0.0930102271251,0,0.121772449432,0,0,0,
cv_20260827_evt_0004607,cv_20260827_req_0001707,cv_20260827_dev_0001241,1,allow,0.22009213864,0.0259720802764,0,0.0259720802764,0,0,0,
cv_20260827_evt_0004609,cv_20260827_req_0001708,cv_20260827_dev_0001241,2,allow,0.376038609181,0.0930102271251,0,0.118982128806,0,0,1,high_risk_with_card_diversity
cv_20260827_evt_0004611,cv_20260827_req_0001709,cv_20260827_dev_0001241,3,allow,0.877808819482,0.920638394369,3,1.039619705,1,1,2,high_risk_with_card_diversity|high_risk_with_card_switching
cv_20260827_evt_0012146,cv_20260827_req_0005204,cv_20260827_dev_0001981,6,review,0.935029744411,0.968667664035,4,3.58782673901,3,3,5,persistent_high_model_risk|high_risk_with_card_diversity|high_risk_with_card_switching|cross_session_card_diversity|high_risk_with_ip_rotation
cv_20260827_evt_0007050,cv_20260827_req_0002723,cv_20260827_dev_0001704,1,allow,0.234862869056,0.028783095908,0,0.028783095908,0,0,0,
cv_20260827_evt_0007052,cv_20260827_req_0002724,cv_20260827_dev_0001704,2,allow,0.413303005118,0.0930102271251,0,0.121792762249,0,0,0,
cv_20260827_evt_0007054,cv_20260827_req_0002725,cv_20260827_dev_0001704,3,allow,0.820436755735,0.627563763201,0,0.749354012966,1,1,0,
cv_20260827_evt_0007056,cv_20260827_req_0002726,cv_20260827_dev_0001704,4,allow,0.929167076565,0.968667664035,2,1.71801308888,2,2,2,high_risk_with_card_diversity|persistent_high_model_risk
cv_20260827_evt_0007058,cv_20260827_req_0002727,cv_20260827_dev_0001704,5,review,0.956183449573,0.978665935245,2,2.69666130344,3,3,2,persistent_high_model_risk|high_risk_with_card_diversity
cv_20260827_evt_0007060,cv_20260827_req_0002728,cv_20260827_dev_0001704,6,block,0.961887387249,0.987077221928,3,3.68368598601,4,4,3,persistent_high_model_risk|high_risk_with_card_diversity|high_risk_with_ip_rotation
cv_20260827_evt_0012148,cv_20260827_req_0005205,cv_20260827_dev_0001981,7,block,0.991830484132,1,4,4.58347895928,4,4,5,persistent_high_model_risk|high_risk_with_card_diversity|high_risk_with_card_switching|cross_session_card_diversity|high_risk_with_ip_rotation
cv_20260827_evt_0005472,cv_20260827_req_0002065,cv_20260827_dev_0001394,1,allow,0.129176613856,0.00820512873941,0,0.00820512873941,0,0,0,
cv_20260827_evt_0006437,cv_20260827_req_0002443,cv_20260827_dev_0001632,1,allow,0.15396097119,0.0193933904297,0,0.0193933904297,0,0,0,
cv_20260827_evt_0006439,cv_20260827_req_0002444,cv_20260827_dev_0001632,2,allow,0.371401027976,0.0930102271251,0,0.108523890422,0,0,0,stable_retry_risk_reduction
cv_20260827_evt_0006441,cv_20260827_req_0002445,cv_20260827_dev_0001632,3,allow,0.495673132598,0.284737559009,1,0.371550203999,0,0,0,stable_retry_risk_reduction
cv_20260827_evt_0002851,cv_20260827_req_0001039,cv_20260827_dev_0000804,1,allow,0.208757379656,0.0259720802764,0,0.0259720802764,0,0,0,
cv_20260827_evt_0005987,cv_20260827_req_0002259,cv_20260827_dev_0001548,1,allow,0.163640467986,0.0250286633218,0,0.0250286633218,0,0,0,
cv_20260827_evt_0000921,cv_20260827_req_0000334,cv_20260827_dev_0000270,1,allow,0.230977997537,0.028783095908,0,0.028783095908,0,0,0,
cv_20260827_evt_0005168,cv_20260827_req_0001954,cv_20260827_dev_0001312,1,allow,0.106614212429,0.00548001258357,0,0.00548001258357,0,0,0,
cv_20260827_evt_0001598,cv_20260827_req_0000580,cv_20260827_dev_0000458,1,allow,0.237627850795,0.028783095908,0,0.028783095908,0,0,0,
cv_20260827_evt_0001822,cv_20260827_req_0000662,cv_20260827_dev_0000519,1,allow,0.160156340257,0.0250286633218,0,0.0250286633218,0,0,0,
cv_20260827_evt_0010329,cv_20260827_req_0004322,cv_20260827_dev_0001864,1,allow,0.228595712705,0.028783095908,0,0.028783095908,0,0,0,
cv_20260827_evt_0010331,cv_20260827_req_0004323,cv_20260827_dev_0001864,2,allow,0.389829435068,0.0930102271251,0,0.121791079961,0,0,0,
cv_20260827_evt_0010333,cv_20260827_req_0004324,cv_20260827_dev_0001864,3,allow,0.904725349387,0.920638394369,1,1.04240812017,1,1,1,high_risk_with_card_diversity
cv_20260827_evt_0010335,cv_20260827_req_0004325,cv_20260827_dev_0001864,4,allow,0.9420335845,0.968667664035,0,2.01103636052,2,2,2,high_risk_with_card_diversity|persistent_high_model_risk
cv_20260827_evt_0010337,cv_20260827_req_0004326,cv_20260827_dev_0001864,5,review,0.961913912172,0.987077221928,2,2.99795455741,3,3,3,persistent_high_model_risk|high_risk_with_card_diversity|high_risk_with_ip_rotation
cv_20260827_evt_0010339,cv_20260827_req_0004327,cv_20260827_dev_0001864,6,block,0.975632138719,1,3,3.99745296004,4,4,4,persistent_high_model_risk|high_risk_with_card_diversity|high_risk_with_card_switching|high_risk_with_ip_rotation
cv_20260827_evt_0010341,cv_20260827_req_0004328,cv_20260827_dev_0001864,7,block,0.975095351717,1,3,4.99672458577,5,5,4,persistent_high_model_risk|high_risk_with_card_diversity|high_risk_with_card_switching|high_risk_with_ip_rotation
cv_20260827_evt_0006234,cv_20260827_req_0002354,cv_20260827_dev_0001611,1,allow,0.110572992502,0.00548001258357,0,0.00548001258357,0,0,0,
cv_20260827_evt_0006236,cv_20260827_req_0002355,cv_20260827_dev_0001611,2,allow,0.278287677083,0.0930102271251,0,0.0973938804733,0,0,0,stable_retry_risk_reduction
cv_20260827_evt_0006238,cv_20260827_req_0002356,cv_20260827_dev_0001611,3,allow,0.381296844375,0.0930102271251,1,0.190401317117,0,0,0,
cv_20260827_evt_0012184,cv_20260827_req_0005223,cv_20260827_dev_0001983,10,block,0.930322310868,0.968667664035,0,5.39967135583,7,6,3,persistent_high_model_risk|high_risk_with_card_diversity|cross_session_card_diversity
cv_20260827_evt_0007629,cv_20260827_req_0003005,cv_20260827_dev_0001732,1,allow,0.25448772622,0.0690182853703,0,0.0690182853703,0,0,0,
cv_20260827_evt_0007631,cv_20260827_req_0003006,cv_20260827_dev_0001732,2,allow,0.561889849107,0.474791810673,0,0.530006249129,0,0,0,stable_retry_risk_reduction
cv_20260827_evt_0007633,cv_20260827_req_0003007,cv_20260827_dev_0001732,3,allow,0.803785885333,0.559667304185,0,1.08967112361,1,1,0,
cv_20260827_evt_0007635,cv_20260827_req_0003008,cv_20260827_dev_0001732,4,allow,0.822082642764,0.627563763201,2,1.71722989143,2,2,0,
cv_20260827_evt_0007637,cv_20260827_req_0003009,cv_20260827_dev_0001732,5,review,0.943724535893,0.968667664035,2,2.68588968318,3,3,1,persistent_high_model_risk
cv_20260827_evt_0007639,cv_20260827_req_0003010,cv_20260827_dev_0001732,6,review,0.962131508571,0.987077221928,3,3.67295767042,4,4,2,persistent_high_model_risk|high_risk_with_card_diversity
cv_20260827_evt_0007641,cv_20260827_req_0003011,cv_20260827_dev_0001732,7,block,0.971945440095,1,5,4.67294504196,5,5,4,persistent_high_model_risk|high_risk_with_card_diversity|high_risk_with_card_switching|high_risk_with_ip_rotation
cv_20260827_evt_0012186,cv_20260827_req_0005224,cv_20260827_dev_0001983,11,block,0.958774464658,0.978665935245,0,6.37490998488,8,7,3,persistent_high_model_risk|high_risk_with_card_diversity|cross_session_card_diversity
cv_20260827_evt_0000918,cv_20260827_req_0000333,cv_20260827_dev_0000269,1,allow,0.220697022173,0.0259720802764,0,0.0259720802764,0,0,0,
cv_20260827_evt_0012188,cv_20260827_req_0005225,cv_20260827_dev_0001983,12,block,0.969896238909,0.987077221928,0,7.3590581195,9,8,3,persistent_high_model_risk|high_risk_with_card_diversity|cross_session_card_diversity
cv_20260827_evt_0004078,cv_20260827_req_0001488,cv_20260827_dev_0001152,1,allow,0.241323931068,0.028783095908,0,0.028783095908,0,0,0,
cv_20260827_evt_0000020,cv_20260827_req_0000008,cv_20260827_dev_0000006,1,allow,0.167391092188,0.0250286633218,0,0.0250286633218,0,0,0,
cv_20260827_evt_0002188,cv_20260827_req_0000795,cv_20260827_dev_0000621,1,allow,0.245365643709,0.028783095908,0,0.028783095908,0,0,0,
cv_20260827_evt_0006069,cv_20260827_req_0002288,cv_20260827_dev_0001573,1,allow,0.0947926719493,0.00548001258357,0,0.00548001258357,0,0,0,
cv_20260827_evt_0005193,cv_20260827_req_0001963,cv_20260827_dev_0001319,1,allow,0.149010369479,0.0193933904297,0,0.0193933904297,0,0,0,
cv_20260827_evt_0002806,cv_20260827_req_0001023,cv_20260827_dev_0000790,1,allow,0.207698984645,0.0250286633218,0,0.0250286633218,0,0,0,
cv_20260827_evt_0002946,cv_20260827_req_0001073,cv_20260827_dev_0000834,1,allow,0.16149786006,0.0250286633218,0,0.0250286633218,0,0,0,
cv_20260827_evt_0002930,cv_20260827_req_0001067,cv_20260827_dev_0000829,1,allow,0.247827934503,0.028783095908,0,0.028783095908,0,0,0,
cv_20260827_evt_0003620,cv_20260827_req_0001318,cv_20260827_dev_0001020,1,allow,0.16927550565,0.0250286633218,0,0.0250286633218,0,0,0,
cv_20260827_evt_0012445,cv_20260827_req_0005349,cv_20260827_dev_0002000,3,allow,0.681475811403,0.474791810673,0,0.874342417564,0,0,3,high_risk_with_card_diversity|cross_session_card_diversity|high_risk_with_ip_rotation
cv_20260827_evt_0012447,cv_20260827_req_0005350,cv_20260827_dev_0002000,4,allow,0.92357479242,0.920638394369,0,1.79413047382,1,1,2,high_risk_with_card_diversity|cross_session_card_diversity
cv_20260827_evt_0002699,cv_20260827_req_0000985,cv_20260827_dev_0000760,1,allow,0.249104009097,0.028783095908,0,0.028783095908,0,0,0,
cv_20260827_evt_0007538,cv_20260827_req_0002962,cv_20260827_dev_0001727,1,allow,0.258436543137,0.0930102271251,0,0.0930102271251,0,0,0,
cv_20260827_evt_0007540,cv_20260827_req_0002963,cv_20260827_dev_0001727,2,allow,0.545645660574,0.474791810673,0,0.549199821818,0,0,0,stable_retry_risk_reduction
cv_20260827_evt_0007542,cv_20260827_req_0002964,cv_20260827_dev_0001727,3,allow,0.827492357512,0.627563763201,0,1.06692311712,1,1,0,stable_retry_risk_reduction
cv_20260827_evt_0007544,cv_20260827_req_0002965,cv_20260827_dev_0001727,4,allow,0.904130716836,0.920638394369,2,1.77417297519,2,2,1,stable_retry_risk_reduction|persistent_high_model_risk
cv_20260827_evt_0007546,cv_20260827_req_0002966,cv_20260827_dev_0001727,5,review,0.926613414287,0.968667664035,2,2.74283860589,3,3,1,persistent_high_model_risk
cv_20260827_evt_0007548,cv_20260827_req_0002967,cv_20260827_dev_0001727,6,block,0.962891912747,0.987077221928,4,3.72990639732,4,4,2,persistent_high_model_risk|high_risk_with_ip_rotation
cv_20260827_evt_0007550,cv_20260827_req_0002968,cv_20260827_dev_0001727,7,block,0.970469915753,1,4,4.72989784781,5,5,2,persistent_high_model_risk|high_risk_with_ip_rotation
cv_20260827_evt_0007552,cv_20260827_req_0002969,cv_20260827_dev_0001727,8,block,0.96683046965,0.987077221928,4,5.71695880729,6,6,3,persistent_high_model_risk|high_risk_with_card_diversity|high_risk_with_ip_rotation
cv_20260827_evt_0007554,cv_20260827_req_0002970,cv_20260827_dev_0001727,9,block,0.982300206435,1,4,6.71695225522,7,7,3,persistent_high_model_risk|high_risk_with_card_diversity|high_risk_with_ip_rotation
cv_20260827_evt_0003407,cv_20260827_req_0001241,cv_20260827_dev_0000959,1,allow,0.248523431365,0.028783095908,0,0.028783095908,0,0,0,
cv_20260827_evt_0000927,cv_20260827_req_0000336,cv_20260827_dev_0000272,1,allow,0.241096517849,0.028783095908,0,0.028783095908,0,0,0,
cv_20260827_evt_0001610,cv_20260827_req_0000584,cv_20260827_dev_0000461,1,allow,0.236953230921,0.028783095908,0,0.028783095908,0,0,0,
cv_20260827_evt_0004634,cv_20260827_req_0001719,cv_20260827_dev_0001244,4,allow,0.413810187023,0.0930102271251,1,0.381713039235,0,0,4,successful_checkout_risk_reduction|high_risk_with_card_diversity|high_risk_with_card_switching|cross_session_card_diversity|high_risk_with_ip_rotation
cv_20260827_evt_0004636,cv_20260827_req_0001720,cv_20260827_dev_0001244,5,allow,0.469087199281,0.0930102271251,1,0.474721079004,0,0,4,high_risk_with_card_diversity|high_risk_with_card_switching|cross_session_card_diversity|high_risk_with_ip_rotation
cv_20260827_evt_0004638,cv_20260827_req_0001721,cv_20260827_dev_0001244,6,allow,0.785037204295,0.474791810673,3,0.949509081225,0,0,4,high_risk_with_card_diversity|high_risk_with_card_switching|cross_session_card_diversity|high_risk_with_ip_rotation
cv_20260827_evt_0004512,cv_20260827_req_0001665,cv_20260827_dev_0001230,1,allow,0.0858252914482,0.00548001258357,0,0.00548001258357,0,0,0,
cv_20260827_evt_0004514,cv_20260827_req_0001666,cv_20260827_dev_0001230,2,allow,0.408565667579,0.0930102271251,0,0.0984900701374,0,0,1,high_risk_with_card_diversity
cv_20260827_evt_0004516,cv_20260827_req_0001667,cv_20260827_dev_0001230,3,allow,0.843833646065,0.756035578145,2,0.854520456069,1,1,2,high_risk_with_card_diversity|high_risk_with_card_switching
cv_20260827_evt_0003165,cv_20260827_req_0001153,cv_20260827_dev_0000895,3,allow,0.136591031723,0.00820512873941,0,0.1496903757,0,0,2,successful_checkout_risk_reduction|high_risk_with_card_diversity|cross_session_card_diversity
cv_20260827_evt_0000337,cv_20260827_req_0000123,cv_20260827_dev_0000096,1,allow,0.226412072722,0.028783095908,0,0.028783095908,0,0,0,
cv_20260827_evt_0011874,cv_20260827_req_0005072,cv_20260827_dev_0001963,1,allow,0.262465149223,0.0930102271251,0,0.0930102271251,0,0,0,
cv_20260827_evt_0011876,cv_20260827_req_0005073,cv_20260827_dev_0001963,2,allow,0.829521947001,0.690081906596,0,0.764453598484,1,1,0,stable_retry_risk_reduction
cv_20260827_evt_0011878,cv_20260827_req_0005074,cv_20260827_dev_0001963,3,allow,0.940715635328,0.968667664035,0,1.73288036681,2,2,1,persistent_high_model_risk
cv_20260827_evt_0000382,cv_20260827_req_0000140,cv_20260827_dev_0000111,1,allow,0.170262988446,0.0250286633218,0,0.0250286633218,0,0,0,
cv_20260827_evt_0012100,cv_20260827_req_0005182,cv_20260827_dev_0001978,4,allow,0.731744500947,0.474791810673,0,1.66636307303,1,0,3,high_risk_with_card_diversity|cross_session_card_diversity|high_risk_with_ip_rotation
cv_20260827_evt_0012102,cv_20260827_req_0005183,cv_20260827_dev_0001978,5,allow,0.822778770522,0.627563763201,0,2.29333681873,2,1,3,high_risk_with_card_diversity|cross_session_card_diversity|persistent_high_model_risk
cv_20260827_evt_0012285,cv_20260827_req_0005271,cv_20260827_dev_0001990,1,allow,0.132961644618,0.00820512873941,0,0.00820512873941,0,0,0,
cv_20260827_evt_0012287,cv_20260827_req_0005272,cv_20260827_dev_0001990,2,allow,0.691095971548,0.474791810673,0,0.482989109863,0,0,0,
cv_20260827_evt_0006789,cv_20260827_req_0002603,cv_20260827_dev_0001679,1,allow,0.161049681571,0.0250286633218,0,0.0250286633218,0,0,0,
cv_20260827_evt_0006791,cv_20260827_req_0002604,cv_20260827_dev_0001679,2,allow,0.373379099257,0.0930102271251,0,0.113032331678,0,0,0,stable_retry_risk_reduction
cv_20260827_evt_0006793,cv_20260827_req_0002605,cv_20260827_dev_0001679,3,allow,0.662868484611,0.474791810673,1,0.565209489223,0,0,0,stable_retry_risk_reduction
cv_20260827_evt_0006572,cv_20260827_req_0002506,cv_20260827_dev_0001652,1,allow,0.102256901778,0.00548001258357,0,0.00548001258357,0,0,0,
cv_20260827_evt_0006574,cv_20260827_req_0002507,cv_20260827_dev_0001652,2,allow,0.305844412988,0.0930102271251,0,0.0984899131317,0,0,0,
cv_20260827_evt_0006576,cv_20260827_req_0002508,cv_20260827_dev_0001652,3,allow,0.641598538325,0.474791810673,1,0.553577059144,0,0,0,stable_retry_risk_reduction
cv_20260827_evt_0005966,cv_20260827_req_0002251,cv_20260827_dev_0001544,1,allow,0.151815385525,0.0193933904297,0,0.0193933904297,0,0,0,
cv_20260827_evt_0004888,cv_20260827_req_0001832,cv_20260827_dev_0001272,4,allow,0.254600872649,0.0690182853703,0,0.338223202535,0,0,3,successful_checkout_risk_reduction|high_risk_with_card_diversity|cross_session_card_diversity|high_risk_with_ip_rotation
cv_20260827_evt_0004890,cv_20260827_req_0001833,cv_20260827_dev_0001272,5,allow,0.33332255048,0.0930102271251,0,0.431202033109,0,0,2,high_risk_with_card_diversity|cross_session_card_diversity
cv_20260827_evt_0004892,cv_20260827_req_0001834,cv_20260827_dev_0001272,6,allow,0.574953325358,0.474791810673,2,0.905961228436,0,0,3,high_risk_with_card_diversity|high_risk_with_card_switching|cross_session_card_diversity
cv_20260827_evt_0002050,cv_20260827_req_0000746,cv_20260827_dev_0000585,1,allow,0.252997637749,0.0690182853703,0,0.0690182853703,0,0,0,
cv_20260827_evt_0005240,cv_20260827_req_0001980,cv_20260827_dev_0001333,1,allow,0.110379571256,0.00548001258357,0,0.00548001258357,0,0,0,
cv_20260827_evt_0005242,cv_20260827_req_0001981,cv_20260827_dev_0001333,2,allow,0.332659228198,0.0930102271251,0,0.0984894547006,0,0,1,high_risk_with_card_diversity
cv_20260827_evt_0002036,cv_20260827_req_0000741,cv_20260827_dev_0000581,1,allow,0.255865280038,0.0690182853703,0,0.0690182853703,0,0,0,
cv_20260827_evt_0006693,cv_20260827_req_0002560,cv_20260827_dev_0001666,1,allow,0.103419149163,0.00548001258357,0,0.00548001258357,0,0,0,
cv_20260827_evt_0006695,cv_20260827_req_0002561,cv_20260827_dev_0001666,2,allow,0.266688935264,0.0930102271251,0,0.0973940663653,0,0,0,stable_retry_risk_reduction
cv_20260827_evt_0006697,cv_20260827_req_0002562,cv_20260827_dev_0001666,3,allow,0.434934723167,0.0930102271251,1,0.190399270672,0,0,0,
cv_20260827_evt_0008865,cv_20260827_req_0003609,cv_20260827_dev_0001789,1,allow,0.239735111303,0.028783095908,0,0.028783095908,0,0,0,
cv_20260827_evt_0008867,cv_20260827_req_0003610,cv_20260827_dev_0001789,2,allow,0.329209217023,0.0930102271251,0,0.121793257058,0,0,0,
cv_20260827_evt_0008869,cv_20260827_req_0003611,cv_20260827_dev_0001789,3,allow,0.879653284244,0.920638394369,1,1.04243137226,1,1,1,high_risk_with_card_diversity
cv_20260827_evt_0008871,cv_20260827_req_0003612,cv_20260827_dev_0001789,4,review,0.95311794491,0.978665935245,5,2.02109491809,2,2,3,rule_corroborated_review|high_risk_with_card_diversity|high_risk_with_card_switching|persistent_high_model_risk
cv_20260827_evt_0008873,cv_20260827_req_0003613,cv_20260827_dev_0001789,5,review,0.955292166164,0.978665935245,4,2.99975622068,3,3,4,persistent_high_model_risk|high_risk_with_card_diversity|high_risk_with_card_switching|high_risk_with_ip_rotation
cv_20260827_evt_0008875,cv_20260827_req_0003614,cv_20260827_dev_0001789,6,block,0.986168871751,1,5,3.99974246891,4,4,4,persistent_high_model_risk|high_risk_with_card_diversity|high_risk_with_card_switching|high_risk_with_ip_rotation
cv_20260827_evt_0008877,cv_20260827_req_0003615,cv_20260827_dev_0001789,7,block,0.988510934863,1,5,4.9997287169,5,5,4,persistent_high_model_risk|high_risk_with_card_diversity|high_risk_with_card_switching|high_risk_with_ip_rotation
cv_20260827_evt_0008879,cv_20260827_req_0003616,cv_20260827_dev_0001789,8,block,0.992518659803,1,5,5.99970579666,6,6,4,persistent_high_model_risk|high_risk_with_card_diversity|high_risk_with_card_switching|high_risk_with_ip_rotation
cv_20260827_evt_0008881,cv_20260827_req_0003617,cv_20260827_dev_0001789,9,block,0.987404771932,1,5,6.99967829224,7,7,4,persistent_high_model_risk|high_risk_with_card_diversity|high_risk_with_card_switching|high_risk_with_ip_rotation
cv_20260827_evt_0003764,cv_20260827_req_0001372,cv_20260827_dev_0001065,1,allow,0.212337090216,0.0259720802764,0,0.0259720802764,0,0,0,
cv_20260827_evt_0011424,cv_20260827_req_0004854,cv_20260827_dev_0001928,6,review,0.862646846803,0.855151534315,2,3.16222159424,4,4,4,persistent_high_model_risk|high_risk_with_card_diversity|cross_session_card_diversity|high_risk_with_ip_rotation
cv_20260827_evt_0005990,cv_20260827_req_0002260,cv_20260827_dev_0001549,1,allow,0.141378427733,0.0116357732377,0,0.0116357732377,0,0,0,
cv_20260827_evt_0011426,cv_20260827_req_0004855,cv_20260827_dev_0001928,7,block,0.972134147842,1,2,4.15890723653,5,5,3,persistent_high_model_risk|high_risk_with_card_diversity|cross_session_card_diversity
cv_20260827_evt_0004063,cv_20260827_req_0001483,cv_20260827_dev_0001149,1,allow,0.213308484097,0.0259720802764,0,0.0259720802764,0,0,0,
cv_20260827_evt_0003770,cv_20260827_req_0001374,cv_20260827_dev_0001066,1,allow,0.152005708987,0.0193933904297,0,0.0193933904297,0,0,0,
cv_20260827_evt_0012232,cv_20260827_req_0005246,cv_20260827_dev_0001986,5,allow,0.919154497964,0.920638394369,2,2.19253365365,1,1,0,
cv_20260827_evt_0012234,cv_20260827_req_0005247,cv_20260827_dev_0001986,6,allow,0.943935419044,0.968667664035,3,2.72177212514,2,2,1,stable_retry_risk_reduction|persistent_high_model_risk
cv_20260827_evt_0004430,cv_20260827_req_0001629,cv_20260827_dev_0001220,1,allow,0.22963795375,0.028783095908,0,0.028783095908,0,0,0,
cv_20260827_evt_0004432,cv_20260827_req_0001630,cv_20260827_dev_0001220,2,allow,0.420130552399,0.0930102271251,0,0.121791277872,0,0,0,
cv_20260827_evt_0004434,cv_20260827_req_0001631,cv_20260827_dev_0001220,3,allow,0.738629545317,0.474791810673,1,0.596571503778,0,0,1,high_risk_with_card_diversity
cv_20260827_evt_0012024,cv_20260827_req_0005145,cv_20260827_dev_0001973,3,allow,0.669685301726,0.474791810673,1,0.885818199052,0,0,2,high_risk_with_card_diversity|cross_session_card_diversity
cv_20260827_evt_0012026,cv_20260827_req_0005146,cv_20260827_dev_0001973,4,allow,0.813171450582,0.584793744945,0,1.47018768551,1,1,2,high_risk_with_card_diversity|cross_session_card_diversity
cv_20260827_evt_0012028,cv_20260827_req_0005147,cv_20260827_dev_0001973,5,allow,0.97255951738,1,1,2.46838084769,2,2,2,high_risk_with_card_diversity|cross_session_card_diversity
cv_20260827_evt_0003040,cv_20260827_req_0001108,cv_20260827_dev_0000858,1,allow,0.190279961303,0.0250286633218,0,0.0250286633218,0,0,0,
cv_20260827_evt_0002223,cv_20260827_req_0000808,cv_20260827_dev_0000631,1,allow,0.224207206188,0.0259720802764,0,0.0259720802764,0,0,0,
cv_20260827_evt_0010514,cv_20260827_req_0004412,cv_20260827_dev_0001876,1,allow,0.232822308758,0.028783095908,0,0.028783095908,0,0,0,
cv_20260827_evt_0010516,cv_20260827_req_0004413,cv_20260827_dev_0001876,2,allow,0.486986547939,0.284737559009,0,0.307761792685,0,0,0,stable_retry_risk_reduction
cv_20260827_evt_0010518,cv_20260827_req_0004414,cv_20260827_dev_0001876,3,allow,0.770741546447,0.474791810673,0,0.782500347455,0,0,0,
cv_20260827_evt_0010520,cv_20260827_req_0004415,cv_20260827_dev_0001876,4,allow,0.873839214633,0.920638394369,0,1.7030634138,1,1,1,high_risk_with_card_diversity
cv_20260827_evt_0010522,cv_20260827_req_0004416,cv_20260827_dev_0001876,5,allow,0.932027971516,0.968667664035,0,2.67165690948,2,2,3,high_risk_with_card_diversity|high_risk_with_ip_rotation|persistent_high_model_risk
cv_20260827_evt_0010524,cv_20260827_req_0004417,cv_20260827_dev_0001876,6,review,0.965732769018,0.987077221928,0,3.65857185438,3,3,3,persistent_high_model_risk|high_risk_with_card_diversity|high_risk_with_ip_rotation
cv_20260827_evt_0010526,cv_20260827_req_0004418,cv_20260827_dev_0001876,7,block,0.98158414901,1,0,4.65793038102,4,4,3,persistent_high_model_risk|high_risk_with_card_diversity|high_risk_with_ip_rotation
cv_20260827_evt_0005637,cv_20260827_req_0002125,cv_20260827_dev_0001449,1,allow,0.124055060111,0.00548001258357,0,0.00548001258357,0,0,0,
cv_20260827_evt_0012309,cv_20260827_req_0005283,cv_20260827_dev_0001991,4,allow,0.813087931991,0.584793744945,0,1.8024942112,2,2,3,high_risk_with_card_diversity|cross_session_card_diversity|high_risk_with_ip_rotation
cv_20260827_evt_0012311,cv_20260827_req_0005284,cv_20260827_dev_0001991,5,review,0.94128080424,0.968667664035,0,2.76934282693,3,3,3,persistent_high_model_risk|high_risk_with_card_diversity|cross_session_card_diversity
cv_20260827_evt_0003830,cv_20260827_req_0001396,cv_20260827_dev_0001078,1,allow,0.204109907719,0.0250286633218,0,0.0250286633218,0,0,0,
cv_20260827_evt_0003646,cv_20260827_req_0001328,cv_20260827_dev_0001028,1,allow,0.242387125693,0.028783095908,0,0.028783095908,0,0,0,
cv_20260827_evt_0005215,cv_20260827_req_0001971,cv_20260827_dev_0001327,1,allow,0.132314389618,0.00820512873941,0,0.00820512873941,0,0,0,
cv_20260827_evt_0002030,cv_20260827_req_0000739,cv_20260827_dev_0000579,1,allow,0.174313583241,0.0250286633218,0,0.0250286633218,0,0,0,
cv_20260827_evt_0001293,cv_20260827_req_0000468,cv_20260827_dev_0000375,1,allow,0.209545202699,0.0259720802764,0,0.0259720802764,0,0,0,
cv_20260827_evt_0004756,cv_20260827_req_0001774,cv_20260827_dev_0001260,1,allow,0.261224354466,0.0930102271251,0,0.0930102271251,0,0,0,
cv_20260827_evt_0004758,cv_20260827_req_0001775,cv_20260827_dev_0001260,2,allow,0.758536748437,0.474791810673,0,0.567793723615,0,0,0,
cv_20260827_evt_0004760,cv_20260827_req_0001776,cv_20260827_dev_0001260,3,allow,0.892760080662,0.920638394369,2,1.48839828076,1,1,1,high_risk_with_card_diversity
cv_20260827_evt_0011982,cv_20260827_req_0005124,cv_20260827_dev_0001970,1,allow,0.193798103708,0.0250286633218,0,0.0250286633218,0,0,0,
cv_20260827_evt_0002119,cv_20260827_req_0000770,cv_20260827_dev_0000602,2,allow,0.0938085192801,0.00548001258357,0,0.0171987215788,0,0,3,successful_checkout_risk_reduction|high_risk_with_card_diversity|cross_session_card_diversity|high_risk_with_ip_rotation
cv_20260827_evt_0011984,cv_20260827_req_0005125,cv_20260827_dev_0001970,2,allow,0.660116625973,0.474791810673,0,0.499800460033,0,0,0,
cv_20260827_evt_0004216,cv_20260827_req_0001537,cv_20260827_dev_0001193,1,allow,0.257485196475,0.0831159150205,0,0.0831159150205,0,0,0,
cv_20260827_evt_0010607,cv_20260827_req_0004458,cv_20260827_dev_0001882,1,allow,0.215348284616,0.0259720802764,0,0.0259720802764,0,0,0,
cv_20260827_evt_0010609,cv_20260827_req_0004459,cv_20260827_dev_0001882,2,allow,0.477322232873,0.284737559009,0,0.310706752144,0,0,0,
cv_20260827_evt_0010611,cv_20260827_req_0004460,cv_20260827_dev_0001882,3,allow,0.708509478408,0.474791810673,0,0.785490728853,0,0,1,high_risk_with_card_diversity
cv_20260827_evt_0010613,cv_20260827_req_0004461,cv_20260827_dev_0001882,4,allow,0.912220465018,0.920638394369,1,1.70602380307,1,1,1,high_risk_with_card_diversity
cv_20260827_evt_0010615,cv_20260827_req_0004462,cv_20260827_dev_0001882,5,allow,0.944951423725,0.968667664035,3,2.67458393262,2,2,4,high_risk_with_card_diversity|high_risk_with_card_switching|high_risk_with_ip_rotation|persistent_high_model_risk
cv_20260827_evt_0010617,cv_20260827_req_0004463,cv_20260827_dev_0001882,6,review,0.961378852299,0.987077221928,3,3.66159678447,3,3,4,persistent_high_model_risk|high_risk_with_card_diversity|high_risk_with_card_switching|high_risk_with_ip_rotation
cv_20260827_evt_0010619,cv_20260827_req_0004464,cv_20260827_dev_0001882,7,block,0.98121057423,1,3,4.66122331763,4,4,4,persistent_high_model_risk|high_risk_with_card_diversity|high_risk_with_card_switching|high_risk_with_ip_rotation
cv_20260827_evt_0010621,cv_20260827_req_0004465,cv_20260827_dev_0001882,8,block,0.989019116192,1,3,5.66071584391,5,5,4,persistent_high_model_risk|high_risk_with_card_diversity|high_risk_with_card_switching|high_risk_with_ip_rotation
cv_20260827_evt_0010623,cv_20260827_req_0004466,cv_20260827_dev_0001882,9,block,0.987141092437,1,3,6.65984008371,6,6,4,persistent_high_model_risk|high_risk_with_card_diversity|high_risk_with_card_switching|high_risk_with_ip_rotation
cv_20260827_evt_0012150,cv_20260827_req_0005206,cv_20260827_dev_0001981,8,block,0.93988428212,0.968667664035,2,5.12646576581,5,5,3,persistent_high_model_risk|high_risk_with_card_diversity|cross_session_card_diversity
cv_20260827_evt_0012152,cv_20260827_req_0005207,cv_20260827_dev_0001981,9,block,0.910936353985,0.920638394369,2,6.04396182588,6,6,3,persistent_high_model_risk|high_risk_with_card_diversity|cross_session_card_diversity
cv_20260827_evt_0002381,cv_20260827_req_0000866,cv_20260827_dev_0000673,1,allow,0.228084874267,0.028783095908,0,0.028783095908,0,0,0,
cv_20260827_evt_0012154,cv_20260827_req_0005208,cv_20260827_dev_0001981,10,block,0.970042692177,0.987077221928,2,7.02758354096,7,7,3,persistent_high_model_risk|high_risk_with_card_diversity|cross_session_card_diversity
cv_20260827_evt_0002361,cv_20260827_req_0000858,cv_20260827_dev_0000669,2,allow,0.0597498475951,0,0,0.00247245676945,0,0,1,successful_checkout_risk_reduction|high_risk_with_ip_rotation
cv_20260827_evt_0002959,cv_20260827_req_0001078,cv_20260827_dev_0000837,1,allow,0.200268482335,0.0250286633218,0,0.0250286633218,0,0,0,
cv_20260827_evt_0007505,cv_20260827_req_0002946,cv_20260827_dev_0001725,1,allow,0.172370085016,0.0250286633218,0,0.0250286633218,0,0,0,
cv_20260827_evt_0007507,cv_20260827_req_0002947,cv_20260827_dev_0001725,2,allow,0.487180898529,0.284737559009,0,0.309765591273,0,0,0,
cv_20260827_evt_0002961,cv_20260827_req_0001079,cv_20260827_dev_0000837,2,allow,0.486279906927,0.284737559009,0,0.30976424316,0,0,0,
cv_20260827_evt_0007509,cv_20260827_req_0002948,cv_20260827_dev_0001725,3,allow,0.794909966633,0.559667304185,0,0.869425440231,1,1,0,
cv_20260827_evt_0007511,cv_20260827_req_0002949,cv_20260827_dev_0001725,4,allow,0.755633049031,0.474791810673,2,1.34420330102,1,0,1,high_risk_with_card_diversity
cv_20260827_evt_0007513,cv_20260827_req_0002950,cv_20260827_dev_0001725,5,allow,0.925935772812,0.920638394369,3,2.26481088454,2,1,1,high_risk_with_card_diversity
cv_20260827_evt_0007515,cv_20260827_req_0002951,cv_20260827_dev_0001725,6,review,0.982964245865,1,4,3.26478492822,3,2,2,persistent_high_model_risk|high_risk_with_card_diversity
cv_20260827_evt_0007517,cv_20260827_req_0002952,cv_20260827_dev_0001725,7,review,0.985524662628,1,5,4.26473628656,4,3,4,rule_corroborated_review|high_risk_with_card_diversity|high_risk_with_card_switching|high_risk_with_ip_rotation|persistent_high_model_risk
cv_20260827_evt_0007519,cv_20260827_req_0002953,cv_20260827_dev_0001725,8,block,0.994625912391,1,5,5.26462875819,5,4,4,persistent_high_model_risk|high_risk_with_card_diversity|high_risk_with_card_switching|high_risk_with_ip_rotation
cv_20260827_evt_0002882,cv_20260827_req_0001050,cv_20260827_dev_0000814,1,allow,0.232452627463,0.028783095908,0,0.028783095908,0,0,0,
cv_20260827_evt_0005351,cv_20260827_req_0002021,cv_20260827_dev_0001364,1,allow,0.095023924869,0.00548001258357,0,0.00548001258357,0,0,0,
cv_20260827_evt_0011624,cv_20260827_req_0004952,cv_20260827_dev_0001942,3,allow,0.766443522554,0.474791810673,0,0.555593187586,0,0,3,high_risk_with_card_diversity|cross_session_card_diversity|high_risk_with_ip_rotation
cv_20260827_evt_0005974,cv_20260827_req_0002254,cv_20260827_dev_0001546,2,allow,0.464884374241,0.0930102271251,0,0.0991065374936,0,0,3,high_risk_with_card_diversity|cross_session_card_diversity|high_risk_with_ip_rotation
cv_20260827_evt_0011626,cv_20260827_req_0004953,cv_20260827_dev_0001942,4,allow,0.767675541025,0.474791810673,0,1.03009980641,0,0,2,high_risk_with_card_diversity|cross_session_card_diversity
cv_20260827_evt_0005976,cv_20260827_req_0002255,cv_20260827_dev_0001546,3,allow,0.723977075828,0.474791810673,1,0.573879381505,0,0,2,high_risk_with_card_diversity|cross_session_card_diversity
cv_20260827_evt_0006830,cv_20260827_req_0002621,cv_20260827_dev_0001683,1,allow,0.131287685963,0.00820512873941,0,0.00820512873941,0,0,0,
cv_20260827_evt_0006832,cv_20260827_req_0002622,cv_20260827_dev_0001683,2,allow,0.230962048905,0.028783095908,0,0.0369879801546,0,0,0,
cv_20260827_evt_0006834,cv_20260827_req_0002623,cv_20260827_dev_0001683,3,allow,0.707210153764,0.474791810673,1,0.511778603897,0,0,0,
cv_20260827_evt_0011628,cv_20260827_req_0004954,cv_20260827_dev_0001942,5,allow,0.980262975176,1,1,2.02916993454,1,1,3,high_risk_with_card_diversity|high_risk_with_card_switching|cross_session_card_diversity
cv_20260827_evt_0002662,cv_20260827_req_0000971,cv_20260827_dev_0000751,1,allow,0.250034816935,0.028783095908,0,0.028783095908,0,0,0,
cv_20260827_evt_0009369,cv_20260827_req_0003856,cv_20260827_dev_0001813,1,allow,0.252567374803,0.0690182853703,0,0.0690182853703,0,0,0,
cv_20260827_evt_0009371,cv_20260827_req_0003857,cv_20260827_dev_0001813,2,allow,0.0942259888039,0.00548001258357,0,0.0744982188536,0,0,0,
cv_20260827_evt_0009373,cv_20260827_req_0003858,cv_20260827_dev_0001813,3,allow,0.887355851709,0.920638394369,1,0.995136527842,1,1,1,high_risk_with_card_diversity
cv_20260827_evt_0009375,cv_20260827_req_0003859,cv_20260827_dev_0001813,4,allow,0.956777978275,0.978665935245,3,1.97380132258,2,2,2,high_risk_with_card_diversity|persistent_high_model_risk
cv_20260827_evt_0009377,cv_20260827_req_0003860,cv_20260827_dev_0001813,5,review,0.992130503976,1,4,2.97379453621,3,3,3,persistent_high_model_risk|high_risk_with_card_diversity|high_risk_with_card_switching
cv_20260827_evt_0009379,cv_20260827_req_0003861,cv_20260827_dev_0001813,6,block,0.995865495043,1,5,3.97378090346,4,4,3,persistent_high_model_risk|high_risk_with_card_diversity|high_risk_with_card_switching
cv_20260827_evt_0000280,cv_20260827_req_0000102,cv_20260827_dev_0000081,1,allow,0.257920946239,0.0930102271251,0,0.0930102271251,0,0,0,
cv_20260827_evt_0000022,cv_20260827_req_0000009,cv_20260827_dev_0000007,1,allow,0.249414020908,0.028783095908,0,0.028783095908,0,0,0,
cv_20260827_evt_0005655,cv_20260827_req_0002132,cv_20260827_dev_0001456,1,allow,0.149194280198,0.0193933904297,0,0.0193933904297,0,0,0,
cv_20260827_evt_0006241,cv_20260827_req_0002357,cv_20260827_dev_0001611,4,allow,0.0951583764251,0.00548001258357,0,0.100337617182,0,0,2,successful_checkout_risk_reduction|high_risk_with_card_diversity|cross_session_card_diversity
cv_20260827_evt_0006243,cv_20260827_req_0002358,cv_20260827_dev_0001611,5,allow,0.200372631732,0.0250286633218,0,0.125360530938,0,0,2,high_risk_with_card_diversity|cross_session_card_diversity
cv_20260827_evt_0006245,cv_20260827_req_0002359,cv_20260827_dev_0001611,6,allow,0.315757860169,0.0930102271251,1,0.218366591622,0,0,1,high_risk_with_card_diversity
cv_20260827_evt_0000572,cv_20260827_req_0000209,cv_20260827_dev_0000167,1,allow,0.212371727149,0.0259720802764,0,0.0259720802764,0,0,0,
cv_20260827_evt_0003959,cv_20260827_req_0001443,cv_20260827_dev_0001117,1,allow,0.143426887245,0.0116357732377,0,0.0116357732377,0,0,0,
cv_20260827_evt_0010892,cv_20260827_req_0004596,cv_20260827_dev_0001897,8,block,0.892947294427,0.920638394369,0,4.23662131073,5,5,4,persistent_high_model_risk|high_risk_with_card_diversity|cross_session_card_diversity|high_risk_with_ip_rotation
cv_20260827_evt_0010894,cv_20260827_req_0004597,cv_20260827_dev_0001897,9,block,0.927684228777,0.968667664035,0,5.20459469617,6,6,4,persistent_high_model_risk|high_risk_with_card_diversity|cross_session_card_diversity|high_risk_with_ip_rotation
cv_20260827_evt_0006052,cv_20260827_req_0002282,cv_20260827_dev_0001567,1,allow,0.116384254142,0.00548001258357,0,0.00548001258357,0,0,0,
cv_20260827_evt_0010896,cv_20260827_req_0004598,cv_20260827_dev_0001897,10,block,0.888358195071,0.920638394369,0,6.1242787997,7,7,4,persistent_high_model_risk|high_risk_with_card_diversity|cross_session_card_diversity|high_risk_with_ip_rotation
cv_20260827_evt_0010898,cv_20260827_req_0004599,cv_20260827_dev_0001897,11,block,0.943190812376,0.968667664035,0,7.09198495086,8,8,4,persistent_high_model_risk|high_risk_with_card_diversity|cross_session_card_diversity|high_risk_with_ip_rotation
cv_20260827_evt_0010900,cv_20260827_req_0004600,cv_20260827_dev_0001897,12,block,0.876900858693,0.920638394369,0,8.01149364896,9,9,3,persistent_high_model_risk|high_risk_with_card_diversity|cross_session_card_diversity
cv_20260827_evt_0010902,cv_20260827_req_0004601,cv_20260827_dev_0001897,13,block,0.94767075372,0.978665935245,0,8.98942507499,10,10,3,persistent_high_model_risk|high_risk_with_card_diversity|cross_session_card_diversity
cv_20260827_evt_0010904,cv_20260827_req_0004602,cv_20260827_dev_0001897,14,block,0.960397053274,0.978665935245,0,9.96710201787,11,11,3,persistent_high_model_risk|high_risk_with_card_diversity|cross_session_card_diversity
cv_20260827_evt_0010906,cv_20260827_req_0004603,cv_20260827_dev_0001897,15,block,0.971384953045,1,0,10.9658455601,12,12,3,persistent_high_model_risk|high_risk_with_card_diversity|cross_session_card_diversity
cv_20260827_evt_0010908,cv_20260827_req_0004604,cv_20260827_dev_0001897,16,block,0.959452733171,0.978665935245,0,11.9441470381,13,13,4,persistent_high_model_risk|high_risk_with_card_diversity|cross_session_card_diversity|high_risk_with_ip_rotation
cv_20260827_evt_0002534,cv_20260827_req_0000923,cv_20260827_dev_0000718,1,allow,0.22500063973,0.0259720802764,0,0.0259720802764,0,0,0,
cv_20260827_evt_0001896,cv_20260827_req_0000689,cv_20260827_dev_0000540,1,allow,0.239320177352,0.028783095908,0,0.028783095908,0,0,0,
cv_20260827_evt_0003585,cv_20260827_req_0001306,cv_20260827_dev_0001010,2,allow,0.0540872554375,0,0,0.0112937213845,0,0,1,successful_checkout_risk_reduction|high_risk_with_ip_rotation
cv_20260827_evt_0010727,cv_20260827_req_0004516,cv_20260827_dev_0001889,1,allow,0.231861989021,0.028783095908,0,0.028783095908,0,0,0,
cv_20260827_evt_0010729,cv_20260827_req_0004517,cv_20260827_dev_0001889,2,allow,0.541284045152,0.474791810673,0,0.503570552543,0,0,0,
cv_20260827_evt_0010731,cv_20260827_req_0004518,cv_20260827_dev_0001889,3,allow,0.828720044855,0.650664622311,0,1.05346243216,1,1,0,stable_retry_risk_reduction
cv_20260827_evt_0001067,cv_20260827_req_0000387,cv_20260827_dev_0000310,1,allow,0.240907118563,0.028783095908,0,0.028783095908,0,0,0,
cv_20260827_evt_0010733,cv_20260827_req_0004519,cv_20260827_dev_0001889,4,allow,0.853728276334,0.855151534315,0,1.90842201551,2,2,2,high_risk_with_card_diversity|persistent_high_model_risk
cv_20260827_evt_0010735,cv_20260827_req_0004520,cv_20260827_dev_0001889,5,review,0.905547933331,0.920638394369,2,2.82896198851,3,3,3,persistent_high_model_risk|high_risk_with_card_diversity|high_risk_with_card_switching
cv_20260827_evt_0004702,cv_20260827_req_0001749,cv_20260827_dev_0001252,1,allow,0.227247386925,0.028783095908,0,0.028783095908,0,0,0,
cv_20260827_evt_0004704,cv_20260827_req_0001750,cv_20260827_dev_0001252,2,allow,0.473375522228,0.198123499891,0,0.221149211317,0,0,0,stable_retry_risk_reduction
cv_20260827_evt_0004706,cv_20260827_req_0001751,cv_20260827_dev_0001252,3,allow,0.688476329349,0.474791810673,1,0.695935446073,0,0,0,
cv_20260827_evt_0007159,cv_20260827_req_0002776,cv_20260827_dev_0001710,1,allow,0.175464204572,0.0250286633218,0,0.0250286633218,0,0,0,
cv_20260827_evt_0007161,cv_20260827_req_0002777,cv_20260827_dev_0001710,2,allow,0.192110899054,0.0250286633218,0,0.0500572692742,0,0,0,
cv_20260827_evt_0007163,cv_20260827_req_0002778,cv_20260827_dev_0001710,3,allow,0.613356922248,0.474791810673,0,0.524848965208,0,0,1,high_risk_with_card_diversity
cv_20260827_evt_0007165,cv_20260827_req_0002779,cv_20260827_dev_0001710,4,allow,0.925571995178,0.920638394369,2,1.44548495351,1,1,1,high_risk_with_card_diversity
cv_20260827_evt_0007167,cv_20260827_req_0002780,cv_20260827_dev_0001710,5,allow,0.972761066064,1,3,2.44548329688,2,2,2,high_risk_with_card_diversity|persistent_high_model_risk
cv_20260827_evt_0007169,cv_20260827_req_0002781,cv_20260827_dev_0001710,6,review,0.990672010248,1,4,3.44547208606,3,3,3,persistent_high_model_risk|high_risk_with_card_diversity|high_risk_with_ip_rotation
cv_20260827_evt_0007171,cv_20260827_req_0002782,cv_20260827_dev_0001710,7,block,0.991599257633,1,4,4.44546418852,4,4,3,persistent_high_model_risk|high_risk_with_card_diversity|high_risk_with_ip_rotation
cv_20260827_evt_0007173,cv_20260827_req_0002783,cv_20260827_dev_0001710,8,block,0.993322903802,1,4,5.44544890402,5,5,3,persistent_high_model_risk|high_risk_with_card_diversity|high_risk_with_ip_rotation
cv_20260827_evt_0007175,cv_20260827_req_0002784,cv_20260827_dev_0001710,9,block,0.997040982676,1,4,6.44544266312,6,6,3,persistent_high_model_risk|high_risk_with_card_diversity|high_risk_with_ip_rotation
cv_20260827_evt_0007177,cv_20260827_req_0002785,cv_20260827_dev_0001710,10,block,0.996461106815,1,4,7.44543527615,7,7,3,persistent_high_model_risk|high_risk_with_card_diversity|high_risk_with_ip_rotation
cv_20260827_evt_0007179,cv_20260827_req_0002786,cv_20260827_dev_0001710,11,block,0.997559849209,1,4,8.44540114407,8,8,3,persistent_high_model_risk|high_risk_with_card_diversity|high_risk_with_ip_rotation
cv_20260827_evt_0007181,cv_20260827_req_0002787,cv_20260827_dev_0001710,12,block,0.998631926924,1,4,9.445391465,9,9,3,persistent_high_model_risk|high_risk_with_card_diversity|high_risk_with_ip_rotation
cv_20260827_evt_0002059,cv_20260827_req_0000749,cv_20260827_dev_0000587,1,allow,0.246941145169,0.028783095908,0,0.028783095908,0,0,0,
cv_20260827_evt_0002853,cv_20260827_req_0001040,cv_20260827_dev_0000805,1,allow,0.137739010246,0.0116357732377,0,0.0116357732377,0,0,0,
cv_20260827_evt_0010947,cv_20260827_req_0004622,cv_20260827_dev_0001901,1,allow,0.25484148733,0.0690182853703,0,0.0690182853703,0,0,0,
cv_20260827_evt_0010949,cv_20260827_req_0004623,cv_20260827_dev_0001901,2,allow,0.55739203354,0.474791810673,0,0.529997453912,0,0,0,stable_retry_risk_reduction
cv_20260827_evt_0010951,cv_20260827_req_0004624,cv_20260827_dev_0001901,3,allow,0.775815256914,0.474791810673,0,0.898704258012,0,0,0,stable_retry_risk_reduction
cv_20260827_evt_0010953,cv_20260827_req_0004625,cv_20260827_dev_0001901,4,allow,0.872036796167,0.920638394369,0,1.63955813078,1,1,0,stable_retry_risk_reduction
cv_20260827_evt_0010955,cv_20260827_req_0004626,cv_20260827_dev_0001901,5,allow,0.911306185168,0.920638394369,0,2.23208798836,2,2,1,stable_retry_risk_reduction|persistent_high_model_risk
cv_20260827_evt_0010957,cv_20260827_req_0004627,cv_20260827_dev_0001901,6,review,0.946441233069,0.978665935245,0,3.21069508707,3,3,2,persistent_high_model_risk|high_risk_with_ip_rotation
cv_20260827_evt_0002521,cv_20260827_req_0000918,cv_20260827_dev_0000714,3,allow,0.146070549522,0.0193933904297,0,0.0596451439773,0,0,3,successful_checkout_risk_reduction|high_risk_with_card_diversity|cross_session_card_diversity|high_risk_with_ip_rotation
cv_20260827_evt_0012449,cv_20260827_req_0005351,cv_20260827_dev_0002000,5,allow,0.958957224434,0.978665935245,3,2.60501990883,2,2,4,high_risk_with_card_diversity|cross_session_card_diversity|high_risk_with_ip_rotation|persistent_high_model_risk
cv_20260827_evt_0012451,cv_20260827_req_0005352,cv_20260827_dev_0002000,6,block,0.975630084438,1,6,3.60406769163,3,3,5,rule_corroborated_block|high_risk_with_card_diversity|high_risk_with_card_switching|cross_session_card_diversity|high_risk_with_ip_rotation|persistent_high_model_risk
cv_20260827_evt_0006191,cv_20260827_req_0002335,cv_20260827_dev_0001605,1,allow,0.159322479017,0.0250286633218,0,0.0250286633218,0,0,0,
cv_20260827_evt_0006193,cv_20260827_req_0002336,cv_20260827_dev_0001605,2,allow,0.338991475793,0.0930102271251,0,0.11803716942,0,0,1,high_risk_with_card_diversity
cv_20260827_evt_0006195,cv_20260827_req_0002337,cv_20260827_dev_0001605,3,allow,0.547437574125,0.474791810673,2,0.592819646166,0,0,2,high_risk_with_card_diversity|high_risk_with_card_switching
cv_20260827_evt_0006197,cv_20260827_req_0002338,cv_20260827_dev_0001605,4,allow,0.707283344798,0.474791810673,2,1.06758563956,0,0,2,high_risk_with_card_diversity|high_risk_with_card_switching
cv_20260827_evt_0012453,cv_20260827_req_0005353,cv_20260827_dev_0002000,7,block,0.952627078318,0.978665935245,3,4.58044190724,4,4,3,persistent_high_model_risk|high_risk_with_card_diversity|cross_session_card_diversity
cv_20260827_evt_0002374,cv_20260827_req_0000863,cv_20260827_dev_0000672,1,allow,0.178905880987,0.0250286633218,0,0.0250286633218,0,0,0,
cv_20260827_evt_0001355,cv_20260827_req_0000491,cv_20260827_dev_0000396,1,allow,0.197070659561,0.0250286633218,0,0.0250286633218,0,0,0,
cv_20260827_evt_0002376,cv_20260827_req_0000864,cv_20260827_dev_0000672,2,allow,0.256274293753,0.0690182853703,0,0.0940447687447,0,0,0,
cv_20260827_evt_0000427,cv_20260827_req_0000156,cv_20260827_dev_0000124,1,allow,0.228632231953,0.028783095908,0,0.028783095908,0,0,0,
cv_20260827_evt_0002548,cv_20260827_req_0000928,cv_20260827_dev_0000721,1,allow,0.201898601453,0.0250286633218,0,0.0250286633218,0,0,0,
cv_20260827_evt_0011068,cv_20260827_req_0004681,cv_20260827_dev_0001907,1,allow,0.255865280038,0.0690182853703,0,0.0690182853703,0,0,0,
cv_20260827_evt_0011070,cv_20260827_req_0004682,cv_20260827_dev_0001907,2,allow,0.53502470077,0.474791810673,0,0.530000744045,0,0,0,stable_retry_risk_reduction
cv_20260827_evt_0011072,cv_20260827_req_0004683,cv_20260827_dev_0001907,3,allow,0.801109887505,0.559667304185,0,0.983625624993,1,1,0,stable_retry_risk_reduction
cv_20260827_evt_0011074,cv_20260827_req_0004684,cv_20260827_dev_0001907,4,allow,0.838038956678,0.690081906596,1,1.67365680393,2,2,0,
cv_20260827_evt_0011076,cv_20260827_req_0004685,cv_20260827_dev_0001907,5,review,0.922272762912,0.920638394369,1,2.59420888427,3,3,2,persistent_high_model_risk|high_risk_with_card_diversity
cv_20260827_evt_0011078,cv_20260827_req_0004686,cv_20260827_dev_0001907,6,review,0.959809105484,0.978665935245,2,3.57243185615,4,4,3,persistent_high_model_risk|high_risk_with_card_diversity|high_risk_with_card_switching
cv_20260827_evt_0001748,cv_20260827_req_0000635,cv_20260827_dev_0000500,1,allow,0.242653421524,0.028783095908,0,0.028783095908,0,0,0,
cv_20260827_evt_0001262,cv_20260827_req_0000456,cv_20260827_dev_0000366,1,allow,0.23672865129,0.028783095908,0,0.028783095908,0,0,0,
cv_20260827_evt_0001264,cv_20260827_req_0000457,cv_20260827_dev_0000366,2,allow,0.449729978403,0.0930102271251,0,0.121789595672,0,0,1,high_risk_with_card_diversity
cv_20260827_evt_0004158,cv_20260827_req_0001517,cv_20260827_dev_0001175,1,allow,0.233340550176,0.028783095908,0,0.028783095908,0,0,0,
cv_20260827_evt_0005782,cv_20260827_req_0002181,cv_20260827_dev_0001492,1,allow,0.147129556164,0.0193933904297,0,0.0193933904297,0,0,0,
cv_20260827_evt_0005365,cv_20260827_req_0002026,cv_20260827_dev_0001368,1,allow,0.111807611372,0.00548001258357,0,0.00548001258357,0,0,0,
cv_20260827_evt_0012289,cv_20260827_req_0005273,cv_20260827_dev_0001990,3,allow,0.748715746965,0.474791810673,1,0.912275556706,0,0,3,high_risk_with_card_diversity|cross_session_card_diversity|high_risk_with_ip_rotation
cv_20260827_evt_0001426,cv_20260827_req_0000518,cv_20260827_dev_0000411,1,allow,0.231788232933,0.028783095908,0,0.028783095908,0,0,0,
cv_20260827_evt_0012291,cv_20260827_req_0005274,cv_20260827_dev_0001990,4,allow,0.835056878351,0.690081906596,0,1.41944998348,1,1,2,stable_retry_risk_reduction|high_risk_with_card_diversity|cross_session_card_diversity
cv_20260827_evt_0012293,cv_20260827_req_0005275,cv_20260827_dev_0001990,5,allow,0.95854520298,0.978665935245,0,2.39660705221,2,2,3,high_risk_with_card_diversity|cross_session_card_diversity|persistent_high_model_risk
cv_20260827_evt_0002179,cv_20260827_req_0000792,cv_20260827_dev_0000618,1,allow,0.238943392032,0.028783095908,0,0.028783095908,0,0,0,
cv_20260827_evt_0000836,cv_20260827_req_0000304,cv_20260827_dev_0000243,1,allow,0.127716120122,0.00820512873941,0,0.00820512873941,0,0,0,
cv_20260827_evt_0003309,cv_20260827_req_0001205,cv_20260827_dev_0000932,1,allow,0.209716757413,0.0259720802764,0,0.0259720802764,0,0,0,
cv_20260827_evt_0005811,cv_20260827_req_0002192,cv_20260827_dev_0001500,1,allow,0.13784632201,0.0116357732377,0,0.0116357732377,0,0,0,
cv_20260827_evt_0004126,cv_20260827_req_0001506,cv_20260827_dev_0001168,1,allow,0.245979665485,0.028783095908,0,0.028783095908,0,0,0,
cv_20260827_evt_0004128,cv_20260827_req_0001507,cv_20260827_dev_0001168,2,allow,0.452170036736,0.0930102271251,0,0.121788111459,0,0,0,
cv_20260827_evt_0000830,cv_20260827_req_0000302,cv_20260827_dev_0000241,1,allow,0.221553002403,0.0259720802764,0,0.0259720802764,0,0,0,
cv_20260827_evt_0001673,cv_20260827_req_0000606,cv_20260827_dev_0000478,1,allow,0.112274722725,0.00548001258357,0,0.00548001258357,0,0,0,
cv_20260827_evt_0001675,cv_20260827_req_0000607,cv_20260827_dev_0000478,2,allow,0.473222255403,0.198123499891,0,0.203603374305,0,0,0,
cv_20260827_evt_0003562,cv_20260827_req_0001298,cv_20260827_dev_0001003,3,allow,0.307971140625,0.0930102271251,0,0.294206770451,0,0,3,successful_checkout_risk_reduction|high_risk_with_card_diversity|cross_session_card_diversity|high_risk_with_ip_rotation
cv_20260827_evt_0002010,cv_20260827_req_0000731,cv_20260827_dev_0000573,1,allow,0.240074968894,0.028783095908,0,0.028783095908,0,0,0,
cv_20260827_evt_0003767,cv_20260827_req_0001373,cv_20260827_dev_0001065,2,allow,0.091083279188,0.00548001258357,0,0.0184176266186,0,0,2,successful_checkout_risk_reduction|high_risk_with_card_diversity|cross_session_card_diversity
cv_20260827_evt_0005555,cv_20260827_req_0002095,cv_20260827_dev_0001421,1,allow,0.156842003133,0.0193933904297,0,0.0193933904297,0,0,0,
cv_20260827_evt_0005552,cv_20260827_req_0002094,cv_20260827_dev_0001420,1,allow,0.143554141598,0.0116357732377,0,0.0116357732377,0,0,0,
cv_20260827_evt_0003734,cv_20260827_req_0001361,cv_20260827_dev_0001054,1,allow,0.254802164566,0.0690182853703,0,0.0690182853703,0,0,0,
cv_20260827_evt_0005762,cv_20260827_req_0002173,cv_20260827_dev_0001485,1,allow,0.126155555224,0.00820512873941,0,0.00820512873941,0,0,0,
cv_20260827_evt_0000257,cv_20260827_req_0000094,cv_20260827_dev_0000074,2,allow,0.0966990525783,0.00548001258357,0,0.018464845795,0,0,1,successful_checkout_risk_reduction|high_risk_with_ip_rotation
cv_20260827_evt_0003132,cv_20260827_req_0001141,cv_20260827_dev_0000887,1,allow,0.256141377179,0.0690182853703,0,0.0690182853703,0,0,0,
cv_20260827_evt_0011105,cv_20260827_req_0004699,cv_20260827_dev_0001909,1,allow,0.203908137976,0.0250286633218,0,0.0250286633218,0,0,0,
cv_20260827_evt_0011107,cv_20260827_req_0004700,cv_20260827_dev_0001909,2,allow,0.389166036998,0.0930102271251,0,0.118035505873,0,0,1,high_risk_with_card_diversity
cv_20260827_evt_0012236,cv_20260827_req_0005248,cv_20260827_dev_0001986,7,review,0.918883104858,0.920638394369,3,3.38640237063,3,3,2,persistent_high_model_risk|high_risk_with_ip_rotation
cv_20260827_evt_0011109,cv_20260827_req_0004701,cv_20260827_dev_0001909,3,allow,0.938118357282,0.968667664035,3,1.08668423254,1,1,2,high_risk_with_card_diversity|high_risk_with_card_switching
cv_20260827_evt_0011111,cv_20260827_req_0004702,cv_20260827_dev_0001909,4,allow,0.95252445139,0.978665935245,3,2.06517084161,2,2,3,high_risk_with_card_diversity|high_risk_with_card_switching|persistent_high_model_risk
cv_20260827_evt_0011113,cv_20260827_req_0004703,cv_20260827_dev_0001909,5,review,0.957099738275,0.978665935245,3,3.0434273534,3,3,3,persistent_high_model_risk|high_risk_with_card_diversity|high_risk_with_card_switching
cv_20260827_evt_0004282,cv_20260827_req_0001564,cv_20260827_dev_0001206,1,allow,0.252176647311,0.028783095908,0,0.028783095908,0,0,0,
cv_20260827_evt_0004284,cv_20260827_req_0001565,cv_20260827_dev_0001206,2,allow,0.281199209771,0.0930102271251,0,0.121792201475,0,0,0,
cv_20260827_evt_0004286,cv_20260827_req_0001566,cv_20260827_dev_0001206,3,allow,0.793814246895,0.559667304185,1,0.681448199946,1,1,0,
cv_20260827_evt_0012238,cv_20260827_req_0005249,cv_20260827_dev_0001986,8,block,0.969009306819,0.987077221928,3,4.36925573631,4,4,1,persistent_high_model_risk
cv_20260827_evt_0003334,cv_20260827_req_0001214,cv_20260827_dev_0000940,1,allow,0.178465073086,0.0250286633218,0,0.0250286633218,0,0,0,
cv_20260827_evt_0001269,cv_20260827_req_0000459,cv_20260827_dev_0000368,1,allow,0.212371727149,0.0259720802764,0,0.0259720802764,0,0,0,
cv_20260827_evt_0002406,cv_20260827_req_0000876,cv_20260827_dev_0000682,1,allow,0.23248957717,0.028783095908,0,0.028783095908,0,0,0,
cv_20260827_evt_0012240,cv_20260827_req_0005250,cv_20260827_dev_0001986,9,block,0.989083858155,1,3,5.36413606345,5,5,3,persistent_high_model_risk|high_risk_with_card_diversity|cross_session_card_diversity
cv_20260827_evt_0004370,cv_20260827_req_0001602,cv_20260827_dev_0001213,5,allow,0.173107834627,0.0250286633218,0,0.756430135491,2,0,2,successful_checkout_risk_reduction|high_risk_with_card_diversity|cross_session_card_diversity
cv_20260827_evt_0004372,cv_20260827_req_0001603,cv_20260827_dev_0001213,6,allow,0.338217782156,0.0930102271251,0,0.849398751267,2,0,2,high_risk_with_card_diversity|cross_session_card_diversity
cv_20260827_evt_0004374,cv_20260827_req_0001604,cv_20260827_dev_0001213,7,allow,0.570258660477,0.474791810673,2,1.32411366081,2,0,3,high_risk_with_card_diversity|high_risk_with_card_switching|cross_session_card_diversity
cv_20260827_evt_0006943,cv_20260827_req_0002672,cv_20260827_dev_0001697,1,allow,0.106407373528,0.00548001258357,0,0.00548001258357,0,0,0,
cv_20260827_evt_0006945,cv_20260827_req_0002673,cv_20260827_dev_0001697,2,allow,0.26925763329,0.0930102271251,0,0.0973938905213,0,0,0,stable_retry_risk_reduction
cv_20260827_evt_0006947,cv_20260827_req_0002674,cv_20260827_dev_0001697,3,allow,0.480950674723,0.284737559009,1,0.382128100961,0,0,0,
cv_20260827_evt_0012357,cv_20260827_req_0005306,cv_20260827_dev_0001994,1,allow,0.238416576655,0.028783095908,0,0.028783095908,0,0,0,
cv_20260827_evt_0012359,cv_20260827_req_0005307,cv_20260827_dev_0001994,2,allow,0.553718783685,0.474791810673,0,0.497810398109,0,0,0,stable_retry_risk_reduction
cv_20260827_evt_0006970,cv_20260827_req_0002684,cv_20260827_dev_0001701,1,allow,0.260306218677,0.0930102271251,0,0.0930102271251,0,0,0,
cv_20260827_evt_0006972,cv_20260827_req_0002685,cv_20260827_dev_0001701,2,allow,0.757872422647,0.474791810673,1,0.567801611412,0,0,1,high_risk_with_card_diversity
cv_20260827_evt_0006974,cv_20260827_req_0002686,cv_20260827_dev_0001701,3,allow,0.946476765954,0.978665935245,3,1.54646559443,1,1,2,high_risk_with_card_diversity|high_risk_with_card_switching
cv_20260827_evt_0006976,cv_20260827_req_0002687,cv_20260827_dev_0001701,4,allow,0.98059523735,1,4,2.5464620497,2,2,3,high_risk_with_card_diversity|high_risk_with_card_switching|persistent_high_model_risk
cv_20260827_evt_0006978,cv_20260827_req_0002688,cv_20260827_dev_0001701,5,review,0.988494016134,1,5,3.54645037596,3,3,3,rule_corroborated_review|high_risk_with_card_diversity|high_risk_with_card_switching|persistent_high_model_risk
cv_20260827_evt_0006980,cv_20260827_req_0002689,cv_20260827_dev_0001701,6,block,0.984859484126,1,5,4.54644224696,4,4,4,persistent_high_model_risk|high_risk_with_card_diversity|high_risk_with_card_switching|high_risk_with_ip_rotation
cv_20260827_evt_0006982,cv_20260827_req_0002690,cv_20260827_dev_0001701,7,block,0.99516435308,1,6,5.54643182583,5,5,4,rule_corroborated_block|high_risk_with_card_diversity|high_risk_with_card_switching|high_risk_with_ip_rotation|persistent_high_model_risk
cv_20260827_evt_0006984,cv_20260827_req_0002691,cv_20260827_dev_0001701,8,block,0.995913098794,1,6,6.54641911257,6,6,4,rule_corroborated_block|high_risk_with_card_diversity|high_risk_with_card_switching|high_risk_with_ip_rotation|persistent_high_model_risk
cv_20260827_evt_0006986,cv_20260827_req_0002692,cv_20260827_dev_0001701,9,block,0.993044003538,1,6,7.54641160988,7,7,4,rule_corroborated_block|high_risk_with_card_diversity|high_risk_with_card_switching|high_risk_with_ip_rotation|persistent_high_model_risk
cv_20260827_evt_0001248,cv_20260827_req_0000451,cv_20260827_dev_0000362,1,allow,0.24291991611,0.028783095908,0,0.028783095908,0,0,0,
cv_20260827_evt_0001250,cv_20260827_req_0000452,cv_20260827_dev_0000362,2,allow,0.523339546415,0.304785409055,0,0.333565503245,0,0,1,high_risk_with_card_diversity
cv_20260827_evt_0005705,cv_20260827_req_0002151,cv_20260827_dev_0001468,1,allow,0.127197836979,0.00820512873941,0,0.00820512873941,0,0,0,
cv_20260827_evt_0010818,cv_20260827_req_0004560,cv_20260827_dev_0001894,1,allow,0.163498807164,0.0250286633218,0,0.0250286633218,0,0,0,
cv_20260827_evt_0001510,cv_20260827_req_0000548,cv_20260827_dev_0000433,1,allow,0.238078331229,0.028783095908,0,0.028783095908,0,0,0,
cv_20260827_evt_0010820,cv_20260827_req_0004561,cv_20260827_dev_0001894,2,allow,0.49453880003,0.284737559009,0,0.309762895119,0,0,0,
cv_20260827_evt_0010822,cv_20260827_req_0004562,cv_20260827_dev_0001894,3,allow,0.767205268538,0.474791810673,1,0.784504298185,0,0,1,high_risk_with_card_diversity
cv_20260827_evt_0010824,cv_20260827_req_0004563,cv_20260827_dev_0001894,4,allow,0.870785696998,0.920638394369,2,1.7050563835,1,1,2,high_risk_with_card_diversity|high_risk_with_card_switching
cv_20260827_evt_0003976,cv_20260827_req_0001449,cv_20260827_dev_0001122,1,allow,0.244676106656,0.028783095908,0,0.028783095908,0,0,0,
cv_20260827_evt_0010826,cv_20260827_req_0004564,cv_20260827_dev_0001894,5,allow,0.929494505091,0.968667664035,1,2.6733762487,2,2,3,high_risk_with_card_diversity|high_risk_with_card_switching|persistent_high_model_risk
cv_20260827_evt_0010828,cv_20260827_req_0004565,cv_20260827_dev_0001894,6,review,0.959490154789,0.978665935245,1,3.65166841498,3,3,4,persistent_high_model_risk|high_risk_with_card_diversity|high_risk_with_card_switching|high_risk_with_ip_rotation
cv_20260827_evt_0011576,cv_20260827_req_0004928,cv_20260827_dev_0001938,1,allow,0.133284372889,0.00820512873941,0,0.00820512873941,0,0,0,
cv_20260827_evt_0010830,cv_20260827_req_0004566,cv_20260827_dev_0001894,7,block,0.981820254285,1,2,4.65093191306,4,4,4,persistent_high_model_risk|high_risk_with_card_diversity|high_risk_with_card_switching|high_risk_with_ip_rotation
cv_20260827_evt_0011578,cv_20260827_req_0004929,cv_20260827_dev_0001938,2,allow,0.545113158639,0.474791810673,0,0.482992934411,0,0,0,
cv_20260827_evt_0011580,cv_20260827_req_0004930,cv_20260827_dev_0001938,3,allow,0.838946355995,0.690081906596,0,1.17293813426,1,1,0,
cv_20260827_evt_0003385,cv_20260827_req_0001232,cv_20260827_dev_0000954,1,allow,0.216294565425,0.0259720802764,0,0.0259720802764,0,0,0,
cv_20260827_evt_0002197,cv_20260827_req_0000798,cv_20260827_dev_0000624,1,allow,0.243186609394,0.028783095908,0,0.028783095908,0,0,0,
cv_20260827_evt_0003803,cv_20260827_req_0001386,cv_20260827_dev_0001074,1,allow,0.183762897911,0.0250286633218,0,0.0250286633218,0,0,0,
cv_20260827_evt_0002894,cv_20260827_req_0001054,cv_20260827_dev_0000818,1,allow,0.235048987813,0.028783095908,0,0.028783095908,0,0,0,
cv_20260827_evt_0003326,cv_20260827_req_0001211,cv_20260827_dev_0000938,1,allow,0.196220087476,0.0250286633218,0,0.0250286633218,0,0,0,
cv_20260827_evt_0011986,cv_20260827_req_0005126,cv_20260827_dev_0001970,3,allow,0.924767627234,0.920638394369,1,1.28309843444,1,1,1,stable_retry_risk_reduction|high_risk_with_ip_rotation
cv_20260827_evt_0002864,cv_20260827_req_0001044,cv_20260827_dev_0000809,1,allow,0.240074968894,0.028783095908,0,0.028783095908,0,0,0,
cv_20260827_evt_0008987,cv_20260827_req_0003669,cv_20260827_dev_0001796,1,allow,0.163527131433,0.0250286633218,0,0.0250286633218,0,0,0,
cv_20260827_evt_0008989,cv_20260827_req_0003670,cv_20260827_dev_0001796,2,allow,0.502085020216,0.284737559009,0,0.309766193646,0,0,1,high_risk_with_card_diversity
cv_20260827_evt_0008991,cv_20260827_req_0003671,cv_20260827_dev_0001796,3,allow,0.835418666129,0.690081906596,1,0.999846680182,1,1,2,high_risk_with_card_diversity|high_risk_with_card_switching
cv_20260827_evt_0008993,cv_20260827_req_0003672,cv_20260827_dev_0001796,4,allow,0.858967907782,0.855151534315,3,1.8549970686,2,2,3,high_risk_with_card_diversity|high_risk_with_card_switching|persistent_high_model_risk
cv_20260827_evt_0008995,cv_20260827_req_0003673,cv_20260827_dev_0001796,5,review,0.965622686975,0.987077221928,4,2.84206578667,3,3,3,persistent_high_model_risk|high_risk_with_card_diversity|high_risk_with_card_switching
cv_20260827_evt_0008997,cv_20260827_req_0003674,cv_20260827_dev_0001796,6,block,0.979603405279,1,5,3.8420527578,4,4,4,persistent_high_model_risk|high_risk_with_card_diversity|high_risk_with_card_switching|high_risk_with_ip_rotation
cv_20260827_evt_0008999,cv_20260827_req_0003675,cv_20260827_dev_0001796,7,block,0.974426507245,1,5,4.84203954796,5,5,4,persistent_high_model_risk|high_risk_with_card_diversity|high_risk_with_card_switching|high_risk_with_ip_rotation
cv_20260827_evt_0009001,cv_20260827_req_0003676,cv_20260827_dev_0001796,8,block,0.986175980408,1,5,5.84202844927,6,6,4,persistent_high_model_risk|high_risk_with_card_diversity|high_risk_with_card_switching|high_risk_with_ip_rotation
cv_20260827_evt_0009003,cv_20260827_req_0003677,cv_20260827_dev_0001796,9,block,0.983326951266,1,4,6.84200166768,7,7,4,persistent_high_model_risk|high_risk_with_card_diversity|high_risk_with_card_switching|high_risk_with_ip_rotation
cv_20260827_evt_0009005,cv_20260827_req_0003678,cv_20260827_dev_0001796,10,block,0.983047676724,1,5,7.84197814335,8,8,4,persistent_high_model_risk|high_risk_with_card_diversity|high_risk_with_card_switching|high_risk_with_ip_rotation
cv_20260827_evt_0011988,cv_20260827_req_0005127,cv_20260827_dev_0001970,4,allow,0.958892702174,0.978665935245,1,2.00447669177,2,2,2,stable_retry_risk_reduction|high_risk_with_ip_rotation|persistent_high_model_risk
cv_20260827_evt_0006353,cv_20260827_req_0002406,cv_20260827_dev_0001623,1,allow,0.130674830228,0.00820512873941,0,0.00820512873941,0,0,0,
cv_20260827_evt_0001105,cv_20260827_req_0000401,cv_20260827_dev_0000322,1,allow,0.172754474665,0.0250286633218,0,0.0250286633218,0,0,0,
cv_20260827_evt_0006355,cv_20260827_req_0002407,cv_20260827_dev_0001623,2,allow,0.326168435867,0.0930102271251,0,0.0995739389341,0,0,0,stable_retry_risk_reduction
cv_20260827_evt_0006357,cv_20260827_req_0002408,cv_20260827_dev_0001623,3,allow,0.458321708778,0.0930102271251,1,0.192573667631,0,0,1,high_risk_with_card_diversity
cv_20260827_evt_0003978,cv_20260827_req_0001450,cv_20260827_dev_0001123,1,allow,0.202884618038,0.0250286633218,0,0.0250286633218,0,0,0,
cv_20260827_evt_0011990,cv_20260827_req_0005128,cv_20260827_dev_0001970,5,review,0.952722278311,0.978665935245,1,2.5810458,3,3,1,stable_retry_risk_reduction|persistent_high_model_risk
cv_20260827_evt_0001518,cv_20260827_req_0000551,cv_20260827_dev_0000435,1,allow,0.2456341509,0.028783095908,0,0.028783095908,0,0,0,
cv_20260827_evt_0006026,cv_20260827_req_0002272,cv_20260827_dev_0001558,1,allow,0.124599938334,0.00548001258357,0,0.00548001258357,0,0,0,
cv_20260827_evt_0000062,cv_20260827_req_0000023,cv_20260827_dev_0000020,1,allow,0.205932514913,0.0250286633218,0,0.0250286633218,0,0,0,
cv_20260827_evt_0008823,cv_20260827_req_0003589,cv_20260827_dev_0001787,1,allow,0.132452496866,0.00820512873941,0,0.00820512873941,0,0,0,
cv_20260827_evt_0008825,cv_20260827_req_0003590,cv_20260827_dev_0001787,2,allow,0.300595645327,0.0930102271251,0,0.101215327653,0,0,0,
cv_20260827_evt_0008827,cv_20260827_req_0003591,cv_20260827_dev_0001787,3,allow,0.482281690869,0.284737559009,0,0.385952654661,0,0,0,
cv_20260827_evt_0008829,cv_20260827_req_0003592,cv_20260827_dev_0001787,4,allow,0.764041501049,0.474791810673,2,0.860742696013,0,0,0,
cv_20260827_evt_0008831,cv_20260827_req_0003593,cv_20260827_dev_0001787,5,allow,0.926136529876,0.920638394369,2,1.78137911743,1,1,0,
cv_20260827_evt_0008833,cv_20260827_req_0003594,cv_20260827_dev_0001787,6,allow,0.944604244157,0.968667664035,4,2.7500386151,2,2,3,high_risk_with_card_diversity|high_risk_with_ip_rotation|persistent_high_model_risk
cv_20260827_evt_0008835,cv_20260827_req_0003595,cv_20260827_dev_0001787,7,review,0.956046423218,0.978665935245,4,3.72870139859,3,3,3,persistent_high_model_risk|high_risk_with_card_diversity|high_risk_with_ip_rotation
cv_20260827_evt_0008837,cv_20260827_req_0003596,cv_20260827_dev_0001787,8,block,0.987618299188,1,4,4.72868857848,4,4,4,persistent_high_model_risk|high_risk_with_card_diversity|high_risk_with_card_switching|high_risk_with_ip_rotation
cv_20260827_evt_0008839,cv_20260827_req_0003597,cv_20260827_dev_0001787,9,block,0.986402961786,1,5,5.72867232018,5,5,4,persistent_high_model_risk|high_risk_with_card_diversity|high_risk_with_card_switching|high_risk_with_ip_rotation
cv_20260827_evt_0008841,cv_20260827_req_0003598,cv_20260827_dev_0001787,10,block,0.994524572974,1,5,6.72864605825,6,6,4,persistent_high_model_risk|high_risk_with_card_diversity|high_risk_with_card_switching|high_risk_with_ip_rotation
cv_20260827_evt_0008522,cv_20260827_req_0003443,cv_20260827_dev_0001774,1,allow,0.11917052989,0.00548001258357,0,0.00548001258357,0,0,0,
cv_20260827_evt_0008524,cv_20260827_req_0003444,cv_20260827_dev_0001774,2,allow,0.468168561556,0.0930102271251,0,0.0984902334282,0,0,0,
cv_20260827_evt_0008526,cv_20260827_req_0003445,cv_20260827_dev_0001774,3,allow,0.809411703058,0.584793744945,0,0.683283526865,1,1,1,high_risk_with_card_diversity
cv_20260827_evt_0008528,cv_20260827_req_0003446,cv_20260827_dev_0001774,4,allow,0.954150692774,0.978665935245,3,1.66194632974,2,2,1,high_risk_with_card_diversity
cv_20260827_evt_0008530,cv_20260827_req_0003447,cv_20260827_dev_0001774,5,review,0.983487328175,1,4,2.66194442502,3,3,3,persistent_high_model_risk|high_risk_with_card_diversity|high_risk_with_card_switching
cv_20260827_evt_0008532,cv_20260827_req_0003448,cv_20260827_dev_0001774,6,review,0.989621843466,1,5,3.66193832344,4,4,3,rule_corroborated_review|high_risk_with_card_diversity|high_risk_with_card_switching|persistent_high_model_risk
cv_20260827_evt_0008534,cv_20260827_req_0003449,cv_20260827_dev_0001774,7,block,0.985616649695,1,5,4.66193412658,5,5,4,persistent_high_model_risk|high_risk_with_card_diversity|high_risk_with_card_switching|high_risk_with_ip_rotation
cv_20260827_evt_0008536,cv_20260827_req_0003450,cv_20260827_dev_0001774,8,block,0.991943971845,1,5,5.66192344072,6,6,4,persistent_high_model_risk|high_risk_with_card_diversity|high_risk_with_card_switching|high_risk_with_ip_rotation
cv_20260827_evt_0008538,cv_20260827_req_0003451,cv_20260827_dev_0001774,9,block,0.997176601408,1,5,6.66190397376,7,7,4,persistent_high_model_risk|high_risk_with_card_diversity|high_risk_with_card_switching|high_risk_with_ip_rotation
cv_20260827_evt_0008540,cv_20260827_req_0003452,cv_20260827_dev_0001774,10,block,0.992349058834,1,5,7.66188870367,8,8,4,persistent_high_model_risk|high_risk_with_card_diversity|high_risk_with_card_switching|high_risk_with_ip_rotation
cv_20260827_evt_0008542,cv_20260827_req_0003453,cv_20260827_dev_0001774,11,block,0.997342384617,1,5,8.66185357931,9,9,4,persistent_high_model_risk|high_risk_with_card_diversity|high_risk_with_card_switching|high_risk_with_ip_rotation
cv_20260827_evt_0011017,cv_20260827_req_0004656,cv_20260827_dev_0001904,1,allow,0.0983331973352,0.00548001258357,0,0.00548001258357,0,0,0,
cv_20260827_evt_0011019,cv_20260827_req_0004657,cv_20260827_dev_0001904,2,allow,0.471525498772,0.198123499891,0,0.203603361744,0,0,0,
cv_20260827_evt_0011021,cv_20260827_req_0004658,cv_20260827_dev_0001904,3,allow,0.795578887516,0.559667304185,0,0.763235433873,1,1,0,
cv_20260827_evt_0011023,cv_20260827_req_0004659,cv_20260827_dev_0001904,4,allow,0.878146341698,0.920638394369,1,1.68383621594,2,2,1,high_risk_with_card_diversity
cv_20260827_evt_0011025,cv_20260827_req_0004660,cv_20260827_dev_0001904,5,review,0.856391508216,0.855151534315,2,2.5387330352,3,3,3,persistent_high_model_risk|high_risk_with_card_diversity|high_risk_with_card_switching
cv_20260827_evt_0011027,cv_20260827_req_0004661,cv_20260827_dev_0001904,6,review,0.942993805385,0.968667664035,2,3.50721449277,4,4,3,persistent_high_model_risk|high_risk_with_card_diversity|high_risk_with_card_switching
cv_20260827_evt_0011029,cv_20260827_req_0004662,cv_20260827_dev_0001904,7,block,0.961910232628,0.987077221928,2,4.4939902624,5,5,4,persistent_high_model_risk|high_risk_with_card_diversity|high_risk_with_card_switching|high_risk_with_ip_rotation
cv_20260827_evt_0006673,cv_20260827_req_0002551,cv_20260827_dev_0001663,1,allow,0.157857928107,0.0250286633218,0,0.0250286633218,0,0,0,
cv_20260827_evt_0006675,cv_20260827_req_0002552,cv_20260827_dev_0001663,2,allow,0.373384198895,0.0930102271251,0,0.113032216944,0,0,0,stable_retry_risk_reduction
cv_20260827_evt_0006677,cv_20260827_req_0002553,cv_20260827_dev_0001663,3,allow,0.492429536582,0.284737559009,1,0.37515690743,0,0,0,stable_retry_risk_reduction
cv_20260827_evt_0000283,cv_20260827_req_0000103,cv_20260827_dev_0000081,2,allow,0.0146070625907,0,0,0.0463291962243,0,0,0,successful_checkout_risk_reduction
cv_20260827_evt_0002166,cv_20260827_req_0000787,cv_20260827_dev_0000615,1,allow,0.130674830228,0.00820512873941,0,0.00820512873941,0,0,0,
cv_20260827_evt_0002246,cv_20260827_req_0000817,cv_20260827_dev_0000639,1,allow,0.249918339261,0.028783095908,0,0.028783095908,0,0,0,
cv_20260827_evt_0002833,cv_20260827_req_0001033,cv_20260827_dev_0000799,1,allow,0.250890091731,0.028783095908,0,0.028783095908,0,0,0,
cv_20260827_evt_0001638,cv_20260827_req_0000594,cv_20260827_dev_0000467,1,allow,0.189801828514,0.0250286633218,0,0.0250286633218,0,0,0,
cv_20260827_evt_0005061,cv_20260827_req_0001910,cv_20260827_dev_0001293,1,allow,0.246094909756,0.028783095908,0,0.028783095908,0,0,0,
cv_20260827_evt_0005063,cv_20260827_req_0001911,cv_20260827_dev_0001293,2,allow,0.301883150347,0.0930102271251,0,0.121790354299,0,0,1,high_risk_with_card_diversity
cv_20260827_evt_0005065,cv_20260827_req_0001912,cv_20260827_dev_0001293,3,allow,0.851841708679,0.834086215288,3,0.955864426638,1,1,2,high_risk_with_card_diversity|high_risk_with_card_switching
cv_20260827_evt_0004669,cv_20260827_req_0001734,cv_20260827_dev_0001248,1,allow,0.233488766457,0.028783095908,0,0.028783095908,0,0,0,
cv_20260827_evt_0004671,cv_20260827_req_0001735,cv_20260827_dev_0001248,2,allow,0.513308663622,0.284737559009,0,0.313517488278,0,0,0,
cv_20260827_evt_0004673,cv_20260827_req_0001736,cv_20260827_dev_0001248,3,allow,0.806540419898,0.584793744945,1,0.898291830808,1,1,1,high_risk_with_card_diversity
cv_20260827_evt_0002537,cv_20260827_req_0000924,cv_20260827_dev_0000718,2,allow,0.109345296233,0.00548001258357,0,0.0158309341848,0,0,0,successful_checkout_risk_reduction|stable_retry_risk_reduction
cv_20260827_evt_0002056,cv_20260827_req_0000748,cv_20260827_dev_0000586,1,allow,0.2127876922,0.0259720802764,0,0.0259720802764,0,0,0,
cv_20260827_evt_0003588,cv_20260827_req_0001307,cv_20260827_dev_0001010,3,allow,0.184999003375,0.0250286633218,0,0.0306541439955,0,0,2,successful_checkout_risk_reduction|high_risk_with_card_diversity|cross_session_card_diversity
cv_20260827_evt_0002848,cv_20260827_req_0001038,cv_20260827_dev_0000803,1,allow,0.247789334079,0.028783095908,0,0.028783095908,0,0,0,
cv_20260827_evt_0001983,cv_20260827_req_0000721,cv_20260827_dev_0000565,1,allow,0.150195920466,0.0193933904297,0,0.0193933904297,0,0,0,
cv_20260827_evt_0001901,cv_20260827_req_0000691,cv_20260827_dev_0000542,1,allow,0.208176478521,0.0250286633218,0,0.0250286633218,0,0,0,
cv_20260827_evt_0003469,cv_20260827_req_0001264,cv_20260827_dev_0000977,1,allow,0.2456341509,0.028783095908,0,0.028783095908,0,0,0,
cv_20260827_evt_0005770,cv_20260827_req_0002176,cv_20260827_dev_0001488,1,allow,0.143630539311,0.0116357732377,0,0.0116357732377,0,0,0,
cv_20260827_evt_0005772,cv_20260827_req_0002177,cv_20260827_dev_0001488,2,allow,0.324350541787,0.0930102271251,0,0.104645360277,0,0,1,high_risk_with_card_diversity
cv_20260827_evt_0002096,cv_20260827_req_0000762,cv_20260827_dev_0000598,1,allow,0.233229430924,0.028783095908,0,0.028783095908,0,0,0,
cv_20260827_evt_0007183,cv_20260827_req_0002788,cv_20260827_dev_0001710,13,block,0.968405092838,0.987077221928,1,9.54218788402,10,10,4,persistent_high_model_risk|high_risk_with_card_diversity|cross_session_card_diversity|high_risk_with_ip_rotation
cv_20260827_evt_0007185,cv_20260827_req_0002789,cv_20260827_dev_0001710,14,block,0.818085546537,0.627563763201,0,10.169543864,11,11,4,persistent_high_model_risk|high_risk_with_card_diversity|cross_session_card_diversity|high_risk_with_ip_rotation
cv_20260827_evt_0007187,cv_20260827_req_0002790,cv_20260827_dev_0001710,15,block,0.898924606464,0.920638394369,0,11.0900773632,12,12,4,persistent_high_model_risk|high_risk_with_card_diversity|cross_session_card_diversity|high_risk_with_ip_rotation
cv_20260827_evt_0007189,cv_20260827_req_0002791,cv_20260827_dev_0001710,16,block,0.921175336564,0.920638394369,2,12.0105886575,13,13,4,persistent_high_model_risk|high_risk_with_card_diversity|cross_session_card_diversity|high_risk_with_ip_rotation
cv_20260827_evt_0007191,cv_20260827_req_0002792,cv_20260827_dev_0001710,17,block,0.924913981893,0.920638394369,2,12.9309242245,14,14,4,persistent_high_model_risk|high_risk_with_card_diversity|cross_session_card_diversity|high_risk_with_ip_rotation
cv_20260827_evt_0007193,cv_20260827_req_0002793,cv_20260827_dev_0001710,18,block,0.932330756706,0.968667664035,2,13.8993547734,15,15,4,persistent_high_model_risk|high_risk_with_card_diversity|cross_session_card_diversity|high_risk_with_ip_rotation
cv_20260827_evt_0007195,cv_20260827_req_0002794,cv_20260827_dev_0001710,19,block,0.890119693768,0.920638394369,2,14.8198338714,16,16,4,persistent_high_model_risk|high_risk_with_card_diversity|cross_session_card_diversity|high_risk_with_ip_rotation
cv_20260827_evt_0007197,cv_20260827_req_0002795,cv_20260827_dev_0001710,20,block,0.780687254345,0.474791810673,2,15.2943539299,15,0,4,persistent_high_model_risk|high_risk_with_card_diversity|cross_session_card_diversity|high_risk_with_ip_rotation
cv_20260827_evt_0002933,cv_20260827_req_0001068,cv_20260827_dev_0000829,2,allow,0.0576294755435,0,0,0.0129865000593,0,0,1,successful_checkout_risk_reduction|high_risk_with_ip_rotation
cv_20260827_evt_0002524,cv_20260827_req_0000919,cv_20260827_dev_0000714,4,allow,0.175842848382,0.0250286633218,0,0.0547427144668,0,0,2,successful_checkout_risk_reduction|high_risk_with_card_diversity|cross_session_card_diversity
cv_20260827_evt_0005866,cv_20260827_req_0002212,cv_20260827_dev_0001516,1,allow,0.150275232643,0.0193933904297,0,0.0193933904297,0,0,0,
cv_20260827_evt_0000511,cv_20260827_req_0000187,cv_20260827_dev_0000149,1,allow,0.204817270627,0.0250286633218,0,0.0250286633218,0,0,0,
cv_20260827_evt_0005589,cv_20260827_req_0002108,cv_20260827_dev_0001433,1,allow,0.159433456872,0.0250286633218,0,0.0250286633218,0,0,0,
cv_20260827_evt_0005492,cv_20260827_req_0002072,cv_20260827_dev_0001401,1,allow,0.124487043807,0.00548001258357,0,0.00548001258357,0,0,0,
cv_20260827_evt_0002452,cv_20260827_req_0000893,cv_20260827_dev_0000695,1,allow,0.224459446346,0.0259720802764,0,0.0259720802764,0,0,0,
cv_20260827_evt_0000545,cv_20260827_req_0000199,cv_20260827_dev_0000160,1,allow,0.221071060211,0.0259720802764,0,0.0259720802764,0,0,0,
cv_20260827_evt_0001712,cv_20260827_req_0000621,cv_20260827_dev_0000490,1,allow,0.254527017033,0.0690182853703,0,0.0690182853703,0,0,0,
cv_20260827_evt_0002379,cv_20260827_req_0000865,cv_20260827_dev_0000672,3,allow,0.409336094766,0.0930102271251,0,0.139866174264,0,0,1,successful_checkout_risk_reduction|high_risk_with_ip_rotation
cv_20260827_evt_0006140,cv_20260827_req_0002314,cv_20260827_dev_0001595,1,allow,0.153799195655,0.0193933904297,0,0.0193933904297,0,0,0,
cv_20260827_evt_0000973,cv_20260827_req_0000353,cv_20260827_dev_0000282,2,allow,0.0589777858723,0,0,0.0106134254885,0,0,0,successful_checkout_risk_reduction
cv_20260827_evt_0011292,cv_20260827_req_0004790,cv_20260827_dev_0001920,9,block,0.952012969686,0.978665935245,3,4.80710898863,6,5,4,persistent_high_model_risk|high_risk_with_card_diversity|cross_session_card_diversity|high_risk_with_ip_rotation
cv_20260827_evt_0011294,cv_20260827_req_0004791,cv_20260827_dev_0001920,10,block,0.974714354092,1,3,5.80401375021,7,6,4,persistent_high_model_risk|high_risk_with_card_diversity|cross_session_card_diversity|high_risk_with_ip_rotation
cv_20260827_evt_0000930,cv_20260827_req_0000337,cv_20260827_dev_0000272,2,allow,0.0303797659888,0,0,0.0129860684442,0,0,1,successful_checkout_risk_reduction|high_risk_with_ip_rotation
cv_20260827_evt_0004518,cv_20260827_req_0001668,cv_20260827_dev_0001230,4,allow,0.725799897746,0.474791810673,0,1.17585505182,1,0,3,high_risk_with_card_diversity|cross_session_card_diversity|high_risk_with_ip_rotation
cv_20260827_evt_0004520,cv_20260827_req_0001669,cv_20260827_dev_0001230,5,allow,0.849422906677,0.834086215288,0,1.77467970103,2,1,3,stable_retry_risk_reduction|high_risk_with_card_diversity|cross_session_card_diversity|persistent_high_model_risk
cv_20260827_evt_0004522,cv_20260827_req_0001670,cv_20260827_dev_0001230,6,review,0.791606162266,0.559667304185,1,2.3342514136,3,2,3,persistent_high_model_risk|high_risk_with_card_diversity|cross_session_card_diversity
cv_20260827_evt_0000912,cv_20260827_req_0000331,cv_20260827_dev_0000267,1,allow,0.224315284428,0.0259720802764,0,0.0259720802764,0,0,0,
cv_20260827_evt_0011080,cv_20260827_req_0004687,cv_20260827_dev_0001907,7,block,0.937512123253,0.968667664035,3,4.20587643092,5,5,5,persistent_high_model_risk|high_risk_with_card_diversity|high_risk_with_card_switching|cross_session_card_diversity|high_risk_with_ip_rotation
cv_20260827_evt_0011082,cv_20260827_req_0004688,cv_20260827_dev_0001907,8,block,0.951849080606,0.978665935245,3,5.18393505764,6,6,5,persistent_high_model_risk|high_risk_with_card_diversity|high_risk_with_card_switching|cross_session_card_diversity|high_risk_with_ip_rotation
cv_20260827_evt_0011084,cv_20260827_req_0004689,cv_20260827_dev_0001907,9,block,0.930972273531,0.968667664035,1,6.15158093821,7,7,4,persistent_high_model_risk|high_risk_with_card_diversity|cross_session_card_diversity|high_risk_with_ip_rotation
cv_20260827_evt_0011086,cv_20260827_req_0004690,cv_20260827_dev_0001907,10,block,0.93989451188,0.968667664035,1,7.11990315295,8,8,4,persistent_high_model_risk|high_risk_with_card_diversity|cross_session_card_diversity|high_risk_with_ip_rotation
cv_20260827_evt_0011088,cv_20260827_req_0004691,cv_20260827_dev_0001907,11,block,0.865503486963,0.888720283257,1,8.00734243852,9,9,4,persistent_high_model_risk|high_risk_with_card_diversity|cross_session_card_diversity|high_risk_with_ip_rotation
cv_20260827_evt_0011090,cv_20260827_req_0004692,cv_20260827_dev_0001907,12,block,0.893546525183,0.920638394369,1,8.92649429227,10,10,4,persistent_high_model_risk|high_risk_with_card_diversity|cross_session_card_diversity|high_risk_with_ip_rotation
cv_20260827_evt_0005875,cv_20260827_req_0002215,cv_20260827_dev_0001519,1,allow,0.132520717458,0.00820512873941,0,0.00820512873941,0,0,0,
cv_20260827_evt_0012295,cv_20260827_req_0005276,cv_20260827_dev_0001990,6,review,0.880676436449,0.920638394369,2,3.09601403975,3,3,4,persistent_high_model_risk|high_risk_with_card_diversity|cross_session_card_diversity|high_risk_with_ip_rotation
cv_20260827_evt_0007085,cv_20260827_req_0002740,cv_20260827_dev_0001706,1,allow,0.244523054234,0.028783095908,0,0.028783095908,0,0,0,
cv_20260827_evt_0007087,cv_20260827_req_0002741,cv_20260827_dev_0001706,2,allow,0.514621731973,0.284737559009,0,0.313520621929,0,0,1,high_risk_with_card_diversity
cv_20260827_evt_0007089,cv_20260827_req_0002742,cv_20260827_dev_0001706,3,allow,0.59990347389,0.474791810673,0,0.788312073284,0,0,1,high_risk_with_card_diversity
cv_20260827_evt_0007091,cv_20260827_req_0002743,cv_20260827_dev_0001706,4,allow,0.941960057481,0.968667664035,3,1.75697612346,1,1,1,high_risk_with_card_diversity
cv_20260827_evt_0007093,cv_20260827_req_0002744,cv_20260827_dev_0001706,5,allow,0.941029429184,0.968667664035,3,2.72564177387,2,2,3,high_risk_with_card_diversity|high_risk_with_ip_rotation|persistent_high_model_risk
cv_20260827_evt_0007095,cv_20260827_req_0002745,cv_20260827_dev_0001706,6,review,0.988251666851,1,5,3.7256324025,3,3,4,rule_corroborated_review|high_risk_with_card_diversity|high_risk_with_card_switching|high_risk_with_ip_rotation|persistent_high_model_risk
cv_20260827_evt_0012297,cv_20260827_req_0005277,cv_20260827_dev_0001990,7,block,0.968523354056,0.987077221928,2,4.08233557252,4,4,4,persistent_high_model_risk|high_risk_with_card_diversity|cross_session_card_diversity|high_risk_with_ip_rotation
cv_20260827_evt_0000442,cv_20260827_req_0000162,cv_20260827_dev_0000129,1,allow,0.115548610245,0.00548001258357,0,0.00548001258357,0,0,0,
cv_20260827_evt_0001314,cv_20260827_req_0000476,cv_20260827_dev_0000382,1,allow,0.213395215731,0.0259720802764,0,0.0259720802764,0,0,0,
cv_20260827_evt_0000771,cv_20260827_req_0000280,cv_20260827_dev_0000224,1,allow,0.230830895098,0.028783095908,0,0.028783095908,0,0,0,
cv_20260827_evt_0012051,cv_20260827_req_0005158,cv_20260827_dev_0001975,1,allow,0.252176647311,0.028783095908,0,0.028783095908,0,0,0,
cv_20260827_evt_0012053,cv_20260827_req_0005159,cv_20260827_dev_0001975,2,allow,0.623696155855,0.474791810673,0,0.497806335783,0,0,0,stable_retry_risk_reduction
cv_20260827_evt_0010001,cv_20260827_req_0004164,cv_20260827_dev_0001846,1,allow,0.220139322974,0.0259720802764,0,0.0259720802764,0,0,0,
cv_20260827_evt_0010003,cv_20260827_req_0004165,cv_20260827_dev_0001846,2,allow,0.47310282579,0.198123499891,0,0.224094776498,0,0,0,
cv_20260827_evt_0001909,cv_20260827_req_0000694,cv_20260827_dev_0000545,1,allow,0.178738492458,0.0250286633218,0,0.0250286633218,0,0,0,
cv_20260827_evt_0010005,cv_20260827_req_0004166,cv_20260827_dev_0001846,3,allow,0.636943291929,0.474791810673,0,0.698842416799,0,0,0,
cv_20260827_evt_0010007,cv_20260827_req_0004167,cv_20260827_dev_0001846,4,allow,0.83111553029,0.690081906596,0,1.38886265474,1,1,1,high_risk_with_card_diversity
cv_20260827_evt_0010009,cv_20260827_req_0004168,cv_20260827_dev_0001846,5,allow,0.882480291078,0.920638394369,0,2.30928777191,2,2,2,high_risk_with_card_diversity|persistent_high_model_risk
cv_20260827_evt_0010011,cv_20260827_req_0004169,cv_20260827_dev_0001846,6,review,0.949568712077,0.978665935245,1,3.28789548223,3,3,2,persistent_high_model_risk|high_risk_with_card_diversity
cv_20260827_evt_0003685,cv_20260827_req_0001342,cv_20260827_dev_0001038,1,allow,0.188246341231,0.0250286633218,0,0.0250286633218,0,0,0,
cv_20260827_evt_0012421,cv_20260827_req_0005337,cv_20260827_dev_0001999,1,allow,0.232120264344,0.028783095908,0,0.028783095908,0,0,0,
cv_20260827_evt_0012423,cv_20260827_req_0005338,cv_20260827_dev_0001999,2,allow,0.408441880773,0.0930102271251,0,0.11603058216,0,0,0,stable_retry_risk_reduction
cv_20260827_evt_0001364,cv_20260827_req_0000495,cv_20260827_dev_0000398,3,allow,0.747368087845,0.474791810673,1,0.565285770773,0,0,2,high_risk_with_card_diversity|cross_session_card_diversity
cv_20260827_evt_0001366,cv_20260827_req_0000496,cv_20260827_dev_0000398,4,allow,0.875724069331,0.920638394369,1,1.48588594264,1,1,2,high_risk_with_card_diversity|cross_session_card_diversity
cv_20260827_evt_0000915,cv_20260827_req_0000332,cv_20260827_dev_0000268,1,allow,0.247480675852,0.028783095908,0,0.028783095908,0,0,0,
cv_20260827_evt_0002483,cv_20260827_req_0000904,cv_20260827_dev_0000703,1,allow,0.251513330618,0.028783095908,0,0.028783095908,0,0,0,
cv_20260827_evt_0003477,cv_20260827_req_0001267,cv_20260827_dev_0000979,1,allow,0.254959479581,0.0690182853703,0,0.0690182853703,0,0,0,
cv_20260827_evt_0002185,cv_20260827_req_0000794,cv_20260827_dev_0000620,1,allow,0.19117493998,0.0250286633218,0,0.0250286633218,0,0,0,
cv_20260827_evt_0007760,cv_20260827_req_0003069,cv_20260827_dev_0001740,1,allow,0.254016548142,0.0690182853703,0,0.0690182853703,0,0,0,
cv_20260827_evt_0007762,cv_20260827_req_0003070,cv_20260827_dev_0001740,2,allow,0.509805263156,0.284737559009,0,0.353755527979,0,0,1,high_risk_with_card_diversity
cv_20260827_evt_0011428,cv_20260827_req_0004856,cv_20260827_dev_0001928,8,block,0.898796471676,0.920638394369,2,4.33395619521,6,6,3,persistent_high_model_risk|high_risk_with_card_diversity|cross_session_card_diversity
cv_20260827_evt_0007764,cv_20260827_req_0003071,cv_20260827_dev_0001740,3,allow,0.846291982529,0.834086215288,0,1.18784052698,1,1,1,high_risk_with_card_diversity
cv_20260827_evt_0007766,cv_20260827_req_0003072,cv_20260827_dev_0001740,4,allow,0.939175491744,0.968667664035,4,2.15650410695,2,2,2,high_risk_with_card_diversity|persistent_high_model_risk
cv_20260827_evt_0007768,cv_20260827_req_0003073,cv_20260827_dev_0001740,5,review,0.977662452834,1,5,3.15649916392,3,3,3,rule_corroborated_review|high_risk_with_card_diversity|high_risk_with_card_switching|persistent_high_model_risk
cv_20260827_evt_0007770,cv_20260827_req_0003074,cv_20260827_dev_0001740,6,block,0.989751310648,1,5,4.15648831116,4,4,3,persistent_high_model_risk|high_risk_with_card_diversity|high_risk_with_card_switching
cv_20260827_evt_0007772,cv_20260827_req_0003075,cv_20260827_dev_0001740,7,block,0.993919886722,1,5,5.15648354751,5,5,4,persistent_high_model_risk|high_risk_with_card_diversity|high_risk_with_card_switching|high_risk_with_ip_rotation
cv_20260827_evt_0007774,cv_20260827_req_0003076,cv_20260827_dev_0001740,8,block,0.992638085607,1,5,6.15645990866,6,6,4,persistent_high_model_risk|high_risk_with_card_diversity|high_risk_with_card_switching|high_risk_with_ip_rotation
cv_20260827_evt_0007776,cv_20260827_req_0003077,cv_20260827_dev_0001740,9,block,0.991799513232,1,5,7.15645285289,7,7,4,persistent_high_model_risk|high_risk_with_card_diversity|high_risk_with_card_switching|high_risk_with_ip_rotation
cv_20260827_evt_0007778,cv_20260827_req_0003078,cv_20260827_dev_0001740,10,block,0.993931189343,1,5,8.15643644923,8,8,4,persistent_high_model_risk|high_risk_with_card_diversity|high_risk_with_card_switching|high_risk_with_ip_rotation
cv_20260827_evt_0007780,cv_20260827_req_0003079,cv_20260827_dev_0001740,11,block,0.995965809402,1,5,9.15642710133,9,9,4,persistent_high_model_risk|high_risk_with_card_diversity|high_risk_with_card_switching|high_risk_with_ip_rotation
cv_20260827_evt_0007782,cv_20260827_req_0003080,cv_20260827_dev_0001740,12,block,0.997666068512,1,5,10.1564061134,10,10,4,persistent_high_model_risk|high_risk_with_card_diversity|high_risk_with_card_switching|high_risk_with_ip_rotation
cv_20260827_evt_0002235,cv_20260827_req_0000813,cv_20260827_dev_0000636,1,allow,0.222984907833,0.0259720802764,0,0.0259720802764,0,0,0,
cv_20260827_evt_0011430,cv_20260827_req_0004857,cv_20260827_dev_0001928,9,block,0.97395846948,1,2,5.32931945621,7,7,3,persistent_high_model_risk|high_risk_with_card_diversity|cross_session_card_diversity
cv_20260827_evt_0011432,cv_20260827_req_0004858,cv_20260827_dev_0001928,10,block,0.990971618633,1,2,6.32289791328,8,8,3,persistent_high_model_risk|high_risk_with_card_diversity|cross_session_card_diversity
cv_20260827_evt_0005297,cv_20260827_req_0002001,cv_20260827_dev_0001347,3,allow,0.0449436807421,0,0,0.00167031590107,0,0,0,successful_checkout_risk_reduction
cv_20260827_evt_0005299,cv_20260827_req_0002002,cv_20260827_dev_0001347,4,allow,0.0809174671796,0.00548001258357,0,0.00715021937253,0,0,2,high_risk_with_card_diversity|cross_session_card_diversity
cv_20260827_evt_0002983,cv_20260827_req_0001087,cv_20260827_dev_0000844,2,allow,0.0778375470599,0.00548001258357,0,0.0172434332618,0,0,0,successful_checkout_risk_reduction
cv_20260827_evt_0001379,cv_20260827_req_0000501,cv_20260827_dev_0000402,1,allow,0.139159207842,0.0116357732377,0,0.0116357732377,0,0,0,
cv_20260827_evt_0001746,cv_20260827_req_0000634,cv_20260827_dev_0000499,1,allow,0.205543206357,0.0250286633218,0,0.0250286633218,0,0,0,
cv_20260827_evt_0003413,cv_20260827_req_0001243,cv_20260827_dev_0000961,1,allow,0.15978450957,0.0250286633218,0,0.0250286633218,0,0,0,
cv_20260827_evt_0006727,cv_20260827_req_0002575,cv_20260827_dev_0001671,1,allow,0.137489741031,0.0116357732377,0,0.0116357732377,0,0,0,
cv_20260827_evt_0006729,cv_20260827_req_0002576,cv_20260827_dev_0001671,2,allow,0.333709249253,0.0930102271251,0,0.102317970948,0,0,0,stable_retry_risk_reduction
cv_20260827_evt_0006731,cv_20260827_req_0002577,cv_20260827_dev_0001671,3,allow,0.406696127033,0.0930102271251,1,0.195320341671,0,0,1,high_risk_with_card_diversity
cv_20260827_evt_0002148,cv_20260827_req_0000781,cv_20260827_dev_0000610,1,allow,0.158436909139,0.0250286633218,0,0.0250286633218,0,0,0,
cv_20260827_evt_0010833,cv_20260827_req_0004567,cv_20260827_dev_0001895,1,allow,0.195225694323,0.0250286633218,0,0.0250286633218,0,0,0,
cv_20260827_evt_0010835,cv_20260827_req_0004568,cv_20260827_dev_0001895,2,allow,0.444394995823,0.0930102271251,0,0.118037140737,0,0,0,
cv_20260827_evt_0010837,cv_20260827_req_0004569,cv_20260827_dev_0001895,3,allow,0.740975740916,0.474791810673,1,0.592813530542,0,0,1,high_risk_with_card_diversity
cv_20260827_evt_0012361,cv_20260827_req_0005308,cv_20260827_dev_0001994,3,allow,0.573946574233,0.474791810673,1,0.925633781402,0,0,1,high_risk_with_ip_rotation
cv_20260827_evt_0010839,cv_20260827_req_0004570,cv_20260827_dev_0001895,4,allow,0.859608594005,0.855151534315,2,1.44787471024,1,1,2,high_risk_with_card_diversity|high_risk_with_card_switching
cv_20260827_evt_0010841,cv_20260827_req_0004571,cv_20260827_dev_0001895,5,allow,0.930994907524,0.968667664035,2,2.41635819532,2,2,3,high_risk_with_card_diversity|high_risk_with_card_switching|persistent_high_model_risk
cv_20260827_evt_0012363,cv_20260827_req_0005309,cv_20260827_dev_0001994,4,allow,0.710869473527,0.474791810673,1,1.40017420541,0,0,2,high_risk_with_card_diversity|cross_session_card_diversity
cv_20260827_evt_0010843,cv_20260827_req_0004572,cv_20260827_dev_0001895,6,review,0.914921407314,0.920638394369,2,3.33653415553,3,3,4,persistent_high_model_risk|high_risk_with_card_diversity|high_risk_with_card_switching|high_risk_with_ip_rotation
cv_20260827_evt_0012365,cv_20260827_req_0005310,cv_20260827_dev_0001994,5,allow,0.955423027629,0.978665935245,3,2.37745436001,1,1,3,high_risk_with_card_diversity|high_risk_with_card_switching|cross_session_card_diversity
cv_20260827_evt_0010065,cv_20260827_req_0004195,cv_20260827_dev_0001851,1,allow,0.224351318736,0.0259720802764,0,0.0259720802764,0,0,0,
cv_20260827_evt_0010067,cv_20260827_req_0004196,cv_20260827_dev_0001851,2,allow,0.519351429527,0.304785409055,0,0.33075448314,0,0,1,high_risk_with_card_diversity
cv_20260827_evt_0010069,cv_20260827_req_0004197,cv_20260827_dev_0001851,3,allow,0.866555545623,0.903723152018,1,1.2344276017,1,1,2,high_risk_with_card_diversity|high_risk_with_card_switching
cv_20260827_evt_0010071,cv_20260827_req_0004198,cv_20260827_dev_0001851,4,allow,0.890784711717,0.920638394369,2,2.1548651181,2,2,3,high_risk_with_card_diversity|high_risk_with_card_switching|persistent_high_model_risk
cv_20260827_evt_0010073,cv_20260827_req_0004199,cv_20260827_dev_0001851,5,review,0.966470977165,0.987077221928,2,3.14170526757,3,3,3,persistent_high_model_risk|high_risk_with_card_diversity|high_risk_with_card_switching
cv_20260827_evt_0002567,cv_20260827_req_0000935,cv_20260827_dev_0000728,1,allow,0.20434549333,0.0250286633218,0,0.0250286633218,0,0,0,
cv_20260827_evt_0001079,cv_20260827_req_0000391,cv_20260827_dev_0000313,1,allow,0.239508722652,0.028783095908,0,0.028783095908,0,0,0,
cv_20260827_evt_0004195,cv_20260827_req_0001530,cv_20260827_dev_0001187,1,allow,0.236953230921,0.028783095908,0,0.028783095908,0,0,0,
cv_20260827_evt_0001670,cv_20260827_req_0000605,cv_20260827_dev_0000477,1,allow,0.240642130243,0.028783095908,0,0.028783095908,0,0,0,
cv_20260827_evt_0003603,cv_20260827_req_0001312,cv_20260827_dev_0001015,1,allow,0.165566515929,0.0250286633218,0,0.0250286633218,0,0,0,
cv_20260827_evt_0011160,cv_20260827_req_0004726,cv_20260827_dev_0001912,1,allow,0.25464491344,0.0690182853703,0,0.0690182853703,0,0,0,
cv_20260827_evt_0001513,cv_20260827_req_0000549,cv_20260827_dev_0000433,2,allow,0.0640092942743,0,0,0.0143374862166,0,0,0,successful_checkout_risk_reduction
cv_20260827_evt_0011162,cv_20260827_req_0004727,cv_20260827_dev_0001912,2,allow,0.487273754712,0.284737559009,0,0.353719230679,0,0,1,high_risk_with_card_diversity
cv_20260827_evt_0011582,cv_20260827_req_0004931,cv_20260827_dev_0001938,4,allow,0.875851178216,0.920638394369,1,1.98369044584,2,2,2,high_risk_with_ip_rotation|persistent_high_model_risk
cv_20260827_evt_0012313,cv_20260827_req_0005285,cv_20260827_dev_0001991,6,review,0.909357969741,0.920638394369,2,3.19503075951,4,4,3,persistent_high_model_risk|high_risk_with_card_diversity|cross_session_card_diversity
cv_20260827_evt_0011164,cv_20260827_req_0004728,cv_20260827_dev_0001912,3,allow,0.898441254461,0.920638394369,1,1.27394194001,1,1,1,high_risk_with_card_diversity
cv_20260827_evt_0012315,cv_20260827_req_0005286,cv_20260827_dev_0001991,7,block,0.960156954153,0.978665935245,2,4.17195417697,5,5,3,persistent_high_model_risk|high_risk_with_card_diversity|cross_session_card_diversity
cv_20260827_evt_0011584,cv_20260827_req_0004932,cv_20260827_dev_0001938,5,review,0.849439157403,0.834086215288,1,2.41956241842,3,3,1,stable_retry_risk_reduction|persistent_high_model_risk
cv_20260827_evt_0005800,cv_20260827_req_0002188,cv_20260827_dev_0001496,1,allow,0.153799195655,0.0193933904297,0,0.0193933904297,0,0,0,
cv_20260827_evt_0011586,cv_20260827_req_0004933,cv_20260827_dev_0001938,6,block,0.973196717155,1,0,3.41652511392,4,4,3,persistent_high_model_risk|high_risk_with_card_diversity|cross_session_card_diversity
cv_20260827_evt_0002619,cv_20260827_req_0000955,cv_20260827_dev_0000740,1,allow,0.245097334665,0.028783095908,0,0.028783095908,0,0,0,
cv_20260827_evt_0000237,cv_20260827_req_0000087,cv_20260827_dev_0000068,1,allow,0.249763091988,0.028783095908,0,0.028783095908,0,0,0,
cv_20260827_evt_0005896,cv_20260827_req_0002224,cv_20260827_dev_0001524,1,allow,0.156349696734,0.0193933904297,0,0.0193933904297,0,0,0,
cv_20260827_evt_0007007,cv_20260827_req_0002702,cv_20260827_dev_0001702,10,block,0.811367126784,0.584793744945,0,5.8636211333,8,8,4,persistent_high_model_risk|high_risk_with_card_diversity|cross_session_card_diversity|high_risk_with_ip_rotation
cv_20260827_evt_0007009,cv_20260827_req_0002703,cv_20260827_dev_0001702,11,block,0.900463726873,0.920638394369,0,6.78423936722,9,9,4,persistent_high_model_risk|high_risk_with_card_diversity|cross_session_card_diversity|high_risk_with_ip_rotation
cv_20260827_evt_0007011,cv_20260827_req_0002704,cv_20260827_dev_0001702,12,block,0.924156254394,0.920638394369,0,7.70485443586,10,10,4,persistent_high_model_risk|high_risk_with_card_diversity|cross_session_card_diversity|high_risk_with_ip_rotation
cv_20260827_evt_0007013,cv_20260827_req_0002705,cv_20260827_dev_0001702,13,block,0.95285558305,0.978665935245,2,8.68351154075,11,11,4,persistent_high_model_risk|high_risk_with_card_diversity|cross_session_card_diversity|high_risk_with_ip_rotation
cv_20260827_evt_0007015,cv_20260827_req_0002706,cv_20260827_dev_0001702,14,block,0.967207517547,0.987077221928,2,9.67057881071,12,12,4,persistent_high_model_risk|high_risk_with_card_diversity|cross_session_card_diversity|high_risk_with_ip_rotation
cv_20260827_evt_0007017,cv_20260827_req_0002707,cv_20260827_dev_0001702,15,block,0.950598085479,0.978665935245,2,10.6492336627,13,13,4,persistent_high_model_risk|high_risk_with_card_diversity|cross_session_card_diversity|high_risk_with_ip_rotation
cv_20260827_evt_0007019,cv_20260827_req_0002708,cv_20260827_dev_0001702,16,block,0.956778061353,0.978665935245,2,11.6278629835,14,14,4,persistent_high_model_risk|high_risk_with_card_diversity|cross_session_card_diversity|high_risk_with_ip_rotation
cv_20260827_evt_0007021,cv_20260827_req_0002709,cv_20260827_dev_0001702,17,block,0.968323252299,0.987077221928,2,12.6149002263,15,15,4,persistent_high_model_risk|high_risk_with_card_diversity|cross_session_card_diversity|high_risk_with_ip_rotation
cv_20260827_evt_0007023,cv_20260827_req_0002710,cv_20260827_dev_0001702,18,block,0.971326354075,1,2,13.6148857686,16,16,4,persistent_high_model_risk|high_risk_with_card_diversity|cross_session_card_diversity|high_risk_with_ip_rotation
cv_20260827_evt_0007025,cv_20260827_req_0002711,cv_20260827_dev_0001702,19,block,0.976093808539,1,2,14.6148389576,16,17,4,persistent_high_model_risk|high_risk_with_card_diversity|cross_session_card_diversity|high_risk_with_ip_rotation
cv_20260827_evt_0007027,cv_20260827_req_0002712,cv_20260827_dev_0001702,20,block,0.939765027618,0.968667664035,2,15.5834396229,16,18,4,persistent_high_model_risk|high_risk_with_card_diversity|cross_session_card_diversity|high_risk_with_ip_rotation
cv_20260827_evt_0003388,cv_20260827_req_0001233,cv_20260827_dev_0000954,2,allow,0.0714446904663,0,0,0.0129361758476,0,0,0,successful_checkout_risk_reduction
cv_20260827_evt_0002977,cv_20260827_req_0001085,cv_20260827_dev_0000843,1,allow,0.222949029909,0.0259720802764,0,0.0259720802764,0,0,0,
cv_20260827_evt_0001233,cv_20260827_req_0000446,cv_20260827_dev_0000357,1,allow,0.136669246667,0.00820512873941,0,0.00820512873941,0,0,0,
cv_20260827_evt_0000126,cv_20260827_req_0000046,cv_20260827_dev_0000039,1,allow,0.211109996504,0.0259720802764,0,0.0259720802764,0,0,0,
cv_20260827_evt_0002128,cv_20260827_req_0000773,cv_20260827_dev_0000604,2,allow,0.0703506124199,0,0,0.0102279825694,0,0,1,successful_checkout_risk_reduction|high_risk_with_ip_rotation
cv_20260827_evt_0002130,cv_20260827_req_0000774,cv_20260827_dev_0000604,3,allow,0.222375446634,0.0259720802764,0,0.0341533692213,0,0,0,stable_retry_risk_reduction
cv_20260827_evt_0005354,cv_20260827_req_0002022,cv_20260827_dev_0001365,1,allow,0.112988680774,0.00548001258357,0,0.00548001258357,0,0,0,
cv_20260827_evt_0009056,cv_20260827_req_0003703,cv_20260827_dev_0001798,1,allow,0.240490797769,0.028783095908,0,0.028783095908,0,0,0,
cv_20260827_evt_0009058,cv_20260827_req_0003704,cv_20260827_dev_0001798,2,allow,0.342494118207,0.0930102271251,0,0.121793191083,0,0,0,
cv_20260827_evt_0009060,cv_20260827_req_0003705,cv_20260827_dev_0001798,3,allow,0.839978001854,0.690081906596,0,0.811874539343,1,1,0,
cv_20260827_evt_0009062,cv_20260827_req_0003706,cv_20260827_dev_0001798,4,allow,0.894609549608,0.920638394369,2,1.73250921184,2,2,1,persistent_high_model_risk
cv_20260827_evt_0009064,cv_20260827_req_0003707,cv_20260827_dev_0001798,5,review,0.941472558631,0.968667664035,2,2.70117489029,3,3,2,persistent_high_model_risk|high_risk_with_ip_rotation
cv_20260827_evt_0009066,cv_20260827_req_0003708,cv_20260827_dev_0001798,6,block,0.950594140359,0.978665935245,2,3.67983772978,4,4,3,persistent_high_model_risk|high_risk_with_card_diversity|high_risk_with_ip_rotation
cv_20260827_evt_0009068,cv_20260827_req_0003709,cv_20260827_dev_0001798,7,block,0.969812622579,0.987077221928,3,4.6669022996,5,5,3,persistent_high_model_risk|high_risk_with_card_diversity|high_risk_with_ip_rotation
cv_20260827_evt_0009070,cv_20260827_req_0003710,cv_20260827_dev_0001798,8,block,0.976984422785,1,3,5.66688625374,6,6,3,persistent_high_model_risk|high_risk_with_card_diversity|high_risk_with_ip_rotation
cv_20260827_evt_0009072,cv_20260827_req_0003711,cv_20260827_dev_0001798,9,block,0.977246745645,1,3,6.66687326439,7,7,3,persistent_high_model_risk|high_risk_with_card_diversity|high_risk_with_ip_rotation
cv_20260827_evt_0009074,cv_20260827_req_0003712,cv_20260827_dev_0001798,10,block,0.986960293945,1,3,7.66686562364,8,8,3,persistent_high_model_risk|high_risk_with_card_diversity|high_risk_with_ip_rotation
cv_20260827_evt_0009076,cv_20260827_req_0003713,cv_20260827_dev_0001798,11,block,0.987107768774,1,3,8.66684805003,9,9,2,persistent_high_model_risk|high_risk_with_ip_rotation
cv_20260827_evt_0002764,cv_20260827_req_0001008,cv_20260827_dev_0000777,1,allow,0.250617747918,0.028783095908,0,0.028783095908,0,0,0,
cv_20260827_evt_0012108,cv_20260827_req_0005186,cv_20260827_dev_0001979,3,allow,0.649568707199,0.474791810673,1,0.565276170205,0,0,0,
cv_20260827_evt_0012110,cv_20260827_req_0005187,cv_20260827_dev_0001979,4,allow,0.871637713666,0.920638394369,0,1.48552987273,1,1,0,
cv_20260827_evt_0012112,cv_20260827_req_0005188,cv_20260827_dev_0001979,5,allow,0.948665577613,0.978665935245,0,2.46275786553,2,2,1,persistent_high_model_risk
cv_20260827_evt_0002363,cv_20260827_req_0000859,cv_20260827_dev_0000669,3,allow,0.13141211977,0.00820512873941,0,0.0102332910869,0,0,2,high_risk_with_card_diversity|cross_session_card_diversity
cv_20260827_evt_0006124,cv_20260827_req_0002308,cv_20260827_dev_0001590,1,allow,0.148355071767,0.0193933904297,0,0.0193933904297,0,0,0,
cv_20260827_evt_0008544,cv_20260827_req_0003454,cv_20260827_dev_0001774,12,block,0.963930424861,0.987077221928,2,8.83255676116,10,10,5,persistent_high_model_risk|high_risk_with_card_diversity|high_risk_with_card_switching|cross_session_card_diversity|high_risk_with_ip_rotation
cv_20260827_evt_0008546,cv_20260827_req_0003455,cv_20260827_dev_0001774,13,block,0.973641902856,1,2,9.83251627011,11,11,5,persistent_high_model_risk|high_risk_with_card_diversity|high_risk_with_card_switching|cross_session_card_diversity|high_risk_with_ip_rotation
cv_20260827_evt_0008548,cv_20260827_req_0003456,cv_20260827_dev_0001774,14,block,0.986885890278,1,2,10.8324937325,12,12,5,persistent_high_model_risk|high_risk_with_card_diversity|high_risk_with_card_switching|cross_session_card_diversity|high_risk_with_ip_rotation
cv_20260827_evt_0008550,cv_20260827_req_0003457,cv_20260827_dev_0001774,15,block,0.979771879603,1,3,11.8324440731,13,13,4,persistent_high_model_risk|high_risk_with_card_diversity|cross_session_card_diversity|high_risk_with_ip_rotation
cv_20260827_evt_0008552,cv_20260827_req_0003458,cv_20260827_dev_0001774,16,block,0.971697287463,1,3,12.8324305123,14,14,4,persistent_high_model_risk|high_risk_with_card_diversity|cross_session_card_diversity|high_risk_with_ip_rotation
cv_20260827_evt_0008554,cv_20260827_req_0003459,cv_20260827_dev_0001774,17,block,0.972520047238,1,2,13.8324158053,15,15,4,persistent_high_model_risk|high_risk_with_card_diversity|cross_session_card_diversity|high_risk_with_ip_rotation
cv_20260827_evt_0008556,cv_20260827_req_0003460,cv_20260827_dev_0001774,18,block,0.939212156636,0.968667664035,2,14.8010359104,16,16,4,persistent_high_model_risk|high_risk_with_card_diversity|cross_session_card_diversity|high_risk_with_ip_rotation
cv_20260827_evt_0011031,cv_20260827_req_0004663,cv_20260827_dev_0001904,8,block,0.935843094849,0.968667664035,2,5.04122542291,6,6,5,persistent_high_model_risk|high_risk_with_card_diversity|high_risk_with_card_switching|cross_session_card_diversity|high_risk_with_ip_rotation
cv_20260827_evt_0011033,cv_20260827_req_0004664,cv_20260827_dev_0001904,9,block,0.956104223601,0.978665935245,3,6.01971225478,7,7,5,persistent_high_model_risk|high_risk_with_card_diversity|high_risk_with_card_switching|cross_session_card_diversity|high_risk_with_ip_rotation
cv_20260827_evt_0000992,cv_20260827_req_0000360,cv_20260827_dev_0000289,1,allow,0.203035517232,0.0250286633218,0,0.0250286633218,0,0,0,
cv_20260827_evt_0011035,cv_20260827_req_0004665,cv_20260827_dev_0001904,10,block,0.964490587519,0.987077221928,3,7.00618239076,8,8,5,persistent_high_model_risk|high_risk_with_card_diversity|high_risk_with_card_switching|cross_session_card_diversity|high_risk_with_ip_rotation
cv_20260827_evt_0011037,cv_20260827_req_0004666,cv_20260827_dev_0001904,11,block,0.965860969395,0.987077221928,2,7.99308296322,9,9,5,persistent_high_model_risk|high_risk_with_card_diversity|high_risk_with_card_switching|cross_session_card_diversity|high_risk_with_ip_rotation
cv_20260827_evt_0011039,cv_20260827_req_0004667,cv_20260827_dev_0001904,12,block,0.979802397665,1,2,8.99210282991,10,10,4,persistent_high_model_risk|high_risk_with_card_diversity|cross_session_card_diversity|high_risk_with_ip_rotation
cv_20260827_evt_0005979,cv_20260827_req_0002256,cv_20260827_dev_0001546,4,allow,0.307972267724,0.0930102271251,0,0.352004235788,0,0,3,successful_checkout_risk_reduction|high_risk_with_card_diversity|cross_session_card_diversity|high_risk_with_ip_rotation
cv_20260827_evt_0003992,cv_20260827_req_0001455,cv_20260827_dev_0001128,1,allow,0.250073650867,0.028783095908,0,0.028783095908,0,0,0,
cv_20260827_evt_0006687,cv_20260827_req_0002557,cv_20260827_dev_0001665,1,allow,0.132342165206,0.00820512873941,0,0.00820512873941,0,0,0,
cv_20260827_evt_0006689,cv_20260827_req_0002558,cv_20260827_dev_0001665,2,allow,0.345166697271,0.0930102271251,0,0.1012145942,0,0,1,high_risk_with_card_diversity
cv_20260827_evt_0006691,cv_20260827_req_0002559,cv_20260827_dev_0001665,3,allow,0.717166328246,0.474791810673,2,0.575995385502,0,0,2,high_risk_with_card_diversity|high_risk_with_card_switching
cv_20260827_evt_0000857,cv_20260827_req_0000311,cv_20260827_dev_0000250,1,allow,0.221624441188,0.0259720802764,0,0.0259720802764,0,0,0,
cv_20260827_evt_0003168,cv_20260827_req_0001154,cv_20260827_dev_0000896,1,allow,0.244446552309,0.028783095908,0,0.028783095908,0,0,0,
cv_20260827_evt_0006002,cv_20260827_req_0002264,cv_20260827_dev_0001552,1,allow,0.133487735455,0.00820512873941,0,0.00820512873941,0,0,0,
cv_20260827_evt_0005434,cv_20260827_req_0002052,cv_20260827_dev_0001384,1,allow,0.151602182717,0.0193933904297,0,0.0193933904297,0,0,0,
cv_20260827_evt_0010391,cv_20260827_req_0004352,cv_20260827_dev_0001868,1,allow,0.263107042776,0.0930102271251,0,0.0930102271251,0,0,0,
cv_20260827_evt_0010393,cv_20260827_req_0004353,cv_20260827_dev_0001868,2,allow,0.754327108777,0.474791810673,1,0.567792551162,0,0,1,high_risk_with_card_diversity
cv_20260827_evt_0010395,cv_20260827_req_0004354,cv_20260827_dev_0001868,3,allow,0.914920231288,0.920638394369,1,1.48831447613,1,1,1,high_risk_with_card_diversity
cv_20260827_evt_0010397,cv_20260827_req_0004355,cv_20260827_dev_0001868,4,allow,0.956082543169,0.978665935245,1,2.46692753491,2,2,2,high_risk_with_card_diversity|persistent_high_model_risk
cv_20260827_evt_0010399,cv_20260827_req_0004356,cv_20260827_dev_0001868,5,review,0.969349351462,0.987077221928,2,3.45357787327,3,3,4,persistent_high_model_risk|high_risk_with_card_diversity|high_risk_with_card_switching|high_risk_with_ip_rotation
cv_20260827_evt_0007030,cv_20260827_req_0002713,cv_20260827_dev_0001703,1,allow,0.256023025918,0.0690182853703,0,0.0690182853703,0,0,0,
cv_20260827_evt_0007032,cv_20260827_req_0002714,cv_20260827_dev_0001703,2,allow,0.51751080235,0.304785409055,0,0.359999151436,0,0,0,stable_retry_risk_reduction
cv_20260827_evt_0007034,cv_20260827_req_0002715,cv_20260827_dev_0001703,3,allow,0.760155858058,0.474791810673,0,0.834785598522,0,0,0,
cv_20260827_evt_0007036,cv_20260827_req_0002716,cv_20260827_dev_0001703,4,allow,0.882889364193,0.920638394369,2,1.7554163391,1,1,1,high_risk_with_card_diversity
cv_20260827_evt_0007038,cv_20260827_req_0002717,cv_20260827_dev_0001703,5,allow,0.917108987094,0.920638394369,2,2.6760124853,2,2,2,high_risk_with_card_diversity|persistent_high_model_risk
cv_20260827_evt_0007040,cv_20260827_req_0002718,cv_20260827_dev_0001703,6,review,0.94094918618,0.968667664035,3,3.6446433466,3,3,2,persistent_high_model_risk|high_risk_with_card_diversity
cv_20260827_evt_0007042,cv_20260827_req_0002719,cv_20260827_dev_0001703,7,block,0.96566433333,0.987077221928,3,4.63166209043,4,4,3,persistent_high_model_risk|high_risk_with_card_diversity|high_risk_with_ip_rotation
cv_20260827_evt_0007044,cv_20260827_req_0002720,cv_20260827_dev_0001703,8,block,0.9818982512,1,4,5.63161431652,5,5,3,persistent_high_model_risk|high_risk_with_card_diversity|high_risk_with_ip_rotation
cv_20260827_evt_0007046,cv_20260827_req_0002721,cv_20260827_dev_0001703,9,block,0.980166772864,1,3,6.63150459513,6,6,3,persistent_high_model_risk|high_risk_with_card_diversity|high_risk_with_ip_rotation
cv_20260827_evt_0007048,cv_20260827_req_0002722,cv_20260827_dev_0001703,10,block,0.982128126518,1,3,7.63134499258,7,7,3,persistent_high_model_risk|high_risk_with_card_diversity|high_risk_with_ip_rotation
cv_20260827_evt_0004317,cv_20260827_req_0001579,cv_20260827_dev_0001209,1,allow,0.201665121813,0.0250286633218,0,0.0250286633218,0,0,0,
cv_20260827_evt_0004319,cv_20260827_req_0001580,cv_20260827_dev_0001209,2,allow,0.290545232999,0.0930102271251,0,0.118036280269,0,0,1,high_risk_with_card_diversity
cv_20260827_evt_0004321,cv_20260827_req_0001581,cv_20260827_dev_0001209,3,allow,0.810792507643,0.584793744945,2,0.702820691358,1,1,2,high_risk_with_card_diversity|high_risk_with_card_switching
cv_20260827_evt_0003306,cv_20260827_req_0001204,cv_20260827_dev_0000931,1,allow,0.163017898335,0.0250286633218,0,0.0250286633218,0,0,0,
cv_20260827_evt_0001859,cv_20260827_req_0000675,cv_20260827_dev_0000530,1,allow,0.120352488287,0.00548001258357,0,0.00548001258357,0,0,0,
cv_20260827_evt_0002539,cv_20260827_req_0000925,cv_20260827_dev_0000718,3,allow,0.327359034495,0.0930102271251,0,0.10734943478,0,0,1,high_risk_with_ip_rotation
cv_20260827_evt_0004992,cv_20260827_req_0001879,cv_20260827_dev_0001284,1,allow,0.16668530542,0.0250286633218,0,0.0250286633218,0,0,0,
cv_20260827_evt_0004994,cv_20260827_req_0001880,cv_20260827_dev_0001284,2,allow,0.330562380708,0.0930102271251,0,0.118037570982,0,0,1,high_risk_with_card_diversity
cv_20260827_evt_0004996,cv_20260827_req_0001881,cv_20260827_dev_0001284,3,allow,0.824931625966,0.627563763201,2,0.745588753804,1,1,2,high_risk_with_card_diversity|high_risk_with_card_switching
cv_20260827_evt_0008185,cv_20260827_req_0003279,cv_20260827_dev_0001759,1,allow,0.167012374862,0.0250286633218,0,0.0250286633218,0,0,0,
cv_20260827_evt_0008187,cv_20260827_req_0003280,cv_20260827_dev_0001759,2,allow,0.311419569657,0.0930102271251,0,0.118038861762,0,0,0,
cv_20260827_evt_0008189,cv_20260827_req_0003281,cv_20260827_dev_0001759,3,allow,0.922254022112,0.920638394369,1,1.03867671501,1,1,1,high_risk_with_card_diversity
cv_20260827_evt_0008191,cv_20260827_req_0003282,cv_20260827_dev_0001759,4,allow,0.955244432897,0.978665935245,2,2.01734026945,2,2,2,high_risk_with_card_diversity|persistent_high_model_risk
cv_20260827_evt_0008193,cv_20260827_req_0003283,cv_20260827_dev_0001759,5,review,0.976773663691,1,3,3.0173356454,3,3,3,persistent_high_model_risk|high_risk_with_card_diversity|high_risk_with_ip_rotation
cv_20260827_evt_0008195,cv_20260827_req_0003284,cv_20260827_dev_0001759,6,block,0.985475278917,1,4,4.01732527112,4,4,3,persistent_high_model_risk|high_risk_with_card_diversity|high_risk_with_ip_rotation
cv_20260827_evt_0008197,cv_20260827_req_0003285,cv_20260827_dev_0001759,7,block,0.990010678279,1,4,5.01731145866,5,5,3,persistent_high_model_risk|high_risk_with_card_diversity|high_risk_with_ip_rotation
cv_20260827_evt_0008199,cv_20260827_req_0003286,cv_20260827_dev_0001759,8,block,0.986814764397,1,4,6.01730570844,6,6,3,persistent_high_model_risk|high_risk_with_card_diversity|high_risk_with_ip_rotation
cv_20260827_evt_0008201,cv_20260827_req_0003287,cv_20260827_dev_0001759,9,block,0.983248528236,1,4,7.01729191587,7,7,3,persistent_high_model_risk|high_risk_with_card_diversity|high_risk_with_ip_rotation
cv_20260827_evt_0008203,cv_20260827_req_0003288,cv_20260827_dev_0001759,10,block,0.995410643778,1,4,8.01726778884,8,8,3,persistent_high_model_risk|high_risk_with_card_diversity|high_risk_with_ip_rotation
cv_20260827_evt_0008205,cv_20260827_req_0003289,cv_20260827_dev_0001759,11,block,0.996257428299,1,4,9.01723103531,9,9,3,persistent_high_model_risk|high_risk_with_card_diversity|high_risk_with_ip_rotation
cv_20260827_evt_0005154,cv_20260827_req_0001949,cv_20260827_dev_0001308,1,allow,0.154636534574,0.0193933904297,0,0.0193933904297,0,0,0,
cv_20260827_evt_0010051,cv_20260827_req_0004188,cv_20260827_dev_0001850,1,allow,0.208159256805,0.0250286633218,0,0.0250286633218,0,0,0,
cv_20260827_evt_0010053,cv_20260827_req_0004189,cv_20260827_dev_0001850,2,allow,0.495919861533,0.284737559009,0,0.309761661868,0,0,0,
cv_20260827_evt_0010055,cv_20260827_req_0004190,cv_20260827_dev_0001850,3,allow,0.681412748016,0.474791810673,1,0.72257671664,0,0,0,stable_retry_risk_reduction
cv_20260827_evt_0010057,cv_20260827_req_0004191,cv_20260827_dev_0001850,4,allow,0.828926364714,0.663712640351,0,1.38616018052,1,1,1,high_risk_with_card_diversity
cv_20260827_evt_0010059,cv_20260827_req_0004192,cv_20260827_dev_0001850,5,allow,0.90598187047,0.920638394369,0,2.3065904779,2,2,2,high_risk_with_card_diversity|persistent_high_model_risk
cv_20260827_evt_0010061,cv_20260827_req_0004193,cv_20260827_dev_0001850,6,review,0.945417430729,0.968667664035,0,3.27494622654,3,3,2,persistent_high_model_risk|high_risk_with_card_diversity
cv_20260827_evt_0010063,cv_20260827_req_0004194,cv_20260827_dev_0001850,7,block,0.972931792472,1,1,4.27463096119,4,4,3,persistent_high_model_risk|high_risk_with_card_diversity|high_risk_with_ip_rotation
cv_20260827_evt_0004976,cv_20260827_req_0001872,cv_20260827_dev_0001282,1,allow,0.220750290242,0.0259720802764,0,0.0259720802764,0,0,0,
cv_20260827_evt_0004978,cv_20260827_req_0001873,cv_20260827_dev_0001282,2,allow,0.468775824301,0.0930102271251,0,0.113786891233,0,0,0,stable_retry_risk_reduction
cv_20260827_evt_0004980,cv_20260827_req_0001874,cv_20260827_dev_0001282,3,allow,0.714570692334,0.474791810673,1,0.588576093766,0,0,1,high_risk_with_card_diversity
cv_20260827_evt_0004982,cv_20260827_req_0001875,cv_20260827_dev_0001282,4,allow,0.867303283153,0.920638394369,2,1.50915850287,1,1,2,high_risk_with_card_diversity|high_risk_with_card_switching
cv_20260827_evt_0002371,cv_20260827_req_0000862,cv_20260827_dev_0000671,1,allow,0.200716459592,0.0250286633218,0,0.0250286633218,0,0,0,
cv_20260827_evt_0001866,cv_20260827_req_0000678,cv_20260827_dev_0000531,1,allow,0.199986563007,0.0250286633218,0,0.0250286633218,0,0,0,
cv_20260827_evt_0002099,cv_20260827_req_0000763,cv_20260827_dev_0000598,2,allow,0.042682737297,0,0,0.014337321899,0,0,2,successful_checkout_risk_reduction|high_risk_with_card_diversity|cross_session_card_diversity
cv_20260827_evt_0002949,cv_20260827_req_0001074,cv_20260827_dev_0000834,2,allow,0.0772979452547,0.00548001258357,0,0.0157075731677,0,0,2,successful_checkout_risk_reduction|high_risk_with_card_diversity|cross_session_card_diversity
cv_20260827_evt_0007199,cv_20260827_req_0002796,cv_20260827_dev_0001710,21,block,0.874550959505,0.920638394369,2,14.7747955123,15,1,4,persistent_high_model_risk|high_risk_with_card_diversity|cross_session_card_diversity|high_risk_with_ip_rotation
cv_20260827_evt_0007201,cv_20260827_req_0002797,cv_20260827_dev_0001710,22,block,0.910828210681,0.920638394369,2,15.6953661746,15,2,4,persistent_high_model_risk|high_risk_with_card_diversity|cross_session_card_diversity|high_risk_with_ip_rotation
cv_20260827_evt_0007203,cv_20260827_req_0002798,cv_20260827_dev_0001710,23,block,0.929312422774,0.968667664035,2,16.6640158506,15,3,4,persistent_high_model_risk|high_risk_with_card_diversity|cross_session_card_diversity|high_risk_with_ip_rotation
cv_20260827_evt_0007205,cv_20260827_req_0002799,cv_20260827_dev_0001710,24,block,0.953550614364,0.978665935245,4,17.6426435894,15,4,4,persistent_high_model_risk|high_risk_with_card_diversity|cross_session_card_diversity|high_risk_with_ip_rotation
cv_20260827_evt_0007207,cv_20260827_req_0002800,cv_20260827_dev_0001710,25,block,0.945038042104,0.968667664035,4,18.6112910336,15,5,4,persistent_high_model_risk|high_risk_with_card_diversity|cross_session_card_diversity|high_risk_with_ip_rotation
cv_20260827_evt_0007209,cv_20260827_req_0002801,cv_20260827_dev_0001710,26,block,0.920188720926,0.920638394369,4,19.5318654382,15,6,3,persistent_high_model_risk|high_risk_with_card_diversity|cross_session_card_diversity
cv_20260827_evt_0007211,cv_20260827_req_0002802,cv_20260827_dev_0001710,27,block,0.927571533915,0.968667664035,4,20.5004883322,15,7,3,persistent_high_model_risk|high_risk_with_card_diversity|cross_session_card_diversity
cv_20260827_evt_0007213,cv_20260827_req_0002803,cv_20260827_dev_0001710,28,block,0.961614330768,0.987077221928,4,21.4875185639,15,8,3,persistent_high_model_risk|high_risk_with_card_diversity|cross_session_card_diversity
cv_20260827_evt_0007215,cv_20260827_req_0002804,cv_20260827_dev_0001710,29,block,0.969113541148,0.987077221928,4,22.474521907,15,9,3,persistent_high_model_risk|high_risk_with_card_diversity|cross_session_card_diversity
cv_20260827_evt_0007217,cv_20260827_req_0002805,cv_20260827_dev_0001710,30,block,0.974914072747,1,4,23.4744961495,15,10,3,persistent_high_model_risk|high_risk_with_card_diversity|cross_session_card_diversity
cv_20260827_evt_0007219,cv_20260827_req_0002806,cv_20260827_dev_0001710,31,block,0.965445508372,0.987077221928,4,24.4615464678,15,11,4,persistent_high_model_risk|high_risk_with_card_diversity|cross_session_card_diversity|high_risk_with_ip_rotation
cv_20260827_evt_0003457,cv_20260827_req_0001260,cv_20260827_dev_0000974,1,allow,0.230610364408,0.028783095908,0,0.028783095908,0,0,0,
cv_20260827_evt_0006956,cv_20260827_req_0002678,cv_20260827_dev_0001699,1,allow,0.164520969294,0.0250286633218,0,0.0250286633218,0,0,0,
cv_20260827_evt_0006958,cv_20260827_req_0002679,cv_20260827_dev_0001699,2,allow,0.636127397251,0.474791810673,0,0.499819728202,0,0,0,
cv_20260827_evt_0006960,cv_20260827_req_0002680,cv_20260827_dev_0001699,3,allow,0.793632113325,0.559667304185,1,1.05944521742,1,1,0,
cv_20260827_evt_0001853,cv_20260827_req_0000673,cv_20260827_dev_0000528,1,allow,0.251396395064,0.028783095908,0,0.028783095908,0,0,0,
cv_20260827_evt_0012455,cv_20260827_req_0005354,cv_20260827_dev_0002000,8,block,0.879660009073,0.920638394369,3,4.68126457093,5,5,3,persistent_high_model_risk|high_risk_with_card_diversity|cross_session_card_diversity
cv_20260827_evt_0012457,cv_20260827_req_0005355,cv_20260827_dev_0002000,9,block,0.855571117899,0.855151534315,3,5.53482830847,6,6,3,persistent_high_model_risk|high_risk_with_card_diversity|cross_session_card_diversity
cv_20260827_evt_0012459,cv_20260827_req_0005356,cv_20260827_dev_0002000,10,block,0.95983391285,0.978665935245,3,6.50866906821,7,7,3,persistent_high_model_risk|high_risk_with_card_diversity|cross_session_card_diversity
cv_20260827_evt_0002545,cv_20260827_req_0000927,cv_20260827_dev_0000720,1,allow,0.18519603012,0.0250286633218,0,0.0250286633218,0,0,0,
cv_20260827_evt_0000935,cv_20260827_req_0000339,cv_20260827_dev_0000273,1,allow,0.198022653283,0.0250286633218,0,0.0250286633218,0,0,0,
cv_20260827_evt_0005498,cv_20260827_req_0002074,cv_20260827_dev_0001403,1,allow,0.116373510046,0.00548001258357,0,0.00548001258357,0,0,0,
cv_20260827_evt_0001305,cv_20260827_req_0000473,cv_20260827_dev_0000379,1,allow,0.240528624789,0.028783095908,0,0.028783095908,0,0,0,
cv_20260827_evt_0004641,cv_20260827_req_0001722,cv_20260827_dev_0001244,7,allow,0.221435981328,0.0259720802764,2,0.413969243044,0,0,3,successful_checkout_risk_reduction|high_risk_with_card_diversity|cross_session_card_diversity|high_risk_with_ip_rotation
cv_20260827_evt_0004643,cv_20260827_req_0001723,cv_20260827_dev_0001244,8,allow,0.204899508892,0.0250286633218,2,0.438970864141,0,0,2,high_risk_with_card_diversity|cross_session_card_diversity
cv_20260827_evt_0004645,cv_20260827_req_0001724,cv_20260827_dev_0001244,9,review,0.62990611378,0.474791810673,5,0.91371840475,0,0,3,rule_corroborated_review|high_risk_with_card_diversity|high_risk_with_card_switching|cross_session_card_diversity
cv_20260827_evt_0004175,cv_20260827_req_0001523,cv_20260827_dev_0001180,1,allow,0.245826063031,0.028783095908,0,0.028783095908,0,0,0,
cv_20260827_evt_0005901,cv_20260827_req_0002226,cv_20260827_dev_0001526,1,allow,0.11117512904,0.00548001258357,0,0.00548001258357,0,0,0,
cv_20260827_evt_0004198,cv_20260827_req_0001531,cv_20260827_dev_0001188,1,allow,0.218496725503,0.0259720802764,0,0.0259720802764,0,0,0,
cv_20260827_evt_0009759,cv_20260827_req_0004045,cv_20260827_dev_0001833,1,allow,0.172798737001,0.0250286633218,0,0.0250286633218,0,0,0,
cv_20260827_evt_0009761,cv_20260827_req_0004046,cv_20260827_dev_0001833,2,allow,0.366586678307,0.0930102271251,0,0.118035591916,0,0,1,high_risk_with_card_diversity
cv_20260827_evt_0009763,cv_20260827_req_0004047,cv_20260827_dev_0001833,3,allow,0.805198371338,0.578520144434,1,0.696532606106,1,1,2,high_risk_with_card_diversity|high_risk_with_card_switching
cv_20260827_evt_0009765,cv_20260827_req_0004048,cv_20260827_dev_0001833,4,allow,0.900351572601,0.920638394369,2,1.61703291176,2,2,2,high_risk_with_card_diversity|high_risk_with_card_switching
cv_20260827_evt_0009767,cv_20260827_req_0004049,cv_20260827_dev_0001833,5,review,0.946398413793,0.978665935245,2,2.5954468255,3,3,3,persistent_high_model_risk|high_risk_with_card_diversity|high_risk_with_card_switching
cv_20260827_evt_0011880,cv_20260827_req_0005075,cv_20260827_dev_0001963,4,allow,0.743034092095,0.474791810673,1,1.76322331393,2,0,1,persistent_high_model_risk
cv_20260827_evt_0009769,cv_20260827_req_0004050,cv_20260827_dev_0001833,6,review,0.967687622307,0.987077221928,2,3.58203031394,4,4,3,persistent_high_model_risk|high_risk_with_card_diversity|high_risk_with_card_switching
cv_20260827_evt_0009771,cv_20260827_req_0004051,cv_20260827_dev_0001833,7,block,0.981533484897,1,2,4.58175527064,5,5,4,persistent_high_model_risk|high_risk_with_card_diversity|high_risk_with_card_switching|high_risk_with_ip_rotation
cv_20260827_evt_0003435,cv_20260827_req_0001251,cv_20260827_dev_0000968,1,allow,0.2494915641,0.028783095908,0,0.028783095908,0,0,0,
cv_20260827_evt_0011882,cv_20260827_req_0005076,cv_20260827_dev_0001963,5,review,0.97526841559,1,1,2.76136718636,3,1,3,persistent_high_model_risk|high_risk_with_card_diversity|cross_session_card_diversity
cv_20260827_evt_0011884,cv_20260827_req_0005077,cv_20260827_dev_0001963,6,block,0.98813985035,1,2,3.75951959742,4,2,3,persistent_high_model_risk|high_risk_with_card_diversity|cross_session_card_diversity
cv_20260827_evt_0001959,cv_20260827_req_0000712,cv_20260827_dev_0000559,1,allow,0.171338556004,0.0250286633218,0,0.0250286633218,0,0,0,
cv_20260827_evt_0003430,cv_20260827_req_0001249,cv_20260827_dev_0000967,1,allow,0.23248957717,0.028783095908,0,0.028783095908,0,0,0,
cv_20260827_evt_0005368,cv_20260827_req_0002027,cv_20260827_dev_0001368,2,allow,0.0369804693156,0,0,0.00247260412234,0,0,2,successful_checkout_risk_reduction|high_risk_with_card_diversity|cross_session_card_diversity
cv_20260827_evt_0006796,cv_20260827_req_0002606,cv_20260827_dev_0001679,4,allow,0.0792778342579,0.00548001258357,0,0.23647977909,0,0,1,successful_checkout_risk_reduction|high_risk_with_ip_rotation
cv_20260827_evt_0006798,cv_20260827_req_0002607,cv_20260827_dev_0001679,5,allow,0.114559057735,0.00548001258357,0,0.241951661094,0,0,0,
cv_20260827_evt_0006800,cv_20260827_req_0002608,cv_20260827_dev_0001679,6,allow,0.205799775464,0.0250286633218,1,0.218577126129,0,0,0,stable_retry_risk_reduction
cv_20260827_evt_0012055,cv_20260827_req_0005160,cv_20260827_dev_0001975,3,allow,0.715905399773,0.474791810673,1,0.92578100262,0,0,3,high_risk_with_card_diversity|cross_session_card_diversity|high_risk_with_ip_rotation
cv_20260827_evt_0012057,cv_20260827_req_0005161,cv_20260827_dev_0001975,4,allow,0.857247800365,0.855151534315,2,1.78073202662,1,1,4,high_risk_with_card_diversity|high_risk_with_card_switching|cross_session_card_diversity|high_risk_with_ip_rotation
cv_20260827_evt_0004021,cv_20260827_req_0001466,cv_20260827_dev_0001136,1,allow,0.191687797892,0.0250286633218,0,0.0250286633218,0,0,0,
cv_20260827_evt_0012059,cv_20260827_req_0005162,cv_20260827_dev_0001975,5,allow,0.911547685357,0.920638394369,1,2.69925938788,2,2,3,high_risk_with_card_diversity|cross_session_card_diversity|persistent_high_model_risk
cv_20260827_evt_0000205,cv_20260827_req_0000075,cv_20260827_dev_0000062,1,allow,0.147676088491,0.0193933904297,0,0.0193933904297,0,0,0,
cv_20260827_evt_0003687,cv_20260827_req_0001343,cv_20260827_dev_0001038,2,allow,0.447454479388,0.0930102271251,0,0.115679383703,0,0,1,high_risk_with_ip_rotation
cv_20260827_evt_0003471,cv_20260827_req_0001265,cv_20260827_dev_0000978,1,allow,0.139081486681,0.0116357732377,0,0.0116357732377,0,0,0,
cv_20260827_evt_0002053,cv_20260827_req_0000747,cv_20260827_dev_0000585,2,allow,0.062451010194,0,0,0.0282057332022,0,0,0,successful_checkout_risk_reduction
cv_20260827_evt_0001550,cv_20260827_req_0000563,cv_20260827_dev_0000444,1,allow,0.240074968894,0.028783095908,0,0.028783095908,0,0,0,
cv_20260827_evt_0012425,cv_20260827_req_0005339,cv_20260827_dev_0001999,3,allow,0.437183860401,0.0930102271251,0,0.198018557594,0,0,1,high_risk_with_ip_rotation
cv_20260827_evt_0012427,cv_20260827_req_0005340,cv_20260827_dev_0001999,4,allow,0.819761065511,0.627563763201,1,0.825521962771,1,1,0,
cv_20260827_evt_0012429,cv_20260827_req_0005341,cv_20260827_dev_0001999,5,allow,0.863353797753,0.855151534315,1,1.68009184354,2,2,1,persistent_high_model_risk
cv_20260827_evt_0002154,cv_20260827_req_0000783,cv_20260827_dev_0000611,1,allow,0.202299321934,0.0250286633218,0,0.0250286633218,0,0,0,
cv_20260827_evt_0005360,cv_20260827_req_0002024,cv_20260827_dev_0001367,1,allow,0.132925946781,0.00820512873941,0,0.00820512873941,0,0,0,
cv_20260827_evt_0000370,cv_20260827_req_0000135,cv_20260827_dev_0000107,1,allow,0.172917171095,0.0250286633218,0,0.0250286633218,0,0,0,
cv_20260827_evt_0005202,cv_20260827_req_0001966,cv_20260827_dev_0001322,1,allow,0.148067495516,0.0193933904297,0,0.0193933904297,0,0,0,
cv_20260827_evt_0006706,cv_20260827_req_0002566,cv_20260827_dev_0001668,1,allow,0.151602182717,0.0193933904297,0,0.0193933904297,0,0,0,
cv_20260827_evt_0006708,cv_20260827_req_0002567,cv_20260827_dev_0001668,2,allow,0.375085348684,0.0930102271251,0,0.112403461971,0,0,0,
cv_20260827_evt_0006710,cv_20260827_req_0002568,cv_20260827_dev_0001668,3,allow,0.677706039848,0.474791810673,1,0.564713961902,0,0,0,stable_retry_risk_reduction
cv_20260827_evt_0003526,cv_20260827_req_0001285,cv_20260827_dev_0000996,1,allow,0.209236664169,0.0259720802764,0,0.0259720802764,0,0,0,
cv_20260827_evt_0002562,cv_20260827_req_0000933,cv_20260827_dev_0000726,1,allow,0.244140706548,0.028783095908,0,0.028783095908,0,0,0,
cv_20260827_evt_0010244,cv_20260827_req_0004281,cv_20260827_dev_0001861,1,allow,0.259509541717,0.0930102271251,0,0.0930102271251,0,0,0,
cv_20260827_evt_0010246,cv_20260827_req_0004282,cv_20260827_dev_0001861,2,allow,0.499835368576,0.284737559009,0,0.377742882808,0,0,1,high_risk_with_card_diversity
cv_20260827_evt_0010248,cv_20260827_req_0004283,cv_20260827_dev_0001861,3,allow,0.80589569418,0.584793744945,1,0.962461306781,1,1,1,high_risk_with_card_diversity
cv_20260827_evt_0010250,cv_20260827_req_0004284,cv_20260827_dev_0001861,4,allow,0.947371921316,0.978665935245,1,1.94105995805,2,2,1,high_risk_with_card_diversity
cv_20260827_evt_0010252,cv_20260827_req_0004285,cv_20260827_dev_0001861,5,review,0.935755216007,0.968667664035,3,2.90949627711,3,3,3,persistent_high_model_risk|high_risk_with_card_diversity|high_risk_with_card_switching
cv_20260827_evt_0002455,cv_20260827_req_0000894,cv_20260827_dev_0000696,1,allow,0.173792740293,0.0250286633218,0,0.0250286633218,0,0,0,
cv_20260827_evt_0012030,cv_20260827_req_0005148,cv_20260827_dev_0001973,6,review,0.86568370756,0.888720283257,2,2.72553892076,3,3,4,persistent_high_model_risk|high_risk_with_card_diversity|cross_session_card_diversity|high_risk_with_ip_rotation
cv_20260827_evt_0012032,cv_20260827_req_0005149,cv_20260827_dev_0001973,7,review,0.974634445488,1,3,3.72285700291,4,4,3,persistent_high_model_risk|high_risk_with_card_diversity|cross_session_card_diversity
cv_20260827_evt_0003967,cv_20260827_req_0001446,cv_20260827_dev_0001120,1,allow,0.213065332342,0.0259720802764,0,0.0259720802764,0,0,0,
cv_20260827_evt_0008649,cv_20260827_req_0003505,cv_20260827_dev_0001779,1,allow,0.244637837479,0.028783095908,0,0.028783095908,0,0,0,
cv_20260827_evt_0008651,cv_20260827_req_0003506,cv_20260827_dev_0001779,2,allow,0.418806738213,0.0930102271251,0,0.121792894197,0,0,0,
cv_20260827_evt_0008653,cv_20260827_req_0003507,cv_20260827_dev_0001779,3,allow,0.823143737354,0.627563763201,0,0.749353726169,1,1,0,
cv_20260827_evt_0008655,cv_20260827_req_0003508,cv_20260827_dev_0001779,4,allow,0.899441243442,0.920638394369,2,1.52010969551,2,2,1,stable_retry_risk_reduction|persistent_high_model_risk
cv_20260827_evt_0008657,cv_20260827_req_0003509,cv_20260827_dev_0001779,5,review,0.923486481214,0.920638394369,0,2.44070627856,3,3,3,persistent_high_model_risk|high_risk_with_card_diversity|high_risk_with_ip_rotation
cv_20260827_evt_0008659,cv_20260827_req_0003510,cv_20260827_dev_0001779,6,block,0.959933862464,0.978665935245,1,3.41930508105,4,4,3,persistent_high_model_risk|high_risk_with_card_diversity|high_risk_with_ip_rotation
cv_20260827_evt_0008661,cv_20260827_req_0003511,cv_20260827_dev_0001779,7,block,0.950994265575,0.978665935245,1,4.39791223501,5,5,3,persistent_high_model_risk|high_risk_with_card_diversity|high_risk_with_ip_rotation
cv_20260827_evt_0008663,cv_20260827_req_0003512,cv_20260827_dev_0001779,8,block,0.979182365092,1,4,5.39786183185,6,6,3,persistent_high_model_risk|high_risk_with_card_diversity|high_risk_with_ip_rotation
cv_20260827_evt_0008665,cv_20260827_req_0003513,cv_20260827_dev_0001779,9,block,0.980077048699,1,4,6.39771336117,7,7,3,persistent_high_model_risk|high_risk_with_card_diversity|high_risk_with_ip_rotation
cv_20260827_evt_0008667,cv_20260827_req_0003514,cv_20260827_dev_0001779,10,block,0.986489261604,1,4,7.39765470328,8,8,3,persistent_high_model_risk|high_risk_with_card_diversity|high_risk_with_ip_rotation
cv_20260827_evt_0008669,cv_20260827_req_0003515,cv_20260827_dev_0001779,11,block,0.977632196579,1,4,8.39750209582,9,9,3,persistent_high_model_risk|high_risk_with_card_diversity|high_risk_with_ip_rotation
cv_20260827_evt_0008671,cv_20260827_req_0003516,cv_20260827_dev_0001779,12,block,0.990806997289,1,4,9.39736735836,10,10,3,persistent_high_model_risk|high_risk_with_card_diversity|high_risk_with_ip_rotation
cv_20260827_evt_0005531,cv_20260827_req_0002086,cv_20260827_dev_0001413,1,allow,0.153126627752,0.0193933904297,0,0.0193933904297,0,0,0,
cv_20260827_evt_0009230,cv_20260827_req_0003788,cv_20260827_dev_0001808,1,allow,0.263669526916,0.0930102271251,0,0.0930102271251,0,0,0,
cv_20260827_evt_0009232,cv_20260827_req_0003789,cv_20260827_dev_0001808,2,allow,0.780327431399,0.474791810673,0,0.56780086524,0,0,0,
cv_20260827_evt_0009234,cv_20260827_req_0003790,cv_20260827_dev_0001808,3,allow,0.841896479148,0.756035578145,1,1.32382798378,1,1,0,
cv_20260827_evt_0009236,cv_20260827_req_0003791,cv_20260827_dev_0001808,4,allow,0.904502138552,0.920638394369,3,2.24444968897,2,2,2,high_risk_with_card_diversity|persistent_high_model_risk
cv_20260827_evt_0009238,cv_20260827_req_0003792,cv_20260827_dev_0001808,5,review,0.942185128966,0.968667664035,4,3.21307876866,3,3,4,persistent_high_model_risk|high_risk_with_card_diversity|high_risk_with_card_switching|high_risk_with_ip_rotation
cv_20260827_evt_0009240,cv_20260827_req_0003793,cv_20260827_dev_0001808,6,block,0.974321274037,1,5,4.21302353262,4,4,4,persistent_high_model_risk|high_risk_with_card_diversity|high_risk_with_card_switching|high_risk_with_ip_rotation
cv_20260827_evt_0009242,cv_20260827_req_0003794,cv_20260827_dev_0001808,7,block,0.954030052225,0.978665935245,5,5.1916122134,5,5,4,persistent_high_model_risk|high_risk_with_card_diversity|high_risk_with_card_switching|high_risk_with_ip_rotation
cv_20260827_evt_0002151,cv_20260827_req_0000782,cv_20260827_dev_0000610,2,allow,0.0988665643331,0.00548001258357,0,0.0179472771015,0,0,1,successful_checkout_risk_reduction|high_risk_with_ip_rotation
cv_20260827_evt_0000651,cv_20260827_req_0000237,cv_20260827_dev_0000190,1,allow,0.244484801247,0.028783095908,0,0.028783095908,0,0,0,
cv_20260827_evt_0008579,cv_20260827_req_0003471,cv_20260827_dev_0001776,1,allow,0.22919863961,0.028783095908,0,0.028783095908,0,0,0,
cv_20260827_evt_0008581,cv_20260827_req_0003472,cv_20260827_dev_0001776,2,allow,0.470051133911,0.180469239204,0,0.209252236149,0,0,0,
cv_20260827_evt_0008583,cv_20260827_req_0003473,cv_20260827_dev_0001776,3,allow,0.422989624729,0.0930102271251,0,0.302262223455,0,0,1,high_risk_with_card_diversity
cv_20260827_evt_0008585,cv_20260827_req_0003474,cv_20260827_dev_0001776,4,allow,0.834171063098,0.690081906596,2,0.992343783636,1,1,1,high_risk_with_card_diversity
cv_20260827_evt_0008587,cv_20260827_req_0003475,cv_20260827_dev_0001776,5,review,0.942593083102,0.968667664035,5,1.96100689847,2,2,4,rule_corroborated_review|high_risk_with_card_diversity|high_risk_with_card_switching|high_risk_with_ip_rotation|persistent_high_model_risk
cv_20260827_evt_0008589,cv_20260827_req_0003476,cv_20260827_dev_0001776,6,review,0.968361851264,0.987077221928,5,2.94807513056,3,3,4,rule_corroborated_review|high_risk_with_card_diversity|high_risk_with_card_switching|high_risk_with_ip_rotation|persistent_high_model_risk
cv_20260827_evt_0002553,cv_20260827_req_0000930,cv_20260827_dev_0000723,1,allow,0.235309725676,0.028783095908,0,0.028783095908,0,0,0,
cv_20260827_evt_0002294,cv_20260827_req_0000834,cv_20260827_dev_0000651,1,allow,0.240490797769,0.028783095908,0,0.028783095908,0,0,0,
cv_20260827_evt_0006339,cv_20260827_req_0002400,cv_20260827_dev_0001621,1,allow,0.0785427186121,0.00548001258357,0,0.00548001258357,0,0,0,
cv_20260827_evt_0004116,cv_20260827_req_0001502,cv_20260827_dev_0001164,1,allow,0.213865018754,0.0259720802764,0,0.0259720802764,0,0,0,
cv_20260827_evt_0006341,cv_20260827_req_0002401,cv_20260827_dev_0001621,2,allow,0.278187519513,0.0930102271251,0,0.098489617973,0,0,0,
cv_20260827_evt_0006343,cv_20260827_req_0002402,cv_20260827_dev_0001621,3,allow,0.667932691728,0.474791810673,1,0.553577635684,0,0,0,stable_retry_risk_reduction
cv_20260827_evt_0004052,cv_20260827_req_0001478,cv_20260827_dev_0001145,1,allow,0.244255368342,0.028783095908,0,0.028783095908,0,0,0,
cv_20260827_evt_0001492,cv_20260827_req_0000542,cv_20260827_dev_0000427,1,allow,0.218319972651,0.0259720802764,0,0.0259720802764,0,0,0,
cv_20260827_evt_0006359,cv_20260827_req_0002409,cv_20260827_dev_0001624,1,allow,0.150645812045,0.0193933904297,0,0.0193933904297,0,0,0,
cv_20260827_evt_0006361,cv_20260827_req_0002410,cv_20260827_dev_0001624,2,allow,0.33642121651,0.0930102271251,0,0.112401595066,0,0,0,
cv_20260827_evt_0006363,cv_20260827_req_0002411,cv_20260827_dev_0001624,3,allow,0.654131515785,0.474791810673,1,0.564705254759,0,0,0,stable_retry_risk_reduction
cv_20260827_evt_0002444,cv_20260827_req_0000890,cv_20260827_dev_0000692,1,allow,0.243835119959,0.028783095908,0,0.028783095908,0,0,0,
cv_20260827_evt_0004762,cv_20260827_req_0001777,cv_20260827_dev_0001260,4,allow,0.803300617412,0.559667304185,1,1.6657267677,2,2,3,high_risk_with_card_diversity|cross_session_card_diversity|high_risk_with_ip_rotation
cv_20260827_evt_0004764,cv_20260827_req_0001778,cv_20260827_dev_0001260,5,review,0.852650528924,0.834086215288,1,2.49966026594,3,3,3,persistent_high_model_risk|high_risk_with_card_diversity|cross_session_card_diversity
cv_20260827_evt_0004766,cv_20260827_req_0001779,cv_20260827_dev_0001260,6,review,0.951620838902,0.978665935245,3,3.4781657774,4,4,4,persistent_high_model_risk|high_risk_with_card_diversity|high_risk_with_card_switching|cross_session_card_diversity
cv_20260827_evt_0000648,cv_20260827_req_0000236,cv_20260827_dev_0000189,1,allow,0.20040118264,0.0250286633218,0,0.0250286633218,0,0,0,
cv_20260827_evt_0005224,cv_20260827_req_0001974,cv_20260827_dev_0001329,1,allow,0.133176651103,0.00820512873941,0,0.00820512873941,0,0,0,
cv_20260827_evt_0011992,cv_20260827_req_0005129,cv_20260827_dev_0001970,6,review,0.752203314178,0.474791810673,3,2.59585522224,3,0,3,persistent_high_model_risk|high_risk_with_card_diversity|cross_session_card_diversity
cv_20260827_evt_0011994,cv_20260827_req_0005130,cv_20260827_dev_0001970,7,block,0.915006084699,0.920638394369,2,3.51569642587,4,1,3,persistent_high_model_risk|high_risk_with_card_diversity|cross_session_card_diversity
cv_20260827_evt_0009007,cv_20260827_req_0003679,cv_20260827_dev_0001796,11,block,0.779497650027,0.474791810673,0,6.9080354376,8,0,3,persistent_high_model_risk|high_risk_with_card_diversity|cross_session_card_diversity
cv_20260827_evt_0009009,cv_20260827_req_0003680,cv_20260827_dev_0001796,12,block,0.736804988522,0.474791810673,0,7.38281933114,8,0,3,persistent_high_model_risk|high_risk_with_card_diversity|cross_session_card_diversity
cv_20260827_evt_0009011,cv_20260827_req_0003681,cv_20260827_dev_0001796,13,block,0.881418275717,0.920638394369,0,8.30342388048,9,1,3,persistent_high_model_risk|high_risk_with_card_diversity|cross_session_card_diversity
cv_20260827_evt_0009013,cv_20260827_req_0003682,cv_20260827_dev_0001796,14,block,0.906755680576,0.920638394369,2,9.22404324215,10,2,3,persistent_high_model_risk|high_risk_with_card_diversity|cross_session_card_diversity
cv_20260827_evt_0009015,cv_20260827_req_0003683,cv_20260827_dev_0001796,15,block,0.937318775095,0.968667664035,2,10.1927003347,11,3,3,persistent_high_model_risk|high_risk_with_card_diversity|cross_session_card_diversity
cv_20260827_evt_0009017,cv_20260827_req_0003684,cv_20260827_dev_0001796,16,block,0.921594366035,0.920638394369,2,11.1133270475,12,4,4,persistent_high_model_risk|high_risk_with_card_diversity|cross_session_card_diversity|high_risk_with_ip_rotation
cv_20260827_evt_0009019,cv_20260827_req_0003685,cv_20260827_dev_0001796,17,block,0.94228169447,0.968667664035,2,12.0819819748,13,5,4,persistent_high_model_risk|high_risk_with_card_diversity|cross_session_card_diversity|high_risk_with_ip_rotation
cv_20260827_evt_0009021,cv_20260827_req_0003686,cv_20260827_dev_0001796,18,block,0.940883947255,0.968667664035,2,13.050635792,14,6,4,persistent_high_model_risk|high_risk_with_card_diversity|cross_session_card_diversity|high_risk_with_ip_rotation
cv_20260827_evt_0009023,cv_20260827_req_0003687,cv_20260827_dev_0001796,19,block,0.962939455289,0.987077221928,2,14.0376681429,14,7,4,persistent_high_model_risk|high_risk_with_card_diversity|cross_session_card_diversity|high_risk_with_ip_rotation
cv_20260827_evt_0009025,cv_20260827_req_0003688,cv_20260827_dev_0001796,20,block,0.970618207339,1,2,15.0376359664,14,8,4,persistent_high_model_risk|high_risk_with_card_diversity|cross_session_card_diversity|high_risk_with_ip_rotation
cv_20260827_evt_0009027,cv_20260827_req_0003689,cv_20260827_dev_0001796,21,block,0.961664781137,0.987077221928,2,16.0246959541,14,9,4,persistent_high_model_risk|high_risk_with_card_diversity|cross_session_card_diversity|high_risk_with_ip_rotation
cv_20260827_evt_0009029,cv_20260827_req_0003690,cv_20260827_dev_0001796,22,block,0.946595177491,0.978665935245,2,17.0032884274,14,10,4,persistent_high_model_risk|high_risk_with_card_diversity|cross_session_card_diversity|high_risk_with_ip_rotation
cv_20260827_evt_0000200,cv_20260827_req_0000073,cv_20260827_dev_0000060,1,allow,0.240869250896,0.028783095908,0,0.028783095908,0,0,0,
cv_20260827_evt_0004999,cv_20260827_req_0001882,cv_20260827_dev_0001285,1,allow,0.217050395083,0.0259720802764,0,0.0259720802764,0,0,0,
cv_20260827_evt_0005001,cv_20260827_req_0001883,cv_20260827_dev_0001285,2,allow,0.421284354132,0.0930102271251,0,0.118980878673,0,0,0,
cv_20260827_evt_0005003,cv_20260827_req_0001884,cv_20260827_dev_0001285,3,allow,0.732056442935,0.474791810673,1,0.593763417145,0,0,1,high_risk_with_card_diversity
cv_20260827_evt_0002925,cv_20260827_req_0001065,cv_20260827_dev_0000828,1,allow,0.217508237175,0.0259720802764,0,0.0259720802764,0,0,0,
cv_20260827_evt_0002927,cv_20260827_req_0001066,cv_20260827_dev_0000828,2,allow,0.416520523637,0.0930102271251,0,0.118980759616,0,0,1,high_risk_with_card_diversity
cv_20260827_evt_0011400,cv_20260827_req_0004842,cv_20260827_dev_0001927,1,allow,0.242577316717,0.028783095908,0,0.028783095908,0,0,0,
cv_20260827_evt_0011402,cv_20260827_req_0004843,cv_20260827_dev_0001927,2,allow,0.630438999366,0.474791810673,0,0.503547770557,0,0,1,high_risk_with_card_diversity
cv_20260827_evt_0000520,cv_20260827_req_0000190,cv_20260827_dev_0000152,1,allow,0.235123463918,0.028783095908,0,0.028783095908,0,0,0,
cv_20260827_evt_0002966,cv_20260827_req_0001081,cv_20260827_dev_0000839,1,allow,0.221035402625,0.0259720802764,0,0.0259720802764,0,0,0,
cv_20260827_evt_0006916,cv_20260827_req_0002660,cv_20260827_dev_0001693,1,allow,0.148224298152,0.0193933904297,0,0.0193933904297,0,0,0,
cv_20260827_evt_0006918,cv_20260827_req_0002661,cv_20260827_dev_0001693,2,allow,0.310263617651,0.0930102271251,0,0.112403150808,0,0,1,high_risk_with_card_diversity
cv_20260827_evt_0006920,cv_20260827_req_0002662,cv_20260827_dev_0001693,3,allow,0.52360726685,0.304785409055,2,0.417175807146,0,0,2,high_risk_with_card_diversity|high_risk_with_card_switching
cv_20260827_evt_0002657,cv_20260827_req_0000969,cv_20260827_dev_0000749,1,allow,0.200235317552,0.0250286633218,0,0.0250286633218,0,0,0,
cv_20260827_evt_0005869,cv_20260827_req_0002213,cv_20260827_dev_0001517,1,allow,0.141428711377,0.0116357732377,0,0.0116357732377,0,0,0,
cv_20260827_evt_0000575,cv_20260827_req_0000210,cv_20260827_dev_0000167,2,allow,0.0495980981345,0,0,0.0106134133247,0,0,0,successful_checkout_risk_reduction
cv_20260827_evt_0000079,cv_20260827_req_0000029,cv_20260827_dev_0000026,1,allow,0.188404614755,0.0250286633218,0,0.0250286633218,0,0,0,
cv_20260827_evt_0001641,cv_20260827_req_0000595,cv_20260827_dev_0000467,2,allow,0.107584671218,0.00548001258357,0,0.0167728409039,0,0,2,successful_checkout_risk_reduction|high_risk_with_card_diversity|cross_session_card_diversity
cv_20260827_evt_0005837,cv_20260827_req_0002201,cv_20260827_dev_0001508,1,allow,0.158298900352,0.0250286633218,0,0.0250286633218,0,0,0,
cv_20260827_evt_0000613,cv_20260827_req_0000224,cv_20260827_dev_0000179,1,allow,0.164055768484,0.0250286633218,0,0.0250286633218,0,0,0,
cv_20260827_evt_0001928,cv_20260827_req_0000701,cv_20260827_dev_0000549,1,allow,0.230757368471,0.028783095908,0,0.028783095908,0,0,0,
cv_20260827_evt_0001095,cv_20260827_req_0000397,cv_20260827_dev_0000319,1,allow,0.225181243178,0.028783095908,0,0.028783095908,0,0,0,
cv_20260827_evt_0004729,cv_20260827_req_0001761,cv_20260827_dev_0001256,1,allow,0.250851173424,0.028783095908,0,0.028783095908,0,0,0,
cv_20260827_evt_0004731,cv_20260827_req_0001762,cv_20260827_dev_0001256,2,allow,0.509554082867,0.284737559009,0,0.307761581586,0,0,0,stable_retry_risk_reduction
cv_20260827_evt_0004733,cv_20260827_req_0001763,cv_20260827_dev_0001256,3,allow,0.71920628258,0.474791810673,1,0.782533640664,0,0,0,
cv_20260827_evt_0000517,cv_20260827_req_0000189,cv_20260827_dev_0000151,1,allow,0.209562198324,0.0259720802764,0,0.0259720802764,0,0,0,
cv_20260827_evt_0003933,cv_20260827_req_0001434,cv_20260827_dev_0001110,1,allow,0.188689764555,0.0250286633218,0,0.0250286633218,0,0,0,
cv_20260827_evt_0003062,cv_20260827_req_0001116,cv_20260827_dev_0000866,1,allow,0.243300967327,0.028783095908,0,0.028783095908,0,0,0,
cv_20260827_evt_0002627,cv_20260827_req_0000958,cv_20260827_dev_0000743,1,allow,0.218815140365,0.0259720802764,0,0.0259720802764,0,0,0,
cv_20260827_evt_0010959,cv_20260827_req_0004628,cv_20260827_dev_0001901,7,block,0.851574115287,0.834086215288,0,3.22078573377,4,4,4,persistent_high_model_risk|high_risk_with_card_diversity|cross_session_card_diversity|high_risk_with_ip_rotation
cv_20260827_evt_0010961,cv_20260827_req_0004629,cv_20260827_dev_0001901,8,block,0.840850120959,0.720378999731,0,3.94092111906,5,5,2,persistent_high_model_risk|high_risk_with_ip_rotation
cv_20260827_evt_0010963,cv_20260827_req_0004630,cv_20260827_dev_0001901,9,block,0.895524293432,0.920638394369,0,4.86129755947,6,6,4,persistent_high_model_risk|high_risk_with_card_diversity|cross_session_card_diversity|high_risk_with_ip_rotation
cv_20260827_evt_0010965,cv_20260827_req_0004631,cv_20260827_dev_0001901,10,block,0.927066075964,0.968667664035,0,5.8290961597,7,7,4,persistent_high_model_risk|high_risk_with_card_diversity|cross_session_card_diversity|high_risk_with_ip_rotation
cv_20260827_evt_0010967,cv_20260827_req_0004632,cv_20260827_dev_0001901,11,block,0.905374925357,0.920638394369,0,6.74881938492,8,8,4,persistent_high_model_risk|high_risk_with_card_diversity|cross_session_card_diversity|high_risk_with_ip_rotation
cv_20260827_evt_0010969,cv_20260827_req_0004633,cv_20260827_dev_0001901,12,block,0.900355386129,0.920638394369,0,7.66867662338,9,9,4,persistent_high_model_risk|high_risk_with_card_diversity|cross_session_card_diversity|high_risk_with_ip_rotation
cv_20260827_evt_0005196,cv_20260827_req_0001964,cv_20260827_dev_0001320,1,allow,0.102447162748,0.00548001258357,0,0.00548001258357,0,0,0,
cv_20260827_evt_0010971,cv_20260827_req_0004634,cv_20260827_dev_0001901,13,block,0.948090893909,0.978665935245,0,8.64586616699,10,10,4,persistent_high_model_risk|high_risk_with_card_diversity|cross_session_card_diversity|high_risk_with_ip_rotation
cv_20260827_evt_0009953,cv_20260827_req_0004141,cv_20260827_dev_0001844,1,allow,0.25891307434,0.0930102271251,0,0.0930102271251,0,0,0,
cv_20260827_evt_0009955,cv_20260827_req_0004142,cv_20260827_dev_0001844,2,allow,0.471049624375,0.198123499891,0,0.291127118246,0,0,1,high_risk_with_card_diversity
cv_20260827_evt_0009957,cv_20260827_req_0004143,cv_20260827_dev_0001844,3,allow,0.819713714982,0.627563763201,1,0.918657184343,1,1,2,high_risk_with_card_diversity|high_risk_with_card_switching
cv_20260827_evt_0009959,cv_20260827_req_0004144,cv_20260827_dev_0001844,4,allow,0.898770463596,0.920638394369,1,1.83917029792,2,2,3,high_risk_with_card_diversity|high_risk_with_card_switching|persistent_high_model_risk
cv_20260827_evt_0009961,cv_20260827_req_0004145,cv_20260827_dev_0001844,5,review,0.944842571377,0.968667664035,2,2.80764194419,3,3,4,persistent_high_model_risk|high_risk_with_card_diversity|high_risk_with_card_switching|high_risk_with_ip_rotation
cv_20260827_evt_0001723,cv_20260827_req_0000625,cv_20260827_dev_0000493,1,allow,0.240869250896,0.028783095908,0,0.028783095908,0,0,0,
cv_20260827_evt_0009963,cv_20260827_req_0004146,cv_20260827_dev_0001844,6,block,0.98015518529,1,2,3.80746497225,4,4,4,persistent_high_model_risk|high_risk_with_card_diversity|high_risk_with_card_switching|high_risk_with_ip_rotation
cv_20260827_evt_0001725,cv_20260827_req_0000626,cv_20260827_dev_0000493,2,allow,0.513942499489,0.284737559009,0,0.307760051173,0,0,0,stable_retry_risk_reduction
cv_20260827_evt_0002873,cv_20260827_req_0001047,cv_20260827_dev_0000812,1,allow,0.199771442878,0.0250286633218,0,0.0250286633218,0,0,0,
cv_20260827_evt_0012390,cv_20260827_req_0005322,cv_20260827_dev_0001997,1,allow,0.255510585056,0.0690182853703,0,0.0690182853703,0,0,0,
cv_20260827_evt_0000679,cv_20260827_req_0000248,cv_20260827_dev_0000198,1,allow,0.241741235073,0.028783095908,0,0.028783095908,0,0,0,
cv_20260827_evt_0012392,cv_20260827_req_0005323,cv_20260827_dev_0001997,2,allow,0.631609913132,0.474791810673,0,0.543728749864,0,0,1,high_risk_with_card_diversity
cv_20260827_evt_0000938,cv_20260827_req_0000340,cv_20260827_dev_0000273,2,allow,0.122939839343,0.00548001258357,0,0.0179494491338,0,0,3,successful_checkout_risk_reduction|high_risk_with_card_diversity|cross_session_card_diversity|high_risk_with_ip_rotation
cv_20260827_evt_0001718,cv_20260827_req_0000623,cv_20260827_dev_0000492,1,allow,0.210180314876,0.0259720802764,0,0.0259720802764,0,0,0,
cv_20260827_evt_0001227,cv_20260827_req_0000444,cv_20260827_dev_0000356,1,allow,0.25803987055,0.0930102271251,0,0.0930102271251,0,0,0,
cv_20260827_evt_0003199,cv_20260827_req_0001165,cv_20260827_dev_0000903,1,allow,0.243835119959,0.028783095908,0,0.028783095908,0,0,0,
cv_20260827_evt_0009723,cv_20260827_req_0004028,cv_20260827_dev_0001831,1,allow,0.158657926325,0.0250286633218,0,0.0250286633218,0,0,0,
cv_20260827_evt_0009725,cv_20260827_req_0004029,cv_20260827_dev_0001831,2,allow,0.543787459731,0.474791810673,0,0.499815483343,0,0,1,high_risk_with_card_diversity
cv_20260827_evt_0009727,cv_20260827_req_0004030,cv_20260827_dev_0001831,3,allow,0.862096509077,0.855151534315,1,1.35491832975,1,1,1,high_risk_with_card_diversity
cv_20260827_evt_0009729,cv_20260827_req_0004031,cv_20260827_dev_0001831,4,allow,0.935215010601,0.968667664035,3,2.32334687747,2,2,3,high_risk_with_card_diversity|high_risk_with_card_switching|persistent_high_model_risk
cv_20260827_evt_0005878,cv_20260827_req_0002216,cv_20260827_dev_0001519,2,allow,0.0429312138704,0,0,0.00370229376949,0,0,3,successful_checkout_risk_reduction|high_risk_with_card_diversity|cross_session_card_diversity|high_risk_with_ip_rotation
cv_20260827_evt_0009731,cv_20260827_req_0004032,cv_20260827_dev_0001831,5,review,0.970848058539,1,2,3.32287828361,3,3,4,persistent_high_model_risk|high_risk_with_card_diversity|high_risk_with_card_switching|high_risk_with_ip_rotation
cv_20260827_evt_0009733,cv_20260827_req_0004033,cv_20260827_dev_0001831,6,block,0.986518156133,1,2,4.32239847581,4,4,4,persistent_high_model_risk|high_risk_with_card_diversity|high_risk_with_card_switching|high_risk_with_ip_rotation
cv_20260827_evt_0009735,cv_20260827_req_0004034,cv_20260827_dev_0001831,7,block,0.9895003289,1,2,5.32224491073,5,5,4,persistent_high_model_risk|high_risk_with_card_diversity|high_risk_with_card_switching|high_risk_with_ip_rotation
cv_20260827_evt_0009737,cv_20260827_req_0004035,cv_20260827_dev_0001831,8,block,0.991655288889,1,2,6.32190943776,6,6,4,persistent_high_model_risk|high_risk_with_card_diversity|high_risk_with_card_switching|high_risk_with_ip_rotation
cv_20260827_evt_0006713,cv_20260827_req_0002569,cv_20260827_dev_0001669,1,allow,0.134183908225,0.00820512873941,0,0.00820512873941,0,0,0,
cv_20260827_evt_0006715,cv_20260827_req_0002570,cv_20260827_dev_0001669,2,allow,0.325412104794,0.0930102271251,0,0.0995737734408,0,0,0,stable_retry_risk_reduction
cv_20260827_evt_0006717,cv_20260827_req_0002571,cv_20260827_dev_0001669,3,allow,0.402606009152,0.0930102271251,1,0.19257829477,0,0,0,
cv_20260827_evt_0000054,cv_20260827_req_0000020,cv_20260827_dev_0000017,1,allow,0.195844611475,0.0250286633218,0,0.0250286633218,0,0,0,
cv_20260827_evt_0003433,cv_20260827_req_0001250,cv_20260827_dev_0000967,2,allow,0.132619822485,0.00820512873941,0,0.0225440281655,0,0,0,successful_checkout_risk_reduction
cv_20260827_evt_0002200,cv_20260827_req_0000799,cv_20260827_dev_0000625,1,allow,0.238642256928,0.028783095908,0,0.028783095908,0,0,0,
cv_20260827_evt_0005785,cv_20260827_req_0002182,cv_20260827_dev_0001492,2,allow,0.0305271030874,0,0,0.00792630480784,0,0,0,successful_checkout_risk_reduction
cv_20260827_evt_0003227,cv_20260827_req_0001175,cv_20260827_dev_0000911,1,allow,0.131974132431,0.00820512873941,0,0.00820512873941,0,0,0,
cv_20260827_evt_0003474,cv_20260827_req_0001266,cv_20260827_dev_0000978,2,allow,0.0858629718188,0.00548001258357,0,0.0112771405055,0,0,2,successful_checkout_risk_reduction|high_risk_with_card_diversity|cross_session_card_diversity
cv_20260827_evt_0010504,cv_20260827_req_0004407,cv_20260827_dev_0001875,1,allow,0.259151554216,0.0930102271251,0,0.0930102271251,0,0,0,
cv_20260827_evt_0010506,cv_20260827_req_0004408,cv_20260827_dev_0001875,2,allow,0.516304801752,0.304785409055,0,0.397787961523,0,0,1,high_risk_with_card_diversity
cv_20260827_evt_0010508,cv_20260827_req_0004409,cv_20260827_dev_0001875,3,allow,0.857106209838,0.855151534315,0,1.25289664397,1,1,1,high_risk_with_card_diversity
cv_20260827_evt_0010510,cv_20260827_req_0004410,cv_20260827_dev_0001875,4,allow,0.911092215733,0.920638394369,1,2.1733885835,2,2,2,high_risk_with_card_diversity|persistent_high_model_risk
cv_20260827_evt_0010512,cv_20260827_req_0004411,cv_20260827_dev_0001875,5,review,0.920899469189,0.920638394369,2,3.09369322692,3,3,2,persistent_high_model_risk|high_risk_with_card_diversity
cv_20260827_evt_0011371,cv_20260827_req_0004828,cv_20260827_dev_0001925,1,allow,0.234045160412,0.028783095908,0,0.028783095908,0,0,0,
cv_20260827_evt_0011373,cv_20260827_req_0004829,cv_20260827_dev_0001925,2,allow,0.555197711722,0.474791810673,0,0.503565869388,0,0,0,
cv_20260827_evt_0005559,cv_20260827_req_0002097,cv_20260827_dev_0001423,1,allow,0.130533747632,0.00820512873941,0,0.00820512873941,0,0,0,
cv_20260827_evt_0003125,cv_20260827_req_0001138,cv_20260827_dev_0000884,1,allow,0.224531551988,0.0259720802764,0,0.0259720802764,0,0,0,
cv_20260827_evt_0006595,cv_20260827_req_0002516,cv_20260827_dev_0001654,1,allow,0.143528683211,0.0116357732377,0,0.0116357732377,0,0,0,
cv_20260827_evt_0006597,cv_20260827_req_0002517,cv_20260827_dev_0001654,2,allow,0.347843279456,0.0930102271251,0,0.102317853608,0,0,0,stable_retry_risk_reduction
cv_20260827_evt_0006599,cv_20260827_req_0002518,cv_20260827_dev_0001654,3,allow,0.484054026561,0.284737559009,1,0.366589402838,0,0,0,stable_retry_risk_reduction
cv_20260827_evt_0006083,cv_20260827_req_0002293,cv_20260827_dev_0001577,1,allow,0.124182768713,0.00548001258357,0,0.00548001258357,0,0,0,
cv_20260827_evt_0005419,cv_20260827_req_0002046,cv_20260827_dev_0001381,1,allow,0.147780379983,0.0193933904297,0,0.0193933904297,0,0,0,
cv_20260827_evt_0002383,cv_20260827_req_0000867,cv_20260827_dev_0000674,1,allow,0.209991459524,0.0259720802764,0,0.0259720802764,0,0,0,
cv_20260827_evt_0008927,cv_20260827_req_0003639,cv_20260827_dev_0001793,1,allow,0.250306738872,0.028783095908,0,0.028783095908,0,0,0,
cv_20260827_evt_0008929,cv_20260827_req_0003640,cv_20260827_dev_0001793,2,allow,0.305544373804,0.0930102271251,0,0.121793290045,0,0,0,
cv_20260827_evt_0008931,cv_20260827_req_0003641,cv_20260827_dev_0001793,3,allow,0.750496248139,0.474791810673,2,0.596584542382,0,0,2,high_risk_with_card_diversity|high_risk_with_card_switching
cv_20260827_evt_0008933,cv_20260827_req_0003642,cv_20260827_dev_0001793,4,allow,0.917812482958,0.920638394369,3,1.51722020183,1,1,2,high_risk_with_card_diversity|high_risk_with_card_switching
cv_20260827_evt_0008935,cv_20260827_req_0003643,cv_20260827_dev_0001793,5,allow,0.915044142122,0.920638394369,4,2.43785685735,2,2,3,high_risk_with_card_diversity|high_risk_with_card_switching|persistent_high_model_risk
cv_20260827_evt_0008937,cv_20260827_req_0003644,cv_20260827_dev_0001793,6,review,0.950675173612,0.978665935245,4,3.41651999863,3,3,3,persistent_high_model_risk|high_risk_with_card_diversity|high_risk_with_card_switching
cv_20260827_evt_0008939,cv_20260827_req_0003645,cv_20260827_dev_0001793,7,block,0.983167338185,1,6,4.41650433629,4,4,4,rule_corroborated_block|high_risk_with_card_diversity|high_risk_with_card_switching|high_risk_with_ip_rotation|persistent_high_model_risk
cv_20260827_evt_0008941,cv_20260827_req_0003646,cv_20260827_dev_0001793,8,block,0.990847652937,1,6,5.41648408972,5,5,4,rule_corroborated_block|high_risk_with_card_diversity|high_risk_with_card_switching|high_risk_with_ip_rotation|persistent_high_model_risk
cv_20260827_evt_0008943,cv_20260827_req_0003647,cv_20260827_dev_0001793,9,block,0.992277680157,1,6,6.41645925895,6,6,4,rule_corroborated_block|high_risk_with_card_diversity|high_risk_with_card_switching|high_risk_with_ip_rotation|persistent_high_model_risk
cv_20260827_evt_0008945,cv_20260827_req_0003648,cv_20260827_dev_0001793,10,block,0.992573565228,1,6,7.41643719773,7,7,4,rule_corroborated_block|high_risk_with_card_diversity|high_risk_with_card_switching|high_risk_with_ip_rotation|persistent_high_model_risk
cv_20260827_evt_0008947,cv_20260827_req_0003649,cv_20260827_dev_0001793,11,block,0.99555818744,1,6,8.41641169836,8,8,4,rule_corroborated_block|high_risk_with_card_diversity|high_risk_with_card_switching|high_risk_with_ip_rotation|persistent_high_model_risk
cv_20260827_evt_0008949,cv_20260827_req_0003650,cv_20260827_dev_0001793,12,block,0.996300834425,1,6,9.41638276085,9,9,4,rule_corroborated_block|high_risk_with_card_diversity|high_risk_with_card_switching|high_risk_with_ip_rotation|persistent_high_model_risk
cv_20260827_evt_0004054,cv_20260827_req_0001479,cv_20260827_dev_0001146,1,allow,0.236766071029,0.028783095908,0,0.028783095908,0,0,0,
cv_20260827_evt_0004056,cv_20260827_req_0001480,cv_20260827_dev_0001146,2,allow,0.518023416998,0.304785409055,0,0.333564183907,0,0,0,
cv_20260827_evt_0005864,cv_20260827_req_0002211,cv_20260827_dev_0001515,1,allow,0.153718360061,0.0193933904297,0,0.0193933904297,0,0,0,
cv_20260827_evt_0001877,cv_20260827_req_0000682,cv_20260827_dev_0000535,1,allow,0.23996164642,0.028783095908,0,0.028783095908,0,0,0,
cv_20260827_evt_0005256,cv_20260827_req_0001986,cv_20260827_dev_0001338,1,allow,0.148695529085,0.0193933904297,0,0.0193933904297,0,0,0,
cv_20260827_evt_0000667,cv_20260827_req_0000243,cv_20260827_dev_0000195,1,allow,0.213621404869,0.0259720802764,0,0.0259720802764,0,0,0,
cv_20260827_evt_0001893,cv_20260827_req_0000688,cv_20260827_dev_0000539,1,allow,0.247943759964,0.028783095908,0,0.028783095908,0,0,0,
cv_20260827_evt_0010845,cv_20260827_req_0004573,cv_20260827_dev_0001895,7,review,0.79948263259,0.559667304185,0,3.29853599464,4,4,4,persistent_high_model_risk|high_risk_with_card_diversity|cross_session_card_diversity|high_risk_with_ip_rotation
cv_20260827_evt_0010847,cv_20260827_req_0004574,cv_20260827_dev_0001895,8,review,0.809261767623,0.584793744945,0,3.88303110346,5,5,3,persistent_high_model_risk|high_risk_with_card_diversity|cross_session_card_diversity
cv_20260827_evt_0010849,cv_20260827_req_0004575,cv_20260827_dev_0001895,9,block,0.96426500601,0.987077221928,0,4.86957878158,6,6,3,persistent_high_model_risk|high_risk_with_card_diversity|cross_session_card_diversity
cv_20260827_evt_0010851,cv_20260827_req_0004576,cv_20260827_dev_0001895,10,block,0.945242828593,0.968667664035,0,5.83759910301,7,7,3,persistent_high_model_risk|high_risk_with_card_diversity|cross_session_card_diversity
cv_20260827_evt_0010853,cv_20260827_req_0004577,cv_20260827_dev_0001895,11,block,0.971700836255,1,0,6.83702376244,8,8,4,persistent_high_model_risk|high_risk_with_card_diversity|cross_session_card_diversity|high_risk_with_ip_rotation
cv_20260827_evt_0010855,cv_20260827_req_0004578,cv_20260827_dev_0001895,12,block,0.976584336643,1,0,7.83649878711,9,9,4,persistent_high_model_risk|high_risk_with_card_diversity|cross_session_card_diversity|high_risk_with_ip_rotation
cv_20260827_evt_0009702,cv_20260827_req_0004018,cv_20260827_dev_0001829,1,allow,0.210421054594,0.0259720802764,0,0.0259720802764,0,0,0,
cv_20260827_evt_0009704,cv_20260827_req_0004019,cv_20260827_dev_0001829,2,allow,0.458825949421,0.0930102271251,0,0.113785938789,0,0,0,stable_retry_risk_reduction
cv_20260827_evt_0010857,cv_20260827_req_0004579,cv_20260827_dev_0001895,13,block,0.93728259915,0.968667664035,0,8.80409775782,10,10,4,persistent_high_model_risk|high_risk_with_card_diversity|cross_session_card_diversity|high_risk_with_ip_rotation
cv_20260827_evt_0009706,cv_20260827_req_0004020,cv_20260827_dev_0001829,3,allow,0.690488684331,0.474791810673,1,0.588564057507,0,0,1,high_risk_with_card_diversity
cv_20260827_evt_0009708,cv_20260827_req_0004021,cv_20260827_dev_0001829,4,allow,0.845427132034,0.834086215288,1,1.42258147378,1,1,2,high_risk_with_card_diversity|high_risk_with_card_switching
cv_20260827_evt_0009710,cv_20260827_req_0004022,cv_20260827_dev_0001829,5,allow,0.898823519285,0.920638394369,1,2.34307803151,2,2,4,high_risk_with_card_diversity|high_risk_with_card_switching|high_risk_with_ip_rotation|persistent_high_model_risk
cv_20260827_evt_0001578,cv_20260827_req_0000573,cv_20260827_dev_0000451,1,allow,0.247133743912,0.028783095908,0,0.028783095908,0,0,0,
cv_20260827_evt_0005325,cv_20260827_req_0002011,cv_20260827_dev_0001356,1,allow,0.107793599219,0.00548001258357,0,0.00548001258357,0,0,0,
cv_20260827_evt_0005327,cv_20260827_req_0002012,cv_20260827_dev_0001356,2,allow,0.323090421909,0.0930102271251,0,0.0984896493721,0,0,0,
cv_20260827_evt_0002861,cv_20260827_req_0001043,cv_20260827_dev_0000808,1,allow,0.260425856837,0.0930102271251,0,0.0930102271251,0,0,0,
cv_20260827_evt_0001692,cv_20260827_req_0000614,cv_20260827_dev_0000485,1,allow,0.238905735891,0.028783095908,0,0.028783095908,0,0,0,
cv_20260827_evt_0001521,cv_20260827_req_0000552,cv_20260827_dev_0000436,1,allow,0.218426011994,0.0259720802764,0,0.0259720802764,0,0,0,
cv_20260827_evt_0000759,cv_20260827_req_0000276,cv_20260827_dev_0000220,1,allow,0.218426011994,0.0259720802764,0,0.0259720802764,0,0,0,
cv_20260827_evt_0003930,cv_20260827_req_0001433,cv_20260827_dev_0001109,1,allow,0.102095512087,0.00548001258357,0,0.00548001258357,0,0,0,
cv_20260827_evt_0003644,cv_20260827_req_0001327,cv_20260827_dev_0001027,1,allow,0.164396851302,0.0250286633218,0,0.0250286633218,0,0,0,
cv_20260827_evt_0004572,cv_20260827_req_0001692,cv_20260827_dev_0001238,1,allow,0.198384659157,0.0250286633218,0,0.0250286633218,0,0,0,
cv_20260827_evt_0004574,cv_20260827_req_0001693,cv_20260827_dev_0001238,2,allow,0.310947647206,0.0930102271251,0,0.118037054689,0,0,0,
cv_20260827_evt_0004576,cv_20260827_req_0001694,cv_20260827_dev_0001238,3,allow,0.773202217356,0.474791810673,1,0.59281750243,0,0,0,
cv_20260827_evt_0002775,cv_20260827_req_0001012,cv_20260827_dev_0000781,1,allow,0.107614484761,0.00548001258357,0,0.00548001258357,0,0,0,
cv_20260827_evt_0002836,cv_20260827_req_0001034,cv_20260827_dev_0000800,1,allow,0.229912990958,0.028783095908,0,0.028783095908,0,0,0,
cv_20260827_evt_0011166,cv_20260827_req_0004729,cv_20260827_dev_0001912,4,allow,0.821979571851,0.627563763201,0,1.67406522713,2,2,4,high_risk_with_card_diversity|cross_session_card_diversity|high_risk_with_ip_rotation|persistent_high_model_risk
cv_20260827_evt_0008087,cv_20260827_req_0003231,cv_20260827_dev_0001756,1,allow,0.22030549097,0.0259720802764,0,0.0259720802764,0,0,0,
cv_20260827_evt_0008089,cv_20260827_req_0003232,cv_20260827_dev_0001756,2,allow,0.526757068879,0.323943661972,0,0.349915504121,0,0,0,
cv_20260827_evt_0008091,cv_20260827_req_0003233,cv_20260827_dev_0001756,3,allow,0.800232064474,0.559667304185,0,0.909574787799,1,1,0,
cv_20260827_evt_0008093,cv_20260827_req_0003234,cv_20260827_dev_0001756,4,allow,0.857175202365,0.855151534315,2,1.76471277046,2,2,0,
cv_20260827_evt_0008095,cv_20260827_req_0003235,cv_20260827_dev_0001756,5,review,0.909057771893,0.920638394369,2,2.68531476028,3,3,2,persistent_high_model_risk|high_risk_with_ip_rotation
cv_20260827_evt_0008097,cv_20260827_req_0003236,cv_20260827_dev_0001756,6,review,0.916852086698,0.920638394369,3,3.60590083635,4,4,3,persistent_high_model_risk|high_risk_with_card_diversity|high_risk_with_ip_rotation
cv_20260827_evt_0008099,cv_20260827_req_0003237,cv_20260827_dev_0001756,7,block,0.960786594568,0.987077221928,3,4.5929078041,5,5,3,persistent_high_model_risk|high_risk_with_card_diversity|high_risk_with_ip_rotation
cv_20260827_evt_0008101,cv_20260827_req_0003238,cv_20260827_dev_0001756,8,block,0.968662886946,0.987077221928,3,5.57986922335,6,6,3,persistent_high_model_risk|high_risk_with_card_diversity|high_risk_with_ip_rotation
cv_20260827_evt_0011168,cv_20260827_req_0004730,cv_20260827_dev_0001912,5,review,0.95784733309,0.978665935245,0,2.65117589489,3,3,3,persistent_high_model_risk|high_risk_with_card_diversity|cross_session_card_diversity
cv_20260827_evt_0008103,cv_20260827_req_0003239,cv_20260827_dev_0001756,9,block,0.967392140575,0.987077221928,1,6.56679936318,7,7,3,persistent_high_model_risk|high_risk_with_card_diversity|high_risk_with_ip_rotation
cv_20260827_evt_0008105,cv_20260827_req_0003240,cv_20260827_dev_0001756,10,block,0.949177078377,0.978665935245,1,7.54529972729,8,8,3,persistent_high_model_risk|high_risk_with_card_diversity|high_risk_with_ip_rotation
cv_20260827_evt_0008107,cv_20260827_req_0003241,cv_20260827_dev_0001756,11,block,0.987497879281,1,2,8.54510948486,9,9,3,persistent_high_model_risk|high_risk_with_card_diversity|high_risk_with_ip_rotation
cv_20260827_evt_0011170,cv_20260827_req_0004731,cv_20260827_dev_0001912,6,block,0.973346414604,1,0,3.64977250215,4,4,3,persistent_high_model_risk|high_risk_with_card_diversity|cross_session_card_diversity
cv_20260827_evt_0001615,cv_20260827_req_0000586,cv_20260827_dev_0000463,1,allow,0.254605610644,0.0690182853703,0,0.0690182853703,0,0,0,
cv_20260827_evt_0006762,cv_20260827_req_0002591,cv_20260827_dev_0001676,1,allow,0.134436835317,0.00820512873941,0,0.00820512873941,0,0,0,
cv_20260827_evt_0006764,cv_20260827_req_0002592,cv_20260827_dev_0001676,2,allow,0.323573369746,0.0930102271251,0,0.0995738411421,0,0,0,stable_retry_risk_reduction
cv_20260827_evt_0006766,cv_20260827_req_0002593,cv_20260827_dev_0001676,3,allow,0.494120776135,0.284737559009,1,0.384305808464,0,0,0,
cv_20260827_evt_0000344,cv_20260827_req_0000126,cv_20260827_dev_0000098,1,allow,0.206305261046,0.0250286633218,0,0.0250286633218,0,0,0,
cv_20260827_evt_0006609,cv_20260827_req_0002522,cv_20260827_dev_0001656,1,allow,0.127739192075,0.00820512873941,0,0.00820512873941,0,0,0,
cv_20260827_evt_0006611,cv_20260827_req_0002523,cv_20260827_dev_0001656,2,allow,0.32225180888,0.0930102271251,0,0.0995738862767,0,0,0,stable_retry_risk_reduction
cv_20260827_evt_0006613,cv_20260827_req_0002524,cv_20260827_dev_0001656,3,allow,0.392450354678,0.0930102271251,1,0.192576810034,0,0,1,high_risk_with_card_diversity
cv_20260827_evt_0001553,cv_20260827_req_0000564,cv_20260827_dev_0000445,1,allow,0.248291454007,0.028783095908,0,0.028783095908,0,0,0,
cv_20260827_evt_0010145,cv_20260827_req_0004234,cv_20260827_dev_0001854,1,allow,0.210696433287,0.0259720802764,0,0.0259720802764,0,0,0,
cv_20260827_evt_0010147,cv_20260827_req_0004235,cv_20260827_dev_0001854,2,allow,0.444580860363,0.0930102271251,0,0.118981354907,0,0,1,high_risk_with_card_diversity
cv_20260827_evt_0010149,cv_20260827_req_0004236,cv_20260827_dev_0001854,3,allow,0.710940322829,0.474791810673,0,0.59374971367,0,0,1,high_risk_with_card_diversity
cv_20260827_evt_0010151,cv_20260827_req_0004237,cv_20260827_dev_0001854,4,allow,0.791720674373,0.559667304185,0,1.15331631496,1,1,1,high_risk_with_card_diversity
cv_20260827_evt_0010153,cv_20260827_req_0004238,cv_20260827_dev_0001854,5,allow,0.935072895074,0.968667664035,1,2.12194036078,2,2,1,high_risk_with_card_diversity
cv_20260827_evt_0010155,cv_20260827_req_0004239,cv_20260827_dev_0001854,6,review,0.975601247513,1,1,3.12183092781,3,3,2,persistent_high_model_risk|high_risk_with_card_diversity
cv_20260827_evt_0010157,cv_20260827_req_0004240,cv_20260827_dev_0001854,7,review,0.987888270152,1,1,4.12133364521,4,4,3,persistent_high_model_risk|high_risk_with_card_diversity|high_risk_with_ip_rotation
cv_20260827_evt_0010159,cv_20260827_req_0004241,cv_20260827_dev_0001854,8,block,0.995334392002,1,1,5.12063464656,5,5,3,persistent_high_model_risk|high_risk_with_card_diversity|high_risk_with_ip_rotation
cv_20260827_evt_0009620,cv_20260827_req_0003978,cv_20260827_dev_0001825,1,allow,0.187708975226,0.0250286633218,0,0.0250286633218,0,0,0,
cv_20260827_evt_0009622,cv_20260827_req_0003979,cv_20260827_dev_0001825,2,allow,0.453673745815,0.0930102271251,0,0.11803645236,0,0,0,
cv_20260827_evt_0009624,cv_20260827_req_0003980,cv_20260827_dev_0001825,3,allow,0.802646561061,0.559667304185,1,0.677695234287,1,1,0,
cv_20260827_evt_0009626,cv_20260827_req_0003981,cv_20260827_dev_0001825,4,allow,0.930274927182,0.968667664035,1,1.51075550699,2,2,0,stable_retry_risk_reduction
cv_20260827_evt_0009628,cv_20260827_req_0003982,cv_20260827_dev_0001825,5,review,0.948266560418,0.978665935245,0,2.48935564888,3,3,1,persistent_high_model_risk
cv_20260827_evt_0009630,cv_20260827_req_0003983,cv_20260827_dev_0001825,6,review,0.958911810902,0.978665935245,0,3.46764501761,4,4,2,persistent_high_model_risk|high_risk_with_card_diversity
cv_20260827_evt_0009632,cv_20260827_req_0003984,cv_20260827_dev_0001825,7,block,0.982704702817,1,0,4.46737875729,5,5,3,persistent_high_model_risk|high_risk_with_card_diversity|high_risk_with_ip_rotation
cv_20260827_evt_0009634,cv_20260827_req_0003985,cv_20260827_dev_0001825,8,block,0.983154147996,1,1,5.46698965738,6,6,3,persistent_high_model_risk|high_risk_with_card_diversity|high_risk_with_ip_rotation
cv_20260827_evt_0009636,cv_20260827_req_0003986,cv_20260827_dev_0001825,9,block,0.983328376639,1,1,6.46665759123,7,7,3,persistent_high_model_risk|high_risk_with_card_diversity|high_risk_with_ip_rotation
cv_20260827_evt_0001376,cv_20260827_req_0000500,cv_20260827_dev_0000401,1,allow,0.211334414185,0.0259720802764,0,0.0259720802764,0,0,0,
cv_20260827_evt_0000523,cv_20260827_req_0000191,cv_20260827_dev_0000152,2,allow,0.0636131527437,0,0,0.0114711984219,0,0,0,successful_checkout_risk_reduction|stable_retry_risk_reduction
cv_20260827_evt_0003617,cv_20260827_req_0001317,cv_20260827_dev_0001019,1,allow,0.250345600939,0.028783095908,0,0.028783095908,0,0,0,
cv_20260827_evt_0001934,cv_20260827_req_0000703,cv_20260827_dev_0000551,1,allow,0.208381366297,0.0259720802764,0,0.0259720802764,0,0,0,
cv_20260827_evt_0003715,cv_20260827_req_0001354,cv_20260827_dev_0001048,1,allow,0.220803889934,0.0259720802764,0,0.0259720802764,0,0,0,
cv_20260827_evt_0002168,cv_20260827_req_0000788,cv_20260827_dev_0000615,2,allow,0.471811121056,0.198123499891,0,0.204219775325,0,0,0,
cv_20260827_evt_0011296,cv_20260827_req_0004792,cv_20260827_dev_0001921,1,allow,0.23147478568,0.028783095908,0,0.028783095908,0,0,0,
cv_20260827_evt_0011298,cv_20260827_req_0004793,cv_20260827_dev_0001921,2,allow,0.817607260025,0.627563763201,0,0.656333502217,1,1,0,
cv_20260827_evt_0005348,cv_20260827_req_0002020,cv_20260827_dev_0001363,1,allow,0.134232033052,0.00820512873941,0,0.00820512873941,0,0,0,
cv_20260827_evt_0011300,cv_20260827_req_0004794,cv_20260827_dev_0001921,3,allow,0.939036390675,0.968667664035,1,1.62424563188,2,2,2,high_risk_with_card_diversity|persistent_high_model_risk
cv_20260827_evt_0006510,cv_20260827_req_0002477,cv_20260827_dev_0001643,1,allow,0.13016977726,0.00820512873941,0,0.00820512873941,0,0,0,
cv_20260827_evt_0006512,cv_20260827_req_0002478,cv_20260827_dev_0001643,2,allow,0.333391777702,0.0930102271251,0,0.101214744646,0,0,0,
cv_20260827_evt_0006514,cv_20260827_req_0002479,cv_20260827_dev_0001643,3,allow,0.660128273832,0.474791810673,1,0.555754976461,0,0,0,stable_retry_risk_reduction
cv_20260827_evt_0005820,cv_20260827_req_0002195,cv_20260827_dev_0001503,1,allow,0.143388614172,0.0116357732377,0,0.0116357732377,0,0,0,
cv_20260827_evt_0003110,cv_20260827_req_0001133,cv_20260827_dev_0000880,1,allow,0.204092935705,0.0250286633218,0,0.0250286633218,0,0,0,
cv_20260827_evt_0002675,cv_20260827_req_0000976,cv_20260827_dev_0000754,1,allow,0.227574840615,0.028783095908,0,0.028783095908,0,0,0,
cv_20260827_evt_0003002,cv_20260827_req_0001094,cv_20260827_dev_0000848,1,allow,0.235496089558,0.028783095908,0,0.028783095908,0,0,0,
cv_20260827_evt_0003065,cv_20260827_req_0001117,cv_20260827_dev_0000866,2,allow,0.083980006191,0.00548001258357,0,0.0198191092128,0,0,2,successful_checkout_risk_reduction|high_risk_with_card_diversity|cross_session_card_diversity
cv_20260827_evt_0003099,cv_20260827_req_0001129,cv_20260827_dev_0000877,1,allow,0.175374341962,0.0250286633218,0,0.0250286633218,0,0,0,
cv_20260827_evt_0004963,cv_20260827_req_0001866,cv_20260827_dev_0001280,1,allow,0.180871119866,0.0250286633218,0,0.0250286633218,0,0,0,
cv_20260827_evt_0004965,cv_20260827_req_0001867,cv_20260827_dev_0001280,2,allow,0.304129671334,0.0930102271251,0,0.118037054689,0,0,0,
cv_20260827_evt_0004967,cv_20260827_req_0001868,cv_20260827_dev_0001280,3,allow,0.71122583977,0.474791810673,1,0.592819937252,0,0,1,high_risk_with_card_diversity
cv_20260827_evt_0004783,cv_20260827_req_0001786,cv_20260827_dev_0001263,1,allow,0.200600356625,0.0250286633218,0,0.0250286633218,0,0,0,
cv_20260827_evt_0004785,cv_20260827_req_0001787,cv_20260827_dev_0001263,2,allow,0.459839000884,0.0930102271251,0,0.118036481042,0,0,0,
cv_20260827_evt_0004787,cv_20260827_req_0001788,cv_20260827_dev_0001263,3,allow,0.789170517358,0.488843813387,1,0.606871501632,0,0,0,
cv_20260827_evt_0003740,cv_20260827_req_0001363,cv_20260827_dev_0001056,1,allow,0.246556250417,0.028783095908,0,0.028783095908,0,0,0,
cv_20260827_evt_0005666,cv_20260827_req_0002136,cv_20260827_dev_0001458,1,allow,0.141907151324,0.0116357732377,0,0.0116357732377,0,0,0,
cv_20260827_evt_0005668,cv_20260827_req_0002137,cv_20260827_dev_0001458,2,allow,0.349998545965,0.0930102271251,0,0.102318397654,0,0,0,stable_retry_risk_reduction
cv_20260827_evt_0005760,cv_20260827_req_0002172,cv_20260827_dev_0001484,1,allow,0.142792023726,0.0116357732377,0,0.0116357732377,0,0,0,
cv_20260827_evt_0003138,cv_20260827_req_0001143,cv_20260827_dev_0000889,1,allow,0.222518815932,0.0259720802764,0,0.0259720802764,0,0,0,
cv_20260827_evt_0002951,cv_20260827_req_0001075,cv_20260827_dev_0000834,3,allow,0.11190120163,0.00548001258357,0,0.0183665387627,0,0,2,high_risk_with_card_diversity|cross_session_card_diversity
cv_20260827_evt_0000457,cv_20260827_req_0000168,cv_20260827_dev_0000135,1,allow,0.225578932649,0.028783095908,0,0.028783095908,0,0,0,
cv_20260827_evt_0004137,cv_20260827_req_0001510,cv_20260827_dev_0001170,1,allow,0.223253960994,0.0259720802764,0,0.0259720802764,0,0,0,
cv_20260827_evt_0011725,cv_20260827_req_0005001,cv_20260827_dev_0001951,1,allow,0.26266563256,0.0930102271251,0,0.0930102271251,0,0,0,
cv_20260827_evt_0011727,cv_20260827_req_0005002,cv_20260827_dev_0001951,2,allow,0.902786341466,0.920638394369,0,1.01355507653,1,1,0,
cv_20260827_evt_0000484,cv_20260827_req_0000177,cv_20260827_dev_0000142,1,allow,0.151628819613,0.0193933904297,0,0.0193933904297,0,0,0,
cv_20260827_evt_0003568,cv_20260827_req_0001300,cv_20260827_dev_0001005,1,allow,0.230463425937,0.028783095908,0,0.028783095908,0,0,0,
cv_20260827_evt_0002333,cv_20260827_req_0000848,cv_20260827_dev_0000662,1,allow,0.222053419858,0.0259720802764,0,0.0259720802764,0,0,0,
cv_20260827_evt_0000714,cv_20260827_req_0000260,cv_20260827_dev_0000207,1,allow,0.253938074421,0.0690182853703,0,0.0690182853703,0,0,0,
cv_20260827_evt_0006086,cv_20260827_req_0002294,cv_20260827_dev_0001578,1,allow,0.139168182545,0.0116357732377,0,0.0116357732377,0,0,0,
cv_20260827_evt_0001931,cv_20260827_req_0000702,cv_20260827_dev_0000550,1,allow,0.126509726747,0.00820512873941,0,0.00820512873941,0,0,0,
cv_20260827_evt_0002911,cv_20260827_req_0001060,cv_20260827_dev_0000823,1,allow,0.219382035687,0.0259720802764,0,0.0259720802764,0,0,0,
cv_20260827_evt_0012394,cv_20260827_req_0005324,cv_20260827_dev_0001997,3,allow,0.877864340191,0.920638394369,1,1.41370332879,1,1,3,high_risk_with_card_diversity|cross_session_card_diversity|high_risk_with_ip_rotation
cv_20260827_evt_0012396,cv_20260827_req_0005325,cv_20260827_dev_0001997,4,allow,0.951200731929,0.978665935245,2,2.39140718537,2,2,4,high_risk_with_card_diversity|cross_session_card_diversity|high_risk_with_ip_rotation|persistent_high_model_risk
cv_20260827_evt_0005609,cv_20260827_req_0002115,cv_20260827_dev_0001440,1,allow,0.132473112292,0.00820512873941,0,0.00820512873941,0,0,0,
cv_20260827_evt_0012398,cv_20260827_req_0005326,cv_20260827_dev_0001997,5,review,0.984923084126,1,1,3.3891991721,3,3,3,persistent_high_model_risk|high_risk_with_card_diversity|cross_session_card_diversity
cv_20260827_evt_0001720,cv_20260827_req_0000624,cv_20260827_dev_0000492,2,allow,0.407147356658,0.0930102271251,0,0.116532164269,0,0,2,high_risk_with_card_diversity|cross_session_card_diversity
cv_20260827_evt_0006490,cv_20260827_req_0002468,cv_20260827_dev_0001640,1,allow,0.12869971417,0.00820512873941,0,0.00820512873941,0,0,0,
cv_20260827_evt_0006492,cv_20260827_req_0002469,cv_20260827_dev_0001640,2,allow,0.280100426324,0.0930102271251,0,0.10121452838,0,0,1,high_risk_with_card_diversity
cv_20260827_evt_0006494,cv_20260827_req_0002470,cv_20260827_dev_0001640,3,allow,0.505835062159,0.284737559009,2,0.385947099528,0,0,2,high_risk_with_card_diversity|high_risk_with_card_switching
cv_20260827_evt_0000932,cv_20260827_req_0000338,cv_20260827_dev_0000272,3,allow,0.086683947693,0.00548001258357,0,0.0151282262752,0,0,0,
cv_20260827_evt_0005904,cv_20260827_req_0002227,cv_20260827_dev_0001526,2,allow,0.0415855546992,0,0,0.00247274298215,0,0,0,successful_checkout_risk_reduction
cv_20260827_evt_0004331,cv_20260827_req_0001585,cv_20260827_dev_0001211,1,allow,0.239471005453,0.028783095908,0,0.028783095908,0,0,0,
cv_20260827_evt_0004333,cv_20260827_req_0001586,cv_20260827_dev_0001211,2,allow,0.470445834775,0.198123499891,0,0.226905507227,0,0,1,high_risk_with_card_diversity
cv_20260827_evt_0004335,cv_20260827_req_0001587,cv_20260827_dev_0001211,3,allow,0.725946768139,0.474791810673,2,0.701677814905,0,0,2,high_risk_with_card_diversity|high_risk_with_card_switching
cv_20260827_evt_0011886,cv_20260827_req_0005078,cv_20260827_dev_0001963,7,block,0.882413302613,0.920638394369,2,4.0113999173,5,3,4,persistent_high_model_risk|high_risk_with_card_diversity|cross_session_card_diversity|high_risk_with_ip_rotation
cv_20260827_evt_0004230,cv_20260827_req_0001542,cv_20260827_dev_0001198,1,allow,0.205441777272,0.0250286633218,0,0.0250286633218,0,0,0,
cv_20260827_evt_0011888,cv_20260827_req_0005079,cv_20260827_dev_0001963,8,block,0.949516322435,0.978665935245,2,4.98559051062,6,4,4,persistent_high_model_risk|high_risk_with_card_diversity|cross_session_card_diversity|high_risk_with_ip_rotation
cv_20260827_evt_0004140,cv_20260827_req_0001511,cv_20260827_dev_0001171,1,allow,0.13477371982,0.00820512873941,0,0.00820512873941,0,0,0,
cv_20260827_evt_0003779,cv_20260827_req_0001377,cv_20260827_dev_0001069,1,allow,0.202734105355,0.0250286633218,0,0.0250286633218,0,0,0,
cv_20260827_evt_0012299,cv_20260827_req_0005278,cv_20260827_dev_0001990,8,block,0.87125677398,0.920638394369,2,3.95253698112,5,5,3,persistent_high_model_risk|high_risk_with_card_diversity|cross_session_card_diversity
cv_20260827_evt_0012301,cv_20260827_req_0005279,cv_20260827_dev_0001990,9,block,0.872632295531,0.920638394369,2,4.87222420875,6,6,3,persistent_high_model_risk|high_risk_with_card_diversity|cross_session_card_diversity
cv_20260827_evt_0000774,cv_20260827_req_0000281,cv_20260827_dev_0000224,2,allow,0.0593124898939,0,0,0.0117614390232,0,0,0,successful_checkout_risk_reduction
cv_20260827_evt_0000776,cv_20260827_req_0000282,cv_20260827_dev_0000224,3,allow,0.13696023525,0.0116357732377,0,0.023395918299,0,0,0,
cv_20260827_evt_0001912,cv_20260827_req_0000695,cv_20260827_dev_0000545,2,allow,0.0893804305683,0.00548001258357,0,0.0157082530413,0,0,0,successful_checkout_risk_reduction
cv_20260827_evt_0001337,cv_20260827_req_0000484,cv_20260827_dev_0000390,1,allow,0.201798514032,0.0250286633218,0,0.0250286633218,0,0,0,
cv_20260827_evt_0000956,cv_20260827_req_0000347,cv_20260827_dev_0000278,1,allow,0.260385973492,0.0930102271251,0,0.0930102271251,0,0,0,
cv_20260827_evt_0000958,cv_20260827_req_0000348,cv_20260827_dev_0000278,2,allow,0.755524114613,0.474791810673,0,0.567799159728,0,0,0,
cv_20260827_evt_0001368,cv_20260827_req_0000497,cv_20260827_dev_0000398,5,allow,0.824249704239,0.627563763201,3,1.73174360162,2,2,4,high_risk_with_card_diversity|cross_session_card_diversity|high_risk_with_ip_rotation|persistent_high_model_risk
cv_20260827_evt_0002575,cv_20260827_req_0000938,cv_20260827_dev_0000730,1,allow,0.243835119959,0.028783095908,0,0.028783095908,0,0,0,
cv_20260827_evt_0002685,cv_20260827_req_0000980,cv_20260827_dev_0000756,1,allow,0.178647316271,0.0250286633218,0,0.0250286633218,0,0,0,
cv_20260827_evt_0001204,cv_20260827_req_0000436,cv_20260827_dev_0000349,1,allow,0.222913156101,0.0259720802764,0,0.0259720802764,0,0,0,
cv_20260827_evt_0005362,cv_20260827_req_0002025,cv_20260827_dev_0001367,2,allow,0.301735727446,0.0930102271251,0,0.0997413926171,0,0,0,
cv_20260827_evt_0011462,cv_20260827_req_0004872,cv_20260827_dev_0001931,1,allow,0.256654647004,0.0690182853703,0,0.0690182853703,0,0,0,
cv_20260827_evt_0011464,cv_20260827_req_0004873,cv_20260827_dev_0001931,2,allow,0.583098669957,0.474791810673,0,0.543784709534,0,0,0,
cv_20260827_evt_0002646,cv_20260827_req_0000965,cv_20260827_dev_0000746,1,allow,0.17483592715,0.0250286633218,0,0.0250286633218,0,0,0,
cv_20260827_evt_0011466,cv_20260827_req_0004874,cv_20260827_dev_0001931,3,allow,0.839257256428,0.690081906596,0,1.23340313884,1,1,1,high_risk_with_card_diversity
cv_20260827_evt_0002648,cv_20260827_req_0000966,cv_20260827_dev_0000746,2,allow,0.345799651357,0.0930102271251,0,0.118035448512,0,0,0,
cv_20260827_evt_0007784,cv_20260827_req_0003081,cv_20260827_dev_0001740,13,block,0.88462780022,0.920638394369,0,8.46706129765,11,11,4,persistent_high_model_risk|high_risk_with_card_diversity|cross_session_card_diversity|high_risk_with_ip_rotation
cv_20260827_evt_0007786,cv_20260827_req_0003082,cv_20260827_dev_0001740,14,block,0.922964216986,0.920638394369,0,9.38768028424,12,12,4,persistent_high_model_risk|high_risk_with_card_diversity|cross_session_card_diversity|high_risk_with_ip_rotation
cv_20260827_evt_0007788,cv_20260827_req_0003083,cv_20260827_dev_0001740,15,block,0.954461208335,0.978665935245,0,10.3663354605,13,13,4,persistent_high_model_risk|high_risk_with_card_diversity|cross_session_card_diversity|high_risk_with_ip_rotation
cv_20260827_evt_0007790,cv_20260827_req_0003084,cv_20260827_dev_0001740,16,block,0.968584116259,0.987077221928,2,11.3534008018,14,14,4,persistent_high_model_risk|high_risk_with_card_diversity|cross_session_card_diversity|high_risk_with_ip_rotation
cv_20260827_evt_0007792,cv_20260827_req_0003085,cv_20260827_dev_0001740,17,block,0.949357252817,0.978665935245,2,12.3320146897,15,15,4,persistent_high_model_risk|high_risk_with_card_diversity|cross_session_card_diversity|high_risk_with_ip_rotation
cv_20260827_evt_0007794,cv_20260827_req_0003086,cv_20260827_dev_0001740,18,block,0.960734090877,0.987077221928,2,13.3190636448,16,16,4,persistent_high_model_risk|high_risk_with_card_diversity|cross_session_card_diversity|high_risk_with_ip_rotation
cv_20260827_evt_0000677,cv_20260827_req_0000247,cv_20260827_dev_0000197,1,allow,0.232933292966,0.028783095908,0,0.028783095908,0,0,0,
cv_20260827_evt_0002458,cv_20260827_req_0000895,cv_20260827_dev_0000696,2,allow,0.075885954749,0,0,0.0112919223854,0,0,0,successful_checkout_risk_reduction
cv_20260827_evt_0002986,cv_20260827_req_0001088,cv_20260827_dev_0000844,3,allow,0.149915384329,0.0193933904297,0,0.0264390121409,0,0,2,successful_checkout_risk_reduction|high_risk_with_card_diversity|cross_session_card_diversity
cv_20260827_evt_0000886,cv_20260827_req_0000321,cv_20260827_dev_0000258,1,allow,0.239810606736,0.028783095908,0,0.028783095908,0,0,0,
cv_20260827_evt_0006149,cv_20260827_req_0002317,cv_20260827_dev_0001598,1,allow,0.134159851279,0.00820512873941,0,0.00820512873941,0,0,0,
cv_20260827_evt_0000084,cv_20260827_req_0000031,cv_20260827_dev_0000028,1,allow,0.189049121528,0.0250286633218,0,0.0250286633218,0,0,0,
cv_20260827_evt_0005455,cv_20260827_req_0002059,cv_20260827_dev_0001389,1,allow,0.127877698506,0.00820512873941,0,0.00820512873941,0,0,0,
cv_20260827_evt_0005457,cv_20260827_req_0002060,cv_20260827_dev_0001389,2,allow,0.298824663688,0.0930102271251,0,0.101214095865,0,0,1,high_risk_with_card_diversity
cv_20260827_evt_0005469,cv_20260827_req_0002064,cv_20260827_dev_0001393,1,allow,0.156486322098,0.0193933904297,0,0.0193933904297,0,0,0,
cv_20260827_evt_0000068,cv_20260827_req_0000025,cv_20260827_dev_0000022,1,allow,0.195079472979,0.0250286633218,0,0.0250286633218,0,0,0,
cv_20260827_evt_0005889,cv_20260827_req_0002221,cv_20260827_dev_0001522,1,allow,0.15686939045,0.0193933904297,0,0.0193933904297,0,0,0,
cv_20260827_evt_0001962,cv_20260827_req_0000713,cv_20260827_dev_0000560,1,allow,0.239131733805,0.028783095908,0,0.028783095908,0,0,0,
cv_20260827_evt_0007557,cv_20260827_req_0002971,cv_20260827_dev_0001728,1,allow,0.134533252811,0.00820512873941,0,0.00820512873941,0,0,0,
cv_20260827_evt_0007559,cv_20260827_req_0002972,cv_20260827_dev_0001728,2,allow,0.542208221487,0.474791810673,0,0.482996930009,0,0,0,
cv_20260827_evt_0007561,cv_20260827_req_0002973,cv_20260827_dev_0001728,3,allow,0.610753448824,0.474791810673,0,0.95778763358,0,0,1,high_risk_with_card_diversity
cv_20260827_evt_0007563,cv_20260827_req_0002974,cv_20260827_dev_0001728,4,allow,0.91814299408,0.920638394369,3,1.87842163717,1,1,1,high_risk_with_card_diversity
cv_20260827_evt_0007565,cv_20260827_req_0002975,cv_20260827_dev_0001728,5,allow,0.988345060462,1,3,2.87841517873,2,2,2,high_risk_with_card_diversity|persistent_high_model_risk
cv_20260827_evt_0007567,cv_20260827_req_0002976,cv_20260827_dev_0001728,6,review,0.991720550597,1,5,3.87840858097,3,3,4,rule_corroborated_review|high_risk_with_card_diversity|high_risk_with_card_switching|high_risk_with_ip_rotation|persistent_high_model_risk
cv_20260827_evt_0007569,cv_20260827_req_0002977,cv_20260827_dev_0001728,7,block,0.996941268313,1,5,4.87840413602,4,4,4,persistent_high_model_risk|high_risk_with_card_diversity|high_risk_with_card_switching|high_risk_with_ip_rotation
cv_20260827_evt_0007571,cv_20260827_req_0002978,cv_20260827_dev_0001728,8,block,0.996969865684,1,5,5.878398545,5,5,4,persistent_high_model_risk|high_risk_with_card_diversity|high_risk_with_card_switching|high_risk_with_ip_rotation
cv_20260827_evt_0007573,cv_20260827_req_0002979,cv_20260827_dev_0001728,9,block,0.998010706605,1,5,6.87837159668,6,6,4,persistent_high_model_risk|high_risk_with_card_diversity|high_risk_with_card_switching|high_risk_with_ip_rotation
cv_20260827_evt_0007575,cv_20260827_req_0002980,cv_20260827_dev_0001728,10,block,0.998455188833,1,5,7.87834006418,7,7,4,persistent_high_model_risk|high_risk_with_card_diversity|high_risk_with_card_switching|high_risk_with_ip_rotation
cv_20260827_evt_0007577,cv_20260827_req_0002981,cv_20260827_dev_0001728,11,block,0.997053555772,1,5,8.87832200584,8,8,4,persistent_high_model_risk|high_risk_with_card_diversity|high_risk_with_card_switching|high_risk_with_ip_rotation
cv_20260827_evt_0005521,cv_20260827_req_0002082,cv_20260827_dev_0001410,1,allow,0.15512443852,0.0193933904297,0,0.0193933904297,0,0,0,
cv_20260827_evt_0001644,cv_20260827_req_0000596,cv_20260827_dev_0000468,1,allow,0.253075919433,0.0690182853703,0,0.0690182853703,0,0,0,
cv_20260827_evt_0005795,cv_20260827_req_0002186,cv_20260827_dev_0001495,1,allow,0.157335570588,0.0250286633218,0,0.0250286633218,0,0,0,
cv_20260827_evt_0005797,cv_20260827_req_0002187,cv_20260827_dev_0001495,2,allow,0.382824131591,0.0930102271251,0,0.113030358345,0,0,0,stable_retry_risk_reduction
cv_20260827_evt_0007729,cv_20260827_req_0003054,cv_20260827_dev_0001738,1,allow,0.215470939391,0.0259720802764,0,0.0259720802764,0,0,0,
cv_20260827_evt_0007731,cv_20260827_req_0003055,cv_20260827_dev_0001738,2,allow,0.397772119168,0.0930102271251,0,0.118982188338,0,0,1,high_risk_with_card_diversity
cv_20260827_evt_0007733,cv_20260827_req_0003056,cv_20260827_dev_0001738,3,allow,0.872507079615,0.920638394369,2,1.03962044634,1,1,2,high_risk_with_card_diversity|high_risk_with_card_switching
cv_20260827_evt_0007735,cv_20260827_req_0003057,cv_20260827_dev_0001738,4,allow,0.943067741398,0.968667664035,3,2.00828572741,2,2,3,high_risk_with_card_diversity|high_risk_with_card_switching|persistent_high_model_risk
cv_20260827_evt_0007737,cv_20260827_req_0003058,cv_20260827_dev_0001738,5,review,0.974036488734,1,4,3.00828112412,3,3,3,persistent_high_model_risk|high_risk_with_card_diversity|high_risk_with_card_switching
cv_20260827_evt_0007739,cv_20260827_req_0003059,cv_20260827_dev_0001738,6,block,0.976500008085,1,5,4.00827422868,4,4,4,persistent_high_model_risk|high_risk_with_card_diversity|high_risk_with_card_switching|high_risk_with_ip_rotation
cv_20260827_evt_0007741,cv_20260827_req_0003060,cv_20260827_dev_0001738,7,block,0.983093736033,1,5,5.00825585357,5,5,4,persistent_high_model_risk|high_risk_with_card_diversity|high_risk_with_card_switching|high_risk_with_ip_rotation
cv_20260827_evt_0004036,cv_20260827_req_0001472,cv_20260827_dev_0001140,1,allow,0.213412753885,0.0259720802764,0,0.0259720802764,0,0,0,
cv_20260827_evt_0001013,cv_20260827_req_0000368,cv_20260827_dev_0000294,1,allow,0.190615057603,0.0250286633218,0,0.0250286633218,0,0,0,
cv_20260827_evt_0008109,cv_20260827_req_0003242,cv_20260827_dev_0001756,12,block,0.924671374133,0.920638394369,1,8.6618051493,10,10,4,persistent_high_model_risk|high_risk_with_card_diversity|cross_session_card_diversity|high_risk_with_ip_rotation
cv_20260827_evt_0008111,cv_20260827_req_0003243,cv_20260827_dev_0001756,13,block,0.920796143093,0.920638394369,1,9.58230456548,11,11,4,persistent_high_model_risk|high_risk_with_card_diversity|cross_session_card_diversity|high_risk_with_ip_rotation
cv_20260827_evt_0008113,cv_20260827_req_0003244,cv_20260827_dev_0001756,14,block,0.945916877752,0.978665935245,1,10.5607288985,12,12,4,persistent_high_model_risk|high_risk_with_card_diversity|cross_session_card_diversity|high_risk_with_ip_rotation
cv_20260827_evt_0008115,cv_20260827_req_0003245,cv_20260827_dev_0001756,15,block,0.882279258869,0.920638394369,3,11.4811131245,13,13,4,persistent_high_model_risk|high_risk_with_card_diversity|cross_session_card_diversity|high_risk_with_ip_rotation
cv_20260827_evt_0008117,cv_20260827_req_0003246,cv_20260827_dev_0001756,16,block,0.8917510353,0.920638394369,0,12.4015015151,14,14,4,persistent_high_model_risk|high_risk_with_card_diversity|cross_session_card_diversity|high_risk_with_ip_rotation
cv_20260827_evt_0008119,cv_20260827_req_0003247,cv_20260827_dev_0001756,17,block,0.898374632473,0.920638394369,2,13.3220119924,15,15,4,persistent_high_model_risk|high_risk_with_card_diversity|cross_session_card_diversity|high_risk_with_ip_rotation
cv_20260827_evt_0008121,cv_20260827_req_0003248,cv_20260827_dev_0001756,18,block,0.866473657298,0.897971643376,2,14.2198462241,16,16,4,persistent_high_model_risk|high_risk_with_card_diversity|cross_session_card_diversity|high_risk_with_ip_rotation
cv_20260827_evt_0008123,cv_20260827_req_0003249,cv_20260827_dev_0001756,19,block,0.858606722717,0.855151534315,2,15.0746392282,16,17,4,persistent_high_model_risk|high_risk_with_card_diversity|cross_session_card_diversity|high_risk_with_ip_rotation
cv_20260827_evt_0008125,cv_20260827_req_0003250,cv_20260827_dev_0001756,20,block,0.855570693156,0.855151534315,2,15.9294797852,16,18,4,persistent_high_model_risk|high_risk_with_card_diversity|cross_session_card_diversity|high_risk_with_ip_rotation
cv_20260827_evt_0008127,cv_20260827_req_0003251,cv_20260827_dev_0001756,21,block,0.905760177138,0.920638394369,2,16.8499538728,16,19,4,persistent_high_model_risk|high_risk_with_card_diversity|cross_session_card_diversity|high_risk_with_ip_rotation
cv_20260827_evt_0008129,cv_20260827_req_0003252,cv_20260827_dev_0001756,22,block,0.90787635907,0.920638394369,2,17.7701481122,16,20,4,persistent_high_model_risk|high_risk_with_card_diversity|cross_session_card_diversity|high_risk_with_ip_rotation
cv_20260827_evt_0012317,cv_20260827_req_0005287,cv_20260827_dev_0001991,8,block,0.966519877811,0.987077221928,2,4.08894530653,6,6,3,persistent_high_model_risk|high_risk_with_card_diversity|cross_session_card_diversity
cv_20260827_evt_0003241,cv_20260827_req_0001180,cv_20260827_dev_0000913,1,allow,0.20295160666,0.0250286633218,0,0.0250286633218,0,0,0,
cv_20260827_evt_0008591,cv_20260827_req_0003477,cv_20260827_dev_0001776,7,block,0.858128823474,0.855151534315,0,3.27359782824,4,4,4,persistent_high_model_risk|high_risk_with_card_diversity|cross_session_card_diversity|high_risk_with_ip_rotation
cv_20260827_evt_0008593,cv_20260827_req_0003478,cv_20260827_dev_0001776,8,block,0.884112563006,0.920638394369,0,4.19422871903,5,5,4,persistent_high_model_risk|high_risk_with_card_diversity|cross_session_card_diversity|high_risk_with_ip_rotation
cv_20260827_evt_0008595,cv_20260827_req_0003479,cv_20260827_dev_0001776,9,block,0.846785266892,0.834086215288,0,5.02830532051,6,6,4,persistent_high_model_risk|high_risk_with_card_diversity|cross_session_card_diversity|high_risk_with_ip_rotation
cv_20260827_evt_0008597,cv_20260827_req_0003480,cv_20260827_dev_0001776,10,block,0.947861437656,0.978665935245,2,6.00695973012,7,7,4,persistent_high_model_risk|high_risk_with_card_diversity|cross_session_card_diversity|high_risk_with_ip_rotation
cv_20260827_evt_0008599,cv_20260827_req_0003481,cv_20260827_dev_0001776,11,block,0.93111689387,0.968667664035,2,6.97562050973,8,8,3,persistent_high_model_risk|high_risk_with_card_diversity|cross_session_card_diversity
cv_20260827_evt_0008601,cv_20260827_req_0003482,cv_20260827_dev_0001776,12,block,0.905086267113,0.920638394369,2,7.89624291492,9,9,3,persistent_high_model_risk|high_risk_with_card_diversity|cross_session_card_diversity
cv_20260827_evt_0008603,cv_20260827_req_0003483,cv_20260827_dev_0001776,13,block,0.956702529105,0.978665935245,2,8.87487265145,10,10,3,persistent_high_model_risk|high_risk_with_card_diversity|cross_session_card_diversity
cv_20260827_evt_0008605,cv_20260827_req_0003484,cv_20260827_dev_0001776,14,block,0.969686784521,0.987077221928,2,9.8619397021,11,11,3,persistent_high_model_risk|high_risk_with_card_diversity|cross_session_card_diversity
cv_20260827_evt_0008607,cv_20260827_req_0003485,cv_20260827_dev_0001776,15,block,0.940862544343,0.968667664035,2,10.8305734586,12,12,4,persistent_high_model_risk|high_risk_with_card_diversity|cross_session_card_diversity|high_risk_with_ip_rotation
cv_20260827_evt_0008609,cv_20260827_req_0003486,cv_20260827_dev_0001776,16,block,0.945510149951,0.97842917231,2,11.8089529803,13,13,4,persistent_high_model_risk|high_risk_with_card_diversity|cross_session_card_diversity|high_risk_with_ip_rotation
cv_20260827_evt_0008611,cv_20260827_req_0003487,cv_20260827_dev_0001776,17,block,0.950747393234,0.978665935245,2,12.7875783137,14,14,4,persistent_high_model_risk|high_risk_with_card_diversity|cross_session_card_diversity|high_risk_with_ip_rotation
cv_20260827_evt_0008613,cv_20260827_req_0003488,cv_20260827_dev_0001776,18,block,0.942410123854,0.968667664035,2,13.7562020112,15,15,4,persistent_high_model_risk|high_risk_with_card_diversity|cross_session_card_diversity|high_risk_with_ip_rotation
cv_20260827_evt_0012319,cv_20260827_req_0005288,cv_20260827_dev_0001991,9,block,0.959479440268,0.978665935245,2,5.06442583665,7,7,3,persistent_high_model_risk|high_risk_with_card_diversity|cross_session_card_diversity
cv_20260827_evt_0012321,cv_20260827_req_0005289,cv_20260827_dev_0001991,10,block,0.989782323931,1,2,6.05974979507,8,8,3,persistent_high_model_risk|high_risk_with_card_diversity|cross_session_card_diversity
cv_20260827_evt_0002113,cv_20260827_req_0000768,cv_20260827_dev_0000601,1,allow,0.236354678318,0.028783095908,0,0.028783095908,0,0,0,
cv_20260827_evt_0005958,cv_20260827_req_0002248,cv_20260827_dev_0001542,1,allow,0.120953647119,0.00548001258357,0,0.00548001258357,0,0,0,
cv_20260827_evt_0005960,cv_20260827_req_0002249,cv_20260827_dev_0001542,2,allow,0.327538930121,0.0930102271251,0,0.0984899194118,0,0,0,
cv_20260827_evt_0006033,cv_20260827_req_0002275,cv_20260827_dev_0001560,1,allow,0.151282839659,0.0193933904297,0,0.0193933904297,0,0,0,
cv_20260827_evt_0002418,cv_20260827_req_0000880,cv_20260827_dev_0000686,1,allow,0.253898843558,0.0690182853703,0,0.0690182853703,0,0,0,
cv_20260827_evt_0005118,cv_20260827_req_0001935,cv_20260827_dev_0001300,1,allow,0.245250629852,0.028783095908,0,0.028783095908,0,0,0,
cv_20260827_evt_0005120,cv_20260827_req_0001936,cv_20260827_dev_0001300,2,allow,0.505003592201,0.284737559009,0,0.307761555198,0,0,0,stable_retry_risk_reduction
cv_20260827_evt_0005122,cv_20260827_req_0001937,cv_20260827_dev_0001300,3,allow,0.752379607451,0.474791810673,1,0.782526560445,0,0,1,high_risk_with_card_diversity
cv_20260827_evt_0009216,cv_20260827_req_0003781,cv_20260827_dev_0001807,1,allow,0.232859299401,0.028783095908,0,0.028783095908,0,0,0,
cv_20260827_evt_0009218,cv_20260827_req_0003782,cv_20260827_dev_0001807,2,allow,0.501551688185,0.284737559009,0,0.313520555954,0,0,1,high_risk_with_card_diversity
cv_20260827_evt_0009220,cv_20260827_req_0003783,cv_20260827_dev_0001807,3,allow,0.921856129295,0.920638394369,3,1.23415751305,1,1,2,high_risk_with_card_diversity|high_risk_with_card_switching
cv_20260827_evt_0009222,cv_20260827_req_0003784,cv_20260827_dev_0001807,4,allow,0.9414074721,0.968667664035,3,2.20282093378,2,2,3,high_risk_with_card_diversity|high_risk_with_card_switching|persistent_high_model_risk
cv_20260827_evt_0009224,cv_20260827_req_0003785,cv_20260827_dev_0001807,5,review,0.963419774761,0.987077221928,3,3.18988805732,3,3,3,persistent_high_model_risk|high_risk_with_card_diversity|high_risk_with_card_switching
cv_20260827_evt_0009226,cv_20260827_req_0003786,cv_20260827_dev_0001807,6,block,0.948207433472,0.978665935245,6,4.16853936917,4,4,4,rule_corroborated_block|high_risk_with_card_diversity|high_risk_with_card_switching|high_risk_with_ip_rotation|persistent_high_model_risk
cv_20260827_evt_0009228,cv_20260827_req_0003787,cv_20260827_dev_0001807,7,block,0.978326894182,1,6,5.16852025935,5,5,4,rule_corroborated_block|high_risk_with_card_diversity|high_risk_with_card_switching|high_risk_with_ip_rotation|persistent_high_model_risk
cv_20260827_evt_0009638,cv_20260827_req_0003987,cv_20260827_dev_0001825,10,block,0.903897506032,0.920638394369,1,6.78143032052,8,8,3,persistent_high_model_risk|high_risk_with_card_diversity|cross_session_card_diversity
cv_20260827_evt_0009640,cv_20260827_req_0003988,cv_20260827_dev_0001825,11,block,0.908796718336,0.920638394369,1,7.7010040291,9,9,3,persistent_high_model_risk|high_risk_with_card_diversity|cross_session_card_diversity
cv_20260827_evt_0009642,cv_20260827_req_0003989,cv_20260827_dev_0001825,12,block,0.914519793579,0.920638394369,1,8.62146590667,10,10,3,persistent_high_model_risk|high_risk_with_card_diversity|cross_session_card_diversity
cv_20260827_evt_0009644,cv_20260827_req_0003990,cv_20260827_dev_0001825,13,block,0.934832221074,0.968667664035,1,9.58973834532,11,11,3,persistent_high_model_risk|high_risk_with_card_diversity|cross_session_card_diversity
cv_20260827_evt_0009646,cv_20260827_req_0003991,cv_20260827_dev_0001825,14,block,0.820891554362,0.627563763201,0,10.216126189,12,12,3,persistent_high_model_risk|high_risk_with_card_diversity|cross_session_card_diversity
cv_20260827_evt_0003318,cv_20260827_req_0001208,cv_20260827_dev_0000935,1,allow,0.190471472246,0.0250286633218,0,0.0250286633218,0,0,0,
cv_20260827_evt_0001515,cv_20260827_req_0000550,cv_20260827_dev_0000434,1,allow,0.248987821076,0.028783095908,0,0.028783095908,0,0,0,
cv_20260827_evt_0000945,cv_20260827_req_0000343,cv_20260827_dev_0000275,1,allow,0.187015312327,0.0250286633218,0,0.0250286633218,0,0,0,
cv_20260827_evt_0005264,cv_20260827_req_0001989,cv_20260827_dev_0001340,1,allow,0.116519070232,0.00548001258357,0,0.00548001258357,0,0,0,
cv_20260827_evt_0005449,cv_20260827_req_0002057,cv_20260827_dev_0001387,1,allow,0.107783551439,0.00548001258357,0,0.00548001258357,0,0,0,
cv_20260827_evt_0005714,cv_20260827_req_0002155,cv_20260827_dev_0001472,1,allow,0.140313314268,0.0116357732377,0,0.0116357732377,0,0,0,
cv_20260827_evt_0011404,cv_20260827_req_0004844,cv_20260827_dev_0001927,3,allow,0.752767350025,0.474791810673,0,0.888270083217,0,0,3,high_risk_with_card_diversity|cross_session_card_diversity|high_risk_with_ip_rotation
cv_20260827_evt_0011406,cv_20260827_req_0004845,cv_20260827_dev_0001927,4,allow,0.934233175321,0.968667664035,0,1.85592742281,1,1,2,high_risk_with_card_diversity|cross_session_card_diversity
cv_20260827_evt_0011408,cv_20260827_req_0004846,cv_20260827_dev_0001927,5,allow,0.989970080241,1,2,2.85372087307,2,2,4,high_risk_with_card_diversity|high_risk_with_card_switching|cross_session_card_diversity|persistent_high_model_risk
cv_20260827_evt_0003964,cv_20260827_req_0001445,cv_20260827_dev_0001119,1,allow,0.241286018709,0.028783095908,0,0.028783095908,0,0,0,
cv_20260827_evt_0009078,cv_20260827_req_0003714,cv_20260827_dev_0001799,1,allow,0.0832610834368,0.00548001258357,0,0.00548001258357,0,0,0,
cv_20260827_evt_0009080,cv_20260827_req_0003715,cv_20260827_dev_0001799,2,allow,0.34535282469,0.0930102271251,0,0.0984901392214,0,0,0,
cv_20260827_evt_0009082,cv_20260827_req_0003716,cv_20260827_dev_0001799,3,allow,0.858368994528,0.855151534315,0,0.953639867517,1,1,1,high_risk_with_card_diversity
cv_20260827_evt_0009084,cv_20260827_req_0003717,cv_20260827_dev_0001799,4,allow,0.934489184637,0.968667664035,4,1.92229550924,2,2,3,high_risk_with_card_diversity|high_risk_with_card_switching|persistent_high_model_risk
cv_20260827_evt_0009086,cv_20260827_req_0003718,cv_20260827_dev_0001799,5,review,0.970435195069,1,3,2.92225144778,3,3,3,persistent_high_model_risk|high_risk_with_card_diversity|high_risk_with_card_switching
cv_20260827_evt_0009088,cv_20260827_req_0003719,cv_20260827_dev_0001799,6,block,0.983726189853,1,5,3.92220456042,4,4,3,persistent_high_model_risk|high_risk_with_card_diversity|high_risk_with_card_switching
cv_20260827_evt_0009090,cv_20260827_req_0003720,cv_20260827_dev_0001799,7,block,0.939574948452,0.968667664035,5,4.89082277815,5,5,4,persistent_high_model_risk|high_risk_with_card_diversity|high_risk_with_card_switching|high_risk_with_ip_rotation
cv_20260827_evt_0009092,cv_20260827_req_0003721,cv_20260827_dev_0001799,8,block,0.978214200859,1,5,5.8907387,6,6,4,persistent_high_model_risk|high_risk_with_card_diversity|high_risk_with_card_switching|high_risk_with_ip_rotation
cv_20260827_evt_0009094,cv_20260827_req_0003722,cv_20260827_dev_0001799,9,block,0.961732560527,0.987077221928,5,6.87766739656,7,7,4,persistent_high_model_risk|high_risk_with_card_diversity|high_risk_with_card_switching|high_risk_with_ip_rotation
cv_20260827_evt_0009096,cv_20260827_req_0003723,cv_20260827_dev_0001799,10,block,0.98595729945,1,5,7.877525516,8,8,4,persistent_high_model_risk|high_risk_with_card_diversity|high_risk_with_card_switching|high_risk_with_ip_rotation
cv_20260827_evt_0009098,cv_20260827_req_0003724,cv_20260827_dev_0001799,11,block,0.978236510182,1,4,8.87737203728,9,9,4,persistent_high_model_risk|high_risk_with_card_diversity|high_risk_with_card_switching|high_risk_with_ip_rotation
cv_20260827_evt_0009100,cv_20260827_req_0003725,cv_20260827_dev_0001799,12,block,0.989574747255,1,5,9.87716855663,10,10,4,persistent_high_model_risk|high_risk_with_card_diversity|high_risk_with_card_switching|high_risk_with_ip_rotation
cv_20260827_evt_0003776,cv_20260827_req_0001376,cv_20260827_dev_0001068,1,allow,0.231677629523,0.028783095908,0,0.028783095908,0,0,0,
cv_20260827_evt_0012190,cv_20260827_req_0005226,cv_20260827_dev_0001984,1,allow,0.151282839659,0.0193933904297,0,0.0193933904297,0,0,0,
cv_20260827_evt_0002780,cv_20260827_req_0001014,cv_20260827_dev_0000783,1,allow,0.149263642998,0.0193933904297,0,0.0193933904297,0,0,0,
cv_20260827_evt_0012192,cv_20260827_req_0005227,cv_20260827_dev_0001984,2,allow,0.552012379642,0.474791810673,0,0.49416642896,0,0,1,high_risk_with_card_diversity
cv_20260827_evt_0001695,cv_20260827_req_0000615,cv_20260827_dev_0000486,1,allow,0.230812345557,0.028783095908,0,0.028783095908,0,0,0,
cv_20260827_evt_0012194,cv_20260827_req_0005228,cv_20260827_dev_0001984,3,allow,0.960249914342,0.978665935245,0,1.4723353567,1,1,1,high_risk_with_card_diversity
cv_20260827_evt_0005615,cv_20260827_req_0002117,cv_20260827_dev_0001442,1,allow,0.113612813121,0.00548001258357,0,0.00548001258357,0,0,0,
cv_20260827_evt_0002811,cv_20260827_req_0001025,cv_20260827_dev_0000792,1,allow,0.223200261823,0.0259720802764,0,0.0259720802764,0,0,0,
cv_20260827_evt_0005437,cv_20260827_req_0002053,cv_20260827_dev_0001384,2,allow,0.0368097220168,0,0,0.00792569619294,0,0,0,successful_checkout_risk_reduction
cv_20260827_evt_0010039,cv_20260827_req_0004182,cv_20260827_dev_0001849,1,allow,0.255628780825,0.0690182853703,0,0.0690182853703,0,0,0,
cv_20260827_evt_0010041,cv_20260827_req_0004183,cv_20260827_dev_0001849,2,allow,0.34072684351,0.0930102271251,0,0.162016094874,0,0,1,high_risk_with_card_diversity
cv_20260827_evt_0010043,cv_20260827_req_0004184,cv_20260827_dev_0001849,3,allow,0.74481501735,0.474791810673,2,0.636789152662,0,0,2,high_risk_with_card_diversity|high_risk_with_card_switching
cv_20260827_evt_0010045,cv_20260827_req_0004185,cv_20260827_dev_0001849,4,allow,0.897492466203,0.920638394369,1,1.55737281369,1,1,2,high_risk_with_card_diversity|high_risk_with_card_switching
cv_20260827_evt_0010047,cv_20260827_req_0004186,cv_20260827_dev_0001849,5,allow,0.872435776948,0.920638394369,1,2.47782202347,2,2,3,high_risk_with_card_diversity|high_risk_with_card_switching|persistent_high_model_risk
cv_20260827_evt_0010049,cv_20260827_req_0004187,cv_20260827_dev_0001849,6,review,0.963493896238,0.987077221928,2,3.46476010038,3,3,4,persistent_high_model_risk|high_risk_with_card_diversity|high_risk_with_card_switching|high_risk_with_ip_rotation
cv_20260827_evt_0002350,cv_20260827_req_0000854,cv_20260827_dev_0000667,1,allow,0.186952350035,0.0250286633218,0,0.0250286633218,0,0,0,
cv_20260827_evt_0003918,cv_20260827_req_0001429,cv_20260827_dev_0001106,1,allow,0.251942403204,0.028783095908,0,0.028783095908,0,0,0,
cv_20260827_evt_0000948,cv_20260827_req_0000344,cv_20260827_dev_0000276,1,allow,0.199556197098,0.0250286633218,0,0.0250286633218,0,0,0,
cv_20260827_evt_0003280,cv_20260827_req_0001195,cv_20260827_dev_0000925,1,allow,0.225615110909,0.028783095908,0,0.028783095908,0,0,0,
cv_20260827_evt_0001862,cv_20260827_req_0000676,cv_20260827_dev_0000530,2,allow,0.0633515865597,0,0,0.00223945243361,0,0,3,successful_checkout_risk_reduction|high_risk_with_card_diversity|cross_session_card_diversity|high_risk_with_ip_rotation
cv_20260827_evt_0001864,cv_20260827_req_0000677,cv_20260827_dev_0000530,3,allow,0.288778064101,0.0930102271251,0,0.0952495512332,0,0,2,high_risk_with_card_diversity|cross_session_card_diversity
cv_20260827_evt_0006130,cv_20260827_req_0002310,cv_20260827_dev_0001592,1,allow,0.117506886272,0.00548001258357,0,0.00548001258357,0,0,0,
cv_20260827_evt_0009559,cv_20260827_req_0003949,cv_20260827_dev_0001821,1,allow,0.256457155866,0.0690182853703,0,0.0690182853703,0,0,0,
cv_20260827_evt_0009561,cv_20260827_req_0003950,cv_20260827_dev_0001821,2,allow,0.400890283299,0.0930102271251,0,0.148222577381,0,0,0,stable_retry_risk_reduction
cv_20260827_evt_0009563,cv_20260827_req_0003951,cv_20260827_dev_0001821,3,allow,0.871661081216,0.920638394369,0,1.06884823171,1,1,0,
cv_20260827_evt_0009565,cv_20260827_req_0003952,cv_20260827_dev_0001821,4,allow,0.901193295142,0.920638394369,0,1.98941557949,2,2,2,high_risk_with_card_diversity|persistent_high_model_risk
cv_20260827_evt_0009567,cv_20260827_req_0003953,cv_20260827_dev_0001821,5,review,0.933958025288,0.968667664035,0,2.95803536362,3,3,3,persistent_high_model_risk|high_risk_with_card_diversity|high_risk_with_ip_rotation
cv_20260827_evt_0009569,cv_20260827_req_0003954,cv_20260827_dev_0001821,6,block,0.956965863726,0.978665935245,1,3.93652501708,4,4,3,persistent_high_model_risk|high_risk_with_card_diversity|high_risk_with_ip_rotation
cv_20260827_evt_0009571,cv_20260827_req_0003955,cv_20260827_dev_0001821,7,block,0.965430640552,0.987077221928,0,4.9232864425,5,5,3,persistent_high_model_risk|high_risk_with_card_diversity|high_risk_with_ip_rotation
cv_20260827_evt_0002028,cv_20260827_req_0000738,cv_20260827_dev_0000578,1,allow,0.254762845794,0.0690182853703,0,0.0690182853703,0,0,0,
cv_20260827_evt_0002386,cv_20260827_req_0000868,cv_20260827_dev_0000675,1,allow,0.236354678318,0.028783095908,0,0.028783095908,0,0,0,
cv_20260827_evt_0005982,cv_20260827_req_0002257,cv_20260827_dev_0001547,1,allow,0.148905361627,0.0193933904297,0,0.0193933904297,0,0,0,
cv_20260827_evt_0005671,cv_20260827_req_0002138,cv_20260827_dev_0001459,1,allow,0.125239391692,0.00548001258357,0,0.00548001258357,0,0,0,
cv_20260827_evt_0005673,cv_20260827_req_0002139,cv_20260827_dev_0001459,2,allow,0.266865274251,0.0930102271251,0,0.0984892098011,0,0,1,high_risk_with_card_diversity
cv_20260827_evt_0000074,cv_20260827_req_0000027,cv_20260827_dev_0000024,1,allow,0.15888289397,0.0250286633218,0,0.0250286633218,0,0,0,
cv_20260827_evt_0003363,cv_20260827_req_0001224,cv_20260827_dev_0000947,1,allow,0.216136801874,0.0259720802764,0,0.0259720802764,0,0,0,
cv_20260827_evt_0001613,cv_20260827_req_0000585,cv_20260827_dev_0000462,1,allow,0.209202402741,0.0259720802764,0,0.0259720802764,0,0,0,
cv_20260827_evt_0001475,cv_20260827_req_0000536,cv_20260827_dev_0000423,1,allow,0.250306738872,0.028783095908,0,0.028783095908,0,0,0,
cv_20260827_evt_0001845,cv_20260827_req_0000670,cv_20260827_dev_0000525,1,allow,0.231309217775,0.028783095908,0,0.028783095908,0,0,0,
cv_20260827_evt_0001480,cv_20260827_req_0000538,cv_20260827_dev_0000424,1,allow,0.155559185328,0.0193933904297,0,0.0193933904297,0,0,0,
cv_20260827_evt_0005544,cv_20260827_req_0002091,cv_20260827_dev_0001418,1,allow,0.140701059352,0.0116357732377,0,0.0116357732377,0,0,0,
cv_20260827_evt_0001678,cv_20260827_req_0000608,cv_20260827_dev_0000479,1,allow,0.22219654453,0.0259720802764,0,0.0259720802764,0,0,0,
cv_20260827_evt_0002739,cv_20260827_req_0000999,cv_20260827_dev_0000772,1,allow,0.225832266809,0.028783095908,0,0.028783095908,0,0,0,
cv_20260827_evt_0000347,cv_20260827_req_0000127,cv_20260827_dev_0000099,1,allow,0.235086223823,0.028783095908,0,0.028783095908,0,0,0,
cv_20260827_evt_0002336,cv_20260827_req_0000849,cv_20260827_dev_0000662,2,allow,0.0828144775558,0.00548001258357,0,0.0184182197321,0,0,2,successful_checkout_risk_reduction|high_risk_with_card_diversity|cross_session_card_diversity
cv_20260827_evt_0002876,cv_20260827_req_0001048,cv_20260827_dev_0000812,2,allow,0.121873181528,0.00548001258357,0,0.0167726985379,0,0,3,successful_checkout_risk_reduction|high_risk_with_card_diversity|cross_session_card_diversity|high_risk_with_ip_rotation
cv_20260827_evt_0011093,cv_20260827_req_0004693,cv_20260827_dev_0001908,1,allow,0.253624339485,0.0690182853703,0,0.0690182853703,0,0,0,
cv_20260827_evt_0011095,cv_20260827_req_0004694,cv_20260827_dev_0001908,2,allow,0.391286432291,0.0930102271251,0,0.148223399996,0,0,0,stable_retry_risk_reduction
cv_20260827_evt_0011097,cv_20260827_req_0004695,cv_20260827_dev_0001908,3,allow,0.765174050953,0.474791810673,0,0.622996355701,0,0,0,
cv_20260827_evt_0011099,cv_20260827_req_0004696,cv_20260827_dev_0001908,4,allow,0.894941118403,0.920638394369,0,1.54357549076,1,1,1,high_risk_with_card_diversity
cv_20260827_evt_0011101,cv_20260827_req_0004697,cv_20260827_dev_0001908,5,allow,0.945428791551,0.96913954188,0,2.51244615956,2,2,3,high_risk_with_card_diversity|high_risk_with_ip_rotation|persistent_high_model_risk
cv_20260827_evt_0011103,cv_20260827_req_0004698,cv_20260827_dev_0001908,6,review,0.967903990687,0.987077221928,2,3.49931894843,3,3,3,persistent_high_model_risk|high_risk_with_card_diversity|high_risk_with_ip_rotation
cv_20260827_evt_0005767,cv_20260827_req_0002175,cv_20260827_dev_0001487,1,allow,0.130945494059,0.00820512873941,0,0.00820512873941,0,0,0,
cv_20260827_evt_0005612,cv_20260827_req_0002116,cv_20260827_dev_0001441,1,allow,0.128978630962,0.00820512873941,0,0.00820512873941,0,0,0,
cv_20260827_evt_0006248,cv_20260827_req_0002360,cv_20260827_dev_0001612,1,allow,0.155368861419,0.0193933904297,0,0.0193933904297,0,0,0,
cv_20260827_evt_0003814,cv_20260827_req_0001390,cv_20260827_dev_0001076,1,allow,0.145706092653,0.0193933904297,0,0.0193933904297,0,0,0,
cv_20260827_evt_0006250,cv_20260827_req_0002361,cv_20260827_dev_0001612,2,allow,0.381788824596,0.0930102271251,0,0.112402350696,0,0,1,high_risk_with_card_diversity
cv_20260827_evt_0005443,cv_20260827_req_0002055,cv_20260827_dev_0001386,1,allow,0.13914337561,0.0116357732377,0,0.0116357732377,0,0,0,
cv_20260827_evt_0006252,cv_20260827_req_0002362,cv_20260827_dev_0001612,3,allow,0.639727407153,0.474791810673,3,0.587187205212,0,0,2,high_risk_with_card_diversity|high_risk_with_card_switching
cv_20260827_evt_0005237,cv_20260827_req_0001979,cv_20260827_dev_0001332,1,allow,0.152322728781,0.0193933904297,0,0.0193933904297,0,0,0,
cv_20260827_evt_0001534,cv_20260827_req_0000557,cv_20260827_dev_0000440,1,allow,0.190759014973,0.0250286633218,0,0.0250286633218,0,0,0,
cv_20260827_evt_0000762,cv_20260827_req_0000277,cv_20260827_dev_0000221,1,allow,0.212510316144,0.0259720802764,0,0.0259720802764,0,0,0,
cv_20260827_evt_0000325,cv_20260827_req_0000119,cv_20260827_dev_0000093,1,allow,0.231456533309,0.028783095908,0,0.028783095908,0,0,0,
cv_20260827_evt_0000833,cv_20260827_req_0000303,cv_20260827_dev_0000242,1,allow,0.259270847699,0.0930102271251,0,0.0930102271251,0,0,0,
cv_20260827_evt_0004338,cv_20260827_req_0001588,cv_20260827_dev_0001211,4,allow,0.467228625803,0.0930102271251,1,0.442603322416,0,0,4,successful_checkout_risk_reduction|high_risk_with_card_diversity|high_risk_with_card_switching|cross_session_card_diversity|high_risk_with_ip_rotation
cv_20260827_evt_0004340,cv_20260827_req_0001589,cv_20260827_dev_0001211,5,allow,0.544670147688,0.474791810673,1,0.828866352581,0,0,4,stable_retry_risk_reduction|high_risk_with_card_diversity|high_risk_with_card_switching|cross_session_card_diversity|high_risk_with_ip_rotation
cv_20260827_evt_0004342,cv_20260827_req_0001590,cv_20260827_dev_0001211,6,allow,0.620595009526,0.474791810673,1,1.13784385641,0,0,3,stable_retry_risk_reduction|high_risk_with_card_diversity|cross_session_card_diversity|high_risk_with_ip_rotation
cv_20260827_evt_0004344,cv_20260827_req_0001591,cv_20260827_dev_0001211,7,allow,0.567451637177,0.474791810673,1,1.61253786706,0,0,2,high_risk_with_card_diversity|cross_session_card_diversity
cv_20260827_evt_0005880,cv_20260827_req_0002217,cv_20260827_dev_0001519,3,allow,0.0587011521265,0,0,0.00303723386429,0,0,2,high_risk_with_card_diversity|cross_session_card_diversity
cv_20260827_evt_0005248,cv_20260827_req_0001983,cv_20260827_dev_0001335,1,allow,0.12455476999,0.00548001258357,0,0.00548001258357,0,0,0,
cv_20260827_evt_0001030,cv_20260827_req_0000374,cv_20260827_dev_0000299,1,allow,0.203975378067,0.0250286633218,0,0.0250286633218,0,0,0,
cv_20260827_evt_0000578,cv_20260827_req_0000211,cv_20260827_dev_0000168,1,allow,0.229912990958,0.028783095908,0,0.028783095908,0,0,0,
cv_20260827_evt_0012061,cv_20260827_req_0005163,cv_20260827_dev_0001975,6,review,0.83211619583,0.690081906596,3,2.69951907079,3,3,3,persistent_high_model_risk|high_risk_with_card_diversity|cross_session_card_diversity
cv_20260827_evt_0005951,cv_20260827_req_0002245,cv_20260827_dev_0001539,1,allow,0.136181300795,0.00820512873941,0,0.00820512873941,0,0,0,
cv_20260827_evt_0012063,cv_20260827_req_0005164,cv_20260827_dev_0001975,7,block,0.923954993249,0.920638394369,3,3.61944906513,4,4,3,persistent_high_model_risk|high_risk_with_card_diversity|cross_session_card_diversity
cv_20260827_evt_0012065,cv_20260827_req_0005165,cv_20260827_dev_0001975,8,block,0.966336375828,0.987077221928,3,4.60393046631,5,5,3,persistent_high_model_risk|high_risk_with_card_diversity|cross_session_card_diversity
cv_20260827_evt_0005996,cv_20260827_req_0002262,cv_20260827_dev_0001551,1,allow,0.134919506931,0.00820512873941,0,0.00820512873941,0,0,0,
cv_20260827_evt_0005639,cv_20260827_req_0002126,cv_20260827_dev_0001450,1,allow,0.156104015988,0.0193933904297,0,0.0193933904297,0,0,0,
cv_20260827_evt_0012431,cv_20260827_req_0005342,cv_20260827_dev_0001999,6,review,0.791262003542,0.559667304185,2,1.81030775464,3,3,1,persistent_high_model_risk
cv_20260827_evt_0011375,cv_20260827_req_0004830,cv_20260827_dev_0001925,3,allow,0.629542024777,0.474791810673,1,0.88772470699,0,0,0,
cv_20260827_evt_0012433,cv_20260827_req_0005343,cv_20260827_dev_0001999,7,review,0.917368453079,0.920638394369,2,2.36821087554,4,4,1,stable_retry_risk_reduction|persistent_high_model_risk
cv_20260827_evt_0004839,cv_20260827_req_0001811,cv_20260827_dev_0001268,1,allow,0.252137596604,0.028783095908,0,0.028783095908,0,0,0,
cv_20260827_evt_0004841,cv_20260827_req_0001812,cv_20260827_dev_0001268,2,allow,0.44504251358,0.0930102271251,0,0.121792663288,0,0,0,
cv_20260827_evt_0004843,cv_20260827_req_0001813,cv_20260827_dev_0001268,3,allow,0.794598657351,0.559667304185,1,0.681456198771,1,1,0,
cv_20260827_evt_0011377,cv_20260827_req_0004831,cv_20260827_dev_0001925,4,allow,0.884734397584,0.920638394369,1,1.80717150832,1,1,0,
cv_20260827_evt_0011379,cv_20260827_req_0004832,cv_20260827_dev_0001925,5,allow,0.966915372625,0.987077221928,1,2.7937496503,2,2,3,high_risk_with_card_diversity|cross_session_card_diversity|persistent_high_model_risk
cv_20260827_evt_0002494,cv_20260827_req_0000908,cv_20260827_dev_0000706,1,allow,0.228961089892,0.028783095908,0,0.028783095908,0,0,0,
cv_20260827_evt_0000372,cv_20260827_req_0000136,cv_20260827_dev_0000107,2,allow,0.545768376398,0.474791810673,0,0.493389378802,0,0,1,high_risk_with_ip_rotation
cv_20260827_evt_0001769,cv_20260827_req_0000642,cv_20260827_dev_0000506,1,allow,0.182029832892,0.0250286633218,0,0.0250286633218,0,0,0,
cv_20260827_evt_0005421,cv_20260827_req_0002047,cv_20260827_dev_0001381,2,allow,0.318262023671,0.0930102271251,0,0.108918326414,0,0,3,high_risk_with_card_diversity|cross_session_card_diversity|high_risk_with_ip_rotation
cv_20260827_evt_0001806,cv_20260827_req_0000656,cv_20260827_dev_0000514,1,allow,0.209510904135,0.0259720802764,0,0.0259720802764,0,0,0,
cv_20260827_evt_0000389,cv_20260827_req_0000143,cv_20260827_dev_0000114,1,allow,0.240642130243,0.028783095908,0,0.028783095908,0,0,0,
cv_20260827_evt_0010254,cv_20260827_req_0004286,cv_20260827_dev_0001861,6,review,0.894888246241,0.920638394369,1,3.08310690137,4,4,3,persistent_high_model_risk|high_risk_with_card_diversity|cross_session_card_diversity
cv_20260827_evt_0010256,cv_20260827_req_0004287,cv_20260827_dev_0001861,7,block,0.950168216365,0.978665935245,0,4.06132058474,5,5,3,persistent_high_model_risk|high_risk_with_card_diversity|cross_session_card_diversity
cv_20260827_evt_0010258,cv_20260827_req_0004288,cv_20260827_dev_0001861,8,block,0.968885162192,0.987077221928,0,5.04829540709,6,6,3,persistent_high_model_risk|high_risk_with_card_diversity|cross_session_card_diversity
cv_20260827_evt_0010260,cv_20260827_req_0004289,cv_20260827_dev_0001861,9,block,0.968227153748,0.987077221928,0,6.03511806316,7,7,3,persistent_high_model_risk|high_risk_with_card_diversity|cross_session_card_diversity
cv_20260827_evt_0010262,cv_20260827_req_0004290,cv_20260827_dev_0001861,10,block,0.969976052831,0.987077221928,0,7.02144141099,8,8,3,persistent_high_model_risk|high_risk_with_card_diversity|cross_session_card_diversity
cv_20260827_evt_0010264,cv_20260827_req_0004291,cv_20260827_dev_0001861,11,block,0.975077777017,1,0,8.02110344049,9,9,3,persistent_high_model_risk|high_risk_with_card_diversity|cross_session_card_diversity
cv_20260827_evt_0010266,cv_20260827_req_0004292,cv_20260827_dev_0001861,12,block,0.961622983187,0.987077221928,0,9.00659965671,10,10,4,persistent_high_model_risk|high_risk_with_card_diversity|cross_session_card_diversity|high_risk_with_ip_rotation
cv_20260827_evt_0010268,cv_20260827_req_0004293,cv_20260827_dev_0001861,13,block,0.973906282149,1,0,10.0055778115,11,11,4,persistent_high_model_risk|high_risk_with_card_diversity|cross_session_card_diversity|high_risk_with_ip_rotation
cv_20260827_evt_0005163,cv_20260827_req_0001952,cv_20260827_dev_0001311,1,allow,0.15637701403,0.0193933904297,0,0.0193933904297,0,0,0,
cv_20260827_evt_0003970,cv_20260827_req_0001447,cv_20260827_dev_0001120,2,allow,0.0655230711909,0,0,0.0106147392601,0,0,1,successful_checkout_risk_reduction|high_risk_with_ip_rotation
cv_20260827_evt_0004260,cv_20260827_req_0001554,cv_20260827_dev_0001203,1,allow,0.248020997094,0.028783095908,0,0.028783095908,0,0,0,
cv_20260827_evt_0004262,cv_20260827_req_0001555,cv_20260827_dev_0001203,2,allow,0.487550537778,0.284737559009,0,0.313520456991,0,0,1,high_risk_with_card_diversity
cv_20260827_evt_0004264,cv_20260827_req_0001556,cv_20260827_dev_0001203,3,allow,0.834080810363,0.690081906596,2,1.00359912974,1,1,2,high_risk_with_card_diversity|high_risk_with_card_switching
cv_20260827_evt_0003773,cv_20260827_req_0001375,cv_20260827_dev_0001067,1,allow,0.220839520761,0.0259720802764,0,0.0259720802764,0,0,0,
cv_20260827_evt_0001965,cv_20260827_req_0000714,cv_20260827_dev_0000560,2,allow,0.0853456514098,0.00548001258357,0,0.0198182382529,0,0,0,successful_checkout_risk_reduction
cv_20260827_evt_0001967,cv_20260827_req_0000715,cv_20260827_dev_0000560,3,allow,0.201022555147,0.0250286633218,0,0.0448459249303,0,0,2,high_risk_with_card_diversity|cross_session_card_diversity
cv_20260827_evt_0003127,cv_20260827_req_0001139,cv_20260827_dev_0000885,1,allow,0.244523054234,0.028783095908,0,0.028783095908,0,0,0,
cv_20260827_evt_0000071,cv_20260827_req_0000026,cv_20260827_dev_0000023,1,allow,0.156568343982,0.0193933904297,0,0.0193933904297,0,0,0,
cv_20260827_evt_0001302,cv_20260827_req_0000472,cv_20260827_dev_0000378,1,allow,0.251240537172,0.028783095908,0,0.028783095908,0,0,0,
cv_20260827_evt_0000242,cv_20260827_req_0000089,cv_20260827_dev_0000070,1,allow,0.237665368412,0.028783095908,0,0.028783095908,0,0,0,
cv_20260827_evt_0004579,cv_20260827_req_0001695,cv_20260827_dev_0001238,4,allow,0.227171898275,0.028783095908,0,0.296296358003,0,0,1,successful_checkout_risk_reduction|high_risk_with_ip_rotation
cv_20260827_evt_0004581,cv_20260827_req_0001696,cv_20260827_dev_0001238,5,allow,0.267748705107,0.0930102271251,0,0.389279420105,0,0,2,high_risk_with_card_diversity|cross_session_card_diversity
cv_20260827_evt_0004583,cv_20260827_req_0001697,cv_20260827_dev_0001238,6,allow,0.678870591437,0.474791810673,3,0.864032864279,0,0,3,high_risk_with_card_diversity|high_risk_with_card_switching|cross_session_card_diversity
cv_20260827_evt_0002471,cv_20260827_req_0000900,cv_20260827_dev_0000700,1,allow,0.204412840611,0.0250286633218,0,0.0250286633218,0,0,0,
cv_20260827_evt_0000481,cv_20260827_req_0000176,cv_20260827_dev_0000141,1,allow,0.227902626993,0.028783095908,0,0.028783095908,0,0,0,
cv_20260827_evt_0000251,cv_20260827_req_0000092,cv_20260827_dev_0000073,1,allow,0.236803494848,0.028783095908,0,0.028783095908,0,0,0,
cv_20260827_evt_0005124,cv_20260827_req_0001938,cv_20260827_dev_0001301,1,allow,0.11084814122,0.00548001258357,0,0.00548001258357,0,0,0,
cv_20260827_evt_0005126,cv_20260827_req_0001939,cv_20260827_dev_0001301,2,allow,0.265629381604,0.0930102271251,0,0.0984899759334,0,0,1,high_risk_with_card_diversity
cv_20260827_evt_0011172,cv_20260827_req_0004732,cv_20260827_dev_0001912,7,block,0.849810551927,0.834086215288,2,3.83338859475,5,5,4,persistent_high_model_risk|high_risk_with_card_diversity|cross_session_card_diversity|high_risk_with_ip_rotation
cv_20260827_evt_0011174,cv_20260827_req_0004733,cv_20260827_dev_0001912,8,block,0.93374412529,0.968667664035,2,4.79908749942,6,6,4,persistent_high_model_risk|high_risk_with_card_diversity|cross_session_card_diversity|high_risk_with_ip_rotation
cv_20260827_evt_0000385,cv_20260827_req_0000141,cv_20260827_dev_0000112,1,allow,0.179027594935,0.0250286633218,0,0.0250286633218,0,0,0,
cv_20260827_evt_0005644,cv_20260827_req_0002128,cv_20260827_dev_0001452,1,allow,0.121269460687,0.00548001258357,0,0.00548001258357,0,0,0,
cv_20260827_evt_0003787,cv_20260827_req_0001380,cv_20260827_dev_0001070,1,allow,0.251084743497,0.028783095908,0,0.028783095908,0,0,0,
cv_20260827_evt_0007713,cv_20260827_req_0003046,cv_20260827_dev_0001737,1,allow,0.255865280038,0.0690182853703,0,0.0690182853703,0,0,0,
cv_20260827_evt_0007715,cv_20260827_req_0003047,cv_20260827_dev_0001737,2,allow,0.511312828286,0.284737559009,0,0.339951491227,0,0,0,stable_retry_risk_reduction
cv_20260827_evt_0007717,cv_20260827_req_0003048,cv_20260827_dev_0001737,3,allow,0.776222342002,0.474791810673,1,0.814735120178,0,0,0,
cv_20260827_evt_0007719,cv_20260827_req_0003049,cv_20260827_dev_0001737,4,allow,0.846569450842,0.834086215288,2,1.64880639562,1,1,0,
cv_20260827_evt_0007721,cv_20260827_req_0003050,cv_20260827_dev_0001737,5,allow,0.905358703086,0.920638394369,2,2.56941644535,2,2,2,high_risk_with_ip_rotation|persistent_high_model_risk
cv_20260827_evt_0007723,cv_20260827_req_0003051,cv_20260827_dev_0001737,6,review,0.952488014771,0.978665935245,3,3.03417317791,3,3,2,stable_retry_risk_reduction|persistent_high_model_risk|high_risk_with_ip_rotation
cv_20260827_evt_0007725,cv_20260827_req_0003052,cv_20260827_dev_0001737,7,block,0.946704266798,0.978665935245,3,3.40594049434,4,4,2,stable_retry_risk_reduction|persistent_high_model_risk|high_risk_with_ip_rotation
cv_20260827_evt_0007727,cv_20260827_req_0003053,cv_20260827_dev_0001737,8,block,0.975385617244,1,3,4.40586632924,5,5,3,persistent_high_model_risk|high_risk_with_card_diversity|high_risk_with_ip_rotation
cv_20260827_evt_0006057,cv_20260827_req_0002284,cv_20260827_dev_0001569,1,allow,0.129900477167,0.00820512873941,0,0.00820512873941,0,0,0,
cv_20260827_evt_0005227,cv_20260827_req_0001975,cv_20260827_dev_0001329,2,allow,0.0616011229476,0,0,0.00335327813768,0,0,2,successful_checkout_risk_reduction|high_risk_with_card_diversity|cross_session_card_diversity
cv_20260827_evt_0005039,cv_20260827_req_0001900,cv_20260827_dev_0001290,1,allow,0.239546443922,0.028783095908,0,0.028783095908,0,0,0,
cv_20260827_evt_0005041,cv_20260827_req_0001901,cv_20260827_dev_0001290,2,allow,0.468206873375,0.0930102271251,0,0.12179173967,0,0,0,
cv_20260827_evt_0005043,cv_20260827_req_0001902,cv_20260827_dev_0001290,3,allow,0.758871504751,0.474791810673,1,0.572220512544,0,0,0,stable_retry_risk_reduction
cv_20260827_evt_0000898,cv_20260827_req_0000326,cv_20260827_dev_0000263,1,allow,0.252020468537,0.028783095908,0,0.028783095908,0,0,0,
cv_20260827_evt_0005969,cv_20260827_req_0002252,cv_20260827_dev_0001545,1,allow,0.140913898311,0.0116357732377,0,0.0116357732377,0,0,0,
cv_20260827_evt_0009601,cv_20260827_req_0003969,cv_20260827_dev_0001824,1,allow,0.22137447752,0.0259720802764,0,0.0259720802764,0,0,0,
cv_20260827_evt_0009603,cv_20260827_req_0003970,cv_20260827_dev_0001824,2,allow,0.520705783927,0.304785409055,0,0.330756536837,0,0,0,
cv_20260827_evt_0009605,cv_20260827_req_0003971,cv_20260827_dev_0001824,3,allow,0.804635000332,0.561652423136,0,0.892364232459,1,1,0,
cv_20260827_evt_0009607,cv_20260827_req_0003972,cv_20260827_dev_0001824,4,allow,0.872502664548,0.920638394369,0,1.81294740177,2,2,0,
cv_20260827_evt_0000350,cv_20260827_req_0000128,cv_20260827_dev_0000100,1,allow,0.250190176782,0.028783095908,0,0.028783095908,0,0,0,
cv_20260827_evt_0009609,cv_20260827_req_0003973,cv_20260827_dev_0001824,5,review,0.9077114265,0.920638394369,0,2.73344243522,3,3,2,persistent_high_model_risk|high_risk_with_card_diversity
cv_20260827_evt_0005005,cv_20260827_req_0001885,cv_20260827_dev_0001285,4,allow,0.670624874148,0.474791810673,0,0.916012460261,0,0,2,high_risk_with_card_diversity|cross_session_card_diversity
cv_20260827_evt_0005007,cv_20260827_req_0001886,cv_20260827_dev_0001285,5,allow,0.817194278009,0.627563763201,0,1.5435436796,1,1,2,high_risk_with_card_diversity|cross_session_card_diversity
cv_20260827_evt_0005009,cv_20260827_req_0001887,cv_20260827_dev_0001285,6,allow,0.966970302953,0.987077221928,3,2.53050238178,2,2,4,high_risk_with_card_diversity|high_risk_with_card_switching|cross_session_card_diversity|persistent_high_model_risk
cv_20260827_evt_0009611,cv_20260827_req_0003974,cv_20260827_dev_0001824,6,review,0.926136112012,0.920638394369,3,3.65352639179,4,4,3,persistent_high_model_risk|high_risk_with_card_diversity|high_risk_with_card_switching
cv_20260827_evt_0002839,cv_20260827_req_0001035,cv_20260827_dev_0000801,1,allow,0.217966776169,0.0259720802764,0,0.0259720802764,0,0,0,
cv_20260827_evt_0009613,cv_20260827_req_0003975,cv_20260827_dev_0001824,7,block,0.981429098846,1,2,4.65287743011,5,5,4,persistent_high_model_risk|high_risk_with_card_diversity|high_risk_with_card_switching|high_risk_with_ip_rotation
cv_20260827_evt_0009615,cv_20260827_req_0003976,cv_20260827_dev_0001824,8,block,0.987660483606,1,2,5.65223756759,6,6,4,persistent_high_model_risk|high_risk_with_card_diversity|high_risk_with_card_switching|high_risk_with_ip_rotation
cv_20260827_evt_0004477,cv_20260827_req_0001650,cv_20260827_dev_0001225,1,allow,0.207018253201,0.0250286633218,0,0.0250286633218,0,0,0,
cv_20260827_evt_0009617,cv_20260827_req_0003977,cv_20260827_dev_0001824,9,block,0.989886517767,1,2,6.65116233885,7,7,4,persistent_high_model_risk|high_risk_with_card_diversity|high_risk_with_card_switching|high_risk_with_ip_rotation
cv_20260827_evt_0004479,cv_20260827_req_0001651,cv_20260827_dev_0001225,2,allow,0.426092326624,0.0930102271251,0,0.118037341517,0,0,0,
cv_20260827_evt_0004481,cv_20260827_req_0001652,cv_20260827_dev_0001225,3,allow,0.753808228206,0.474791810673,1,0.592825770243,0,0,0,
cv_20260827_evt_0005717,cv_20260827_req_0002156,cv_20260827_dev_0001472,2,allow,0.0571131867856,0,0,0.00579695518168,0,0,3,successful_checkout_risk_reduction|high_risk_with_card_diversity|cross_session_card_diversity|high_risk_with_ip_rotation
cv_20260827_evt_0002302,cv_20260827_req_0000837,cv_20260827_dev_0000653,1,allow,0.119246730271,0.00548001258357,0,0.00548001258357,0,0,0,
cv_20260827_evt_0002304,cv_20260827_req_0000838,cv_20260827_dev_0000653,2,allow,0.379579238994,0.0930102271251,0,0.0984891784045,0,0,0,
cv_20260827_evt_0008436,cv_20260827_req_0003401,cv_20260827_dev_0001770,1,allow,0.261784243561,0.0930102271251,0,0.0930102271251,0,0,0,
cv_20260827_evt_0008438,cv_20260827_req_0003402,cv_20260827_dev_0001770,2,allow,0.772767258353,0.474791810673,1,0.567801718008,0,0,1,high_risk_with_card_diversity
cv_20260827_evt_0008440,cv_20260827_req_0003403,cv_20260827_dev_0001770,3,allow,0.849597263459,0.834086215288,0,1.40188728255,1,1,0,
cv_20260827_evt_0008442,cv_20260827_req_0003404,cv_20260827_dev_0001770,4,allow,0.956256886219,0.978665935245,4,2.38055161113,2,2,3,high_risk_with_card_diversity|high_risk_with_card_switching|persistent_high_model_risk
cv_20260827_evt_0008444,cv_20260827_req_0003405,cv_20260827_dev_0001770,5,review,0.982111147924,1,4,3.38054069797,3,3,4,persistent_high_model_risk|high_risk_with_card_diversity|high_risk_with_card_switching|high_risk_with_ip_rotation
cv_20260827_evt_0008446,cv_20260827_req_0003406,cv_20260827_dev_0001770,6,block,0.982022323928,1,4,4.38053682362,4,4,4,persistent_high_model_risk|high_risk_with_card_diversity|high_risk_with_card_switching|high_risk_with_ip_rotation
cv_20260827_evt_0008448,cv_20260827_req_0003407,cv_20260827_dev_0001770,7,block,0.996909735431,1,5,5.38052678277,5,5,4,persistent_high_model_risk|high_risk_with_card_diversity|high_risk_with_card_switching|high_risk_with_ip_rotation
cv_20260827_evt_0008450,cv_20260827_req_0003408,cv_20260827_dev_0001770,8,block,0.993578224343,1,5,6.38050211684,6,6,4,persistent_high_model_risk|high_risk_with_card_diversity|high_risk_with_card_switching|high_risk_with_ip_rotation
cv_20260827_evt_0008452,cv_20260827_req_0003409,cv_20260827_dev_0001770,9,block,0.997262145801,1,5,7.38048017924,7,7,4,persistent_high_model_risk|high_risk_with_card_diversity|high_risk_with_card_switching|high_risk_with_ip_rotation
cv_20260827_evt_0005135,cv_20260827_req_0001942,cv_20260827_dev_0001304,1,allow,0.13082770935,0.00820512873941,0,0.00820512873941,0,0,0,
cv_20260827_evt_0002709,cv_20260827_req_0000989,cv_20260827_dev_0000763,1,allow,0.176906938514,0.0250286633218,0,0.0250286633218,0,0,0,
cv_20260827_evt_0010541,cv_20260827_req_0004425,cv_20260827_dev_0001878,1,allow,0.247249351582,0.028783095908,0,0.028783095908,0,0,0,
cv_20260827_evt_0010543,cv_20260827_req_0004426,cv_20260827_dev_0001878,2,allow,0.51053418051,0.284737559009,0,0.313514750735,0,0,0,
cv_20260827_evt_0010545,cv_20260827_req_0004427,cv_20260827_dev_0001878,3,allow,0.825596667555,0.627563763201,0,0.941046536804,1,1,0,
cv_20260827_evt_0010547,cv_20260827_req_0004428,cv_20260827_dev_0001878,4,allow,0.874294025651,0.920638394369,0,1.86165904725,2,2,2,high_risk_with_card_diversity|persistent_high_model_risk
cv_20260827_evt_0010549,cv_20260827_req_0004429,cv_20260827_dev_0001878,5,review,0.902850003785,0.920638394369,0,2.78209689365,3,3,2,persistent_high_model_risk|high_risk_with_card_diversity
cv_20260827_evt_0010551,cv_20260827_req_0004430,cv_20260827_dev_0001878,6,block,0.960538852118,0.985206826563,1,3.76677766804,4,4,2,persistent_high_model_risk|high_risk_with_card_diversity
cv_20260827_evt_0005755,cv_20260827_req_0002170,cv_20260827_dev_0001482,1,allow,0.143121859968,0.0116357732377,0,0.0116357732377,0,0,0,
cv_20260827_evt_0010553,cv_20260827_req_0004431,cv_20260827_dev_0001878,7,block,0.954644012948,0.978665935245,1,4.74488674938,5,5,3,persistent_high_model_risk|high_risk_with_card_diversity|high_risk_with_ip_rotation
cv_20260827_evt_0010555,cv_20260827_req_0004432,cv_20260827_dev_0001878,8,block,0.938335851405,0.968667664035,1,5.7128910233,6,6,3,persistent_high_model_risk|high_risk_with_card_diversity|high_risk_with_ip_rotation
cv_20260827_evt_0011386,cv_20260827_req_0004835,cv_20260827_dev_0001926,1,allow,0.221089051903,0.0259720802764,0,0.0259720802764,0,0,0,
cv_20260827_evt_0011388,cv_20260827_req_0004836,cv_20260827_dev_0001926,2,allow,0.622683559036,0.474791810673,0,0.500739702466,0,0,1,high_risk_with_card_diversity
cv_20260827_evt_0003337,cv_20260827_req_0001215,cv_20260827_dev_0000941,1,allow,0.223577325213,0.0259720802764,0,0.0259720802764,0,0,0,
cv_20260827_evt_0001570,cv_20260827_req_0000570,cv_20260827_dev_0000449,1,allow,0.221089051903,0.0259720802764,0,0.0259720802764,0,0,0,
cv_20260827_evt_0000702,cv_20260827_req_0000256,cv_20260827_dev_0000203,1,allow,0.239357878272,0.028783095908,0,0.028783095908,0,0,0,
cv_20260827_evt_0010859,cv_20260827_req_0004580,cv_20260827_dev_0001896,1,allow,0.257485196475,0.0831159150205,0,0.0831159150205,0,0,0,
cv_20260827_evt_0010861,cv_20260827_req_0004581,cv_20260827_dev_0001896,2,allow,0.525762914502,0.316761862379,0,0.399863966252,0,0,0,
cv_20260827_evt_0010863,cv_20260827_req_0004582,cv_20260827_dev_0001896,3,allow,0.819158114425,0.627563763201,0,1.02738327927,1,1,1,high_risk_with_card_diversity
cv_20260827_evt_0010865,cv_20260827_req_0004583,cv_20260827_dev_0001896,4,allow,0.94416982634,0.968667664035,1,1.99592849476,2,2,2,high_risk_with_card_diversity|persistent_high_model_risk
cv_20260827_evt_0010867,cv_20260827_req_0004584,cv_20260827_dev_0001896,5,review,0.968686361927,0.987077221928,3,2.98287075951,3,3,4,persistent_high_model_risk|high_risk_with_card_diversity|high_risk_with_card_switching|high_risk_with_ip_rotation
cv_20260827_evt_0010869,cv_20260827_req_0004585,cv_20260827_dev_0001896,6,block,0.979608796585,1,3,3.98241953862,4,4,4,persistent_high_model_risk|high_risk_with_card_diversity|high_risk_with_card_switching|high_risk_with_ip_rotation
cv_20260827_evt_0010871,cv_20260827_req_0004586,cv_20260827_dev_0001896,7,block,0.975849443562,1,3,4.98220046505,5,5,4,persistent_high_model_risk|high_risk_with_card_diversity|high_risk_with_card_switching|high_risk_with_ip_rotation
cv_20260827_evt_0010873,cv_20260827_req_0004587,cv_20260827_dev_0001896,8,block,0.986086934694,1,3,5.981869297,6,6,4,persistent_high_model_risk|high_risk_with_card_diversity|high_risk_with_card_switching|high_risk_with_ip_rotation
cv_20260827_evt_0010875,cv_20260827_req_0004588,cv_20260827_dev_0001896,9,block,0.989148347658,1,3,6.98140312886,7,7,4,persistent_high_model_risk|high_risk_with_card_diversity|high_risk_with_card_switching|high_risk_with_ip_rotation
cv_20260827_evt_0002353,cv_20260827_req_0000855,cv_20260827_dev_0000667,2,allow,0.153889031096,0.0193933904297,0,0.0318633557556,0,0,1,successful_checkout_risk_reduction|high_risk_with_ip_rotation
cv_20260827_evt_0003921,cv_20260827_req_0001430,cv_20260827_dev_0001106,2,allow,0.0562369329455,0,0,0.0143370425633,0,0,2,successful_checkout_risk_reduction|high_risk_with_card_diversity|cross_session_card_diversity
cv_20260827_evt_0002665,cv_20260827_req_0000972,cv_20260827_dev_0000752,1,allow,0.256654647004,0.0690182853703,0,0.0690182853703,0,0,0,
cv_20260827_evt_0000615,cv_20260827_req_0000225,cv_20260827_dev_0000179,2,allow,0.373467546206,0.0930102271251,0,0.111606282005,0,0,2,high_risk_with_card_diversity|cross_session_card_diversity
cv_20260827_evt_0005386,cv_20260827_req_0002033,cv_20260827_dev_0001372,1,allow,0.118949677183,0.00548001258357,0,0.00548001258357,0,0,0,
cv_20260827_evt_0000722,cv_20260827_req_0000263,cv_20260827_dev_0000209,1,allow,0.203236643943,0.0250286633218,0,0.0250286633218,0,0,0,
cv_20260827_evt_0003283,cv_20260827_req_0001196,cv_20260827_dev_0000926,1,allow,0.233007302902,0.028783095908,0,0.028783095908,0,0,0,
cv_20260827_evt_0005898,cv_20260827_req_0002225,cv_20260827_dev_0001525,1,allow,0.143656012735,0.0116357732377,0,0.0116357732377,0,0,0,
cv_20260827_evt_0000514,cv_20260827_req_0000188,cv_20260827_dev_0000150,1,allow,0.203286797052,0.0250286633218,0,0.0250286633218,0,0,0,
cv_20260827_evt_0000315,cv_20260827_req_0000115,cv_20260827_dev_0000090,1,allow,0.236616416552,0.028783095908,0,0.028783095908,0,0,0,
cv_20260827_evt_0002630,cv_20260827_req_0000959,cv_20260827_dev_0000743,2,allow,0.0725255740674,0,0,0.0106142891534,0,0,2,successful_checkout_risk_reduction|high_risk_with_card_diversity|cross_session_card_diversity
cv_20260827_evt_0002632,cv_20260827_req_0000960,cv_20260827_dev_0000743,3,allow,0.136125489948,0.00820512873941,0,0.0188191502708,0,0,2,high_risk_with_card_diversity|cross_session_card_diversity
cv_20260827_evt_0005984,cv_20260827_req_0002258,cv_20260827_dev_0001547,2,allow,0.406325791013,0.0930102271251,0,0.110575662259,0,0,1,high_risk_with_ip_rotation
cv_20260827_evt_0003050,cv_20260827_req_0001112,cv_20260827_dev_0000862,1,allow,0.207018253201,0.0250286633218,0,0.0250286633218,0,0,0,
cv_20260827_evt_0006028,cv_20260827_req_0002273,cv_20260827_dev_0001559,1,allow,0.0896282035073,0.00548001258357,0,0.00548001258357,0,0,0,
cv_20260827_evt_0003371,cv_20260827_req_0001227,cv_20260827_dev_0000950,1,allow,0.193798103708,0.0250286633218,0,0.0250286633218,0,0,0,
cv_20260827_evt_0002855,cv_20260827_req_0001041,cv_20260827_dev_0000806,1,allow,0.163913818603,0.0250286633218,0,0.0250286633218,0,0,0,
cv_20260827_evt_0002257,cv_20260827_req_0000821,cv_20260827_dev_0000643,1,allow,0.198895453958,0.0250286633218,0,0.0250286633218,0,0,0,
cv_20260827_evt_0011729,cv_20260827_req_0005003,cv_20260827_dev_0001951,3,allow,0.668476610678,0.474791810673,0,1.30751903107,1,0,2,high_risk_with_card_diversity|cross_session_card_diversity
cv_20260827_evt_0005547,cv_20260827_req_0002092,cv_20260827_dev_0001418,2,allow,0.0425248390492,0,0,0.00579608491508,0,0,0,successful_checkout_risk_reduction
cv_20260827_evt_0002742,cv_20260827_req_0001000,cv_20260827_dev_0000772,2,allow,0.0389719527813,0,0,0.0143380942083,0,0,2,successful_checkout_risk_reduction|high_risk_with_card_diversity|cross_session_card_diversity
cv_20260827_evt_0002415,cv_20260827_req_0000879,cv_20260827_dev_0000685,1,allow,0.146274102432,0.0193933904297,0,0.0193933904297,0,0,0,
cv_20260827_evt_0004080,cv_20260827_req_0001489,cv_20260827_dev_0001153,1,allow,0.243644259991,0.028783095908,0,0.028783095908,0,0,0,
cv_20260827_evt_0011731,cv_20260827_req_0005004,cv_20260827_dev_0001951,4,allow,0.937852440005,0.968667664035,0,2.0133386844,2,1,3,stable_retry_risk_reduction|high_risk_with_card_diversity|cross_session_card_diversity|persistent_high_model_risk
cv_20260827_evt_0000087,cv_20260827_req_0000032,cv_20260827_dev_0000029,1,allow,0.217455214231,0.0259720802764,0,0.0259720802764,0,0,0,
cv_20260827_evt_0000486,cv_20260827_req_0000178,cv_20260827_dev_0000142,2,allow,0.323310065166,0.0930102271251,0,0.108917779467,0,0,0,
cv_20260827_evt_0003275,cv_20260827_req_0001193,cv_20260827_dev_0000923,1,allow,0.224423399695,0.0259720802764,0,0.0259720802764,0,0,0,
cv_20260827_evt_0009965,cv_20260827_req_0004147,cv_20260827_dev_0001844,7,block,0.874989741482,0.920638394369,0,3.75113391393,5,5,4,persistent_high_model_risk|high_risk_with_card_diversity|cross_session_card_diversity|high_risk_with_ip_rotation
cv_20260827_evt_0009967,cv_20260827_req_0004148,cv_20260827_dev_0001844,8,block,0.903155123754,0.920638394369,0,4.67138970905,6,6,4,persistent_high_model_risk|high_risk_with_card_diversity|cross_session_card_diversity|high_risk_with_ip_rotation
cv_20260827_evt_0009969,cv_20260827_req_0004149,cv_20260827_dev_0001844,9,block,0.924863752219,0.920638394369,0,5.59149811018,7,7,4,persistent_high_model_risk|high_risk_with_card_diversity|cross_session_card_diversity|high_risk_with_ip_rotation
cv_20260827_evt_0009971,cv_20260827_req_0004150,cv_20260827_dev_0001844,10,block,0.924256198408,0.920638394369,0,6.51167512702,8,8,4,persistent_high_model_risk|high_risk_with_card_diversity|cross_session_card_diversity|high_risk_with_ip_rotation
cv_20260827_evt_0009973,cv_20260827_req_0004151,cv_20260827_dev_0001844,11,block,0.941844432804,0.968667664035,0,7.47951446416,9,9,4,persistent_high_model_risk|high_risk_with_card_diversity|cross_session_card_diversity|high_risk_with_ip_rotation
cv_20260827_evt_0009975,cv_20260827_req_0004152,cv_20260827_dev_0001844,12,block,0.907511984941,0.920638394369,0,8.39871288484,10,10,4,persistent_high_model_risk|high_risk_with_card_diversity|cross_session_card_diversity|high_risk_with_ip_rotation
cv_20260827_evt_0009977,cv_20260827_req_0004153,cv_20260827_dev_0001844,13,block,0.929608360336,0.968667664035,0,9.36647579412,11,11,4,persistent_high_model_risk|high_risk_with_card_diversity|cross_session_card_diversity|high_risk_with_ip_rotation
cv_20260827_evt_0009979,cv_20260827_req_0004154,cv_20260827_dev_0001844,14,block,0.949663205907,0.978665935245,0,10.3449270378,12,12,4,persistent_high_model_risk|high_risk_with_card_diversity|cross_session_card_diversity|high_risk_with_ip_rotation
cv_20260827_evt_0004192,cv_20260827_req_0001529,cv_20260827_dev_0001186,1,allow,0.224297105796,0.0259720802764,0,0.0259720802764,0,0,0,
cv_20260827_evt_0005340,cv_20260827_req_0002017,cv_20260827_dev_0001361,1,allow,0.132699258094,0.00820512873941,0,0.00820512873941,0,0,0,
cv_20260827_evt_0001451,cv_20260827_req_0000527,cv_20260827_dev_0000418,1,allow,0.228084874267,0.028783095908,0,0.028783095908,0,0,0,
cv_20260827_evt_0003518,cv_20260827_req_0001282,cv_20260827_dev_0000993,1,allow,0.249414020908,0.028783095908,0,0.028783095908,0,0,0,
cv_20260827_evt_0000429,cv_20260827_req_0000157,cv_20260827_dev_0000125,1,allow,0.225325799962,0.028783095908,0,0.028783095908,0,0,0,
cv_20260827_evt_0006255,cv_20260827_req_0002363,cv_20260827_dev_0001612,4,allow,0.196106962202,0.0250286633218,2,0.317576376262,0,0,3,successful_checkout_risk_reduction|high_risk_with_card_diversity|high_risk_with_card_switching|cross_session_card_diversity
cv_20260827_evt_0006257,cv_20260827_req_0002364,cv_20260827_dev_0001612,5,allow,0.350401484274,0.0930102271251,1,0.410573136898,0,0,3,high_risk_with_card_diversity|high_risk_with_card_switching|cross_session_card_diversity
cv_20260827_evt_0006259,cv_20260827_req_0002365,cv_20260827_dev_0001612,6,allow,0.413188946382,0.0930102271251,1,0.503562189896,0,0,2,high_risk_with_card_diversity|cross_session_card_diversity
cv_20260827_evt_0002468,cv_20260827_req_0000899,cv_20260827_dev_0000699,1,allow,0.219754473534,0.0259720802764,0,0.0259720802764,0,0,0,
cv_20260827_evt_0001033,cv_20260827_req_0000375,cv_20260827_dev_0000300,1,allow,0.246902637528,0.028783095908,0,0.028783095908,0,0,0,
cv_20260827_evt_0001230,cv_20260827_req_0000445,cv_20260827_dev_0000356,2,allow,0.0900101004405,0.00548001258357,0,0.0434888443136,0,0,2,successful_checkout_risk_reduction|high_risk_with_card_diversity|cross_session_card_diversity
cv_20260827_evt_0011691,cv_20260827_req_0004984,cv_20260827_dev_0001948,1,allow,0.263066894873,0.0930102271251,0,0.0930102271251,0,0,0,
cv_20260827_evt_0011693,cv_20260827_req_0004985,cv_20260827_dev_0001948,2,allow,0.810497382721,0.584793744945,1,0.677679017971,1,1,1,high_risk_with_card_diversity
cv_20260827_evt_0011695,cv_20260827_req_0004986,cv_20260827_dev_0001948,3,allow,0.983645124394,1,2,1.67752059538,2,2,2,high_risk_with_card_diversity|high_risk_with_card_switching
cv_20260827_evt_0011236,cv_20260827_req_0004763,cv_20260827_dev_0001917,1,allow,0.242767609155,0.028783095908,0,0.028783095908,0,0,0,
cv_20260827_evt_0011238,cv_20260827_req_0004764,cv_20260827_dev_0001917,2,allow,0.564758315077,0.474791810673,0,0.503568936438,0,0,0,
cv_20260827_evt_0011240,cv_20260827_req_0004765,cv_20260827_dev_0001917,3,allow,0.746849102536,0.474791810673,0,0.877452629791,0,0,0,stable_retry_risk_reduction
cv_20260827_evt_0003782,cv_20260827_req_0001378,cv_20260827_dev_0001069,2,allow,0.0624007320679,0,0,0.0112921682748,0,0,2,successful_checkout_risk_reduction|high_risk_with_card_diversity|cross_session_card_diversity
cv_20260827_evt_0000779,cv_20260827_req_0000283,cv_20260827_dev_0000225,1,allow,0.241210206178,0.028783095908,0,0.028783095908,0,0,0,
cv_20260827_evt_0002718,cv_20260827_req_0000992,cv_20260827_dev_0000766,1,allow,0.213325702577,0.0259720802764,0,0.0259720802764,0,0,0,
cv_20260827_evt_0010014,cv_20260827_req_0004170,cv_20260827_dev_0001847,1,allow,0.163017898335,0.0250286633218,0,0.0250286633218,0,0,0,
cv_20260827_evt_0010016,cv_20260827_req_0004171,cv_20260827_dev_0001847,2,allow,0.553727500224,0.474791810673,0,0.49481221723,0,0,0,stable_retry_risk_reduction
cv_20260827_evt_0010018,cv_20260827_req_0004172,cv_20260827_dev_0001847,3,allow,0.821872536988,0.627563763201,0,1.02334957409,1,1,0,stable_retry_risk_reduction
cv_20260827_evt_0010020,cv_20260827_req_0004173,cv_20260827_dev_0001847,4,allow,0.899234119992,0.920638394369,1,1.94384489234,2,2,1,persistent_high_model_risk
cv_20260827_evt_0010022,cv_20260827_req_0004174,cv_20260827_dev_0001847,5,review,0.919640458848,0.920638394369,1,2.86442982035,3,3,3,persistent_high_model_risk|high_risk_with_card_diversity|high_risk_with_ip_rotation
cv_20260827_evt_0010024,cv_20260827_req_0004175,cv_20260827_dev_0001847,6,block,0.954042056707,0.978665935245,1,3.84294803088,4,4,4,persistent_high_model_risk|high_risk_with_card_diversity|high_risk_with_card_switching|high_risk_with_ip_rotation
cv_20260827_evt_0002704,cv_20260827_req_0000987,cv_20260827_dev_0000762,1,allow,0.220180856538,0.0259720802764,0,0.0259720802764,0,0,0,
cv_20260827_evt_0002706,cv_20260827_req_0000988,cv_20260827_dev_0000762,2,allow,0.4737300568,0.201686461312,0,0.222462292029,0,0,0,stable_retry_risk_reduction
cv_20260827_evt_0001915,cv_20260827_req_0000696,cv_20260827_dev_0000545,3,allow,0.148153098594,0.0193933904297,0,0.0264805149327,0,0,3,successful_checkout_risk_reduction|high_risk_with_card_diversity|cross_session_card_diversity|high_risk_with_ip_rotation
cv_20260827_evt_0005935,cv_20260827_req_0002239,cv_20260827_dev_0001535,1,allow,0.139851939905,0.0116357732377,0,0.0116357732377,0,0,0,
cv_20260827_evt_0002659,cv_20260827_req_0000970,cv_20260827_dev_0000750,1,allow,0.129982314143,0.00820512873941,0,0.00820512873941,0,0,0,
cv_20260827_evt_0003230,cv_20260827_req_0001176,cv_20260827_dev_0000911,2,allow,0.0380760394313,0,0,0.00335292074714,0,0,1,successful_checkout_risk_reduction|high_risk_with_ip_rotation
cv_20260827_evt_0003155,cv_20260827_req_0001149,cv_20260827_dev_0000893,1,allow,0.250578857725,0.028783095908,0,0.028783095908,0,0,0,
cv_20260827_evt_0002431,cv_20260827_req_0000885,cv_20260827_dev_0000689,1,allow,0.219063027223,0.0259720802764,0,0.0259720802764,0,0,0,
cv_20260827_evt_0002433,cv_20260827_req_0000886,cv_20260827_dev_0000689,2,allow,0.468426152057,0.0930102271251,0,0.118977723843,0,0,0,
cv_20260827_evt_0003756,cv_20260827_req_0001369,cv_20260827_dev_0001062,1,allow,0.127707774379,0.00820512873941,0,0.00820512873941,0,0,0,
cv_20260827_evt_0011041,cv_20260827_req_0004668,cv_20260827_dev_0001905,1,allow,0.220021054164,0.0259720802764,0,0.0259720802764,0,0,0,
cv_20260827_evt_0011043,cv_20260827_req_0004669,cv_20260827_dev_0001905,2,allow,0.489421317781,0.284737559009,0,0.310708478437,0,0,0,
cv_20260827_evt_0010177,cv_20260827_req_0004249,cv_20260827_dev_0001856,1,allow,0.16629338048,0.0250286633218,0,0.0250286633218,0,0,0,
cv_20260827_evt_0011045,cv_20260827_req_0004670,cv_20260827_dev_0001905,3,allow,0.754351737816,0.474791810673,1,0.785482484833,0,0,1,high_risk_with_card_diversity
cv_20260827_evt_0011047,cv_20260827_req_0004671,cv_20260827_dev_0001905,4,allow,0.882477818157,0.920638394369,2,1.70605066493,1,1,2,high_risk_with_card_diversity|high_risk_with_card_switching
cv_20260827_evt_0010179,cv_20260827_req_0004250,cv_20260827_dev_0001856,2,allow,0.805576241225,0.584793744945,0,0.604812912514,1,1,0,stable_retry_risk_reduction
cv_20260827_evt_0011049,cv_20260827_req_0004672,cv_20260827_dev_0001905,5,allow,0.945284728274,0.968667664035,3,2.67442115459,2,2,4,high_risk_with_card_diversity|high_risk_with_card_switching|high_risk_with_ip_rotation|persistent_high_model_risk
cv_20260827_evt_0010181,cv_20260827_req_0004251,cv_20260827_dev_0001856,3,allow,0.939073394274,0.968667664035,1,1.57340710584,2,2,0,
cv_20260827_evt_0011051,cv_20260827_req_0004673,cv_20260827_dev_0001905,6,review,0.961668068346,0.987077221928,3,3.6609712327,3,3,4,persistent_high_model_risk|high_risk_with_card_diversity|high_risk_with_card_switching|high_risk_with_ip_rotation
cv_20260827_evt_0010183,cv_20260827_req_0004252,cv_20260827_dev_0001856,4,review,0.887789850868,0.920638394369,1,2.4937353726,3,3,1,persistent_high_model_risk
cv_20260827_evt_0011053,cv_20260827_req_0004674,cv_20260827_dev_0001905,7,block,0.988433765244,1,2,4.66058943901,4,4,4,persistent_high_model_risk|high_risk_with_card_diversity|high_risk_with_card_switching|high_risk_with_ip_rotation
cv_20260827_evt_0010185,cv_20260827_req_0004253,cv_20260827_dev_0001856,5,review,0.953208961177,0.978665935245,0,3.47223269084,4,4,1,persistent_high_model_risk
cv_20260827_evt_0011055,cv_20260827_req_0004675,cv_20260827_dev_0001905,8,block,0.977513574803,1,2,5.65988442848,5,5,4,persistent_high_model_risk|high_risk_with_card_diversity|high_risk_with_card_switching|high_risk_with_ip_rotation
cv_20260827_evt_0001772,cv_20260827_req_0000643,cv_20260827_dev_0000506,2,allow,0.0929155927779,0.00548001258357,0,0.0179486059974,0,0,0,successful_checkout_risk_reduction
cv_20260827_evt_0010187,cv_20260827_req_0004254,cv_20260827_dev_0001856,6,block,0.96688805439,0.987077221928,0,4.45866132383,5,5,1,persistent_high_model_risk
cv_20260827_evt_0010416,cv_20260827_req_0004364,cv_20260827_dev_0001870,1,allow,0.250812259132,0.028783095908,0,0.028783095908,0,0,0,
cv_20260827_evt_0010418,cv_20260827_req_0004365,cv_20260827_dev_0001870,2,allow,0.436031159225,0.0930102271251,0,0.121790222362,0,0,1,high_risk_with_card_diversity
cv_20260827_evt_0002556,cv_20260827_req_0000931,cv_20260827_dev_0000724,1,allow,0.221767368183,0.0259720802764,0,0.0259720802764,0,0,0,
cv_20260827_evt_0010420,cv_20260827_req_0004366,cv_20260827_dev_0001870,3,allow,0.834181676135,0.690081906596,1,0.811856496897,1,1,2,high_risk_with_card_diversity|high_risk_with_card_switching
cv_20260827_evt_0010422,cv_20260827_req_0004367,cv_20260827_dev_0001870,4,allow,0.907269730265,0.920638394369,2,1.73238417529,2,2,3,high_risk_with_card_diversity|high_risk_with_card_switching|persistent_high_model_risk
cv_20260827_evt_0010424,cv_20260827_req_0004368,cv_20260827_dev_0001870,5,review,0.953857853735,0.978665935245,3,2.71077217052,3,3,3,persistent_high_model_risk|high_risk_with_card_diversity|high_risk_with_card_switching
cv_20260827_evt_0010426,cv_20260827_req_0004369,cv_20260827_dev_0001870,6,block,0.957827407734,0.978665935245,3,3.68909638449,4,4,3,persistent_high_model_risk|high_risk_with_card_diversity|high_risk_with_card_switching
cv_20260827_evt_0010428,cv_20260827_req_0004370,cv_20260827_dev_0001870,7,block,0.969767073004,0.987077221928,3,4.67572969446,5,5,4,persistent_high_model_risk|high_risk_with_card_diversity|high_risk_with_card_switching|high_risk_with_ip_rotation
cv_20260827_evt_0010430,cv_20260827_req_0004371,cv_20260827_dev_0001870,8,block,0.96963526494,0.987077221928,3,5.66256042062,6,6,4,persistent_high_model_risk|high_risk_with_card_diversity|high_risk_with_card_switching|high_risk_with_ip_rotation
cv_20260827_evt_0001274,cv_20260827_req_0000461,cv_20260827_dev_0000370,1,allow,0.244255368342,0.028783095908,0,0.028783095908,0,0,0,
cv_20260827_evt_0005165,cv_20260827_req_0001953,cv_20260827_dev_0001311,2,allow,0.18346204686,0.0250286633218,0,0.0425929510069,0,0,0,
cv_20260827_evt_0005377,cv_20260827_req_0002030,cv_20260827_dev_0001370,1,allow,0.154799029752,0.0193933904297,0,0.0193933904297,0,0,0,
cv_20260827_evt_0004716,cv_20260827_req_0001755,cv_20260827_dev_0001254,1,allow,0.132695249971,0.00820512873941,0,0.00820512873941,0,0,0,
cv_20260827_evt_0004718,cv_20260827_req_0001756,cv_20260827_dev_0001254,2,allow,0.408369994282,0.0930102271251,0,0.101214744646,0,0,0,
cv_20260827_evt_0004720,cv_20260827_req_0001757,cv_20260827_dev_0001254,3,allow,0.65262212013,0.474791810673,1,0.575999943543,0,0,1,high_risk_with_card_diversity
cv_20260827_evt_0007450,cv_20260827_req_0002920,cv_20260827_dev_0001722,1,allow,0.152777845626,0.0193933904297,0,0.0193933904297,0,0,0,
cv_20260827_evt_0007452,cv_20260827_req_0002921,cv_20260827_dev_0001722,2,allow,0.51590079448,0.29948678932,0,0.318880090844,0,0,1,high_risk_with_card_diversity
cv_20260827_evt_0007454,cv_20260827_req_0002922,cv_20260827_dev_0001722,3,allow,0.847629239383,0.834086215288,0,1.15296594067,1,1,1,high_risk_with_card_diversity
cv_20260827_evt_0007456,cv_20260827_req_0002923,cv_20260827_dev_0001722,4,allow,0.900578351573,0.920638394369,2,2.07360169227,2,2,2,high_risk_with_card_diversity|persistent_high_model_risk
cv_20260827_evt_0007458,cv_20260827_req_0002924,cv_20260827_dev_0001722,5,review,0.953119850082,0.978665935245,3,3.05225812151,3,3,3,persistent_high_model_risk|high_risk_with_card_diversity|high_risk_with_ip_rotation
cv_20260827_evt_0007460,cv_20260827_req_0002925,cv_20260827_dev_0001722,6,block,0.967700862684,0.987077221928,3,4.03933184532,4,4,3,persistent_high_model_risk|high_risk_with_card_diversity|high_risk_with_ip_rotation
cv_20260827_evt_0007462,cv_20260827_req_0002926,cv_20260827_dev_0001722,7,block,0.986137676934,1,4,5.03932721594,5,5,3,persistent_high_model_risk|high_risk_with_card_diversity|high_risk_with_ip_rotation
cv_20260827_evt_0007464,cv_20260827_req_0002927,cv_20260827_dev_0001722,8,block,0.990353533212,1,4,6.03930411417,6,6,3,persistent_high_model_risk|high_risk_with_card_diversity|high_risk_with_ip_rotation
cv_20260827_evt_0007466,cv_20260827_req_0002928,cv_20260827_dev_0001722,9,block,0.990226764404,1,4,7.03929719266,7,7,3,persistent_high_model_risk|high_risk_with_card_diversity|high_risk_with_ip_rotation
cv_20260827_evt_0007468,cv_20260827_req_0002929,cv_20260827_dev_0001722,10,block,0.986802471908,1,4,8.03926492244,8,8,3,persistent_high_model_risk|high_risk_with_card_diversity|high_risk_with_ip_rotation
cv_20260827_evt_0007470,cv_20260827_req_0002930,cv_20260827_dev_0001722,11,block,0.985655987911,1,4,9.03923728165,9,9,3,persistent_high_model_risk|high_risk_with_card_diversity|high_risk_with_ip_rotation
cv_20260827_evt_0001787,cv_20260827_req_0000649,cv_20260827_dev_0000509,1,allow,0.208654781047,0.0259720802764,0,0.0259720802764,0,0,0,
cv_20260827_evt_0005537,cv_20260827_req_0002088,cv_20260827_dev_0001415,1,allow,0.142956747791,0.0116357732377,0,0.0116357732377,0,0,0,
cv_20260827_evt_0000827,cv_20260827_req_0000301,cv_20260827_dev_0000240,1,allow,0.209373751142,0.0259720802764,0,0.0259720802764,0,0,0,
cv_20260827_evt_0001224,cv_20260827_req_0000443,cv_20260827_dev_0000355,1,allow,0.259628942239,0.0930102271251,0,0.0930102271251,0,0,0,
cv_20260827_evt_0004586,cv_20260827_req_0001698,cv_20260827_dev_0001238,7,allow,0.458294765473,0.0930102271251,4,0.523515285025,0,0,4,successful_checkout_risk_reduction|high_risk_with_card_diversity|high_risk_with_card_switching|cross_session_card_diversity|high_risk_with_ip_rotation
cv_20260827_evt_0004588,cv_20260827_req_0001699,cv_20260827_dev_0001238,8,allow,0.368823742975,0.0930102271251,4,0.616500913193,0,0,4,high_risk_with_card_diversity|high_risk_with_card_switching|cross_session_card_diversity|high_risk_with_ip_rotation
cv_20260827_evt_0004590,cv_20260827_req_0001700,cv_20260827_dev_0001238,9,review,0.708220290504,0.474791810673,5,1.09122913699,0,0,4,rule_corroborated_review|high_risk_with_card_diversity|high_risk_with_card_switching|cross_session_card_diversity|high_risk_with_ip_rotation
cv_20260827_evt_0012008,cv_20260827_req_0005137,cv_20260827_dev_0001972,1,allow,0.144976531748,0.0193933904297,0,0.0193933904297,0,0,0,
cv_20260827_evt_0001320,cv_20260827_req_0000478,cv_20260827_dev_0000384,1,allow,0.160658350275,0.0250286633218,0,0.0250286633218,0,0,0,
cv_20260827_evt_0012010,cv_20260827_req_0005138,cv_20260827_dev_0001972,2,allow,0.494630587151,0.284737559009,0,0.304110245574,0,0,1,high_risk_with_card_diversity
cv_20260827_evt_0000705,cv_20260827_req_0000257,cv_20260827_dev_0000204,1,allow,0.225361949438,0.028783095908,0,0.028783095908,0,0,0,
cv_20260827_evt_0003421,cv_20260827_req_0001246,cv_20260827_dev_0000964,1,allow,0.204513892453,0.0250286633218,0,0.0250286633218,0,0,0,
cv_20260827_evt_0001618,cv_20260827_req_0000587,cv_20260827_dev_0000463,2,allow,0.0794084034328,0.00548001258357,0,0.0336876854084,0,0,0,successful_checkout_risk_reduction
cv_20260827_evt_0004075,cv_20260827_req_0001487,cv_20260827_dev_0001151,1,allow,0.228121336041,0.028783095908,0,0.028783095908,0,0,0,
cv_20260827_evt_0003597,cv_20260827_req_0001310,cv_20260827_dev_0001013,1,allow,0.2231643592,0.0259720802764,0,0.0259720802764,0,0,0,
cv_20260827_evt_0003247,cv_20260827_req_0001182,cv_20260827_dev_0000915,1,allow,0.157078709656,0.0220640126585,0,0.0220640126585,0,0,0,
cv_20260827_evt_0000395,cv_20260827_req_0000145,cv_20260827_dev_0000116,1,allow,0.240452974813,0.028783095908,0,0.028783095908,0,0,0,
cv_20260827_evt_0006616,cv_20260827_req_0002525,cv_20260827_dev_0001656,4,allow,0.102367464667,0.00548001258357,0,0.0841860550949,0,0,3,successful_checkout_risk_reduction|high_risk_with_card_diversity|cross_session_card_diversity|high_risk_with_ip_rotation
cv_20260827_evt_0006618,cv_20260827_req_0002526,cv_20260827_dev_0001656,5,allow,0.304150862983,0.0930102271251,0,0.177189239206,0,0,2,high_risk_with_card_diversity|cross_session_card_diversity
cv_20260827_evt_0006620,cv_20260827_req_0002527,cv_20260827_dev_0001656,6,allow,0.449371945094,0.0930102271251,1,0.234750084444,0,0,2,stable_retry_risk_reduction|high_risk_with_card_diversity|cross_session_card_diversity
cv_20260827_evt_0000851,cv_20260827_req_0000309,cv_20260827_dev_0000248,1,allow,0.11490178013,0.00548001258357,0,0.00548001258357,0,0,0,
cv_20260827_evt_0000624,cv_20260827_req_0000228,cv_20260827_dev_0000182,1,allow,0.242729542555,0.028783095908,0,0.028783095908,0,0,0,
cv_20260827_evt_0005259,cv_20260827_req_0001987,cv_20260827_dev_0001339,1,allow,0.150381035838,0.0193933904297,0,0.0193933904297,0,0,0,
cv_20260827_evt_0008423,cv_20260827_req_0003395,cv_20260827_dev_0001769,1,allow,0.132830504418,0.00820512873941,0,0.00820512873941,0,0,0,
cv_20260827_evt_0008425,cv_20260827_req_0003396,cv_20260827_dev_0001769,2,allow,0.540583985435,0.474791810673,0,0.482996920605,0,0,0,
cv_20260827_evt_0008427,cv_20260827_req_0003397,cv_20260827_dev_0001769,3,allow,0.901026050625,0.920638394369,2,1.40363310077,1,1,1,high_risk_with_card_diversity
cv_20260827_evt_0008429,cv_20260827_req_0003398,cv_20260827_dev_0001769,4,allow,0.926648232764,0.968667664035,4,2.37229915614,2,2,2,high_risk_with_card_diversity|persistent_high_model_risk
cv_20260827_evt_0008431,cv_20260827_req_0003399,cv_20260827_dev_0001769,5,block,0.982915355892,1,6,3.37229371847,3,3,3,rule_corroborated_block|high_risk_with_card_diversity|high_risk_with_card_switching|persistent_high_model_risk
cv_20260827_evt_0008433,cv_20260827_req_0003400,cv_20260827_dev_0001769,6,block,0.974275698378,1,5,4.37227825888,4,4,3,persistent_high_model_risk|high_risk_with_card_diversity|high_risk_with_card_switching
cv_20260827_evt_0006462,cv_20260827_req_0002455,cv_20260827_dev_0001636,1,allow,0.137403923868,0.0116357732377,0,0.0116357732377,0,0,0,
cv_20260827_evt_0006464,cv_20260827_req_0002456,cv_20260827_dev_0001636,2,allow,0.329127518394,0.0930102271251,0,0.102318152296,0,0,0,stable_retry_risk_reduction
cv_20260827_evt_0006466,cv_20260827_req_0002457,cv_20260827_dev_0001636,3,allow,0.458572086585,0.0930102271251,1,0.174859026657,0,0,0,stable_retry_risk_reduction
cv_20260827_evt_0006468,cv_20260827_req_0002458,cv_20260827_dev_0001636,4,allow,0.604167053694,0.474791810673,1,0.614666687789,0,0,0,stable_retry_risk_reduction
cv_20260827_evt_0005129,cv_20260827_req_0001940,cv_20260827_dev_0001302,1,allow,0.157692821038,0.0250286633218,0,0.0250286633218,0,0,0,
cv_20260827_evt_0000463,cv_20260827_req_0000170,cv_20260827_dev_0000137,1,allow,0.205746175877,0.0250286633218,0,0.0250286633218,0,0,0,
cv_20260827_evt_0005045,cv_20260827_req_0001903,cv_20260827_dev_0001291,1,allow,0.226122038229,0.028783095908,0,0.028783095908,0,0,0,
cv_20260827_evt_0005047,cv_20260827_req_0001904,cv_20260827_dev_0001291,2,allow,0.376882061493,0.0930102271251,0,0.12179322407,0,0,0,
cv_20260827_evt_0005049,cv_20260827_req_0001905,cv_20260827_dev_0001291,3,allow,0.429226080126,0.0930102271251,0,0.214803172027,0,0,1,high_risk_with_card_diversity
cv_20260827_evt_0011410,cv_20260827_req_0004847,cv_20260827_dev_0001927,6,review,0.8654503585,0.888720283257,2,3.23403854916,3,3,4,persistent_high_model_risk|high_risk_with_card_diversity|cross_session_card_diversity|high_risk_with_ip_rotation
cv_20260827_evt_0011412,cv_20260827_req_0004848,cv_20260827_dev_0001927,7,block,0.960412680978,0.979204731352,2,4.20904288931,4,4,3,persistent_high_model_risk|high_risk_with_card_diversity|cross_session_card_diversity
cv_20260827_evt_0002715,cv_20260827_req_0000991,cv_20260827_dev_0000765,1,allow,0.241893103801,0.028783095908,0,0.028783095908,0,0,0,
cv_20260827_evt_0000808,cv_20260827_req_0000294,cv_20260827_dev_0000234,1,allow,0.247133743912,0.028783095908,0,0.028783095908,0,0,0,
cv_20260827_evt_0011390,cv_20260827_req_0004837,cv_20260827_dev_0001926,3,allow,0.723513764508,0.474791810673,0,0.928575253215,0,0,3,high_risk_with_card_diversity|cross_session_card_diversity|high_risk_with_ip_rotation
cv_20260827_evt_0005137,cv_20260827_req_0001943,cv_20260827_dev_0001305,1,allow,0.145242719194,0.0193933904297,0,0.0193933904297,0,0,0,
cv_20260827_evt_0012196,cv_20260827_req_0005229,cv_20260827_dev_0001984,4,allow,0.760043471331,0.474791810673,1,1.68483956661,1,0,3,high_risk_with_card_diversity|cross_session_card_diversity|high_risk_with_ip_rotation
cv_20260827_evt_0011392,cv_20260827_req_0004838,cv_20260827_dev_0001926,4,allow,0.912156157044,0.920638394369,0,1.84818299231,1,1,2,high_risk_with_card_diversity|cross_session_card_diversity
cv_20260827_evt_0003340,cv_20260827_req_0001216,cv_20260827_dev_0000941,2,allow,0.0974560089393,0.00548001258357,0,0.0184195246775,0,0,2,successful_checkout_risk_reduction|high_risk_with_card_diversity|cross_session_card_diversity
cv_20260827_evt_0012198,cv_20260827_req_0005230,cv_20260827_dev_0001984,5,allow,0.931572088432,0.968667664035,0,2.65173554579,2,1,3,high_risk_with_card_diversity|cross_session_card_diversity|persistent_high_model_risk
cv_20260827_evt_0011302,cv_20260827_req_0004795,cv_20260827_dev_0001921,4,review,0.802465207997,0.559667304185,0,1.76908296789,3,3,4,persistent_high_model_risk|high_risk_with_card_diversity|cross_session_card_diversity|high_risk_with_ip_rotation
cv_20260827_evt_0012200,cv_20260827_req_0005231,cv_20260827_dev_0001984,6,review,0.969204776896,0.987077221928,0,3.63569042052,3,2,3,persistent_high_model_risk|high_risk_with_card_diversity|cross_session_card_diversity
cv_20260827_evt_0011304,cv_20260827_req_0004796,cv_20260827_dev_0001921,5,review,0.870390861802,0.920638394369,0,2.68877071804,4,4,3,persistent_high_model_risk|high_risk_with_card_diversity|cross_session_card_diversity
cv_20260827_evt_0004742,cv_20260827_req_0001767,cv_20260827_dev_0001258,1,allow,0.256141377179,0.0690182853703,0,0.0690182853703,0,0,0,
cv_20260827_evt_0004744,cv_20260827_req_0001768,cv_20260827_dev_0001258,2,allow,0.455686012753,0.0930102271251,0,0.162026218626,0,0,0,
cv_20260827_evt_0004746,cv_20260827_req_0001769,cv_20260827_dev_0001258,3,allow,0.68771121383,0.474791810673,1,0.636805773928,0,0,0,
cv_20260827_evt_0004748,cv_20260827_req_0001770,cv_20260827_dev_0001258,4,allow,0.871573027058,0.920638394369,1,1.5573719194,1,1,1,high_risk_with_card_diversity
cv_20260827_evt_0002753,cv_20260827_req_0001004,cv_20260827_dev_0000775,1,allow,0.186684800143,0.0250286633218,0,0.0250286633218,0,0,0,
cv_20260827_evt_0011192,cv_20260827_req_0004742,cv_20260827_dev_0001914,1,allow,0.223200261823,0.0259720802764,0,0.0259720802764,0,0,0,
cv_20260827_evt_0001907,cv_20260827_req_0000693,cv_20260827_dev_0000544,1,allow,0.201948508061,0.0250286633218,0,0.0250286633218,0,0,0,
cv_20260827_evt_0005266,cv_20260827_req_0001990,cv_20260827_dev_0001341,1,allow,0.108482543922,0.00548001258357,0,0.00548001258357,0,0,0,
cv_20260827_evt_0011194,cv_20260827_req_0004743,cv_20260827_dev_0001914,2,allow,0.640442199067,0.474791810673,0,0.500742200601,0,0,1,high_risk_with_card_diversity
cv_20260827_evt_0002342,cv_20260827_req_0000851,cv_20260827_dev_0000664,1,allow,0.252645568382,0.0690182853703,0,0.0690182853703,0,0,0,
cv_20260827_evt_0001016,cv_20260827_req_0000369,cv_20260827_dev_0000295,1,allow,0.2295831729,0.028783095908,0,0.028783095908,0,0,0,
cv_20260827_evt_0002677,cv_20260827_req_0000977,cv_20260827_dev_0000754,2,allow,0.466391041281,0.0930102271251,0,0.114397186207,0,0,0,
cv_20260827_evt_0002974,cv_20260827_req_0001084,cv_20260827_dev_0000842,1,allow,0.224964531378,0.0259720802764,0,0.0259720802764,0,0,0,
cv_20260827_evt_0004552,cv_20260827_req_0001683,cv_20260827_dev_0001235,1,allow,0.129912074699,0.00820512873941,0,0.00820512873941,0,0,0,
cv_20260827_evt_0003005,cv_20260827_req_0001095,cv_20260827_dev_0000848,2,allow,0.0757928062606,0,0,0.0117622208608,0,0,2,successful_checkout_risk_reduction|high_risk_with_card_diversity|cross_session_card_diversity
cv_20260827_evt_0003286,cv_20260827_req_0001197,cv_20260827_dev_0000926,2,allow,0.128926824008,0.00820512873941,0,0.0225436502005,0,0,2,successful_checkout_risk_reduction|high_risk_with_card_diversity|cross_session_card_diversity
cv_20260827_evt_0004554,cv_20260827_req_0001684,cv_20260827_dev_0001235,2,allow,0.438483140035,0.0930102271251,0,0.101214518977,0,0,0,
cv_20260827_evt_0004556,cv_20260827_req_0001685,cv_20260827_dev_0001235,3,allow,0.764591906155,0.474791810673,1,0.575998789957,0,0,0,
cv_20260827_evt_0002397,cv_20260827_req_0000873,cv_20260827_dev_0000679,1,allow,0.236579013134,0.028783095908,0,0.028783095908,0,0,0,
cv_20260827_evt_0000559,cv_20260827_req_0000204,cv_20260827_dev_0000164,1,allow,0.103787788871,0.00548001258357,0,0.00548001258357,0,0,0,
cv_20260827_evt_0011487,cv_20260827_req_0004884,cv_20260827_dev_0001933,1,allow,0.241058629866,0.028783095908,0,0.028783095908,0,0,0,
cv_20260827_evt_0011489,cv_20260827_req_0004885,cv_20260827_dev_0001933,2,allow,0.560225418652,0.474791810673,0,0.50356309943,0,0,0,
cv_20260827_evt_0006011,cv_20260827_req_0002267,cv_20260827_dev_0001554,1,allow,0.135476386659,0.00820512873941,0,0.00820512873941,0,0,0,
cv_20260827_evt_0004443,cv_20260827_req_0001635,cv_20260827_dev_0001222,1,allow,0.185649423146,0.0250286633218,0,0.0250286633218,0,0,0,
cv_20260827_evt_0004445,cv_20260827_req_0001636,cv_20260827_dev_0001222,2,allow,0.451263325395,0.0930102271251,0,0.113033088939,0,0,0,stable_retry_risk_reduction
cv_20260827_evt_0004447,cv_20260827_req_0001637,cv_20260827_dev_0001222,3,allow,0.783319704892,0.474791810673,1,0.587824122347,0,0,0,
cv_20260827_evt_0006401,cv_20260827_req_0002427,cv_20260827_dev_0001629,1,allow,0.12983793281,0.00820512873941,0,0.00820512873941,0,0,0,
cv_20260827_evt_0006403,cv_20260827_req_0002428,cv_20260827_dev_0001629,2,allow,0.275485285921,0.0930102271251,0,0.10121531825,0,0,1,high_risk_with_card_diversity
cv_20260827_evt_0006405,cv_20260827_req_0002429,cv_20260827_dev_0001629,3,allow,0.703553020687,0.474791810673,2,0.576006432922,0,0,2,high_risk_with_card_diversity|high_risk_with_card_switching
cv_20260827_evt_0000983,cv_20260827_req_0000357,cv_20260827_dev_0000286,1,allow,0.147458269815,0.0193933904297,0,0.0193933904297,0,0,0,
cv_20260827_evt_0001477,cv_20260827_req_0000537,cv_20260827_dev_0000423,2,allow,0.442311895973,0.0930102271251,0,0.116620286518,0,0,2,high_risk_with_card_diversity|cross_session_card_diversity
cv_20260827_evt_0000248,cv_20260827_req_0000091,cv_20260827_dev_0000072,1,allow,0.141102134594,0.0116357732377,0,0.0116357732377,0,0,0,
cv_20260827_evt_0005343,cv_20260827_req_0002018,cv_20260827_dev_0001361,2,allow,0.0786554701696,0.00548001258357,0,0.00956741865643,0,0,1,successful_checkout_risk_reduction|high_risk_with_ip_rotation
cv_20260827_evt_0005409,cv_20260827_req_0002042,cv_20260827_dev_0001379,1,allow,0.136815917111,0.0116357732377,0,0.0116357732377,0,0,0,
cv_20260827_evt_0001680,cv_20260827_req_0000609,cv_20260827_dev_0000480,1,allow,0.216347383605,0.0259720802764,0,0.0259720802764,0,0,0,
cv_20260827_evt_0002772,cv_20260827_req_0001011,cv_20260827_dev_0000780,1,allow,0.202533349549,0.0250286633218,0,0.0250286633218,0,0,0,
cv_20260827_evt_0005446,cv_20260827_req_0002056,cv_20260827_dev_0001386,2,allow,0.0358181827973,0,0,0.00525071629671,0,0,1,successful_checkout_risk_reduction|high_risk_with_ip_rotation
cv_20260827_evt_0004545,cv_20260827_req_0001680,cv_20260827_dev_0001234,1,allow,0.224171188337,0.0259720802764,0,0.0259720802764,0,0,0,
cv_20260827_evt_0004547,cv_20260827_req_0001681,cv_20260827_dev_0001234,2,allow,0.31813629387,0.0930102271251,0,0.118980194102,0,0,1,high_risk_with_card_diversity
cv_20260827_evt_0004549,cv_20260827_req_0001682,cv_20260827_dev_0001234,3,allow,0.699372733675,0.474791810673,2,0.593759596623,0,0,2,high_risk_with_card_diversity|high_risk_with_card_switching
cv_20260827_evt_0002908,cv_20260827_req_0001059,cv_20260827_dev_0000822,1,allow,0.155178727577,0.0193933904297,0,0.0193933904297,0,0,0,
cv_20260827_evt_0001523,cv_20260827_req_0000553,cv_20260827_dev_0000437,1,allow,0.142842726497,0.0116357732377,0,0.0116357732377,0,0,0,
cv_20260827_evt_0001948,cv_20260827_req_0000708,cv_20260827_dev_0000556,1,allow,0.18018710764,0.0250286633218,0,0.0250286633218,0,0,0,
cv_20260827_evt_0011697,cv_20260827_req_0004987,cv_20260827_dev_0001948,4,review,0.912620512391,0.920638394369,0,2.44119130771,3,3,4,persistent_high_model_risk|high_risk_with_card_diversity|cross_session_card_diversity|high_risk_with_ip_rotation
cv_20260827_evt_0004347,cv_20260827_req_0001592,cv_20260827_dev_0001211,8,allow,0.185949070052,0.0250286633218,2,0.752699080761,0,0,2,successful_checkout_risk_reduction|high_risk_with_card_diversity|cross_session_card_diversity
cv_20260827_evt_0004349,cv_20260827_req_0001593,cv_20260827_dev_0001211,9,allow,0.351883139877,0.0930102271251,2,0.695150858764,0,0,2,stable_retry_risk_reduction|high_risk_with_card_diversity|cross_session_card_diversity
cv_20260827_evt_0004351,cv_20260827_req_0001594,cv_20260827_dev_0001211,10,allow,0.366357181223,0.0930102271251,3,0.788110895841,0,0,2,high_risk_with_card_diversity|cross_session_card_diversity
cv_20260827_evt_0011699,cv_20260827_req_0004988,cv_20260827_dev_0001948,5,review,0.906726097926,0.920638394369,1,3.35918162991,4,4,3,persistent_high_model_risk|high_risk_with_card_diversity|cross_session_card_diversity
cv_20260827_evt_0000529,cv_20260827_req_0000193,cv_20260827_dev_0000154,1,allow,0.25768320492,0.0930102271251,0,0.0930102271251,0,0,0,
cv_20260827_evt_0011701,cv_20260827_req_0004989,cv_20260827_dev_0001948,6,block,0.975221210694,1,0,4.35658396598,5,5,3,persistent_high_model_risk|high_risk_with_card_diversity|cross_session_card_diversity
cv_20260827_evt_0011242,cv_20260827_req_0004766,cv_20260827_dev_0001917,4,allow,0.560599626906,0.474791810673,0,1.26942488057,0,0,1,high_risk_with_ip_rotation
cv_20260827_evt_0011244,cv_20260827_req_0004767,cv_20260827_dev_0001917,5,allow,0.852692784332,0.834086215288,0,2.10241315296,1,1,2,high_risk_with_card_diversity|cross_session_card_diversity
cv_20260827_evt_0004143,cv_20260827_req_0001512,cv_20260827_dev_0001171,2,allow,0.106347811281,0.00548001258357,0,0.0088328295793,0,0,1,successful_checkout_risk_reduction|high_risk_with_ip_rotation
cv_20260827_evt_0000439,cv_20260827_req_0000161,cv_20260827_dev_0000128,1,allow,0.20374010989,0.0250286633218,0,0.0250286633218,0,0,0,
cv_20260827_evt_0005999,cv_20260827_req_0002263,cv_20260827_dev_0001551,2,allow,0.0316391879292,0,0,0.00370217496424,0,0,1,successful_checkout_risk_reduction|high_risk_with_ip_rotation
cv_20260827_evt_0000175,cv_20260827_req_0000064,cv_20260827_dev_0000054,1,allow,0.253898843558,0.0690182853703,0,0.0690182853703,0,0,0,
cv_20260827_evt_0011891,cv_20260827_req_0005080,cv_20260827_dev_0001964,1,allow,0.22030549097,0.0259720802764,0,0.0259720802764,0,0,0,
cv_20260827_evt_0011893,cv_20260827_req_0005081,cv_20260827_dev_0001964,2,allow,0.601717794225,0.474791810673,0,0.500731763561,0,0,0,
cv_20260827_evt_0010575,cv_20260827_req_0004442,cv_20260827_dev_0001880,1,allow,0.260745066044,0.0930102271251,0,0.0930102271251,0,0,0,
cv_20260827_evt_0010577,cv_20260827_req_0004443,cv_20260827_dev_0001880,2,allow,0.793909279313,0.559667304185,0,0.652662608948,1,1,0,
cv_20260827_evt_0010579,cv_20260827_req_0004444,cv_20260827_dev_0001880,3,allow,0.872938575472,0.920638394369,1,1.57327706771,2,2,1,high_risk_with_card_diversity
cv_20260827_evt_0010581,cv_20260827_req_0004445,cv_20260827_dev_0001880,4,review,0.923973032772,0.920638394369,2,2.49365944326,3,3,3,persistent_high_model_risk|high_risk_with_card_diversity|high_risk_with_card_switching
cv_20260827_evt_0010583,cv_20260827_req_0004446,cv_20260827_dev_0001880,5,review,0.96272632795,0.987077221928,2,3.48063378201,4,4,3,persistent_high_model_risk|high_risk_with_card_diversity|high_risk_with_card_switching
cv_20260827_evt_0010585,cv_20260827_req_0004447,cv_20260827_dev_0001880,6,block,0.969089350651,0.987077221928,2,4.4670169744,5,5,4,persistent_high_model_risk|high_risk_with_card_diversity|high_risk_with_card_switching|high_risk_with_ip_rotation
cv_20260827_evt_0010587,cv_20260827_req_0004448,cv_20260827_dev_0001880,7,block,0.967210324599,0.987077221928,2,5.45365905628,6,6,4,persistent_high_model_risk|high_risk_with_card_diversity|high_risk_with_card_switching|high_risk_with_ip_rotation
cv_20260827_evt_0010589,cv_20260827_req_0004449,cv_20260827_dev_0001880,8,block,0.970822613882,1,2,6.45255286334,7,7,4,persistent_high_model_risk|high_risk_with_card_diversity|high_risk_with_card_switching|high_risk_with_ip_rotation
cv_20260827_evt_0010591,cv_20260827_req_0004450,cv_20260827_dev_0001880,9,block,0.985057720401,1,2,7.45130320902,8,8,4,persistent_high_model_risk|high_risk_with_card_diversity|high_risk_with_card_switching|high_risk_with_ip_rotation
cv_20260827_evt_0011468,cv_20260827_req_0004875,cv_20260827_dev_0001931,4,allow,0.778725623732,0.474791810673,0,1.39220618351,1,0,3,high_risk_with_card_diversity|cross_session_card_diversity|high_risk_with_ip_rotation
cv_20260827_evt_0003631,cv_20260827_req_0001322,cv_20260827_dev_0001024,1,allow,0.15369142259,0.0193933904297,0,0.0193933904297,0,0,0,
cv_20260827_evt_0011470,cv_20260827_req_0004876,cv_20260827_dev_0001931,5,allow,0.93739735765,0.968667664035,0,2.35959637838,2,1,3,high_risk_with_card_diversity|cross_session_card_diversity|persistent_high_model_risk
cv_20260827_evt_0011472,cv_20260827_req_0004877,cv_20260827_dev_0001931,6,review,0.976342172755,1,1,3.35865547714,3,2,4,persistent_high_model_risk|high_risk_with_card_diversity|high_risk_with_card_switching|cross_session_card_diversity
cv_20260827_evt_0001400,cv_20260827_req_0000509,cv_20260827_dev_0000406,1,allow,0.226013343115,0.028783095908,0,0.028783095908,0,0,0,
cv_20260827_evt_0001402,cv_20260827_req_0000510,cv_20260827_dev_0000406,2,allow,0.477265261537,0.284737559009,0,0.313516366843,0,0,0,
cv_20260827_evt_0005149,cv_20260827_req_0001947,cv_20260827_dev_0001307,1,allow,0.133316128189,0.00820512873941,0,0.00820512873941,0,0,0,
cv_20260827_evt_0004930,cv_20260827_req_0001851,cv_20260827_dev_0001278,1,allow,0.194505449168,0.0250286633218,0,0.0250286633218,0,0,0,
cv_20260827_evt_0004932,cv_20260827_req_0001852,cv_20260827_dev_0001278,2,allow,0.433234966981,0.0930102271251,0,0.113032308731,0,0,0,stable_retry_risk_reduction
cv_20260827_evt_0004934,cv_20260827_req_0001853,cv_20260827_dev_0001278,3,allow,0.706851484324,0.474791810673,1,0.565214134138,0,0,0,stable_retry_risk_reduction
cv_20260827_evt_0004276,cv_20260827_req_0001561,cv_20260827_dev_0001205,1,allow,0.214666887832,0.0259720802764,0,0.0259720802764,0,0,0,
cv_20260827_evt_0004278,cv_20260827_req_0001562,cv_20260827_dev_0001205,2,allow,0.468387456416,0.0930102271251,0,0.113787176975,0,0,0,stable_retry_risk_reduction
cv_20260827_evt_0004280,cv_20260827_req_0001563,cv_20260827_dev_0001205,3,allow,0.727214782676,0.474791810673,1,0.588568555419,0,0,0,
cv_20260827_evt_0001201,cv_20260827_req_0000435,cv_20260827_dev_0000348,1,allow,0.176034176277,0.0250286633218,0,0.0250286633218,0,0,0,
cv_20260827_evt_0011963,cv_20260827_req_0005115,cv_20260827_dev_0001969,1,allow,0.255825853534,0.0690182853703,0,0.0690182853703,0,0,0,
cv_20260827_evt_0011965,cv_20260827_req_0005116,cv_20260827_dev_0001969,2,allow,0.655899689813,0.474791810673,0,0.543732068239,0,0,0,
cv_20260827_evt_0002989,cv_20260827_req_0001089,cv_20260827_dev_0000845,1,allow,0.2127876922,0.0259720802764,0,0.0259720802764,0,0,0,
cv_20260827_evt_0008674,cv_20260827_req_0003517,cv_20260827_dev_0001780,1,allow,0.255156213174,0.0690182853703,0,0.0690182853703,0,0,0,
cv_20260827_evt_0008676,cv_20260827_req_0003518,cv_20260827_dev_0001780,2,allow,0.544025969166,0.474791810673,0,0.530006249129,0,0,0,stable_retry_risk_reduction
cv_20260827_evt_0008678,cv_20260827_req_0003519,cv_20260827_dev_0001780,3,allow,0.590386754966,0.474791810673,0,1.00479745237,0,0,1,high_risk_with_card_diversity
cv_20260827_evt_0008680,cv_20260827_req_0003520,cv_20260827_dev_0001780,4,allow,0.653380266305,0.474791810673,2,1.47958811147,0,0,1,high_risk_with_card_diversity
cv_20260827_evt_0008682,cv_20260827_req_0003521,cv_20260827_dev_0001780,5,allow,0.95131286915,0.978665935245,2,2.45825065528,1,1,1,high_risk_with_card_diversity
cv_20260827_evt_0008684,cv_20260827_req_0003522,cv_20260827_dev_0001780,6,allow,0.97820290431,1,3,3.45824783794,2,2,2,high_risk_with_card_diversity|persistent_high_model_risk
cv_20260827_evt_0008686,cv_20260827_req_0003523,cv_20260827_dev_0001780,7,review,0.987591019676,1,4,4.4582319843,3,3,3,persistent_high_model_risk|high_risk_with_card_diversity|high_risk_with_ip_rotation
cv_20260827_evt_0008688,cv_20260827_req_0003524,cv_20260827_dev_0001780,8,block,0.996109033484,1,4,5.45822687483,4,4,3,persistent_high_model_risk|high_risk_with_card_diversity|high_risk_with_ip_rotation
cv_20260827_evt_0002792,cv_20260827_req_0001018,cv_20260827_dev_0000785,1,allow,0.228741814327,0.028783095908,0,0.028783095908,0,0,0,
cv_20260827_evt_0000803,cv_20260827_req_0000292,cv_20260827_dev_0000232,1,allow,0.213151991898,0.0259720802764,0,0.0259720802764,0,0,0,
cv_20260827_evt_0000260,cv_20260827_req_0000095,cv_20260827_dev_0000075,1,allow,0.137674136265,0.0116357732377,0,0.0116357732377,0,0,0,
cv_20260827_evt_0003025,cv_20260827_req_0001102,cv_20260827_dev_0000853,1,allow,0.13046325489,0.00820512873941,0,0.00820512873941,0,0,0,
cv_20260827_evt_0002139,cv_20260827_req_0000778,cv_20260827_dev_0000607,1,allow,0.241399767972,0.028783095908,0,0.028783095908,0,0,0,
cv_20260827_evt_0000951,cv_20260827_req_0000345,cv_20260827_dev_0000277,1,allow,0.241475621123,0.028783095908,0,0.028783095908,0,0,0,
cv_20260827_evt_0000953,cv_20260827_req_0000346,cv_20260827_dev_0000277,2,allow,0.496355767593,0.284737559009,0,0.307763085711,0,0,0,stable_retry_risk_reduction
cv_20260827_evt_0011149,cv_20260827_req_0004721,cv_20260827_dev_0001911,1,allow,0.14289344427,0.0116357732377,0,0.0116357732377,0,0,0,
cv_20260827_evt_0009791,cv_20260827_req_0004061,cv_20260827_dev_0001835,1,allow,0.219541504576,0.0259720802764,0,0.0259720802764,0,0,0,
cv_20260827_evt_0009793,cv_20260827_req_0004062,cv_20260827_dev_0001835,2,allow,0.488202054575,0.284737559009,0,0.310704490278,0,0,0,
cv_20260827_evt_0009795,cv_20260827_req_0004063,cv_20260827_dev_0001835,3,allow,0.761842914676,0.474791810673,0,0.785433279206,0,0,0,
cv_20260827_evt_0005925,cv_20260827_req_0002235,cv_20260827_dev_0001533,1,allow,0.157720329132,0.0250286633218,0,0.0250286633218,0,0,0,
cv_20260827_evt_0009797,cv_20260827_req_0004064,cv_20260827_dev_0001835,4,allow,0.739317178856,0.474791810673,1,1.26015217975,0,0,1,high_risk_with_card_diversity
cv_20260827_evt_0009799,cv_20260827_req_0004065,cv_20260827_dev_0001835,5,allow,0.905553428874,0.920638394369,1,2.18066493229,1,1,2,high_risk_with_card_diversity|high_risk_with_card_switching
cv_20260827_evt_0005927,cv_20260827_req_0002236,cv_20260827_dev_0001533,2,allow,0.245446701382,0.028783095908,0,0.0538088622359,0,0,1,high_risk_with_card_diversity
cv_20260827_evt_0011151,cv_20260827_req_0004722,cv_20260827_dev_0001911,2,allow,0.663262413029,0.474791810673,0,0.48641525512,0,0,0,
cv_20260827_evt_0006647,cv_20260827_req_0002539,cv_20260827_dev_0001660,1,allow,0.136339611703,0.00820512873941,0,0.00820512873941,0,0,0,
cv_20260827_evt_0006649,cv_20260827_req_0002540,cv_20260827_dev_0001660,2,allow,0.357818926509,0.0930102271251,0,0.099574292502,0,0,0,stable_retry_risk_reduction
cv_20260827_evt_0006651,cv_20260827_req_0002541,cv_20260827_dev_0001660,3,allow,0.479453366703,0.284737559009,1,0.384311395032,0,0,1,high_risk_with_card_diversity
cv_20260827_evt_0004985,cv_20260827_req_0001876,cv_20260827_dev_0001283,1,allow,0.24071782087,0.028783095908,0,0.028783095908,0,0,0,
cv_20260827_evt_0004987,cv_20260827_req_0001877,cv_20260827_dev_0001283,2,allow,0.48281911754,0.284737559009,0,0.313518708712,0,0,0,
cv_20260827_evt_0004989,cv_20260827_req_0001878,cv_20260827_dev_0001283,3,allow,0.775903251962,0.474791810673,1,0.788276745455,0,0,0,
cv_20260827_evt_0008033,cv_20260827_req_0003204,cv_20260827_dev_0001754,1,allow,0.242311077685,0.028783095908,0,0.028783095908,0,0,0,
cv_20260827_evt_0008035,cv_20260827_req_0003205,cv_20260827_dev_0001754,2,allow,0.216835112554,0.0259720802764,0,0.0547551431967,0,0,0,
cv_20260827_evt_0008037,cv_20260827_req_0003206,cv_20260827_dev_0001754,3,allow,0.849020660904,0.834086215288,0,0.888841170225,1,1,1,high_risk_with_card_diversity
cv_20260827_evt_0008039,cv_20260827_req_0003207,cv_20260827_dev_0001754,4,allow,0.932070206818,0.968667664035,2,1.85750577822,2,2,2,high_risk_with_card_diversity|persistent_high_model_risk
cv_20260827_evt_0008041,cv_20260827_req_0003208,cv_20260827_dev_0001754,5,review,0.937999846544,0.968667664035,3,2.82616705574,3,3,3,persistent_high_model_risk|high_risk_with_card_diversity|high_risk_with_ip_rotation
cv_20260827_evt_0008043,cv_20260827_req_0003209,cv_20260827_dev_0001754,6,block,0.981461109775,1,5,3.82615409975,4,4,4,persistent_high_model_risk|high_risk_with_card_diversity|high_risk_with_card_switching|high_risk_with_ip_rotation
cv_20260827_evt_0008045,cv_20260827_req_0003210,cv_20260827_dev_0001754,7,block,0.982070648787,1,5,4.82614971469,5,5,4,persistent_high_model_risk|high_risk_with_card_diversity|high_risk_with_card_switching|high_risk_with_ip_rotation
cv_20260827_evt_0003152,cv_20260827_req_0001148,cv_20260827_dev_0000892,1,allow,0.166268510669,0.0250286633218,0,0.0250286633218,0,0,0,
cv_20260827_evt_0005229,cv_20260827_req_0001976,cv_20260827_dev_0001329,3,allow,0.082804229042,0.00548001258357,0,0.00823088509929,0,0,2,high_risk_with_card_diversity|cross_session_card_diversity
cv_20260827_evt_0002142,cv_20260827_req_0000779,cv_20260827_dev_0000608,1,allow,0.203572184859,0.0250286633218,0,0.0250286633218,0,0,0,
cv_20260827_evt_0007262,cv_20260827_req_0002827,cv_20260827_dev_0001713,1,allow,0.207256321505,0.0250286633218,0,0.0250286633218,0,0,0,
cv_20260827_evt_0007264,cv_20260827_req_0002828,cv_20260827_dev_0001713,2,allow,0.532849348922,0.474791810673,0,0.499820359256,0,0,0,
cv_20260827_evt_0007266,cv_20260827_req_0002829,cv_20260827_dev_0001713,3,allow,0.805565734004,0.584793744945,1,1.08461353137,1,1,1,high_risk_with_card_diversity
cv_20260827_evt_0007268,cv_20260827_req_0002830,cv_20260827_dev_0001713,4,allow,0.915443988844,0.920638394369,3,2.00524819659,2,2,2,high_risk_with_card_diversity|high_risk_with_card_switching
cv_20260827_evt_0007270,cv_20260827_req_0002831,cv_20260827_dev_0001713,5,review,0.958214294842,0.978665935245,3,2.98390493919,3,3,3,persistent_high_model_risk|high_risk_with_card_diversity|high_risk_with_card_switching
cv_20260827_evt_0007272,cv_20260827_req_0002832,cv_20260827_dev_0001713,6,review,0.967354897738,0.987077221928,4,3.97097532155,4,4,4,persistent_high_model_risk|high_risk_with_card_diversity|high_risk_with_card_switching|high_risk_with_ip_rotation
cv_20260827_evt_0007274,cv_20260827_req_0002833,cv_20260827_dev_0001713,7,block,0.989727977097,1,5,4.97095711743,5,5,4,persistent_high_model_risk|high_risk_with_card_diversity|high_risk_with_card_switching|high_risk_with_ip_rotation
cv_20260827_evt_0007276,cv_20260827_req_0002834,cv_20260827_dev_0001713,8,block,0.989619124938,1,5,5.97094572324,6,6,4,persistent_high_model_risk|high_risk_with_card_diversity|high_risk_with_card_switching|high_risk_with_ip_rotation
cv_20260827_evt_0007278,cv_20260827_req_0002835,cv_20260827_dev_0001713,9,block,0.99405757555,1,5,6.97091835066,7,7,4,persistent_high_model_risk|high_risk_with_card_diversity|high_risk_with_card_switching|high_risk_with_ip_rotation
cv_20260827_evt_0007280,cv_20260827_req_0002836,cv_20260827_dev_0001713,10,block,0.993680819853,1,5,7.97089438308,8,8,4,persistent_high_model_risk|high_risk_with_card_diversity|high_risk_with_card_switching|high_risk_with_ip_rotation
cv_20260827_evt_0007282,cv_20260827_req_0002837,cv_20260827_dev_0001713,11,block,0.996019281831,1,5,8.97088524783,9,9,4,persistent_high_model_risk|high_risk_with_card_diversity|high_risk_with_card_switching|high_risk_with_ip_rotation
cv_20260827_evt_0007284,cv_20260827_req_0002838,cv_20260827_dev_0001713,12,block,0.995031047064,1,5,9.97085440391,10,10,4,persistent_high_model_risk|high_risk_with_card_diversity|high_risk_with_card_switching|high_risk_with_ip_rotation
cv_20260827_evt_0009648,cv_20260827_req_0003992,cv_20260827_dev_0001825,15,block,0.849136610127,0.834086215288,2,8.42706631053,13,13,4,persistent_high_model_risk|high_risk_with_card_diversity|cross_session_card_diversity|high_risk_with_ip_rotation
cv_20260827_evt_0009650,cv_20260827_req_0003993,cv_20260827_dev_0001825,16,block,0.909613921891,0.920638394369,2,9.34727976079,14,14,4,persistent_high_model_risk|high_risk_with_card_diversity|cross_session_card_diversity|high_risk_with_ip_rotation
cv_20260827_evt_0009652,cv_20260827_req_0003994,cv_20260827_dev_0001825,17,block,0.933549139883,0.968667664035,2,10.3143942125,15,15,4,persistent_high_model_risk|high_risk_with_card_diversity|cross_session_card_diversity|high_risk_with_ip_rotation
cv_20260827_evt_0009654,cv_20260827_req_0003995,cv_20260827_dev_0001825,18,block,0.939002692465,0.968667664035,2,11.2812534088,16,16,4,persistent_high_model_risk|high_risk_with_card_diversity|cross_session_card_diversity|high_risk_with_ip_rotation
cv_20260827_evt_0009656,cv_20260827_req_0003996,cv_20260827_dev_0001825,19,block,0.907004193997,0.920638394369,2,12.2006894534,16,17,4,persistent_high_model_risk|high_risk_with_card_diversity|cross_session_card_diversity|high_risk_with_ip_rotation
cv_20260827_evt_0001454,cv_20260827_req_0000528,cv_20260827_dev_0000419,1,allow,0.187772133486,0.0250286633218,0,0.0250286633218,0,0,0,
cv_20260827_evt_0001061,cv_20260827_req_0000385,cv_20260827_dev_0000308,1,allow,0.235160708099,0.028783095908,0,0.028783095908,0,0,0,
cv_20260827_evt_0000234,cv_20260827_req_0000086,cv_20260827_dev_0000067,1,allow,0.232859299401,0.028783095908,0,0.028783095908,0,0,0,
cv_20260827_evt_0002842,cv_20260827_req_0001036,cv_20260827_dev_0000801,2,allow,0.0737972216763,0,0,0.0117174465926,0,0,1,successful_checkout_risk_reduction|high_risk_with_ip_rotation
cv_20260827_evt_0005945,cv_20260827_req_0002243,cv_20260827_dev_0001537,1,allow,0.124521005093,0.00548001258357,0,0.00548001258357,0,0,0,
cv_20260827_evt_0000768,cv_20260827_req_0000279,cv_20260827_dev_0000223,1,allow,0.236354678318,0.028783095908,0,0.028783095908,0,0,0,
cv_20260827_evt_0002313,cv_20260827_req_0000841,cv_20260827_dev_0000656,1,allow,0.241399767972,0.028783095908,0,0.028783095908,0,0,0,
cv_20260827_evt_0006849,cv_20260827_req_0002630,cv_20260827_dev_0001685,1,allow,0.114806947354,0.00548001258357,0,0.00548001258357,0,0,0,
cv_20260827_evt_0002783,cv_20260827_req_0001015,cv_20260827_dev_0000783,2,allow,0.0844194177042,0.00548001258357,0,0.0134051365395,0,0,3,successful_checkout_risk_reduction|high_risk_with_card_diversity|cross_session_card_diversity|high_risk_with_ip_rotation
cv_20260827_evt_0006851,cv_20260827_req_0002631,cv_20260827_dev_0001685,2,allow,0.292902015724,0.0930102271251,0,0.0973940110993,0,0,0,stable_retry_risk_reduction
cv_20260827_evt_0006853,cv_20260827_req_0002632,cv_20260827_dev_0001685,3,allow,0.408710561776,0.0930102271251,1,0.170922578559,0,0,0,stable_retry_risk_reduction
cv_20260827_evt_0000562,cv_20260827_req_0000205,cv_20260827_dev_0000165,1,allow,0.132464502904,0.00820512873941,0,0.00820512873941,0,0,0,
cv_20260827_evt_0000564,cv_20260827_req_0000206,cv_20260827_dev_0000165,2,allow,0.461614435526,0.0930102271251,0,0.101214782258,0,0,1,high_risk_with_card_diversity
cv_20260827_evt_0005606,cv_20260827_req_0002114,cv_20260827_dev_0001439,1,allow,0.150937508694,0.0193933904297,0,0.0193933904297,0,0,0,
cv_20260827_evt_0011306,cv_20260827_req_0004797,cv_20260827_dev_0001921,6,block,0.870008765027,0.920638394369,2,3.35647434642,5,5,3,persistent_high_model_risk|high_risk_with_card_diversity|cross_session_card_diversity
cv_20260827_evt_0004923,cv_20260827_req_0001848,cv_20260827_dev_0001277,1,allow,0.190750806246,0.0250286633218,0,0.0250286633218,0,0,0,
cv_20260827_evt_0004925,cv_20260827_req_0001849,cv_20260827_dev_0001277,2,allow,0.308540506503,0.0930102271251,0,0.11803645236,0,0,0,
cv_20260827_evt_0004927,cv_20260827_req_0001850,cv_20260827_dev_0001277,3,allow,0.715324543962,0.474791810673,1,0.592817441224,0,0,1,high_risk_with_card_diversity
cv_20260827_evt_0007612,cv_20260827_req_0002997,cv_20260827_dev_0001731,1,allow,0.234119415798,0.028783095908,0,0.028783095908,0,0,0,
cv_20260827_evt_0007614,cv_20260827_req_0002998,cv_20260827_dev_0001731,2,allow,0.32213053948,0.0930102271251,0,0.121793290045,0,0,0,
cv_20260827_evt_0007616,cv_20260827_req_0002999,cv_20260827_dev_0001731,3,allow,0.853642451876,0.855151534315,1,0.976944684777,1,1,2,high_risk_with_card_diversity|high_risk_with_card_switching
cv_20260827_evt_0007618,cv_20260827_req_0003000,cv_20260827_dev_0001731,4,allow,0.920413261111,0.920638394369,3,1.89757972019,2,2,3,high_risk_with_card_diversity|high_risk_with_card_switching|persistent_high_model_risk
cv_20260827_evt_0007620,cv_20260827_req_0003001,cv_20260827_dev_0001731,5,review,0.959113946572,0.978665935245,3,2.8762413059,3,3,3,persistent_high_model_risk|high_risk_with_card_diversity|high_risk_with_card_switching
cv_20260827_evt_0007622,cv_20260827_req_0003002,cv_20260827_dev_0001731,6,block,0.97278494128,1,4,3.3009904076,4,4,4,stable_retry_risk_reduction|persistent_high_model_risk|high_risk_with_card_diversity|high_risk_with_card_switching|high_risk_with_ip_rotation
cv_20260827_evt_0007624,cv_20260827_req_0003003,cv_20260827_dev_0001731,7,block,0.953541761397,0.978665935245,4,4.27965255966,5,5,4,persistent_high_model_risk|high_risk_with_card_diversity|high_risk_with_card_switching|high_risk_with_ip_rotation
cv_20260827_evt_0007626,cv_20260827_req_0003004,cv_20260827_dev_0001731,8,block,0.984178984752,1,5,5.27963294047,6,6,4,persistent_high_model_risk|high_risk_with_card_diversity|high_risk_with_card_switching|high_risk_with_ip_rotation
cv_20260827_evt_0011308,cv_20260827_req_0004798,cv_20260827_dev_0001921,7,block,0.916155145458,0.920638394369,2,4.27350256011,6,6,3,persistent_high_model_risk|high_risk_with_card_diversity|cross_session_card_diversity
cv_20260827_evt_0011310,cv_20260827_req_0004799,cv_20260827_dev_0001921,8,block,0.934915461298,0.968667664035,2,5.24037312358,7,7,3,persistent_high_model_risk|high_risk_with_card_diversity|cross_session_card_diversity
cv_20260827_evt_0000890,cv_20260827_req_0000323,cv_20260827_dev_0000260,1,allow,0.153799195655,0.0193933904297,0,0.0193933904297,0,0,0,
cv_20260827_evt_0003731,cv_20260827_req_0001360,cv_20260827_dev_0001053,1,allow,0.245672525242,0.028783095908,0,0.028783095908,0,0,0,
cv_20260827_evt_0007311,cv_20260827_req_0002851,cv_20260827_dev_0001715,1,allow,0.22465761325,0.0259720802764,0,0.0259720802764,0,0,0,
cv_20260827_evt_0007313,cv_20260827_req_0002852,cv_20260827_dev_0001715,2,allow,0.272390548782,0.0930102271251,0,0.11898224787,0,0,0,
cv_20260827_evt_0007315,cv_20260827_req_0002853,cv_20260827_dev_0001715,3,allow,0.791454106597,0.559667304185,0,0.654852666121,1,1,0,stable_retry_risk_reduction
cv_20260827_evt_0007317,cv_20260827_req_0002854,cv_20260827_dev_0001715,4,allow,0.871732874687,0.920638394369,2,1.57548880896,2,2,0,
cv_20260827_evt_0007319,cv_20260827_req_0002855,cv_20260827_dev_0001715,5,review,0.883082020861,0.920638394369,2,2.49611998082,3,3,2,persistent_high_model_risk|high_risk_with_card_diversity
cv_20260827_evt_0007321,cv_20260827_req_0002856,cv_20260827_dev_0001715,6,review,0.959264923806,0.978665935245,4,3.47477733385,4,4,3,persistent_high_model_risk|high_risk_with_card_diversity|high_risk_with_ip_rotation
cv_20260827_evt_0007323,cv_20260827_req_0002857,cv_20260827_dev_0001715,7,block,0.979786603112,1,4,4.47476538678,5,5,3,persistent_high_model_risk|high_risk_with_card_diversity|high_risk_with_ip_rotation
cv_20260827_evt_0007325,cv_20260827_req_0002858,cv_20260827_dev_0001715,8,block,0.985344856776,1,4,5.47475000154,6,6,3,persistent_high_model_risk|high_risk_with_card_diversity|high_risk_with_ip_rotation
cv_20260827_evt_0007327,cv_20260827_req_0002859,cv_20260827_dev_0001715,9,block,0.991962995586,1,4,6.47473745258,7,7,3,persistent_high_model_risk|high_risk_with_card_diversity|high_risk_with_ip_rotation
cv_20260827_evt_0007329,cv_20260827_req_0002860,cv_20260827_dev_0001715,10,block,0.994901959448,1,4,7.47471519099,8,8,3,persistent_high_model_risk|high_risk_with_card_diversity|high_risk_with_ip_rotation
cv_20260827_evt_0003672,cv_20260827_req_0001337,cv_20260827_dev_0001035,1,allow,0.223991160798,0.0259720802764,0,0.0259720802764,0,0,0,
cv_20260827_evt_0003674,cv_20260827_req_0001338,cv_20260827_dev_0001035,2,allow,0.514761009256,0.284737559009,0,0.310708359379,0,0,0,
cv_20260827_evt_0001120,cv_20260827_req_0000407,cv_20260827_dev_0000326,1,allow,0.149325759568,0.0193933904297,0,0.0193933904297,0,0,0,
cv_20260827_evt_0002635,cv_20260827_req_0000961,cv_20260827_dev_0000743,4,allow,0.155679144421,0.0193933904297,0,0.0278836463477,0,0,2,successful_checkout_risk_reduction|high_risk_with_card_diversity|cross_session_card_diversity
cv_20260827_evt_0005111,cv_20260827_req_0001932,cv_20260827_dev_0001299,1,allow,0.218426011994,0.0259720802764,0,0.0259720802764,0,0,0,
cv_20260827_evt_0005113,cv_20260827_req_0001933,cv_20260827_dev_0001299,2,allow,0.488439370332,0.284737559009,0,0.31070880585,0,0,0,
cv_20260827_evt_0005115,cv_20260827_req_0001934,cv_20260827_dev_0001299,3,allow,0.790610603879,0.512761020882,1,0.823460568371,1,1,1,high_risk_with_card_diversity
cv_20260827_evt_0011865,cv_20260827_req_0005068,cv_20260827_dev_0001962,1,allow,0.222500741126,0.0259720802764,0,0.0259720802764,0,0,0,
cv_20260827_evt_0002858,cv_20260827_req_0001042,cv_20260827_dev_0000807,1,allow,0.245173974169,0.028783095908,0,0.028783095908,0,0,0,
cv_20260827_evt_0010373,cv_20260827_req_0004343,cv_20260827_dev_0001867,1,allow,0.205391229566,0.0250286633218,0,0.0250286633218,0,0,0,
cv_20260827_evt_0010375,cv_20260827_req_0004344,cv_20260827_dev_0001867,2,allow,0.394732061451,0.0930102271251,0,0.118034788861,0,0,0,
cv_20260827_evt_0010377,cv_20260827_req_0004345,cv_20260827_dev_0001867,3,allow,0.798729674615,0.559667304185,0,0.654077280409,1,1,0,stable_retry_risk_reduction
cv_20260827_evt_0011867,cv_20260827_req_0005069,cv_20260827_dev_0001962,2,allow,0.687014584044,0.474791810673,0,0.500738512962,0,0,0,
cv_20260827_evt_0010379,cv_20260827_req_0004346,cv_20260827_dev_0001867,4,allow,0.826547904942,0.627563763201,1,1.28155034555,2,2,0,
cv_20260827_evt_0010381,cv_20260827_req_0004347,cv_20260827_dev_0001867,5,review,0.905808530179,0.920638394369,1,2.20203893567,3,3,1,persistent_high_model_risk
cv_20260827_evt_0010383,cv_20260827_req_0004348,cv_20260827_dev_0001867,6,review,0.946823346477,0.978665935245,1,3.1806064486,4,4,2,persistent_high_model_risk|high_risk_with_card_diversity
cv_20260827_evt_0010385,cv_20260827_req_0004349,cv_20260827_dev_0001867,7,block,0.971494253002,1,2,4.180048779,5,5,4,persistent_high_model_risk|high_risk_with_card_diversity|high_risk_with_card_switching|high_risk_with_ip_rotation
cv_20260827_evt_0010387,cv_20260827_req_0004350,cv_20260827_dev_0001867,8,block,0.970796207368,1,2,5.17940209041,6,6,4,persistent_high_model_risk|high_risk_with_card_diversity|high_risk_with_card_switching|high_risk_with_ip_rotation
cv_20260827_evt_0010389,cv_20260827_req_0004351,cv_20260827_dev_0001867,9,block,0.984884168557,1,2,6.17885007257,7,7,4,persistent_high_model_risk|high_risk_with_card_diversity|high_risk_with_card_switching|high_risk_with_ip_rotation
cv_20260827_evt_0005399,cv_20260827_req_0002038,cv_20260827_dev_0001376,1,allow,0.142083758896,0.0116357732377,0,0.0116357732377,0,0,0,
cv_20260827_evt_0005948,cv_20260827_req_0002244,cv_20260827_dev_0001538,1,allow,0.110135789341,0.00548001258357,0,0.00548001258357,0,0,0,
cv_20260827_evt_0001115,cv_20260827_req_0000405,cv_20260827_dev_0000325,1,allow,0.244178923097,0.028783095908,0,0.028783095908,0,0,0,
cv_20260827_evt_0009129,cv_20260827_req_0003739,cv_20260827_dev_0001802,1,allow,0.239886118442,0.028783095908,0,0.028783095908,0,0,0,
cv_20260827_evt_0009131,cv_20260827_req_0003740,cv_20260827_dev_0001802,2,allow,0.577329843529,0.474791810673,0,0.503574807618,0,0,1,high_risk_with_card_diversity
cv_20260827_evt_0009133,cv_20260827_req_0003741,cv_20260827_dev_0001802,3,allow,0.93107479541,0.968667664035,1,1.47224074025,1,1,1,high_risk_with_card_diversity
cv_20260827_evt_0009135,cv_20260827_req_0003742,cv_20260827_dev_0001802,4,allow,0.963117019277,0.987077221928,4,2.45931627488,2,2,2,high_risk_with_card_diversity|persistent_high_model_risk
cv_20260827_evt_0009137,cv_20260827_req_0003743,cv_20260827_dev_0001802,5,review,0.983677380403,1,5,3.45930500064,3,3,3,rule_corroborated_review|high_risk_with_card_diversity|high_risk_with_card_switching|persistent_high_model_risk
cv_20260827_evt_0009139,cv_20260827_req_0003744,cv_20260827_dev_0001802,6,block,0.991437933255,1,5,4.45929310678,4,4,3,persistent_high_model_risk|high_risk_with_card_diversity|high_risk_with_card_switching
cv_20260827_evt_0009141,cv_20260827_req_0003745,cv_20260827_dev_0001802,7,block,0.989676909498,1,5,5.45928799609,5,5,4,persistent_high_model_risk|high_risk_with_card_diversity|high_risk_with_card_switching|high_risk_with_ip_rotation
cv_20260827_evt_0003365,cv_20260827_req_0001225,cv_20260827_dev_0000948,1,allow,0.251630302281,0.028783095908,0,0.028783095908,0,0,0,
cv_20260827_evt_0009773,cv_20260827_req_0004052,cv_20260827_dev_0001834,1,allow,0.242615367092,0.028783095908,0,0.028783095908,0,0,0,
cv_20260827_evt_0009775,cv_20260827_req_0004053,cv_20260827_dev_0001834,2,allow,0.366902659806,0.0930102271251,0,0.121788342331,0,0,1,high_risk_with_card_diversity
cv_20260827_evt_0009777,cv_20260827_req_0004054,cv_20260827_dev_0001834,3,allow,0.8679307616,0.920638394369,0,1.04240217331,1,1,1,high_risk_with_card_diversity
cv_20260827_evt_0009779,cv_20260827_req_0004055,cv_20260827_dev_0001834,4,allow,0.927517529374,0.968667664035,1,2.01098979734,2,2,2,high_risk_with_card_diversity|persistent_high_model_risk
cv_20260827_evt_0009781,cv_20260827_req_0004056,cv_20260827_dev_0001834,5,review,0.966039348533,0.987077221928,1,2.99776051108,3,3,2,persistent_high_model_risk|high_risk_with_card_diversity
cv_20260827_evt_0009783,cv_20260827_req_0004057,cv_20260827_dev_0001834,6,block,0.976062161555,1,1,3.99725207601,4,4,3,persistent_high_model_risk|high_risk_with_card_diversity|high_risk_with_ip_rotation
cv_20260827_evt_0009785,cv_20260827_req_0004058,cv_20260827_dev_0001834,7,block,0.992123379241,1,1,4.99667489185,5,5,3,persistent_high_model_risk|high_risk_with_card_diversity|high_risk_with_ip_rotation
cv_20260827_evt_0009787,cv_20260827_req_0004059,cv_20260827_dev_0001834,8,block,0.99213660461,1,1,5.99622251309,6,6,3,persistent_high_model_risk|high_risk_with_card_diversity|high_risk_with_ip_rotation
cv_20260827_evt_0009789,cv_20260827_req_0004060,cv_20260827_dev_0001834,9,block,0.99402594784,1,1,6.9955971818,7,7,3,persistent_high_model_risk|high_risk_with_card_diversity|high_risk_with_ip_rotation
cv_20260827_evt_0004024,cv_20260827_req_0001467,cv_20260827_dev_0001137,1,allow,0.204278162542,0.0250286633218,0,0.0250286633218,0,0,0,
cv_20260827_evt_0003544,cv_20260827_req_0001291,cv_20260827_dev_0001000,1,allow,0.227866189857,0.028783095908,0,0.028783095908,0,0,0,
cv_20260827_evt_0006054,cv_20260827_req_0002283,cv_20260827_dev_0001568,1,allow,0.113758875834,0.00548001258357,0,0.00548001258357,0,0,0,
cv_20260827_evt_0003817,cv_20260827_req_0001391,cv_20260827_dev_0001076,2,allow,0.0968828881701,0.00548001258357,0,0.0134052818656,0,0,0,successful_checkout_risk_reduction
cv_20260827_evt_0003819,cv_20260827_req_0001392,cv_20260827_dev_0001076,3,allow,0.17043746155,0.0250286633218,0,0.038432501098,0,0,2,high_risk_with_card_diversity|cross_session_card_diversity
cv_20260827_evt_0000845,cv_20260827_req_0000307,cv_20260827_dev_0000246,1,allow,0.22073264064,0.0259720802764,0,0.0259720802764,0,0,0,
cv_20260827_evt_0000328,cv_20260827_req_0000120,cv_20260827_dev_0000093,2,allow,0.0618251391263,0,0,0.0117613985847,0,0,1,successful_checkout_risk_reduction|high_risk_with_ip_rotation
cv_20260827_evt_0001950,cv_20260827_req_0000709,cv_20260827_dev_0000556,2,allow,0.621709142872,0.474791810673,0,0.497460863329,0,0,1,high_risk_with_ip_rotation
cv_20260827_evt_0001801,cv_20260827_req_0000654,cv_20260827_dev_0000512,1,allow,0.215103443449,0.0259720802764,0,0.0259720802764,0,0,0,
cv_20260827_evt_0001827,cv_20260827_req_0000664,cv_20260827_dev_0000521,1,allow,0.0956759939081,0.00548001258357,0,0.00548001258357,0,0,0,
cv_20260827_evt_0005803,cv_20260827_req_0002189,cv_20260827_dev_0001497,1,allow,0.125086488319,0.00548001258357,0,0.00548001258357,0,0,0,
cv_20260827_evt_0003013,cv_20260827_req_0001098,cv_20260827_dev_0000849,1,allow,0.184946170799,0.0250286633218,0,0.0250286633218,0,0,0,
cv_20260827_evt_0005487,cv_20260827_req_0002070,cv_20260827_dev_0001399,1,allow,0.147155543515,0.0193933904297,0,0.0193933904297,0,0,0,
cv_20260827_evt_0000967,cv_20260827_req_0000351,cv_20260827_dev_0000281,1,allow,0.258714450214,0.0930102271251,0,0.0930102271251,0,0,0,
cv_20260827_evt_0010767,cv_20260827_req_0004535,cv_20260827_dev_0001892,1,allow,0.254134288707,0.0690182853703,0,0.0690182853703,0,0,0,
cv_20260827_evt_0010769,cv_20260827_req_0004536,cv_20260827_dev_0001892,2,allow,0.537190716909,0.474791810673,0,0.529997643722,0,0,0,stable_retry_risk_reduction
cv_20260827_evt_0010771,cv_20260827_req_0004537,cv_20260827_dev_0001892,3,allow,0.684200838647,0.474791810673,0,1.00477366176,0,0,0,
cv_20260827_evt_0010773,cv_20260827_req_0004538,cv_20260827_dev_0001892,4,allow,0.914591615351,0.920638394369,0,1.92530727076,1,1,0,
cv_20260827_evt_0010775,cv_20260827_req_0004539,cv_20260827_dev_0001892,5,allow,0.939873893638,0.968667664035,0,2.89366604261,2,2,1,persistent_high_model_risk
cv_20260827_evt_0010777,cv_20260827_req_0004540,cv_20260827_dev_0001892,6,review,0.969461496089,0.987077221928,0,3.88066035664,3,3,1,persistent_high_model_risk
cv_20260827_evt_0010779,cv_20260827_req_0004541,cv_20260827_dev_0001892,7,block,0.958042665293,0.978665935245,1,4.85855694471,4,4,3,persistent_high_model_risk|high_risk_with_card_diversity|high_risk_with_ip_rotation
cv_20260827_evt_0010781,cv_20260827_req_0004542,cv_20260827_dev_0001892,8,block,0.951731763455,0.978665935245,1,5.83659927275,5,5,3,persistent_high_model_risk|high_risk_with_card_diversity|high_risk_with_ip_rotation
cv_20260827_evt_0010783,cv_20260827_req_0004543,cv_20260827_dev_0001892,9,block,0.975949074367,1,1,6.83543546967,6,6,3,persistent_high_model_risk|high_risk_with_card_diversity|high_risk_with_ip_rotation
cv_20260827_evt_0002429,cv_20260827_req_0000884,cv_20260827_dev_0000688,1,allow,0.20774995181,0.0250286633218,0,0.0250286633218,0,0,0,
cv_20260827_evt_0002542,cv_20260827_req_0000926,cv_20260827_dev_0000719,1,allow,0.165566515929,0.0250286633218,0,0.0250286633218,0,0,0,
cv_20260827_evt_0003093,cv_20260827_req_0001127,cv_20260827_dev_0000875,1,allow,0.12794699977,0.00820512873941,0,0.00820512873941,0,0,0,
cv_20260827_evt_0000854,cv_20260827_req_0000310,cv_20260827_dev_0000249,1,allow,0.253702749223,0.0690182853703,0,0.0690182853703,0,0,0,
cv_20260827_evt_0005658,cv_20260827_req_0002133,cv_20260827_dev_0001457,1,allow,0.148015258434,0.0193933904297,0,0.0193933904297,0,0,0,
cv_20260827_evt_0000168,cv_20260827_req_0000061,cv_20260827_dev_0000052,1,allow,0.2125274876,0.0259720802764,0,0.0259720802764,0,0,0,
cv_20260827_evt_0000334,cv_20260827_req_0000122,cv_20260827_dev_0000095,1,allow,0.176074047674,0.0250286633218,0,0.0250286633218,0,0,0,
cv_20260827_evt_0005199,cv_20260827_req_0001965,cv_20260827_dev_0001321,1,allow,0.147754301404,0.0193933904297,0,0.0193933904297,0,0,0,
cv_20260827_evt_0002668,cv_20260827_req_0000973,cv_20260827_dev_0000753,1,allow,0.20128183569,0.0250286633218,0,0.0250286633218,0,0,0,
cv_20260827_evt_0003482,cv_20260827_req_0001269,cv_20260827_dev_0000981,1,allow,0.237777945725,0.028783095908,0,0.028783095908,0,0,0,
cv_20260827_evt_0011381,cv_20260827_req_0004833,cv_20260827_dev_0001925,6,review,0.858521765799,0.855151534315,3,2.93507168354,3,3,3,persistent_high_model_risk|high_risk_with_card_diversity|cross_session_card_diversity
cv_20260827_evt_0011383,cv_20260827_req_0004834,cv_20260827_dev_0001925,7,block,0.943759841222,0.968667664035,2,3.31593397433,4,4,3,stable_retry_risk_reduction|persistent_high_model_risk|high_risk_with_card_diversity|cross_session_card_diversity
cv_20260827_evt_0012435,cv_20260827_req_0005344,cv_20260827_dev_0001999,8,block,0.861997214782,0.855151534315,2,2.61434233903,5,5,3,persistent_high_model_risk|high_risk_with_card_diversity|cross_session_card_diversity
cv_20260827_evt_0012437,cv_20260827_req_0005345,cv_20260827_dev_0001999,9,block,0.927764878182,0.968667664035,2,3.58235690503,6,6,3,persistent_high_model_risk|high_risk_with_card_diversity|cross_session_card_diversity
cv_20260827_evt_0008716,cv_20260827_req_0003537,cv_20260827_dev_0001782,1,allow,0.199848499518,0.0250286633218,0,0.0250286633218,0,0,0,
cv_20260827_evt_0008718,cv_20260827_req_0003538,cv_20260827_dev_0001782,2,allow,0.230151492243,0.028783095908,0,0.0538117018603,0,0,0,
cv_20260827_evt_0012439,cv_20260827_req_0005346,cv_20260827_dev_0001999,10,block,0.959860610803,0.978665935245,2,4.55803106722,7,7,3,persistent_high_model_risk|high_risk_with_card_diversity|cross_session_card_diversity
cv_20260827_evt_0008720,cv_20260827_req_0003539,cv_20260827_dev_0001782,3,allow,0.689989746615,0.474791810673,0,0.528603265845,0,0,0,
cv_20260827_evt_0008722,cv_20260827_req_0003540,cv_20260827_dev_0001782,4,allow,0.822336115581,0.627563763201,2,1.15616642323,1,1,1,high_risk_with_card_diversity
cv_20260827_evt_0008724,cv_20260827_req_0003541,cv_20260827_dev_0001782,5,allow,0.938157851254,0.968667664035,4,2.12482878705,2,2,3,high_risk_with_card_diversity|high_risk_with_card_switching|persistent_high_model_risk
cv_20260827_evt_0008726,cv_20260827_req_0003542,cv_20260827_dev_0001782,6,review,0.949740367679,0.978665935245,4,3.10348985187,3,3,3,persistent_high_model_risk|high_risk_with_card_diversity|high_risk_with_card_switching
cv_20260827_evt_0008728,cv_20260827_req_0003543,cv_20260827_dev_0001782,7,block,0.947375928549,0.978665935245,4,4.08215223028,4,4,4,persistent_high_model_risk|high_risk_with_card_diversity|high_risk_with_card_switching|high_risk_with_ip_rotation
cv_20260827_evt_0008730,cv_20260827_req_0003544,cv_20260827_dev_0001782,8,block,0.966368597085,0.987077221928,4,5.06921073841,5,5,4,persistent_high_model_risk|high_risk_with_card_diversity|high_risk_with_card_switching|high_risk_with_ip_rotation
cv_20260827_evt_0008732,cv_20260827_req_0003545,cv_20260827_dev_0001782,9,block,0.977758821973,1,5,6.06918749965,6,6,4,persistent_high_model_risk|high_risk_with_card_diversity|high_risk_with_card_switching|high_risk_with_ip_rotation
cv_20260827_evt_0008734,cv_20260827_req_0003546,cv_20260827_dev_0001782,10,block,0.975632434541,1,4,7.06917358815,7,7,4,persistent_high_model_risk|high_risk_with_card_diversity|high_risk_with_card_switching|high_risk_with_ip_rotation
cv_20260827_evt_0000446,cv_20260827_req_0000164,cv_20260827_dev_0000131,1,allow,0.217613992013,0.0259720802764,0,0.0259720802764,0,0,0,
cv_20260827_evt_0003490,cv_20260827_req_0001272,cv_20260827_dev_0000984,1,allow,0.233340550176,0.028783095908,0,0.028783095908,0,0,0,
cv_20260827_evt_0000320,cv_20260827_req_0000117,cv_20260827_dev_0000091,1,allow,0.231235584592,0.028783095908,0,0.028783095908,0,0,0,
cv_20260827_evt_0009982,cv_20260827_req_0004155,cv_20260827_dev_0001845,1,allow,0.256259764305,0.0690182853703,0,0.0690182853703,0,0,0,
cv_20260827_evt_0009984,cv_20260827_req_0004156,cv_20260827_dev_0001845,2,allow,0.35897051459,0.0930102271251,0,0.162016490305,0,0,1,high_risk_with_card_diversity
cv_20260827_evt_0009986,cv_20260827_req_0004157,cv_20260827_dev_0001845,3,allow,0.878345262809,0.920638394369,2,1.08262870544,1,1,2,high_risk_with_card_diversity|high_risk_with_card_switching
cv_20260827_evt_0009988,cv_20260827_req_0004158,cv_20260827_dev_0001845,4,allow,0.910856472964,0.920638394369,2,2.00306735338,2,2,3,high_risk_with_card_diversity|high_risk_with_card_switching|persistent_high_model_risk
cv_20260827_evt_0009990,cv_20260827_req_0004159,cv_20260827_dev_0001845,5,review,0.947489446842,0.978665935245,2,2.98160014426,3,3,3,persistent_high_model_risk|high_risk_with_card_diversity|high_risk_with_card_switching
cv_20260827_evt_0009992,cv_20260827_req_0004160,cv_20260827_dev_0001845,6,block,0.98353191275,1,2,3.98152155102,4,4,3,persistent_high_model_risk|high_risk_with_card_diversity|high_risk_with_card_switching
cv_20260827_evt_0009994,cv_20260827_req_0004161,cv_20260827_dev_0001845,7,block,0.986412266293,1,2,4.98077326818,5,5,4,persistent_high_model_risk|high_risk_with_card_diversity|high_risk_with_card_switching|high_risk_with_ip_rotation
cv_20260827_evt_0009996,cv_20260827_req_0004162,cv_20260827_dev_0001845,8,block,0.982240217213,1,2,5.9799113822,6,6,4,persistent_high_model_risk|high_risk_with_card_diversity|high_risk_with_card_switching|high_risk_with_ip_rotation
cv_20260827_evt_0009998,cv_20260827_req_0004163,cv_20260827_dev_0001845,9,block,0.990685087447,1,2,6.97906846886,7,7,4,persistent_high_model_risk|high_risk_with_card_diversity|high_risk_with_card_switching|high_risk_with_ip_rotation
cv_20260827_evt_0003634,cv_20260827_req_0001323,cv_20260827_dev_0001024,2,allow,0.169780186413,0.0250286633218,0,0.0346899516003,0,0,1,successful_checkout_risk_reduction|high_risk_with_ip_rotation
cv_20260827_evt_0005245,cv_20260827_req_0001982,cv_20260827_dev_0001334,1,allow,0.142134251875,0.0116357732377,0,0.0116357732377,0,0,0,
cv_20260827_evt_0005711,cv_20260827_req_0002154,cv_20260827_dev_0001471,1,allow,0.106949990073,0.00548001258357,0,0.00548001258357,0,0,0,
cv_20260827_evt_0007521,cv_20260827_req_0002954,cv_20260827_dev_0001726,1,allow,0.230426701569,0.028783095908,0,0.028783095908,0,0,0,
cv_20260827_evt_0007523,cv_20260827_req_0002955,cv_20260827_dev_0001726,2,allow,0.32982485599,0.0930102271251,0,0.121793290045,0,0,1,high_risk_with_card_diversity
cv_20260827_evt_0007525,cv_20260827_req_0002956,cv_20260827_dev_0001726,3,allow,0.620977732056,0.474791810673,0,0.596584961134,0,0,1,high_risk_with_card_diversity
cv_20260827_evt_0007527,cv_20260827_req_0002957,cv_20260827_dev_0001726,4,allow,0.951018577622,0.978665935245,4,1.57524952892,1,1,2,high_risk_with_card_diversity|high_risk_with_card_switching
cv_20260827_evt_0007529,cv_20260827_req_0002958,cv_20260827_dev_0001726,5,allow,0.952725297698,0.978665935245,4,2.55391365881,2,2,4,high_risk_with_card_diversity|high_risk_with_card_switching|high_risk_with_ip_rotation|persistent_high_model_risk
cv_20260827_evt_0007531,cv_20260827_req_0002959,cv_20260827_dev_0001726,6,block,0.989879220897,1,6,3.55390780485,3,3,4,rule_corroborated_block|high_risk_with_card_diversity|high_risk_with_card_switching|high_risk_with_ip_rotation|persistent_high_model_risk
cv_20260827_evt_0007533,cv_20260827_req_0002960,cv_20260827_dev_0001726,7,block,0.987285028746,1,6,4.55389151268,4,4,4,rule_corroborated_block|high_risk_with_card_diversity|high_risk_with_card_switching|high_risk_with_ip_rotation|persistent_high_model_risk
cv_20260827_evt_0007535,cv_20260827_req_0002961,cv_20260827_dev_0001726,8,block,0.992374054237,1,6,5.55387585538,5,5,4,rule_corroborated_block|high_risk_with_card_diversity|high_risk_with_card_switching|high_risk_with_ip_rotation|persistent_high_model_risk
cv_20260827_evt_0003292,cv_20260827_req_0001199,cv_20260827_dev_0000928,1,allow,0.231567062981,0.028783095908,0,0.028783095908,0,0,0,
cv_20260827_evt_0004936,cv_20260827_req_0001854,cv_20260827_dev_0001278,4,allow,0.77168490907,0.474791810673,1,0.98675541781,0,0,0,
cv_20260827_evt_0004938,cv_20260827_req_0001855,cv_20260827_dev_0001278,5,allow,0.803197665782,0.559667304185,1,1.54638879566,1,1,2,high_risk_with_card_diversity|cross_session_card_diversity
cv_20260827_evt_0004940,cv_20260827_req_0001856,cv_20260827_dev_0001278,6,allow,0.931680567325,0.968667664035,3,2.51491113955,2,2,3,high_risk_with_card_diversity|high_risk_with_card_switching|cross_session_card_diversity
cv_20260827_evt_0001167,cv_20260827_req_0000423,cv_20260827_dev_0000339,1,allow,0.2380032104,0.028783095908,0,0.028783095908,0,0,0,
cv_20260827_evt_0001655,cv_20260827_req_0000600,cv_20260827_dev_0000472,1,allow,0.223272079416,0.0259720802764,0,0.0259720802764,0,0,0,
cv_20260827_evt_0000042,cv_20260827_req_0000016,cv_20260827_dev_0000013,1,allow,0.220216415241,0.0259720802764,0,0.0259720802764,0,0,0,
cv_20260827_evt_0011967,cv_20260827_req_0005117,cv_20260827_dev_0001969,3,allow,0.77284313335,0.474791810673,0,0.9678574939,0,0,0,
cv_20260827_evt_0003748,cv_20260827_req_0001366,cv_20260827_dev_0001059,1,allow,0.222626313846,0.0259720802764,0,0.0259720802764,0,0,0,
cv_20260827_evt_0011969,cv_20260827_req_0005118,cv_20260827_dev_0001969,4,allow,0.913830702692,0.920638394369,1,1.88743382054,1,1,2,high_risk_with_card_diversity|cross_session_card_diversity
cv_20260827_evt_0011971,cv_20260827_req_0005119,cv_20260827_dev_0001969,5,allow,0.982916395216,1,3,2.8852006151,2,2,4,high_risk_with_card_diversity|high_risk_with_card_switching|cross_session_card_diversity|persistent_high_model_risk
cv_20260827_evt_0004227,cv_20260827_req_0001541,cv_20260827_dev_0001197,1,allow,0.235272465154,0.028783095908,0,0.028783095908,0,0,0,
cv_20260827_evt_0000863,cv_20260827_req_0000313,cv_20260827_dev_0000252,1,allow,0.201998725952,0.0250286633218,0,0.0250286633218,0,0,0,
cv_20260827_evt_0012081,cv_20260827_req_0005173,cv_20260827_dev_0001977,1,allow,0.255510585056,0.0690182853703,0,0.0690182853703,0,0,0,
cv_20260827_evt_0002122,cv_20260827_req_0000771,cv_20260827_dev_0000603,1,allow,0.261744225809,0.0930102271251,0,0.0930102271251,0,0,0,
cv_20260827_evt_0012034,cv_20260827_req_0005150,cv_20260827_dev_0001974,1,allow,0.147016249854,0.0193933904297,0,0.0193933904297,0,0,0,
cv_20260827_evt_0012036,cv_20260827_req_0005151,cv_20260827_dev_0001974,2,allow,0.437141466834,0.0930102271251,0,0.112397195214,0,0,1,high_risk_with_card_diversity
cv_20260827_evt_0000548,cv_20260827_req_0000200,cv_20260827_dev_0000161,1,allow,0.142386941369,0.0116357732377,0,0.0116357732377,0,0,0,
cv_20260827_evt_0000550,cv_20260827_req_0000201,cv_20260827_dev_0000161,2,allow,0.456446856985,0.0930102271251,0,0.104645093585,0,0,0,
cv_20260827_evt_0012083,cv_20260827_req_0005174,cv_20260827_dev_0001977,2,allow,0.783202454419,0.474791810673,0,0.529938201836,0,0,0,stable_retry_risk_reduction
cv_20260827_evt_0012038,cv_20260827_req_0005152,cv_20260827_dev_0001974,3,allow,0.903538435768,0.920638394369,2,1.03294815768,1,1,2,high_risk_with_card_diversity|high_risk_with_card_switching
cv_20260827_evt_0002992,cv_20260827_req_0001090,cv_20260827_dev_0000845,2,allow,0.0581545384324,0,0,0.0129377474832,0,0,2,successful_checkout_risk_reduction|high_risk_with_card_diversity|cross_session_card_diversity
cv_20260827_evt_0000025,cv_20260827_req_0000010,cv_20260827_dev_0000008,1,allow,0.196786629336,0.0250286633218,0,0.0250286633218,0,0,0,
cv_20260827_evt_0012012,cv_20260827_req_0005139,cv_20260827_dev_0001972,3,allow,0.554555233745,0.474791810673,0,0.724356850737,0,0,3,high_risk_with_card_diversity|cross_session_card_diversity|high_risk_with_ip_rotation
cv_20260827_evt_0000364,cv_20260827_req_0000133,cv_20260827_dev_0000105,1,allow,0.237477821091,0.028783095908,0,0.028783095908,0,0,0,
cv_20260827_evt_0012014,cv_20260827_req_0005140,cv_20260827_dev_0001972,4,allow,0.94636930286,0.978665935245,0,1.7020811573,1,1,2,high_risk_with_card_diversity|cross_session_card_diversity
cv_20260827_evt_0000583,cv_20260827_req_0000213,cv_20260827_dev_0000170,1,allow,0.181660119376,0.0250286633218,0,0.0250286633218,0,0,0,
cv_20260827_evt_0001621,cv_20260827_req_0000588,cv_20260827_dev_0000463,3,allow,0.142755428269,0.0116357732377,0,0.0268354638857,0,0,1,successful_checkout_risk_reduction|high_risk_with_ip_rotation
cv_20260827_evt_0000785,cv_20260827_req_0000285,cv_20260827_dev_0000227,1,allow,0.227429264565,0.028783095908,0,0.028783095908,0,0,0,
cv_20260827_evt_0005788,cv_20260827_req_0002183,cv_20260827_dev_0001493,1,allow,0.110437169124,0.00548001258357,0,0.00548001258357,0,0,0,
cv_20260827_evt_0002108,cv_20260827_req_0000766,cv_20260827_dev_0000600,1,allow,0.189054460803,0.0250286633218,0,0.0250286633218,0,0,0,
cv_20260827_evt_0003680,cv_20260827_req_0001340,cv_20260827_dev_0001037,1,allow,0.255392425187,0.0690182853703,0,0.0690182853703,0,0,0,
cv_20260827_evt_0005262,cv_20260827_req_0001988,cv_20260827_dev_0001339,2,allow,0.0592689019343,0,0,0.00875069811311,0,0,0,successful_checkout_risk_reduction
cv_20260827_evt_0003973,cv_20260827_req_0001448,cv_20260827_dev_0001121,1,allow,0.20043436801,0.0250286633218,0,0.0250286633218,0,0,0,
cv_20260827_evt_0009175,cv_20260827_req_0003761,cv_20260827_dev_0001805,1,allow,0.242501228137,0.028783095908,0,0.028783095908,0,0,0,
cv_20260827_evt_0009177,cv_20260827_req_0003762,cv_20260827_dev_0001805,2,allow,0.567416156202,0.474791810673,0,0.503574807618,0,0,0,
cv_20260827_evt_0009179,cv_20260827_req_0003763,cv_20260827_dev_0001805,3,allow,0.836368455727,0.690081906596,0,1.19365555994,1,1,0,
cv_20260827_evt_0009181,cv_20260827_req_0003764,cv_20260827_dev_0001805,4,allow,0.937176034946,0.968667664035,2,1.92358882875,2,2,1,stable_retry_risk_reduction|persistent_high_model_risk
cv_20260827_evt_0009183,cv_20260827_req_0003765,cv_20260827_dev_0001805,5,review,0.965314220817,0.987077221928,2,2.91066164152,3,3,1,persistent_high_model_risk
cv_20260827_evt_0009185,cv_20260827_req_0003766,cv_20260827_dev_0001805,6,block,0.959706310493,0.978665935245,4,3.88931423343,4,4,3,persistent_high_model_risk|high_risk_with_card_diversity|high_risk_with_ip_rotation
cv_20260827_evt_0009187,cv_20260827_req_0003767,cv_20260827_dev_0001805,7,block,0.968107550716,0.987077221928,4,4.87637362559,5,5,3,persistent_high_model_risk|high_risk_with_card_diversity|high_risk_with_ip_rotation
cv_20260827_evt_0009189,cv_20260827_req_0003768,cv_20260827_dev_0001805,8,block,0.95913727083,0.978665935245,4,5.85503397214,6,6,3,persistent_high_model_risk|high_risk_with_card_diversity|high_risk_with_ip_rotation
cv_20260827_evt_0009305,cv_20260827_req_0003825,cv_20260827_dev_0001810,1,allow,0.30061355179,0.0930102271251,0,0.0930102271251,0,0,0,
cv_20260827_evt_0009307,cv_20260827_req_0003826,cv_20260827_dev_0001810,2,allow,0.508981866096,0.284737559009,0,0.37774586741,0,0,1,high_risk_with_card_diversity
cv_20260827_evt_0009309,cv_20260827_req_0003827,cv_20260827_dev_0001810,3,allow,0.879970197883,0.920638394369,3,1.29837820087,1,1,2,high_risk_with_card_diversity|high_risk_with_card_switching
cv_20260827_evt_0009311,cv_20260827_req_0003828,cv_20260827_dev_0001810,4,review,0.891195332824,0.920638394369,5,2.21898237074,2,2,3,rule_corroborated_review|high_risk_with_card_diversity|high_risk_with_card_switching|persistent_high_model_risk
cv_20260827_evt_0009313,cv_20260827_req_0003829,cv_20260827_dev_0001810,5,review,0.978879559889,1,4,3.21893659499,3,3,3,persistent_high_model_risk|high_risk_with_card_diversity|high_risk_with_card_switching
cv_20260827_evt_0009315,cv_20260827_req_0003830,cv_20260827_dev_0001810,6,block,0.986958256573,1,3,4.2188517457,4,4,4,persistent_high_model_risk|high_risk_with_card_diversity|high_risk_with_card_switching|high_risk_with_ip_rotation
cv_20260827_evt_0009317,cv_20260827_req_0003831,cv_20260827_dev_0001810,7,block,0.989668607334,1,5,5.2187792194,5,5,4,persistent_high_model_risk|high_risk_with_card_diversity|high_risk_with_card_switching|high_risk_with_ip_rotation
cv_20260827_evt_0009319,cv_20260827_req_0003832,cv_20260827_dev_0001810,8,block,0.994031530728,1,5,6.21870146541,6,6,4,persistent_high_model_risk|high_risk_with_card_diversity|high_risk_with_card_switching|high_risk_with_ip_rotation
cv_20260827_evt_0009321,cv_20260827_req_0003833,cv_20260827_dev_0001810,9,block,0.994530373575,1,5,7.21855892487,7,7,4,persistent_high_model_risk|high_risk_with_card_diversity|high_risk_with_card_switching|high_risk_with_ip_rotation
cv_20260827_evt_0009323,cv_20260827_req_0003834,cv_20260827_dev_0001810,10,block,0.995739797115,1,5,8.21847619512,8,8,4,persistent_high_model_risk|high_risk_with_card_diversity|high_risk_with_card_switching|high_risk_with_ip_rotation
cv_20260827_evt_0002888,cv_20260827_req_0001052,cv_20260827_dev_0000816,1,allow,0.244484801247,0.028783095908,0,0.028783095908,0,0,0,
cv_20260827_evt_0005598,cv_20260827_req_0002111,cv_20260827_dev_0001436,1,allow,0.139205512174,0.0116357732377,0,0.0116357732377,0,0,0,
cv_20260827_evt_0001126,cv_20260827_req_0000409,cv_20260827_dev_0000328,1,allow,0.18519603012,0.0250286633218,0,0.0250286633218,0,0,0,
cv_20260827_evt_0002914,cv_20260827_req_0001061,cv_20260827_dev_0000824,1,allow,0.229290280245,0.028783095908,0,0.028783095908,0,0,0,
cv_20260827_evt_0004204,cv_20260827_req_0001533,cv_20260827_dev_0001190,1,allow,0.248407424557,0.028783095908,0,0.028783095908,0,0,0,
cv_20260827_evt_0001457,cv_20260827_req_0000529,cv_20260827_dev_0000419,2,allow,0.182570646393,0.0250286633218,0,0.0374969280708,0,0,3,successful_checkout_risk_reduction|high_risk_with_card_diversity|cross_session_card_diversity|high_risk_with_ip_rotation
cv_20260827_evt_0002801,cv_20260827_req_0001021,cv_20260827_dev_0000788,1,allow,0.220554589506,0.0259720802764,0,0.0259720802764,0,0,0,
cv_20260827_evt_0001135,cv_20260827_req_0000412,cv_20260827_dev_0000330,1,allow,0.217825613026,0.0259720802764,0,0.0259720802764,0,0,0,
cv_20260827_evt_0011610,cv_20260827_req_0004945,cv_20260827_dev_0001941,1,allow,0.216980019698,0.0259720802764,0,0.0259720802764,0,0,0,
cv_20260827_evt_0011612,cv_20260827_req_0004946,cv_20260827_dev_0001941,2,allow,0.437836017525,0.0930102271251,0,0.118967458416,0,0,1,high_risk_with_card_diversity
cv_20260827_evt_0005912,cv_20260827_req_0002230,cv_20260827_dev_0001529,1,allow,0.132842323605,0.00820512873941,0,0.00820512873941,0,0,0,
cv_20260827_evt_0005914,cv_20260827_req_0002231,cv_20260827_dev_0001529,2,allow,0.301689294353,0.0930102271251,0,0.101214810468,0,0,1,high_risk_with_card_diversity
cv_20260827_evt_0001084,cv_20260827_req_0000393,cv_20260827_dev_0000315,1,allow,0.132532513293,0.00820512873941,0,0.00820512873941,0,0,0,
cv_20260827_evt_0005720,cv_20260827_req_0002157,cv_20260827_dev_0001472,3,allow,0.0648850493786,0,0,0.00236857457067,0,0,3,successful_checkout_risk_reduction|high_risk_with_card_diversity|cross_session_card_diversity|high_risk_with_ip_rotation
cv_20260827_evt_0008454,cv_20260827_req_0003410,cv_20260827_dev_0001770,10,block,0.908327136819,0.920638394369,0,6.40443978879,8,8,4,persistent_high_model_risk|high_risk_with_card_diversity|cross_session_card_diversity|high_risk_with_ip_rotation
cv_20260827_evt_0008456,cv_20260827_req_0003411,cv_20260827_dev_0001770,11,block,0.922708186924,0.920638394369,0,7.32504882331,9,9,4,persistent_high_model_risk|high_risk_with_card_diversity|cross_session_card_diversity|high_risk_with_ip_rotation
cv_20260827_evt_0008458,cv_20260827_req_0003412,cv_20260827_dev_0001770,12,block,0.951532822358,0.978665935245,0,8.30368117836,10,10,4,persistent_high_model_risk|high_risk_with_card_diversity|cross_session_card_diversity|high_risk_with_ip_rotation
cv_20260827_evt_0008460,cv_20260827_req_0003413,cv_20260827_dev_0001770,13,block,0.961455017079,0.987077221928,2,9.29072033375,11,11,4,persistent_high_model_risk|high_risk_with_card_diversity|cross_session_card_diversity|high_risk_with_ip_rotation
cv_20260827_evt_0008462,cv_20260827_req_0003414,cv_20260827_dev_0001770,14,block,0.964231264729,0.987077221928,2,10.2777869078,12,12,4,persistent_high_model_risk|high_risk_with_card_diversity|cross_session_card_diversity|high_risk_with_ip_rotation
cv_20260827_evt_0008464,cv_20260827_req_0003415,cv_20260827_dev_0001770,15,block,0.976529757979,1,2,11.2777751287,13,13,4,persistent_high_model_risk|high_risk_with_card_diversity|cross_session_card_diversity|high_risk_with_ip_rotation
cv_20260827_evt_0008466,cv_20260827_req_0003416,cv_20260827_dev_0001770,16,block,0.946969188389,0.978665935245,2,12.2564152136,14,14,4,persistent_high_model_risk|high_risk_with_card_diversity|cross_session_card_diversity|high_risk_with_ip_rotation
cv_20260827_evt_0008468,cv_20260827_req_0003417,cv_20260827_dev_0001770,17,block,0.970934442903,1,2,13.25638712,15,15,4,persistent_high_model_risk|high_risk_with_card_diversity|cross_session_card_diversity|high_risk_with_ip_rotation
cv_20260827_evt_0008470,cv_20260827_req_0003418,cv_20260827_dev_0001770,18,block,0.978797130296,1,2,14.2563719272,16,16,4,persistent_high_model_risk|high_risk_with_card_diversity|cross_session_card_diversity|high_risk_with_ip_rotation
cv_20260827_evt_0008132,cv_20260827_req_0003253,cv_20260827_dev_0001757,1,allow,0.256259764305,0.0690182853703,0,0.0690182853703,0,0,0,
cv_20260827_evt_0008134,cv_20260827_req_0003254,cv_20260827_dev_0001757,2,allow,0.482832971319,0.284737559009,0,0.353755607079,0,0,1,high_risk_with_card_diversity
cv_20260827_evt_0008136,cv_20260827_req_0003255,cv_20260827_dev_0001757,3,allow,0.837499748233,0.690081906596,2,1.04383589195,1,1,2,high_risk_with_card_diversity|high_risk_with_card_switching
cv_20260827_evt_0008138,cv_20260827_req_0003256,cv_20260827_dev_0001757,4,allow,0.90328516855,0.920638394369,4,1.96446950107,2,2,3,high_risk_with_card_diversity|high_risk_with_card_switching|persistent_high_model_risk
cv_20260827_evt_0008140,cv_20260827_req_0003257,cv_20260827_dev_0001757,5,review,0.944834654541,0.968667664035,4,2.93313491367,3,3,3,persistent_high_model_risk|high_risk_with_card_diversity|high_risk_with_card_switching
cv_20260827_evt_0008142,cv_20260827_req_0003258,cv_20260827_dev_0001757,6,block,0.973899697351,1,5,3.93312819049,4,4,3,persistent_high_model_risk|high_risk_with_card_diversity|high_risk_with_card_switching
cv_20260827_evt_0008144,cv_20260827_req_0003259,cv_20260827_dev_0001757,7,block,0.97583807304,1,6,4.93311466751,5,5,4,rule_corroborated_block|high_risk_with_card_diversity|high_risk_with_card_switching|high_risk_with_ip_rotation|persistent_high_model_risk
cv_20260827_evt_0008146,cv_20260827_req_0003260,cv_20260827_dev_0001757,8,block,0.975741439716,1,5,5.93309205265,6,6,4,persistent_high_model_risk|high_risk_with_card_diversity|high_risk_with_card_switching|high_risk_with_ip_rotation
cv_20260827_evt_0008148,cv_20260827_req_0003261,cv_20260827_dev_0001757,9,block,0.983451876113,1,6,6.93307845311,7,7,4,rule_corroborated_block|high_risk_with_card_diversity|high_risk_with_card_switching|high_risk_with_ip_rotation|persistent_high_model_risk
cv_20260827_evt_0008150,cv_20260827_req_0003262,cv_20260827_dev_0001757,10,block,0.988188831168,1,6,7.93305461563,8,8,4,rule_corroborated_block|high_risk_with_card_diversity|high_risk_with_card_switching|high_risk_with_ip_rotation|persistent_high_model_risk
cv_20260827_evt_0008152,cv_20260827_req_0003263,cv_20260827_dev_0001757,11,block,0.98780257924,1,6,8.93301824816,9,9,4,rule_corroborated_block|high_risk_with_card_diversity|high_risk_with_card_switching|high_risk_with_ip_rotation|persistent_high_model_risk
cv_20260827_evt_0008154,cv_20260827_req_0003264,cv_20260827_dev_0001757,12,block,0.992432877756,1,6,9.93298753444,10,10,4,rule_corroborated_block|high_risk_with_card_diversity|high_risk_with_card_switching|high_risk_with_ip_rotation|persistent_high_model_risk
cv_20260827_evt_0003071,cv_20260827_req_0001119,cv_20260827_dev_0000868,1,allow,0.246825634355,0.028783095908,0,0.028783095908,0,0,0,
cv_20260827_evt_0003297,cv_20260827_req_0001201,cv_20260827_dev_0000929,1,allow,0.12054680577,0.00548001258357,0,0.00548001258357,0,0,0,
cv_20260827_evt_0002964,cv_20260827_req_0001080,cv_20260827_dev_0000838,1,allow,0.236354678318,0.028783095908,0,0.028783095908,0,0,0,
cv_20260827_evt_0000904,cv_20260827_req_0000328,cv_20260827_dev_0000265,1,allow,0.236130490429,0.028783095908,0,0.028783095908,0,0,0,
cv_20260827_evt_0000532,cv_20260827_req_0000194,cv_20260827_dev_0000155,1,allow,0.163782227517,0.0250286633218,0,0.0250286633218,0,0,0,
cv_20260827_evt_0006017,cv_20260827_req_0002269,cv_20260827_dev_0001556,1,allow,0.0896958146698,0.00548001258357,0,0.00548001258357,0,0,0,
cv_20260827_evt_0002786,cv_20260827_req_0001016,cv_20260827_dev_0000783,3,allow,0.256076854659,0.0690182853703,0,0.0756963719359,0,0,3,successful_checkout_risk_reduction|high_risk_with_card_diversity|cross_session_card_diversity|high_risk_with_ip_rotation
cv_20260827_evt_0002586,cv_20260827_req_0000942,cv_20260827_dev_0000732,1,allow,0.156431660287,0.0193933904297,0,0.0193933904297,0,0,0,
cv_20260827_evt_0011196,cv_20260827_req_0004744,cv_20260827_dev_0001914,3,allow,0.720381479765,0.474791810673,1,0.885818403079,0,0,3,high_risk_with_card_diversity|cross_session_card_diversity|high_risk_with_ip_rotation
cv_20260827_evt_0002654,cv_20260827_req_0000968,cv_20260827_dev_0000748,1,allow,0.13098095368,0.00820512873941,0,0.00820512873941,0,0,0,
cv_20260827_evt_0011198,cv_20260827_req_0004745,cv_20260827_dev_0001914,4,allow,0.863109291631,0.855151534315,0,1.74035087217,1,1,2,high_risk_with_card_diversity|cross_session_card_diversity
cv_20260827_evt_0010750,cv_20260827_req_0004527,cv_20260827_dev_0001891,1,allow,0.258714450214,0.0930102271251,0,0.0930102271251,0,0,0,
cv_20260827_evt_0010752,cv_20260827_req_0004528,cv_20260827_dev_0001891,2,allow,0.534336607542,0.474791810673,0,0.56778519702,0,0,0,
cv_20260827_evt_0010754,cv_20260827_req_0004529,cv_20260827_dev_0001891,3,allow,0.789405648649,0.492306069258,0,1.05998065374,0,0,0,
cv_20260827_evt_0006111,cv_20260827_req_0002303,cv_20260827_dev_0001586,1,allow,0.159433456872,0.0250286633218,0,0.0250286633218,0,0,0,
cv_20260827_evt_0010756,cv_20260827_req_0004530,cv_20260827_dev_0001891,4,allow,0.848036447961,0.834086215288,0,1.89388466182,1,1,1,high_risk_with_card_diversity
cv_20260827_evt_0010758,cv_20260827_req_0004531,cv_20260827_dev_0001891,5,allow,0.925675257433,0.920638394369,2,2.81445577074,2,2,3,high_risk_with_card_diversity|high_risk_with_card_switching|persistent_high_model_risk
cv_20260827_evt_0010760,cv_20260827_req_0004532,cv_20260827_dev_0001891,6,review,0.969013465762,0.987077221928,3,3.8014330014,3,3,4,persistent_high_model_risk|high_risk_with_card_diversity|high_risk_with_card_switching|high_risk_with_ip_rotation
cv_20260827_evt_0010762,cv_20260827_req_0004533,cv_20260827_dev_0001891,7,block,0.985579427447,1,2,4.80134151109,4,4,4,persistent_high_model_risk|high_risk_with_card_diversity|high_risk_with_card_switching|high_risk_with_ip_rotation
cv_20260827_evt_0010764,cv_20260827_req_0004534,cv_20260827_dev_0001891,8,block,0.982286077422,1,2,5.80090131482,5,5,4,persistent_high_model_risk|high_risk_with_card_diversity|high_risk_with_card_switching|high_risk_with_ip_rotation
cv_20260827_evt_0000708,cv_20260827_req_0000258,cv_20260827_dev_0000205,1,allow,0.216171888518,0.0259720802764,0,0.0259720802764,0,0,0,
cv_20260827_evt_0000146,cv_20260827_req_0000053,cv_20260827_dev_0000045,1,allow,0.228467762501,0.028783095908,0,0.028783095908,0,0,0,
cv_20260827_evt_0000148,cv_20260827_req_0000054,cv_20260827_dev_0000045,2,allow,0.484423050316,0.284737559009,0,0.307760921913,0,0,0,stable_retry_risk_reduction
cv_20260827_evt_0000318,cv_20260827_req_0000116,cv_20260827_dev_0000090,2,allow,0.0946308651347,0.00548001258357,0,0.0172419368792,0,0,0,successful_checkout_risk_reduction
cv_20260827_evt_0011491,cv_20260827_req_0004886,cv_20260827_dev_0001933,3,allow,0.651049726479,0.474791810673,1,0.888211118682,0,0,1,high_risk_with_ip_rotation
cv_20260827_evt_0011493,cv_20260827_req_0004887,cv_20260827_dev_0001933,4,allow,0.788814002529,0.488843813387,0,1.37667734991,0,0,2,high_risk_with_card_diversity|cross_session_card_diversity
cv_20260827_evt_0004648,cv_20260827_req_0001725,cv_20260827_dev_0001245,1,allow,0.214492382804,0.0259720802764,0,0.0259720802764,0,0,0,
cv_20260827_evt_0004650,cv_20260827_req_0001726,cv_20260827_dev_0001245,2,allow,0.36936064399,0.0930102271251,0,0.118980700087,0,0,0,
cv_20260827_evt_0003507,cv_20260827_req_0001278,cv_20260827_dev_0000989,1,allow,0.191206962877,0.0250286633218,0,0.0250286633218,0,0,0,
cv_20260827_evt_0004652,cv_20260827_req_0001727,cv_20260827_dev_0001245,3,allow,0.806601078929,0.584793744945,1,0.679975141492,1,1,0,stable_retry_risk_reduction
cv_20260827_evt_0006387,cv_20260827_req_0002421,cv_20260827_dev_0001627,1,allow,0.134003678693,0.00820512873941,0,0.00820512873941,0,0,0,
cv_20260827_evt_0006389,cv_20260827_req_0002422,cv_20260827_dev_0001627,2,allow,0.322245131799,0.0930102271251,0,0.099573856187,0,0,0,stable_retry_risk_reduction
cv_20260827_evt_0006391,cv_20260827_req_0002423,cv_20260827_dev_0001627,3,allow,0.452837520738,0.0930102271251,1,0.172663104228,0,0,0,stable_retry_risk_reduction
cv_20260827_evt_0002570,cv_20260827_req_0000936,cv_20260827_dev_0000729,1,allow,0.247905147446,0.028783095908,0,0.028783095908,0,0,0,
cv_20260827_evt_0002572,cv_20260827_req_0000937,cv_20260827_dev_0000729,2,allow,0.486148806896,0.284737559009,0,0.313519830237,0,0,0,
cv_20260827_evt_0006031,cv_20260827_req_0002274,cv_20260827_dev_0001559,2,allow,0.0615954472955,0,0,0.00223914446468,0,0,3,successful_checkout_risk_reduction|high_risk_with_card_diversity|cross_session_card_diversity|high_risk_with_ip_rotation
cv_20260827_evt_0003529,cv_20260827_req_0001286,cv_20260827_dev_0000997,1,allow,0.216909660809,0.0259720802764,0,0.0259720802764,0,0,0,
cv_20260827_evt_0002260,cv_20260827_req_0000822,cv_20260827_dev_0000643,2,allow,0.0669504251619,0,0,0.0102268924766,0,0,1,successful_checkout_risk_reduction|high_risk_with_ip_rotation
cv_20260827_evt_0003851,cv_20260827_req_0001404,cv_20260827_dev_0001085,1,allow,0.154663607422,0.0193933904297,0,0.0193933904297,0,0,0,
cv_20260827_evt_0003870,cv_20260827_req_0001411,cv_20260827_dev_0001090,1,allow,0.241855130529,0.028783095908,0,0.028783095908,0,0,0,
cv_20260827_evt_0003090,cv_20260827_req_0001126,cv_20260827_dev_0000874,1,allow,0.133895465366,0.00820512873941,0,0.00820512873941,0,0,0,
cv_20260827_evt_0001221,cv_20260827_req_0000442,cv_20260827_dev_0000354,1,allow,0.179698179106,0.0250286633218,0,0.0250286633218,0,0,0,
cv_20260827_evt_0009144,cv_20260827_req_0003746,cv_20260827_dev_0001803,1,allow,0.211299901047,0.0259720802764,0,0.0259720802764,0,0,0,
cv_20260827_evt_0009146,cv_20260827_req_0003747,cv_20260827_dev_0001803,2,allow,0.284349079867,0.0930102271251,0,0.11898224787,0,0,0,
cv_20260827_evt_0009148,cv_20260827_req_0003748,cv_20260827_dev_0001803,3,allow,0.61281277145,0.474791810673,0,0.593773785817,0,0,0,
cv_20260827_evt_0009150,cv_20260827_req_0003749,cv_20260827_dev_0001803,4,allow,0.900084972594,0.920638394369,4,1.51441149968,1,1,2,high_risk_with_card_diversity|high_risk_with_card_switching
cv_20260827_evt_0009152,cv_20260827_req_0003750,cv_20260827_dev_0001803,5,allow,0.983085410655,1,4,2.51440455717,2,2,3,high_risk_with_card_diversity|high_risk_with_card_switching|persistent_high_model_risk
cv_20260827_evt_0009154,cv_20260827_req_0003751,cv_20260827_dev_0001803,6,block,0.98952746715,1,6,3.51440167547,3,3,4,rule_corroborated_block|high_risk_with_card_diversity|high_risk_with_card_switching|high_risk_with_ip_rotation|persistent_high_model_risk
cv_20260827_evt_0003822,cv_20260827_req_0001393,cv_20260827_dev_0001076,4,allow,0.158468420577,0.0250286633218,1,0.0441772265204,0,0,3,successful_checkout_risk_reduction|high_risk_with_card_diversity|high_risk_with_card_switching|cross_session_card_diversity
cv_20260827_evt_0003824,cv_20260827_req_0001394,cv_20260827_dev_0001076,5,allow,0.34065115641,0.0930102271251,2,0.128346095195,0,0,2,stable_retry_risk_reduction|high_risk_with_card_diversity|cross_session_card_diversity
cv_20260827_evt_0005823,cv_20260827_req_0002196,cv_20260827_dev_0001504,1,allow,0.148067495516,0.0193933904297,0,0.0193933904297,0,0,0,
cv_20260827_evt_0000811,cv_20260827_req_0000295,cv_20260827_dev_0000235,1,allow,0.0996724962972,0.00548001258357,0,0.00548001258357,0,0,0,
cv_20260827_evt_0000813,cv_20260827_req_0000296,cv_20260827_dev_0000235,2,allow,0.44341043645,0.0930102271251,0,0.0984896619318,0,0,0,
cv_20260827_evt_0000077,cv_20260827_req_0000028,cv_20260827_dev_0000025,1,allow,0.2338224924,0.028783095908,0,0.028783095908,0,0,0,
cv_20260827_evt_0008507,cv_20260827_req_0003436,cv_20260827_dev_0001773,1,allow,0.245020711342,0.028783095908,0,0.028783095908,0,0,0,
cv_20260827_evt_0008509,cv_20260827_req_0003437,cv_20260827_dev_0001773,2,allow,0.403118515981,0.0930102271251,0,0.12179322407,0,0,0,
cv_20260827_evt_0008511,cv_20260827_req_0003438,cv_20260827_dev_0001773,3,allow,0.63117994852,0.474791810673,0,0.596584895159,0,0,0,
cv_20260827_evt_0008513,cv_20260827_req_0003439,cv_20260827_dev_0001773,4,allow,0.898431565071,0.920638394369,3,1.51722055461,1,1,0,
cv_20260827_evt_0008515,cv_20260827_req_0003440,cv_20260827_dev_0001773,5,allow,0.9109707032,0.920638394369,3,2.43785199359,2,2,2,high_risk_with_ip_rotation|persistent_high_model_risk
cv_20260827_evt_0008517,cv_20260827_req_0003441,cv_20260827_dev_0001773,6,review,0.929694485305,0.968667664035,3,3.4065140697,3,3,2,persistent_high_model_risk|high_risk_with_ip_rotation
cv_20260827_evt_0008519,cv_20260827_req_0003442,cv_20260827_dev_0001773,7,block,0.977949645981,1,3,4.40650626145,4,4,2,persistent_high_model_risk|high_risk_with_ip_rotation
cv_20260827_evt_0003785,cv_20260827_req_0001379,cv_20260827_dev_0001069,3,allow,0.0832770393636,0.00548001258357,0,0.0100944230671,0,0,2,successful_checkout_risk_reduction|high_risk_with_card_diversity|cross_session_card_diversity
cv_20260827_evt_0005749,cv_20260827_req_0002168,cv_20260827_dev_0001480,1,allow,0.143299726823,0.0116357732377,0,0.0116357732377,0,0,0,
cv_20260827_evt_0001206,cv_20260827_req_0000437,cv_20260827_dev_0000350,1,allow,0.24075567228,0.028783095908,0,0.028783095908,0,0,0,
cv_20260827_evt_0004424,cv_20260827_req_0001626,cv_20260827_dev_0001219,1,allow,0.258833612785,0.0930102271251,0,0.0930102271251,0,0,0,
cv_20260827_evt_0004426,cv_20260827_req_0001627,cv_20260827_dev_0001219,2,allow,0.450791879699,0.0930102271251,0,0.186013205947,0,0,0,
cv_20260827_evt_0004428,cv_20260827_req_0001628,cv_20260827_dev_0001219,3,allow,0.685521759897,0.474791810673,1,0.66079755528,0,0,0,
cv_20260827_evt_0003315,cv_20260827_req_0001207,cv_20260827_dev_0000934,1,allow,0.201431844029,0.0250286633218,0,0.0250286633218,0,0,0,
cv_20260827_evt_0000454,cv_20260827_req_0000167,cv_20260827_dev_0000134,1,allow,0.24234909966,0.028783095908,0,0.028783095908,0,0,0,
cv_20260827_evt_0003028,cv_20260827_req_0001103,cv_20260827_dev_0000854,1,allow,0.246633197069,0.028783095908,0,0.028783095908,0,0,0,
cv_20260827_evt_0003182,cv_20260827_req_0001159,cv_20260827_dev_0000899,1,allow,0.160815859002,0.0250286633218,0,0.0250286633218,0,0,0,
cv_20260827_evt_0003410,cv_20260827_req_0001242,cv_20260827_dev_0000960,1,allow,0.228431261743,0.028783095908,0,0.028783095908,0,0,0,
cv_20260827_evt_0000610,cv_20260827_req_0000223,cv_20260827_dev_0000178,1,allow,0.230794129735,0.028783095908,0,0.028783095908,0,0,0,
cv_20260827_evt_0002670,cv_20260827_req_0000974,cv_20260827_dev_0000753,2,allow,0.338631201383,0.0930102271251,0,0.115678890077,0,0,0,
cv_20260827_evt_0004233,cv_20260827_req_0001543,cv_20260827_dev_0001199,1,allow,0.154230906381,0.0193933904297,0,0.0193933904297,0,0,0,
cv_20260827_evt_0011895,cv_20260827_req_0005082,cv_20260827_dev_0001964,3,allow,0.696460366313,0.474791810673,0,0.88594128224,0,0,2,high_risk_with_card_diversity|cross_session_card_diversity
cv_20260827_evt_0000872,cv_20260827_req_0000316,cv_20260827_dev_0000254,1,allow,0.244790938467,0.028783095908,0,0.028783095908,0,0,0,
cv_20260827_evt_0001329,cv_20260827_req_0000481,cv_20260827_dev_0000387,1,allow,0.226122038229,0.028783095908,0,0.028783095908,0,0,0,
cv_20260827_evt_0011897,cv_20260827_req_0005083,cv_20260827_dev_0001964,4,allow,0.972446815524,1,1,1.88497823259,1,1,2,high_risk_with_card_diversity|cross_session_card_diversity
cv_20260827_evt_0003329,cv_20260827_req_0001212,cv_20260827_dev_0000939,1,allow,0.260346094106,0.0930102271251,0,0.0930102271251,0,0,0,
cv_20260827_evt_0004161,cv_20260827_req_0001518,cv_20260827_dev_0001176,1,allow,0.229546546959,0.028783095908,0,0.028783095908,0,0,0,
cv_20260827_evt_0002278,cv_20260827_req_0000828,cv_20260827_dev_0000648,1,allow,0.242387125693,0.028783095908,0,0.028783095908,0,0,0,
cv_20260827_evt_0005856,cv_20260827_req_0002208,cv_20260827_dev_0001514,1,allow,0.150672310748,0.0193933904297,0,0.0193933904297,0,0,0,
cv_20260827_evt_0003876,cv_20260827_req_0001413,cv_20260827_dev_0001092,1,allow,0.136059543842,0.00820512873941,0,0.00820512873941,0,0,0,
cv_20260827_evt_0005182,cv_20260827_req_0001959,cv_20260827_dev_0001315,1,allow,0.127059959635,0.00820512873941,0,0.00820512873941,0,0,0,
cv_20260827_evt_0005702,cv_20260827_req_0002150,cv_20260827_dev_0001467,1,allow,0.116607955782,0.00548001258357,0,0.00548001258357,0,0,0,
cv_20260827_evt_0003022,cv_20260827_req_0001101,cv_20260827_dev_0000852,1,allow,0.174015731115,0.0250286633218,0,0.0250286633218,0,0,0,
cv_20260827_evt_0001815,cv_20260827_req_0000659,cv_20260827_dev_0000516,1,allow,0.217332061585,0.0259720802764,0,0.0259720802764,0,0,0,
cv_20260827_evt_0002528,cv_20260827_req_0000921,cv_20260827_dev_0000716,1,allow,0.237590337253,0.028783095908,0,0.028783095908,0,0,0,
cv_20260827_evt_0000733,cv_20260827_req_0000267,cv_20260827_dev_0000212,1,allow,0.239169414373,0.028783095908,0,0.028783095908,0,0,0,
cv_20260827_evt_0003600,cv_20260827_req_0001311,cv_20260827_dev_0001014,1,allow,0.239169414373,0.028783095908,0,0.028783095908,0,0,0,
cv_20260827_evt_0006666,cv_20260827_req_0002548,cv_20260827_dev_0001662,1,allow,0.0257516206323,0,0,0,0,0,0,
cv_20260827_evt_0006668,cv_20260827_req_0002549,cv_20260827_dev_0001662,2,allow,0.0648760584941,0,0,0,0,0,1,high_risk_with_card_diversity
cv_20260827_evt_0006670,cv_20260827_req_0002550,cv_20260827_dev_0001662,3,allow,0.144216415174,0.0116357732377,2,0.0116357732377,0,0,2,high_risk_with_card_diversity|high_risk_with_card_switching
cv_20260827_evt_0008343,cv_20260827_req_0003356,cv_20260827_dev_0001766,1,allow,0.229949657917,0.028783095908,0,0.028783095908,0,0,0,
cv_20260827_evt_0008345,cv_20260827_req_0003357,cv_20260827_dev_0001766,2,allow,0.545687330539,0.474791810673,0,0.503574840606,0,0,0,
cv_20260827_evt_0008347,cv_20260827_req_0003358,cv_20260827_dev_0001766,3,allow,0.803849330122,0.559667304185,0,1.06324041339,1,1,0,
cv_20260827_evt_0008349,cv_20260827_req_0003359,cv_20260827_dev_0001766,4,allow,0.860922642355,0.855151534315,2,1.91839072915,2,2,1,high_risk_with_card_diversity
cv_20260827_evt_0008351,cv_20260827_req_0003360,cv_20260827_dev_0001766,5,review,0.96619303971,0.987077221928,5,2.90546575246,3,3,4,rule_corroborated_review|high_risk_with_card_diversity|high_risk_with_card_switching|high_risk_with_ip_rotation|persistent_high_model_risk
cv_20260827_evt_0008353,cv_20260827_req_0003361,cv_20260827_dev_0001766,6,block,0.992833480296,1,6,3.90545576281,4,4,4,rule_corroborated_block|high_risk_with_card_diversity|high_risk_with_card_switching|high_risk_with_ip_rotation|persistent_high_model_risk
cv_20260827_evt_0008355,cv_20260827_req_0003362,cv_20260827_dev_0001766,7,block,0.991153503514,1,6,4.90544233498,5,5,4,rule_corroborated_block|high_risk_with_card_diversity|high_risk_with_card_switching|high_risk_with_ip_rotation|persistent_high_model_risk
cv_20260827_evt_0008357,cv_20260827_req_0003363,cv_20260827_dev_0001766,8,block,0.989684118272,1,6,5.90542546897,6,6,4,rule_corroborated_block|high_risk_with_card_diversity|high_risk_with_card_switching|high_risk_with_ip_rotation|persistent_high_model_risk
cv_20260827_evt_0008359,cv_20260827_req_0003364,cv_20260827_dev_0001766,9,block,0.9817965802,1,6,6.90539839675,7,7,4,rule_corroborated_block|high_risk_with_card_diversity|high_risk_with_card_switching|high_risk_with_ip_rotation|persistent_high_model_risk
cv_20260827_evt_0005187,cv_20260827_req_0001961,cv_20260827_dev_0001317,1,allow,0.134352408926,0.00820512873941,0,0.00820512873941,0,0,0,
cv_20260827_evt_0005586,cv_20260827_req_0002107,cv_20260827_dev_0001432,1,allow,0.15200213986,0.0193933904297,0,0.0193933904297,0,0,0,
cv_20260827_evt_0001358,cv_20260827_req_0000492,cv_20260827_dev_0000397,1,allow,0.192845563783,0.0250286633218,0,0.0250286633218,0,0,0,
cv_20260827_evt_0000093,cv_20260827_req_0000034,cv_20260827_dev_0000031,1,allow,0.2100370616,0.0259720802764,0,0.0259720802764,0,0,0,
cv_20260827_evt_0007676,cv_20260827_req_0003028,cv_20260827_dev_0001735,1,allow,0.259032296427,0.0930102271251,0,0.0930102271251,0,0,0,
cv_20260827_evt_0007678,cv_20260827_req_0003029,cv_20260827_dev_0001735,2,allow,0.544132058411,0.474791810673,0,0.567801718008,0,0,0,
cv_20260827_evt_0007680,cv_20260827_req_0003030,cv_20260827_dev_0001735,3,allow,0.651326517855,0.474791810673,0,0.92903214389,0,0,0,stable_retry_risk_reduction
cv_20260827_evt_0007682,cv_20260827_req_0003031,cv_20260827_dev_0001735,4,allow,0.911196952618,0.920638394369,3,1.8496662793,1,1,1,high_risk_with_card_diversity
cv_20260827_evt_0007684,cv_20260827_req_0003032,cv_20260827_dev_0001735,5,allow,0.967842334514,0.987077221928,4,2.83673926151,2,2,3,high_risk_with_card_diversity|high_risk_with_card_switching|persistent_high_model_risk
cv_20260827_evt_0007686,cv_20260827_req_0003033,cv_20260827_dev_0001735,6,review,0.979744887983,1,5,3.83673275928,3,3,4,rule_corroborated_review|high_risk_with_card_diversity|high_risk_with_card_switching|high_risk_with_ip_rotation|persistent_high_model_risk
cv_20260827_evt_0004225,cv_20260827_req_0001540,cv_20260827_dev_0001196,1,allow,0.18067707346,0.0250286633218,0,0.0250286633218,0,0,0,
cv_20260827_evt_0001153,cv_20260827_req_0000418,cv_20260827_dev_0000335,1,allow,0.226484622446,0.028783095908,0,0.028783095908,0,0,0,
cv_20260827_evt_0011850,cv_20260827_req_0005061,cv_20260827_dev_0001961,1,allow,0.141202552578,0.0116357732377,0,0.0116357732377,0,0,0,
cv_20260827_evt_0003357,cv_20260827_req_0001222,cv_20260827_dev_0000945,1,allow,0.256694157178,0.0690182853703,0,0.0690182853703,0,0,0,
cv_20260827_evt_0011852,cv_20260827_req_0005062,cv_20260827_dev_0001961,2,allow,0.617814769605,0.474791810673,0,0.486419198911,0,0,0,
cv_20260827_evt_0011854,cv_20260827_req_0005063,cv_20260827_dev_0001961,3,allow,0.833619856212,0.690081906596,0,1.1762374919,1,1,0,
cv_20260827_evt_0006262,cv_20260827_req_0002366,cv_20260827_dev_0001613,1,allow,0.15149567356,0.0193933904297,0,0.0193933904297,0,0,0,
cv_20260827_evt_0006264,cv_20260827_req_0002367,cv_20260827_dev_0001613,2,allow,0.363981988498,0.0930102271251,0,0.108523179245,0,0,0,stable_retry_risk_reduction
cv_20260827_evt_0006266,cv_20260827_req_0002368,cv_20260827_dev_0001613,3,allow,0.507390413109,0.284737559009,1,0.393252529755,0,0,1,high_risk_with_card_diversity
cv_20260827_evt_0012016,cv_20260827_req_0005141,cv_20260827_dev_0001972,5,allow,0.93701770621,0.968667664035,2,2.51305746427,2,2,4,high_risk_with_card_diversity|cross_session_card_diversity|high_risk_with_ip_rotation|persistent_high_model_risk
cv_20260827_evt_0012018,cv_20260827_req_0005142,cv_20260827_dev_0001972,6,review,0.966348020566,0.987077221928,2,3.4990980437,3,3,4,persistent_high_model_risk|high_risk_with_card_diversity|cross_session_card_diversity|high_risk_with_ip_rotation
cv_20260827_evt_0003700,cv_20260827_req_0001348,cv_20260827_dev_0001043,1,allow,0.206491667741,0.0250286633218,0,0.0250286633218,0,0,0,
cv_20260827_evt_0005539,cv_20260827_req_0002089,cv_20260827_dev_0001416,1,allow,0.137477573909,0.0116357732377,0,0.0116357732377,0,0,0,
cv_20260827_evt_0005174,cv_20260827_req_0001956,cv_20260827_dev_0001314,1,allow,0.107783551439,0.00548001258357,0,0.00548001258357,0,0,0,
cv_20260827_evt_0002330,cv_20260827_req_0000847,cv_20260827_dev_0000661,1,allow,0.258635028344,0.0930102271251,0,0.0930102271251,0,0,0,
cv_20260827_evt_0006525,cv_20260827_req_0002484,cv_20260827_dev_0001645,1,allow,0.140801238696,0.0116357732377,0,0.0116357732377,0,0,0,
cv_20260827_evt_0006527,cv_20260827_req_0002485,cv_20260827_dev_0001645,2,allow,0.335160305483,0.0930102271251,0,0.102318162963,0,0,0,stable_retry_risk_reduction
cv_20260827_evt_0006529,cv_20260827_req_0002486,cv_20260827_dev_0001645,3,allow,0.480392780698,0.284737559009,1,0.387052086838,0,0,1,high_risk_with_card_diversity
cv_20260827_evt_0002110,cv_20260827_req_0000767,cv_20260827_dev_0000600,2,allow,0.367633524431,0.0930102271251,0,0.115678292544,0,0,0,
cv_20260827_evt_0011153,cv_20260827_req_0004723,cv_20260827_dev_0001911,3,allow,0.593449837115,0.474791810673,0,0.874502457738,0,0,0,
cv_20260827_evt_0003683,cv_20260827_req_0001341,cv_20260827_dev_0001037,2,allow,0.076223628252,0,0,0.0343809278457,0,0,2,successful_checkout_risk_reduction|high_risk_with_card_diversity|cross_session_card_diversity
cv_20260827_evt_0011155,cv_20260827_req_0004724,cv_20260827_dev_0001911,4,allow,0.922818871305,0.920638394369,0,1.79407611238,1,1,0,
cv_20260827_evt_0003873,cv_20260827_req_0001412,cv_20260827_dev_0001091,1,allow,0.192442814069,0.0250286633218,0,0.0250286633218,0,0,0,
cv_20260827_evt_0011157,cv_20260827_req_0004725,cv_20260827_dev_0001911,5,allow,0.982378192659,1,0,2.79168640428,2,2,3,high_risk_with_card_diversity|cross_session_card_diversity|persistent_high_model_risk
cv_20260827_evt_0007796,cv_20260827_req_0003087,cv_20260827_dev_0001741,1,allow,0.23345170625,0.028783095908,0,0.028783095908,0,0,0,
cv_20260827_evt_0007798,cv_20260827_req_0003088,cv_20260827_dev_0001741,2,allow,0.440792486621,0.0930102271251,0,0.12179286121,0,0,1,high_risk_with_card_diversity
cv_20260827_evt_0007800,cv_20260827_req_0003089,cv_20260827_dev_0001741,3,allow,0.768806726698,0.474791810673,2,0.596581461494,0,0,2,high_risk_with_card_diversity|high_risk_with_card_switching
cv_20260827_evt_0007802,cv_20260827_req_0003090,cv_20260827_dev_0001741,4,allow,0.900038260652,0.920638394369,4,1.5172082326,1,1,2,high_risk_with_card_diversity|high_risk_with_card_switching
cv_20260827_evt_0007804,cv_20260827_req_0003091,cv_20260827_dev_0001741,5,allow,0.947432007791,0.978665935245,4,2.49585504076,2,2,3,high_risk_with_card_diversity|high_risk_with_card_switching|persistent_high_model_risk
cv_20260827_evt_0007806,cv_20260827_req_0003092,cv_20260827_dev_0001741,6,review,0.972347417927,1,5,3.49580355335,3,3,3,rule_corroborated_review|high_risk_with_card_diversity|high_risk_with_card_switching|persistent_high_model_risk
cv_20260827_evt_0007808,cv_20260827_req_0003093,cv_20260827_dev_0001741,7,block,0.984900837288,1,5,4.49575948257,4,4,4,persistent_high_model_risk|high_risk_with_card_diversity|high_risk_with_card_switching|high_risk_with_ip_rotation
cv_20260827_evt_0004118,cv_20260827_req_0001503,cv_20260827_dev_0001165,1,allow,0.150301677696,0.0193933904297,0,0.0193933904297,0,0,0,
cv_20260827_evt_0000213,cv_20260827_req_0000078,cv_20260827_dev_0000064,1,allow,0.229326877467,0.028783095908,0,0.028783095908,0,0,0,
cv_20260827_evt_0001317,cv_20260827_req_0000477,cv_20260827_dev_0000383,1,allow,0.246979656846,0.028783095908,0,0.028783095908,0,0,0,
cv_20260827_evt_0002827,cv_20260827_req_0001031,cv_20260827_dev_0000797,1,allow,0.230023004139,0.028783095908,0,0.028783095908,0,0,0,
cv_20260827_evt_0009102,cv_20260827_req_0003726,cv_20260827_dev_0001800,1,allow,0.176169246646,0.0250286633218,0,0.0250286633218,0,0,0,
cv_20260827_evt_0009104,cv_20260827_req_0003727,cv_20260827_dev_0001800,2,allow,0.333582073299,0.0930102271251,0,0.118038517548,0,0,0,
cv_20260827_evt_0009106,cv_20260827_req_0003728,cv_20260827_dev_0001800,3,allow,0.759004613239,0.474791810673,0,0.592828163742,0,0,1,high_risk_with_card_diversity
cv_20260827_evt_0009108,cv_20260827_req_0003729,cv_20260827_dev_0001800,4,allow,0.879966320557,0.920638394369,2,1.51345364915,1,1,1,high_risk_with_card_diversity
cv_20260827_evt_0009110,cv_20260827_req_0003730,cv_20260827_dev_0001800,5,allow,0.950610586367,0.978665935245,2,2.49208315962,2,2,2,high_risk_with_card_diversity|persistent_high_model_risk
cv_20260827_evt_0009112,cv_20260827_req_0003731,cv_20260827_dev_0001800,6,review,0.956455941937,0.978665935245,5,3.47069768526,3,3,4,rule_corroborated_review|high_risk_with_card_diversity|high_risk_with_card_switching|high_risk_with_ip_rotation|persistent_high_model_risk
cv_20260827_evt_0009114,cv_20260827_req_0003732,cv_20260827_dev_0001800,7,block,0.968557648537,0.987077221928,4,4.45770330958,4,4,4,persistent_high_model_risk|high_risk_with_card_diversity|high_risk_with_card_switching|high_risk_with_ip_rotation
cv_20260827_evt_0003754,cv_20260827_req_0001368,cv_20260827_dev_0001061,1,allow,0.242843754521,0.028783095908,0,0.028783095908,0,0,0,
cv_20260827_evt_0001129,cv_20260827_req_0000410,cv_20260827_dev_0000328,2,allow,0.0587524941863,0,0,0.012467378826,0,0,3,successful_checkout_risk_reduction|high_risk_with_card_diversity|cross_session_card_diversity|high_risk_with_ip_rotation
cv_20260827_evt_0002033,cv_20260827_req_0000740,cv_20260827_dev_0000580,1,allow,0.219914458356,0.0259720802764,0,0.0259720802764,0,0,0,
cv_20260827_evt_0000353,cv_20260827_req_0000129,cv_20260827_dev_0000101,1,allow,0.222035372059,0.0259720802764,0,0.0259720802764,0,0,0,
cv_20260827_evt_0001326,cv_20260827_req_0000480,cv_20260827_dev_0000386,1,allow,0.209408033201,0.0259720802764,0,0.0259720802764,0,0,0,
cv_20260827_evt_0002389,cv_20260827_req_0000869,cv_20260827_dev_0000676,1,allow,0.234230829542,0.028783095908,0,0.028783095908,0,0,0,
cv_20260827_evt_0001138,cv_20260827_req_0000413,cv_20260827_dev_0000330,2,allow,0.0855136120326,0.00548001258357,0,0.0184170631859,0,0,3,successful_checkout_risk_reduction|high_risk_with_card_diversity|cross_session_card_diversity|high_risk_with_ip_rotation
cv_20260827_evt_0000860,cv_20260827_req_0000312,cv_20260827_dev_0000251,1,allow,0.24291991611,0.028783095908,0,0.028783095908,0,0,0,
cv_20260827_evt_0001334,cv_20260827_req_0000483,cv_20260827_dev_0000389,1,allow,0.240907118563,0.028783095908,0,0.028783095908,0,0,0,
cv_20260827_evt_0004061,cv_20260827_req_0001482,cv_20260827_dev_0001148,1,allow,0.213065332342,0.0259720802764,0,0.0259720802764,0,0,0,
cv_20260827_evt_0011394,cv_20260827_req_0004839,cv_20260827_dev_0001926,5,allow,0.845560390932,0.834086215288,3,2.21006302254,2,2,4,high_risk_with_card_diversity|cross_session_card_diversity|high_risk_with_ip_rotation|persistent_high_model_risk
cv_20260827_evt_0001562,cv_20260827_req_0000567,cv_20260827_dev_0000447,1,allow,0.239923880397,0.028783095908,0,0.028783095908,0,0,0,
cv_20260827_evt_0005140,cv_20260827_req_0001944,cv_20260827_dev_0001305,2,allow,0.044265377018,0,0,0.00792515120434,0,0,2,successful_checkout_risk_reduction|high_risk_with_card_diversity|cross_session_card_diversity
cv_20260827_evt_0011396,cv_20260827_req_0004840,cv_20260827_dev_0001926,6,review,0.964909649301,0.987077221928,3,3.19453542486,3,3,3,persistent_high_model_risk|high_risk_with_card_diversity|cross_session_card_diversity
cv_20260827_evt_0012202,cv_20260827_req_0005232,cv_20260827_dev_0001984,7,block,0.923224064069,0.920638394369,2,3.62823800031,4,3,4,persistent_high_model_risk|high_risk_with_card_diversity|cross_session_card_diversity|high_risk_with_ip_rotation
cv_20260827_evt_0011398,cv_20260827_req_0004841,cv_20260827_dev_0001926,7,block,0.985318863155,1,3,4.19279683641,4,4,3,persistent_high_model_risk|high_risk_with_card_diversity|cross_session_card_diversity
cv_20260827_evt_0003343,cv_20260827_req_0001217,cv_20260827_dev_0000941,3,allow,0.0689245444693,0,0,0.00752667851194,0,0,3,successful_checkout_risk_reduction|high_risk_with_card_diversity|cross_session_card_diversity|high_risk_with_ip_rotation
cv_20260827_evt_0012204,cv_20260827_req_0005233,cv_20260827_dev_0001984,8,block,0.956601531849,0.978665935245,2,4.60411482976,5,4,4,persistent_high_model_risk|high_risk_with_card_diversity|cross_session_card_diversity|high_risk_with_ip_rotation
cv_20260827_evt_0002595,cv_20260827_req_0000946,cv_20260827_dev_0000735,1,allow,0.24291991611,0.028783095908,0,0.028783095908,0,0,0,
cv_20260827_evt_0001053,cv_20260827_req_0000382,cv_20260827_dev_0000306,1,allow,0.231751361033,0.028783095908,0,0.028783095908,0,0,0,
cv_20260827_evt_0011200,cv_20260827_req_0004746,cv_20260827_dev_0001914,5,allow,0.875329740404,0.920638394369,2,2.49796169389,2,2,4,high_risk_with_card_diversity|cross_session_card_diversity|high_risk_with_ip_rotation|persistent_high_model_risk
cv_20260827_evt_0005690,cv_20260827_req_0002145,cv_20260827_dev_0001464,1,allow,0.13599858967,0.00820512873941,0,0.00820512873941,0,0,0,
cv_20260827_evt_0011202,cv_20260827_req_0004747,cv_20260827_dev_0001914,6,review,0.940220264742,0.968667664035,3,3.4660883368,3,3,4,persistent_high_model_risk|high_risk_with_card_diversity|cross_session_card_diversity|high_risk_with_ip_rotation
cv_20260827_evt_0002767,cv_20260827_req_0001009,cv_20260827_dev_0000778,1,allow,0.192910039893,0.0250286633218,0,0.0250286633218,0,0,0,
cv_20260827_evt_0003008,cv_20260827_req_0001096,cv_20260827_dev_0000848,3,allow,0.19619418581,0.0250286633218,0,0.0298351331789,0,0,2,successful_checkout_risk_reduction|high_risk_with_card_diversity|cross_session_card_diversity
cv_20260827_evt_0003010,cv_20260827_req_0001097,cv_20260827_dev_0000848,4,allow,0.381853874605,0.0930102271251,0,0.122840710371,0,0,2,high_risk_with_card_diversity|cross_session_card_diversity
cv_20260827_evt_0011495,cv_20260827_req_0004888,cv_20260827_dev_0001933,5,allow,0.862705553864,0.855151534315,2,2.10217083676,1,1,3,high_risk_with_card_diversity|cross_session_card_diversity|high_risk_with_ip_rotation
cv_20260827_evt_0011497,cv_20260827_req_0004889,cv_20260827_dev_0001933,6,allow,0.938064592253,0.968667664035,2,3.06826940327,2,2,3,high_risk_with_card_diversity|cross_session_card_diversity|persistent_high_model_risk
cv_20260827_evt_0005565,cv_20260827_req_0002099,cv_20260827_dev_0001425,1,allow,0.092768828889,0.00548001258357,0,0.00548001258357,0,0,0,
cv_20260827_evt_0002263,cv_20260827_req_0000823,cv_20260827_dev_0000643,3,allow,0.247142294513,0.028783095908,0,0.0338780341801,0,0,0,successful_checkout_risk_reduction
cv_20260827_evt_0005826,cv_20260827_req_0002197,cv_20260827_dev_0001505,1,allow,0.128862353103,0.00820512873941,0,0.00820512873941,0,0,0,
cv_20260827_evt_0005828,cv_20260827_req_0002198,cv_20260827_dev_0001505,2,allow,0.346259382014,0.0930102271251,0,0.101214039451,0,0,1,high_risk_with_card_diversity
cv_20260827_evt_0006014,cv_20260827_req_0002268,cv_20260827_dev_0001555,1,allow,0.11201688943,0.00548001258357,0,0.00548001258357,0,0,0,
cv_20260827_evt_0002480,cv_20260827_req_0000903,cv_20260827_dev_0000702,1,allow,0.198912101777,0.0250286633218,0,0.0250286633218,0,0,0,
cv_20260827_evt_0005412,cv_20260827_req_0002043,cv_20260827_dev_0001379,2,allow,0.0408002280747,0,0,0.00475557264685,0,0,2,successful_checkout_risk_reduction|high_risk_with_card_diversity|cross_session_card_diversity
cv_20260827_evt_0003906,cv_20260827_req_0001425,cv_20260827_dev_0001102,1,allow,0.138043327213,0.0116357732377,0,0.0116357732377,0,0,0,
cv_20260827_evt_0005414,cv_20260827_req_0002044,cv_20260827_dev_0001379,3,allow,0.142483490363,0.0116357732377,0,0.0163912368808,0,0,1,high_risk_with_card_diversity
cv_20260827_evt_0006044,cv_20260827_req_0002279,cv_20260827_dev_0001564,1,allow,0.111369769843,0.00548001258357,0,0.00548001258357,0,0,0,
cv_20260827_evt_0008067,cv_20260827_req_0003221,cv_20260827_dev_0001755,1,allow,0.16054668265,0.0250286633218,0,0.0250286633218,0,0,0,
cv_20260827_evt_0008069,cv_20260827_req_0003222,cv_20260827_dev_0001755,2,allow,0.224310975091,0.0259720802764,0,0.0510007149134,0,0,0,
cv_20260827_evt_0008071,cv_20260827_req_0003223,cv_20260827_dev_0001755,3,allow,0.880178585478,0.920638394369,0,0.971638933931,1,1,0,
cv_20260827_evt_0008073,cv_20260827_req_0003224,cv_20260827_dev_0001755,4,allow,0.929603072732,0.968667664035,2,1.74597613861,2,2,1,stable_retry_risk_reduction|persistent_high_model_risk
cv_20260827_evt_0008075,cv_20260827_req_0003225,cv_20260827_dev_0001755,5,review,0.963498407633,0.987077221928,2,2.73304535647,3,3,1,persistent_high_model_risk
cv_20260827_evt_0008077,cv_20260827_req_0003226,cv_20260827_dev_0001755,6,block,0.945295694804,0.968667664035,2,3.70170675595,4,4,3,persistent_high_model_risk|high_risk_with_card_diversity|high_risk_with_ip_rotation
cv_20260827_evt_0008079,cv_20260827_req_0003227,cv_20260827_dev_0001755,7,block,0.969185898121,0.987077221928,3,4.68877549301,5,5,3,persistent_high_model_risk|high_risk_with_card_diversity|high_risk_with_ip_rotation
cv_20260827_evt_0008081,cv_20260827_req_0003228,cv_20260827_dev_0001755,8,block,0.970677378894,1,3,5.68875937194,6,6,3,persistent_high_model_risk|high_risk_with_card_diversity|high_risk_with_ip_rotation
cv_20260827_evt_0008083,cv_20260827_req_0003229,cv_20260827_dev_0001755,9,block,0.981574642358,1,3,6.68873329299,7,7,3,persistent_high_model_risk|high_risk_with_card_diversity|high_risk_with_ip_rotation
cv_20260827_evt_0008085,cv_20260827_req_0003230,cv_20260827_dev_0001755,10,block,0.989611934554,1,3,7.68872562719,8,8,2,persistent_high_model_risk|high_risk_with_ip_rotation
cv_20260827_evt_0007688,cv_20260827_req_0003034,cv_20260827_dev_0001736,1,allow,0.253232530838,0.0690182853703,0,0.0690182853703,0,0,0,
cv_20260827_evt_0007690,cv_20260827_req_0003035,cv_20260827_dev_0001736,2,allow,0.309203584603,0.0930102271251,0,0.162028433395,0,0,0,
cv_20260827_evt_0007692,cv_20260827_req_0003036,cv_20260827_dev_0001736,3,allow,0.655054287218,0.474791810673,0,0.604414260274,0,0,0,stable_retry_risk_reduction
cv_20260827_evt_0007694,cv_20260827_req_0003037,cv_20260827_dev_0001736,4,allow,0.913592471602,0.920638394369,2,1.40416869426,1,1,0,stable_retry_risk_reduction
cv_20260827_evt_0007696,cv_20260827_req_0003038,cv_20260827_dev_0001736,5,allow,0.93612205899,0.968667664035,2,2.37283313973,2,2,2,high_risk_with_card_diversity|persistent_high_model_risk
cv_20260827_evt_0007698,cv_20260827_req_0003039,cv_20260827_dev_0001736,6,review,0.979635062516,1,4,3.37282770084,3,3,3,persistent_high_model_risk|high_risk_with_card_diversity|high_risk_with_card_switching
cv_20260827_evt_0007700,cv_20260827_req_0003040,cv_20260827_dev_0001736,7,block,0.975957149549,1,4,4.37282383532,4,4,4,persistent_high_model_risk|high_risk_with_card_diversity|high_risk_with_card_switching|high_risk_with_ip_rotation
cv_20260827_evt_0007702,cv_20260827_req_0003041,cv_20260827_dev_0001736,8,block,0.979033076526,1,4,5.37280880057,5,5,4,persistent_high_model_risk|high_risk_with_card_diversity|high_risk_with_card_switching|high_risk_with_ip_rotation
cv_20260827_evt_0007704,cv_20260827_req_0003042,cv_20260827_dev_0001736,9,block,0.985365417982,1,4,6.37280264293,6,6,4,persistent_high_model_risk|high_risk_with_card_diversity|high_risk_with_card_switching|high_risk_with_ip_rotation
cv_20260827_evt_0007706,cv_20260827_req_0003043,cv_20260827_dev_0001736,10,block,0.987594389128,1,4,7.3727880355,7,7,4,persistent_high_model_risk|high_risk_with_card_diversity|high_risk_with_card_switching|high_risk_with_ip_rotation
cv_20260827_evt_0007708,cv_20260827_req_0003044,cv_20260827_dev_0001736,11,block,0.991512975278,1,4,8.3727626862,8,8,4,persistent_high_model_risk|high_risk_with_card_diversity|high_risk_with_card_switching|high_risk_with_ip_rotation
cv_20260827_evt_0007710,cv_20260827_req_0003045,cv_20260827_dev_0001736,12,block,0.988777927059,1,4,9.37275309038,9,9,4,persistent_high_model_risk|high_risk_with_card_diversity|high_risk_with_card_switching|high_risk_with_ip_rotation
cv_20260827_evt_0006366,cv_20260827_req_0002412,cv_20260827_dev_0001625,1,allow,0.120821601272,0.00548001258357,0,0.00548001258357,0,0,0,
cv_20260827_evt_0006368,cv_20260827_req_0002413,cv_20260827_dev_0001625,2,allow,0.352570694443,0.0930102271251,0,0.098489617973,0,0,0,
cv_20260827_evt_0006370,cv_20260827_req_0002414,cv_20260827_dev_0001625,3,allow,0.710077732176,0.474791810673,1,0.553580976655,0,0,0,stable_retry_risk_reduction
cv_20260827_evt_0011538,cv_20260827_req_0004909,cv_20260827_dev_0001936,1,allow,0.205154749205,0.0250286633218,0,0.0250286633218,0,0,0,
cv_20260827_evt_0011246,cv_20260827_req_0004768,cv_20260827_dev_0001917,6,allow,0.876897940065,0.920638394369,3,2.4844091257,2,2,4,high_risk_with_card_diversity|cross_session_card_diversity|high_risk_with_ip_rotation|persistent_high_model_risk
cv_20260827_evt_0011540,cv_20260827_req_0004910,cv_20260827_dev_0001936,2,allow,0.5236313678,0.304785409055,0,0.329797670067,0,0,1,high_risk_with_card_diversity
cv_20260827_evt_0011248,cv_20260827_req_0004769,cv_20260827_dev_0001917,7,review,0.957800739654,0.978665935245,2,3.46076126516,3,3,3,persistent_high_model_risk|high_risk_with_card_diversity|cross_session_card_diversity
cv_20260827_evt_0011542,cv_20260827_req_0004911,cv_20260827_dev_0001936,3,allow,0.93137915356,0.968667664035,0,1.29815214294,1,1,1,high_risk_with_card_diversity
cv_20260827_evt_0004146,cv_20260827_req_0001513,cv_20260827_dev_0001171,3,allow,0.18898614892,0.0250286633218,0,0.0286383838289,0,0,1,successful_checkout_risk_reduction|high_risk_with_ip_rotation
cv_20260827_evt_0011250,cv_20260827_req_0004770,cv_20260827_dev_0001917,8,block,0.992089215168,1,3,4.45843779495,4,4,3,persistent_high_model_risk|high_risk_with_card_diversity|cross_session_card_diversity
cv_20260827_evt_0004066,cv_20260827_req_0001484,cv_20260827_dev_0001150,1,allow,0.1814292061,0.0250286633218,0,0.0250286633218,0,0,0,
cv_20260827_evt_0004152,cv_20260827_req_0001515,cv_20260827_dev_0001173,1,allow,0.217719783964,0.0259720802764,0,0.0259720802764,0,0,0,
cv_20260827_evt_0006146,cv_20260827_req_0002316,cv_20260827_dev_0001597,1,allow,0.129650876364,0.00820512873941,0,0.00820512873941,0,0,0,
cv_20260827_evt_0006207,cv_20260827_req_0002342,cv_20260827_dev_0001607,1,allow,0.162256443968,0.0250286633218,0,0.0250286633218,0,0,0,
cv_20260827_evt_0006209,cv_20260827_req_0002343,cv_20260827_dev_0001607,2,allow,0.363508538014,0.0930102271251,0,0.11803866097,0,0,1,high_risk_with_card_diversity
cv_20260827_evt_0006211,cv_20260827_req_0002344,cv_20260827_dev_0001607,3,allow,0.58508864062,0.474791810673,2,0.592829659958,0,0,2,high_risk_with_card_diversity|high_risk_with_card_switching
cv_20260827_evt_0002564,cv_20260827_req_0000934,cv_20260827_dev_0000727,1,allow,0.234825657563,0.028783095908,0,0.028783095908,0,0,0,
cv_20260827_evt_0010223,cv_20260827_req_0004271,cv_20260827_dev_0001859,1,allow,0.237252898857,0.028783095908,0,0.028783095908,0,0,0,
cv_20260827_evt_0010225,cv_20260827_req_0004272,cv_20260827_dev_0001859,2,allow,0.478039103999,0.284737559009,0,0.313519038568,0,0,1,high_risk_with_card_diversity
cv_20260827_evt_0010227,cv_20260827_req_0004273,cv_20260827_dev_0001859,3,allow,0.869066247939,0.920638394369,2,1.23409815126,1,1,2,high_risk_with_card_diversity|high_risk_with_card_switching
cv_20260827_evt_0010229,cv_20260827_req_0004274,cv_20260827_dev_0001859,4,allow,0.950986184717,0.978665935245,2,2.21268771283,2,2,3,high_risk_with_card_diversity|high_risk_with_card_switching|persistent_high_model_risk
cv_20260827_evt_0010231,cv_20260827_req_0004275,cv_20260827_dev_0001859,5,review,0.967812660271,0.987077221928,2,3.19943275551,3,3,3,persistent_high_model_risk|high_risk_with_card_diversity|high_risk_with_card_switching
cv_20260827_evt_0003368,cv_20260827_req_0001226,cv_20260827_dev_0000949,1,allow,0.201931972166,0.0250286633218,0,0.0250286633218,0,0,0,
cv_20260827_evt_0005151,cv_20260827_req_0001948,cv_20260827_dev_0001307,2,allow,0.286333525528,0.0930102271251,0,0.0991073060944,0,0,0,
cv_20260827_evt_0001170,cv_20260827_req_0000424,cv_20260827_dev_0000339,2,allow,0.0761763188696,0,0,0.0129882117774,0,0,1,successful_checkout_risk_reduction|high_risk_with_ip_rotation
cv_20260827_evt_0002795,cv_20260827_req_0001019,cv_20260827_dev_0000786,1,allow,0.236915790783,0.028783095908,0,0.028783095908,0,0,0,
cv_20260827_evt_0001751,cv_20260827_req_0000636,cv_20260827_dev_0000501,1,allow,0.264353580245,0.0930102271251,0,0.0930102271251,0,0,0,
cv_20260827_evt_0002897,cv_20260827_req_0001055,cv_20260827_dev_0000819,1,allow,0.220483397894,0.0259720802764,0,0.0259720802764,0,0,0,
cv_20260827_evt_0001056,cv_20260827_req_0000383,cv_20260827_dev_0000307,1,allow,0.208979649148,0.0259720802764,0,0.0259720802764,0,0,0,
cv_20260827_evt_0001058,cv_20260827_req_0000384,cv_20260827_dev_0000307,2,allow,0.446764564679,0.0930102271251,0,0.118979509549,0,0,0,
cv_20260827_evt_0000866,cv_20260827_req_0000314,cv_20260827_dev_0000252,2,allow,0.0866475415453,0.00548001258357,0,0.0167724914632,0,0,0,successful_checkout_risk_reduction
cv_20260827_evt_0005504,cv_20260827_req_0002076,cv_20260827_dev_0001405,1,allow,0.128235995307,0.00820512873941,0,0.00820512873941,0,0,0,
cv_20260827_evt_0000059,cv_20260827_req_0000022,cv_20260827_dev_0000019,1,allow,0.171176771611,0.0250286633218,0,0.0250286633218,0,0,0,
cv_20260827_evt_0011856,cv_20260827_req_0005064,cv_20260827_dev_0001961,4,allow,0.745609232551,0.474791810673,0,1.54209939956,1,0,2,high_risk_with_card_diversity|cross_session_card_diversity
cv_20260827_evt_0011858,cv_20260827_req_0005065,cv_20260827_dev_0001961,5,allow,0.957091559851,0.978665935245,0,2.51905017872,2,1,2,high_risk_with_card_diversity|persistent_high_model_risk
cv_20260827_evt_0006133,cv_20260827_req_0002311,cv_20260827_dev_0001593,1,allow,0.153234076476,0.0193933904297,0,0.0193933904297,0,0,0,
cv_20260827_evt_0004091,cv_20260827_req_0001493,cv_20260827_dev_0001157,1,allow,0.233748302447,0.028783095908,0,0.028783095908,0,0,0,
cv_20260827_evt_0001943,cv_20260827_req_0000706,cv_20260827_dev_0000554,1,allow,0.251981433866,0.028783095908,0,0.028783095908,0,0,0,
cv_20260827_evt_0001507,cv_20260827_req_0000547,cv_20260827_dev_0000432,1,allow,0.219382035687,0.0259720802764,0,0.0259720802764,0,0,0,
cv_20260827_evt_0003796,cv_20260827_req_0001383,cv_20260827_dev_0001072,1,allow,0.244331829783,0.028783095908,0,0.028783095908,0,0,0,
cv_20260827_evt_0001653,cv_20260827_req_0000599,cv_20260827_dev_0000471,1,allow,0.237815479648,0.028783095908,0,0.028783095908,0,0,0,
cv_20260827_evt_0004026,cv_20260827_req_0001468,cv_20260827_dev_0001138,1,allow,0.246633197069,0.028783095908,0,0.028783095908,0,0,0,
cv_20260827_evt_0006748,cv_20260827_req_0002585,cv_20260827_dev_0001674,1,allow,0.144140722464,0.0116357732377,0,0.0116357732377,0,0,0,
cv_20260827_evt_0006750,cv_20260827_req_0002586,cv_20260827_dev_0001674,2,allow,0.34843842757,0.0930102271251,0,0.102317874942,0,0,0,stable_retry_risk_reduction
cv_20260827_evt_0006752,cv_20260827_req_0002587,cv_20260827_dev_0001674,3,allow,0.491454952186,0.284737559009,1,0.366587262338,0,0,0,stable_retry_risk_reduction
cv_20260827_evt_0005177,cv_20260827_req_0001957,cv_20260827_dev_0001314,2,allow,0.0565205860127,0,0,0.00272991683711,0,0,2,successful_checkout_risk_reduction|high_risk_with_card_diversity|cross_session_card_diversity
cv_20260827_evt_0004377,cv_20260827_req_0001605,cv_20260827_dev_0001214,1,allow,0.24071782087,0.028783095908,0,0.028783095908,0,0,0,
cv_20260827_evt_0004379,cv_20260827_req_0001606,cv_20260827_dev_0001214,2,allow,0.433225239882,0.0930102271251,0,0.121790981006,0,0,1,high_risk_with_card_diversity
cv_20260827_evt_0004381,cv_20260827_req_0001607,cv_20260827_dev_0001214,3,allow,0.81307448355,0.584793744945,2,0.706571466401,1,1,2,high_risk_with_card_diversity|high_risk_with_card_switching
cv_20260827_evt_0003924,cv_20260827_req_0001431,cv_20260827_dev_0001107,1,allow,0.241286018709,0.028783095908,0,0.028783095908,0,0,0,
cv_20260827_evt_0005403,cv_20260827_req_0002040,cv_20260827_dev_0001378,1,allow,0.134063659942,0.00820512873941,0,0.00820512873941,0,0,0,
cv_20260827_evt_0009801,cv_20260827_req_0004066,cv_20260827_dev_0001835,6,allow,0.87064640532,0.920638394369,0,2.54187296766,2,2,4,high_risk_with_card_diversity|cross_session_card_diversity|high_risk_with_ip_rotation|persistent_high_model_risk
cv_20260827_evt_0009803,cv_20260827_req_0004067,cv_20260827_dev_0001835,7,review,0.932982216614,0.968667664035,1,3.5101211682,3,3,3,persistent_high_model_risk|high_risk_with_card_diversity|cross_session_card_diversity
cv_20260827_evt_0009805,cv_20260827_req_0004068,cv_20260827_dev_0001835,8,block,0.975645499872,1,1,4.50957410078,4,4,4,persistent_high_model_risk|high_risk_with_card_diversity|high_risk_with_card_switching|cross_session_card_diversity
cv_20260827_evt_0009807,cv_20260827_req_0004069,cv_20260827_dev_0001835,9,block,0.980334353784,1,2,5.50882475697,5,5,4,persistent_high_model_risk|high_risk_with_card_diversity|high_risk_with_card_switching|cross_session_card_diversity
cv_20260827_evt_0009809,cv_20260827_req_0004070,cv_20260827_dev_0001835,10,block,0.976810199577,1,2,6.50854696841,6,6,4,persistent_high_model_risk|high_risk_with_card_diversity|high_risk_with_card_switching|cross_session_card_diversity
cv_20260827_evt_0009811,cv_20260827_req_0004071,cv_20260827_dev_0001835,11,block,0.983077398468,1,1,7.50812926135,7,7,5,persistent_high_model_risk|high_risk_with_card_diversity|high_risk_with_card_switching|cross_session_card_diversity|high_risk_with_ip_rotation
cv_20260827_evt_0009813,cv_20260827_req_0004072,cv_20260827_dev_0001835,12,block,0.975345115014,1,2,8.50760438129,8,8,5,persistent_high_model_risk|high_risk_with_card_diversity|high_risk_with_card_switching|cross_session_card_diversity|high_risk_with_ip_rotation
cv_20260827_evt_0009815,cv_20260827_req_0004073,cv_20260827_dev_0001835,13,block,0.989117232129,1,2,9.50740937618,9,9,5,persistent_high_model_risk|high_risk_with_card_diversity|high_risk_with_card_switching|cross_session_card_diversity|high_risk_with_ip_rotation
cv_20260827_evt_0009817,cv_20260827_req_0004074,cv_20260827_dev_0001835,14,block,0.985025527944,1,2,10.5067229391,10,10,5,persistent_high_model_risk|high_risk_with_card_diversity|high_risk_with_card_switching|cross_session_card_diversity|high_risk_with_ip_rotation
cv_20260827_evt_0006653,cv_20260827_req_0002542,cv_20260827_dev_0001660,4,allow,0.460810162967,0.0930102271251,1,0.378541369863,0,0,3,high_risk_with_card_diversity|cross_session_card_diversity|high_risk_with_ip_rotation
cv_20260827_evt_0006655,cv_20260827_req_0002543,cv_20260827_dev_0001660,5,allow,0.745666359165,0.474791810673,1,0.777595754091,0,0,2,stable_retry_risk_reduction|high_risk_with_card_diversity|cross_session_card_diversity
cv_20260827_evt_0006657,cv_20260827_req_0002544,cv_20260827_dev_0001660,6,allow,0.837045072684,0.690081906596,1,1.31214211229,1,1,2,stable_retry_risk_reduction|high_risk_with_card_diversity|cross_session_card_diversity
cv_20260827_evt_0005735,cv_20260827_req_0002162,cv_20260827_dev_0001476,1,allow,0.119423377841,0.00548001258357,0,0.00548001258357,0,0,0,
cv_20260827_evt_0005737,cv_20260827_req_0002163,cv_20260827_dev_0001476,2,allow,0.337547917204,0.0930102271251,0,0.0984894107435,0,0,0,
cv_20260827_evt_0008047,cv_20260827_req_0003211,cv_20260827_dev_0001754,8,block,0.866360079117,0.889994365901,0,4.47585913895,6,6,4,persistent_high_model_risk|high_risk_with_card_diversity|cross_session_card_diversity|high_risk_with_ip_rotation
cv_20260827_evt_0008049,cv_20260827_req_0003212,cv_20260827_dev_0001754,9,block,0.894942021429,0.920638394369,0,5.39649240364,7,7,4,persistent_high_model_risk|high_risk_with_card_diversity|cross_session_card_diversity|high_risk_with_ip_rotation
cv_20260827_evt_0008051,cv_20260827_req_0003213,cv_20260827_dev_0001754,10,block,0.942865186308,0.968667664035,0,6.36515388289,8,8,4,persistent_high_model_risk|high_risk_with_card_diversity|cross_session_card_diversity|high_risk_with_ip_rotation
cv_20260827_evt_0008053,cv_20260827_req_0003214,cv_20260827_dev_0001754,11,block,0.950680051254,0.978665935245,2,7.34379063838,9,9,4,persistent_high_model_risk|high_risk_with_card_diversity|cross_session_card_diversity|high_risk_with_ip_rotation
cv_20260827_evt_0008055,cv_20260827_req_0003215,cv_20260827_dev_0001754,12,block,0.937200810741,0.968667664035,2,8.31243305282,10,10,3,persistent_high_model_risk|high_risk_with_card_diversity|cross_session_card_diversity
cv_20260827_evt_0008057,cv_20260827_req_0003216,cv_20260827_dev_0001754,13,block,0.872477527748,0.920638394369,2,9.23304286718,11,11,3,persistent_high_model_risk|high_risk_with_card_diversity|cross_session_card_diversity
cv_20260827_evt_0008059,cv_20260827_req_0003217,cv_20260827_dev_0001754,14,block,0.954684062959,0.978665935245,2,10.2116876389,12,12,3,persistent_high_model_risk|high_risk_with_card_diversity|cross_session_card_diversity
cv_20260827_evt_0008061,cv_20260827_req_0003218,cv_20260827_dev_0001754,15,block,0.967325378367,0.987077221928,2,11.1987414541,13,13,3,persistent_high_model_risk|high_risk_with_card_diversity|cross_session_card_diversity
cv_20260827_evt_0008063,cv_20260827_req_0003219,cv_20260827_dev_0001754,16,block,0.954500817165,0.978665935245,2,12.1773945547,14,14,4,persistent_high_model_risk|high_risk_with_card_diversity|cross_session_card_diversity|high_risk_with_ip_rotation
cv_20260827_evt_0008065,cv_20260827_req_0003220,cv_20260827_dev_0001754,17,block,0.955451422567,0.978665935245,2,13.1560325776,15,15,4,persistent_high_model_risk|high_risk_with_card_diversity|cross_session_card_diversity|high_risk_with_ip_rotation
cv_20260827_evt_0001308,cv_20260827_req_0000474,cv_20260827_dev_0000380,1,allow,0.251474348088,0.028783095908,0,0.028783095908,0,0,0,
cv_20260827_evt_0000819,cv_20260827_req_0000298,cv_20260827_dev_0000237,1,allow,0.230647109275,0.028783095908,0,0.028783095908,0,0,0,
cv_20260827_evt_0000031,cv_20260827_req_0000012,cv_20260827_dev_0000010,1,allow,0.183809354068,0.0250286633218,0,0.0250286633218,0,0,0,
cv_20260827_evt_0001460,cv_20260827_req_0000530,cv_20260827_dev_0000419,3,allow,0.138106217181,0.0116357732377,0,0.0285517875754,0,0,2,successful_checkout_risk_reduction|high_risk_with_card_diversity|cross_session_card_diversity
cv_20260827_evt_0005603,cv_20260827_req_0002113,cv_20260827_dev_0001438,1,allow,0.137994053755,0.0116357732377,0,0.0116357732377,0,0,0,
cv_20260827_evt_0001323,cv_20260827_req_0000479,cv_20260827_dev_0000385,1,allow,0.245365643709,0.028783095908,0,0.028783095908,0,0,0,
cv_20260827_evt_0011614,cv_20260827_req_0004947,cv_20260827_dev_0001941,3,allow,0.707480155115,0.474791810673,0,0.572451148358,0,0,3,high_risk_with_card_diversity|cross_session_card_diversity|high_risk_with_ip_rotation
cv_20260827_evt_0011616,cv_20260827_req_0004948,cv_20260827_dev_0001941,4,allow,0.782181836668,0.474791810673,1,1.04708749086,0,0,2,high_risk_with_card_diversity|cross_session_card_diversity
cv_20260827_evt_0011618,cv_20260827_req_0004949,cv_20260827_dev_0001941,5,allow,0.931184968826,0.968667664035,1,2.01543959127,1,1,2,high_risk_with_card_diversity|cross_session_card_diversity
cv_20260827_evt_0006837,cv_20260827_req_0002624,cv_20260827_dev_0001684,1,allow,0.110115495491,0.00548001258357,0,0.00548001258357,0,0,0,
cv_20260827_evt_0006839,cv_20260827_req_0002625,cv_20260827_dev_0001684,2,allow,0.281834136775,0.0930102271251,0,0.0973940412443,0,0,0,stable_retry_risk_reduction
cv_20260827_evt_0006841,cv_20260827_req_0002626,cv_20260827_dev_0001684,3,allow,0.403038084569,0.0930102271251,1,0.170920281076,0,0,0,stable_retry_risk_reduction
cv_20260827_evt_0002307,cv_20260827_req_0000839,cv_20260827_dev_0000654,1,allow,0.244905806697,0.028783095908,0,0.028783095908,0,0,0,
cv_20260827_evt_0003073,cv_20260827_req_0001120,cv_20260827_dev_0000868,2,allow,0.456285053753,0.0930102271251,0,0.116618879495,0,0,0,
cv_20260827_evt_0000796,cv_20260827_req_0000289,cv_20260827_dev_0000230,1,allow,0.243987880852,0.028783095908,0,0.028783095908,0,0,0,
cv_20260827_evt_0005676,cv_20260827_req_0002140,cv_20260827_dev_0001460,1,allow,0.146119008946,0.0193933904297,0,0.0193933904297,0,0,0,
cv_20260827_evt_0001584,cv_20260827_req_0000575,cv_20260827_dev_0000453,1,allow,0.125813516971,0.00820512873941,0,0.00820512873941,0,0,0,
cv_20260827_evt_0002745,cv_20260827_req_0001001,cv_20260827_dev_0000773,1,allow,0.18018710764,0.0250286633218,0,0.0250286633218,0,0,0,
cv_20260827_evt_0000906,cv_20260827_req_0000329,cv_20260827_dev_0000265,2,allow,0.536289339233,0.474791810673,0,0.498403926635,0,0,3,high_risk_with_card_diversity|cross_session_card_diversity|high_risk_with_ip_rotation
cv_20260827_evt_0011600,cv_20260827_req_0004940,cv_20260827_dev_0001940,1,allow,0.18371616983,0.0250286633218,0,0.0250286633218,0,0,0,
cv_20260827_evt_0011312,cv_20260827_req_0004800,cv_20260827_dev_0001921,9,block,0.919801462199,0.920638394369,2,4.81902957328,8,8,4,persistent_high_model_risk|high_risk_with_card_diversity|cross_session_card_diversity|high_risk_with_ip_rotation
cv_20260827_evt_0011602,cv_20260827_req_0004941,cv_20260827_dev_0001940,2,allow,0.560371838741,0.474791810673,0,0.499808543976,0,0,0,
cv_20260827_evt_0011604,cv_20260827_req_0004942,cv_20260827_dev_0001940,3,allow,0.843955603732,0.756035578145,1,1.25570666448,1,1,0,
cv_20260827_evt_0011314,cv_20260827_req_0004801,cv_20260827_dev_0001921,10,block,0.959161112099,0.978665935245,0,5.79407379693,9,9,4,persistent_high_model_risk|high_risk_with_card_diversity|cross_session_card_diversity|high_risk_with_ip_rotation
cv_20260827_evt_0011316,cv_20260827_req_0004802,cv_20260827_dev_0001921,11,block,0.979099103876,1,0,6.79027670261,10,10,4,persistent_high_model_risk|high_risk_with_card_diversity|cross_session_card_diversity|high_risk_with_ip_rotation
cv_20260827_evt_0001766,cv_20260827_req_0000641,cv_20260827_dev_0000505,1,allow,0.232009550347,0.028783095908,0,0.028783095908,0,0,0,
cv_20260827_evt_0003706,cv_20260827_req_0001350,cv_20260827_dev_0001044,1,allow,0.181660119376,0.0250286633218,0,0.0250286633218,0,0,0,
cv_20260827_evt_0000730,cv_20260827_req_0000266,cv_20260827_dev_0000211,1,allow,0.1526609681,0.0193933904297,0,0.0193933904297,0,0,0,
cv_20260827_evt_0006282,cv_20260827_req_0002375,cv_20260827_dev_0001615,1,allow,0.153287823992,0.0193933904297,0,0.0193933904297,0,0,0,
cv_20260827_evt_0006284,cv_20260827_req_0002376,cv_20260827_dev_0001615,2,allow,0.368825909186,0.0930102271251,0,0.108523979322,0,0,0,stable_retry_risk_reduction
cv_20260827_evt_0006286,cv_20260827_req_0002377,cv_20260827_dev_0001615,3,allow,0.498385560032,0.284737559009,1,0.371551966528,0,0,0,stable_retry_risk_reduction
cv_20260827_evt_0006296,cv_20260827_req_0002381,cv_20260827_dev_0001616,1,allow,0.128374961137,0.00820512873941,0,0.00820512873941,0,0,0,
cv_20260827_evt_0006298,cv_20260827_req_0002382,cv_20260827_dev_0001616,2,allow,0.320822739654,0.0930102271251,0,0.101214707034,0,0,1,high_risk_with_card_diversity
cv_20260827_evt_0006300,cv_20260827_req_0002383,cv_20260827_dev_0001616,3,allow,0.549724421612,0.474791810673,2,0.57600129785,0,0,2,high_risk_with_card_diversity|high_risk_with_card_switching
cv_20260827_evt_0001537,cv_20260827_req_0000558,cv_20260827_dev_0000441,1,allow,0.213065332342,0.0259720802764,0,0.0259720802764,0,0,0,
cv_20260827_evt_0006516,cv_20260827_req_0002480,cv_20260827_dev_0001644,1,allow,0.124430731535,0.00548001258357,0,0.00548001258357,0,0,0,
cv_20260827_evt_0006518,cv_20260827_req_0002481,cv_20260827_dev_0001644,2,allow,0.294572133356,0.0930102271251,0,0.0984902083062,0,0,1,high_risk_with_card_diversity
cv_20260827_evt_0006520,cv_20260827_req_0002482,cv_20260827_dev_0001644,3,allow,0.543969143555,0.474791810673,2,0.573281454594,0,0,2,high_risk_with_card_diversity|high_risk_with_card_switching
cv_20260827_evt_0006522,cv_20260827_req_0002483,cv_20260827_dev_0001644,4,allow,0.664599045929,0.474791810673,4,1.04806932313,0,0,2,high_risk_with_card_diversity|high_risk_with_card_switching
cv_20260827_evt_0011869,cv_20260827_req_0005070,cv_20260827_dev_0001962,3,allow,0.630960837668,0.474791810673,0,0.84730074124,0,0,3,high_risk_with_card_diversity|cross_session_card_diversity|high_risk_with_ip_rotation
cv_20260827_evt_0010316,cv_20260827_req_0004316,cv_20260827_dev_0001863,1,allow,0.218213970415,0.0259720802764,0,0.0259720802764,0,0,0,
cv_20260827_evt_0010318,cv_20260827_req_0004317,cv_20260827_dev_0001863,2,allow,0.399478975658,0.0930102271251,0,0.118977307196,0,0,0,
cv_20260827_evt_0010320,cv_20260827_req_0004318,cv_20260827_dev_0001863,3,allow,0.687363356634,0.474791810673,0,0.593759573253,0,0,0,
cv_20260827_evt_0010322,cv_20260827_req_0004319,cv_20260827_dev_0001863,4,allow,0.896450560461,0.920638394369,0,1.51438299694,1,1,0,
cv_20260827_evt_0011871,cv_20260827_req_0005071,cv_20260827_dev_0001962,4,allow,0.904290499616,0.920638394369,0,1.59796567914,1,1,2,stable_retry_risk_reduction|high_risk_with_card_diversity|cross_session_card_diversity
cv_20260827_evt_0010324,cv_20260827_req_0004320,cv_20260827_dev_0001863,5,allow,0.934121630529,0.968667664035,0,2.48275910841,2,2,1,persistent_high_model_risk
cv_20260827_evt_0010326,cv_20260827_req_0004321,cv_20260827_dev_0001863,6,review,0.90402196123,0.920638394369,0,3.40298210441,3,3,1,persistent_high_model_risk
cv_20260827_evt_0006923,cv_20260827_req_0002663,cv_20260827_dev_0001694,1,allow,0.114323794632,0.00548001258357,0,0.00548001258357,0,0,0,
cv_20260827_evt_0006925,cv_20260827_req_0002664,cv_20260827_dev_0001694,2,allow,0.293861261468,0.0930102271251,0,0.0973939709063,0,0,0,stable_retry_risk_reduction
cv_20260827_evt_0006927,cv_20260827_req_0002665,cv_20260827_dev_0001694,3,allow,0.406990394985,0.0930102271251,1,0.170923439346,0,0,0,stable_retry_risk_reduction
cv_20260827_evt_0009941,cv_20260827_req_0004135,cv_20260827_dev_0001843,1,allow,0.240150537545,0.028783095908,0,0.028783095908,0,0,0,
cv_20260827_evt_0009943,cv_20260827_req_0004136,cv_20260827_dev_0001843,2,allow,0.488891025813,0.284737559009,0,0.313519170511,0,0,1,high_risk_with_card_diversity
cv_20260827_evt_0009945,cv_20260827_req_0004137,cv_20260827_dev_0001843,3,allow,0.807349399569,0.584793744945,1,0.898273752348,1,1,1,high_risk_with_card_diversity
cv_20260827_evt_0002420,cv_20260827_req_0000881,cv_20260827_dev_0000687,1,allow,0.229949657917,0.028783095908,0,0.028783095908,0,0,0,
cv_20260827_evt_0009947,cv_20260827_req_0004138,cv_20260827_dev_0001843,4,allow,0.895914522703,0.920638394369,2,1.8187278868,2,2,2,high_risk_with_card_diversity|high_risk_with_card_switching
cv_20260827_evt_0009949,cv_20260827_req_0004139,cv_20260827_dev_0001843,5,review,0.954907539737,0.978665935245,2,2.79721457234,3,3,4,persistent_high_model_risk|high_risk_with_card_diversity|high_risk_with_card_switching|high_risk_with_ip_rotation
cv_20260827_evt_0009951,cv_20260827_req_0004140,cv_20260827_dev_0001843,6,review,0.981193757304,1,3,3.79697414599,4,4,4,persistent_high_model_risk|high_risk_with_card_diversity|high_risk_with_card_switching|high_risk_with_ip_rotation
cv_20260827_evt_0000269,cv_20260827_req_0000098,cv_20260827_dev_0000078,1,allow,0.135237265435,0.00820512873941,0,0.00820512873941,0,0,0,
cv_20260827_evt_0003532,cv_20260827_req_0001287,cv_20260827_dev_0000997,2,allow,0.118914376969,0.00548001258357,0,0.0171983455298,0,0,3,successful_checkout_risk_reduction|high_risk_with_card_diversity|cross_session_card_diversity|high_risk_with_ip_rotation
cv_20260827_evt_0005289,cv_20260827_req_0001998,cv_20260827_dev_0001346,1,allow,0.0807435893795,0.00548001258357,0,0.00548001258357,0,0,0,
cv_20260827_evt_0003854,cv_20260827_req_0001405,cv_20260827_dev_0001085,2,allow,0.0667975656813,0,0,0.00874960502354,0,0,0,successful_checkout_risk_reduction
cv_20260827_evt_0001118,cv_20260827_req_0000406,cv_20260827_dev_0000325,2,allow,0.0454160203367,0,0,0.011763784692,0,0,0,successful_checkout_risk_reduction
cv_20260827_evt_0002145,cv_20260827_req_0000780,cv_20260827_dev_0000609,1,allow,0.203908137976,0.0250286633218,0,0.0250286633218,0,0,0,
cv_20260827_evt_0011824,cv_20260827_req_0005048,cv_20260827_dev_0001959,1,allow,0.117367471294,0.00548001258357,0,0.00548001258357,0,0,0,
cv_20260827_evt_0011826,cv_20260827_req_0005049,cv_20260827_dev_0001959,2,allow,0.681225083865,0.474791810673,0,0.48026688272,0,0,0,
cv_20260827_evt_0011828,cv_20260827_req_0005050,cv_20260827_dev_0001959,3,allow,0.966504217493,0.987077221928,1,1.46673242449,1,1,0,
cv_20260827_evt_0005518,cv_20260827_req_0002081,cv_20260827_dev_0001409,1,allow,0.142766677965,0.0116357732377,0,0.0116357732377,0,0,0,
cv_20260827_evt_0003594,cv_20260827_req_0001309,cv_20260827_dev_0001012,1,allow,0.245595780601,0.028783095908,0,0.028783095908,0,0,0,
cv_20260827_evt_0003571,cv_20260827_req_0001301,cv_20260827_dev_0001006,1,allow,0.226013343115,0.028783095908,0,0.028783095908,0,0,0,
cv_20260827_evt_0001429,cv_20260827_req_0000519,cv_20260827_dev_0000412,1,allow,0.233118348498,0.028783095908,0,0.028783095908,0,0,0,
cv_20260827_evt_0011348,cv_20260827_req_0004817,cv_20260827_dev_0001924,1,allow,0.227283754237,0.028783095908,0,0.028783095908,0,0,0,
cv_20260827_evt_0011350,cv_20260827_req_0004818,cv_20260827_dev_0001924,2,allow,0.697788113963,0.474791810673,0,0.503544376234,0,0,0,
cv_20260827_evt_0011352,cv_20260827_req_0004819,cv_20260827_dev_0001924,3,allow,0.875962147873,0.920638394369,0,1.42387296299,1,1,0,
cv_20260827_evt_0010785,cv_20260827_req_0004544,cv_20260827_dev_0001892,10,block,0.844397829068,0.834086215288,1,5.9175703784,7,7,3,persistent_high_model_risk|high_risk_with_card_diversity|cross_session_card_diversity
cv_20260827_evt_0010787,cv_20260827_req_0004545,cv_20260827_dev_0001892,11,block,0.769512214528,0.474791810673,1,6.3917518415,7,0,3,persistent_high_model_risk|high_risk_with_card_diversity|cross_session_card_diversity
cv_20260827_evt_0010789,cv_20260827_req_0004546,cv_20260827_dev_0001892,12,block,0.868425524399,0.920638394369,1,7.31160646209,8,1,3,persistent_high_model_risk|high_risk_with_card_diversity|cross_session_card_diversity
cv_20260827_evt_0010791,cv_20260827_req_0004547,cv_20260827_dev_0001892,13,block,0.914074721737,0.920638394369,1,8.23189291913,9,2,3,persistent_high_model_risk|high_risk_with_card_diversity|cross_session_card_diversity
cv_20260827_evt_0010793,cv_20260827_req_0004548,cv_20260827_dev_0001892,14,block,0.922366735441,0.920638394369,1,9.15207847569,10,3,1,persistent_high_model_risk
cv_20260827_evt_0010795,cv_20260827_req_0004549,cv_20260827_dev_0001892,15,block,0.940244965392,0.968667664035,1,10.1196658382,11,4,3,persistent_high_model_risk|high_risk_with_card_diversity|cross_session_card_diversity
cv_20260827_evt_0004069,cv_20260827_req_0001485,cv_20260827_dev_0001150,2,allow,0.0623830548674,0,0,0.0124679218036,0,0,1,successful_checkout_risk_reduction|high_risk_with_ip_rotation
cv_20260827_evt_0010797,cv_20260827_req_0004550,cv_20260827_dev_0001892,16,block,0.896213606122,0.920638394369,1,11.0383095881,12,5,4,persistent_high_model_risk|high_risk_with_card_diversity|cross_session_card_diversity|high_risk_with_ip_rotation
cv_20260827_evt_0005661,cv_20260827_req_0002134,cv_20260827_dev_0001457,2,allow,0.0267163349453,0,0,0.00792635022873,0,0,1,successful_checkout_risk_reduction|high_risk_with_ip_rotation
cv_20260827_evt_0005570,cv_20260827_req_0002101,cv_20260827_dev_0001426,1,allow,0.106033831393,0.00548001258357,0,0.00548001258357,0,0,0,
cv_20260827_evt_0002672,cv_20260827_req_0000975,cv_20260827_dev_0000753,3,allow,0.697381954821,0.474791810673,0,0.569691100736,0,0,1,high_risk_with_ip_rotation
cv_20260827_evt_0010204,cv_20260827_req_0004262,cv_20260827_dev_0001858,1,allow,0.18946753941,0.0250286633218,0,0.0250286633218,0,0,0,
cv_20260827_evt_0010206,cv_20260827_req_0004263,cv_20260827_dev_0001858,2,allow,0.424432280793,0.0930102271251,0,0.11803539115,0,0,0,
cv_20260827_evt_0003868,cv_20260827_req_0001410,cv_20260827_dev_0001089,1,allow,0.202750690248,0.0250286633218,0,0.0250286633218,0,0,0,
cv_20260827_evt_0010208,cv_20260827_req_0004264,cv_20260827_dev_0001858,3,allow,0.767332798726,0.474791810673,0,0.592811916443,0,0,0,
cv_20260827_evt_0010210,cv_20260827_req_0004265,cv_20260827_dev_0001858,4,allow,0.767863987699,0.474791810673,0,1.06751541067,0,0,0,
cv_20260827_evt_0010212,cv_20260827_req_0004266,cv_20260827_dev_0001858,5,allow,0.882832678644,0.920638394369,0,1.98797152587,1,1,1,high_risk_with_card_diversity
cv_20260827_evt_0010214,cv_20260827_req_0004267,cv_20260827_dev_0001858,6,allow,0.944290834643,0.968667664035,1,2.95644781622,2,2,2,high_risk_with_card_diversity|persistent_high_model_risk
cv_20260827_evt_0010216,cv_20260827_req_0004268,cv_20260827_dev_0001858,7,review,0.960332742526,0.978665935245,3,3.93452763092,3,3,4,persistent_high_model_risk|high_risk_with_card_diversity|high_risk_with_card_switching|high_risk_with_ip_rotation
cv_20260827_evt_0010218,cv_20260827_req_0004269,cv_20260827_dev_0001858,8,block,0.988907829876,1,2,4.93406771222,4,4,4,persistent_high_model_risk|high_risk_with_card_diversity|high_risk_with_card_switching|high_risk_with_ip_rotation
cv_20260827_evt_0010220,cv_20260827_req_0004270,cv_20260827_dev_0001858,9,block,0.988845653668,1,2,5.93372278026,5,5,4,persistent_high_model_risk|high_risk_with_card_diversity|high_risk_with_card_switching|high_risk_with_ip_rotation
cv_20260827_evt_0011899,cv_20260827_req_0005084,cv_20260827_dev_0001964,5,allow,0.865428597327,0.888720283257,3,2.43782652479,2,2,4,high_risk_with_card_diversity|cross_session_card_diversity|high_risk_with_ip_rotation|persistent_high_model_risk
cv_20260827_evt_0011901,cv_20260827_req_0005085,cv_20260827_dev_0001964,6,review,0.931100401035,0.968667664035,3,3.40551092165,3,3,3,persistent_high_model_risk|high_risk_with_card_diversity|cross_session_card_diversity
cv_20260827_evt_0001824,cv_20260827_req_0000663,cv_20260827_dev_0000520,1,allow,0.204682394651,0.0250286633218,0,0.0250286633218,0,0,0,
cv_20260827_evt_0011903,cv_20260827_req_0005086,cv_20260827_dev_0001964,7,block,0.981803854472,1,4,4.40176612449,4,4,4,persistent_high_model_risk|high_risk_with_card_diversity|high_risk_with_card_switching|cross_session_card_diversity
cv_20260827_evt_0002919,cv_20260827_req_0001063,cv_20260827_dev_0000826,1,allow,0.200202156887,0.0250286633218,0,0.0250286633218,0,0,0,
cv_20260827_evt_0003331,cv_20260827_req_0001213,cv_20260827_dev_0000939,2,allow,0.507482905601,0.284737559009,0,0.361048592967,0,0,3,high_risk_with_card_diversity|cross_session_card_diversity|high_risk_with_ip_rotation
cv_20260827_evt_0005524,cv_20260827_req_0002083,cv_20260827_dev_0001411,1,allow,0.140600939622,0.0116357732377,0,0.0116357732377,0,0,0,
cv_20260827_evt_0005891,cv_20260827_req_0002222,cv_20260827_dev_0001523,1,allow,0.161105648873,0.0250286633218,0,0.0250286633218,0,0,0,
cv_20260827_evt_0005893,cv_20260827_req_0002223,cv_20260827_dev_0001523,2,allow,0.327093505913,0.0930102271251,0,0.118034129228,0,0,1,high_risk_with_card_diversity
cv_20260827_evt_0002491,cv_20260827_req_0000907,cv_20260827_dev_0000705,1,allow,0.220163239601,0.0259720802764,0,0.0259720802764,0,0,0,
cv_20260827_evt_0003637,cv_20260827_req_0001324,cv_20260827_dev_0001024,3,allow,0.0970719124186,0.00548001258357,0,0.0196550320518,0,0,2,successful_checkout_risk_reduction|high_risk_with_card_diversity|cross_session_card_diversity
cv_20260827_evt_0001592,cv_20260827_req_0000578,cv_20260827_dev_0000456,1,allow,0.25629923465,0.0690182853703,0,0.0690182853703,0,0,0,
cv_20260827_evt_0000466,cv_20260827_req_0000171,cv_20260827_dev_0000138,1,allow,0.158354092151,0.0250286633218,0,0.0250286633218,0,0,0,
cv_20260827_evt_0003698,cv_20260827_req_0001347,cv_20260827_dev_0001042,1,allow,0.247634972704,0.028783095908,0,0.028783095908,0,0,0,
cv_20260827_evt_0003249,cv_20260827_req_0001183,cv_20260827_dev_0000916,1,allow,0.200467557498,0.0250286633218,0,0.0250286633218,0,0,0,
cv_20260827_evt_0003251,cv_20260827_req_0001184,cv_20260827_dev_0000916,2,allow,0.372434220089,0.0930102271251,0,0.118033957153,0,0,0,
cv_20260827_evt_0003294,cv_20260827_req_0001200,cv_20260827_dev_0000928,2,allow,0.48208793793,0.284737559009,0,0.30612329257,0,0,1,high_risk_with_ip_rotation
cv_20260827_evt_0003135,cv_20260827_req_0001142,cv_20260827_dev_0000888,1,allow,0.153449159175,0.0193933904297,0,0.0193933904297,0,0,0,
cv_20260827_evt_0008361,cv_20260827_req_0003365,cv_20260827_dev_0001766,10,block,0.831095955468,0.690081906596,1,6.35497368201,8,8,4,persistent_high_model_risk|high_risk_with_card_diversity|cross_session_card_diversity|high_risk_with_ip_rotation
cv_20260827_evt_0008363,cv_20260827_req_0003366,cv_20260827_dev_0001766,11,block,0.877161954471,0.920638394369,1,7.27559750982,9,9,4,persistent_high_model_risk|high_risk_with_card_diversity|cross_session_card_diversity|high_risk_with_ip_rotation
cv_20260827_evt_0008365,cv_20260827_req_0003367,cv_20260827_dev_0001766,12,block,0.934344504069,0.968667664035,1,8.24425683547,10,10,4,persistent_high_model_risk|high_risk_with_card_diversity|cross_session_card_diversity|high_risk_with_ip_rotation
cv_20260827_evt_0008367,cv_20260827_req_0003368,cv_20260827_dev_0001766,13,block,0.944449721619,0.968667664035,3,9.21288670539,11,11,4,persistent_high_model_risk|high_risk_with_card_diversity|cross_session_card_diversity|high_risk_with_ip_rotation
cv_20260827_evt_0008369,cv_20260827_req_0003369,cv_20260827_dev_0001766,14,block,0.920333991948,0.920638394369,3,10.1335145411,12,12,3,persistent_high_model_risk|high_risk_with_card_diversity|cross_session_card_diversity
cv_20260827_evt_0008371,cv_20260827_req_0003370,cv_20260827_dev_0001766,15,block,0.941812941074,0.968667664035,3,11.1021357501,13,13,3,persistent_high_model_risk|high_risk_with_card_diversity|cross_session_card_diversity
cv_20260827_evt_0008373,cv_20260827_req_0003371,cv_20260827_dev_0001766,16,block,0.933587664059,0.968667664035,3,12.0707652425,14,14,3,persistent_high_model_risk|high_risk_with_card_diversity|cross_session_card_diversity
cv_20260827_evt_0008375,cv_20260827_req_0003372,cv_20260827_dev_0001766,17,block,0.953857991202,0.978665935245,3,13.0493896757,15,15,3,persistent_high_model_risk|high_risk_with_card_diversity|cross_session_card_diversity
cv_20260827_evt_0008377,cv_20260827_req_0003373,cv_20260827_dev_0001766,18,block,0.945957994861,0.978665935245,3,14.0280256998,16,16,4,persistent_high_model_risk|high_risk_with_card_diversity|cross_session_card_diversity|high_risk_with_ip_rotation
cv_20260827_evt_0011973,cv_20260827_req_0005120,cv_20260827_dev_0001969,6,review,0.791005101854,0.559667304185,3,2.70841295336,3,3,4,persistent_high_model_risk|high_risk_with_card_diversity|cross_session_card_diversity|high_risk_with_ip_rotation
cv_20260827_evt_0001754,cv_20260827_req_0000637,cv_20260827_dev_0000501,2,allow,0.397234145698,0.0930102271251,0,0.139344149207,0,0,0,successful_checkout_risk_reduction
cv_20260827_evt_0011975,cv_20260827_req_0005121,cv_20260827_dev_0001969,7,review,0.949664564144,0.978665935245,2,3.68451615738,4,4,3,persistent_high_model_risk|high_risk_with_card_diversity|cross_session_card_diversity
cv_20260827_evt_0006550,cv_20260827_req_0002496,cv_20260827_dev_0001649,1,allow,0.122555212891,0.00548001258357,0,0.00548001258357,0,0,0,
cv_20260827_evt_0006552,cv_20260827_req_0002497,cv_20260827_dev_0001649,2,allow,0.302020297429,0.0930102271251,0,0.0973938854973,0,0,0,stable_retry_risk_reduction
cv_20260827_evt_0006554,cv_20260827_req_0002498,cv_20260827_dev_0001649,3,allow,0.429321621066,0.0930102271251,1,0.170919352874,0,0,0,stable_retry_risk_reduction
cv_20260827_evt_0000007,cv_20260827_req_0000003,cv_20260827_dev_0000003,1,allow,0.142159503979,0.0116357732377,0,0.0116357732377,0,0,0,
cv_20260827_evt_0005549,cv_20260827_req_0002093,cv_20260827_dev_0001419,1,allow,0.118455059818,0.00548001258357,0,0.00548001258357,0,0,0,
cv_20260827_evt_0001385,cv_20260827_req_0000503,cv_20260827_dev_0000404,1,allow,0.229693075336,0.028783095908,0,0.028783095908,0,0,0,
cv_20260827_evt_0012085,cv_20260827_req_0005175,cv_20260827_dev_0001977,3,allow,0.800526372178,0.559667304185,1,0.953990170193,1,1,3,high_risk_with_card_diversity|cross_session_card_diversity|high_risk_with_ip_rotation
cv_20260827_evt_0011860,cv_20260827_req_0005066,cv_20260827_dev_0001961,6,review,0.804880156676,0.568992575245,5,2.85344978757,3,2,5,rule_corroborated_review|high_risk_with_card_diversity|high_risk_with_card_switching|cross_session_card_diversity|high_risk_with_ip_rotation|persistent_high_model_risk
cv_20260827_evt_0012087,cv_20260827_req_0005176,cv_20260827_dev_0001977,4,allow,0.813988276503,0.584793744945,0,1.53804619205,2,2,2,high_risk_with_card_diversity|cross_session_card_diversity
cv_20260827_evt_0012040,cv_20260827_req_0005153,cv_20260827_dev_0001974,4,allow,0.769146526246,0.474791810673,0,1.24285889267,1,0,3,high_risk_with_card_diversity|cross_session_card_diversity|high_risk_with_ip_rotation
cv_20260827_evt_0011862,cv_20260827_req_0005067,cv_20260827_dev_0001961,7,review,0.961778094862,0.987077221928,5,3.83920939408,4,3,5,rule_corroborated_review|high_risk_with_card_diversity|high_risk_with_card_switching|cross_session_card_diversity|high_risk_with_ip_rotation|persistent_high_model_risk
cv_20260827_evt_0012042,cv_20260827_req_0005154,cv_20260827_dev_0001974,5,allow,0.905052937498,0.920638394369,0,2.16317825979,2,1,3,high_risk_with_card_diversity|cross_session_card_diversity|persistent_high_model_risk
cv_20260827_evt_0000120,cv_20260827_req_0000044,cv_20260827_dev_0000038,1,allow,0.197029480733,0.0250286633218,0,0.0250286633218,0,0,0,
cv_20260827_evt_0012044,cv_20260827_req_0005155,cv_20260827_dev_0001974,6,review,0.991199570509,1,3,3.16055936562,3,2,4,persistent_high_model_risk|high_risk_with_card_diversity|high_risk_with_card_switching|cross_session_card_diversity
cv_20260827_evt_0003217,cv_20260827_req_0001171,cv_20260827_dev_0000907,1,allow,0.226375804025,0.028783095908,0,0.028783095908,0,0,0,
cv_20260827_evt_0005681,cv_20260827_req_0002142,cv_20260827_dev_0001461,1,allow,0.117013873145,0.00548001258357,0,0.00548001258357,0,0,0,
cv_20260827_evt_0000358,cv_20260827_req_0000131,cv_20260827_dev_0000103,1,allow,0.254252065246,0.0690182853703,0,0.0690182853703,0,0,0,
cv_20260827_evt_0002194,cv_20260827_req_0000797,cv_20260827_dev_0000623,1,allow,0.237890559722,0.028783095908,0,0.028783095908,0,0,0,
cv_20260827_evt_0003703,cv_20260827_req_0001349,cv_20260827_dev_0001043,2,allow,0.115838290123,0.00548001258357,0,0.0167735268744,0,0,3,successful_checkout_risk_reduction|high_risk_with_card_diversity|cross_session_card_diversity|high_risk_with_ip_rotation
cv_20260827_evt_0004028,cv_20260827_req_0001469,cv_20260827_dev_0001139,1,allow,0.125699680763,0.00820512873941,0,0.00820512873941,0,0,0,
cv_20260827_evt_0003190,cv_20260827_req_0001162,cv_20260827_dev_0000901,1,allow,0.255077507762,0.0690182853703,0,0.0690182853703,0,0,0,
cv_20260827_evt_0006408,cv_20260827_req_0002430,cv_20260827_dev_0001630,1,allow,0.149457334452,0.0193933904297,0,0.0193933904297,0,0,0,
cv_20260827_evt_0006410,cv_20260827_req_0002431,cv_20260827_dev_0001630,2,allow,0.382801018326,0.0930102271251,0,0.108524850564,0,0,0,stable_retry_risk_reduction
cv_20260827_evt_0006412,cv_20260827_req_0002432,cv_20260827_dev_0001630,3,allow,0.45346663791,0.0930102271251,1,0.201534331425,0,0,0,
cv_20260827_evt_0001991,cv_20260827_req_0000724,cv_20260827_dev_0000567,1,allow,0.210507237784,0.0259720802764,0,0.0259720802764,0,0,0,
cv_20260827_evt_0001739,cv_20260827_req_0000631,cv_20260827_dev_0000497,1,allow,0.140625963967,0.0116357732377,0,0.0116357732377,0,0,0,
cv_20260827_evt_0004914,cv_20260827_req_0001844,cv_20260827_dev_0001276,1,allow,0.236878354726,0.028783095908,0,0.028783095908,0,0,0,
cv_20260827_evt_0004916,cv_20260827_req_0001845,cv_20260827_dev_0001276,2,allow,0.517230498688,0.304785409055,0,0.333565272356,0,0,0,
cv_20260827_evt_0004918,cv_20260827_req_0001846,cv_20260827_dev_0001276,3,allow,0.686689360864,0.474791810673,1,0.741623844337,0,0,0,stable_retry_risk_reduction
cv_20260827_evt_0004920,cv_20260827_req_0001847,cv_20260827_dev_0001276,4,allow,0.808489444465,0.584793744945,1,1.32636149419,1,1,0,
cv_20260827_evt_0004723,cv_20260827_req_0001758,cv_20260827_dev_0001255,1,allow,0.219080580856,0.0259720802764,0,0.0259720802764,0,0,0,
cv_20260827_evt_0004725,cv_20260827_req_0001759,cv_20260827_dev_0001255,2,allow,0.444004406516,0.0930102271251,0,0.118981473967,0,0,0,
cv_20260827_evt_0004727,cv_20260827_req_0001760,cv_20260827_dev_0001255,3,allow,0.738807538398,0.474791810673,1,0.569972408197,0,0,0,stable_retry_risk_reduction
cv_20260827_evt_0006143,cv_20260827_req_0002315,cv_20260827_dev_0001596,1,allow,0.132457103565,0.00820512873941,0,0.00820512873941,0,0,0,
cv_20260827_evt_0004243,cv_20260827_req_0001547,cv_20260827_dev_0001200,1,allow,0.248832960077,0.028783095908,0,0.028783095908,0,0,0,
cv_20260827_evt_0001181,cv_20260827_req_0000428,cv_20260827_dev_0000343,1,allow,0.247750737687,0.028783095908,0,0.028783095908,0,0,0,
cv_20260827_evt_0003219,cv_20260827_req_0001172,cv_20260827_dev_0000908,1,allow,0.239433292323,0.028783095908,0,0.028783095908,0,0,0,
cv_20260827_evt_0008156,cv_20260827_req_0003265,cv_20260827_dev_0001757,13,block,0.854761310055,0.855151534315,1,8.23559511996,11,11,3,persistent_high_model_risk|high_risk_with_card_diversity|cross_session_card_diversity
cv_20260827_evt_0008158,cv_20260827_req_0003266,cv_20260827_dev_0001757,14,block,0.858723267041,0.855151534315,1,9.09070889987,12,12,3,persistent_high_model_risk|high_risk_with_card_diversity|cross_session_card_diversity
cv_20260827_evt_0008160,cv_20260827_req_0003267,cv_20260827_dev_0001757,15,block,0.920904519173,0.920638394369,1,10.0113160383,13,13,3,persistent_high_model_risk|high_risk_with_card_diversity|cross_session_card_diversity
cv_20260827_evt_0008162,cv_20260827_req_0003268,cv_20260827_dev_0001757,16,block,0.94536413639,0.968667664035,3,10.9799722287,14,14,3,persistent_high_model_risk|high_risk_with_card_diversity|cross_session_card_diversity
cv_20260827_evt_0008164,cv_20260827_req_0003269,cv_20260827_dev_0001757,17,block,0.956114130181,0.978665935245,3,11.95862558,15,15,3,persistent_high_model_risk|high_risk_with_card_diversity|cross_session_card_diversity
cv_20260827_evt_0008166,cv_20260827_req_0003270,cv_20260827_dev_0001757,18,block,0.973407051125,1,3,12.9586118745,16,16,3,persistent_high_model_risk|high_risk_with_card_diversity|cross_session_card_diversity
cv_20260827_evt_0000798,cv_20260827_req_0000290,cv_20260827_dev_0000230,2,allow,0.319892157262,0.0930102271251,0,0.119081072871,0,0,2,high_risk_with_card_diversity|cross_session_card_diversity
cv_20260827_evt_0006100,cv_20260827_req_0002299,cv_20260827_dev_0001582,1,allow,0.130662961968,0.00820512873941,0,0.00820512873941,0,0,0,
cv_20260827_evt_0003300,cv_20260827_req_0001202,cv_20260827_dev_0000929,2,allow,0.0597682234624,0,0,0.00223941136863,0,0,1,successful_checkout_risk_reduction|high_risk_with_ip_rotation
cv_20260827_evt_0000665,cv_20260827_req_0000242,cv_20260827_dev_0000194,1,allow,0.15259030973,0.0193933904297,0,0.0193933904297,0,0,0,
cv_20260827_evt_0001565,cv_20260827_req_0000568,cv_20260827_dev_0000447,2,allow,0.095982077182,0.00548001258357,0,0.0184653964264,0,0,2,successful_checkout_risk_reduction|high_risk_with_card_diversity|cross_session_card_diversity
cv_20260827_evt_0005143,cv_20260827_req_0001945,cv_20260827_dev_0001305,3,allow,0.106120015853,0.00548001258357,0,0.0090556191862,0,0,2,successful_checkout_risk_reduction|high_risk_with_card_diversity|cross_session_card_diversity
cv_20260827_evt_0000051,cv_20260827_req_0000019,cv_20260827_dev_0000016,1,allow,0.120947993298,0.00548001258357,0,0.00548001258357,0,0,0,
cv_20260827_evt_0011606,cv_20260827_req_0004943,cv_20260827_dev_0001940,4,allow,0.941319690245,0.968667664035,2,2.10617210076,2,2,4,high_risk_with_card_diversity|cross_session_card_diversity|high_risk_with_ip_rotation|persistent_high_model_risk
cv_20260827_evt_0010974,cv_20260827_req_0004635,cv_20260827_dev_0001902,1,allow,0.254448439402,0.0690182853703,0,0.0690182853703,0,0,0,
cv_20260827_evt_0010976,cv_20260827_req_0004636,cv_20260827_dev_0001902,2,allow,0.340675666224,0.0930102271251,0,0.162015541274,0,0,1,high_risk_with_card_diversity
cv_20260827_evt_0010978,cv_20260827_req_0004637,cv_20260827_dev_0001902,3,allow,0.743208902301,0.474791810673,0,0.636780801563,0,0,1,high_risk_with_card_diversity
cv_20260827_evt_0011608,cv_20260827_req_0004944,cv_20260827_dev_0001940,5,review,0.974487268835,1,1,3.10401523764,3,3,3,persistent_high_model_risk|high_risk_with_card_diversity|cross_session_card_diversity
cv_20260827_evt_0010980,cv_20260827_req_0004638,cv_20260827_dev_0001902,4,allow,0.89845245393,0.920638394369,2,1.5573126541,1,1,2,high_risk_with_card_diversity|high_risk_with_card_switching
cv_20260827_evt_0010982,cv_20260827_req_0004639,cv_20260827_dev_0001902,5,allow,0.94583916145,0.978665935245,2,2.53570018548,2,2,3,high_risk_with_card_diversity|high_risk_with_card_switching|persistent_high_model_risk
cv_20260827_evt_0010984,cv_20260827_req_0004640,cv_20260827_dev_0001902,6,review,0.971810031493,1,2,3.53538925111,3,3,3,persistent_high_model_risk|high_risk_with_card_diversity|high_risk_with_card_switching
cv_20260827_evt_0010986,cv_20260827_req_0004641,cv_20260827_dev_0001902,7,block,0.988364751142,1,2,4.53509348009,4,4,4,persistent_high_model_risk|high_risk_with_card_diversity|high_risk_with_card_switching|high_risk_with_ip_rotation
cv_20260827_evt_0011204,cv_20260827_req_0004748,cv_20260827_dev_0001914,7,block,0.873126506571,0.920638394369,3,3.76644806631,4,4,4,persistent_high_model_risk|high_risk_with_card_diversity|cross_session_card_diversity|high_risk_with_ip_rotation
cv_20260827_evt_0001277,cv_20260827_req_0000462,cv_20260827_dev_0000371,1,allow,0.205019708291,0.0250286633218,0,0.0250286633218,0,0,0,
cv_20260827_evt_0003019,cv_20260827_req_0001100,cv_20260827_dev_0000851,1,allow,0.243491644948,0.028783095908,0,0.028783095908,0,0,0,
cv_20260827_evt_0005097,cv_20260827_req_0001926,cv_20260827_dev_0001298,1,allow,0.221053392238,0.0259720802764,0,0.0259720802764,0,0,0,
cv_20260827_evt_0005099,cv_20260827_req_0001927,cv_20260827_dev_0001298,2,allow,0.471781593582,0.198123499891,0,0.218899759205,0,0,0,stable_retry_risk_reduction
cv_20260827_evt_0005101,cv_20260827_req_0001928,cv_20260827_dev_0001298,3,allow,0.760389153978,0.474791810673,1,0.693685799808,0,0,0,
cv_20260827_evt_0011206,cv_20260827_req_0004749,cv_20260827_dev_0001914,8,block,0.93358284731,0.968667664035,3,4.73217724651,5,5,4,persistent_high_model_risk|high_risk_with_card_diversity|cross_session_card_diversity|high_risk_with_ip_rotation
cv_20260827_evt_0002093,cv_20260827_req_0000761,cv_20260827_dev_0000597,1,allow,0.232600450857,0.028783095908,0,0.028783095908,0,0,0,
cv_20260827_evt_0000816,cv_20260827_req_0000297,cv_20260827_dev_0000236,1,allow,0.254920144839,0.0690182853703,0,0.0690182853703,0,0,0,
cv_20260827_evt_0011446,cv_20260827_req_0004864,cv_20260827_dev_0001930,1,allow,0.252020468537,0.028783095908,0,0.028783095908,0,0,0,
cv_20260827_evt_0001736,cv_20260827_req_0000630,cv_20260827_dev_0000496,1,allow,0.198170537552,0.0250286633218,0,0.0250286633218,0,0,0,
cv_20260827_evt_0004120,cv_20260827_req_0001504,cv_20260827_dev_0001166,1,allow,0.215033525959,0.0259720802764,0,0.0259720802764,0,0,0,
cv_20260827_evt_0011448,cv_20260827_req_0004865,cv_20260827_dev_0001930,2,allow,0.681015151707,0.474791810673,0,0.503536238083,0,0,0,
cv_20260827_evt_0008755,cv_20260827_req_0003556,cv_20260827_dev_0001784,1,allow,0.236354678318,0.028783095908,0,0.028783095908,0,0,0,
cv_20260827_evt_0008757,cv_20260827_req_0003557,cv_20260827_dev_0001784,2,allow,0.565091437719,0.474791810673,0,0.503574807618,0,0,0,
cv_20260827_evt_0008759,cv_20260827_req_0003558,cv_20260827_dev_0001784,3,allow,0.910176712515,0.920638394369,0,1.32349685534,1,1,0,stable_retry_risk_reduction
cv_20260827_evt_0008761,cv_20260827_req_0003559,cv_20260827_dev_0001784,4,allow,0.942792883096,0.968667664035,2,2.02746029447,2,2,1,stable_retry_risk_reduction|persistent_high_model_risk
cv_20260827_evt_0008763,cv_20260827_req_0003560,cv_20260827_dev_0001784,5,review,0.968844866254,0.987077221928,3,3.01452822192,3,3,2,persistent_high_model_risk|high_risk_with_card_diversity
cv_20260827_evt_0008765,cv_20260827_req_0003561,cv_20260827_dev_0001784,6,block,0.985046368699,1,4,3.41161704973,4,4,2,stable_retry_risk_reduction|persistent_high_model_risk|high_risk_with_card_diversity
cv_20260827_evt_0008767,cv_20260827_req_0003562,cv_20260827_dev_0001784,7,block,0.982242696234,1,4,4.41160140987,5,5,3,persistent_high_model_risk|high_risk_with_card_diversity|high_risk_with_ip_rotation
cv_20260827_evt_0008769,cv_20260827_req_0003563,cv_20260827_dev_0001784,8,block,0.991058732297,1,5,5.41158624179,6,6,3,persistent_high_model_risk|high_risk_with_card_diversity|high_risk_with_ip_rotation
cv_20260827_evt_0008771,cv_20260827_req_0003564,cv_20260827_dev_0001784,9,block,0.97090271815,1,4,6.4115800397,7,7,3,persistent_high_model_risk|high_risk_with_card_diversity|high_risk_with_ip_rotation
cv_20260827_evt_0008773,cv_20260827_req_0003565,cv_20260827_dev_0001784,10,block,0.995258488876,1,5,7.41155799525,8,8,3,persistent_high_model_risk|high_risk_with_card_diversity|high_risk_with_ip_rotation
cv_20260827_evt_0008775,cv_20260827_req_0003566,cv_20260827_dev_0001784,11,block,0.996606542282,1,5,8.41153251266,9,9,3,persistent_high_model_risk|high_risk_with_card_diversity|high_risk_with_ip_rotation
cv_20260827_evt_0008777,cv_20260827_req_0003567,cv_20260827_dev_0001784,12,block,0.997000544163,1,5,9.4115228724,10,10,3,persistent_high_model_risk|high_risk_with_card_diversity|high_risk_with_ip_rotation
cv_20260827_evt_0011630,cv_20260827_req_0004955,cv_20260827_dev_0001943,1,allow,0.180319519617,0.0250286633218,0,0.0250286633218,0,0,0,
cv_20260827_evt_0006776,cv_20260827_req_0002597,cv_20260827_dev_0001678,1,allow,0.101924784177,0.00548001258357,0,0.00548001258357,0,0,0,
cv_20260827_evt_0006778,cv_20260827_req_0002598,cv_20260827_dev_0001678,2,allow,0.275463478044,0.0930102271251,0,0.0973939357377,0,0,0,stable_retry_risk_reduction
cv_20260827_evt_0006780,cv_20260827_req_0002599,cv_20260827_dev_0001678,3,allow,0.556979276166,0.474791810673,1,0.552701423062,0,0,0,stable_retry_risk_reduction
cv_20260827_evt_0011632,cv_20260827_req_0004956,cv_20260827_dev_0001943,2,allow,0.689979134654,0.474791810673,0,0.499788654147,0,0,1,high_risk_with_card_diversity
cv_20260827_evt_0006080,cv_20260827_req_0002292,cv_20260827_dev_0001576,1,allow,0.143528683211,0.0116357732377,0,0.0116357732377,0,0,0,
cv_20260827_evt_0011634,cv_20260827_req_0004957,cv_20260827_dev_0001943,3,allow,0.961168889957,0.987077221928,2,1.48642215616,1,1,2,high_risk_with_card_diversity|high_risk_with_card_switching
cv_20260827_evt_0010705,cv_20260827_req_0004505,cv_20260827_dev_0001888,1,allow,0.209168145439,0.0259720802764,0,0.0259720802764,0,0,0,
cv_20260827_evt_0010707,cv_20260827_req_0004506,cv_20260827_dev_0001888,2,allow,0.517089283645,0.304785409055,0,0.330756894018,0,0,0,
cv_20260827_evt_0010709,cv_20260827_req_0004507,cv_20260827_dev_0001888,3,allow,0.784649486537,0.474791810673,0,0.805509283473,0,0,1,high_risk_with_card_diversity
cv_20260827_evt_0010711,cv_20260827_req_0004508,cv_20260827_dev_0001888,4,allow,0.902515918364,0.920638394369,1,1.72600552137,1,1,1,high_risk_with_card_diversity
cv_20260827_evt_0010713,cv_20260827_req_0004509,cv_20260827_dev_0001888,5,allow,0.945262326193,0.968667664035,2,2.69460988626,2,2,3,high_risk_with_card_diversity|high_risk_with_card_switching|persistent_high_model_risk
cv_20260827_evt_0001086,cv_20260827_req_0000394,cv_20260827_dev_0000316,1,allow,0.250112488819,0.028783095908,0,0.028783095908,0,0,0,
cv_20260827_evt_0006802,cv_20260827_req_0002609,cv_20260827_dev_0001680,1,allow,0.147702155658,0.0193933904297,0,0.0193933904297,0,0,0,
cv_20260827_evt_0006804,cv_20260827_req_0002610,cv_20260827_dev_0001680,2,allow,0.354942326465,0.0930102271251,0,0.108524228243,0,0,0,stable_retry_risk_reduction
cv_20260827_evt_0006806,cv_20260827_req_0002611,cv_20260827_dev_0001680,3,allow,0.476054265922,0.284737559009,1,0.371549578792,0,0,0,stable_retry_risk_reduction
cv_20260827_evt_0005157,cv_20260827_req_0001950,cv_20260827_dev_0001309,1,allow,0.14596405179,0.0193933904297,0,0.0193933904297,0,0,0,
cv_20260827_evt_0005568,cv_20260827_req_0002100,cv_20260827_dev_0001425,2,allow,0.0304483261416,0,0,0.00247220458968,0,0,0,successful_checkout_risk_reduction
cv_20260827_evt_0002423,cv_20260827_req_0000882,cv_20260827_dev_0000687,2,allow,0.0392767923495,0,0,0.0143370097006,0,0,0,successful_checkout_risk_reduction
cv_20260827_evt_0002449,cv_20260827_req_0000892,cv_20260827_dev_0000694,1,allow,0.210765319224,0.0259720802764,0,0.0259720802764,0,0,0,
cv_20260827_evt_0004123,cv_20260827_req_0001505,cv_20260827_dev_0001167,1,allow,0.206916285806,0.0250286633218,0,0.0250286633218,0,0,0,
cv_20260827_evt_0006963,cv_20260827_req_0002681,cv_20260827_dev_0001700,1,allow,0.143223475642,0.0116357732377,0,0.0116357732377,0,0,0,
cv_20260827_evt_0006965,cv_20260827_req_0002682,cv_20260827_dev_0001700,2,allow,0.338815280924,0.0930102271251,0,0.102318194966,0,0,0,stable_retry_risk_reduction
cv_20260827_evt_0006967,cv_20260827_req_0002683,cv_20260827_dev_0001700,3,allow,0.476427360017,0.284737559009,1,0.366584141384,0,0,0,stable_retry_risk_reduction
cv_20260827_evt_0002254,cv_20260827_req_0000820,cv_20260827_dev_0000642,1,allow,0.251825335279,0.028783095908,0,0.028783095908,0,0,0,
cv_20260827_evt_0007877,cv_20260827_req_0003127,cv_20260827_dev_0001745,1,allow,0.253467568013,0.0690182853703,0,0.0690182853703,0,0,0,
cv_20260827_evt_0007879,cv_20260827_req_0003128,cv_20260827_dev_0001745,2,allow,0.287619601379,0.0930102271251,0,0.162028433395,0,0,0,
cv_20260827_evt_0007881,cv_20260827_req_0003129,cv_20260827_dev_0001745,3,allow,0.409717539598,0.0930102271251,0,0.255038474823,0,0,0,
cv_20260827_evt_0007883,cv_20260827_req_0003130,cv_20260827_dev_0001745,4,review,0.940162370435,0.968667664035,5,1.22370496969,1,1,2,rule_corroborated_review|high_risk_with_card_diversity|high_risk_with_card_switching
cv_20260827_evt_0007885,cv_20260827_req_0003131,cv_20260827_dev_0001745,5,allow,0.980441701317,1,4,2.22370076231,2,2,3,high_risk_with_card_diversity|high_risk_with_card_switching|persistent_high_model_risk
cv_20260827_evt_0007887,cv_20260827_req_0003132,cv_20260827_dev_0001745,6,review,0.987099379733,1,4,3.22369821378,3,3,3,persistent_high_model_risk|high_risk_with_card_diversity|high_risk_with_card_switching
cv_20260827_evt_0007889,cv_20260827_req_0003133,cv_20260827_dev_0001745,7,block,0.988469608876,1,5,4.22369451918,4,4,4,persistent_high_model_risk|high_risk_with_card_diversity|high_risk_with_card_switching|high_risk_with_ip_rotation
cv_20260827_evt_0007891,cv_20260827_req_0003134,cv_20260827_dev_0001745,8,block,0.996343412313,1,5,5.22368483784,5,5,4,persistent_high_model_risk|high_risk_with_card_diversity|high_risk_with_card_switching|high_risk_with_ip_rotation
cv_20260827_evt_0007893,cv_20260827_req_0003135,cv_20260827_dev_0001745,9,block,0.998504885531,1,5,6.22367286436,6,6,4,persistent_high_model_risk|high_risk_with_card_diversity|high_risk_with_card_switching|high_risk_with_ip_rotation
cv_20260827_evt_0007895,cv_20260827_req_0003136,cv_20260827_dev_0001745,10,block,0.998877152876,1,5,7.22365146598,7,7,4,persistent_high_model_risk|high_risk_with_card_diversity|high_risk_with_card_switching|high_risk_with_ip_rotation
cv_20260827_evt_0007897,cv_20260827_req_0003137,cv_20260827_dev_0001745,11,block,0.99890275481,1,5,8.22363490828,8,8,4,persistent_high_model_risk|high_risk_with_card_diversity|high_risk_with_card_switching|high_risk_with_ip_rotation
cv_20260827_evt_0007899,cv_20260827_req_0003138,cv_20260827_dev_0001745,12,block,0.999054211918,1,5,9.2235972087,9,9,4,persistent_high_model_risk|high_risk_with_card_diversity|high_risk_with_card_switching|high_risk_with_ip_rotation
cv_20260827_evt_0007384,cv_20260827_req_0002887,cv_20260827_dev_0001719,1,allow,0.25448772622,0.0690182853703,0,0.0690182853703,0,0,0,
cv_20260827_evt_0007386,cv_20260827_req_0002888,cv_20260827_dev_0001719,2,allow,0.528804827642,0.323943661972,0,0.392960365355,0,0,1,high_risk_with_card_diversity
cv_20260827_evt_0007388,cv_20260827_req_0002889,cv_20260827_dev_0001719,3,allow,0.785498763889,0.474791810673,2,0.867748122785,0,0,2,high_risk_with_card_diversity|high_risk_with_card_switching
cv_20260827_evt_0007390,cv_20260827_req_0002890,cv_20260827_dev_0001719,4,allow,0.927829001696,0.968667664035,3,1.83640186385,1,1,2,high_risk_with_card_diversity|high_risk_with_card_switching
cv_20260827_evt_0007392,cv_20260827_req_0002891,cv_20260827_dev_0001719,5,allow,0.950615213272,0.978665935245,3,2.81502570643,2,2,3,high_risk_with_card_diversity|high_risk_with_card_switching|persistent_high_model_risk
cv_20260827_evt_0007394,cv_20260827_req_0002892,cv_20260827_dev_0001719,6,review,0.977375193086,1,5,3.81499021806,3,3,3,rule_corroborated_review|high_risk_with_card_diversity|high_risk_with_card_switching|persistent_high_model_risk
cv_20260827_evt_0007396,cv_20260827_req_0002893,cv_20260827_dev_0001719,7,block,0.983604892161,1,6,4.8149464956,4,4,4,rule_corroborated_block|high_risk_with_card_diversity|high_risk_with_card_switching|high_risk_with_ip_rotation|persistent_high_model_risk
cv_20260827_evt_0007398,cv_20260827_req_0002894,cv_20260827_dev_0001719,8,block,0.987159858689,1,6,5.81489131294,5,5,4,rule_corroborated_block|high_risk_with_card_diversity|high_risk_with_card_switching|high_risk_with_ip_rotation|persistent_high_model_risk
cv_20260827_evt_0007400,cv_20260827_req_0002895,cv_20260827_dev_0001719,9,block,0.986836142507,1,6,6.81483799869,6,6,4,rule_corroborated_block|high_risk_with_card_diversity|high_risk_with_card_switching|high_risk_with_ip_rotation|persistent_high_model_risk
cv_20260827_evt_0007402,cv_20260827_req_0002896,cv_20260827_dev_0001719,10,block,0.989047009345,1,6,7.81472865499,7,7,4,rule_corroborated_block|high_risk_with_card_diversity|high_risk_with_card_switching|high_risk_with_ip_rotation|persistent_high_model_risk
cv_20260827_evt_0007404,cv_20260827_req_0002897,cv_20260827_dev_0001719,11,block,0.992986363349,1,6,8.81463909272,8,8,4,rule_corroborated_block|high_risk_with_card_diversity|high_risk_with_card_switching|high_risk_with_ip_rotation|persistent_high_model_risk
cv_20260827_evt_0007406,cv_20260827_req_0002898,cv_20260827_dev_0001719,12,block,0.993910224425,1,6,9.81450776442,9,9,4,rule_corroborated_block|high_risk_with_card_diversity|high_risk_with_card_switching|high_risk_with_ip_rotation|persistent_high_model_risk
cv_20260827_evt_0006373,cv_20260827_req_0002415,cv_20260827_dev_0001625,4,allow,0.0897179046145,0.00548001258357,0,0.255297237916,0,0,1,successful_checkout_risk_reduction|high_risk_with_ip_rotation
cv_20260827_evt_0006375,cv_20260827_req_0002416,cv_20260827_dev_0001625,5,allow,0.187045743287,0.0250286633218,0,0.229264815156,0,0,0,stable_retry_risk_reduction
cv_20260827_evt_0006377,cv_20260827_req_0002417,cv_20260827_dev_0001625,6,allow,0.288100192038,0.0930102271251,1,0.276420397625,0,0,0,stable_retry_risk_reduction
cv_20260827_evt_0004384,cv_20260827_req_0001608,cv_20260827_dev_0001215,1,allow,0.158078289335,0.0250286633218,0,0.0250286633218,0,0,0,
cv_20260827_evt_0004386,cv_20260827_req_0001609,cv_20260827_dev_0001215,2,allow,0.401442111979,0.0930102271251,0,0.118038029919,0,0,1,high_risk_with_card_diversity
cv_20260827_evt_0004388,cv_20260827_req_0001610,cv_20260827_dev_0001215,3,allow,0.785135429411,0.474791810673,3,0.592826729178,0,0,2,high_risk_with_card_diversity|high_risk_with_card_switching
cv_20260827_evt_0003611,cv_20260827_req_0001315,cv_20260827_dev_0001017,1,allow,0.227756903089,0.028783095908,0,0.028783095908,0,0,0,
cv_20260827_evt_0002207,cv_20260827_req_0000802,cv_20260827_dev_0000628,1,allow,0.245442339833,0.028783095908,0,0.028783095908,0,0,0,
cv_20260827_evt_0008951,cv_20260827_req_0003651,cv_20260827_dev_0001794,1,allow,0.263428367792,0.0930102271251,0,0.0930102271251,0,0,0,
cv_20260827_evt_0008953,cv_20260827_req_0003652,cv_20260827_dev_0001794,2,allow,0.753582764317,0.474791810673,0,0.567800332264,0,0,0,
cv_20260827_evt_0008955,cv_20260827_req_0003653,cv_20260827_dev_0001794,3,allow,0.835931295089,0.690081906596,1,1.25787117634,1,1,1,high_risk_with_card_diversity
cv_20260827_evt_0008957,cv_20260827_req_0003654,cv_20260827_dev_0001794,4,allow,0.916741888861,0.920638394369,2,2.17849659623,2,2,2,high_risk_with_card_diversity|persistent_high_model_risk
cv_20260827_evt_0008959,cv_20260827_req_0003655,cv_20260827_dev_0001794,5,review,0.978477118668,1,3,3.17846164237,3,3,2,persistent_high_model_risk|high_risk_with_card_diversity
cv_20260827_evt_0008961,cv_20260827_req_0003656,cv_20260827_dev_0001794,6,block,0.984099889047,1,4,4.17838514531,4,4,2,persistent_high_model_risk|high_risk_with_card_diversity
cv_20260827_evt_0008963,cv_20260827_req_0003657,cv_20260827_dev_0001794,7,block,0.981406171457,1,4,5.17827979414,5,5,3,persistent_high_model_risk|high_risk_with_card_diversity|high_risk_with_ip_rotation
cv_20260827_evt_0008965,cv_20260827_req_0003658,cv_20260827_dev_0001794,8,block,0.987815471835,1,5,6.17819670893,6,6,3,persistent_high_model_risk|high_risk_with_card_diversity|high_risk_with_ip_rotation
cv_20260827_evt_0008967,cv_20260827_req_0003659,cv_20260827_dev_0001794,9,block,0.987653626013,1,5,7.17803385527,7,7,3,persistent_high_model_risk|high_risk_with_card_diversity|high_risk_with_ip_rotation
cv_20260827_evt_0008969,cv_20260827_req_0003660,cv_20260827_dev_0001794,10,block,0.990350143778,1,5,8.17786932561,8,8,3,persistent_high_model_risk|high_risk_with_card_diversity|high_risk_with_ip_rotation
cv_20260827_evt_0008971,cv_20260827_req_0003661,cv_20260827_dev_0001794,11,block,0.992444825747,1,4,9.17778497386,9,9,3,persistent_high_model_risk|high_risk_with_card_diversity|high_risk_with_ip_rotation
cv_20260827_evt_0000964,cv_20260827_req_0000350,cv_20260827_dev_0000280,1,allow,0.246787138823,0.028783095908,0,0.028783095908,0,0,0,
cv_20260827_evt_0003144,cv_20260827_req_0001145,cv_20260827_dev_0000891,1,allow,0.207869425345,0.0250286633218,0,0.0250286633218,0,0,0,
cv_20260827_evt_0002938,cv_20260827_req_0001070,cv_20260827_dev_0000831,1,allow,0.249375255347,0.028783095908,0,0.028783095908,0,0,0,
cv_20260827_evt_0002736,cv_20260827_req_0000998,cv_20260827_dev_0000771,1,allow,0.232526530972,0.028783095908,0,0.028783095908,0,0,0,
cv_20260827_evt_0010494,cv_20260827_req_0004402,cv_20260827_dev_0001874,1,allow,0.165462453761,0.0250286633218,0,0.0250286633218,0,0,0,
cv_20260827_evt_0004846,cv_20260827_req_0001814,cv_20260827_dev_0001269,1,allow,0.198236356764,0.0250286633218,0,0.0250286633218,0,0,0,
cv_20260827_evt_0010496,cv_20260827_req_0004403,cv_20260827_dev_0001874,2,allow,0.784879163907,0.474791810673,0,0.499816802614,0,0,0,
cv_20260827_evt_0004848,cv_20260827_req_0001815,cv_20260827_dev_0001269,2,allow,0.399702694986,0.0930102271251,0,0.118036423679,0,0,1,high_risk_with_card_diversity
cv_20260827_evt_0010498,cv_20260827_req_0004404,cv_20260827_dev_0001874,3,allow,0.892051862036,0.920638394369,0,1.42041968288,1,1,0,
cv_20260827_evt_0004850,cv_20260827_req_0001816,cv_20260827_dev_0001269,3,allow,0.827092928176,0.627563763201,3,0.745591799892,1,1,2,high_risk_with_card_diversity|high_risk_with_card_switching
cv_20260827_evt_0010500,cv_20260827_req_0004405,cv_20260827_dev_0001874,4,allow,0.901760879528,0.920638394369,0,2.34076833885,2,2,1,persistent_high_model_risk
cv_20260827_evt_0010502,cv_20260827_req_0004406,cv_20260827_dev_0001874,5,review,0.904144316227,0.920638394369,0,3.2610606905,3,3,2,persistent_high_model_risk|high_risk_with_ip_rotation
cv_20260827_evt_0003346,cv_20260827_req_0001218,cv_20260827_dev_0000942,1,allow,0.236915790783,0.028783095908,0,0.028783095908,0,0,0,
cv_20260827_evt_0004236,cv_20260827_req_0001544,cv_20260827_dev_0001199,2,allow,0.0564278207523,0,0,0.00792546002661,0,0,0,successful_checkout_risk_reduction
cv_20260827_evt_0004238,cv_20260827_req_0001545,cv_20260827_dev_0001199,3,allow,0.195060390995,0.0250286633218,0,0.0329538326918,0,0,2,high_risk_with_card_diversity|cross_session_card_diversity
cv_20260827_evt_0011905,cv_20260827_req_0005087,cv_20260827_dev_0001964,8,block,0.948985520658,0.978665935245,4,4.97196147468,5,5,4,persistent_high_model_risk|high_risk_with_card_diversity|high_risk_with_card_switching|cross_session_card_diversity
cv_20260827_evt_0009244,cv_20260827_req_0003795,cv_20260827_dev_0001809,1,allow,0.157225779879,0.0242229382613,0,0.0242229382613,0,0,0,
cv_20260827_evt_0009246,cv_20260827_req_0003796,cv_20260827_dev_0001809,2,allow,0.544739036585,0.474791810673,0,0.499014665651,0,0,0,
cv_20260827_evt_0009248,cv_20260827_req_0003797,cv_20260827_dev_0001809,3,allow,0.69072757254,0.474791810673,0,0.973804188693,0,0,0,
cv_20260827_evt_0009250,cv_20260827_req_0003798,cv_20260827_dev_0001809,4,allow,0.902017493569,0.920638394369,2,1.8944392349,1,1,0,
cv_20260827_evt_0009252,cv_20260827_req_0003799,cv_20260827_dev_0001809,5,allow,0.946872675114,0.978665935245,2,2.87309865664,2,2,1,persistent_high_model_risk
cv_20260827_evt_0009254,cv_20260827_req_0003800,cv_20260827_dev_0001809,6,review,0.959260871112,0.978665935245,4,3.85175142075,3,3,1,persistent_high_model_risk
cv_20260827_evt_0009256,cv_20260827_req_0003801,cv_20260827_dev_0001809,7,block,0.891804386889,0.920638394369,3,4.77238540072,4,4,2,persistent_high_model_risk|high_risk_with_ip_rotation
cv_20260827_evt_0009258,cv_20260827_req_0003802,cv_20260827_dev_0001809,8,block,0.97032484106,1,3,5.77236352269,5,5,3,persistent_high_model_risk|high_risk_with_card_diversity|high_risk_with_ip_rotation
cv_20260827_evt_0009260,cv_20260827_req_0003803,cv_20260827_dev_0001809,9,block,0.96252562877,0.987077221928,3,6.75943412905,6,6,3,persistent_high_model_risk|high_risk_with_card_diversity|high_risk_with_ip_rotation
cv_20260827_evt_0009262,cv_20260827_req_0003804,cv_20260827_dev_0001809,10,block,0.983288655483,1,3,7.7594108886,7,7,3,persistent_high_model_risk|high_risk_with_card_diversity|high_risk_with_ip_rotation
cv_20260827_evt_0009264,cv_20260827_req_0003805,cv_20260827_dev_0001809,11,block,0.98063569865,1,3,8.75937531716,8,8,3,persistent_high_model_risk|high_risk_with_card_diversity|high_risk_with_ip_rotation
cv_20260827_evt_0009266,cv_20260827_req_0003806,cv_20260827_dev_0001809,12,block,0.986073339345,1,3,9.75933516159,9,9,3,persistent_high_model_risk|high_risk_with_card_diversity|high_risk_with_ip_rotation
cv_20260827_evt_0009861,cv_20260827_req_0004096,cv_20260827_dev_0001839,1,allow,0.204918470904,0.0250286633218,0,0.0250286633218,0,0,0,
cv_20260827_evt_0009863,cv_20260827_req_0004097,cv_20260827_dev_0001839,2,allow,0.506121724426,0.284737559009,0,0.309765476538,0,0,0,
cv_20260827_evt_0009865,cv_20260827_req_0004098,cv_20260827_dev_0001839,3,allow,0.810771593537,0.584793744945,1,0.894508103542,1,1,0,
cv_20260827_evt_0009867,cv_20260827_req_0004099,cv_20260827_dev_0001839,4,allow,0.862380804685,0.855151534315,0,1.74961350618,2,2,0,
cv_20260827_evt_0009869,cv_20260827_req_0004100,cv_20260827_dev_0001839,5,review,0.915428180339,0.920638394369,0,2.67012357301,3,3,2,persistent_high_model_risk|high_risk_with_ip_rotation
cv_20260827_evt_0009871,cv_20260827_req_0004101,cv_20260827_dev_0001839,6,review,0.919564040912,0.920638394369,0,3.05665646591,4,4,2,stable_retry_risk_reduction|persistent_high_model_risk|high_risk_with_ip_rotation
cv_20260827_evt_0011907,cv_20260827_req_0005088,cv_20260827_dev_0001964,9,block,0.966322254945,0.987077221928,3,5.9523648318,6,6,3,persistent_high_model_risk|high_risk_with_card_diversity|cross_session_card_diversity
cv_20260827_evt_0009873,cv_20260827_req_0004102,cv_20260827_dev_0001839,7,block,0.971102772932,1,0,3.44507295802,5,5,2,stable_retry_risk_reduction|persistent_high_model_risk|high_risk_with_ip_rotation
cv_20260827_evt_0004943,cv_20260827_req_0001857,cv_20260827_dev_0001279,1,allow,0.177767822341,0.0250286633218,0,0.0250286633218,0,0,0,
cv_20260827_evt_0004945,cv_20260827_req_0001858,cv_20260827_dev_0001279,2,allow,0.446779159173,0.0930102271251,0,0.118037542299,0,0,1,high_risk_with_card_diversity
cv_20260827_evt_0004947,cv_20260827_req_0001859,cv_20260827_dev_0001279,3,allow,0.801653416108,0.559667304185,2,0.677701329255,1,1,2,high_risk_with_card_diversity|high_risk_with_card_switching
cv_20260827_evt_0002461,cv_20260827_req_0000896,cv_20260827_dev_0000697,1,allow,0.210541656012,0.0259720802764,0,0.0259720802764,0,0,0,
cv_20260827_evt_0002463,cv_20260827_req_0000897,cv_20260827_dev_0000697,2,allow,0.497843202968,0.284737559009,0,0.310705591425,0,0,0,
cv_20260827_evt_0011909,cv_20260827_req_0005089,cv_20260827_dev_0001964,10,block,0.988996927961,1,3,6.94607157813,7,7,3,persistent_high_model_risk|high_risk_with_card_diversity|cross_session_card_diversity
cv_20260827_evt_0002281,cv_20260827_req_0000829,cv_20260827_dev_0000648,2,allow,0.0802150919309,0.00548001258357,0,0.0172408854809,0,0,2,successful_checkout_risk_reduction|high_risk_with_card_diversity|cross_session_card_diversity
cv_20260827_evt_0005859,cv_20260827_req_0002209,cv_20260827_dev_0001514,2,allow,0.0734347177009,0,0,0.00792481514672,0,0,3,successful_checkout_risk_reduction|high_risk_with_card_diversity|cross_session_card_diversity|high_risk_with_ip_rotation
cv_20260827_evt_0005861,cv_20260827_req_0002210,cv_20260827_dev_0001514,3,allow,0.233154312063,0.028783095908,0,0.0367062854636,0,0,2,high_risk_with_card_diversity|cross_session_card_diversity
cv_20260827_evt_0004289,cv_20260827_req_0001567,cv_20260827_dev_0001207,1,allow,0.22257239813,0.0259720802764,0,0.0259720802764,0,0,0,
cv_20260827_evt_0004291,cv_20260827_req_0001568,cv_20260827_dev_0001207,2,allow,0.316673520292,0.0930102271251,0,0.118980313156,0,0,0,
cv_20260827_evt_0004293,cv_20260827_req_0001569,cv_20260827_dev_0001207,3,allow,0.644446053141,0.474791810673,1,0.593758761245,0,0,0,
cv_20260827_evt_0000469,cv_20260827_req_0000172,cv_20260827_dev_0000138,2,allow,0.0707362865619,0,0,0.0124665072536,0,0,2,successful_checkout_risk_reduction|high_risk_with_card_diversity|cross_session_card_diversity
cv_20260827_evt_0009740,cv_20260827_req_0004036,cv_20260827_dev_0001832,1,allow,0.183188817283,0.0250286633218,0,0.0250286633218,0,0,0,
cv_20260827_evt_0009742,cv_20260827_req_0004037,cv_20260827_dev_0001832,2,allow,0.266765155656,0.0930102271251,0,0.118038058603,0,0,0,
cv_20260827_evt_0009744,cv_20260827_req_0004038,cv_20260827_dev_0001832,3,allow,0.774417849355,0.474791810673,0,0.592823240709,0,0,0,
cv_20260827_evt_0009746,cv_20260827_req_0004039,cv_20260827_dev_0001832,4,allow,0.861891812183,0.855151534315,0,1.44791634771,1,1,1,high_risk_with_card_diversity
cv_20260827_evt_0009748,cv_20260827_req_0004040,cv_20260827_dev_0001832,5,allow,0.950372399934,0.978665935245,2,2.4265208856,2,2,3,high_risk_with_card_diversity|high_risk_with_card_switching|persistent_high_model_risk
cv_20260827_evt_0009750,cv_20260827_req_0004041,cv_20260827_dev_0001832,6,review,0.976246266271,1,3,3.42643467678,3,3,3,persistent_high_model_risk|high_risk_with_card_diversity|high_risk_with_card_switching
cv_20260827_evt_0009752,cv_20260827_req_0004042,cv_20260827_dev_0001832,7,block,0.974865970527,1,4,4.42632079692,4,4,4,persistent_high_model_risk|high_risk_with_card_diversity|high_risk_with_card_switching|high_risk_with_ip_rotation
cv_20260827_evt_0005774,cv_20260827_req_0002178,cv_20260827_dev_0001489,1,allow,0.151788721718,0.0193933904297,0,0.0193933904297,0,0,0,
cv_20260827_evt_0009754,cv_20260827_req_0004043,cv_20260827_dev_0001832,8,block,0.97360127778,1,3,5.4256562965,5,5,4,persistent_high_model_risk|high_risk_with_card_diversity|high_risk_with_card_switching|high_risk_with_ip_rotation
cv_20260827_evt_0009756,cv_20260827_req_0004044,cv_20260827_dev_0001832,9,block,0.979659415473,1,3,6.42525834513,6,6,4,persistent_high_model_risk|high_risk_with_card_diversity|high_risk_with_card_switching|high_risk_with_ip_rotation
cv_20260827_evt_0007098,cv_20260827_req_0002746,cv_20260827_dev_0001707,1,allow,0.225072868771,0.0259720802764,0,0.0259720802764,0,0,0,
cv_20260827_evt_0007100,cv_20260827_req_0002747,cv_20260827_dev_0001707,2,allow,0.351341952288,0.0930102271251,0,0.118982277636,0,0,1,high_risk_with_card_diversity
cv_20260827_evt_0007102,cv_20260827_req_0002748,cv_20260827_dev_0001707,3,allow,0.823534809103,0.627563763201,3,0.746545631749,1,1,2,high_risk_with_card_diversity|high_risk_with_card_switching
cv_20260827_evt_0007104,cv_20260827_req_0002749,cv_20260827_dev_0001707,4,review,0.943898547302,0.968667664035,5,1.71521244019,2,2,3,rule_corroborated_review|high_risk_with_card_diversity|high_risk_with_card_switching|persistent_high_model_risk
cv_20260827_evt_0007106,cv_20260827_req_0002750,cv_20260827_dev_0001707,5,review,0.991147156642,1,4,2.7152065429,3,3,3,persistent_high_model_risk|high_risk_with_card_diversity|high_risk_with_card_switching
cv_20260827_evt_0007108,cv_20260827_req_0002751,cv_20260827_dev_0001707,6,block,0.995273716801,1,5,3.71519409559,4,4,3,persistent_high_model_risk|high_risk_with_card_diversity|high_risk_with_card_switching
cv_20260827_evt_0007110,cv_20260827_req_0002752,cv_20260827_dev_0001707,7,block,0.99436205681,1,5,4.7151855798,5,5,4,persistent_high_model_risk|high_risk_with_card_diversity|high_risk_with_card_switching|high_risk_with_ip_rotation
cv_20260827_evt_0007112,cv_20260827_req_0002753,cv_20260827_dev_0001707,8,block,0.995082781999,1,5,5.71518017584,6,6,4,persistent_high_model_risk|high_risk_with_card_diversity|high_risk_with_card_switching|high_risk_with_ip_rotation
cv_20260827_evt_0007114,cv_20260827_req_0002754,cv_20260827_dev_0001707,9,block,0.995325270621,1,5,6.71516707579,7,7,4,persistent_high_model_risk|high_risk_with_card_diversity|high_risk_with_card_switching|high_risk_with_ip_rotation
cv_20260827_evt_0007116,cv_20260827_req_0002755,cv_20260827_dev_0001707,10,block,0.996939979833,1,5,7.71513629147,8,8,4,persistent_high_model_risk|high_risk_with_card_diversity|high_risk_with_card_switching|high_risk_with_ip_rotation
cv_20260827_evt_0007118,cv_20260827_req_0002756,cv_20260827_dev_0001707,11,block,0.998644041107,1,5,8.71511860722,9,9,4,persistent_high_model_risk|high_risk_with_card_diversity|high_risk_with_card_switching|high_risk_with_ip_rotation
cv_20260827_evt_0007120,cv_20260827_req_0002757,cv_20260827_dev_0001707,12,block,0.998784637422,1,5,9.71509863085,10,10,4,persistent_high_model_risk|high_risk_with_card_diversity|high_risk_with_card_switching|high_risk_with_ip_rotation
cv_20260827_evt_0007832,cv_20260827_req_0003105,cv_20260827_dev_0001743,1,allow,0.24314849819,0.028783095908,0,0.028783095908,0,0,0,
cv_20260827_evt_0007834,cv_20260827_req_0003106,cv_20260827_dev_0001743,2,allow,0.504343347418,0.284737559009,0,0.30776342877,0,0,0,stable_retry_risk_reduction
cv_20260827_evt_0007836,cv_20260827_req_0003107,cv_20260827_dev_0001743,3,allow,0.745875895923,0.474791810673,1,0.782552417693,0,0,1,high_risk_with_card_diversity
cv_20260827_evt_0007838,cv_20260827_req_0003108,cv_20260827_dev_0001743,4,allow,0.881023444419,0.920638394369,4,1.70317197812,1,1,2,high_risk_with_card_diversity|high_risk_with_card_switching
cv_20260827_evt_0007840,cv_20260827_req_0003109,cv_20260827_dev_0001743,5,allow,0.937742941683,0.968667664035,4,2.67181036292,2,2,4,high_risk_with_card_diversity|high_risk_with_card_switching|high_risk_with_ip_rotation|persistent_high_model_risk
cv_20260827_evt_0007842,cv_20260827_req_0003110,cv_20260827_dev_0001743,6,review,0.944039829304,0.968667664035,5,3.6404504682,3,3,4,rule_corroborated_review|high_risk_with_card_diversity|high_risk_with_card_switching|high_risk_with_ip_rotation|persistent_high_model_risk
cv_20260827_evt_0007844,cv_20260827_req_0003111,cv_20260827_dev_0001743,7,block,0.986301734775,1,5,4.64035450805,4,4,4,persistent_high_model_risk|high_risk_with_card_diversity|high_risk_with_card_switching|high_risk_with_ip_rotation
cv_20260827_evt_0007846,cv_20260827_req_0003112,cv_20260827_dev_0001743,8,block,0.969764455696,0.987077221928,5,5.62731473101,5,5,4,persistent_high_model_risk|high_risk_with_card_diversity|high_risk_with_card_switching|high_risk_with_ip_rotation
cv_20260827_evt_0007848,cv_20260827_req_0003113,cv_20260827_dev_0001743,9,block,0.979308009765,1,5,6.62722444105,6,6,4,persistent_high_model_risk|high_risk_with_card_diversity|high_risk_with_card_switching|high_risk_with_ip_rotation
cv_20260827_evt_0007850,cv_20260827_req_0003114,cv_20260827_dev_0001743,10,block,0.99161547046,1,5,7.62716367887,7,7,4,persistent_high_model_risk|high_risk_with_card_diversity|high_risk_with_card_switching|high_risk_with_ip_rotation
cv_20260827_evt_0002284,cv_20260827_req_0000830,cv_20260827_dev_0000649,1,allow,0.105394184795,0.00548001258357,0,0.00548001258357,0,0,0,
cv_20260827_evt_0011977,cv_20260827_req_0005122,cv_20260827_dev_0001969,8,block,0.939700209341,0.968667664035,2,4.30836931762,5,5,4,persistent_high_model_risk|high_risk_with_card_diversity|cross_session_card_diversity|high_risk_with_ip_rotation
cv_20260827_evt_0011979,cv_20260827_req_0005123,cv_20260827_dev_0001969,9,block,0.950432603495,0.978665935245,2,5.28279583713,6,6,4,persistent_high_model_risk|high_risk_with_card_diversity|cross_session_card_diversity|high_risk_with_ip_rotation
cv_20260827_evt_0001279,cv_20260827_req_0000463,cv_20260827_dev_0000372,1,allow,0.236915790783,0.028783095908,0,0.028783095908,0,0,0,
cv_20260827_evt_0006088,cv_20260827_req_0002295,cv_20260827_dev_0001579,1,allow,0.141881936632,0.0116357732377,0,0.0116357732377,0,0,0,
cv_20260827_evt_0001311,cv_20260827_req_0000475,cv_20260827_dev_0000381,1,allow,0.255983583469,0.0690182853703,0,0.0690182853703,0,0,0,
cv_20260827_evt_0001650,cv_20260827_req_0000598,cv_20260827_dev_0000470,1,allow,0.147623965567,0.0193933904297,0,0.0193933904297,0,0,0,
cv_20260827_evt_0005501,cv_20260827_req_0002075,cv_20260827_dev_0001404,1,allow,0.127036992497,0.00820512873941,0,0.00820512873941,0,0,0,
cv_20260827_evt_0004031,cv_20260827_req_0001470,cv_20260827_dev_0001139,2,allow,0.0960480672352,0.00548001258357,0,0.00956733902104,0,0,2,successful_checkout_risk_reduction|high_risk_with_card_diversity|cross_session_card_diversity
cv_20260827_evt_0008798,cv_20260827_req_0003577,cv_20260827_dev_0001786,1,allow,0.159798285152,0.0250286633218,0,0.0250286633218,0,0,0,
cv_20260827_evt_0008800,cv_20260827_req_0003578,cv_20260827_dev_0001786,2,allow,0.431448333643,0.0930102271251,0,0.118038775708,0,0,1,high_risk_with_card_diversity
cv_20260827_evt_0008802,cv_20260827_req_0003579,cv_20260827_dev_0001786,3,allow,0.499438770781,0.284737559009,0,0.402776064154,0,0,1,high_risk_with_card_diversity
cv_20260827_evt_0008804,cv_20260827_req_0003580,cv_20260827_dev_0001786,4,allow,0.926851098857,0.968667664035,4,1.37144326658,1,1,2,high_risk_with_card_diversity|high_risk_with_card_switching
cv_20260827_evt_0008806,cv_20260827_req_0003581,cv_20260827_dev_0001786,5,allow,0.98473785689,1,4,2.37144012302,2,2,3,high_risk_with_card_diversity|high_risk_with_card_switching|persistent_high_model_risk
cv_20260827_evt_0008808,cv_20260827_req_0003582,cv_20260827_dev_0001786,6,review,0.992220074425,1,5,3.37142925164,3,3,3,rule_corroborated_review|high_risk_with_card_diversity|high_risk_with_card_switching|persistent_high_model_risk
cv_20260827_evt_0008810,cv_20260827_req_0003583,cv_20260827_dev_0001786,7,block,0.988493810901,1,5,4.37142538772,4,4,4,persistent_high_model_risk|high_risk_with_card_diversity|high_risk_with_card_switching|high_risk_with_ip_rotation
cv_20260827_evt_0008812,cv_20260827_req_0003584,cv_20260827_dev_0001786,8,block,0.989158733101,1,6,5.37141536776,5,5,4,rule_corroborated_block|high_risk_with_card_diversity|high_risk_with_card_switching|high_risk_with_ip_rotation|persistent_high_model_risk
cv_20260827_evt_0008814,cv_20260827_req_0003585,cv_20260827_dev_0001786,9,block,0.991255822179,1,6,6.3713907436,6,6,4,rule_corroborated_block|high_risk_with_card_diversity|high_risk_with_card_switching|high_risk_with_ip_rotation|persistent_high_model_risk
cv_20260827_evt_0008816,cv_20260827_req_0003586,cv_20260827_dev_0001786,10,block,0.995750460563,1,6,7.3713834415,7,7,4,rule_corroborated_block|high_risk_with_card_diversity|high_risk_with_card_switching|high_risk_with_ip_rotation|persistent_high_model_risk
cv_20260827_evt_0008818,cv_20260827_req_0003587,cv_20260827_dev_0001786,11,block,0.994520293185,1,6,8.37134964889,8,8,4,rule_corroborated_block|high_risk_with_card_diversity|high_risk_with_card_switching|high_risk_with_ip_rotation|persistent_high_model_risk
cv_20260827_evt_0008820,cv_20260827_req_0003588,cv_20260827_dev_0001786,12,block,0.996064290455,1,6,9.37131127215,9,9,4,rule_corroborated_block|high_risk_with_card_diversity|high_risk_with_card_switching|high_risk_with_ip_rotation|persistent_high_model_risk
cv_20260827_evt_0000112,cv_20260827_req_0000041,cv_20260827_dev_0000035,1,allow,0.23141969828,0.028783095908,0,0.028783095908,0,0,0,
cv_20260827_evt_0002269,cv_20260827_req_0000825,cv_20260827_dev_0000645,1,allow,0.240982866088,0.028783095908,0,0.028783095908,0,0,0,
cv_20260827_evt_0005848,cv_20260827_req_0002205,cv_20260827_dev_0001512,1,allow,0.114449663482,0.00548001258357,0,0.00548001258357,0,0,0,
cv_20260827_evt_0006094,cv_20260827_req_0002297,cv_20260827_dev_0001580,1,allow,0.118152652034,0.00548001258357,0,0.00548001258357,0,0,0,
cv_20260827_evt_0005406,cv_20260827_req_0002041,cv_20260827_dev_0001378,2,allow,0.0528409928971,0,0,0.00370162766074,0,0,0,successful_checkout_risk_reduction
cv_20260827_evt_0003079,cv_20260827_req_0001122,cv_20260827_dev_0000870,1,allow,0.0959899264012,0.00548001258357,0,0.00548001258357,0,0,0,
cv_20260827_evt_0003713,cv_20260827_req_0001353,cv_20260827_dev_0001047,1,allow,0.252411035719,0.0690182853703,0,0.0690182853703,0,0,0,
cv_20260827_evt_0003892,cv_20260827_req_0001420,cv_20260827_dev_0001097,1,allow,0.194008644033,0.0250286633218,0,0.0250286633218,0,0,0,
cv_20260827_evt_0000215,cv_20260827_req_0000079,cv_20260827_dev_0000064,2,allow,0.575127059256,0.474791810673,0,0.496178720732,0,0,3,high_risk_with_card_diversity|cross_session_card_diversity|high_risk_with_ip_rotation
cv_20260827_evt_0000190,cv_20260827_req_0000069,cv_20260827_dev_0000058,1,allow,0.160508680715,0.0250286633218,0,0.0250286633218,0,0,0,
cv_20260827_evt_0011647,cv_20260827_req_0004963,cv_20260827_dev_0001944,1,allow,0.213299560786,0.0259720802764,0,0.0259720802764,0,0,0,
cv_20260827_evt_0011649,cv_20260827_req_0004964,cv_20260827_dev_0001944,2,allow,0.469433024265,0.114196328497,0,0.140153202803,0,0,1,high_risk_with_card_diversity
cv_20260827_evt_0001070,cv_20260827_req_0000388,cv_20260827_dev_0000311,1,allow,0.18572784704,0.0250286633218,0,0.0250286633218,0,0,0,
cv_20260827_evt_0001567,cv_20260827_req_0000569,cv_20260827_dev_0000448,1,allow,0.174895686625,0.0250286633218,0,0.0250286633218,0,0,0,
cv_20260827_evt_0003312,cv_20260827_req_0001206,cv_20260827_dev_0000933,1,allow,0.200268482335,0.0250286633218,0,0.0250286633218,0,0,0,
cv_20260827_evt_0011911,cv_20260827_req_0005090,cv_20260827_dev_0001965,1,allow,0.214108834815,0.0259720802764,0,0.0259720802764,0,0,0,
cv_20260827_evt_0011913,cv_20260827_req_0005091,cv_20260827_dev_0001965,2,allow,0.795935284319,0.559667304185,0,0.585604254601,1,1,0,
cv_20260827_evt_0001667,cv_20260827_req_0000604,cv_20260827_dev_0000476,1,allow,0.121648830961,0.00548001258357,0,0.00548001258357,0,0,0,
cv_20260827_evt_0012206,cv_20260827_req_0005234,cv_20260827_dev_0001984,9,block,0.93903430392,0.968667664035,0,4.39459664364,6,5,4,persistent_high_model_risk|high_risk_with_card_diversity|cross_session_card_diversity|high_risk_with_ip_rotation
cv_20260827_evt_0012208,cv_20260827_req_0005235,cv_20260827_dev_0001984,10,block,0.961514877887,0.987077221928,0,5.38013295308,7,6,4,persistent_high_model_risk|high_risk_with_card_diversity|cross_session_card_diversity|high_risk_with_ip_rotation
cv_20260827_evt_0001532,cv_20260827_req_0000556,cv_20260827_dev_0000439,1,allow,0.187677402222,0.0250286633218,0,0.0250286633218,0,0,0,
cv_20260827_evt_0007580,cv_20260827_req_0002982,cv_20260827_dev_0001729,1,allow,0.260146756549,0.0930102271251,0,0.0930102271251,0,0,0,
cv_20260827_evt_0007582,cv_20260827_req_0002983,cv_20260827_dev_0001729,2,allow,0.815368708221,0.627563763201,0,0.701971859623,1,1,0,stable_retry_risk_reduction
cv_20260827_evt_0007584,cv_20260827_req_0002984,cv_20260827_dev_0001729,3,allow,0.862256370969,0.855151534315,0,1.55712017589,2,2,1,persistent_high_model_risk
cv_20260827_evt_0007586,cv_20260827_req_0002985,cv_20260827_dev_0001729,4,review,0.930644590388,0.968667664035,2,2.21436094942,3,3,1,stable_retry_risk_reduction|persistent_high_model_risk
cv_20260827_evt_0007588,cv_20260827_req_0002986,cv_20260827_dev_0001729,5,block,0.959175562798,0.978665935245,2,3.1930192712,4,4,2,persistent_high_model_risk|high_risk_with_card_diversity
cv_20260827_evt_0007590,cv_20260827_req_0002987,cv_20260827_dev_0001729,6,block,0.950743374084,0.978665935245,2,4.17167788756,5,5,3,persistent_high_model_risk|high_risk_with_card_diversity|high_risk_with_ip_rotation
cv_20260827_evt_0007592,cv_20260827_req_0002988,cv_20260827_dev_0001729,7,block,0.969999152754,0.987077221928,2,5.15873598528,6,6,3,persistent_high_model_risk|high_risk_with_card_diversity|high_risk_with_ip_rotation
cv_20260827_evt_0007594,cv_20260827_req_0002989,cv_20260827_dev_0001729,8,block,0.97965678152,1,2,6.15871824839,7,7,3,persistent_high_model_risk|high_risk_with_card_diversity|high_risk_with_ip_rotation
cv_20260827_evt_0005440,cv_20260827_req_0002054,cv_20260827_dev_0001385,1,allow,0.140176095388,0.0116357732377,0,0.0116357732377,0,0,0,
cv_20260827_evt_0004675,cv_20260827_req_0001737,cv_20260827_dev_0001249,1,allow,0.256654647004,0.0690182853703,0,0.0690182853703,0,0,0,
cv_20260827_evt_0004677,cv_20260827_req_0001738,cv_20260827_dev_0001249,2,allow,0.505348000726,0.284737559009,0,0.353751177622,0,0,0,
cv_20260827_evt_0004679,cv_20260827_req_0001739,cv_20260827_dev_0001249,3,allow,0.746167821703,0.474791810673,1,0.828519879769,0,0,1,high_risk_with_card_diversity
cv_20260827_evt_0003642,cv_20260827_req_0001326,cv_20260827_dev_0001026,1,allow,0.22137447752,0.0259720802764,0,0.0259720802764,0,0,0,
cv_20260827_evt_0004524,cv_20260827_req_0001671,cv_20260827_dev_0001231,1,allow,0.160379298919,0.0250286633218,0,0.0250286633218,0,0,0,
cv_20260827_evt_0004526,cv_20260827_req_0001672,cv_20260827_dev_0001231,2,allow,0.419987192862,0.0930102271251,0,0.118037083372,0,0,1,high_risk_with_card_diversity
cv_20260827_evt_0004528,cv_20260827_req_0001673,cv_20260827_dev_0001231,3,allow,0.806604990565,0.584793744945,2,0.702822306013,1,1,2,high_risk_with_card_diversity|high_risk_with_card_switching
cv_20260827_evt_0000322,cv_20260827_req_0000118,cv_20260827_dev_0000092,1,allow,0.2356079569,0.028783095908,0,0.028783095908,0,0,0,
cv_20260827_evt_0002531,cv_20260827_req_0000922,cv_20260827_dev_0000717,1,allow,0.246171759472,0.028783095908,0,0.028783095908,0,0,0,
cv_20260827_evt_0005104,cv_20260827_req_0001929,cv_20260827_dev_0001298,4,allow,0.242681721955,0.028783095908,0,0.305251204675,0,0,1,successful_checkout_risk_reduction|stable_retry_risk_reduction|high_risk_with_ip_rotation
cv_20260827_evt_0005106,cv_20260827_req_0001930,cv_20260827_dev_0001298,5,allow,0.2948129311,0.0930102271251,0,0.398241491498,0,0,3,high_risk_with_card_diversity|cross_session_card_diversity|high_risk_with_ip_rotation
cv_20260827_evt_0005108,cv_20260827_req_0001931,cv_20260827_dev_0001298,6,allow,0.484250989878,0.284737559009,2,0.682947559097,0,0,2,high_risk_with_card_diversity|high_risk_with_card_switching
cv_20260827_evt_0005693,cv_20260827_req_0002146,cv_20260827_dev_0001464,2,allow,0.0586062892882,0,0,0.00335303218742,0,0,1,successful_checkout_risk_reduction|high_risk_with_ip_rotation
cv_20260827_evt_0005695,cv_20260827_req_0002147,cv_20260827_dev_0001464,3,allow,0.170938099737,0.0250286633218,0,0.0283811729248,0,0,0,
cv_20260827_evt_0011733,cv_20260827_req_0005005,cv_20260827_dev_0001952,1,allow,0.229253687126,0.028783095908,0,0.028783095908,0,0,0,
cv_20260827_evt_0011735,cv_20260827_req_0005006,cv_20260827_dev_0001952,2,allow,0.623805880102,0.474791810673,0,0.50356108808,0,0,0,
cv_20260827_evt_0000291,cv_20260827_req_0000106,cv_20260827_dev_0000084,1,allow,0.173445926221,0.0250286633218,0,0.0250286633218,0,0,0,
cv_20260827_evt_0004655,cv_20260827_req_0001728,cv_20260827_dev_0001246,1,allow,0.248678163502,0.028783095908,0,0.028783095908,0,0,0,
cv_20260827_evt_0004657,cv_20260827_req_0001729,cv_20260827_dev_0001246,2,allow,0.526566134994,0.323943661972,0,0.352725603336,0,0,0,
cv_20260827_evt_0004659,cv_20260827_req_0001730,cv_20260827_dev_0001246,3,allow,0.846622631001,0.834086215288,2,1.18677422532,1,1,1,high_risk_with_card_diversity
cv_20260827_evt_0002591,cv_20260827_req_0000944,cv_20260827_dev_0000734,1,allow,0.247056692308,0.028783095908,0,0.028783095908,0,0,0,
cv_20260827_evt_0002593,cv_20260827_req_0000945,cv_20260827_dev_0000734,2,allow,0.311028991101,0.0930102271251,0,0.121789430755,0,0,1,high_risk_with_card_diversity
cv_20260827_evt_0005814,cv_20260827_req_0002193,cv_20260827_dev_0001501,1,allow,0.121229042569,0.00548001258357,0,0.00548001258357,0,0,0,
cv_20260827_evt_0001158,cv_20260827_req_0000420,cv_20260827_dev_0000337,1,allow,0.153610633357,0.0193933904297,0,0.0193933904297,0,0,0,
cv_20260827_evt_0001540,cv_20260827_req_0000559,cv_20260827_dev_0000441,2,allow,0.0742957464387,0,0,0.0117174331635,0,0,2,successful_checkout_risk_reduction|high_risk_with_card_diversity|cross_session_card_diversity
cv_20260827_evt_0003956,cv_20260827_req_0001442,cv_20260827_dev_0001116,1,allow,0.243339094745,0.028783095908,0,0.028783095908,0,0,0,
cv_20260827_evt_0005684,cv_20260827_req_0002143,cv_20260827_dev_0001462,1,allow,0.152885093793,0.0193933904297,0,0.0193933904297,0,0,0,
cv_20260827_evt_0011333,cv_20260827_req_0004810,cv_20260827_dev_0001923,1,allow,0.262064478363,0.0930102271251,0,0.0930102271251,0,0,0,
cv_20260827_evt_0002870,cv_20260827_req_0001046,cv_20260827_dev_0000811,1,allow,0.247673556999,0.028783095908,0,0.028783095908,0,0,0,
cv_20260827_evt_0003743,cv_20260827_req_0001364,cv_20260827_dev_0001057,1,allow,0.209202402741,0.0259720802764,0,0.0259720802764,0,0,0,
cv_20260827_evt_0011335,cv_20260827_req_0004811,cv_20260827_dev_0001923,2,allow,0.849698514181,0.834086215288,0,0.927027393296,1,1,0,
cv_20260827_evt_0011499,cv_20260827_req_0004890,cv_20260827_dev_0001933,7,review,0.880708111659,0.920638394369,3,3.20332902478,3,3,3,persistent_high_model_risk|high_risk_with_card_diversity|cross_session_card_diversity
cv_20260827_evt_0010715,cv_20260827_req_0004510,cv_20260827_dev_0001888,6,review,0.880246239041,0.920638394369,2,3.36223428129,3,3,4,persistent_high_model_risk|high_risk_with_card_diversity|high_risk_with_card_switching|cross_session_card_diversity
cv_20260827_evt_0011501,cv_20260827_req_0004891,cv_20260827_dev_0001933,8,block,0.924194475952,0.920638394369,3,4.12098774213,4,4,3,persistent_high_model_risk|high_risk_with_card_diversity|cross_session_card_diversity
cv_20260827_evt_0010717,cv_20260827_req_0004511,cv_20260827_dev_0001888,7,block,0.908479391095,0.920638394369,3,4.28253744845,4,4,4,persistent_high_model_risk|high_risk_with_card_diversity|high_risk_with_card_switching|cross_session_card_diversity
cv_20260827_evt_0010719,cv_20260827_req_0004512,cv_20260827_dev_0001888,8,block,0.944770864866,0.968667664035,3,5.25073886682,5,5,4,persistent_high_model_risk|high_risk_with_card_diversity|high_risk_with_card_switching|cross_session_card_diversity
cv_20260827_evt_0010721,cv_20260827_req_0004513,cv_20260827_dev_0001888,9,block,0.951355272151,0.978665935245,3,6.22867068796,6,6,4,persistent_high_model_risk|high_risk_with_card_diversity|high_risk_with_card_switching|cross_session_card_diversity
cv_20260827_evt_0010723,cv_20260827_req_0004514,cv_20260827_dev_0001888,10,block,0.93991594709,0.968667664035,1,7.19629621318,7,7,3,persistent_high_model_risk|high_risk_with_card_diversity|cross_session_card_diversity
cv_20260827_evt_0003521,cv_20260827_req_0001283,cv_20260827_dev_0000994,1,allow,0.243567944365,0.028783095908,0,0.028783095908,0,0,0,
cv_20260827_evt_0010725,cv_20260827_req_0004515,cv_20260827_dev_0001888,11,block,0.930581374347,0.968667664035,1,8.16368562712,8,8,4,persistent_high_model_risk|high_risk_with_card_diversity|cross_session_card_diversity|high_risk_with_ip_rotation
cv_20260827_evt_0001741,cv_20260827_req_0000632,cv_20260827_dev_0000498,1,allow,0.221196055615,0.0259720802764,0,0.0259720802764,0,0,0,
cv_20260827_evt_0004106,cv_20260827_req_0001498,cv_20260827_dev_0001161,1,allow,0.15512443852,0.0193933904297,0,0.0193933904297,0,0,0,
cv_20260827_evt_0001743,cv_20260827_req_0000633,cv_20260827_dev_0000498,2,allow,0.49023192194,0.284737559009,0,0.310706900958,0,0,0,
cv_20260827_evt_0004169,cv_20260827_req_0001521,cv_20260827_dev_0001178,1,allow,0.246825634355,0.028783095908,0,0.028783095908,0,0,0,
cv_20260827_evt_0003535,cv_20260827_req_0001288,cv_20260827_dev_0000997,3,allow,0.0885820674206,0.00548001258357,0,0.013239291756,0,0,3,successful_checkout_risk_reduction|high_risk_with_card_diversity|cross_session_card_diversity|high_risk_with_ip_rotation
cv_20260827_evt_0000940,cv_20260827_req_0000341,cv_20260827_dev_0000274,1,allow,0.249918339261,0.028783095908,0,0.028783095908,0,0,0,
cv_20260827_evt_0000942,cv_20260827_req_0000342,cv_20260827_dev_0000274,2,allow,0.514699874707,0.284737559009,0,0.30776173991,0,0,0,stable_retry_risk_reduction
cv_20260827_evt_0000162,cv_20260827_req_0000059,cv_20260827_dev_0000050,1,allow,0.221642141816,0.0259720802764,0,0.0259720802764,0,0,0,
cv_20260827_evt_0011830,cv_20260827_req_0005051,cv_20260827_dev_0001959,4,allow,0.706053737079,0.474791810673,0,1.67988942969,1,0,1,high_risk_with_ip_rotation
cv_20260827_evt_0011832,cv_20260827_req_0005052,cv_20260827_dev_0001959,5,allow,0.875288640053,0.920638394369,0,2.59949618975,2,1,3,high_risk_with_card_diversity|cross_session_card_diversity|persistent_high_model_risk
cv_20260827_evt_0011757,cv_20260827_req_0005016,cv_20260827_dev_0001954,1,allow,0.188230376329,0.0250286633218,0,0.0250286633218,0,0,0,
cv_20260827_evt_0001590,cv_20260827_req_0000577,cv_20260827_dev_0000455,1,allow,0.195307193329,0.0250286633218,0,0.0250286633218,0,0,0,
cv_20260827_evt_0002163,cv_20260827_req_0000786,cv_20260827_dev_0000614,1,allow,0.245672525242,0.028783095908,0,0.028783095908,0,0,0,
cv_20260827_evt_0005507,cv_20260827_req_0002077,cv_20260827_dev_0001406,1,allow,0.107402420164,0.00548001258357,0,0.00548001258357,0,0,0,
cv_20260827_evt_0011759,cv_20260827_req_0005017,cv_20260827_dev_0001954,2,allow,0.548360193479,0.474791810673,0,0.49979424119,0,0,1,high_risk_with_card_diversity
cv_20260827_evt_0005509,cv_20260827_req_0002078,cv_20260827_dev_0001406,2,allow,0.277469150252,0.0930102271251,0,0.0984891407289,0,0,0,
cv_20260827_evt_0010933,cv_20260827_req_0004615,cv_20260827_dev_0001900,1,allow,0.233303506334,0.028783095908,0,0.028783095908,0,0,0,
cv_20260827_evt_0010935,cv_20260827_req_0004616,cv_20260827_dev_0001900,2,allow,0.539866595954,0.474791810673,0,0.503573752037,0,0,0,
cv_20260827_evt_0010937,cv_20260827_req_0004617,cv_20260827_dev_0001900,3,allow,0.877351847078,0.920638394369,1,1.42418963868,1,1,1,high_risk_with_card_diversity
cv_20260827_evt_0010357,cv_20260827_req_0004335,cv_20260827_dev_0001866,1,allow,0.225488341354,0.028783095908,0,0.028783095908,0,0,0,
cv_20260827_evt_0010939,cv_20260827_req_0004618,cv_20260827_dev_0001900,4,allow,0.89943633204,0.920638394369,1,2.34473336682,2,2,3,high_risk_with_card_diversity|high_risk_with_card_switching|persistent_high_model_risk
cv_20260827_evt_0010359,cv_20260827_req_0004336,cv_20260827_dev_0001866,2,allow,0.426001646795,0.0930102271251,0,0.121789793573,0,0,0,
cv_20260827_evt_0011761,cv_20260827_req_0005018,cv_20260827_dev_0001954,3,allow,0.942351125977,0.968667664035,0,1.46800559005,1,1,1,high_risk_with_card_diversity
cv_20260827_evt_0000909,cv_20260827_req_0000330,cv_20260827_dev_0000266,1,allow,0.172074861695,0.0250286633218,0,0.0250286633218,0,0,0,
cv_20260827_evt_0010941,cv_20260827_req_0004619,cv_20260827_dev_0001900,5,review,0.96703182637,0.987077221928,1,3.33142634431,3,3,3,persistent_high_model_risk|high_risk_with_card_diversity|high_risk_with_card_switching
cv_20260827_evt_0010943,cv_20260827_req_0004620,cv_20260827_dev_0001900,6,block,0.978050868292,1,2,4.33112854815,4,4,4,persistent_high_model_risk|high_risk_with_card_diversity|high_risk_with_card_switching|high_risk_with_ip_rotation
cv_20260827_evt_0010361,cv_20260827_req_0004337,cv_20260827_dev_0001866,3,allow,0.763502115668,0.474791810673,0,0.596560808535,0,0,0,
cv_20260827_evt_0010363,cv_20260827_req_0004338,cv_20260827_dev_0001866,4,allow,0.869736091063,0.920638394369,0,1.51716501866,1,1,0,
cv_20260827_evt_0010945,cv_20260827_req_0004621,cv_20260827_dev_0001900,7,block,0.975891031082,1,1,5.33061730637,5,5,4,persistent_high_model_risk|high_risk_with_card_diversity|high_risk_with_card_switching|high_risk_with_ip_rotation
cv_20260827_evt_0001624,cv_20260827_req_0000589,cv_20260827_dev_0000464,1,allow,0.230151233488,0.028783095908,0,0.028783095908,0,0,0,
cv_20260827_evt_0010365,cv_20260827_req_0004339,cv_20260827_dev_0001866,5,allow,0.879892974446,0.920638394369,1,2.13417150831,2,2,2,stable_retry_risk_reduction|high_risk_with_ip_rotation|persistent_high_model_risk
cv_20260827_evt_0010367,cv_20260827_req_0004340,cv_20260827_dev_0001866,6,review,0.94622175257,0.978665935245,0,3.11273716302,3,3,3,persistent_high_model_risk|high_risk_with_card_diversity|high_risk_with_ip_rotation
cv_20260827_evt_0010369,cv_20260827_req_0004341,cv_20260827_dev_0001866,7,block,0.972906018705,1,0,4.11210579098,4,4,3,persistent_high_model_risk|high_risk_with_card_diversity|high_risk_with_ip_rotation
cv_20260827_evt_0010371,cv_20260827_req_0004342,cv_20260827_dev_0001866,8,block,0.943955743598,0.968667664035,0,5.08003832571,5,5,3,persistent_high_model_risk|high_risk_with_card_diversity|high_risk_with_ip_rotation
cv_20260827_evt_0002015,cv_20260827_req_0000733,cv_20260827_dev_0000575,1,allow,0.243758763818,0.028783095908,0,0.028783095908,0,0,0,
cv_20260827_evt_0002017,cv_20260827_req_0000734,cv_20260827_dev_0000575,2,allow,0.498496172846,0.284737559009,0,0.307763191267,0,0,0,stable_retry_risk_reduction
cv_20260827_evt_0011354,cv_20260827_req_0004820,cv_20260827_dev_0001924,4,allow,0.634556046479,0.474791810673,0,1.64518750053,1,0,1,high_risk_with_ip_rotation
cv_20260827_evt_0011544,cv_20260827_req_0004912,cv_20260827_dev_0001936,4,allow,0.773570560889,0.474791810673,0,1.44085622279,1,0,3,high_risk_with_card_diversity|cross_session_card_diversity|high_risk_with_ip_rotation
cv_20260827_evt_0011356,cv_20260827_req_0004821,cv_20260827_dev_0001924,5,allow,0.853785653627,0.855151534315,0,2.49916854906,2,1,3,high_risk_with_card_diversity|cross_session_card_diversity|persistent_high_model_risk
cv_20260827_evt_0011252,cv_20260827_req_0004771,cv_20260827_dev_0001917,9,block,0.940682919486,0.968667664035,2,4.28690921347,5,5,4,persistent_high_model_risk|high_risk_with_card_diversity|cross_session_card_diversity|high_risk_with_ip_rotation
cv_20260827_evt_0011546,cv_20260827_req_0004913,cv_20260827_dev_0001936,5,allow,0.888961048001,0.920638394369,0,2.07279374709,2,1,3,stable_retry_risk_reduction|high_risk_with_card_diversity|cross_session_card_diversity|persistent_high_model_risk
cv_20260827_evt_0003927,cv_20260827_req_0001432,cv_20260827_dev_0001108,1,allow,0.246979656846,0.028783095908,0,0.028783095908,0,0,0,
cv_20260827_evt_0011254,cv_20260827_req_0004772,cv_20260827_dev_0001917,10,block,0.965718273425,0.987077221928,2,5.27171226116,6,6,4,persistent_high_model_risk|high_risk_with_card_diversity|cross_session_card_diversity|high_risk_with_ip_rotation
cv_20260827_evt_0011548,cv_20260827_req_0004914,cv_20260827_dev_0001936,6,review,0.954750150191,0.978665935245,0,3.04971199222,3,2,3,persistent_high_model_risk|high_risk_with_card_diversity|cross_session_card_diversity
cv_20260827_evt_0003579,cv_20260827_req_0001304,cv_20260827_dev_0001009,1,allow,0.227829756828,0.028783095908,0,0.028783095908,0,0,0,
cv_20260827_evt_0000392,cv_20260827_req_0000144,cv_20260827_dev_0000115,1,allow,0.215156050616,0.0259720802764,0,0.0259720802764,0,0,0,
cv_20260827_evt_0003147,cv_20260827_req_0001146,cv_20260827_dev_0000891,2,allow,0.0493900793154,0,0,0.0124670073287,0,0,0,successful_checkout_risk_reduction
cv_20260827_evt_0003047,cv_20260827_req_0001111,cv_20260827_dev_0000861,1,allow,0.159544497359,0.0250286633218,0,0.0250286633218,0,0,0,
cv_20260827_evt_0004178,cv_20260827_req_0001524,cv_20260827_dev_0001181,1,allow,0.248020997094,0.028783095908,0,0.028783095908,0,0,0,
cv_20260827_evt_0005515,cv_20260827_req_0002080,cv_20260827_dev_0001408,1,allow,0.0933105358067,0.00548001258357,0,0.00548001258357,0,0,0,
cv_20260827_evt_0011319,cv_20260827_req_0004803,cv_20260827_dev_0001922,1,allow,0.173852218327,0.0250286633218,0,0.0250286633218,0,0,0,
cv_20260827_evt_0001242,cv_20260827_req_0000449,cv_20260827_dev_0000360,1,allow,0.252958502913,0.0690182853703,0,0.0690182853703,0,0,0,
cv_20260827_evt_0011321,cv_20260827_req_0004804,cv_20260827_dev_0001922,2,allow,0.568778138812,0.474791810673,0,0.499809862881,0,0,0,
cv_20260827_evt_0001092,cv_20260827_req_0000396,cv_20260827_dev_0000318,1,allow,0.217085588962,0.0259720802764,0,0.0259720802764,0,0,0,
cv_20260827_evt_0002922,cv_20260827_req_0001064,cv_20260827_dev_0000827,1,allow,0.246248625347,0.028783095908,0,0.028783095908,0,0,0,
cv_20260827_evt_0001937,cv_20260827_req_0000704,cv_20260827_dev_0000552,1,allow,0.15996145726,0.0250286633218,0,0.0250286633218,0,0,0,
cv_20260827_evt_0004950,cv_20260827_req_0001860,cv_20260827_dev_0001279,4,allow,0.414123296162,0.0930102271251,0,0.43063365799,1,0,3,successful_checkout_risk_reduction|high_risk_with_card_diversity|cross_session_card_diversity|high_risk_with_ip_rotation
cv_20260827_evt_0004952,cv_20260827_req_0001861,cv_20260827_dev_0001279,5,allow,0.325356820069,0.0930102271251,0,0.523605390778,1,0,2,high_risk_with_card_diversity|cross_session_card_diversity
cv_20260827_evt_0004954,cv_20260827_req_0001862,cv_20260827_dev_0001279,6,allow,0.597903569283,0.474791810673,3,0.998358196928,1,0,3,high_risk_with_card_diversity|high_risk_with_card_switching|cross_session_card_diversity
cv_20260827_evt_0002090,cv_20260827_req_0000760,cv_20260827_dev_0000596,1,allow,0.159156129637,0.0250286633218,0,0.0250286633218,0,0,0,
cv_20260827_evt_0010799,cv_20260827_req_0004551,cv_20260827_dev_0001893,1,allow,0.20239959476,0.0250286633218,0,0.0250286633218,0,0,0,
cv_20260827_evt_0010801,cv_20260827_req_0004552,cv_20260827_dev_0001893,2,allow,0.520035551939,0.304785409055,0,0.329813039747,0,0,0,
cv_20260827_evt_0010803,cv_20260827_req_0004553,cv_20260827_dev_0001893,3,allow,0.836719912652,0.690081906596,0,0.953894239648,1,1,0,stable_retry_risk_reduction
cv_20260827_evt_0010805,cv_20260827_req_0004554,cv_20260827_dev_0001893,4,allow,0.928472200086,0.968667664035,0,1.92248975284,2,2,1,persistent_high_model_risk
cv_20260827_evt_0010807,cv_20260827_req_0004555,cv_20260827_dev_0001893,5,review,0.929882339549,0.968667664035,0,2.89106487963,3,3,2,persistent_high_model_risk|high_risk_with_card_diversity
cv_20260827_evt_0010809,cv_20260827_req_0004556,cv_20260827_dev_0001893,6,block,0.950199747099,0.978665935245,2,3.86949888744,4,4,4,persistent_high_model_risk|high_risk_with_card_diversity|high_risk_with_card_switching|high_risk_with_ip_rotation
cv_20260827_evt_0010811,cv_20260827_req_0004557,cv_20260827_dev_0001893,7,block,0.952994145424,0.978665935245,2,4.84789431285,5,5,4,persistent_high_model_risk|high_risk_with_card_diversity|high_risk_with_card_switching|high_risk_with_ip_rotation
cv_20260827_evt_0010813,cv_20260827_req_0004558,cv_20260827_dev_0001893,8,block,0.980027590402,1,2,5.84761096214,6,6,4,persistent_high_model_risk|high_risk_with_card_diversity|high_risk_with_card_switching|high_risk_with_ip_rotation
cv_20260827_evt_0001728,cv_20260827_req_0000627,cv_20260827_dev_0000494,1,allow,0.25245011448,0.0690182853703,0,0.0690182853703,0,0,0,
cv_20260827_evt_0010815,cv_20260827_req_0004559,cv_20260827_dev_0001893,9,block,0.979289436111,1,2,6.84709494549,7,7,4,persistent_high_model_risk|high_risk_with_card_diversity|high_risk_with_card_switching|high_risk_with_ip_rotation
cv_20260827_evt_0001604,cv_20260827_req_0000582,cv_20260827_dev_0000460,1,allow,0.189929240569,0.0250286633218,0,0.0250286633218,0,0,0,
cv_20260827_evt_0003574,cv_20260827_req_0001302,cv_20260827_dev_0001007,1,allow,0.185039837491,0.0250286633218,0,0.0250286633218,0,0,0,
cv_20260827_evt_0000596,cv_20260827_req_0000218,cv_20260827_dev_0000175,1,allow,0.200733221638,0.0250286633218,0,0.0250286633218,0,0,0,
cv_20260827_evt_0000598,cv_20260827_req_0000219,cv_20260827_dev_0000175,2,allow,0.534017652099,0.474791810673,0,0.499815540701,0,0,0,
cv_20260827_evt_0002205,cv_20260827_req_0000801,cv_20260827_dev_0000627,1,allow,0.240907118563,0.028783095908,0,0.028783095908,0,0,0,
cv_20260827_evt_0004049,cv_20260827_req_0001477,cv_20260827_dev_0001144,1,allow,0.235272465154,0.028783095908,0,0.028783095908,0,0,0,
cv_20260827_evt_0008402,cv_20260827_req_0003385,cv_20260827_dev_0001768,1,allow,0.258674737295,0.0930102271251,0,0.0930102271251,0,0,0,
cv_20260827_evt_0008404,cv_20260827_req_0003386,cv_20260827_dev_0001768,2,allow,0.203287573908,0.0250286633218,0,0.11803878385,0,0,0,
cv_20260827_evt_0008406,cv_20260827_req_0003387,cv_20260827_dev_0001768,3,allow,0.906697844966,0.920638394369,2,1.03867663709,1,1,2,high_risk_with_card_diversity|high_risk_with_card_switching
cv_20260827_evt_0008408,cv_20260827_req_0003388,cv_20260827_dev_0001768,4,allow,0.948704836096,0.978665935245,4,2.01734019154,2,2,3,high_risk_with_card_diversity|high_risk_with_card_switching|persistent_high_model_risk
cv_20260827_evt_0008410,cv_20260827_req_0003389,cv_20260827_dev_0001768,5,review,0.977992737815,1,5,3.01733094345,3,3,3,rule_corroborated_review|high_risk_with_card_diversity|high_risk_with_card_switching|persistent_high_model_risk
cv_20260827_evt_0008412,cv_20260827_req_0003390,cv_20260827_dev_0001768,6,block,0.980725411223,1,5,4.01732056919,4,4,4,persistent_high_model_risk|high_risk_with_card_diversity|high_risk_with_card_switching|high_risk_with_ip_rotation
cv_20260827_evt_0008414,cv_20260827_req_0003391,cv_20260827_dev_0001768,7,block,0.987007897565,1,5,5.01731136089,5,5,4,persistent_high_model_risk|high_risk_with_card_diversity|high_risk_with_card_switching|high_risk_with_ip_rotation
cv_20260827_evt_0008416,cv_20260827_req_0003392,cv_20260827_dev_0001768,8,block,0.989322786421,1,5,6.01729411025,6,6,4,persistent_high_model_risk|high_risk_with_card_diversity|high_risk_with_card_switching|high_risk_with_ip_rotation
cv_20260827_evt_0008418,cv_20260827_req_0003393,cv_20260827_dev_0001768,9,block,0.992539402059,1,5,7.01728721397,7,7,4,persistent_high_model_risk|high_risk_with_card_diversity|high_risk_with_card_switching|high_risk_with_ip_rotation
cv_20260827_evt_0008420,cv_20260827_req_0003394,cv_20260827_dev_0001768,10,block,0.992391404835,1,5,8.01725504465,8,8,4,persistent_high_model_risk|high_risk_with_card_diversity|high_risk_with_card_switching|high_risk_with_ip_rotation
cv_20260827_evt_0003056,cv_20260827_req_0001114,cv_20260827_dev_0000864,1,allow,0.25053997155,0.028783095908,0,0.028783095908,0,0,0,
cv_20260827_evt_0012089,cv_20260827_req_0005177,cv_20260827_dev_0001977,5,review,0.845655169544,0.834086215288,2,2.09760581074,3,3,3,persistent_high_model_risk|high_risk_with_card_diversity|cross_session_card_diversity|high_risk_with_ip_rotation
cv_20260827_evt_0003649,cv_20260827_req_0001329,cv_20260827_dev_0001029,1,allow,0.246287064345,0.028783095908,0,0.028783095908,0,0,0,
cv_20260827_evt_0000028,cv_20260827_req_0000011,cv_20260827_dev_0000009,1,allow,0.251630302281,0.028783095908,0,0.028783095908,0,0,0,
cv_20260827_evt_0012091,cv_20260827_req_0005178,cv_20260827_dev_0001977,6,review,0.942702272415,0.968667664035,3,3.06426227724,4,4,3,persistent_high_model_risk|high_risk_with_card_diversity|cross_session_card_diversity
cv_20260827_evt_0003379,cv_20260827_req_0001230,cv_20260827_dev_0000953,1,allow,0.248020997094,0.028783095908,0,0.028783095908,0,0,0,
cv_20260827_evt_0012046,cv_20260827_req_0005156,cv_20260827_dev_0001974,7,block,0.885099795313,0.920638394369,2,3.51620222858,4,3,4,persistent_high_model_risk|high_risk_with_card_diversity|cross_session_card_diversity|high_risk_with_ip_rotation
cv_20260827_evt_0003321,cv_20260827_req_0001209,cv_20260827_dev_0000936,1,allow,0.222357476526,0.0259720802764,0,0.0259720802764,0,0,0,
cv_20260827_evt_0012048,cv_20260827_req_0005157,cv_20260827_dev_0001974,8,block,0.942456993494,0.968667664035,2,4.48267834432,5,4,4,persistent_high_model_risk|high_risk_with_card_diversity|cross_session_card_diversity|high_risk_with_ip_rotation
cv_20260827_evt_0001581,cv_20260827_req_0000574,cv_20260827_dev_0000452,1,allow,0.147562434111,0.0193933904297,0,0.0193933904297,0,0,0,
cv_20260827_evt_0003859,cv_20260827_req_0001407,cv_20260827_dev_0001087,1,allow,0.256023025918,0.0690182853703,0,0.0690182853703,0,0,0,
cv_20260827_evt_0006415,cv_20260827_req_0002433,cv_20260827_dev_0001630,4,allow,0.0522474755793,0,0,0.0909204022658,0,0,0,successful_checkout_risk_reduction
cv_20260827_evt_0006417,cv_20260827_req_0002434,cv_20260827_dev_0001630,5,allow,0.120469794837,0.00548001258357,0,0.078211916376,0,0,0,stable_retry_risk_reduction
cv_20260827_evt_0006419,cv_20260827_req_0002435,cv_20260827_dev_0001630,6,allow,0.188340702081,0.0250286633218,1,0.0875925316299,0,0,0,stable_retry_risk_reduction
cv_20260827_evt_0005179,cv_20260827_req_0001958,cv_20260827_dev_0001314,3,allow,0.166015028967,0.0250286633218,0,0.027056953517,0,0,3,high_risk_with_card_diversity|cross_session_card_diversity|high_risk_with_ip_rotation
cv_20260827_evt_0003037,cv_20260827_req_0001107,cv_20260827_dev_0000857,1,allow,0.248832960077,0.028783095908,0,0.028783095908,0,0,0,
cv_20260827_evt_0006200,cv_20260827_req_0002339,cv_20260827_dev_0001606,1,allow,0.158243724174,0.0250286633218,0,0.0250286633218,0,0,0,
cv_20260827_evt_0006202,cv_20260827_req_0002340,cv_20260827_dev_0001606,2,allow,0.375174825248,0.0930102271251,0,0.113030954914,0,0,0,stable_retry_risk_reduction
cv_20260827_evt_0006204,cv_20260827_req_0002341,cv_20260827_dev_0001606,3,allow,0.522155991715,0.304785409055,1,0.395204473311,0,0,0,stable_retry_risk_reduction
cv_20260827_evt_0005709,cv_20260827_req_0002153,cv_20260827_dev_0001470,1,allow,0.161301658184,0.0250286633218,0,0.0250286633218,0,0,0,
cv_20260827_evt_0001465,cv_20260827_req_0000532,cv_20260827_dev_0000421,1,allow,0.194527275522,0.0250286633218,0,0.0250286633218,0,0,0,
cv_20260827_evt_0000218,cv_20260827_req_0000080,cv_20260827_dev_0000064,3,allow,0.165465493988,0.0250286633218,0,0.272188627311,0,0,3,successful_checkout_risk_reduction|high_risk_with_card_diversity|cross_session_card_diversity|high_risk_with_ip_rotation
cv_20260827_evt_0000143,cv_20260827_req_0000052,cv_20260827_dev_0000044,1,allow,0.22219654453,0.0259720802764,0,0.0259720802764,0,0,0,
cv_20260827_evt_0000193,cv_20260827_req_0000070,cv_20260827_dev_0000058,2,allow,0.033820301346,0,0,0.0124679360928,0,0,0,successful_checkout_risk_reduction
cv_20260827_evt_0000195,cv_20260827_req_0000071,cv_20260827_dev_0000058,3,allow,0.234971476634,0.028783095908,0,0.0412495031489,0,0,0,
cv_20260827_evt_0002366,cv_20260827_req_0000860,cv_20260827_dev_0000670,1,allow,0.245787672521,0.028783095908,0,0.028783095908,0,0,0,
cv_20260827_evt_0006856,cv_20260827_req_0002633,cv_20260827_dev_0001686,1,allow,0.119802358205,0.00548001258357,0,0.00548001258357,0,0,0,
cv_20260827_evt_0006858,cv_20260827_req_0002634,cv_20260827_dev_0001686,2,allow,0.302498577984,0.0930102271251,0,0.0973940211476,0,0,0,stable_retry_risk_reduction
cv_20260827_evt_0006860,cv_20260827_req_0002635,cv_20260827_dev_0001686,3,allow,0.419861847694,0.0930102271251,1,0.17091803276,0,0,0,stable_retry_risk_reduction
cv_20260827_evt_0000045,cv_20260827_req_0000017,cv_20260827_dev_0000014,1,allow,0.176856506025,0.0250286633218,0,0.0250286633218,0,0,0,
cv_20260827_evt_0003832,cv_20260827_req_0001397,cv_20260827_dev_0001079,1,allow,0.219027602448,0.0259720802764,0,0.0259720802764,0,0,0,
cv_20260827_evt_0002497,cv_20260827_req_0000909,cv_20260827_dev_0000707,1,allow,0.211489618122,0.0259720802764,0,0.0259720802764,0,0,0,
cv_20260827_evt_0006843,cv_20260827_req_0002627,cv_20260827_dev_0001684,4,allow,0.404043081874,0.0930102271251,0,0.220012823074,0,0,1,high_risk_with_ip_rotation
cv_20260827_evt_0006845,cv_20260827_req_0002628,cv_20260827_dev_0001684,5,allow,0.710529534194,0.474791810673,0,0.650789361152,0,0,0,stable_retry_risk_reduction
cv_20260827_evt_0006847,cv_20260827_req_0002629,cv_20260827_dev_0001684,6,allow,0.816869399924,0.627563763201,1,1.14814334324,1,1,0,stable_retry_risk_reduction
cv_20260827_evt_0005679,cv_20260827_req_0002141,cv_20260827_dev_0001460,2,allow,0.0411290691961,0,0,0.00792496046719,0,0,1,successful_checkout_risk_reduction|high_risk_with_ip_rotation
cv_20260827_evt_0005920,cv_20260827_req_0002233,cv_20260827_dev_0001531,1,allow,0.132902080748,0.00820512873941,0,0.00820512873941,0,0,0,
cv_20260827_evt_0001089,cv_20260827_req_0000395,cv_20260827_dev_0000317,1,allow,0.25053997155,0.028783095908,0,0.028783095908,0,0,0,
cv_20260827_evt_0005305,cv_20260827_req_0002004,cv_20260827_dev_0001349,1,allow,0.115450485535,0.00548001258357,0,0.00548001258357,0,0,0,
cv_20260827_evt_0005938,cv_20260827_req_0002240,cv_20260827_dev_0001536,1,allow,0.135367169961,0.00820512873941,0,0.00820512873941,0,0,0,
cv_20260827_evt_0006891,cv_20260827_req_0002648,cv_20260827_dev_0001689,1,allow,0.120415143233,0.00548001258357,0,0.00548001258357,0,0,0,
cv_20260827_evt_0006893,cv_20260827_req_0002649,cv_20260827_dev_0001689,2,allow,0.325268288803,0.0930102271251,0,0.0973942221188,0,0,0,stable_retry_risk_reduction
cv_20260827_evt_0006895,cv_20260827_req_0002650,cv_20260827_dev_0001689,3,allow,0.366838508121,0.0930102271251,0,0.190404226002,0,0,0,
cv_20260827_evt_0003614,cv_20260827_req_0001316,cv_20260827_dev_0001018,1,allow,0.214841496001,0.0259720802764,0,0.0259720802764,0,0,0,
cv_20260827_evt_0006565,cv_20260827_req_0002503,cv_20260827_dev_0001651,1,allow,0.148538314878,0.0193933904297,0,0.0193933904297,0,0,0,
cv_20260827_evt_0006567,cv_20260827_req_0002504,cv_20260827_dev_0001651,2,allow,0.348436509758,0.0930102271251,0,0.108523854863,0,0,0,stable_retry_risk_reduction
cv_20260827_evt_0006569,cv_20260827_req_0002505,cv_20260827_dev_0001651,3,allow,0.487973432583,0.284737559009,1,0.371547190787,0,0,0,stable_retry_risk_reduction
cv_20260827_evt_0007240,cv_20260827_req_0002816,cv_20260827_dev_0001712,1,allow,0.256733671334,0.0690182853703,0,0.0690182853703,0,0,0,
cv_20260827_evt_0007242,cv_20260827_req_0002817,cv_20260827_dev_0001712,2,allow,0.232102497348,0.028783095908,0,0.097801302178,0,0,0,
cv_20260827_evt_0007244,cv_20260827_req_0002818,cv_20260827_dev_0001712,3,allow,0.866020934897,0.888720283257,1,0.98652136126,1,1,0,
cv_20260827_evt_0007246,cv_20260827_req_0002819,cv_20260827_dev_0001712,4,allow,0.921139506041,0.920638394369,3,1.90715636375,2,2,2,high_risk_with_card_diversity|persistent_high_model_risk
cv_20260827_evt_0007248,cv_20260827_req_0002820,cv_20260827_dev_0001712,5,review,0.92670256663,0.968667664035,3,2.87582184204,3,3,3,persistent_high_model_risk|high_risk_with_card_diversity|high_risk_with_ip_rotation
cv_20260827_evt_0007250,cv_20260827_req_0002821,cv_20260827_dev_0001712,6,block,0.993440583007,1,6,3.87581195432,4,4,4,rule_corroborated_block|high_risk_with_card_diversity|high_risk_with_card_switching|high_risk_with_ip_rotation|persistent_high_model_risk
cv_20260827_evt_0007252,cv_20260827_req_0002822,cv_20260827_dev_0001712,7,block,0.994873361267,1,6,4.87580751234,5,5,4,rule_corroborated_block|high_risk_with_card_diversity|high_risk_with_card_switching|high_risk_with_ip_rotation|persistent_high_model_risk
cv_20260827_evt_0007254,cv_20260827_req_0002823,cv_20260827_dev_0001712,8,block,0.995343042267,1,6,5.87578516019,6,6,4,rule_corroborated_block|high_risk_with_card_diversity|high_risk_with_card_switching|high_risk_with_ip_rotation|persistent_high_model_risk
cv_20260827_evt_0007256,cv_20260827_req_0002824,cv_20260827_dev_0001712,9,block,0.992876768447,1,6,6.87577169201,7,7,4,rule_corroborated_block|high_risk_with_card_diversity|high_risk_with_card_switching|high_risk_with_ip_rotation|persistent_high_model_risk
cv_20260827_evt_0007258,cv_20260827_req_0002825,cv_20260827_dev_0001712,10,block,0.994427518707,1,6,7.8757559317,8,8,4,rule_corroborated_block|high_risk_with_card_diversity|high_risk_with_card_switching|high_risk_with_ip_rotation|persistent_high_model_risk
cv_20260827_evt_0007260,cv_20260827_req_0002826,cv_20260827_dev_0001712,11,block,0.994458336399,1,6,8.87572885309,9,9,4,rule_corroborated_block|high_risk_with_card_diversity|high_risk_with_card_switching|high_risk_with_ip_rotation|persistent_high_model_risk
cv_20260827_evt_0003096,cv_20260827_req_0001128,cv_20260827_dev_0000876,1,allow,0.201565120904,0.0250286633218,0,0.0250286633218,0,0,0,
cv_20260827_evt_0001178,cv_20260827_req_0000427,cv_20260827_dev_0000342,1,allow,0.226375804025,0.028783095908,0,0.028783095908,0,0,0,
cv_20260827_evt_0008021,cv_20260827_req_0003198,cv_20260827_dev_0001753,1,allow,0.242539270398,0.028783095908,0,0.028783095908,0,0,0,
cv_20260827_evt_0008023,cv_20260827_req_0003199,cv_20260827_dev_0001753,2,allow,0.362235061293,0.0930102271251,0,0.121793257058,0,0,1,high_risk_with_card_diversity
cv_20260827_evt_0008025,cv_20260827_req_0003200,cv_20260827_dev_0001753,3,allow,0.919472082998,0.920638394369,2,1.04243123267,1,1,2,high_risk_with_card_diversity|high_risk_with_card_switching
cv_20260827_evt_0008027,cv_20260827_req_0003201,cv_20260827_dev_0001753,4,allow,0.9611460578,0.987077221928,4,2.0295072599,2,2,3,high_risk_with_card_diversity|high_risk_with_card_switching|persistent_high_model_risk
cv_20260827_evt_0008029,cv_20260827_req_0003202,cv_20260827_dev_0001753,5,review,0.974392086175,1,4,3.02950260796,3,3,3,persistent_high_model_risk|high_risk_with_card_diversity|high_risk_with_card_switching
cv_20260827_evt_0008031,cv_20260827_req_0003203,cv_20260827_dev_0001753,6,block,0.987073860411,1,5,4.02949913592,4,4,4,persistent_high_model_risk|high_risk_with_card_diversity|high_risk_with_card_switching|high_risk_with_ip_rotation
cv_20260827_evt_0000096,cv_20260827_req_0000035,cv_20260827_dev_0000032,1,allow,0.20702938011,0.0250286633218,0,0.0250286633218,0,0,0,
cv_20260827_evt_0011450,cv_20260827_req_0004866,cv_20260827_dev_0001930,3,allow,0.641780202385,0.474791810673,1,0.888371513292,0,0,1,high_risk_with_ip_rotation
cv_20260827_evt_0006289,cv_20260827_req_0002378,cv_20260827_dev_0001615,4,allow,0.0530703363329,0,0,0.151859361666,0,0,0,successful_checkout_risk_reduction
cv_20260827_evt_0006291,cv_20260827_req_0002379,cv_20260827_dev_0001615,5,allow,0.193670652853,0.0250286633218,0,0.146503343804,0,0,0,stable_retry_risk_reduction
cv_20260827_evt_0006293,cv_20260827_req_0002380,cv_20260827_dev_0001615,6,allow,0.273536899467,0.0930102271251,1,0.239501818116,0,0,2,high_risk_with_card_diversity|cross_session_card_diversity
cv_20260827_evt_0011452,cv_20260827_req_0004867,cv_20260827_dev_0001930,4,allow,0.873516557562,0.920638394369,1,1.80825069842,1,1,2,high_risk_with_card_diversity|cross_session_card_diversity
cv_20260827_evt_0004789,cv_20260827_req_0001789,cv_20260827_dev_0001264,1,allow,0.238303791511,0.028783095908,0,0.028783095908,0,0,0,
cv_20260827_evt_0004791,cv_20260827_req_0001790,cv_20260827_dev_0001264,2,allow,0.430164082064,0.0930102271251,0,0.121792102516,0,0,0,
cv_20260827_evt_0004793,cv_20260827_req_0001791,cv_20260827_dev_0001264,3,allow,0.765383620745,0.474791810673,1,0.596572188774,0,0,1,high_risk_with_card_diversity
cv_20260827_evt_0011454,cv_20260827_req_0004868,cv_20260827_dev_0001930,5,allow,0.972618285953,1,2,2.80597457118,2,2,4,high_risk_with_card_diversity|high_risk_with_card_switching|cross_session_card_diversity|persistent_high_model_risk
cv_20260827_evt_0004017,cv_20260827_req_0001464,cv_20260827_dev_0001134,1,allow,0.246941145169,0.028783095908,0,0.028783095908,0,0,0,
cv_20260827_evt_0000895,cv_20260827_req_0000325,cv_20260827_dev_0000262,1,allow,0.146740201463,0.0193933904297,0,0.0193933904297,0,0,0,
cv_20260827_evt_0011636,cv_20260827_req_0004958,cv_20260827_dev_0001943,4,allow,0.802527853887,0.559667304185,1,1.78168026445,2,2,3,high_risk_with_card_diversity|cross_session_card_diversity|high_risk_with_ip_rotation
cv_20260827_evt_0011337,cv_20260827_req_0004812,cv_20260827_dev_0001923,3,allow,0.728937302655,0.474791810673,1,1.31483345279,1,0,0,
cv_20260827_evt_0011638,cv_20260827_req_0004959,cv_20260827_dev_0001943,5,review,0.973535271768,1,1,2.77988222124,3,3,3,persistent_high_model_risk|high_risk_with_card_diversity|cross_session_card_diversity
cv_20260827_evt_0011339,cv_20260827_req_0004813,cv_20260827_dev_0001923,4,allow,0.811956611307,0.584793744945,1,1.89837706545,2,1,2,high_risk_with_card_diversity|cross_session_card_diversity
cv_20260827_evt_0011640,cv_20260827_req_0004960,cv_20260827_dev_0001943,6,review,0.991360121078,1,1,3.77706726039,4,4,3,persistent_high_model_risk|high_risk_with_card_diversity|cross_session_card_diversity
cv_20260827_evt_0006903,cv_20260827_req_0002654,cv_20260827_dev_0001691,1,allow,0.0946653751495,0.00548001258357,0,0.00548001258357,0,0,0,
cv_20260827_evt_0006905,cv_20260827_req_0002655,cv_20260827_dev_0001691,2,allow,0.242947026441,0.028783095908,0,0.0331667944724,0,0,0,stable_retry_risk_reduction
cv_20260827_evt_0006907,cv_20260827_req_0002656,cv_20260827_dev_0001691,3,allow,0.360547374789,0.0930102271251,1,0.11954290248,0,0,0,stable_retry_risk_reduction
cv_20260827_evt_0009326,cv_20260827_req_0003835,cv_20260827_dev_0001811,1,allow,0.248291454007,0.028783095908,0,0.028783095908,0,0,0,
cv_20260827_evt_0009328,cv_20260827_req_0003836,cv_20260827_dev_0001811,2,allow,0.524596996561,0.304785409055,0,0.327811252428,0,0,0,stable_retry_risk_reduction
cv_20260827_evt_0009330,cv_20260827_req_0003837,cv_20260827_dev_0001811,3,allow,0.787293101933,0.488843813387,0,0.816650933176,0,0,0,
cv_20260827_evt_0009332,cv_20260827_req_0003838,cv_20260827_dev_0001811,4,allow,0.856323439631,0.855151534315,3,1.5084640446,1,1,0,stable_retry_risk_reduction
cv_20260827_evt_0009334,cv_20260827_req_0003839,cv_20260827_dev_0001811,5,allow,0.938167575712,0.968667664035,2,2.47711269178,2,2,1,persistent_high_model_risk
cv_20260827_evt_0009336,cv_20260827_req_0003840,cv_20260827_dev_0001811,6,review,0.95030099739,0.978665935245,3,3.45574172081,3,3,2,persistent_high_model_risk|high_risk_with_card_diversity
cv_20260827_evt_0009338,cv_20260827_req_0003841,cv_20260827_dev_0001811,7,block,0.925708497189,0.920638394369,3,4.37631674703,4,4,3,persistent_high_model_risk|high_risk_with_card_diversity|high_risk_with_ip_rotation
cv_20260827_evt_0009340,cv_20260827_req_0003842,cv_20260827_dev_0001811,8,block,0.962811411204,0.987077221928,3,5.36328362727,5,5,3,persistent_high_model_risk|high_risk_with_card_diversity|high_risk_with_ip_rotation
cv_20260827_evt_0009342,cv_20260827_req_0003843,cv_20260827_dev_0001811,9,block,0.981971054714,1,4,6.36314840082,6,6,3,persistent_high_model_risk|high_risk_with_card_diversity|high_risk_with_ip_rotation
cv_20260827_evt_0009344,cv_20260827_req_0003844,cv_20260827_dev_0001811,10,block,0.985636845246,1,4,7.36303901192,7,7,3,persistent_high_model_risk|high_risk_with_card_diversity|high_risk_with_ip_rotation
cv_20260827_evt_0009346,cv_20260827_req_0003845,cv_20260827_dev_0001811,11,block,0.97679905003,1,4,8.36289555699,8,8,3,persistent_high_model_risk|high_risk_with_card_diversity|high_risk_with_ip_rotation
cv_20260827_evt_0009348,cv_20260827_req_0003846,cv_20260827_dev_0001811,12,block,0.989920669217,1,4,9.3627613748,9,9,3,persistent_high_model_risk|high_risk_with_card_diversity|high_risk_with_ip_rotation
cv_20260827_evt_0006496,cv_20260827_req_0002471,cv_20260827_dev_0001641,1,allow,0.11940984902,0.00548001258357,0,0.00548001258357,0,0,0,
cv_20260827_evt_0006498,cv_20260827_req_0002472,cv_20260827_dev_0001641,2,allow,0.299748895796,0.0930102271251,0,0.0973938051139,0,0,0,stable_retry_risk_reduction
cv_20260827_evt_0006500,cv_20260827_req_0002473,cv_20260827_dev_0001641,3,allow,0.4384710925,0.0930102271251,1,0.170920181475,0,0,0,stable_retry_risk_reduction
cv_20260827_evt_0006041,cv_20260827_req_0002278,cv_20260827_dev_0001563,1,allow,0.126578394259,0.00820512873941,0,0.00820512873941,0,0,0,
cv_20260827_evt_0003510,cv_20260827_req_0001279,cv_20260827_dev_0000990,1,allow,0.196220087476,0.0250286633218,0,0.0250286633218,0,0,0,
cv_20260827_evt_0005332,cv_20260827_req_0002014,cv_20260827_dev_0001358,1,allow,0.149036630985,0.0193933904297,0,0.0193933904297,0,0,0,
cv_20260827_evt_0007408,cv_20260827_req_0002899,cv_20260827_dev_0001719,13,block,0.797423625782,0.559667304185,1,8.61231306717,10,10,4,persistent_high_model_risk|high_risk_with_card_diversity|cross_session_card_diversity|high_risk_with_ip_rotation
cv_20260827_evt_0007410,cv_20260827_req_0002900,cv_20260827_dev_0001719,14,block,0.890673812664,0.920638394369,1,9.53291198014,11,11,4,persistent_high_model_risk|high_risk_with_card_diversity|cross_session_card_diversity|high_risk_with_ip_rotation
cv_20260827_evt_0007412,cv_20260827_req_0002901,cv_20260827_dev_0001719,15,block,0.930632713016,0.968667664035,1,10.5015359425,12,12,4,persistent_high_model_risk|high_risk_with_card_diversity|cross_session_card_diversity|high_risk_with_ip_rotation
cv_20260827_evt_0007414,cv_20260827_req_0002902,cv_20260827_dev_0001719,16,block,0.952175412792,0.978665935245,3,11.4801898422,13,13,4,persistent_high_model_risk|high_risk_with_card_diversity|cross_session_card_diversity|high_risk_with_ip_rotation
cv_20260827_evt_0007416,cv_20260827_req_0002903,cv_20260827_dev_0001719,17,block,0.887038676098,0.920638394369,3,12.4007887651,14,14,4,persistent_high_model_risk|high_risk_with_card_diversity|cross_session_card_diversity|high_risk_with_ip_rotation
cv_20260827_evt_0007418,cv_20260827_req_0002904,cv_20260827_dev_0001719,18,block,0.877933074015,0.920638394369,3,13.3213703106,15,15,4,persistent_high_model_risk|high_risk_with_card_diversity|cross_session_card_diversity|high_risk_with_ip_rotation
cv_20260827_evt_0007420,cv_20260827_req_0002905,cv_20260827_dev_0001719,19,block,0.955958125537,0.978665935245,3,14.3000209785,16,16,4,persistent_high_model_risk|high_risk_with_card_diversity|cross_session_card_diversity|high_risk_with_ip_rotation
cv_20260827_evt_0005652,cv_20260827_req_0002131,cv_20260827_dev_0001455,1,allow,0.121004899005,0.00548001258357,0,0.00548001258357,0,0,0,
cv_20260827_evt_0003989,cv_20260827_req_0001454,cv_20260827_dev_0001127,1,allow,0.136962719987,0.0116357732377,0,0.0116357732377,0,0,0,
cv_20260827_evt_0001045,cv_20260827_req_0000379,cv_20260827_dev_0000303,1,allow,0.21740251945,0.0259720802764,0,0.0259720802764,0,0,0,
cv_20260827_evt_0006039,cv_20260827_req_0002277,cv_20260827_dev_0001562,1,allow,0.141655172657,0.0116357732377,0,0.0116357732377,0,0,0,
cv_20260827_evt_0004072,cv_20260827_req_0001486,cv_20260827_dev_0001150,3,allow,0.164735149751,0.0250286633218,0,0.0301231111256,0,0,1,successful_checkout_risk_reduction|high_risk_with_ip_rotation
cv_20260827_evt_0003149,cv_20260827_req_0001147,cv_20260827_dev_0000891,3,allow,0.126171503306,0.00820512873941,0,0.0194974393737,0,0,2,high_risk_with_card_diversity|cross_session_card_diversity
cv_20260827_evt_0005764,cv_20260827_req_0002174,cv_20260827_dev_0001486,1,allow,0.123094429191,0.00548001258357,0,0.00548001258357,0,0,0,
cv_20260827_evt_0001374,cv_20260827_req_0000499,cv_20260827_dev_0000400,1,allow,0.148721744801,0.0193933904297,0,0.0193933904297,0,0,0,
cv_20260827_evt_0005664,cv_20260827_req_0002135,cv_20260827_dev_0001457,3,allow,0.0645599146366,0,0,0.00323894579837,0,0,2,successful_checkout_risk_reduction|high_risk_with_card_diversity|cross_session_card_diversity
cv_20260827_evt_0012115,cv_20260827_req_0005189,cv_20260827_dev_0001980,1,allow,0.260146756549,0.0930102271251,0,0.0930102271251,0,0,0,
cv_20260827_evt_0011323,cv_20260827_req_0004805,cv_20260827_dev_0001922,3,allow,0.723610495132,0.474791810673,1,0.92791588931,0,0,0,
cv_20260827_evt_0012117,cv_20260827_req_0005190,cv_20260827_dev_0001980,2,allow,0.796624755986,0.559667304185,0,0.652655042094,1,1,0,
cv_20260827_evt_0003677,cv_20260827_req_0001339,cv_20260827_dev_0001036,1,allow,0.204749824392,0.0250286633218,0,0.0250286633218,0,0,0,
cv_20260827_evt_0011325,cv_20260827_req_0004806,cv_20260827_dev_0001922,4,allow,0.956528655172,0.978665935245,2,1.90553702929,1,1,2,high_risk_with_card_diversity|cross_session_card_diversity
cv_20260827_evt_0000693,cv_20260827_req_0000253,cv_20260827_dev_0000200,1,allow,0.134436835317,0.00820512873941,0,0.00820512873941,0,0,0,
cv_20260827_evt_0011560,cv_20260827_req_0004920,cv_20260827_dev_0001937,1,allow,0.233414650134,0.028783095908,0,0.028783095908,0,0,0,
cv_20260827_evt_0009268,cv_20260827_req_0003807,cv_20260827_dev_0001809,13,block,0.802615557283,0.559667304185,0,8.56588860678,10,10,4,persistent_high_model_risk|high_risk_with_card_diversity|cross_session_card_diversity|high_risk_with_ip_rotation
cv_20260827_evt_0009270,cv_20260827_req_0003808,cv_20260827_dev_0001809,14,block,0.847378649481,0.834086215288,0,9.3999355535,11,11,4,persistent_high_model_risk|high_risk_with_card_diversity|cross_session_card_diversity|high_risk_with_ip_rotation
cv_20260827_evt_0009272,cv_20260827_req_0003809,cv_20260827_dev_0001809,15,block,0.891627131499,0.920638394369,0,10.3205524018,12,12,4,persistent_high_model_risk|high_risk_with_card_diversity|cross_session_card_diversity|high_risk_with_ip_rotation
cv_20260827_evt_0009274,cv_20260827_req_0003810,cv_20260827_dev_0001809,16,block,0.919875794215,0.920638394369,2,11.241178968,13,13,4,persistent_high_model_risk|high_risk_with_card_diversity|cross_session_card_diversity|high_risk_with_ip_rotation
cv_20260827_evt_0009276,cv_20260827_req_0003811,cv_20260827_dev_0001809,17,block,0.943584647837,0.968667664035,2,12.2098208656,14,14,4,persistent_high_model_risk|high_risk_with_card_diversity|cross_session_card_diversity|high_risk_with_ip_rotation
cv_20260827_evt_0009278,cv_20260827_req_0003812,cv_20260827_dev_0001809,18,block,0.900355827324,0.920638394369,2,13.1304452666,15,15,4,persistent_high_model_risk|high_risk_with_card_diversity|cross_session_card_diversity|high_risk_with_ip_rotation
cv_20260827_evt_0009280,cv_20260827_req_0003813,cv_20260827_dev_0001809,19,block,0.828081058088,0.627563763201,2,13.7579789328,16,16,4,persistent_high_model_risk|high_risk_with_card_diversity|cross_session_card_diversity|high_risk_with_ip_rotation
cv_20260827_evt_0009282,cv_20260827_req_0003814,cv_20260827_dev_0001809,20,block,0.921863485089,0.920638394369,2,14.6785542565,16,17,2,persistent_high_model_risk|high_risk_with_ip_rotation
cv_20260827_evt_0009284,cv_20260827_req_0003815,cv_20260827_dev_0001809,21,block,0.939483573668,0.968667664035,2,15.6471882751,16,18,4,persistent_high_model_risk|high_risk_with_card_diversity|cross_session_card_diversity|high_risk_with_ip_rotation
cv_20260827_evt_0009286,cv_20260827_req_0003816,cv_20260827_dev_0001809,22,block,0.933509098657,0.968667664035,2,16.6157842078,16,19,4,persistent_high_model_risk|high_risk_with_card_diversity|cross_session_card_diversity|high_risk_with_ip_rotation
cv_20260827_evt_0005052,cv_20260827_req_0001906,cv_20260827_dev_0001292,1,allow,0.229290280245,0.028783095908,0,0.028783095908,0,0,0,
cv_20260827_evt_0005054,cv_20260827_req_0001907,cv_20260827_dev_0001292,2,allow,0.522853272545,0.304785409055,0,0.333565734135,0,0,1,high_risk_with_card_diversity
cv_20260827_evt_0005056,cv_20260827_req_0001908,cv_20260827_dev_0001292,3,allow,0.883282856008,0.920638394369,3,1.25418386765,1,1,2,high_risk_with_card_diversity|high_risk_with_card_switching
cv_20260827_evt_0005058,cv_20260827_req_0001909,cv_20260827_dev_0001292,4,allow,0.932877122273,0.968667664035,3,2.22273079666,2,2,3,high_risk_with_card_diversity|high_risk_with_card_switching|persistent_high_model_risk
cv_20260827_evt_0011562,cv_20260827_req_0004921,cv_20260827_dev_0001937,2,allow,0.712328602111,0.474791810673,0,0.503539203134,0,0,1,high_risk_with_card_diversity
cv_20260827_evt_0011564,cv_20260827_req_0004922,cv_20260827_dev_0001937,3,allow,0.938750128161,0.968667664035,2,1.47207646069,1,1,2,high_risk_with_card_diversity|high_risk_with_card_switching
cv_20260827_evt_0004267,cv_20260827_req_0001557,cv_20260827_dev_0001204,1,allow,0.14056686834,0.0116357732377,0,0.0116357732377,0,0,0,
cv_20260827_evt_0004269,cv_20260827_req_0001558,cv_20260827_dev_0001204,2,allow,0.448628870028,0.0930102271251,0,0.104645106919,0,0,0,
cv_20260827_evt_0004271,cv_20260827_req_0001559,cv_20260827_dev_0001204,3,allow,0.840229119037,0.690081906596,1,0.794720177654,1,1,1,high_risk_with_card_diversity
cv_20260827_evt_0004273,cv_20260827_req_0001560,cv_20260827_dev_0001204,4,allow,0.917399650891,0.920638394369,2,1.71530392529,2,2,3,high_risk_with_card_diversity|high_risk_with_card_switching|persistent_high_model_risk
cv_20260827_evt_0004450,cv_20260827_req_0001638,cv_20260827_dev_0001223,1,allow,0.21596143053,0.0259720802764,0,0.0259720802764,0,0,0,
cv_20260827_evt_0004452,cv_20260827_req_0001639,cv_20260827_dev_0001223,2,allow,0.501059434423,0.284737559009,0,0.310708478437,0,0,0,
cv_20260827_evt_0004454,cv_20260827_req_0001640,cv_20260827_dev_0001223,3,allow,0.812844393144,0.584793744945,1,0.895486199487,1,1,1,high_risk_with_card_diversity
cv_20260827_evt_0004296,cv_20260827_req_0001570,cv_20260827_dev_0001207,4,allow,0.196087915218,0.0250286633218,0,0.292969746179,0,0,3,successful_checkout_risk_reduction|high_risk_with_card_diversity|cross_session_card_diversity|high_risk_with_ip_rotation
cv_20260827_evt_0004298,cv_20260827_req_0001571,cv_20260827_dev_0001207,5,allow,0.372944994247,0.0930102271251,0,0.385948413019,0,0,2,high_risk_with_card_diversity|cross_session_card_diversity
cv_20260827_evt_0004300,cv_20260827_req_0001572,cv_20260827_dev_0001207,6,allow,0.558314557226,0.474791810673,1,0.860722531038,0,0,2,high_risk_with_card_diversity|cross_session_card_diversity
cv_20260827_evt_0001504,cv_20260827_req_0000546,cv_20260827_dev_0000431,1,allow,0.246671676452,0.028783095908,0,0.028783095908,0,0,0,
cv_20260827_evt_0001790,cv_20260827_req_0000650,cv_20260827_dev_0000510,1,allow,0.23871751627,0.028783095908,0,0.028783095908,0,0,0,
cv_20260827_evt_0003397,cv_20260827_req_0001237,cv_20260827_dev_0000957,1,allow,0.225687479763,0.028783095908,0,0.028783095908,0,0,0,
cv_20260827_evt_0000472,cv_20260827_req_0000173,cv_20260827_dev_0000138,3,allow,0.203230171824,0.0250286633218,0,0.0306537765153,0,0,2,successful_checkout_risk_reduction|high_risk_with_card_diversity|cross_session_card_diversity
cv_20260827_evt_0005090,cv_20260827_req_0001923,cv_20260827_dev_0001297,1,allow,0.200268482335,0.0250286633218,0,0.0250286633218,0,0,0,
cv_20260827_evt_0005092,cv_20260827_req_0001924,cv_20260827_dev_0001297,2,allow,0.47048786371,0.198123499891,0,0.223150671649,0,0,0,
cv_20260827_evt_0005094,cv_20260827_req_0001925,cv_20260827_dev_0001297,3,allow,0.792529502823,0.559667304185,1,0.782793936838,1,1,0,
cv_20260827_evt_0001607,cv_20260827_req_0000583,cv_20260827_dev_0000460,2,allow,0.095142481901,0.00548001258357,0,0.0179486488674,0,0,0,successful_checkout_risk_reduction
cv_20260827_evt_0003718,cv_20260827_req_0001355,cv_20260827_dev_0001049,1,allow,0.153826148582,0.0193933904297,0,0.0193933904297,0,0,0,
cv_20260827_evt_0000601,cv_20260827_req_0000220,cv_20260827_dev_0000175,3,allow,0.25212114788,0.028783095908,0,0.277816013491,0,0,3,successful_checkout_risk_reduction|high_risk_with_card_diversity|cross_session_card_diversity|high_risk_with_ip_rotation
cv_20260827_evt_0001757,cv_20260827_req_0000638,cv_20260827_dev_0000502,1,allow,0.219665879044,0.0259720802764,0,0.0259720802764,0,0,0,
cv_20260827_evt_0000065,cv_20260827_req_0000024,cv_20260827_dev_0000021,1,allow,0.206893426433,0.0250286633218,0,0.0250286633218,0,0,0,
cv_20260827_evt_0001884,cv_20260827_req_0000685,cv_20260827_dev_0000537,1,allow,0.209065398291,0.0259720802764,0,0.0259720802764,0,0,0,
cv_20260827_evt_0011715,cv_20260827_req_0004996,cv_20260827_dev_0001950,1,allow,0.241020745945,0.028783095908,0,0.028783095908,0,0,0,
cv_20260827_evt_0004005,cv_20260827_req_0001460,cv_20260827_dev_0001131,1,allow,0.198055542341,0.0250286633218,0,0.0250286633218,0,0,0,
cv_20260827_evt_0011717,cv_20260827_req_0004997,cv_20260827_dev_0001950,2,allow,0.554201050314,0.474791810673,0,0.503557461411,0,0,1,high_risk_with_card_diversity
cv_20260827_evt_0003728,cv_20260827_req_0001359,cv_20260827_dev_0001052,1,allow,0.216645802891,0.0259720802764,0,0.0259720802764,0,0,0,
cv_20260827_evt_0002441,cv_20260827_req_0000889,cv_20260827_dev_0000691,1,allow,0.185133540847,0.0250286633218,0,0.0250286633218,0,0,0,
cv_20260827_evt_0001388,cv_20260827_req_0000504,cv_20260827_dev_0000404,2,allow,0.109054772746,0.00548001258357,0,0.0172424221716,0,0,3,successful_checkout_risk_reduction|high_risk_with_card_diversity|cross_session_card_diversity|high_risk_with_ip_rotation
cv_20260827_evt_0006091,cv_20260827_req_0002296,cv_20260827_dev_0001579,2,allow,0.0363697497591,0,0,0.00525017472953,0,0,3,successful_checkout_risk_reduction|high_risk_with_card_diversity|cross_session_card_diversity|high_risk_with_ip_rotation
cv_20260827_evt_0000123,cv_20260827_req_0000045,cv_20260827_dev_0000038,2,allow,0.0919654465041,0.00548001258357,0,0.0157092612129,0,0,1,successful_checkout_risk_reduction|high_risk_with_ip_rotation
cv_20260827_evt_0001039,cv_20260827_req_0000377,cv_20260827_dev_0000302,1,allow,0.214911368148,0.0259720802764,0,0.0259720802764,0,0,0,
cv_20260827_evt_0003862,cv_20260827_req_0001408,cv_20260827_dev_0001087,2,allow,0.13095772715,0.00820512873941,0,0.0425881056115,0,0,0,successful_checkout_risk_reduction
cv_20260827_evt_0003695,cv_20260827_req_0001346,cv_20260827_dev_0001041,1,allow,0.245557414344,0.028783095908,0,0.028783095908,0,0,0,
cv_20260827_evt_0000449,cv_20260827_req_0000165,cv_20260827_dev_0000132,1,allow,0.194608259759,0.0250286633218,0,0.0250286633218,0,0,0,
cv_20260827_evt_0004034,cv_20260827_req_0001471,cv_20260827_dev_0001139,3,allow,0.137080931034,0.0116357732377,0,0.0159523484258,0,0,2,successful_checkout_risk_reduction|high_risk_with_card_diversity|cross_session_card_diversity
cv_20260827_evt_0004008,cv_20260827_req_0001461,cv_20260827_dev_0001132,1,allow,0.220429853992,0.0259720802764,0,0.0259720802764,0,0,0,
cv_20260827_evt_0003208,cv_20260827_req_0001168,cv_20260827_dev_0000905,1,allow,0.222536567569,0.0259720802764,0,0.0259720802764,0,0,0,
cv_20260827_evt_0005345,cv_20260827_req_0002019,cv_20260827_dev_0001362,1,allow,0.119733192044,0.00548001258357,0,0.00548001258357,0,0,0,
cv_20260827_evt_0005851,cv_20260827_req_0002206,cv_20260827_dev_0001512,2,allow,0.0663114217056,0,0,0.00247236892863,0,0,2,successful_checkout_risk_reduction|high_risk_with_card_diversity|cross_session_card_diversity
cv_20260827_evt_0009688,cv_20260827_req_0004011,cv_20260827_dev_0001828,1,allow,0.206034123456,0.0250286633218,0,0.0250286633218,0,0,0,
cv_20260827_evt_0009690,cv_20260827_req_0004012,cv_20260827_dev_0001828,2,allow,0.330640682488,0.0930102271251,0,0.113030954914,0,0,0,stable_retry_risk_reduction
cv_20260827_evt_0009692,cv_20260827_req_0004013,cv_20260827_dev_0001828,3,allow,0.7110724313,0.474791810673,0,0.587819915695,0,0,1,high_risk_with_card_diversity
cv_20260827_evt_0009694,cv_20260827_req_0004014,cv_20260827_dev_0001828,4,allow,0.844737737013,0.834086215288,2,1.42188389974,1,1,2,high_risk_with_card_diversity|high_risk_with_card_switching
cv_20260827_evt_0002954,cv_20260827_req_0001076,cv_20260827_dev_0000835,1,allow,0.198055542341,0.0250286633218,0,0.0250286633218,0,0,0,
cv_20260827_evt_0009696,cv_20260827_req_0004015,cv_20260827_dev_0001828,5,allow,0.954476667253,0.978665935245,2,2.40046021047,2,2,3,high_risk_with_card_diversity|high_risk_with_card_switching|persistent_high_model_risk
cv_20260827_evt_0009698,cv_20260827_req_0004016,cv_20260827_dev_0001828,6,review,0.973964640975,1,3,3.4002841458,3,3,3,persistent_high_model_risk|high_risk_with_card_diversity|high_risk_with_card_switching
cv_20260827_evt_0009700,cv_20260827_req_0004017,cv_20260827_dev_0001828,7,block,0.976320658199,1,3,4.39994902148,4,4,4,persistent_high_model_risk|high_risk_with_card_diversity|high_risk_with_card_switching|high_risk_with_ip_rotation
cv_20260827_evt_0001097,cv_20260827_req_0000398,cv_20260827_dev_0000320,1,allow,0.250345600939,0.028783095908,0,0.028783095908,0,0,0,
cv_20260827_evt_0001099,cv_20260827_req_0000399,cv_20260827_dev_0000320,2,allow,0.450271071271,0.0930102271251,0,0.121788771099,0,0,1,high_risk_with_card_diversity
cv_20260827_evt_0002693,cv_20260827_req_0000983,cv_20260827_dev_0000758,1,allow,0.196383443254,0.0250286633218,0,0.0250286633218,0,0,0,
cv_20260827_evt_0001245,cv_20260827_req_0000450,cv_20260827_dev_0000361,1,allow,0.202366166365,0.0250286633218,0,0.0250286633218,0,0,0,
cv_20260827_evt_0001025,cv_20260827_req_0000372,cv_20260827_dev_0000298,1,allow,0.22619452219,0.028783095908,0,0.028783095908,0,0,0,
cv_20260827_evt_0011651,cv_20260827_req_0004965,cv_20260827_dev_0001944,3,allow,0.713965357879,0.474791810673,0,0.589863174381,0,0,3,high_risk_with_card_diversity|cross_session_card_diversity|high_risk_with_ip_rotation
cv_20260827_evt_0011653,cv_20260827_req_0004966,cv_20260827_dev_0001944,4,allow,0.843767305114,0.756035578145,1,1.34577167287,1,1,2,high_risk_with_card_diversity|cross_session_card_diversity
cv_20260827_evt_0006122,cv_20260827_req_0002307,cv_20260827_dev_0001589,1,allow,0.159544497359,0.0250286633218,0,0.0250286633218,0,0,0,
cv_20260827_evt_0011655,cv_20260827_req_0004967,cv_20260827_dev_0001944,5,allow,0.973265890076,1,2,2.34405150216,2,2,4,high_risk_with_card_diversity|high_risk_with_card_switching|cross_session_card_diversity|persistent_high_model_risk
cv_20260827_evt_0001871,cv_20260827_req_0000680,cv_20260827_dev_0000533,1,allow,0.195600272351,0.0250286633218,0,0.0250286633218,0,0,0,
cv_20260827_evt_0000556,cv_20260827_req_0000203,cv_20260827_dev_0000163,1,allow,0.238040768777,0.028783095908,0,0.028783095908,0,0,0,
cv_20260827_evt_0005649,cv_20260827_req_0002130,cv_20260827_dev_0001454,1,allow,0.137354842271,0.0116357732377,0,0.0116357732377,0,0,0,
cv_20260827_evt_0005466,cv_20260827_req_0002063,cv_20260827_dev_0001392,1,allow,0.106729295715,0.00548001258357,0,0.00548001258357,0,0,0,
cv_20260827_evt_0009409,cv_20260827_req_0003875,cv_20260827_dev_0001816,1,allow,0.227502044375,0.028783095908,0,0.028783095908,0,0,0,
cv_20260827_evt_0009411,cv_20260827_req_0003876,cv_20260827_dev_0001816,2,allow,0.209678334005,0.0259720802764,0,0.0547551431967,0,0,0,
cv_20260827_evt_0009413,cv_20260827_req_0003877,cv_20260827_dev_0001816,3,allow,0.833079495352,0.690081906596,1,0.733885920748,1,1,0,stable_retry_risk_reduction
cv_20260827_evt_0009415,cv_20260827_req_0003878,cv_20260827_dev_0001816,4,allow,0.845772479609,0.834086215288,3,1.42119360614,2,2,1,stable_retry_risk_reduction|persistent_high_model_risk
cv_20260827_evt_0009417,cv_20260827_req_0003879,cv_20260827_dev_0001816,5,review,0.946460510842,0.978665935245,3,2.3998562838,3,3,2,persistent_high_model_risk|high_risk_with_ip_rotation
cv_20260827_evt_0009419,cv_20260827_req_0003880,cv_20260827_dev_0001816,6,block,0.9496421777,0.978665935245,3,3.37851946863,4,4,2,persistent_high_model_risk|high_risk_with_ip_rotation
cv_20260827_evt_0009421,cv_20260827_req_0003881,cv_20260827_dev_0001816,7,block,0.977951712278,1,4,4.37850398049,5,5,2,persistent_high_model_risk|high_risk_with_ip_rotation
cv_20260827_evt_0009423,cv_20260827_req_0003882,cv_20260827_dev_0001816,8,block,0.982980813511,1,4,5.37849896239,6,6,3,persistent_high_model_risk|high_risk_with_card_diversity|high_risk_with_ip_rotation
cv_20260827_evt_0009425,cv_20260827_req_0003883,cv_20260827_dev_0001816,9,block,0.984098870215,1,4,6.37849279823,7,7,3,persistent_high_model_risk|high_risk_with_card_diversity|high_risk_with_ip_rotation
cv_20260827_evt_0009427,cv_20260827_req_0003884,cv_20260827_dev_0001816,10,block,0.988399021134,1,4,7.37848548799,8,8,3,persistent_high_model_risk|high_risk_with_card_diversity|high_risk_with_ip_rotation
cv_20260827_evt_0009429,cv_20260827_req_0003885,cv_20260827_dev_0001816,11,block,0.991330545103,1,4,8.37847703168,9,9,3,persistent_high_model_risk|high_risk_with_card_diversity|high_risk_with_ip_rotation
cv_20260827_evt_0009431,cv_20260827_req_0003886,cv_20260827_dev_0001816,12,block,0.992204509115,1,4,9.37845782695,10,10,3,persistent_high_model_risk|high_risk_with_card_diversity|high_risk_with_ip_rotation
cv_20260827_evt_0003452,cv_20260827_req_0001258,cv_20260827_dev_0000973,1,allow,0.226956596322,0.028783095908,0,0.028783095908,0,0,0,
cv_20260827_evt_0000553,cv_20260827_req_0000202,cv_20260827_dev_0000162,1,allow,0.214614367563,0.0259720802764,0,0.0259720802764,0,0,0,
cv_20260827_evt_0011176,cv_20260827_req_0004734,cv_20260827_dev_0001913,1,allow,0.220910794775,0.0259720802764,0,0.0259720802764,0,0,0,
cv_20260827_evt_0011178,cv_20260827_req_0004735,cv_20260827_dev_0001913,2,allow,0.748607807592,0.474791810673,0,0.500735450241,0,0,0,
cv_20260827_evt_0000607,cv_20260827_req_0000222,cv_20260827_dev_0000177,1,allow,0.259231079239,0.0930102271251,0,0.0930102271251,0,0,0,
cv_20260827_evt_0006105,cv_20260827_req_0002301,cv_20260827_dev_0001584,1,allow,0.0848151662723,0.00548001258357,0,0.00548001258357,0,0,0,
cv_20260827_evt_0010463,cv_20260827_req_0004387,cv_20260827_dev_0001873,1,allow,0.256417669587,0.0690182853703,0,0.0690182853703,0,0,0,
cv_20260827_evt_0010465,cv_20260827_req_0004388,cv_20260827_dev_0001873,2,allow,0.530449926539,0.398184486513,0,0.467188930728,0,0,0,
cv_20260827_evt_0010467,cv_20260827_req_0004389,cv_20260827_dev_0001873,3,allow,0.787154383272,0.488843813387,0,0.955946011804,0,0,1,high_risk_with_card_diversity
cv_20260827_evt_0010469,cv_20260827_req_0004390,cv_20260827_dev_0001873,4,allow,0.867563292858,0.920638394369,0,1.87650443164,1,1,1,high_risk_with_card_diversity
cv_20260827_evt_0010471,cv_20260827_req_0004391,cv_20260827_dev_0001873,5,allow,0.930180436722,0.968667664035,1,2.84481942746,2,2,2,high_risk_with_card_diversity|persistent_high_model_risk
cv_20260827_evt_0010473,cv_20260827_req_0004392,cv_20260827_dev_0001873,6,review,0.979355321698,1,1,3.84452274824,3,3,3,persistent_high_model_risk|high_risk_with_card_diversity|high_risk_with_ip_rotation
cv_20260827_evt_0010475,cv_20260827_req_0004393,cv_20260827_dev_0001873,7,block,0.989225201938,1,1,4.84418789787,4,4,3,persistent_high_model_risk|high_risk_with_card_diversity|high_risk_with_ip_rotation
cv_20260827_evt_0004681,cv_20260827_req_0001740,cv_20260827_dev_0001249,4,allow,0.696915158052,0.474791810673,0,1.1545548947,0,0,2,high_risk_with_card_diversity|cross_session_card_diversity
cv_20260827_evt_0004683,cv_20260827_req_0001741,cv_20260827_dev_0001249,5,allow,0.840524751004,0.690081906596,0,1.84455079595,1,1,2,high_risk_with_card_diversity|cross_session_card_diversity
cv_20260827_evt_0004685,cv_20260827_req_0001742,cv_20260827_dev_0001249,6,allow,0.912650900698,0.920638394369,1,2.39618601821,2,2,3,stable_retry_risk_reduction|high_risk_with_card_diversity|cross_session_card_diversity|persistent_high_model_risk
cv_20260827_evt_0005941,cv_20260827_req_0002241,cv_20260827_dev_0001536,2,allow,0.0518096549803,0,0,0.00408775742403,0,0,0,successful_checkout_risk_reduction
cv_20260827_evt_0005943,cv_20260827_req_0002242,cv_20260827_dev_0001536,3,allow,0.156387627778,0.0193933904297,0,0.023480810556,0,0,0,
cv_20260827_evt_0001635,cv_20260827_req_0000593,cv_20260827_dev_0000466,1,allow,0.237327856624,0.028783095908,0,0.028783095908,0,0,0,
cv_20260827_evt_0001543,cv_20260827_req_0000560,cv_20260827_dev_0000441,3,allow,0.103676599675,0.00548001258357,0,0.010766899767,0,0,3,successful_checkout_risk_reduction|high_risk_with_card_diversity|cross_session_card_diversity|high_risk_with_ip_rotation
cv_20260827_evt_0006782,cv_20260827_req_0002600,cv_20260827_dev_0001678,4,allow,0.545382446449,0.474791810673,0,0.885485513642,0,0,1,high_risk_with_ip_rotation
cv_20260827_evt_0006784,cv_20260827_req_0002601,cv_20260827_dev_0001678,5,allow,0.702725697892,0.474791810673,0,1.18311933415,0,0,0,stable_retry_risk_reduction
cv_20260827_evt_0006786,cv_20260827_req_0002602,cv_20260827_dev_0001678,6,allow,0.796672353045,0.559667304185,1,1.74272697823,1,1,0,
cv_20260827_evt_0011341,cv_20260827_req_0004814,cv_20260827_dev_0001923,5,review,0.9527430565,0.978665935245,5,2.70068395588,3,2,5,rule_corroborated_review|high_risk_with_card_diversity|high_risk_with_card_switching|cross_session_card_diversity|high_risk_with_ip_rotation|persistent_high_model_risk
cv_20260827_evt_0011343,cv_20260827_req_0004815,cv_20260827_dev_0001923,6,review,0.961658177464,0.987077221928,4,3.68661310607,4,3,5,persistent_high_model_risk|high_risk_with_card_diversity|high_risk_with_card_switching|cross_session_card_diversity|high_risk_with_ip_rotation
cv_20260827_evt_0011345,cv_20260827_req_0004816,cv_20260827_dev_0001923,7,block,0.986522246567,1,4,4.6848558662,5,4,5,persistent_high_model_risk|high_risk_with_card_diversity|high_risk_with_card_switching|cross_session_card_diversity|high_risk_with_ip_rotation
cv_20260827_evt_0003224,cv_20260827_req_0001174,cv_20260827_dev_0000910,1,allow,0.238040768777,0.028783095908,0,0.028783095908,0,0,0,
cv_20260827_evt_0002733,cv_20260827_req_0000997,cv_20260827_dev_0000770,1,allow,0.257366439127,0.0831159150205,0,0.0831159150205,0,0,0,
cv_20260827_evt_0002191,cv_20260827_req_0000796,cv_20260827_dev_0000622,1,allow,0.121571507598,0.00548001258357,0,0.00548001258357,0,0,0,
cv_20260827_evt_0000765,cv_20260827_req_0000278,cv_20260827_dev_0000222,1,allow,0.252411035719,0.0690182853703,0,0.0690182853703,0,0,0,
cv_20260827_evt_0001417,cv_20260827_req_0000515,cv_20260827_dev_0000409,1,allow,0.223631414336,0.0259720802764,0,0.0259720802764,0,0,0,
cv_20260827_evt_0002426,cv_20260827_req_0000883,cv_20260827_dev_0000687,3,allow,0.141577494057,0.0116357732377,0,0.0174948920469,0,0,2,successful_checkout_risk_reduction|high_risk_with_card_diversity|cross_session_card_diversity
cv_20260827_evt_0005909,cv_20260827_req_0002229,cv_20260827_dev_0001528,1,allow,0.133775435632,0.00820512873941,0,0.00820512873941,0,0,0,
cv_20260827_evt_0010448,cv_20260827_req_0004380,cv_20260827_dev_0001872,1,allow,0.2257054108,0.028783095908,0,0.028783095908,0,0,0,
cv_20260827_evt_0007743,cv_20260827_req_0003061,cv_20260827_dev_0001739,1,allow,0.25811917329,0.0930102271251,0,0.0930102271251,0,0,0,
cv_20260827_evt_0007745,cv_20260827_req_0003062,cv_20260827_dev_0001739,2,allow,0.48330773356,0.284737559009,0,0.377747679537,0,0,0,
cv_20260827_evt_0010450,cv_20260827_req_0004381,cv_20260827_dev_0001872,2,allow,0.457550874677,0.0930102271251,0,0.121787517795,0,0,1,high_risk_with_card_diversity
cv_20260827_evt_0007747,cv_20260827_req_0003063,cv_20260827_dev_0001739,3,allow,0.822167050221,0.627563763201,1,1.00530971103,1,1,0,
cv_20260827_evt_0007749,cv_20260827_req_0003064,cv_20260827_dev_0001739,4,allow,0.902901793589,0.920638394369,3,1.92594580108,2,2,1,persistent_high_model_risk
cv_20260827_evt_0007751,cv_20260827_req_0003065,cv_20260827_dev_0001739,5,review,0.938187615009,0.968667664035,2,2.89460463601,3,3,2,persistent_high_model_risk|high_risk_with_ip_rotation
cv_20260827_evt_0007753,cv_20260827_req_0003066,cv_20260827_dev_0001739,6,block,0.959406783034,0.978665935245,3,3.87326393638,4,4,3,persistent_high_model_risk|high_risk_with_card_diversity|high_risk_with_ip_rotation
cv_20260827_evt_0007755,cv_20260827_req_0003067,cv_20260827_dev_0001739,7,block,0.938567704873,0.968667664035,3,4.84191828327,5,5,3,persistent_high_model_risk|high_risk_with_card_diversity|high_risk_with_ip_rotation
cv_20260827_evt_0007757,cv_20260827_req_0003068,cv_20260827_dev_0001739,8,block,0.981147121303,1,3,5.84191273406,6,6,3,persistent_high_model_risk|high_risk_with_card_diversity|high_risk_with_ip_rotation
cv_20260827_evt_0010452,cv_20260827_req_0004382,cv_20260827_dev_0001872,3,allow,0.811495394951,0.584793744945,1,0.706563956318,1,1,2,high_risk_with_card_diversity|high_risk_with_card_switching
cv_20260827_evt_0011842,cv_20260827_req_0005057,cv_20260827_dev_0001960,1,allow,0.213238991536,0.0259720802764,0,0.0259720802764,0,0,0,
cv_20260827_evt_0010454,cv_20260827_req_0004383,cv_20260827_dev_0001872,4,allow,0.870809609048,0.920638394369,1,1.62709546828,2,2,2,high_risk_with_card_diversity|high_risk_with_card_switching
cv_20260827_evt_0010456,cv_20260827_req_0004384,cv_20260827_dev_0001872,5,review,0.91378748547,0.920638394369,1,2.54752315658,3,3,3,persistent_high_model_risk|high_risk_with_card_diversity|high_risk_with_card_switching
cv_20260827_evt_0010458,cv_20260827_req_0004385,cv_20260827_dev_0001872,6,review,0.936859496615,0.968667664035,1,3.51593390376,4,4,3,persistent_high_model_risk|high_risk_with_card_diversity|high_risk_with_card_switching
cv_20260827_evt_0010460,cv_20260827_req_0004386,cv_20260827_dev_0001872,7,block,0.956566530544,0.978665935245,1,4.49432584165,5,5,4,persistent_high_model_risk|high_risk_with_card_diversity|high_risk_with_card_switching|high_risk_with_ip_rotation
cv_20260827_evt_0011844,cv_20260827_req_0005058,cv_20260827_dev_0001960,2,allow,0.735768321384,0.474791810673,0,0.495543725417,0,0,0,stable_retry_risk_reduction
cv_20260827_evt_0002238,cv_20260827_req_0000814,cv_20260827_dev_0000637,1,allow,0.237702890107,0.028783095908,0,0.028783095908,0,0,0,
cv_20260827_evt_0011834,cv_20260827_req_0005053,cv_20260827_dev_0001959,6,review,0.815126152172,0.627563763201,2,2.76277607209,3,2,3,persistent_high_model_risk|high_risk_with_card_diversity|cross_session_card_diversity
cv_20260827_evt_0005562,cv_20260827_req_0002098,cv_20260827_dev_0001424,1,allow,0.134943678865,0.00820512873941,0,0.00820512873941,0,0,0,
cv_20260827_evt_0011836,cv_20260827_req_0005054,cv_20260827_dev_0001959,7,block,0.961496062194,0.987077221928,2,3.74676149818,4,3,3,persistent_high_model_risk|high_risk_with_card_diversity|cross_session_card_diversity
cv_20260827_evt_0001048,cv_20260827_req_0000380,cv_20260827_dev_0000304,1,allow,0.190790984636,0.0250286633218,0,0.0250286633218,0,0,0,
cv_20260827_evt_0002002,cv_20260827_req_0000728,cv_20260827_dev_0000571,1,allow,0.251825335279,0.028783095908,0,0.028783095908,0,0,0,
cv_20260827_evt_0002004,cv_20260827_req_0000729,cv_20260827_dev_0000571,2,allow,0.486355536965,0.284737559009,0,0.31351818095,0,0,0,
cv_20260827_evt_0011763,cv_20260827_req_0005019,cv_20260827_dev_0001954,4,allow,0.65728694193,0.474791810673,1,1.68197406787,1,0,3,high_risk_with_card_diversity|cross_session_card_diversity|high_risk_with_ip_rotation
cv_20260827_evt_0011765,cv_20260827_req_0005020,cv_20260827_dev_0001954,5,allow,0.885962805362,0.920638394369,0,2.6017606473,2,1,3,high_risk_with_card_diversity|cross_session_card_diversity|persistent_high_model_risk
cv_20260827_evt_0001627,cv_20260827_req_0000590,cv_20260827_dev_0000464,2,allow,0.0663209045096,0,0,0.0129880182676,0,0,1,successful_checkout_risk_reduction|high_risk_with_ip_rotation
cv_20260827_evt_0011550,cv_20260827_req_0004915,cv_20260827_dev_0001936,7,block,0.842842477712,0.756035578145,3,3.26292530007,4,3,3,persistent_high_model_risk|high_risk_with_card_diversity|cross_session_card_diversity
cv_20260827_evt_0011938,cv_20260827_req_0005103,cv_20260827_dev_0001967,1,allow,0.165405271351,0.0250286633218,0,0.0250286633218,0,0,0,
cv_20260827_evt_0011358,cv_20260827_req_0004822,cv_20260827_dev_0001924,6,review,0.800667482992,0.559667304185,2,2.61094235764,3,2,3,persistent_high_model_risk|high_risk_with_card_diversity|cross_session_card_diversity
cv_20260827_evt_0011940,cv_20260827_req_0005104,cv_20260827_dev_0001967,2,allow,0.878371502257,0.920638394369,0,0.940646781397,1,1,0,stable_retry_risk_reduction
cv_20260827_evt_0011360,cv_20260827_req_0004823,cv_20260827_dev_0001924,7,review,0.937560932498,0.968667664035,2,3.57875734399,4,3,3,persistent_high_model_risk|high_risk_with_card_diversity|cross_session_card_diversity
cv_20260827_evt_0011552,cv_20260827_req_0004916,cv_20260827_dev_0001936,8,block,0.942338474478,0.968667664035,3,4.22832248693,5,4,3,persistent_high_model_risk|high_risk_with_card_diversity|cross_session_card_diversity
cv_20260827_evt_0011362,cv_20260827_req_0004824,cv_20260827_dev_0001924,8,block,0.976193284349,1,2,4.57520718076,5,4,3,persistent_high_model_risk|high_risk_with_card_diversity|cross_session_card_diversity
cv_20260827_evt_0002504,cv_20260827_req_0000912,cv_20260827_dev_0000710,1,allow,0.24960790906,0.028783095908,0,0.028783095908,0,0,0,
cv_20260827_evt_0005687,cv_20260827_req_0002144,cv_20260827_dev_0001463,1,allow,0.116213991667,0.00548001258357,0,0.00548001258357,0,0,0,
cv_20260827_evt_0005278,cv_20260827_req_0001994,cv_20260827_dev_0001343,1,allow,0.163215781533,0.0250286633218,0,0.0250286633218,0,0,0,
cv_20260827_evt_0005280,cv_20260827_req_0001995,cv_20260827_dev_0001343,2,allow,0.363536984042,0.0930102271251,0,0.118035563235,0,0,0,
cv_20260827_evt_0006739,cv_20260827_req_0002581,cv_20260827_dev_0001673,1,allow,0.152028834438,0.0193933904297,0,0.0193933904297,0,0,0,
cv_20260827_evt_0006741,cv_20260827_req_0002582,cv_20260827_dev_0001673,2,allow,0.309241020097,0.0930102271251,0,0.112401750634,0,0,0,
cv_20260827_evt_0006743,cv_20260827_req_0002583,cv_20260827_dev_0001673,3,allow,0.606105806787,0.474791810673,1,0.58718982556,0,0,1,high_risk_with_card_diversity
cv_20260827_evt_0011327,cv_20260827_req_0004807,cv_20260827_dev_0001922,5,block,0.919703067775,0.920638394369,6,2.64885013187,2,2,5,rule_corroborated_block|high_risk_with_card_diversity|high_risk_with_card_switching|cross_session_card_diversity|high_risk_with_ip_rotation|persistent_high_model_risk
cv_20260827_evt_0006745,cv_20260827_req_0002584,cv_20260827_dev_0001673,4,allow,0.767478275926,0.474791810673,2,1.06191703519,0,0,2,high_risk_with_card_diversity|high_risk_with_card_switching
cv_20260827_evt_0011329,cv_20260827_req_0004808,cv_20260827_dev_0001922,6,review,0.916065394122,0.920638394369,3,3.5678406076,3,3,4,persistent_high_model_risk|high_risk_with_card_diversity|cross_session_card_diversity|high_risk_with_ip_rotation
cv_20260827_evt_0000160,cv_20260827_req_0000058,cv_20260827_dev_0000049,1,allow,0.251630302281,0.028783095908,0,0.028783095908,0,0,0,
cv_20260827_evt_0002316,cv_20260827_req_0000842,cv_20260827_dev_0000657,1,allow,0.179210287244,0.0250286633218,0,0.0250286633218,0,0,0,
cv_20260827_evt_0011331,cv_20260827_req_0004809,cv_20260827_dev_0001922,7,block,0.978917483461,1,3,4.56377843702,4,4,3,persistent_high_model_risk|high_risk_with_card_diversity|cross_session_card_diversity
cv_20260827_evt_0004241,cv_20260827_req_0001546,cv_20260827_dev_0001199,4,allow,0.195317321473,0.0250286633218,0,0.0384968159315,0,0,3,successful_checkout_risk_reduction|high_risk_with_card_diversity|cross_session_card_diversity|high_risk_with_ip_rotation
cv_20260827_evt_0005068,cv_20260827_req_0001913,cv_20260827_dev_0001294,1,allow,0.26118439202,0.0930102271251,0,0.0930102271251,0,0,0,
cv_20260827_evt_0005070,cv_20260827_req_0001914,cv_20260827_dev_0001294,2,allow,0.779864899013,0.474791810673,0,0.567792231405,0,0,0,
cv_20260827_evt_0007353,cv_20260827_req_0002872,cv_20260827_dev_0001717,1,allow,0.256457155866,0.0690182853703,0,0.0690182853703,0,0,0,
cv_20260827_evt_0007355,cv_20260827_req_0002873,cv_20260827_dev_0001717,2,allow,0.484541128057,0.284737559009,0,0.353755765279,0,0,1,high_risk_with_card_diversity
cv_20260827_evt_0007357,cv_20260827_req_0002874,cv_20260827_dev_0001717,3,allow,0.872242578258,0.920638394369,3,1.27439253793,1,1,2,high_risk_with_card_diversity|high_risk_with_card_switching
cv_20260827_evt_0007359,cv_20260827_req_0002875,cv_20260827_dev_0001717,4,review,0.924371187512,0.920638394369,5,2.1950280112,2,2,3,rule_corroborated_review|high_risk_with_card_diversity|high_risk_with_card_switching|persistent_high_model_risk
cv_20260827_evt_0007361,cv_20260827_req_0002876,cv_20260827_dev_0001717,5,review,0.980901173494,1,4,3.1950204642,3,3,4,persistent_high_model_risk|high_risk_with_card_diversity|high_risk_with_card_switching|high_risk_with_ip_rotation
cv_20260827_evt_0007363,cv_20260827_req_0002877,cv_20260827_dev_0001717,6,block,0.986882990786,1,5,4.195009479,4,4,4,persistent_high_model_risk|high_risk_with_card_diversity|high_risk_with_card_switching|high_risk_with_ip_rotation
cv_20260827_evt_0007365,cv_20260827_req_0002878,cv_20260827_dev_0001717,7,block,0.989523033897,1,5,5.19499986341,5,5,4,persistent_high_model_risk|high_risk_with_card_diversity|high_risk_with_card_switching|high_risk_with_ip_rotation
cv_20260827_evt_0007367,cv_20260827_req_0002879,cv_20260827_dev_0001717,8,block,0.995447249484,1,5,6.19498795568,6,6,4,persistent_high_model_risk|high_risk_with_card_diversity|high_risk_with_card_switching|high_risk_with_ip_rotation
cv_20260827_evt_0005072,cv_20260827_req_0001915,cv_20260827_dev_0001294,3,allow,0.851407246464,0.834086215288,2,1.40181597972,1,1,1,high_risk_with_card_diversity
cv_20260827_evt_0003016,cv_20260827_req_0001099,cv_20260827_dev_0000850,1,allow,0.137453020209,0.0116357732377,0,0.0116357732377,0,0,0,
cv_20260827_evt_0004957,cv_20260827_req_0001863,cv_20260827_dev_0001279,7,allow,0.218036845253,0.0259720802764,2,0.476489598872,1,0,2,successful_checkout_risk_reduction|high_risk_with_card_diversity|cross_session_card_diversity
cv_20260827_evt_0004959,cv_20260827_req_0001864,cv_20260827_dev_0001279,8,allow,0.440264889765,0.0930102271251,2,0.569459416783,1,0,2,high_risk_with_card_diversity|cross_session_card_diversity
cv_20260827_evt_0004961,cv_20260827_req_0001865,cv_20260827_dev_0001279,9,allow,0.639223164183,0.474791810673,3,1.04422055401,1,0,2,high_risk_with_card_diversity|cross_session_card_diversity
cv_20260827_evt_0001050,cv_20260827_req_0000381,cv_20260827_dev_0000305,1,allow,0.200251749373,0.0250286633218,0,0.0250286633218,0,0,0,
cv_20260827_evt_0006127,cv_20260827_req_0002309,cv_20260827_dev_0001591,1,allow,0.0686585759754,0,0,0,0,0,0,
cv_20260827_evt_0001819,cv_20260827_req_0000661,cv_20260827_dev_0000518,1,allow,0.161666186422,0.0250286633218,0,0.0250286633218,0,0,0,
cv_20260827_evt_0001150,cv_20260827_req_0000417,cv_20260827_dev_0000334,1,allow,0.251903376553,0.028783095908,0,0.028783095908,0,0,0,
cv_20260827_evt_0001690,cv_20260827_req_0000613,cv_20260827_dev_0000484,1,allow,0.143697752319,0.0116357732377,0,0.0116357732377,0,0,0,
cv_20260827_evt_0004303,cv_20260827_req_0001573,cv_20260827_dev_0001207,7,allow,0.324761078864,0.0930102271251,4,0.521821676016,0,0,4,successful_checkout_risk_reduction|high_risk_with_card_diversity|high_risk_with_card_switching|cross_session_card_diversity|high_risk_with_ip_rotation
cv_20260827_evt_0004305,cv_20260827_req_0001574,cv_20260827_dev_0001207,8,allow,0.478887590224,0.284737559009,2,0.806525147422,0,0,3,high_risk_with_card_diversity|cross_session_card_diversity|high_risk_with_ip_rotation
cv_20260827_evt_0004307,cv_20260827_req_0001575,cv_20260827_dev_0001207,9,allow,0.585308018279,0.474791810673,4,1.28127536388,0,0,3,high_risk_with_card_diversity|high_risk_with_card_switching|cross_session_card_diversity
cv_20260827_evt_0001793,cv_20260827_req_0000651,cv_20260827_dev_0000510,2,allow,0.123549806882,0.00548001258357,0,0.0198179096025,0,0,3,successful_checkout_risk_reduction|high_risk_with_card_diversity|cross_session_card_diversity|high_risk_with_ip_rotation
cv_20260827_evt_0003400,cv_20260827_req_0001238,cv_20260827_dev_0000957,2,allow,0.079439593033,0.00548001258357,0,0.0198182382529,0,0,0,successful_checkout_risk_reduction
cv_20260827_evt_0000538,cv_20260827_req_0000196,cv_20260827_dev_0000157,1,allow,0.254212802403,0.0690182853703,0,0.0690182853703,0,0,0,
cv_20260827_evt_0006114,cv_20260827_req_0002304,cv_20260827_dev_0001587,1,allow,0.113633669208,0.00548001258357,0,0.00548001258357,0,0,0,
cv_20260827_evt_0006116,cv_20260827_req_0002305,cv_20260827_dev_0001587,2,allow,0.297320938261,0.0930102271251,0,0.0984900261754,0,0,0,
cv_20260827_evt_0002045,cv_20260827_req_0000744,cv_20260827_dev_0000583,1,allow,0.249995987023,0.028783095908,0,0.028783095908,0,0,0,
cv_20260827_evt_0007286,cv_20260827_req_0002839,cv_20260827_dev_0001714,1,allow,0.148852880599,0.0193933904297,0,0.0193933904297,0,0,0,
cv_20260827_evt_0007288,cv_20260827_req_0002840,cv_20260827_dev_0001714,2,allow,0.29583453673,0.0930102271251,0,0.112403595329,0,0,0,
cv_20260827_evt_0007290,cv_20260827_req_0002841,cv_20260827_dev_0001714,3,allow,0.845771334034,0.834086215288,0,0.946489424148,1,1,1,high_risk_with_card_diversity
cv_20260827_evt_0007292,cv_20260827_req_0002842,cv_20260827_dev_0001714,4,allow,0.931111324056,0.968667664035,2,1.91515274919,2,2,2,high_risk_with_card_diversity|persistent_high_model_risk
cv_20260827_evt_0007294,cv_20260827_req_0002843,cv_20260827_dev_0001714,5,review,0.966261160376,0.987077221928,2,2.9022255813,3,3,2,persistent_high_model_risk|high_risk_with_card_diversity
cv_20260827_evt_0007296,cv_20260827_req_0002844,cv_20260827_dev_0001714,6,block,0.976466659378,1,3,3.9022156028,4,4,2,persistent_high_model_risk|high_risk_with_card_diversity
cv_20260827_evt_0007298,cv_20260827_req_0002845,cv_20260827_dev_0001714,7,block,0.972140996696,1,3,4.90220665834,5,5,3,persistent_high_model_risk|high_risk_with_card_diversity|high_risk_with_ip_rotation
cv_20260827_evt_0007300,cv_20260827_req_0002846,cv_20260827_dev_0001714,8,block,0.98382962199,1,4,5.90218980345,6,6,3,persistent_high_model_risk|high_risk_with_card_diversity|high_risk_with_ip_rotation
cv_20260827_evt_0007302,cv_20260827_req_0002847,cv_20260827_dev_0001714,9,block,0.986540914314,1,4,6.90218303909,7,7,3,persistent_high_model_risk|high_risk_with_card_diversity|high_risk_with_ip_rotation
cv_20260827_evt_0007304,cv_20260827_req_0002848,cv_20260827_dev_0001714,10,block,0.987641818467,1,3,7.90215139744,8,8,3,persistent_high_model_risk|high_risk_with_card_diversity|high_risk_with_ip_rotation
cv_20260827_evt_0007306,cv_20260827_req_0002849,cv_20260827_dev_0001714,11,block,0.993218358016,1,4,8.90213328452,9,9,3,persistent_high_model_risk|high_risk_with_card_diversity|high_risk_with_ip_rotation
cv_20260827_evt_0007308,cv_20260827_req_0002850,cv_20260827_dev_0001714,12,block,0.994355290911,1,4,9.902123082,10,10,3,persistent_high_model_risk|high_risk_with_card_diversity|high_risk_with_ip_rotation
cv_20260827_evt_0002809,cv_20260827_req_0001024,cv_20260827_dev_0000791,1,allow,0.187677402222,0.0250286633218,0,0.0250286633218,0,0,0,
cv_20260827_evt_0002088,cv_20260827_req_0000759,cv_20260827_dev_0000595,1,allow,0.144396378683,0.0121524148678,0,0.0121524148678,0,0,0,
cv_20260827_evt_0000618,cv_20260827_req_0000226,cv_20260827_dev_0000180,1,allow,0.205458832497,0.0250286633218,0,0.0250286633218,0,0,0,
cv_20260827_evt_0003185,cv_20260827_req_0001160,cv_20260827_dev_0000900,1,allow,0.237327856624,0.028783095908,0,0.028783095908,0,0,0,
cv_20260827_evt_0003538,cv_20260827_req_0001289,cv_20260827_dev_0000998,1,allow,0.229363478792,0.028783095908,0,0.028783095908,0,0,0,
cv_20260827_evt_0000543,cv_20260827_req_0000198,cv_20260827_dev_0000159,1,allow,0.208962688278,0.0259720802764,0,0.0259720802764,0,0,0,
cv_20260827_evt_0006537,cv_20260827_req_0002490,cv_20260827_dev_0001647,1,allow,0.129958897407,0.00820512873941,0,0.00820512873941,0,0,0,
cv_20260827_evt_0006539,cv_20260827_req_0002491,cv_20260827_dev_0001647,2,allow,0.32171168441,0.0930102271251,0,0.0995736455625,0,0,0,stable_retry_risk_reduction
cv_20260827_evt_0006541,cv_20260827_req_0002492,cv_20260827_dev_0001647,3,allow,0.451640154668,0.0930102271251,1,0.172663118318,0,0,0,stable_retry_risk_reduction
cv_20260827_evt_0005302,cv_20260827_req_0002003,cv_20260827_dev_0001348,1,allow,0.0788279532388,0.00548001258357,0,0.00548001258357,0,0,0,
cv_20260827_evt_0005854,cv_20260827_req_0002207,cv_20260827_dev_0001513,1,allow,0.128282302989,0.00820512873941,0,0.00820512873941,0,0,0,
cv_20260827_evt_0001282,cv_20260827_req_0000464,cv_20260827_dev_0000372,2,allow,0.0745642390312,0,0,0.0117623691462,0,0,0,successful_checkout_risk_reduction
cv_20260827_evt_0002756,cv_20260827_req_0001005,cv_20260827_dev_0000776,1,allow,0.221606418324,0.0259720802764,0,0.0259720802764,0,0,0,
cv_20260827_evt_0002082,cv_20260827_req_0000757,cv_20260827_dev_0000593,1,allow,0.235570663702,0.028783095908,0,0.028783095908,0,0,0,
cv_20260827_evt_0002007,cv_20260827_req_0000730,cv_20260827_dev_0000572,1,allow,0.132675426534,0.00820512873941,0,0.00820512873941,0,0,0,
cv_20260827_evt_0001290,cv_20260827_req_0000467,cv_20260827_dev_0000374,1,allow,0.136169010758,0.00820512873941,0,0.00820512873941,0,0,0,
cv_20260827_evt_0008473,cv_20260827_req_0003419,cv_20260827_dev_0001771,1,allow,0.219452971797,0.0259720802764,0,0.0259720802764,0,0,0,
cv_20260827_evt_0008475,cv_20260827_req_0003420,cv_20260827_dev_0001771,2,allow,0.33108930284,0.0930102271251,0,0.118982188338,0,0,1,high_risk_with_card_diversity
cv_20260827_evt_0008477,cv_20260827_req_0003421,cv_20260827_dev_0001771,3,allow,0.827688596248,0.627563763201,0,0.746545406089,1,1,1,high_risk_with_card_diversity
cv_20260827_evt_0008479,cv_20260827_req_0003422,cv_20260827_dev_0001771,4,allow,0.859980018817,0.855151534315,3,1.60169522921,2,2,2,high_risk_with_card_diversity|persistent_high_model_risk
cv_20260827_evt_0008481,cv_20260827_req_0003423,cv_20260827_dev_0001771,5,review,0.98205340112,1,5,2.60168788656,3,3,3,rule_corroborated_review|high_risk_with_card_diversity|high_risk_with_card_switching|persistent_high_model_risk
cv_20260827_evt_0008483,cv_20260827_req_0003424,cv_20260827_dev_0001771,6,block,0.976103942333,1,6,3.60168490483,4,4,4,rule_corroborated_block|high_risk_with_card_diversity|high_risk_with_card_switching|high_risk_with_ip_rotation|persistent_high_model_risk
cv_20260827_evt_0008485,cv_20260827_req_0003425,cv_20260827_dev_0001771,7,block,0.984635423889,1,6,4.60167252143,5,5,4,rule_corroborated_block|high_risk_with_card_diversity|high_risk_with_card_switching|high_risk_with_ip_rotation|persistent_high_model_risk
cv_20260827_evt_0008487,cv_20260827_req_0003426,cv_20260827_dev_0001771,8,block,0.989753911515,1,6,5.601651426,6,6,4,rule_corroborated_block|high_risk_with_card_diversity|high_risk_with_card_switching|high_risk_with_ip_rotation|persistent_high_model_risk
cv_20260827_evt_0008489,cv_20260827_req_0003427,cv_20260827_dev_0001771,9,block,0.992096185376,1,6,6.60164500608,7,7,4,rule_corroborated_block|high_risk_with_card_diversity|high_risk_with_card_switching|high_risk_with_ip_rotation|persistent_high_model_risk
cv_20260827_evt_0008491,cv_20260827_req_0003428,cv_20260827_dev_0001771,10,block,0.993258986811,1,6,7.60162230815,8,8,4,rule_corroborated_block|high_risk_with_card_diversity|high_risk_with_card_switching|high_risk_with_ip_rotation|persistent_high_model_risk
cv_20260827_evt_0008493,cv_20260827_req_0003429,cv_20260827_dev_0001771,11,block,0.988610419173,1,6,8.60158746006,9,9,4,rule_corroborated_block|high_risk_with_card_diversity|high_risk_with_card_switching|high_risk_with_ip_rotation|persistent_high_model_risk
cv_20260827_evt_0011791,cv_20260827_req_0005032,cv_20260827_dev_0001957,1,allow,0.259072045057,0.0930102271251,0,0.0930102271251,0,0,0,
cv_20260827_evt_0002085,cv_20260827_req_0000758,cv_20260827_dev_0000594,1,allow,0.210661996507,0.0259720802764,0,0.0259720802764,0,0,0,
cv_20260827_evt_0011793,cv_20260827_req_0005033,cv_20260827_dev_0001957,2,allow,0.694942089922,0.474791810673,0,0.567724893687,0,0,0,
cv_20260827_evt_0007422,cv_20260827_req_0002906,cv_20260827_dev_0001720,1,allow,0.229326877467,0.028783095908,0,0.028783095908,0,0,0,
cv_20260827_evt_0007424,cv_20260827_req_0002907,cv_20260827_dev_0001720,2,allow,0.512678789137,0.284737559009,0,0.307763930175,0,0,0,stable_retry_risk_reduction
cv_20260827_evt_0007426,cv_20260827_req_0002908,cv_20260827_dev_0001720,3,allow,0.8133262125,0.584793744945,1,0.892556264238,1,1,1,high_risk_with_card_diversity
cv_20260827_evt_0007428,cv_20260827_req_0002909,cv_20260827_dev_0001720,4,allow,0.909183007063,0.920638394369,3,1.81319056687,2,2,2,high_risk_with_card_diversity|high_risk_with_card_switching
cv_20260827_evt_0007430,cv_20260827_req_0002910,cv_20260827_dev_0001720,5,review,0.953998235435,0.978665935245,3,2.79185026795,3,3,3,persistent_high_model_risk|high_risk_with_card_diversity|high_risk_with_card_switching
cv_20260827_evt_0007432,cv_20260827_req_0002911,cv_20260827_dev_0001720,6,review,0.969839919237,0.987077221928,4,3.77892429021,4,4,3,persistent_high_model_risk|high_risk_with_card_diversity|high_risk_with_card_switching
cv_20260827_evt_0011795,cv_20260827_req_0005034,cv_20260827_dev_0001957,3,allow,0.816375283165,0.627563763201,1,1.19508373716,1,1,1,high_risk_with_card_diversity
cv_20260827_evt_0011772,cv_20260827_req_0005023,cv_20260827_dev_0001955,1,allow,0.240982866088,0.028783095908,0,0.028783095908,0,0,0,
cv_20260827_evt_0011774,cv_20260827_req_0005024,cv_20260827_dev_0001955,2,allow,0.565884174737,0.474791810673,0,0.503543618333,0,0,0,
cv_20260827_evt_0003983,cv_20260827_req_0001452,cv_20260827_dev_0001125,1,allow,0.211938905587,0.0259720802764,0,0.0259720802764,0,0,0,
cv_20260827_evt_0004776,cv_20260827_req_0001783,cv_20260827_dev_0001262,1,allow,0.216189274616,0.0259720802764,0,0.0259720802764,0,0,0,
cv_20260827_evt_0004778,cv_20260827_req_0001784,cv_20260827_dev_0001262,2,allow,0.446657945063,0.0930102271251,0,0.11898224787,0,0,0,
cv_20260827_evt_0004780,cv_20260827_req_0001785,cv_20260827_dev_0001262,3,allow,0.779455846671,0.474791810673,1,0.593772967645,0,0,1,high_risk_with_card_diversity
cv_20260827_evt_0000630,cv_20260827_req_0000230,cv_20260827_dev_0000184,1,allow,0.248059621705,0.028783095908,0,0.028783095908,0,0,0,
cv_20260827_evt_0004895,cv_20260827_req_0001835,cv_20260827_dev_0001273,1,allow,0.164805812441,0.0250286633218,0,0.0250286633218,0,0,0,
cv_20260827_evt_0004897,cv_20260827_req_0001836,cv_20260827_dev_0001273,2,allow,0.763587707912,0.474791810673,0,0.499818035908,0,0,0,
cv_20260827_evt_0004899,cv_20260827_req_0001837,cv_20260827_dev_0001273,3,allow,0.883874265504,0.920638394369,1,1.42044096411,1,1,0,
cv_20260827_evt_0003737,cv_20260827_req_0001362,cv_20260827_dev_0001055,1,allow,0.216347383605,0.0259720802764,0,0.0259720802764,0,0,0,
cv_20260827_evt_0000137,cv_20260827_req_0000050,cv_20260827_dev_0000043,1,allow,0.153153484146,0.0193933904297,0,0.0193933904297,0,0,0,
cv_20260827_evt_0005790,cv_20260827_req_0002184,cv_20260827_dev_0001494,1,allow,0.156486322098,0.0193933904297,0,0.0193933904297,0,0,0,
cv_20260827_evt_0005792,cv_20260827_req_0002185,cv_20260827_dev_0001494,2,allow,0.363758371679,0.0930102271251,0,0.108524334925,0,0,0,stable_retry_risk_reduction
cv_20260827_evt_0003211,cv_20260827_req_0001169,cv_20260827_dev_0000906,1,allow,0.241134409896,0.028783095908,0,0.028783095908,0,0,0,
cv_20260827_evt_0001548,cv_20260827_req_0000562,cv_20260827_dev_0000443,1,allow,0.252528284022,0.0690182853703,0,0.0690182853703,0,0,0,
cv_20260827_evt_0001028,cv_20260827_req_0000373,cv_20260827_dev_0000298,2,allow,0.129963934832,0.00820512873941,0,0.0225446526513,0,0,0,successful_checkout_risk_reduction
cv_20260827_evt_0008634,cv_20260827_req_0003498,cv_20260827_dev_0001778,1,allow,0.251552317161,0.028783095908,0,0.028783095908,0,0,0,
cv_20260827_evt_0008636,cv_20260827_req_0003499,cv_20260827_dev_0001778,2,allow,0.210835652133,0.0259720802764,0,0.0547551102091,0,0,0,
cv_20260827_evt_0008638,cv_20260827_req_0003500,cv_20260827_dev_0001778,3,allow,0.727891001625,0.474791810673,0,0.518595798435,0,0,0,stable_retry_risk_reduction
cv_20260827_evt_0008640,cv_20260827_req_0003501,cv_20260827_dev_0001778,4,allow,0.90385937459,0.920638394369,3,1.33551455764,1,1,0,stable_retry_risk_reduction
cv_20260827_evt_0008642,cv_20260827_req_0003502,cv_20260827_dev_0001778,5,allow,0.945807086711,0.978665935245,3,2.31417743168,2,2,3,high_risk_with_card_diversity|high_risk_with_ip_rotation|persistent_high_model_risk
cv_20260827_evt_0008644,cv_20260827_req_0003503,cv_20260827_dev_0001778,6,review,0.97156219042,1,4,3.31416682281,3,3,4,persistent_high_model_risk|high_risk_with_card_diversity|high_risk_with_card_switching|high_risk_with_ip_rotation
cv_20260827_evt_0008646,cv_20260827_req_0003504,cv_20260827_dev_0001778,7,block,0.984274089758,1,5,4.31415922624,4,4,4,persistent_high_model_risk|high_risk_with_card_diversity|high_risk_with_card_switching|high_risk_with_ip_rotation
cv_20260827_evt_0002577,cv_20260827_req_0000939,cv_20260827_dev_0000731,1,allow,0.148984111791,0.0193933904297,0,0.0193933904297,0,0,0,
cv_20260827_evt_0002368,cv_20260827_req_0000861,cv_20260827_dev_0000670,2,allow,0.502140183649,0.284737559009,0,0.308348890206,0,0,1,high_risk_with_ip_rotation
cv_20260827_evt_0005777,cv_20260827_req_0002179,cv_20260827_dev_0001490,1,allow,0.139391611838,0.0116357732377,0,0.0116357732377,0,0,0,
cv_20260827_evt_0004970,cv_20260827_req_0001869,cv_20260827_dev_0001281,1,allow,0.208398292413,0.0259720802764,0,0.0259720802764,0,0,0,
cv_20260827_evt_0004972,cv_20260827_req_0001870,cv_20260827_dev_0001281,2,allow,0.41860950576,0.0930102271251,0,0.118981652558,0,0,0,
cv_20260827_evt_0004974,cv_20260827_req_0001871,cv_20260827_dev_0001281,3,allow,0.744843193407,0.474791810673,1,0.593770326944,0,0,0,
cv_20260827_evt_0005283,cv_20260827_req_0001996,cv_20260827_dev_0001344,1,allow,0.108739806874,0.00548001258357,0,0.00548001258357,0,0,0,
cv_20260827_evt_0011915,cv_20260827_req_0005092,cv_20260827_dev_0001965,3,allow,0.749713428389,0.474791810673,1,0.91045096095,1,0,1,high_risk_with_ip_rotation
cv_20260827_evt_0002640,cv_20260827_req_0000963,cv_20260827_dev_0000745,1,allow,0.2311619678,0.028783095908,0,0.028783095908,0,0,0,
cv_20260827_evt_0011917,cv_20260827_req_0005093,cv_20260827_dev_0001965,4,allow,0.889726608882,0.920638394369,0,1.83010904364,2,1,2,high_risk_with_card_diversity|cross_session_card_diversity
cv_20260827_evt_0008168,cv_20260827_req_0003271,cv_20260827_dev_0001758,1,allow,0.229693075336,0.028783095908,0,0.028783095908,0,0,0,
cv_20260827_evt_0008170,cv_20260827_req_0003272,cv_20260827_dev_0001758,2,allow,0.489253945709,0.284737559009,0,0.313520358029,0,0,1,high_risk_with_card_diversity
cv_20260827_evt_0008172,cv_20260827_req_0003273,cv_20260827_dev_0001758,3,allow,0.871585424781,0.920638394369,3,1.23415372198,1,1,2,high_risk_with_card_diversity|high_risk_with_card_switching
cv_20260827_evt_0008174,cv_20260827_req_0003274,cv_20260827_dev_0001758,4,allow,0.933919992428,0.968667664035,4,2.20279026884,2,2,3,high_risk_with_card_diversity|high_risk_with_card_switching|persistent_high_model_risk
cv_20260827_evt_0008176,cv_20260827_req_0003275,cv_20260827_dev_0001758,5,review,0.954835804461,0.978665935245,4,3.18142086044,3,3,3,persistent_high_model_risk|high_risk_with_card_diversity|high_risk_with_card_switching
cv_20260827_evt_0008178,cv_20260827_req_0003276,cv_20260827_dev_0001758,6,block,0.976111937851,1,5,4.18133700004,4,4,3,persistent_high_model_risk|high_risk_with_card_diversity|high_risk_with_card_switching
cv_20260827_evt_0008180,cv_20260827_req_0003277,cv_20260827_dev_0001758,7,block,0.967998786161,0.987077221928,5,5.16831838041,5,5,4,persistent_high_model_risk|high_risk_with_card_diversity|high_risk_with_card_switching|high_risk_with_ip_rotation
cv_20260827_evt_0008182,cv_20260827_req_0003278,cv_20260827_dev_0001758,8,block,0.971654632765,1,5,6.16825322464,6,6,4,persistent_high_model_risk|high_risk_with_card_diversity|high_risk_with_card_switching|high_risk_with_ip_rotation
cv_20260827_evt_0000288,cv_20260827_req_0000105,cv_20260827_dev_0000083,1,allow,0.143147258255,0.0116357732377,0,0.0116357732377,0,0,0,
cv_20260827_evt_0009488,cv_20260827_req_0003914,cv_20260827_dev_0001818,1,allow,0.257445606716,0.0831159150205,0,0.0831159150205,0,0,0,
cv_20260827_evt_0009490,cv_20260827_req_0003915,cv_20260827_dev_0001818,2,allow,0.375716582551,0.0930102271251,0,0.176124903811,0,0,1,high_risk_with_card_diversity
cv_20260827_evt_0009492,cv_20260827_req_0003916,cv_20260827_dev_0001818,3,allow,0.883814963969,0.920638394369,2,1.09676127967,1,1,2,high_risk_with_card_diversity|high_risk_with_card_switching
cv_20260827_evt_0009494,cv_20260827_req_0003917,cv_20260827_dev_0001818,4,allow,0.944323571163,0.968667664035,4,2.06541888797,2,2,3,high_risk_with_card_diversity|high_risk_with_card_switching|persistent_high_model_risk
cv_20260827_evt_0009496,cv_20260827_req_0003918,cv_20260827_dev_0001818,5,review,0.961916755491,0.987077221928,4,3.05246060327,3,3,3,persistent_high_model_risk|high_risk_with_card_diversity|high_risk_with_card_switching
cv_20260827_evt_0009498,cv_20260827_req_0003919,cv_20260827_dev_0001818,6,block,0.976659355918,1,5,4.05242911825,4,4,4,persistent_high_model_risk|high_risk_with_card_diversity|high_risk_with_card_switching|high_risk_with_ip_rotation
cv_20260827_evt_0009500,cv_20260827_req_0003920,cv_20260827_dev_0001818,7,block,0.973291889834,1,5,5.05234087571,5,5,4,persistent_high_model_risk|high_risk_with_card_diversity|high_risk_with_card_switching|high_risk_with_ip_rotation
cv_20260827_evt_0009502,cv_20260827_req_0003921,cv_20260827_dev_0001818,8,block,0.990774961261,1,5,6.05228297234,6,6,4,persistent_high_model_risk|high_risk_with_card_diversity|high_risk_with_card_switching|high_risk_with_ip_rotation
cv_20260827_evt_0009504,cv_20260827_req_0003922,cv_20260827_dev_0001818,9,block,0.984788449669,1,5,7.05215118255,7,7,4,persistent_high_model_risk|high_risk_with_card_diversity|high_risk_with_card_switching|high_risk_with_ip_rotation
cv_20260827_evt_0009506,cv_20260827_req_0003923,cv_20260827_dev_0001818,10,block,0.988474215904,1,5,8.0520865244,8,8,4,persistent_high_model_risk|high_risk_with_card_diversity|high_risk_with_card_switching|high_risk_with_ip_rotation
cv_20260827_evt_0004094,cv_20260827_req_0001494,cv_20260827_dev_0001158,1,allow,0.170956665787,0.0250286633218,0,0.0250286633218,0,0,0,
cv_20260827_evt_0000452,cv_20260827_req_0000166,cv_20260827_dev_0000133,1,allow,0.204884733355,0.0250286633218,0,0.0250286633218,0,0,0,
cv_20260827_evt_0000245,cv_20260827_req_0000090,cv_20260827_dev_0000071,1,allow,0.203975378067,0.0250286633218,0,0.0250286633218,0,0,0,
cv_20260827_evt_0008230,cv_20260827_req_0003301,cv_20260827_dev_0001761,1,allow,0.166724479299,0.0250286633218,0,0.0250286633218,0,0,0,
cv_20260827_evt_0008232,cv_20260827_req_0003302,cv_20260827_dev_0001761,2,allow,0.774090484871,0.474791810673,0,0.49981992899,0,0,0,
cv_20260827_evt_0008234,cv_20260827_req_0003303,cv_20260827_dev_0001761,3,allow,0.847464922674,0.834086215288,2,1.33389526059,1,1,1,high_risk_with_card_diversity
cv_20260827_evt_0008236,cv_20260827_req_0003304,cv_20260827_dev_0001761,4,allow,0.851860520169,0.834086215288,3,2.16795548744,2,2,3,high_risk_with_card_diversity|high_risk_with_card_switching|persistent_high_model_risk
cv_20260827_evt_0008238,cv_20260827_req_0003305,cv_20260827_dev_0001761,5,review,0.942003589059,0.968667664035,3,3.13659830519,3,3,4,persistent_high_model_risk|high_risk_with_card_diversity|high_risk_with_card_switching|high_risk_with_ip_rotation
cv_20260827_evt_0008240,cv_20260827_req_0003306,cv_20260827_dev_0001761,6,block,0.971613839326,1,5,4.13652281567,4,4,4,persistent_high_model_risk|high_risk_with_card_diversity|high_risk_with_card_switching|high_risk_with_ip_rotation
cv_20260827_evt_0008242,cv_20260827_req_0003307,cv_20260827_dev_0001761,7,block,0.97988276375,1,5,5.13648488967,5,5,4,persistent_high_model_risk|high_risk_with_card_diversity|high_risk_with_card_switching|high_risk_with_ip_rotation
cv_20260827_evt_0008244,cv_20260827_req_0003308,cv_20260827_dev_0001761,8,block,0.975115092936,1,5,6.13638481495,6,6,4,persistent_high_model_risk|high_risk_with_card_diversity|high_risk_with_card_switching|high_risk_with_ip_rotation
cv_20260827_evt_0008246,cv_20260827_req_0003309,cv_20260827_dev_0001761,9,block,0.981220552454,1,5,7.13629338965,7,7,4,persistent_high_model_risk|high_risk_with_card_diversity|high_risk_with_card_switching|high_risk_with_ip_rotation
cv_20260827_evt_0008248,cv_20260827_req_0003310,cv_20260827_dev_0001761,10,block,0.970642715931,1,5,8.13612981673,8,8,4,persistent_high_model_risk|high_risk_with_card_diversity|high_risk_with_card_switching|high_risk_with_ip_rotation
cv_20260827_evt_0000604,cv_20260827_req_0000221,cv_20260827_dev_0000176,1,allow,0.255038161044,0.0690182853703,0,0.0690182853703,0,0,0,
cv_20260827_evt_0006154,cv_20260827_req_0002319,cv_20260827_dev_0001600,1,allow,0.126956739299,0.00820512873941,0,0.00820512873941,0,0,0,
cv_20260827_evt_0001836,cv_20260827_req_0000667,cv_20260827_dev_0000524,1,allow,0.210644935458,0.0259720802764,0,0.0259720802764,0,0,0,
cv_20260827_evt_0004310,cv_20260827_req_0001576,cv_20260827_dev_0001208,1,allow,0.139802125584,0.0116357732377,0,0.0116357732377,0,0,0,
cv_20260827_evt_0004312,cv_20260827_req_0001577,cv_20260827_dev_0001208,2,allow,0.363638297611,0.0930102271251,0,0.104645240265,0,0,0,
cv_20260827_evt_0004314,cv_20260827_req_0001578,cv_20260827_dev_0001208,3,allow,0.791261837899,0.559667304185,1,0.664301271499,1,1,1,high_risk_with_card_diversity
cv_20260827_evt_0003936,cv_20260827_req_0001435,cv_20260827_dev_0001111,1,allow,0.22662977121,0.028783095908,0,0.028783095908,0,0,0,
cv_20260827_evt_0003442,cv_20260827_req_0001254,cv_20260827_dev_0000970,1,allow,0.126341357051,0.00820512873941,0,0.00820512873941,0,0,0,
cv_20260827_evt_0011737,cv_20260827_req_0005007,cv_20260827_dev_0001952,3,allow,0.715314656865,0.474791810673,0,0.849233965584,0,0,1,high_risk_with_ip_rotation
cv_20260827_evt_0005631,cv_20260827_req_0002123,cv_20260827_dev_0001447,1,allow,0.131737083629,0.00820512873941,0,0.00820512873941,0,0,0,
cv_20260827_evt_0011739,cv_20260827_req_0005008,cv_20260827_dev_0001952,4,allow,0.819256839673,0.627563763201,0,1.47606029741,1,1,0,
cv_20260827_evt_0011456,cv_20260827_req_0004869,cv_20260827_dev_0001930,6,review,0.837680079182,0.690081906596,2,2.99769613988,3,3,4,persistent_high_model_risk|high_risk_with_card_diversity|cross_session_card_diversity|high_risk_with_ip_rotation
cv_20260827_evt_0003268,cv_20260827_req_0001190,cv_20260827_dev_0000921,1,allow,0.243567944365,0.028783095908,0,0.028783095908,0,0,0,
cv_20260827_evt_0003270,cv_20260827_req_0001191,cv_20260827_dev_0000921,2,allow,0.429595065402,0.0930102271251,0,0.121792663288,0,0,1,high_risk_with_card_diversity
cv_20260827_evt_0000294,cv_20260827_req_0000107,cv_20260827_dev_0000084,2,allow,0.108339188082,0.00548001258357,0,0.0157084288781,0,0,2,successful_checkout_risk_reduction|high_risk_with_card_diversity|cross_session_card_diversity
cv_20260827_evt_0011458,cv_20260827_req_0004870,cv_20260827_dev_0001930,7,block,0.964155057988,0.987077221928,3,3.98154221458,4,4,3,persistent_high_model_risk|high_risk_with_card_diversity|cross_session_card_diversity
cv_20260827_evt_0011460,cv_20260827_req_0004871,cv_20260827_dev_0001930,8,block,0.981191974261,1,3,4.97880070408,5,5,3,persistent_high_model_risk|high_risk_with_card_diversity|cross_session_card_diversity
cv_20260827_evt_0004795,cv_20260827_req_0001792,cv_20260827_dev_0001264,4,allow,0.70894424397,0.474791810673,0,0.964238282397,0,0,2,high_risk_with_card_diversity|cross_session_card_diversity
cv_20260827_evt_0004797,cv_20260827_req_0001793,cv_20260827_dev_0001264,5,allow,0.852250240358,0.834086215288,0,1.79823277949,1,1,2,high_risk_with_card_diversity|cross_session_card_diversity
cv_20260827_evt_0004799,cv_20260827_req_0001794,cv_20260827_dev_0001264,6,allow,0.872342134762,0.920638394369,1,2.71881140839,2,2,3,high_risk_with_card_diversity|cross_session_card_diversity|persistent_high_model_risk
cv_20260827_evt_0000981,cv_20260827_req_0000356,cv_20260827_dev_0000285,1,allow,0.210817150396,0.0259720802764,0,0.0259720802764,0,0,0,
cv_20260827_evt_0002588,cv_20260827_req_0000943,cv_20260827_dev_0000733,1,allow,0.203236643943,0.0250286633218,0,0.0250286633218,0,0,0,
cv_20260827_evt_0003986,cv_20260827_req_0001453,cv_20260827_dev_0001126,1,allow,0.149668053019,0.0193933904297,0,0.0193933904297,0,0,0,
cv_20260827_evt_0000380,cv_20260827_req_0000139,cv_20260827_dev_0000110,1,allow,0.151123375528,0.0193933904297,0,0.0193933904297,0,0,0,
cv_20260827_evt_0000636,cv_20260827_req_0000232,cv_20260827_dev_0000186,1,allow,0.152295991867,0.0193933904297,0,0.0193933904297,0,0,0,
cv_20260827_evt_0007331,cv_20260827_req_0002861,cv_20260827_dev_0001716,1,allow,0.217666723796,0.0259720802764,0,0.0259720802764,0,0,0,
cv_20260827_evt_0007333,cv_20260827_req_0002862,cv_20260827_dev_0001716,2,allow,0.522590247334,0.304785409055,0,0.330757400034,0,0,0,
cv_20260827_evt_0007335,cv_20260827_req_0002863,cv_20260827_dev_0001716,3,allow,0.60628355374,0.474791810673,0,0.805548831634,0,0,1,high_risk_with_card_diversity
cv_20260827_evt_0007337,cv_20260827_req_0002864,cv_20260827_dev_0001716,4,allow,0.93259115986,0.968667664035,3,1.77421464923,1,1,2,high_risk_with_card_diversity|high_risk_with_card_switching
cv_20260827_evt_0007339,cv_20260827_req_0002865,cv_20260827_dev_0001716,5,allow,0.952105783693,0.978665935245,4,2.75287245095,2,2,4,high_risk_with_card_diversity|high_risk_with_card_switching|high_risk_with_ip_rotation|persistent_high_model_risk
cv_20260827_evt_0007341,cv_20260827_req_0002866,cv_20260827_dev_0001716,6,review,0.96053575227,0.985059363525,4,3.73792865947,3,3,4,persistent_high_model_risk|high_risk_with_card_diversity|high_risk_with_card_switching|high_risk_with_ip_rotation
cv_20260827_evt_0007343,cv_20260827_req_0002867,cv_20260827_dev_0001716,7,block,0.989701831293,1,5,4.73792009158,4,4,4,persistent_high_model_risk|high_risk_with_card_diversity|high_risk_with_card_switching|high_risk_with_ip_rotation
cv_20260827_evt_0007345,cv_20260827_req_0002868,cv_20260827_dev_0001716,8,block,0.977496970112,1,5,5.73789837155,5,5,4,persistent_high_model_risk|high_risk_with_card_diversity|high_risk_with_card_switching|high_risk_with_ip_rotation
cv_20260827_evt_0007347,cv_20260827_req_0002869,cv_20260827_dev_0001716,9,block,0.975855791391,1,5,6.73787864337,6,6,4,persistent_high_model_risk|high_risk_with_card_diversity|high_risk_with_card_switching|high_risk_with_ip_rotation
cv_20260827_evt_0007349,cv_20260827_req_0002870,cv_20260827_dev_0001716,10,block,0.9930617907,1,5,7.73784775493,7,7,4,persistent_high_model_risk|high_risk_with_card_diversity|high_risk_with_card_switching|high_risk_with_ip_rotation
cv_20260827_evt_0007351,cv_20260827_req_0002871,cv_20260827_dev_0001716,11,block,0.990531920037,1,5,8.73781228235,8,8,4,persistent_high_model_risk|high_risk_with_card_diversity|high_risk_with_card_switching|high_risk_with_ip_rotation
cv_20260827_evt_0001352,cv_20260827_req_0000490,cv_20260827_dev_0000395,1,allow,0.23263741694,0.028783095908,0,0.028783095908,0,0,0,
cv_20260827_evt_0003113,cv_20260827_req_0001134,cv_20260827_dev_0000881,1,allow,0.162147641874,0.0250286633218,0,0.0250286633218,0,0,0,
cv_20260827_evt_0003939,cv_20260827_req_0001436,cv_20260827_dev_0001112,1,allow,0.162425407831,0.0250286633218,0,0.0250286633218,0,0,0,
cv_20260827_evt_0001685,cv_20260827_req_0000611,cv_20260827_dev_0000482,1,allow,0.189562963396,0.0250286633218,0,0.0250286633218,0,0,0,
cv_20260827_evt_0011838,cv_20260827_req_0005055,cv_20260827_dev_0001959,8,block,0.898387737868,0.920638394369,2,4.31732848551,5,4,4,persistent_high_model_risk|high_risk_with_card_diversity|cross_session_card_diversity|high_risk_with_ip_rotation
cv_20260827_evt_0011840,cv_20260827_req_0005056,cv_20260827_dev_0001959,9,block,0.917510004083,0.920638394369,2,5.23672511312,6,5,4,persistent_high_model_risk|high_risk_with_card_diversity|cross_session_card_diversity|high_risk_with_ip_rotation
cv_20260827_evt_0009524,cv_20260827_req_0003932,cv_20260827_dev_0001819,1,allow,0.187393428945,0.0250286633218,0,0.0250286633218,0,0,0,
cv_20260827_evt_0009526,cv_20260827_req_0003933,cv_20260827_dev_0001819,2,allow,0.541850101,0.474791810673,0,0.499820359256,0,0,1,high_risk_with_card_diversity
cv_20260827_evt_0009528,cv_20260827_req_0003934,cv_20260827_dev_0001819,3,allow,0.521102070695,0.304785409055,0,0.804605195479,0,0,1,high_risk_with_card_diversity
cv_20260827_evt_0009530,cv_20260827_req_0003935,cv_20260827_dev_0001819,4,allow,0.911587144821,0.920638394369,3,1.72524266771,1,1,1,high_risk_with_card_diversity
cv_20260827_evt_0009532,cv_20260827_req_0003936,cv_20260827_dev_0001819,5,allow,0.938015235509,0.968667664035,3,2.69390637723,2,2,3,high_risk_with_card_diversity|high_risk_with_ip_rotation|persistent_high_model_risk
cv_20260827_evt_0009534,cv_20260827_req_0003937,cv_20260827_dev_0001819,6,review,0.983648772269,1,5,3.69389402756,3,3,4,rule_corroborated_review|high_risk_with_card_diversity|high_risk_with_card_switching|high_risk_with_ip_rotation|persistent_high_model_risk
cv_20260827_evt_0009536,cv_20260827_req_0003938,cv_20260827_dev_0001819,7,block,0.992578242792,1,5,4.69388979408,4,4,4,persistent_high_model_risk|high_risk_with_card_diversity|high_risk_with_card_switching|high_risk_with_ip_rotation
cv_20260827_evt_0009538,cv_20260827_req_0003939,cv_20260827_dev_0001819,8,block,0.994268427121,1,5,5.69387903498,5,5,4,persistent_high_model_risk|high_risk_with_card_diversity|high_risk_with_card_switching|high_risk_with_ip_rotation
cv_20260827_evt_0009540,cv_20260827_req_0003940,cv_20260827_dev_0001819,9,block,0.995775362041,1,5,6.69385945814,6,6,4,persistent_high_model_risk|high_risk_with_card_diversity|high_risk_with_card_switching|high_risk_with_ip_rotation
cv_20260827_evt_0000997,cv_20260827_req_0000362,cv_20260827_dev_0000291,1,allow,0.153556793182,0.0193933904297,0,0.0193933904297,0,0,0,
cv_20260827_evt_0006394,cv_20260827_req_0002424,cv_20260827_dev_0001628,1,allow,0.154393053163,0.0193933904297,0,0.0193933904297,0,0,0,
cv_20260827_evt_0006396,cv_20260827_req_0002425,cv_20260827_dev_0001628,2,allow,0.370960169762,0.0930102271251,0,0.112401950653,0,0,1,high_risk_with_card_diversity
cv_20260827_evt_0006398,cv_20260827_req_0002426,cv_20260827_dev_0001628,3,allow,0.586998996995,0.474791810673,2,0.587182039203,0,0,2,high_risk_with_card_diversity|high_risk_with_card_switching
cv_20260827_evt_0011942,cv_20260827_req_0005105,cv_20260827_dev_0001967,3,allow,0.414599560759,0.0930102271251,0,0.944871806384,1,0,0,
cv_20260827_evt_0011944,cv_20260827_req_0005106,cv_20260827_dev_0001967,4,allow,0.859743906489,0.855151534315,0,1.79932080279,2,1,1,persistent_high_model_risk
cv_20260827_evt_0011946,cv_20260827_req_0005107,cv_20260827_dev_0001967,5,review,0.954649176219,0.978665935245,0,2.77585366819,3,2,3,persistent_high_model_risk|high_risk_with_card_diversity|cross_session_card_diversity
cv_20260827_evt_0011719,cv_20260827_req_0004998,cv_20260827_dev_0001950,3,allow,0.62770071605,0.474791810673,0,0.888081898018,0,0,2,high_risk_with_card_diversity|cross_session_card_diversity
cv_20260827_evt_0011721,cv_20260827_req_0004999,cv_20260827_dev_0001950,4,allow,0.880108430455,0.920638394369,1,1.80802946825,1,1,2,high_risk_with_card_diversity|cross_session_card_diversity
cv_20260827_evt_0011723,cv_20260827_req_0005000,cv_20260827_dev_0001950,5,allow,0.976023793922,1,3,2.80611375399,2,2,4,high_risk_with_card_diversity|high_risk_with_card_switching|cross_session_card_diversity|persistent_high_model_risk
cv_20260827_evt_0003651,cv_20260827_req_0001330,cv_20260827_dev_0001029,2,allow,0.50152774632,0.284737559009,0,0.306121233855,0,0,1,high_risk_with_ip_rotation
cv_20260827_evt_0003382,cv_20260827_req_0001231,cv_20260827_dev_0000953,2,allow,0.0986032741111,0.00548001258357,0,0.0172423817298,0,0,1,successful_checkout_risk_reduction|high_risk_with_ip_rotation
cv_20260827_evt_0003214,cv_20260827_req_0001170,cv_20260827_dev_0000906,2,allow,0.214939797571,0.0259720802764,0,0.0403106510367,0,0,1,successful_checkout_risk_reduction|high_risk_with_ip_rotation
cv_20260827_evt_0006863,cv_20260827_req_0002636,cv_20260827_dev_0001686,4,allow,0.0464951999653,0,0,0.0698552322816,0,0,0,successful_checkout_risk_reduction
cv_20260827_evt_0006865,cv_20260827_req_0002637,cv_20260827_dev_0001686,5,allow,0.163179954887,0.0250286633218,0,0.0948760502175,0,0,2,high_risk_with_card_diversity|cross_session_card_diversity
cv_20260827_evt_0006867,cv_20260827_req_0002638,cv_20260827_dev_0001686,6,allow,0.356984631863,0.0930102271251,2,0.187883776465,0,0,3,high_risk_with_card_diversity|high_risk_with_card_switching|cross_session_card_diversity
cv_20260827_evt_0009433,cv_20260827_req_0003887,cv_20260827_dev_0001816,13,block,0.768027324702,0.474791810673,1,8.16842224682,10,0,4,persistent_high_model_risk|high_risk_with_card_diversity|cross_session_card_diversity|high_risk_with_ip_rotation
cv_20260827_evt_0009435,cv_20260827_req_0003888,cv_20260827_dev_0001816,14,block,0.737117328464,0.474791810673,1,8.64320469586,10,0,4,persistent_high_model_risk|high_risk_with_card_diversity|cross_session_card_diversity|high_risk_with_ip_rotation
cv_20260827_evt_0009437,cv_20260827_req_0003889,cv_20260827_dev_0001816,15,block,0.791778151886,0.559667304185,1,9.20286209428,11,1,4,persistent_high_model_risk|high_risk_with_card_diversity|cross_session_card_diversity|high_risk_with_ip_rotation
cv_20260827_evt_0009439,cv_20260827_req_0003890,cv_20260827_dev_0001816,16,block,0.904308564235,0.920638394369,3,10.1234793943,12,2,4,persistent_high_model_risk|high_risk_with_card_diversity|cross_session_card_diversity|high_risk_with_ip_rotation
cv_20260827_evt_0009441,cv_20260827_req_0003891,cv_20260827_dev_0001816,17,block,0.866068241193,0.888720283257,3,11.0121648708,13,3,3,persistent_high_model_risk|high_risk_with_card_diversity|cross_session_card_diversity
cv_20260827_evt_0009443,cv_20260827_req_0003892,cv_20260827_dev_0001816,18,block,0.90171324505,0.920638394369,3,11.9327654028,14,4,3,persistent_high_model_risk|high_risk_with_card_diversity|cross_session_card_diversity
cv_20260827_evt_0011919,cv_20260827_req_0005094,cv_20260827_dev_0001965,5,review,0.848441775799,0.834086215288,3,2.49395381592,3,2,4,persistent_high_model_risk|high_risk_with_card_diversity|cross_session_card_diversity|high_risk_with_ip_rotation
cv_20260827_evt_0011921,cv_20260827_req_0005095,cv_20260827_dev_0001965,6,review,0.969357790871,0.987077221928,5,3.48035372167,4,3,5,rule_corroborated_review|high_risk_with_card_diversity|high_risk_with_card_switching|cross_session_card_diversity|high_risk_with_ip_rotation|persistent_high_model_risk
cv_20260827_evt_0011923,cv_20260827_req_0005096,cv_20260827_dev_0001965,7,block,0.987097969959,1,6,4.47953612351,5,4,5,rule_corroborated_block|high_risk_with_card_diversity|high_risk_with_card_switching|cross_session_card_diversity|high_risk_with_ip_rotation|persistent_high_model_risk
cv_20260827_evt_0011180,cv_20260827_req_0004736,cv_20260827_dev_0001913,3,allow,0.583913431796,0.474791810673,0,0.886075327251,0,0,1,high_risk_with_ip_rotation
cv_20260827_evt_0009508,cv_20260827_req_0003924,cv_20260827_dev_0001818,11,block,0.960874329431,0.987077221928,1,8.28091184853,9,9,4,persistent_high_model_risk|high_risk_with_card_diversity|cross_session_card_diversity|high_risk_with_ip_rotation
cv_20260827_evt_0009510,cv_20260827_req_0003925,cv_20260827_dev_0001818,12,block,0.96504806476,0.987077221928,2,9.2678277325,10,10,4,persistent_high_model_risk|high_risk_with_card_diversity|cross_session_card_diversity|high_risk_with_ip_rotation
cv_20260827_evt_0009512,cv_20260827_req_0003926,cv_20260827_dev_0001818,13,block,0.982823584841,1,1,10.2675940593,11,11,4,persistent_high_model_risk|high_risk_with_card_diversity|cross_session_card_diversity|high_risk_with_ip_rotation
cv_20260827_evt_0009514,cv_20260827_req_0003927,cv_20260827_dev_0001818,14,block,0.894464390313,0.920638394369,2,11.1880441762,12,12,4,persistent_high_model_risk|high_risk_with_card_diversity|cross_session_card_diversity|high_risk_with_ip_rotation
cv_20260827_evt_0009516,cv_20260827_req_0003928,cv_20260827_dev_0001818,15,block,0.843003506089,0.756035578145,2,11.9439258872,13,13,4,persistent_high_model_risk|high_risk_with_card_diversity|cross_session_card_diversity|high_risk_with_ip_rotation
cv_20260827_evt_0009518,cv_20260827_req_0003929,cv_20260827_dev_0001818,16,block,0.911771899779,0.920638394369,2,12.8642768232,14,14,4,persistent_high_model_risk|high_risk_with_card_diversity|cross_session_card_diversity|high_risk_with_ip_rotation
cv_20260827_evt_0009520,cv_20260827_req_0003930,cv_20260827_dev_0001818,17,block,0.862623028099,0.855151534315,2,13.7191924645,15,15,4,persistent_high_model_risk|high_risk_with_card_diversity|cross_session_card_diversity|high_risk_with_ip_rotation
cv_20260827_evt_0009522,cv_20260827_req_0003931,cv_20260827_dev_0001818,18,block,0.895220009215,0.920638394369,2,14.6397050735,16,16,4,persistent_high_model_risk|high_risk_with_card_diversity|cross_session_card_diversity|high_risk_with_ip_rotation
cv_20260827_evt_0011182,cv_20260827_req_0004737,cv_20260827_dev_0001913,4,allow,0.879768008724,0.920638394369,0,1.80614014404,1,1,0,
cv_20260827_evt_0011184,cv_20260827_req_0004738,cv_20260827_dev_0001913,5,allow,0.973337059955,1,0,2.80438979378,2,2,1,persistent_high_model_risk
cv_20260827_evt_0010477,cv_20260827_req_0004394,cv_20260827_dev_0001873,8,block,0.8013039822,0.559667304185,0,4.53724855178,5,5,4,persistent_high_model_risk|high_risk_with_card_diversity|cross_session_card_diversity|high_risk_with_ip_rotation
cv_20260827_evt_0010479,cv_20260827_req_0004395,cv_20260827_dev_0001873,9,block,0.901331410729,0.920638394369,0,5.45714860129,6,6,4,persistent_high_model_risk|high_risk_with_card_diversity|cross_session_card_diversity|high_risk_with_ip_rotation
cv_20260827_evt_0010481,cv_20260827_req_0004396,cv_20260827_dev_0001873,10,block,0.928527568761,0.968667664035,0,6.42517836291,7,7,4,persistent_high_model_risk|high_risk_with_card_diversity|cross_session_card_diversity|high_risk_with_ip_rotation
cv_20260827_evt_0010483,cv_20260827_req_0004397,cv_20260827_dev_0001873,11,block,0.921071716203,0.920638394369,0,7.34521295838,8,8,4,persistent_high_model_risk|high_risk_with_card_diversity|cross_session_card_diversity|high_risk_with_ip_rotation
cv_20260827_evt_0010485,cv_20260827_req_0004398,cv_20260827_dev_0001873,12,block,0.938620553469,0.968667664035,0,8.31264325458,9,9,4,persistent_high_model_risk|high_risk_with_card_diversity|cross_session_card_diversity|high_risk_with_ip_rotation
cv_20260827_evt_0010487,cv_20260827_req_0004399,cv_20260827_dev_0001873,13,block,0.851873298381,0.834086215288,0,9.14576730597,10,10,3,persistent_high_model_risk|high_risk_with_card_diversity|cross_session_card_diversity
cv_20260827_evt_0010489,cv_20260827_req_0004400,cv_20260827_dev_0001873,14,block,0.905089345655,0.920638394369,0,10.0655776795,11,11,3,persistent_high_model_risk|high_risk_with_card_diversity|cross_session_card_diversity
cv_20260827_evt_0010491,cv_20260827_req_0004401,cv_20260827_dev_0001873,15,block,0.953008560371,0.978665935245,0,11.0421904297,12,12,3,persistent_high_model_risk|high_risk_with_card_diversity|cross_session_card_diversity
cv_20260827_evt_0011741,cv_20260827_req_0005009,cv_20260827_dev_0001952,5,allow,0.879588570369,0.920638394369,2,2.25766524901,2,2,4,high_risk_with_card_diversity|cross_session_card_diversity|high_risk_with_ip_rotation|persistent_high_model_risk
cv_20260827_evt_0000099,cv_20260827_req_0000036,cv_20260827_dev_0000032,2,allow,0.0895530087231,0.00548001258357,0,0.0157094253433,0,0,0,successful_checkout_risk_reduction
cv_20260827_evt_0011743,cv_20260827_req_0005010,cv_20260827_dev_0001952,6,review,0.984727960766,1,3,3.25503792213,3,3,2,persistent_high_model_risk|high_risk_with_card_diversity
cv_20260827_evt_0011642,cv_20260827_req_0004961,cv_20260827_dev_0001943,7,block,0.890245003359,0.920638394369,2,3.73397017585,5,5,3,persistent_high_model_risk|high_risk_with_card_diversity|cross_session_card_diversity
cv_20260827_evt_0011644,cv_20260827_req_0004962,cv_20260827_dev_0001943,8,block,0.974339376402,1,2,4.72930852456,6,6,3,persistent_high_model_risk|high_risk_with_card_diversity|cross_session_card_diversity
cv_20260827_evt_0011846,cv_20260827_req_0005059,cv_20260827_dev_0001960,3,allow,0.638496496592,0.474791810673,1,0.881927693408,0,0,1,high_risk_with_ip_rotation
cv_20260827_evt_0011848,cv_20260827_req_0005060,cv_20260827_dev_0001960,4,allow,0.910608462898,0.920638394369,1,1.80179016811,1,1,0,
cv_20260827_evt_0001000,cv_20260827_req_0000363,cv_20260827_dev_0000291,2,allow,0.083633296171,0.00548001258357,0,0.015139916889,0,0,1,successful_checkout_risk_reduction|high_risk_with_ip_rotation
cv_20260827_evt_0001630,cv_20260827_req_0000591,cv_20260827_dev_0000464,3,allow,0.0952475473964,0.00548001258357,0,0.0113400447039,0,0,3,successful_checkout_risk_reduction|high_risk_with_card_diversity|cross_session_card_diversity|high_risk_with_ip_rotation
cv_20260827_evt_0011554,cv_20260827_req_0004917,cv_20260827_dev_0001936,9,block,0.852113388702,0.834086215288,3,4.3051186444,6,5,3,persistent_high_model_risk|high_risk_with_card_diversity|cross_session_card_diversity
cv_20260827_evt_0011556,cv_20260827_req_0004918,cv_20260827_dev_0001936,10,block,0.961712303342,0.987077221928,3,5.2868260962,7,6,3,persistent_high_model_risk|high_risk_with_card_diversity|cross_session_card_diversity
cv_20260827_evt_0011558,cv_20260827_req_0004919,cv_20260827_dev_0001936,11,block,0.978062003432,1,3,6.28356124542,8,7,3,persistent_high_model_risk|high_risk_with_card_diversity|cross_session_card_diversity
cv_20260827_evt_0012119,cv_20260827_req_0005191,cv_20260827_dev_0001980,3,allow,0.726042657602,0.474791810673,0,0.959656515183,1,0,1,high_risk_with_ip_rotation
cv_20260827_evt_0012121,cv_20260827_req_0005192,cv_20260827_dev_0001980,4,allow,0.877741106026,0.920638394369,1,1.87963413333,2,1,2,high_risk_with_card_diversity|cross_session_card_diversity
cv_20260827_evt_0012123,cv_20260827_req_0005193,cv_20260827_dev_0001980,5,review,0.98052557829,1,2,2.87709819225,3,2,3,persistent_high_model_risk|high_risk_with_card_diversity|high_risk_with_card_switching
cv_20260827_evt_0011566,cv_20260827_req_0004923,cv_20260827_dev_0001937,4,allow,0.812015871585,0.584793744945,1,1.68092286566,2,2,3,high_risk_with_card_diversity|cross_session_card_diversity|high_risk_with_ip_rotation
cv_20260827_evt_0009288,cv_20260827_req_0003817,cv_20260827_dev_0001809,23,block,0.907787621175,0.920638394369,2,13.266458193,16,20,4,persistent_high_model_risk|high_risk_with_card_diversity|cross_session_card_diversity|high_risk_with_ip_rotation
cv_20260827_evt_0009290,cv_20260827_req_0003818,cv_20260827_dev_0001809,24,block,0.934125064174,0.968667664035,2,14.2350650397,16,21,4,persistent_high_model_risk|high_risk_with_card_diversity|cross_session_card_diversity|high_risk_with_ip_rotation
cv_20260827_evt_0009292,cv_20260827_req_0003819,cv_20260827_dev_0001809,25,block,0.906338129999,0.920638394369,2,15.1556381763,16,22,4,persistent_high_model_risk|high_risk_with_card_diversity|cross_session_card_diversity|high_risk_with_ip_rotation
cv_20260827_evt_0009294,cv_20260827_req_0003820,cv_20260827_dev_0001809,26,block,0.962873959046,0.987077221928,4,16.1426459203,16,23,4,persistent_high_model_risk|high_risk_with_card_diversity|cross_session_card_diversity|high_risk_with_ip_rotation
cv_20260827_evt_0009296,cv_20260827_req_0003821,cv_20260827_dev_0001809,27,block,0.963403712126,0.987077221928,4,17.1296676402,16,24,2,persistent_high_model_risk|high_risk_with_ip_rotation
cv_20260827_evt_0009298,cv_20260827_req_0003822,cv_20260827_dev_0001809,28,block,0.956228091341,0.978665935245,4,18.1082746798,16,25,4,persistent_high_model_risk|high_risk_with_card_diversity|cross_session_card_diversity|high_risk_with_ip_rotation
cv_20260827_evt_0009300,cv_20260827_req_0003823,cv_20260827_dev_0001809,29,block,0.958200999572,0.978665935245,4,19.0868783547,16,26,4,persistent_high_model_risk|high_risk_with_card_diversity|cross_session_card_diversity|high_risk_with_ip_rotation
cv_20260827_evt_0009302,cv_20260827_req_0003824,cv_20260827_dev_0001809,30,block,0.959342196258,0.978665935245,4,20.065478665,16,27,4,persistent_high_model_risk|high_risk_with_card_diversity|cross_session_card_diversity|high_risk_with_ip_rotation
cv_20260827_evt_0011568,cv_20260827_req_0004924,cv_20260827_dev_0001937,5,review,0.952945522489,0.978665935245,1,2.65771346941,3,3,3,persistent_high_model_risk|high_risk_with_card_diversity|cross_session_card_diversity
cv_20260827_evt_0011570,cv_20260827_req_0004925,cv_20260827_dev_0001937,6,review,0.985207585089,1,1,3.65514697908,4,4,3,persistent_high_model_risk|high_risk_with_card_diversity|cross_session_card_diversity
cv_20260827_evt_0003402,cv_20260827_req_0001239,cv_20260827_dev_0000957,3,allow,0.196785585313,0.0250286633218,0,0.0412858176816,0,0,1,high_risk_with_ip_rotation
cv_20260827_evt_0003188,cv_20260827_req_0001161,cv_20260827_dev_0000900,2,allow,0.0845925975005,0.00548001258357,0,0.0184684476452,0,0,0,successful_checkout_risk_reduction
cv_20260827_evt_0001887,cv_20260827_req_0000686,cv_20260827_dev_0000537,2,allow,0.0564295017634,0,0,0.0106136201111,0,0,1,successful_checkout_risk_reduction|high_risk_with_ip_rotation
cv_20260827_evt_0001042,cv_20260827_req_0000378,cv_20260827_dev_0000302,2,allow,0.0605761770848,0,0,0.0106134376523,0,0,1,successful_checkout_risk_reduction|high_risk_with_ip_rotation
cv_20260827_evt_0011776,cv_20260827_req_0005025,cv_20260827_dev_0001955,3,allow,0.593366470095,0.474791810673,0,0.888253405445,0,0,0,
cv_20260827_evt_0011778,cv_20260827_req_0005026,cv_20260827_dev_0001955,4,allow,0.880653644155,0.920638394369,0,1.63070218694,1,1,0,stable_retry_risk_reduction
cv_20260827_evt_0004011,cv_20260827_req_0001462,cv_20260827_dev_0001132,2,allow,0.0357238901014,0,0,0.0106138998873,0,0,0,successful_checkout_risk_reduction
cv_20260827_evt_0002580,cv_20260827_req_0000940,cv_20260827_dev_0000731,2,allow,0.101082776875,0.00548001258357,0,0.01422943711,0,0,2,successful_checkout_risk_reduction|high_risk_with_card_diversity|cross_session_card_diversity
cv_20260827_evt_0003454,cv_20260827_req_0001259,cv_20260827_dev_0000973,2,allow,0.451603292433,0.0930102271251,0,0.114395642063,0,0,3,high_risk_with_card_diversity|cross_session_card_diversity|high_risk_with_ip_rotation
cv_20260827_evt_0004097,cv_20260827_req_0001495,cv_20260827_dev_0001158,2,allow,0.0675343471212,0,0,0.0112920906249,0,0,0,successful_checkout_risk_reduction
cv_20260827_evt_0001839,cv_20260827_req_0000668,cv_20260827_dev_0000524,2,allow,0.0498198546789,0,0,0.0117189507475,0,0,1,successful_checkout_risk_reduction|high_risk_with_ip_rotation
cv_20260827_evt_0004802,cv_20260827_req_0001795,cv_20260827_dev_0001264,7,allow,0.235178321214,0.028783095908,2,1.25567660168,2,0,3,successful_checkout_risk_reduction|high_risk_with_card_diversity|cross_session_card_diversity|persistent_high_model_risk
cv_20260827_evt_0004804,cv_20260827_req_0001796,cv_20260827_dev_0001264,8,allow,0.489413593326,0.284737559009,2,1.54040408702,2,0,3,high_risk_with_card_diversity|cross_session_card_diversity|persistent_high_model_risk
cv_20260827_evt_0004806,cv_20260827_req_0001797,cv_20260827_dev_0001264,9,allow,0.710716221776,0.474791810673,4,2.01518177438,2,0,4,high_risk_with_card_diversity|high_risk_with_card_switching|cross_session_card_diversity|persistent_high_model_risk
cv_20260827_evt_0011767,cv_20260827_req_0005021,cv_20260827_dev_0001954,6,review,0.90812896471,0.920638394369,2,2.85469423464,3,2,4,persistent_high_model_risk|high_risk_with_card_diversity|cross_session_card_diversity|high_risk_with_ip_rotation
cv_20260827_evt_0011769,cv_20260827_req_0005022,cv_20260827_dev_0001954,7,block,0.960592966183,0.987077221928,2,3.83979930391,4,3,3,persistent_high_model_risk|high_risk_with_card_diversity|cross_session_card_diversity
cv_20260827_evt_0011364,cv_20260827_req_0004825,cv_20260827_dev_0001924,9,block,0.884166448313,0.920638394369,2,4.32327062643,6,5,4,persistent_high_model_risk|high_risk_with_card_diversity|cross_session_card_diversity|high_risk_with_ip_rotation
cv_20260827_evt_0011366,cv_20260827_req_0004826,cv_20260827_dev_0001924,10,block,0.963492645778,0.987077221928,2,5.30728686629,7,6,4,persistent_high_model_risk|high_risk_with_card_diversity|cross_session_card_diversity|high_risk_with_ip_rotation
cv_20260827_evt_0011368,cv_20260827_req_0004827,cv_20260827_dev_0001924,11,block,0.980219465691,1,2,6.30340761287,8,7,4,persistent_high_model_risk|high_risk_with_card_diversity|cross_session_card_diversity|high_risk_with_ip_rotation
cv_20260827_evt_0003654,cv_20260827_req_0001331,cv_20260827_dev_0001029,3,allow,0.122402580448,0.00548001258357,0,0.143605383302,0,0,1,successful_checkout_risk_reduction|high_risk_with_ip_rotation
cv_20260827_evt_0002758,cv_20260827_req_0001006,cv_20260827_dev_0000776,2,allow,0.512787714058,0.284737559009,0,0.304034806841,0,0,3,high_risk_with_card_diversity|cross_session_card_diversity|high_risk_with_ip_rotation
cv_20260827_evt_0011797,cv_20260827_req_0005035,cv_20260827_dev_0001957,4,allow,0.813698146406,0.584793744945,1,1.47388416466,2,2,3,high_risk_with_card_diversity|cross_session_card_diversity|high_risk_with_ip_rotation
cv_20260827_evt_0011799,cv_20260827_req_0005036,cv_20260827_dev_0001957,5,review,0.975720569718,1,2,2.47273765469,3,3,3,persistent_high_model_risk|high_risk_with_card_diversity|cross_session_card_diversity
cv_20260827_evt_0011801,cv_20260827_req_0005037,cv_20260827_dev_0001957,6,review,0.976491319925,1,3,3.47221059673,4,4,4,persistent_high_model_risk|high_risk_with_card_diversity|high_risk_with_card_switching|cross_session_card_diversity
cv_20260827_evt_0000140,cv_20260827_req_0000051,cv_20260827_dev_0000043,2,allow,0.0799126068323,0.00548001258357,0,0.0134046097546,0,0,0,successful_checkout_risk_reduction
cv_20260827_evt_0002583,cv_20260827_req_0000941,cv_20260827_dev_0000731,3,allow,0.236902338895,0.028783095908,0,0.0358716811101,0,0,3,successful_checkout_risk_reduction|high_risk_with_card_diversity|cross_session_card_diversity|high_risk_with_ip_rotation
cv_20260827_evt_0006870,cv_20260827_req_0002639,cv_20260827_dev_0001686,7,allow,0.137868300538,0.0116357732377,2,0.0964194189988,0,0,2,successful_checkout_risk_reduction|high_risk_with_card_diversity|cross_session_card_diversity
cv_20260827_evt_0006872,cv_20260827_req_0002640,cv_20260827_dev_0001686,8,allow,0.295810902497,0.0930102271251,2,0.170141695882,0,0,2,stable_retry_risk_reduction|high_risk_with_card_diversity|cross_session_card_diversity
cv_20260827_evt_0006874,cv_20260827_req_0002641,cv_20260827_dev_0001686,9,allow,0.412528815564,0.0930102271251,3,0.229113132477,0,0,2,stable_retry_risk_reduction|high_risk_with_card_diversity|cross_session_card_diversity
cv_20260827_evt_0009445,cv_20260827_req_0003893,cv_20260827_dev_0001816,19,block,0.881044651276,0.920638394369,3,10.7096423757,14,5,4,persistent_high_model_risk|high_risk_with_card_diversity|cross_session_card_diversity|high_risk_with_ip_rotation
cv_20260827_evt_0009447,cv_20260827_req_0003894,cv_20260827_dev_0001816,20,block,0.913906227895,0.920638394369,3,11.6302316739,14,6,4,persistent_high_model_risk|high_risk_with_card_diversity|cross_session_card_diversity|high_risk_with_ip_rotation
cv_20260827_evt_0009449,cv_20260827_req_0003895,cv_20260827_dev_0001816,21,block,0.933197759758,0.968667664035,3,12.5988860088,14,7,4,persistent_high_model_risk|high_risk_with_card_diversity|cross_session_card_diversity|high_risk_with_ip_rotation
cv_20260827_evt_0009451,cv_20260827_req_0003896,cv_20260827_dev_0001816,22,block,0.956695185338,0.978665935245,5,13.5775230655,14,8,4,persistent_high_model_risk|high_risk_with_card_diversity|cross_session_card_diversity|high_risk_with_ip_rotation
cv_20260827_evt_0009453,cv_20260827_req_0003897,cv_20260827_dev_0001816,23,block,0.961178332723,0.987077221928,5,14.5645536049,14,9,4,persistent_high_model_risk|high_risk_with_card_diversity|cross_session_card_diversity|high_risk_with_ip_rotation
cv_20260827_evt_0009455,cv_20260827_req_0003898,cv_20260827_dev_0001816,24,block,0.93942392387,0.968667664035,5,15.5331711927,14,10,4,persistent_high_model_risk|high_risk_with_card_diversity|cross_session_card_diversity|high_risk_with_ip_rotation
cv_20260827_evt_0009457,cv_20260827_req_0003899,cv_20260827_dev_0001816,25,block,0.949340433144,0.978665935245,5,16.5118015236,14,11,4,persistent_high_model_risk|high_risk_with_card_diversity|cross_session_card_diversity|high_risk_with_ip_rotation
cv_20260827_evt_0009459,cv_20260827_req_0003900,cv_20260827_dev_0001816,26,block,0.965386678825,0.987077221928,5,17.498840898,14,12,4,persistent_high_model_risk|high_risk_with_card_diversity|cross_session_card_diversity|high_risk_with_ip_rotation
cv_20260827_evt_0009461,cv_20260827_req_0003901,cv_20260827_dev_0001816,27,block,0.972875375503,1,5,18.4987807331,14,13,4,persistent_high_model_risk|high_risk_with_card_diversity|cross_session_card_diversity|high_risk_with_ip_rotation
cv_20260827_evt_0009463,cv_20260827_req_0003902,cv_20260827_dev_0001816,28,block,0.977715655956,1,5,19.4987383311,14,14,4,persistent_high_model_risk|high_risk_with_card_diversity|cross_session_card_diversity|high_risk_with_ip_rotation
cv_20260827_evt_0009465,cv_20260827_req_0003903,cv_20260827_dev_0001816,29,block,0.953870874977,0.978665935245,5,20.4773595723,15,15,4,persistent_high_model_risk|high_risk_with_card_diversity|cross_session_card_diversity|high_risk_with_ip_rotation
cv_20260827_evt_0002643,cv_20260827_req_0000964,cv_20260827_dev_0000745,2,allow,0.0730558554824,0,0,0.0117612907495,0,0,0,successful_checkout_risk_reduction
cv_20260827_evt_0011186,cv_20260827_req_0004739,cv_20260827_dev_0001913,6,review,0.793664405503,0.559667304185,2,2.86476002983,3,3,2,persistent_high_model_risk|high_risk_with_ip_rotation
cv_20260827_evt_0011188,cv_20260827_req_0004740,cv_20260827_dev_0001913,7,review,0.932955018789,0.968667664035,2,3.83102865438,4,4,1,persistent_high_model_risk
cv_20260827_evt_0011190,cv_20260827_req_0004741,cv_20260827_dev_0001913,8,block,0.987877619525,1,2,4.82596957524,5,5,1,persistent_high_model_risk
cv_20260827_evt_0011948,cv_20260827_req_0005108,cv_20260827_dev_0001967,6,block,0.850376243442,0.834086215288,2,2.90200263898,4,3,4,persistent_high_model_risk|high_risk_with_card_diversity|cross_session_card_diversity|high_risk_with_ip_rotation
cv_20260827_evt_0011950,cv_20260827_req_0005109,cv_20260827_dev_0001967,7,block,0.91783087091,0.920638394369,2,3.82187617312,5,4,4,persistent_high_model_risk|high_risk_with_card_diversity|cross_session_card_diversity|high_risk_with_ip_rotation
cv_20260827_evt_0011572,cv_20260827_req_0004926,cv_20260827_dev_0001937,7,block,0.878155184603,0.920638394369,3,3.92420249203,5,5,3,persistent_high_model_risk|high_risk_with_card_diversity|cross_session_card_diversity
cv_20260827_evt_0011574,cv_20260827_req_0004927,cv_20260827_dev_0001937,8,block,0.914674464482,0.920638394369,3,4.84275013536,6,6,3,persistent_high_model_risk|high_risk_with_card_diversity|cross_session_card_diversity
cv_20260827_evt_0012125,cv_20260827_req_0005194,cv_20260827_dev_0001980,6,review,0.851340783442,0.834086215288,3,2.97776537497,4,3,3,persistent_high_model_risk|high_risk_with_card_diversity|cross_session_card_diversity
cv_20260827_evt_0012127,cv_20260827_req_0005195,cv_20260827_dev_0001980,7,block,0.972638831133,1,2,3.97423527543,5,4,3,persistent_high_model_risk|high_risk_with_card_diversity|cross_session_card_diversity
cv_20260827_evt_0012129,cv_20260827_req_0005196,cv_20260827_dev_0001980,8,block,0.986693631208,1,2,4.97174004052,6,5,3,persistent_high_model_risk|high_risk_with_card_diversity|cross_session_card_diversity
cv_20260827_evt_0002761,cv_20260827_req_0001007,cv_20260827_dev_0000776,3,allow,0.214986935403,0.0259720802764,0,0.163144240233,0,0,2,successful_checkout_risk_reduction|high_risk_with_card_diversity|cross_session_card_diversity
cv_20260827_evt_0001842,cv_20260827_req_0000669,cv_20260827_dev_0000524,3,allow,0.105890037541,0.00548001258357,0,0.0102688007036,0,0,0,successful_checkout_risk_reduction
cv_20260827_evt_0012131,cv_20260827_req_0005197,cv_20260827_dev_0001980,9,block,0.864271145193,0.855151534315,2,5.36359625305,7,6,4,persistent_high_model_risk|high_risk_with_card_diversity|cross_session_card_diversity|high_risk_with_ip_rotation
cv_20260827_evt_0012133,cv_20260827_req_0005198,cv_20260827_dev_0001980,10,block,0.937209024345,0.968667664035,2,6.32785212003,8,7,4,persistent_high_model_risk|high_risk_with_card_diversity|cross_session_card_diversity|high_risk_with_ip_rotation
cv_20260827_evt_0011803,cv_20260827_req_0005038,cv_20260827_dev_0001957,7,block,0.915007791141,0.920638394369,3,3.50337422433,5,5,4,persistent_high_model_risk|high_risk_with_card_diversity|cross_session_card_diversity|high_risk_with_ip_rotation
cv_20260827_evt_0011805,cv_20260827_req_0005039,cv_20260827_dev_0001957,8,block,0.953907445216,0.978665935245,3,4.47799523985,6,6,4,persistent_high_model_risk|high_risk_with_card_diversity|cross_session_card_diversity|high_risk_with_ip_rotation
cv_20260827_evt_0011807,cv_20260827_req_0005040,cv_20260827_dev_0001957,9,block,0.920917049004,0.920638394369,3,4.98266555478,7,7,3,persistent_high_model_risk|high_risk_with_card_diversity|cross_session_card_diversity
cv_20260827_evt_0011809,cv_20260827_req_0005041,cv_20260827_dev_0001957,10,block,0.958181087283,0.978665935245,3,5.95778081427,8,8,3,persistent_high_model_risk|high_risk_with_card_diversity|cross_session_card_diversity
cv_20260827_evt_0011811,cv_20260827_req_0005042,cv_20260827_dev_0001957,11,block,0.972214954183,1,3,6.95617643301,9,9,3,persistent_high_model_risk|high_risk_with_card_diversity|cross_session_card_diversity
