device_id,fold
tra_dev_000001,2
tra_dev_000002,3
tra_dev_000003,4
tra_dev_000004,4
tra_dev_000005,1
tra_dev_000006,1
tra_dev_000007,1
tra_dev_000008,3
tra_dev_000009,2
tra_dev_000010,1
tra_dev_000011,4
tra_dev_000012,1
tra_dev_000013,1
tra_dev_000014,0
tra_dev_000015,0
tra_dev_000017,4
tra_dev_000019,1
tra_dev_000020,2
tra_dev_000021,0
tra_dev_000022,2
tra_dev_000023,2
tra_dev_000024,1
tra_dev_000025,2
tra_dev_000026,4
tra_dev_000027,2
tra_dev_000028,1
tra_dev_000029,3
tra_dev_000031,4
tra_dev_000032,0
tra_dev_000033,4
tra_dev_000034,0
tra_dev_000035,2
tra_dev_000036,1
tra_dev_000037,4
tra_dev_000038,0
tra_dev_000039,1
tra_dev_000040,0
tra_dev_000041,4
tra_dev_000042,4
tra_dev_000043,3
tra_dev_000044,2
tra_dev_000045,0
tra_dev_000046,2
tra_dev_000047,3
tra_dev_000048,1
tra_dev_000049,4
tra_dev_000050,2
tra_dev_000051,1
tra_dev_000052,2
tra_dev_000053,4
tra_dev_000054,0
tra_dev_000055,4
tra_dev_000056,0
tra_dev_000057,2
tra_dev_000058,1
tra_dev_000059,1
tra_dev_000060,1
tra_dev_000061,2
tra_dev_000062,4
tra_dev_000063,1
tra_dev_000064,3
tra_dev_000065,3
tra_dev_000066,1
tra_dev_000067,2
tra_dev_000068,4
tra_dev_000069,1
tra_dev_000070,1
tra_dev_000071,2
tra_dev_000072,2
tra_dev_000073,4
tra_dev_000074,3
tra_dev_000075,4
tra_dev_000076,4
tra_dev_000077,3
tra_dev_000078,2
tra_dev_000079,4
tra_dev_000080,1
tra_dev_000081,1
tra_dev_000082,0
tra_dev_000083,0
tra_dev_000084,2
tra_dev_000085,1
tra_dev_000086,1
tra_dev_000087,3
tra_dev_000088,4
tra_dev_000089,2
tra_dev_000090,0
tra_dev_000091,3
tra_dev_000092,4
tra_dev_000093,3
tra_dev_000094,2
tra_dev_000095,3
tra_dev_000096,1
tra_dev_000097,2
tra_dev_000098,0
tra_dev_000099,2
tra_dev_000100,3
tra_dev_000101,2
tra_dev_000102,1
tra_dev_000103,0
tra_dev_000104,2
tra_dev_000105,0
tra_dev_000106,2
tra_dev_000107,4
tra_dev_000108,2
tra_dev_000109,3
tra_dev_000110,0
tra_dev_000111,0
tra_dev_000112,4
tra_dev_000113,2
tra_dev_000114,4
tra_dev_000115,1
tra_dev_000116,3
tra_dev_000117,3
tra_dev_000118,3
tra_dev_000119,2
tra_dev_000120,4
tra_dev_000121,4
tra_dev_000122,1
tra_dev_000123,4
tra_dev_000124,1
tra_dev_000125,3
tra_dev_000126,3
tra_dev_000127,0
tra_dev_000128,1
tra_dev_000129,1
tra_dev_000130,4
tra_dev_000131,0
tra_dev_000132,3
tra_dev_000133,2
tra_dev_000134,3
tra_dev_000135,1
tra_dev_000136,0
tra_dev_000137,4
tra_dev_000138,3
tra_dev_000139,3
tra_dev_000140,1
tra_dev_000141,0
tra_dev_000142,2
tra_dev_000143,3
tra_dev_000144,1
tra_dev_000145,1
tra_dev_000146,0
tra_dev_000147,4
tra_dev_000148,0
tra_dev_000149,2
tra_dev_000151,1
tra_dev_000152,2
tra_dev_000154,2
tra_dev_000155,4
tra_dev_000156,4
tra_dev_000157,1
tra_dev_000158,4
tra_dev_000159,0
tra_dev_000160,4
tra_dev_000161,3
tra_dev_000162,2
tra_dev_000163,1
tra_dev_000164,2
tra_dev_000165,3
tra_dev_000166,0
tra_dev_000167,4
tra_dev_000168,3
tra_dev_000169,4
tra_dev_000170,3
tra_dev_000171,4
tra_dev_000172,4
tra_dev_000173,1
tra_dev_000174,1
tra_dev_000175,2
tra_dev_000176,2
tra_dev_000177,0
tra_dev_000178,0
tra_dev_000179,3
tra_dev_000180,0
tra_dev_000181,1
tra_dev_000182,4
tra_dev_000183,0
tra_dev_000184,4
tra_dev_000185,0
tra_dev_000186,1
tra_dev_000187,0
tra_dev_000188,3
tra_dev_000189,0
tra_dev_000190,2
tra_dev_000191,0
tra_dev_000192,1
tra_dev_000193,0
tra_dev_000194,3
tra_dev_000195,4
tra_dev_000196,0
tra_dev_000197,4
tra_dev_000198,2
tra_dev_000199,0
tra_dev_000200,3
tra_dev_000201,2
tra_dev_000202,0
tra_dev_000203,4
tra_dev_000204,2
tra_dev_000205,3
tra_dev_000206,2
tra_dev_000207,1
tra_dev_000208,1
tra_dev_000209,3
tra_dev_000210,2
tra_dev_000211,1
tra_dev_000212,4
tra_dev_000213,0
tra_dev_000214,1
tra_dev_000215,4
tra_dev_000216,3
tra_dev_000217,2
tra_dev_000218,4
tra_dev_000219,1
tra_dev_000220,1
tra_dev_000221,1
tra_dev_000222,3
tra_dev_000223,0
tra_dev_000224,2
tra_dev_000225,4
tra_dev_000226,3
tra_dev_000227,4
tra_dev_000228,0
tra_dev_000229,3
tra_dev_000230,4
tra_dev_000231,1
tra_dev_000232,3
tra_dev_000233,2
tra_dev_000234,4
tra_dev_000235,1
tra_dev_000236,3
tra_dev_000237,1
tra_dev_000238,1
tra_dev_000239,2
tra_dev_000240,2
tra_dev_000241,4
tra_dev_000242,0
tra_dev_000243,0
tra_dev_000244,1
tra_dev_000245,4
tra_dev_000246,4
tra_dev_000247,1
tra_dev_000248,3
tra_dev_000249,3
tra_dev_000250,2
tra_dev_000251,2
tra_dev_000252,4
tra_dev_000253,0
tra_dev_000254,4
tra_dev_000255,4
tra_dev_000256,2
tra_dev_000257,4
tra_dev_000258,1
tra_dev_000259,4
tra_dev_000260,0
tra_dev_000261,1
tra_dev_000262,0
tra_dev_000263,3
tra_dev_000264,3
tra_dev_000265,4
tra_dev_000266,2
tra_dev_000267,4
tra_dev_000268,0
tra_dev_000269,2
tra_dev_000270,1
tra_dev_000271,2
tra_dev_000272,4
tra_dev_000273,3
tra_dev_000274,0
tra_dev_000275,3
tra_dev_000276,3
tra_dev_000277,1
tra_dev_000278,3
tra_dev_000279,3
tra_dev_000280,0
tra_dev_000281,4
tra_dev_000282,4
tra_dev_000283,0
tra_dev_000284,0
tra_dev_000285,4
tra_dev_000286,1
tra_dev_000287,0
tra_dev_000288,3
tra_dev_000289,2
tra_dev_000290,4
tra_dev_000291,4
tra_dev_000292,3
tra_dev_000293,2
tra_dev_000294,2
tra_dev_000295,2
tra_dev_000296,4
tra_dev_000297,0
tra_dev_000298,0
tra_dev_000299,4
tra_dev_000300,4
tra_dev_000301,4
tra_dev_000302,2
tra_dev_000303,2
tra_dev_000304,2
tra_dev_000305,2
tra_dev_000306,2
tra_dev_000307,2
tra_dev_000308,3
tra_dev_000309,1
tra_dev_000310,0
tra_dev_000311,2
tra_dev_000312,1
tra_dev_000313,0
tra_dev_000314,1
tra_dev_000315,1
tra_dev_000316,4
tra_dev_000317,0
tra_dev_000318,2
tra_dev_000319,0
tra_dev_000320,4
tra_dev_000321,3
tra_dev_000322,1
tra_dev_000323,4
tra_dev_000324,4
tra_dev_000325,2
tra_dev_000326,3
tra_dev_000329,4
tra_dev_000330,3
tra_dev_000331,4
tra_dev_000332,0
tra_dev_000333,4
tra_dev_000334,1
tra_dev_000335,3
tra_dev_000336,2
tra_dev_000337,0
tra_dev_000338,1
tra_dev_000339,0
tra_dev_000340,3
tra_dev_000341,4
tra_dev_000342,3
tra_dev_000343,3
tra_dev_000344,3
tra_dev_000345,4
tra_dev_000346,0
tra_dev_000347,1
tra_dev_000348,3
tra_dev_000349,2
tra_dev_000350,3
tra_dev_000351,4
tra_dev_000352,2
tra_dev_000353,0
tra_dev_000354,0
tra_dev_000355,0
tra_dev_000356,0
tra_dev_000357,1
tra_dev_000358,3
tra_dev_000359,4
tra_dev_000360,1
tra_dev_000361,3
tra_dev_000362,3
tra_dev_000363,4
tra_dev_000364,1
tra_dev_000365,4
tra_dev_000366,3
tra_dev_000367,1
tra_dev_000368,0
tra_dev_000369,3
tra_dev_000370,0
tra_dev_000371,0
tra_dev_000372,4
tra_dev_000373,4
tra_dev_000374,3
tra_dev_000375,2
tra_dev_000376,0
tra_dev_000377,3
tra_dev_000378,4
tra_dev_000379,2
tra_dev_000381,3
tra_dev_000382,1
tra_dev_000383,4
tra_dev_000384,2
tra_dev_000385,1
tra_dev_000386,1
tra_dev_000387,3
tra_dev_000388,1
tra_dev_000389,4
tra_dev_000390,0
tra_dev_000391,4
tra_dev_000392,4
tra_dev_000393,2
tra_dev_000394,0
tra_dev_000395,4
tra_dev_000396,4
tra_dev_000397,4
tra_dev_000398,1
tra_dev_000399,2
tra_dev_000400,1
tra_dev_000401,1
tra_dev_000402,4
tra_dev_000403,1
tra_dev_000404,0
tra_dev_000405,1
tra_dev_000406,2
tra_dev_000407,4
tra_dev_000408,0
tra_dev_000409,1
tra_dev_000410,3
tra_dev_000411,1
tra_dev_000412,2
tra_dev_000413,4
tra_dev_000414,1
tra_dev_000415,2
tra_dev_000416,0
tra_dev_000417,1
tra_dev_000418,0
tra_dev_000419,1
tra_dev_000420,0
tra_dev_000421,1
tra_dev_000422,1
tra_dev_000423,4
tra_dev_000424,2
tra_dev_000425,3
tra_dev_000426,0
tra_dev_000427,2
tra_dev_000428,3
tra_dev_000429,1
tra_dev_000430,2
tra_dev_000431,3
tra_dev_000432,2
tra_dev_000433,4
tra_dev_000434,3
tra_dev_000435,0
tra_dev_000436,4
tra_dev_000437,4
tra_dev_000438,4
tra_dev_000439,0
tra_dev_000440,4
tra_dev_000441,3
tra_dev_000442,4
tra_dev_000443,1
tra_dev_000444,0
tra_dev_000445,2
tra_dev_000446,1
tra_dev_000447,3
tra_dev_000448,3
tra_dev_000449,2
tra_dev_000450,1
tra_dev_000451,0
tra_dev_000452,3
tra_dev_000453,2
tra_dev_000454,0
tra_dev_000455,4
tra_dev_000456,1
tra_dev_000457,1
tra_dev_000458,0
tra_dev_000459,4
tra_dev_000460,4
tra_dev_000461,4
tra_dev_000462,1
tra_dev_000463,3
tra_dev_000464,0
tra_dev_000465,2
tra_dev_000466,1
tra_dev_000467,3
tra_dev_000468,0
tra_dev_000469,2
tra_dev_000470,4
tra_dev_000471,0
tra_dev_000472,1
tra_dev_000473,1
tra_dev_000474,0
tra_dev_000475,4
tra_dev_000476,0
tra_dev_000477,1
tra_dev_000478,2
tra_dev_000479,1
tra_dev_000480,3
tra_dev_000481,1
tra_dev_000482,1
tra_dev_000483,4
tra_dev_000484,1
tra_dev_000485,0
tra_dev_000486,0
tra_dev_000487,4
tra_dev_000488,1
tra_dev_000489,3
tra_dev_000490,4
tra_dev_000491,0
tra_dev_000492,4
tra_dev_000493,2
tra_dev_000494,2
tra_dev_000495,4
tra_dev_000496,4
tra_dev_000497,2
tra_dev_000498,3
tra_dev_000499,1
tra_dev_000500,0
tra_dev_000501,0
tra_dev_000502,0
tra_dev_000503,4
tra_dev_000504,3
tra_dev_000505,2
tra_dev_000506,2
tra_dev_000507,1
tra_dev_000508,0
tra_dev_000509,0
tra_dev_000510,3
tra_dev_000511,1
tra_dev_000512,0
tra_dev_000513,4
tra_dev_000514,3
tra_dev_000515,2
tra_dev_000516,0
tra_dev_000517,2
tra_dev_000518,0
tra_dev_000519,1
tra_dev_000520,1
tra_dev_000521,3
tra_dev_000522,4
tra_dev_000523,0
tra_dev_000524,2
tra_dev_000525,4
tra_dev_000526,4
tra_dev_000527,1
tra_dev_000528,3
tra_dev_000529,4
tra_dev_000530,3
tra_dev_000531,4
tra_dev_000532,0
tra_dev_000533,4
tra_dev_000534,1
tra_dev_000535,0
tra_dev_000536,2
tra_dev_000537,4
tra_dev_000538,1
tra_dev_000539,4
tra_dev_000540,3
tra_dev_000541,1
tra_dev_000542,0
tra_dev_000543,2
tra_dev_000544,2
tra_dev_000545,0
tra_dev_000546,0
tra_dev_000547,0
tra_dev_000548,0
tra_dev_000549,2
tra_dev_000550,1
tra_dev_000551,3
tra_dev_000552,2
tra_dev_000553,0
tra_dev_000554,3
tra_dev_000555,2
tra_dev_000556,2
tra_dev_000557,1
tra_dev_000558,1
tra_dev_000559,1
tra_dev_000560,2
tra_dev_000561,1
tra_dev_000562,2
tra_dev_000563,2
tra_dev_000564,0
tra_dev_000565,3
tra_dev_000566,0
tra_dev_000567,3
tra_dev_000568,2
tra_dev_000569,1
tra_dev_000570,2
tra_dev_000571,1
tra_dev_000572,3
tra_dev_000573,2
tra_dev_000574,0
tra_dev_000575,1
tra_dev_000576,3
tra_dev_000577,1
tra_dev_000578,3
tra_dev_000579,2
tra_dev_000580,0
tra_dev_000581,2
tra_dev_000582,1
tra_dev_000583,4
tra_dev_000584,1
tra_dev_000585,1
tra_dev_000586,2
tra_dev_000587,3
tra_dev_000588,4
tra_dev_000589,4
tra_dev_000590,2
tra_dev_000591,2
tra_dev_000592,0
tra_dev_000593,4
tra_dev_000594,2
tra_dev_000595,1
tra_dev_000596,3
tra_dev_000597,4
tra_dev_000598,3
tra_dev_000599,0
tra_dev_000600,3
tra_dev_000601,3
tra_dev_000602,0
tra_dev_000603,0
tra_dev_000604,3
tra_dev_000605,4
tra_dev_000606,3
tra_dev_000607,3
tra_dev_000608,0
tra_dev_000609,4
tra_dev_000610,1
tra_dev_000611,4
tra_dev_000612,0
tra_dev_000613,2
tra_dev_000614,1
tra_dev_000615,0
tra_dev_000616,3
tra_dev_000617,3
tra_dev_000618,3
tra_dev_000619,1
tra_dev_000620,0
tra_dev_000621,3
tra_dev_000622,4
tra_dev_000623,4
tra_dev_000624,4
tra_dev_000625,3
tra_dev_000626,1
tra_dev_000627,2
tra_dev_000628,0
tra_dev_000629,0
tra_dev_000630,4
tra_dev_000631,4
tra_dev_000632,2
tra_dev_000633,4
tra_dev_000634,0
tra_dev_000635,0
tra_dev_000636,2
tra_dev_000637,1
tra_dev_000638,4
tra_dev_000639,4
tra_dev_000640,0
tra_dev_000641,3
tra_dev_000642,2
tra_dev_000643,0
tra_dev_000644,1
tra_dev_000645,1
tra_dev_000646,0
tra_dev_000647,1
tra_dev_000648,0
tra_dev_000649,4
tra_dev_000650,0
tra_dev_000651,4
tra_dev_000652,3
tra_dev_000653,0
tra_dev_000654,1
tra_dev_000655,3
tra_dev_000656,2
tra_dev_000657,2
tra_dev_000658,2
tra_dev_000659,1
tra_dev_000660,4
tra_dev_000661,3
tra_dev_000662,0
tra_dev_000663,0
tra_dev_000664,2
tra_dev_000665,3
tra_dev_000666,2
tra_dev_000667,2
tra_dev_000668,0
tra_dev_000669,2
tra_dev_000670,4
tra_dev_000671,1
tra_dev_000672,4
tra_dev_000673,2
tra_dev_000674,4
tra_dev_000675,0
tra_dev_000676,4
tra_dev_000677,1
tra_dev_000678,1
tra_dev_000679,4
tra_dev_000680,1
tra_dev_000681,0
tra_dev_000682,3
tra_dev_000683,3
tra_dev_000684,3
tra_dev_000685,0
tra_dev_000686,2
tra_dev_000687,1
tra_dev_000688,3
tra_dev_000689,0
tra_dev_000690,4
tra_dev_000691,1
tra_dev_000692,0
tra_dev_000693,3
tra_dev_000694,1
tra_dev_000695,0
tra_dev_000696,3
tra_dev_000697,0
tra_dev_000698,3
tra_dev_000699,0
tra_dev_000700,1
tra_dev_000701,3
tra_dev_000702,4
tra_dev_000703,3
tra_dev_000704,2
tra_dev_000705,2
tra_dev_000706,0
tra_dev_000707,1
tra_dev_000708,3
tra_dev_000709,4
tra_dev_000710,4
tra_dev_000711,2
tra_dev_000712,4
tra_dev_000713,0
tra_dev_000714,4
tra_dev_000715,2
tra_dev_000716,0
tra_dev_000717,0
tra_dev_000718,0
tra_dev_000719,1
tra_dev_000720,0
tra_dev_000721,3
tra_dev_000722,4
tra_dev_000723,3
tra_dev_000724,1
tra_dev_000725,2
tra_dev_000726,1
tra_dev_000727,1
tra_dev_000728,1
tra_dev_000729,4
tra_dev_000730,0
tra_dev_000731,4
tra_dev_000732,4
tra_dev_000733,3
tra_dev_000734,2
tra_dev_000735,1
tra_dev_000736,3
tra_dev_000737,0
tra_dev_000738,4
tra_dev_000739,1
tra_dev_000740,0
tra_dev_000741,0
tra_dev_000742,4
tra_dev_000743,0
tra_dev_000744,4
tra_dev_000745,1
tra_dev_000746,1
tra_dev_000747,4
tra_dev_000748,0
tra_dev_000749,4
tra_dev_000750,2
tra_dev_000751,2
tra_dev_000752,4
tra_dev_000753,2
tra_dev_000754,4
tra_dev_000755,0
tra_dev_000756,2
tra_dev_000757,1
tra_dev_000758,0
tra_dev_000759,0
tra_dev_000760,4
tra_dev_000761,0
tra_dev_000762,0
tra_dev_000763,2
tra_dev_000764,3
tra_dev_000765,4
tra_dev_000766,1
tra_dev_000767,3
tra_dev_000768,1
tra_dev_000769,3
tra_dev_000770,0
tra_dev_000771,4
tra_dev_000772,2
tra_dev_000773,3
tra_dev_000774,3
tra_dev_000775,4
tra_dev_000776,4
tra_dev_000777,3
tra_dev_000778,1
tra_dev_000779,1
tra_dev_000780,3
tra_dev_000781,2
tra_dev_000782,3
tra_dev_000783,4
tra_dev_000784,0
tra_dev_000785,1
tra_dev_000786,4
tra_dev_000787,1
tra_dev_000788,0
tra_dev_000789,4
tra_dev_000790,3
tra_dev_000791,0
tra_dev_000792,3
tra_dev_000793,4
tra_dev_000794,1
tra_dev_000795,1
tra_dev_000796,3
tra_dev_000797,2
tra_dev_000798,3
tra_dev_000799,0
tra_dev_000800,1
tra_dev_000801,4
tra_dev_000802,0
tra_dev_000803,3
tra_dev_000804,2
tra_dev_000805,3
tra_dev_000806,4
tra_dev_000807,1
tra_dev_000808,2
tra_dev_000809,2
tra_dev_000810,4
tra_dev_000811,4
tra_dev_000812,1
tra_dev_000813,3
tra_dev_000814,3
tra_dev_000815,2
tra_dev_000816,0
tra_dev_000817,0
tra_dev_000818,4
tra_dev_000819,0
tra_dev_000820,4
tra_dev_000821,0
tra_dev_000822,0
tra_dev_000823,2
tra_dev_000824,2
tra_dev_000825,4
tra_dev_000826,3
tra_dev_000827,4
tra_dev_000828,1
tra_dev_000829,0
tra_dev_000830,0
tra_dev_000831,4
tra_dev_000832,4
tra_dev_000833,1
tra_dev_000834,4
tra_dev_000835,4
tra_dev_000836,0
tra_dev_000837,3
tra_dev_000838,2
tra_dev_000839,4
tra_dev_000840,0
tra_dev_000841,3
tra_dev_000842,0
tra_dev_000843,2
tra_dev_000844,1
tra_dev_000845,4
tra_dev_000846,4
tra_dev_000847,0
tra_dev_000848,3
tra_dev_000849,3
tra_dev_000850,4
tra_dev_000851,1
tra_dev_000852,4
tra_dev_000853,0
tra_dev_000854,2
tra_dev_000855,1
tra_dev_000856,3
tra_dev_000857,2
tra_dev_000858,2
tra_dev_000859,0
tra_dev_000860,4
tra_dev_000861,0
tra_dev_000862,1
tra_dev_000863,3
tra_dev_000864,3
tra_dev_000865,0
tra_dev_000866,4
tra_dev_000867,2
tra_dev_000868,2
tra_dev_000869,3
tra_dev_000870,0
tra_dev_000871,4
tra_dev_000872,3
tra_dev_000873,1
tra_dev_000874,1
tra_dev_000875,0
tra_dev_000876,4
tra_dev_000877,1
tra_dev_000878,1
tra_dev_000879,1
tra_dev_000880,0
tra_dev_000881,0
tra_dev_000882,0
tra_dev_000883,2
tra_dev_000884,1
tra_dev_000885,1
tra_dev_000886,1
tra_dev_000887,2
tra_dev_000888,0
tra_dev_000889,3
tra_dev_000890,2
tra_dev_000891,3
tra_dev_000892,0
tra_dev_000893,4
tra_dev_000894,2
tra_dev_000895,0
tra_dev_000896,3
tra_dev_000897,2
tra_dev_000898,3
tra_dev_000899,1
tra_dev_000900,3
tra_dev_000901,3
tra_dev_000902,4
tra_dev_000903,2
tra_dev_000904,4
tra_dev_000905,4
tra_dev_000906,0
tra_dev_000907,3
tra_dev_000908,4
tra_dev_000909,2
tra_dev_000910,2
tra_dev_000911,3
tra_dev_000912,4
tra_dev_000913,3
tra_dev_000914,2
tra_dev_000915,3
tra_dev_000916,2
tra_dev_000917,0
tra_dev_000918,3
tra_dev_000919,2
tra_dev_000920,2
tra_dev_000921,4
tra_dev_000922,1
tra_dev_000923,3
tra_dev_000924,1
tra_dev_000925,1
tra_dev_000926,4
tra_dev_000927,2
tra_dev_000928,0
tra_dev_000929,0
tra_dev_000930,0
tra_dev_000931,3
tra_dev_000932,4
tra_dev_000933,2
tra_dev_000934,0
tra_dev_000935,4
tra_dev_000936,1
tra_dev_000937,4
tra_dev_000938,1
tra_dev_000939,0
tra_dev_000940,3
tra_dev_000941,3
tra_dev_000942,3
tra_dev_000943,4
tra_dev_000944,2
tra_dev_000945,0
tra_dev_000946,3
tra_dev_000947,1
tra_dev_000948,1
tra_dev_000949,2
tra_dev_000950,4
tra_dev_000951,1
tra_dev_000952,4
tra_dev_000953,2
tra_dev_000954,3
tra_dev_000955,2
tra_dev_000956,1
tra_dev_000957,1
tra_dev_000958,2
tra_dev_000959,2
tra_dev_000960,0
tra_dev_000961,2
tra_dev_000962,1
tra_dev_000963,3
tra_dev_000964,3
tra_dev_000965,2
tra_dev_000966,0
tra_dev_000967,3
tra_dev_000968,4
tra_dev_000969,1
tra_dev_000971,0
tra_dev_000972,0
tra_dev_000973,1
tra_dev_000974,2
tra_dev_000975,1
tra_dev_000976,0
tra_dev_000977,2
tra_dev_000978,2
tra_dev_000979,4
tra_dev_000980,0
tra_dev_000981,0
tra_dev_000982,1
tra_dev_000983,1
tra_dev_000984,1
tra_dev_000985,0
tra_dev_000986,2
tra_dev_000987,3
tra_dev_000988,0
tra_dev_000989,4
tra_dev_000990,1
tra_dev_000991,2
tra_dev_000992,2
tra_dev_000993,4
tra_dev_000994,2
tra_dev_000995,0
tra_dev_000996,3
tra_dev_000997,4
tra_dev_000998,2
tra_dev_000999,3
tra_dev_001000,4
tra_dev_001001,3
tra_dev_001002,0
tra_dev_001003,0
tra_dev_001005,4
tra_dev_001006,4
tra_dev_001008,2
tra_dev_001009,1
tra_dev_001014,3
tra_dev_001015,3
tra_dev_001016,3
tra_dev_001017,4
tra_dev_001018,0
tra_dev_001019,1
tra_dev_001020,3
tra_dev_001021,4
tra_dev_001022,0
tra_dev_001023,1
tra_dev_001024,2
tra_dev_001025,2
tra_dev_001026,0
tra_dev_001027,2
tra_dev_001028,0
tra_dev_001029,0
tra_dev_001030,1
tra_dev_001031,2
tra_dev_001032,4
tra_dev_001033,3
tra_dev_001034,0
tra_dev_001035,1
tra_dev_001036,4
tra_dev_001037,0
tra_dev_001038,2
tra_dev_001039,1
tra_dev_001040,3
tra_dev_001041,2
tra_dev_001042,3
tra_dev_001043,2
tra_dev_001044,4
tra_dev_001045,3
tra_dev_001046,1
tra_dev_001047,0
tra_dev_001048,4
tra_dev_001049,3
tra_dev_001050,2
tra_dev_001051,4
tra_dev_001052,4
tra_dev_001053,3
tra_dev_001054,2
tra_dev_001055,3
tra_dev_001056,0
tra_dev_001057,2
tra_dev_001058,0
tra_dev_001059,0
tra_dev_001060,3
tra_dev_001061,2
tra_dev_001062,1
tra_dev_001063,1
tra_dev_001064,1
tra_dev_001065,0
tra_dev_001066,3
tra_dev_001067,2
tra_dev_001068,2
tra_dev_001069,1
tra_dev_001070,4
tra_dev_001071,0
tra_dev_001072,3
tra_dev_001073,1
tra_dev_001074,0
tra_dev_001075,0
tra_dev_001076,4
tra_dev_001077,2
tra_dev_001078,4
tra_dev_001079,3
tra_dev_001080,4
tra_dev_001081,3
tra_dev_001082,4
tra_dev_001083,1
tra_dev_001084,4
tra_dev_001085,2
tra_dev_001086,2
tra_dev_001087,4
tra_dev_001089,1
tra_dev_001090,1
tra_dev_001091,3
tra_dev_001092,2
tra_dev_001093,2
tra_dev_001094,4
tra_dev_001095,0
tra_dev_001096,4
tra_dev_001097,1
tra_dev_001098,4
tra_dev_001099,0
tra_dev_001100,3
tra_dev_001102,0
tra_dev_001103,4
tra_dev_001104,3
tra_dev_001105,4
tra_dev_001106,4
tra_dev_001107,4
tra_dev_001108,3
tra_dev_001109,2
tra_dev_001110,0
tra_dev_001111,4
tra_dev_001112,4
tra_dev_001113,3
tra_dev_001114,1
tra_dev_001115,2
tra_dev_001116,1
tra_dev_001117,1
tra_dev_001118,3
tra_dev_001119,1
tra_dev_001120,1
tra_dev_001121,1
tra_dev_001122,3
tra_dev_001123,2
tra_dev_001124,3
tra_dev_001125,4
tra_dev_001126,3
tra_dev_001127,2
tra_dev_001128,0
tra_dev_001129,3
tra_dev_001130,2
tra_dev_001131,3
tra_dev_001132,0
tra_dev_001133,0
tra_dev_001134,4
tra_dev_001135,1
tra_dev_001136,3
tra_dev_001137,3
tra_dev_001138,2
tra_dev_001139,2
tra_dev_001140,1
tra_dev_001141,3
tra_dev_001142,1
tra_dev_001143,3
tra_dev_001144,0
tra_dev_001145,4
tra_dev_001146,3
tra_dev_001147,1
tra_dev_001148,3
tra_dev_001149,2
tra_dev_001150,4
tra_dev_001151,1
tra_dev_001152,3
tra_dev_001153,2
tra_dev_001154,2
tra_dev_001155,0
tra_dev_001156,1
tra_dev_001157,2
tra_dev_001158,2
tra_dev_001159,2
tra_dev_001160,1
tra_dev_001161,3
tra_dev_001162,3
tra_dev_001163,2
tra_dev_001164,0
tra_dev_001168,1
tra_dev_001169,4
tra_dev_001171,0
tra_dev_001172,3
tra_dev_001173,4
tra_dev_001174,2
tra_dev_001175,4
tra_dev_001176,2
tra_dev_001177,3
tra_dev_001178,0
tra_dev_001179,0
tra_dev_001180,0
tra_dev_001181,2
tra_dev_001182,4
tra_dev_001183,0
tra_dev_001184,1
tra_dev_001185,1
tra_dev_001186,3
tra_dev_001187,2
tra_dev_001188,0
tra_dev_001189,0
tra_dev_001190,0
tra_dev_001191,4
tra_dev_001192,0
tra_dev_001193,4
tra_dev_001194,3
tra_dev_001195,3
tra_dev_001196,1
tra_dev_001197,3
tra_dev_001198,4
tra_dev_001199,3
tra_dev_001200,3
tra_dev_001201,3
tra_dev_001202,2
tra_dev_001203,3
tra_dev_001204,0
tra_dev_001205,3
tra_dev_001206,4
tra_dev_001207,4
tra_dev_001208,1
tra_dev_001209,3
tra_dev_001210,2
tra_dev_001211,0
tra_dev_001212,2
tra_dev_001213,4
tra_dev_001214,4
tra_dev_001215,3
tra_dev_001216,4
tra_dev_001217,3
tra_dev_001218,3
tra_dev_001219,4
tra_dev_001220,2
tra_dev_001221,1
tra_dev_001222,2
tra_dev_001223,0
tra_dev_001224,1
tra_dev_001225,1
tra_dev_001226,3
tra_dev_001227,4
tra_dev_001228,3
tra_dev_001229,4
tra_dev_001230,2
tra_dev_001231,4
tra_dev_001232,1
tra_dev_001233,3
tra_dev_001234,0
tra_dev_001235,1
tra_dev_001236,1
tra_dev_001237,4
tra_dev_001238,1
tra_dev_001239,0
tra_dev_001240,3
tra_dev_001241,3
tra_dev_001242,0
tra_dev_001243,0
tra_dev_001244,0
tra_dev_001245,2
tra_dev_001246,0
tra_dev_001247,1
tra_dev_001248,3
tra_dev_001249,3
tra_dev_001250,2
tra_dev_001251,1
tra_dev_001252,0
tra_dev_001253,4
tra_dev_001254,0
tra_dev_001255,2
tra_dev_001256,2
tra_dev_001257,1
tra_dev_001258,3
tra_dev_001259,3
tra_dev_001260,4
tra_dev_001261,0
tra_dev_001262,1
tra_dev_001263,0
tra_dev_001267,0
tra_dev_001268,1
tra_dev_001269,1
tra_dev_001270,1
tra_dev_001271,1
tra_dev_001272,4
tra_dev_001273,2
tra_dev_001274,1
tra_dev_001275,4
tra_dev_001276,0
tra_dev_001277,0
tra_dev_001278,3
tra_dev_001279,3
tra_dev_001280,3
tra_dev_001281,3
tra_dev_001282,1
tra_dev_001283,4
tra_dev_001284,4
tra_dev_001285,2
tra_dev_001286,0
tra_dev_001287,1
tra_dev_001288,3
tra_dev_001289,3
tra_dev_001290,2
tra_dev_001291,1
tra_dev_001292,0
tra_dev_001293,1
tra_dev_001294,0
tra_dev_001297,1
tra_dev_001298,4
tra_dev_001299,0
tra_dev_001300,3
tra_dev_001301,3
tra_dev_001302,3
tra_dev_001303,3
tra_dev_001304,2
tra_dev_001305,4
tra_dev_001306,3
tra_dev_001307,4
tra_dev_001308,3
tra_dev_001309,2
tra_dev_001310,3
tra_dev_001311,1
tra_dev_001312,0
tra_dev_001313,1
tra_dev_001314,1
tra_dev_001315,1
tra_dev_001316,1
tra_dev_001317,4
tra_dev_001318,1
tra_dev_001319,2
tra_dev_001320,1
tra_dev_001321,2
tra_dev_001322,2
tra_dev_001323,2
tra_dev_001324,2
tra_dev_001325,3
tra_dev_001326,3
tra_dev_001327,3
tra_dev_001328,3
tra_dev_001329,1
tra_dev_001330,3
tra_dev_001331,3
tra_dev_001332,4
tra_dev_001333,4
tra_dev_001334,2
tra_dev_001335,2
tra_dev_001336,3
tra_dev_001337,3
tra_dev_001338,1
tra_dev_001339,3
tra_dev_001340,3
tra_dev_001341,0
tra_dev_001342,0
tra_dev_001343,0
tra_dev_001344,0
tra_dev_001345,4
tra_dev_001346,0
tra_dev_001347,2
tra_dev_001348,2
tra_dev_001349,2
tra_dev_001350,4
tra_dev_001351,0
tra_dev_001352,3
tra_dev_001353,0
tra_dev_001354,3
tra_dev_001355,4
tra_dev_001356,1
tra_dev_001357,0
tra_dev_001358,3
tra_dev_001359,0
tra_dev_001360,2
tra_dev_001361,2
tra_dev_001362,3
tra_dev_001363,2
tra_dev_001364,0
tra_dev_001365,4
tra_dev_001366,4
tra_dev_001367,1
tra_dev_001368,2
tra_dev_001369,4
tra_dev_001370,1
tra_dev_001371,4
tra_dev_001372,2
tra_dev_001373,0
tra_dev_001374,1
tra_dev_001375,1
tra_dev_001376,3
tra_dev_001377,2
tra_dev_001378,4
tra_dev_001379,4
tra_dev_001380,1
tra_dev_001381,3
tra_dev_001382,4
tra_dev_001383,4
tra_dev_001384,0
tra_dev_001385,3
tra_dev_001386,2
tra_dev_001387,1
tra_dev_001388,4
tra_dev_001389,0
tra_dev_001390,4
tra_dev_001391,3
tra_dev_001392,2
tra_dev_001393,2
tra_dev_001394,1
tra_dev_001395,4
tra_dev_001396,0
tra_dev_001397,1
tra_dev_001398,3
tra_dev_001399,1
tra_dev_001400,1
tra_dev_001401,3
tra_dev_001402,2
tra_dev_001403,1
tra_dev_001404,3
tra_dev_001405,2
tra_dev_001406,0
tra_dev_001407,4
tra_dev_001408,4
tra_dev_001409,1
tra_dev_001410,2
tra_dev_001411,3
tra_dev_001412,4
tra_dev_001413,1
tra_dev_001414,0
tra_dev_001415,1
tra_dev_001416,3
tra_dev_001417,2
tra_dev_001418,0
tra_dev_001419,2
tra_dev_001420,1
tra_dev_001421,4
tra_dev_001422,1
tra_dev_001423,1
tra_dev_001424,0
tra_dev_001425,4
tra_dev_001426,4
tra_dev_001427,2
tra_dev_001428,0
tra_dev_001429,4
tra_dev_001430,3
tra_dev_001431,4
tra_dev_001432,0
tra_dev_001433,2
tra_dev_001434,1
tra_dev_001435,1
tra_dev_001436,3
tra_dev_001437,2
tra_dev_001438,0
tra_dev_001439,4
tra_dev_001440,4
tra_dev_001441,2
tra_dev_001442,0
tra_dev_001443,0
tra_dev_001444,2
tra_dev_001445,3
tra_dev_001446,4
tra_dev_001447,2
tra_dev_001448,0
tra_dev_001449,0
tra_dev_001450,4
tra_dev_001451,0
tra_dev_001452,0
tra_dev_001453,2
tra_dev_001454,2
tra_dev_001455,2
tra_dev_001456,2
tra_dev_001457,1
tra_dev_001458,1
tra_dev_001459,4
tra_dev_001460,4
tra_dev_001461,3
tra_dev_001462,3
tra_dev_001463,3
tra_dev_001464,2
tra_dev_001465,0
tra_dev_001466,1
tra_dev_001467,0
tra_dev_001468,4
tra_dev_001469,0
tra_dev_001470,1
tra_dev_001471,3
tra_dev_001472,2
tra_dev_001473,1
tra_dev_001474,0
tra_dev_001475,2
tra_dev_001476,1
tra_dev_001477,3
tra_dev_001478,4
tra_dev_001479,3
tra_dev_001480,4
tra_dev_001481,4
tra_dev_001482,2
tra_dev_001483,2
tra_dev_001484,4
tra_dev_001485,0
tra_dev_001486,4
tra_dev_001487,4
tra_dev_001488,2
tra_dev_001489,1
tra_dev_001490,4
tra_dev_001491,0
tra_dev_001492,0
tra_dev_001493,1
tra_dev_001494,1
tra_dev_001495,0
tra_dev_001497,0
tra_dev_001498,4
tra_dev_001499,0
tra_dev_001500,2
tra_dev_001501,1
tra_dev_001502,0
tra_dev_001503,0
tra_dev_001504,0
tra_dev_001505,2
tra_dev_001506,3
tra_dev_001507,2
tra_dev_001508,3
tra_dev_001509,1
tra_dev_001510,0
tra_dev_001511,4
tra_dev_001512,3
tra_dev_001514,2
tra_dev_001516,2
tra_dev_001517,2
tra_dev_001518,2
tra_dev_001519,2
tra_dev_001520,2
tra_dev_001521,2
tra_dev_001522,2
tra_dev_001523,0
tra_dev_001524,1
tra_dev_001525,3
tra_dev_001526,3
tra_dev_001527,2
tra_dev_001528,0
tra_dev_001529,4
tra_dev_001530,3
tra_dev_001531,4
tra_dev_001532,4
tra_dev_001533,3
tra_dev_001534,2
tra_dev_001535,1
tra_dev_001536,2
tra_dev_001537,2
tra_dev_001538,1
tra_dev_001539,4
tra_dev_001540,4
tra_dev_001541,2
tra_dev_001542,0
tra_dev_001543,4
tra_dev_001544,3
tra_dev_001545,1
tra_dev_001546,1
tra_dev_001547,2
tra_dev_001548,4
tra_dev_001549,2
tra_dev_001550,0
tra_dev_001551,1
tra_dev_001552,1
tra_dev_001553,2
tra_dev_001554,4
tra_dev_001555,2
tra_dev_001556,2
tra_dev_001557,0
tra_dev_001558,3
tra_dev_001559,2
tra_dev_001560,1
tra_dev_001561,4
tra_dev_001562,1
tra_dev_001563,2
tra_dev_001564,1
tra_dev_001565,4
tra_dev_001566,3
tra_dev_001567,3
tra_dev_001568,3
tra_dev_001569,3
tra_dev_001570,0
tra_dev_001571,4
tra_dev_001572,2
tra_dev_001573,4
tra_dev_001574,2
tra_dev_001575,2
tra_dev_001576,2
tra_dev_001577,2
tra_dev_001578,3
tra_dev_001579,2
tra_dev_001580,2
tra_dev_001581,0
tra_dev_001582,0
tra_dev_001583,4
tra_dev_001584,1
tra_dev_001585,0
tra_dev_001586,3
tra_dev_001587,4
tra_dev_001588,2
tra_dev_001589,3
tra_dev_001590,3
tra_dev_001591,1
tra_dev_001592,4
tra_dev_001593,3
tra_dev_001594,4
tra_dev_001595,0
tra_dev_001596,3
tra_dev_001597,4
tra_dev_001598,3
tra_dev_001599,0
tra_dev_001600,1
tra_dev_001601,3
tra_dev_001602,1
tra_dev_001603,2
tra_dev_001604,3
tra_dev_001605,2
tra_dev_001606,1
tra_dev_001607,1
tra_dev_001608,1
tra_dev_001611,3
tra_dev_001612,3
tra_dev_001613,3
tra_dev_001614,0
tra_dev_001615,0
tra_dev_001616,0
tra_dev_001617,2
tra_dev_001618,1
tra_dev_001619,4
tra_dev_001620,4
tra_dev_001621,1
tra_dev_001622,3
tra_dev_001623,2
tra_dev_001624,0
tra_dev_001625,4
tra_dev_001626,1
tra_dev_001627,3
tra_dev_001628,4
tra_dev_001629,0
tra_dev_001630,1
tra_dev_001631,4
tra_dev_001632,0
tra_dev_001633,4
tra_dev_001634,2
tra_dev_001635,2
tra_dev_001636,3
tra_dev_001637,2
tra_dev_001638,1
tra_dev_001639,4
tra_dev_001640,2
tra_dev_001641,2
tra_dev_001642,3
tra_dev_001643,1
tra_dev_001644,1
tra_dev_001645,4
tra_dev_001646,4
tra_dev_001647,1
tra_dev_001648,1
tra_dev_001649,4
tra_dev_001650,3
tra_dev_001651,1
tra_dev_001652,4
tra_dev_001653,1
tra_dev_001654,0
tra_dev_001655,0
tra_dev_001656,2
tra_dev_001657,2
tra_dev_001658,0
tra_dev_001659,0
tra_dev_001660,2
tra_dev_001661,0
tra_dev_001662,1
tra_dev_001663,4
tra_dev_001664,3
tra_dev_001665,0
tra_dev_001666,0
tra_dev_001667,4
tra_dev_001668,3
tra_dev_001669,1
tra_dev_001670,3
tra_dev_001671,0
tra_dev_001672,0
tra_dev_001673,2
tra_dev_001674,4
tra_dev_001675,2
tra_dev_001676,3
tra_dev_001677,0
tra_dev_001678,1
tra_dev_001679,1
tra_dev_001680,1
tra_dev_001681,2
tra_dev_001682,1
tra_dev_001683,4
tra_dev_001684,1
tra_dev_001685,3
tra_dev_001686,2
tra_dev_001687,3
tra_dev_001688,3
tra_dev_001689,1
tra_dev_001690,3
tra_dev_001691,2
tra_dev_001692,0
tra_dev_001693,4
tra_dev_001694,4
tra_dev_001695,4
tra_dev_001696,0
tra_dev_001697,3
tra_dev_001698,4
tra_dev_001699,4
tra_dev_001700,4
tra_dev_001701,4
tra_dev_001702,0
tra_dev_001703,0
tra_dev_001704,3
tra_dev_001705,3
tra_dev_001706,3
tra_dev_001707,4
tra_dev_001708,0
tra_dev_001709,4
tra_dev_001710,1
tra_dev_001711,2
tra_dev_001712,2
tra_dev_001713,2
tra_dev_001714,4
tra_dev_001715,4
tra_dev_001716,3
tra_dev_001717,2
tra_dev_001718,0
tra_dev_001719,3
tra_dev_001720,3
tra_dev_001721,0
tra_dev_001722,1
tra_dev_001723,3
tra_dev_001724,3
tra_dev_001725,1
tra_dev_001726,2
tra_dev_001727,3
tra_dev_001728,2
tra_dev_001729,0
tra_dev_001730,1
tra_dev_001731,2
tra_dev_001732,3
tra_dev_001733,1
tra_dev_001734,3
tra_dev_001735,2
tra_dev_001736,3
tra_dev_001737,2
tra_dev_001738,4
tra_dev_001739,2
tra_dev_001740,1
tra_dev_001741,1
tra_dev_001742,3
tra_dev_001743,2
tra_dev_001744,2
tra_dev_001745,3
tra_dev_001746,1
tra_dev_001747,1
tra_dev_001748,4
tra_dev_001749,4
tra_dev_001750,1
tra_dev_001751,1
tra_dev_001752,1
tra_dev_001753,3
tra_dev_001754,4
tra_dev_001755,0
tra_dev_001756,0
tra_dev_001757,2
tra_dev_001758,0
tra_dev_001759,2
tra_dev_001761,2
tra_dev_001763,3
tra_dev_001764,2
tra_dev_001765,2
tra_dev_001766,3
tra_dev_001767,0
tra_dev_001768,2
tra_dev_001769,2
tra_dev_001770,2
tra_dev_001771,1
tra_dev_001772,1
tra_dev_001773,3
tra_dev_001774,4
tra_dev_001775,1
tra_dev_001776,2
tra_dev_001777,0
tra_dev_001778,0
tra_dev_001779,4
tra_dev_001780,1
tra_dev_001781,0
tra_dev_001782,3
tra_dev_001783,0
tra_dev_001784,0
tra_dev_001785,4
tra_dev_001786,0
tra_dev_001787,1
tra_dev_001788,2
tra_dev_001789,1
tra_dev_001790,0
tra_dev_001791,3
tra_dev_001792,1
tra_dev_001793,1
tra_dev_001794,4
tra_dev_001795,0
tra_dev_001796,1
tra_dev_001797,3
tra_dev_001798,1
tra_dev_001799,2
tra_dev_001800,3
tra_dev_001801,2
tra_dev_001802,3
tra_dev_001803,0
tra_dev_001804,0
tra_dev_001805,4
tra_dev_001806,0
tra_dev_001807,2
tra_dev_001808,0
tra_dev_001809,0
tra_dev_001810,2
tra_dev_001811,0
tra_dev_001812,4
tra_dev_001813,1
tra_dev_001814,3
tra_dev_001815,4
tra_dev_001816,2
tra_dev_001817,3
tra_dev_001818,4
tra_dev_001819,4
tra_dev_001820,0
tra_dev_001821,0
tra_dev_001822,0
tra_dev_001823,4
tra_dev_001824,2
tra_dev_001825,0
tra_dev_001826,4
tra_dev_001827,2
tra_dev_001828,2
tra_dev_001829,0
tra_dev_001830,1
tra_dev_001831,4
tra_dev_001832,1
tra_dev_001833,3
tra_dev_001834,3
tra_dev_001835,1
tra_dev_001836,2
tra_dev_001837,3
tra_dev_001838,0
tra_dev_001839,0
tra_dev_001840,0
tra_dev_001841,2
tra_dev_001842,3
tra_dev_001843,2
tra_dev_001844,2
tra_dev_001845,1
tra_dev_001846,0
tra_dev_001847,4
tra_dev_001848,2
tra_dev_001849,3
tra_dev_001850,3
tra_dev_001851,0
tra_dev_001852,0
tra_dev_001853,0
tra_dev_001854,1
tra_dev_001855,1
tra_dev_001856,3
tra_dev_001857,4
tra_dev_001858,0
tra_dev_001859,3
tra_dev_001860,0
tra_dev_001861,4
tra_dev_001862,2
tra_dev_001863,0
tra_dev_001864,1
tra_dev_001865,3
tra_dev_001866,4
tra_dev_001867,1
tra_dev_001868,3
tra_dev_001869,4
tra_dev_001870,1
tra_dev_001871,3
tra_dev_001873,2
tra_dev_001874,2
tra_dev_001875,0
tra_dev_001876,3
tra_dev_001877,0
tra_dev_001878,0
tra_dev_001879,3
tra_dev_001880,1
tra_dev_001881,2
tra_dev_001882,2
tra_dev_001883,3
tra_dev_001884,0
tra_dev_001885,4
tra_dev_001886,0
tra_dev_001887,2
tra_dev_001888,0
tra_dev_001889,4
tra_dev_001890,4
tra_dev_001891,2
tra_dev_001892,0
tra_dev_001893,2
tra_dev_001894,2
tra_dev_001895,1
tra_dev_001896,3
tra_dev_001897,3
tra_dev_001898,3
tra_dev_001899,2
tra_dev_001900,2
tra_dev_001901,3
tra_dev_001902,4
tra_dev_001903,3
tra_dev_001904,4
tra_dev_001905,1
tra_dev_001906,4
tra_dev_001907,1
tra_dev_001908,0
tra_dev_001909,1
tra_dev_001910,4
tra_dev_001911,1
tra_dev_001912,3
tra_dev_001913,1
tra_dev_001914,4
tra_dev_001915,2
tra_dev_001916,3
tra_dev_001917,0
tra_dev_001918,4
tra_dev_001919,3
tra_dev_001920,1
tra_dev_001921,1
tra_dev_001922,1
tra_dev_001923,0
tra_dev_001924,3
tra_dev_001925,3
tra_dev_001926,4
tra_dev_001927,3
tra_dev_001928,3
tra_dev_001929,1
tra_dev_001930,0
tra_dev_001931,0
tra_dev_001932,3
tra_dev_001933,4
tra_dev_001934,4
tra_dev_001935,0
tra_dev_001936,2
tra_dev_001937,1
tra_dev_001938,1
tra_dev_001939,1
tra_dev_001940,1
tra_dev_001941,4
tra_dev_001942,3
tra_dev_001943,3
tra_dev_001944,1
tra_dev_001945,2
tra_dev_001946,3
tra_dev_001947,0
tra_dev_001948,3
tra_dev_001949,2
tra_dev_001950,4
tra_dev_001951,4
tra_dev_001952,3
tra_dev_001953,4
tra_dev_001954,3
tra_dev_001955,0
tra_dev_001956,2
tra_dev_001957,2
tra_dev_001958,4
tra_dev_001959,3
tra_dev_001960,1
tra_dev_001961,1
tra_dev_001962,3
tra_dev_001963,2
tra_dev_001964,1
tra_dev_001965,4
tra_dev_001966,3
tra_dev_001967,2
tra_dev_001968,1
tra_dev_001969,1
tra_dev_001970,2
tra_dev_001971,4
tra_dev_001972,4
tra_dev_001973,3
tra_dev_001974,2
tra_dev_001975,1
tra_dev_001976,0
tra_dev_001977,2
tra_dev_001978,3
tra_dev_001979,0
tra_dev_001980,0
tra_dev_001981,4
tra_dev_001982,2
tra_dev_001983,0
tra_dev_001984,3
tra_dev_001985,3
tra_dev_001986,0
tra_dev_001987,1
tra_dev_001988,4
tra_dev_001989,1
tra_dev_001990,3
tra_dev_001991,3
tra_dev_001992,0
tra_dev_001993,0
tra_dev_001994,2
tra_dev_001995,0
tra_dev_001996,4
tra_dev_001997,0
tra_dev_001998,1
tra_dev_001999,3
tra_dev_002000,2
tra_dev_002001,3
tra_dev_002002,2
tra_dev_002003,4
tra_dev_002004,3
tra_dev_002005,3
tra_dev_002006,0
tra_dev_002007,0
tra_dev_002008,0
tra_dev_002009,1
tra_dev_002010,1
tra_dev_002011,4
tra_dev_002012,0
tra_dev_002013,1
tra_dev_002014,0
tra_dev_002015,1
tra_dev_002016,2
tra_dev_002017,0
tra_dev_002018,3
tra_dev_002019,4
tra_dev_002020,1
tra_dev_002021,4
tra_dev_002022,2
tra_dev_002023,3
tra_dev_002024,1
tra_dev_002025,1
tra_dev_002026,2
tra_dev_002027,0
tra_dev_002028,1
tra_dev_002029,3
tra_dev_002030,2
tra_dev_002031,3
tra_dev_002032,0
tra_dev_002033,4
tra_dev_002034,1
tra_dev_002035,2
tra_dev_002036,4
tra_dev_002037,4
tra_dev_002038,0
tra_dev_002039,2
tra_dev_002040,3
tra_dev_002041,4
tra_dev_002042,0
tra_dev_002043,4
tra_dev_002044,2
tra_dev_002045,2
tra_dev_002046,0
tra_dev_002047,3
tra_dev_002048,1
tra_dev_002049,2
tra_dev_002050,1
tra_dev_002051,2
tra_dev_002052,3
tra_dev_002053,2
tra_dev_002054,4
tra_dev_002055,4
tra_dev_002056,3
tra_dev_002057,4
tra_dev_002058,2
tra_dev_002059,2
tra_dev_002060,1
tra_dev_002061,0
tra_dev_002062,2
tra_dev_002063,1
tra_dev_002064,3
tra_dev_002065,3
tra_dev_002066,3
tra_dev_002067,4
tra_dev_002068,4
tra_dev_002069,0
tra_dev_002070,4
tra_dev_002071,1
tra_dev_002072,4
tra_dev_002073,2
tra_dev_002074,3
tra_dev_002075,1
tra_dev_002076,0
tra_dev_002077,4
tra_dev_002078,0
tra_dev_002079,2
tra_dev_002080,0
tra_dev_002081,0
tra_dev_002082,4
tra_dev_002083,0
tra_dev_002084,1
tra_dev_002085,1
tra_dev_002086,2
tra_dev_002087,2
tra_dev_002088,3
tra_dev_002089,3
tra_dev_002090,2
tra_dev_002091,4
tra_dev_002092,3
tra_dev_002093,4
tra_dev_002094,2
tra_dev_002095,4
tra_dev_002096,1
tra_dev_002097,3
tra_dev_002098,4
tra_dev_002099,3
tra_dev_002100,0
tra_dev_002101,2
tra_dev_002102,3
tra_dev_002103,3
tra_dev_002104,0
tra_dev_002105,2
tra_dev_002106,3
tra_dev_002107,4
tra_dev_002108,4
tra_dev_002109,0
tra_dev_002110,2
tra_dev_002111,4
tra_dev_002112,2
tra_dev_002113,1
tra_dev_002114,2
tra_dev_002115,3
tra_dev_002116,0
tra_dev_002117,2
tra_dev_002118,2
tra_dev_002119,1
tra_dev_002120,4
tra_dev_002121,4
tra_dev_002122,3
tra_dev_002123,2
tra_dev_002124,4
tra_dev_002125,0
tra_dev_002126,0
tra_dev_002127,2
tra_dev_002128,2
tra_dev_002129,0
tra_dev_002130,4
tra_dev_002131,2
tra_dev_002132,4
tra_dev_002133,1
tra_dev_002134,0
tra_dev_002135,0
tra_dev_002136,3
tra_dev_002137,4
tra_dev_002138,1
tra_dev_002139,1
tra_dev_002140,0
tra_dev_002141,0
tra_dev_002142,1
tra_dev_002143,3
tra_dev_002144,0
tra_dev_002145,4
tra_dev_002146,0
tra_dev_002147,1
tra_dev_002148,2
tra_dev_002149,1
tra_dev_002150,1
tra_dev_002151,2
tra_dev_002152,4
tra_dev_002153,4
tra_dev_002154,0
tra_dev_002155,1
tra_dev_002156,1
tra_dev_002157,4
tra_dev_002158,1
tra_dev_002159,0
tra_dev_002160,1
tra_dev_002161,3
tra_dev_002162,2
tra_dev_002163,2
tra_dev_002164,1
tra_dev_002165,3
tra_dev_002167,0
tra_dev_002168,2
tra_dev_002169,4
tra_dev_002170,0
tra_dev_002171,3
tra_dev_002172,4
tra_dev_002173,0
tra_dev_002174,2
tra_dev_002175,0
tra_dev_002176,3
tra_dev_002177,2
tra_dev_002178,3
tra_dev_002179,2
tra_dev_002180,2
tra_dev_002181,4
tra_dev_002182,1
tra_dev_002183,0
tra_dev_002184,0
tra_dev_002185,4
tra_dev_002186,0
tra_dev_002187,2
tra_dev_002188,1
tra_dev_002189,3
tra_dev_002190,1
tra_dev_002191,0
tra_dev_002192,0
tra_dev_002193,0
tra_dev_002194,4
tra_dev_002195,1
tra_dev_002196,2
tra_dev_002197,3
tra_dev_002198,2
tra_dev_002199,2
tra_dev_002200,0
tra_dev_002201,0
tra_dev_002202,1
tra_dev_002203,1
tra_dev_002204,1
tra_dev_002205,3
tra_dev_002206,0
tra_dev_002207,0
tra_dev_002208,3
tra_dev_002209,2
tra_dev_002210,2
tra_dev_002211,3
tra_dev_002212,3
tra_dev_002213,1
tra_dev_002214,2
tra_dev_002215,0
tra_dev_002216,1
tra_dev_002217,3
tra_dev_002218,4
tra_dev_002219,3
tra_dev_002220,2
tra_dev_002221,2
tra_dev_002222,0
tra_dev_002223,4
tra_dev_002224,1
tra_dev_002225,3
tra_dev_002226,1
tra_dev_002227,4
tra_dev_002228,4
tra_dev_002229,4
tra_dev_002230,4
tra_dev_002231,4
tra_dev_002232,4
tra_dev_002233,3
tra_dev_002234,1
tra_dev_002235,0
tra_dev_002236,1
tra_dev_002237,2
tra_dev_002238,3
tra_dev_002239,3
tra_dev_002240,3
tra_dev_002241,0
tra_dev_002242,3
tra_dev_002243,2
tra_dev_002244,2
tra_dev_002245,3
tra_dev_002246,0
tra_dev_002247,2
tra_dev_002248,1
tra_dev_002249,0
tra_dev_002250,1
tra_dev_002251,0
tra_dev_002252,1
tra_dev_002253,1
tra_dev_002254,0
tra_dev_002255,0
tra_dev_002256,3
tra_dev_002257,1
tra_dev_002258,2
tra_dev_002259,2
tra_dev_002260,4
tra_dev_002261,3
tra_dev_002262,1
tra_dev_002263,3
tra_dev_002264,4
tra_dev_002265,3
tra_dev_002266,2
tra_dev_002267,2
tra_dev_002268,3
tra_dev_002269,2
tra_dev_002270,4
tra_dev_002271,1
tra_dev_002272,2
tra_dev_002273,2
tra_dev_002274,2
tra_dev_002275,1
tra_dev_002276,2
tra_dev_002277,3
tra_dev_002278,4
tra_dev_002279,4
tra_dev_002280,0
tra_dev_002281,1
tra_dev_002282,1
tra_dev_002283,2
tra_dev_002284,4
tra_dev_002285,2
tra_dev_002286,2
tra_dev_002287,0
tra_dev_002288,4
tra_dev_002289,1
tra_dev_002290,2
tra_dev_002291,0
tra_dev_002292,0
tra_dev_002293,2
tra_dev_002294,0
tra_dev_002295,1
tra_dev_002296,3
tra_dev_002297,1
tra_dev_002298,4
tra_dev_002299,4
tra_dev_002300,1
tra_dev_002301,0
tra_dev_002302,4
tra_dev_002303,2
tra_dev_002304,2
tra_dev_002305,4
tra_dev_002306,0
tra_dev_002307,2
tra_dev_002308,2
tra_dev_002309,4
tra_dev_002310,1
tra_dev_002311,1
tra_dev_002312,4
tra_dev_002313,4
tra_dev_002314,2
tra_dev_002317,1
tra_dev_002318,2
tra_dev_002319,2
tra_dev_002320,3
tra_dev_002321,4
tra_dev_002322,0
tra_dev_002323,2
tra_dev_002324,1
tra_dev_002325,4
tra_dev_002326,1
tra_dev_002327,2
tra_dev_002328,2
tra_dev_002329,4
tra_dev_002330,1
tra_dev_002331,1
tra_dev_002332,2
tra_dev_002333,1
tra_dev_002334,3
tra_dev_002335,0
tra_dev_002336,0
tra_dev_002337,4
tra_dev_002338,0
tra_dev_002339,3
tra_dev_002340,2
tra_dev_002341,2
tra_dev_002342,4
tra_dev_002345,1
tra_dev_002346,1
tra_dev_002347,1
tra_dev_002348,1
tra_dev_002349,3
tra_dev_002350,0
tra_dev_002351,2
tra_dev_002353,4
tra_dev_002356,0
tra_dev_002357,2
tra_dev_002358,2
tra_dev_002359,0
tra_dev_002360,0
tra_dev_002361,0
tra_dev_002362,4
tra_dev_002363,3
tra_dev_002364,1
tra_dev_002365,4
tra_dev_002366,2
tra_dev_002367,0
tra_dev_002368,3
tra_dev_002369,4
tra_dev_002370,3
tra_dev_002371,4
tra_dev_002372,1
tra_dev_002373,2
tra_dev_002374,2
tra_dev_002375,0
tra_dev_002376,0
tra_dev_002377,3
tra_dev_002378,1
tra_dev_002379,1
tra_dev_002380,3
tra_dev_002381,3
tra_dev_002382,1
tra_dev_002383,1
tra_dev_002384,1
tra_dev_002385,2
tra_dev_002386,0
tra_dev_002387,2
tra_dev_002388,2
tra_dev_002389,4
tra_dev_002390,1
tra_dev_002391,4
tra_dev_002392,4
tra_dev_002393,4
tra_dev_002394,3
tra_dev_002395,2
tra_dev_002396,2
tra_dev_002397,1
tra_dev_002398,4
tra_dev_002399,1
tra_dev_002400,3
tra_dev_002401,0
tra_dev_002402,0
tra_dev_002403,2
tra_dev_002404,0
tra_dev_002405,2
tra_dev_002406,4
tra_dev_002407,2
tra_dev_002408,1
tra_dev_002409,3
tra_dev_002410,3
tra_dev_002411,4
tra_dev_002412,3
tra_dev_002413,0
tra_dev_002414,4
tra_dev_002415,3
tra_dev_002416,3
tra_dev_002417,2
tra_dev_002418,4
tra_dev_002419,0
tra_dev_002420,3
tra_dev_002421,1
tra_dev_002422,2
tra_dev_002423,4
tra_dev_002424,2
tra_dev_002425,0
tra_dev_002426,0
tra_dev_002427,4
tra_dev_002428,0
tra_dev_002429,0
tra_dev_002430,1
tra_dev_002431,2
tra_dev_002432,0
tra_dev_002433,3
tra_dev_002434,0
tra_dev_002435,2
tra_dev_002436,2
tra_dev_002437,2
tra_dev_002438,1
tra_dev_002439,2
tra_dev_002440,1
tra_dev_002441,1
tra_dev_002442,1
tra_dev_002443,2
tra_dev_002444,4
tra_dev_002445,2
tra_dev_002446,2
tra_dev_002447,1
tra_dev_002448,0
tra_dev_002449,3
tra_dev_002450,3
tra_dev_002451,1
tra_dev_002452,4
tra_dev_002453,2
tra_dev_002454,3
tra_dev_002455,0
tra_dev_002456,3
tra_dev_002457,0
tra_dev_002458,0
tra_dev_002459,4
tra_dev_002460,0
tra_dev_002461,0
tra_dev_002462,2
tra_dev_002463,3
tra_dev_002464,4
tra_dev_002465,4
tra_dev_002466,2
tra_dev_002467,1
tra_dev_002468,2
tra_dev_002469,3
tra_dev_002470,0
tra_dev_002471,3
tra_dev_002472,1
tra_dev_002473,1
tra_dev_002474,2
tra_dev_002475,2
tra_dev_002476,0
tra_dev_002477,0
tra_dev_002478,3
tra_dev_002479,2
tra_dev_002480,3
tra_dev_002481,1
tra_dev_002482,3
tra_dev_002483,4
tra_dev_002484,1
tra_dev_002485,3
tra_dev_002486,0
tra_dev_002487,0
tra_dev_002488,3
tra_dev_002489,4
tra_dev_002490,1
tra_dev_002491,1
tra_dev_002492,2
tra_dev_002493,1
tra_dev_002494,4
tra_dev_002495,1
tra_dev_002496,4
tra_dev_002497,3
tra_dev_002498,4
tra_dev_002499,4
tra_dev_002500,3
tra_dev_002501,0
tra_dev_002502,4
tra_dev_002503,2
tra_dev_002504,2
tra_dev_002505,2
tra_dev_002506,0
tra_dev_002507,4
tra_dev_002508,3
tra_dev_002509,4
tra_dev_002510,2
tra_dev_002511,2
tra_dev_002512,1
tra_dev_002513,2
tra_dev_002514,3
tra_dev_002515,1
tra_dev_002516,3
tra_dev_002517,4
tra_dev_002518,3
tra_dev_002519,4
tra_dev_002520,2
tra_dev_002521,3
tra_dev_002522,3
tra_dev_002523,3
tra_dev_002524,2
tra_dev_002525,2
tra_dev_002526,4
tra_dev_002527,2
tra_dev_002528,4
tra_dev_002529,0
tra_dev_002530,4
tra_dev_002531,0
tra_dev_002532,4
tra_dev_002533,3
tra_dev_002534,3
tra_dev_002535,2
tra_dev_002536,4
tra_dev_002537,1
tra_dev_002538,4
tra_dev_002539,2
tra_dev_002540,3
tra_dev_002541,1
tra_dev_002542,1
tra_dev_002543,2
tra_dev_002544,4
tra_dev_002545,0
tra_dev_002546,2
tra_dev_002547,4
tra_dev_002548,4
tra_dev_002549,1
tra_dev_002550,4
tra_dev_002551,3
tra_dev_002552,4
tra_dev_002553,1
tra_dev_002554,1
tra_dev_002555,2
tra_dev_002556,2
tra_dev_002557,0
tra_dev_002558,4
tra_dev_002559,3
tra_dev_002560,1
tra_dev_002561,1
tra_dev_002562,2
tra_dev_002563,0
tra_dev_002564,2
tra_dev_002565,0
tra_dev_002566,4
tra_dev_002567,4
tra_dev_002568,3
tra_dev_002569,0
tra_dev_002570,1
tra_dev_002571,3
tra_dev_002572,0
tra_dev_002573,1
tra_dev_002574,3
tra_dev_002575,4
tra_dev_002576,3
tra_dev_002577,3
tra_dev_002578,4
tra_dev_002579,3
tra_dev_002580,2
tra_dev_002581,2
tra_dev_002582,2
tra_dev_002583,1
tra_dev_002584,0
tra_dev_002585,2
tra_dev_002586,0
tra_dev_002587,4
tra_dev_002588,2
tra_dev_002589,1
tra_dev_002590,4
tra_dev_002591,1
tra_dev_002592,3
tra_dev_002593,1
tra_dev_002594,2
tra_dev_002595,3
tra_dev_002596,3
tra_dev_002597,3
tra_dev_002598,4
tra_dev_002599,2
tra_dev_002600,4
tra_dev_002601,4
tra_dev_002602,0
tra_dev_002603,4
tra_dev_002604,4
tra_dev_002605,0
tra_dev_002606,3
tra_dev_002607,3
tra_dev_002608,3
tra_dev_002609,2
tra_dev_002610,0
tra_dev_002611,0
tra_dev_002612,4
tra_dev_002613,1
tra_dev_002614,3
tra_dev_002615,0
tra_dev_002616,0
tra_dev_002617,4
tra_dev_002618,3
tra_dev_002619,2
tra_dev_002620,4
tra_dev_002621,2
tra_dev_002622,0
tra_dev_002623,0
tra_dev_002624,4
tra_dev_002625,3
tra_dev_002626,2
tra_dev_002627,3
tra_dev_002628,3
tra_dev_002629,3
tra_dev_002630,1
tra_dev_002631,1
tra_dev_002632,4
tra_dev_002633,1
tra_dev_002634,2
tra_dev_002635,3
tra_dev_002636,1
tra_dev_002638,2
tra_dev_002639,4
tra_dev_002641,3
tra_dev_002642,0
tra_dev_002643,1
tra_dev_002644,1
tra_dev_002645,2
tra_dev_002646,1
tra_dev_002647,0
tra_dev_002648,1
tra_dev_002649,4
tra_dev_002650,3
tra_dev_002651,2
tra_dev_002652,3
tra_dev_002653,0
tra_dev_002654,3
tra_dev_002655,2
tra_dev_002656,2
tra_dev_002657,0
tra_dev_002658,3
tra_dev_002659,0
tra_dev_002660,0
tra_dev_002661,1
tra_dev_002662,0
tra_dev_002663,1
tra_dev_002664,3
tra_dev_002665,4
tra_dev_002666,3
tra_dev_002667,4
tra_dev_002668,0
tra_dev_002669,3
tra_dev_002670,3
tra_dev_002671,3
tra_dev_002672,0
tra_dev_002673,0
tra_dev_002674,4
tra_dev_002675,3
tra_dev_002676,4
tra_dev_002677,4
tra_dev_002678,2
tra_dev_002679,2
tra_dev_002680,4
tra_dev_002681,3
tra_dev_002682,1
tra_dev_002683,2
tra_dev_002684,0
tra_dev_002685,3
tra_dev_002686,3
tra_dev_002687,0
tra_dev_002688,0
tra_dev_002689,1
tra_dev_002690,2
tra_dev_002691,3
tra_dev_002692,0
tra_dev_002693,3
tra_dev_002694,3
tra_dev_002695,1
tra_dev_002696,0
tra_dev_002697,3
tra_dev_002698,3
tra_dev_002699,2
tra_dev_002700,3
tra_dev_002701,4
tra_dev_002702,3
tra_dev_002703,3
tra_dev_002704,1
tra_dev_002705,1
tra_dev_002706,0
tra_dev_002707,2
tra_dev_002708,2
tra_dev_002709,4
tra_dev_002710,4
tra_dev_002711,3
tra_dev_002712,3
tra_dev_002713,2
tra_dev_002714,2
tra_dev_002715,1
tra_dev_002716,1
tra_dev_002717,3
tra_dev_002718,0
tra_dev_002719,1
tra_dev_002720,1
tra_dev_002721,0
tra_dev_002722,1
tra_dev_002723,2
tra_dev_002724,1
tra_dev_002725,4
tra_dev_002726,4
tra_dev_002727,1
tra_dev_002728,2
tra_dev_002729,3
tra_dev_002730,0
tra_dev_002731,2
tra_dev_002732,2
tra_dev_002733,3
tra_dev_002734,4
tra_dev_002735,1
tra_dev_002736,0
tra_dev_002737,3
tra_dev_002738,3
tra_dev_002739,4
tra_dev_002740,3
tra_dev_002741,2
tra_dev_002742,1
tra_dev_002743,1
tra_dev_002744,3
tra_dev_002745,0
tra_dev_002746,1
tra_dev_002747,3
tra_dev_002748,1
tra_dev_002749,4
tra_dev_002750,3
tra_dev_002751,3
tra_dev_002752,2
tra_dev_002753,0
tra_dev_002754,3
tra_dev_002755,1
tra_dev_002756,2
tra_dev_002757,3
tra_dev_002758,1
tra_dev_002759,2
tra_dev_002760,1
tra_dev_002761,1
tra_dev_002762,4
tra_dev_002763,0
tra_dev_002764,0
tra_dev_002765,1
tra_dev_002766,0
tra_dev_002767,0
tra_dev_002768,4
tra_dev_002769,4
tra_dev_002770,3
tra_dev_002771,0
tra_dev_002772,2
tra_dev_002773,4
tra_dev_002774,1
tra_dev_002775,2
tra_dev_002776,1
tra_dev_002777,0
tra_dev_002778,3
tra_dev_002779,3
tra_dev_002780,2
tra_dev_002781,4
tra_dev_002782,2
tra_dev_002783,2
tra_dev_002784,2
tra_dev_002785,3
tra_dev_002786,0
tra_dev_002787,3
tra_dev_002788,1
tra_dev_002789,0
tra_dev_002790,2
tra_dev_002791,0
tra_dev_002792,0
tra_dev_002793,3
tra_dev_002794,3
tra_dev_002796,1
tra_dev_002797,2
tra_dev_002798,3
tra_dev_002799,4
tra_dev_002800,3
tra_dev_002801,4
tra_dev_002802,3
tra_dev_002803,0
tra_dev_002804,2
tra_dev_002805,2
tra_dev_002806,1
tra_dev_002807,1
tra_dev_002808,3
tra_dev_002809,0
tra_dev_002810,0
tra_dev_002811,0
tra_dev_002812,2
tra_dev_002813,3
tra_dev_002814,2
tra_dev_002815,3
tra_dev_002816,3
tra_dev_002817,1
tra_dev_002818,1
tra_dev_002819,1
tra_dev_002820,3
tra_dev_002821,4
tra_dev_002822,2
tra_dev_002823,1
tra_dev_002824,3
tra_dev_002825,4
tra_dev_002826,4
tra_dev_002827,0
tra_dev_002828,0
tra_dev_002829,0
tra_dev_002830,2
tra_dev_002831,2
tra_dev_002832,3
tra_dev_002833,0
tra_dev_002834,3
tra_dev_002835,3
tra_dev_002836,4
tra_dev_002837,4
tra_dev_002838,3
tra_dev_002839,0
tra_dev_002840,4
tra_dev_002841,2
tra_dev_002842,0
tra_dev_002843,4
tra_dev_002844,0
tra_dev_002845,1
tra_dev_002846,1
tra_dev_002847,4
tra_dev_002848,1
tra_dev_002849,0
tra_dev_002850,4
tra_dev_002851,1
tra_dev_002852,1
tra_dev_002853,2
tra_dev_002854,1
tra_dev_002855,4
tra_dev_002856,1
tra_dev_002857,2
tra_dev_002858,2
tra_dev_002859,4
tra_dev_002860,2
tra_dev_002861,4
tra_dev_002862,3
tra_dev_002863,3
tra_dev_002864,4
tra_dev_002865,2
tra_dev_002866,4
tra_dev_002867,0
tra_dev_002868,3
tra_dev_002869,3
tra_dev_002870,4
tra_dev_002871,1
tra_dev_002872,2
tra_dev_002873,1
tra_dev_002874,1
tra_dev_002875,2
tra_dev_002876,3
tra_dev_002877,0
tra_dev_002878,2
tra_dev_002879,2
tra_dev_002880,2
tra_dev_002881,1
tra_dev_002882,4
tra_dev_002883,2
tra_dev_002884,0
tra_dev_002885,3
tra_dev_002886,2
tra_dev_002887,3
tra_dev_002888,3
tra_dev_002889,4
tra_dev_002890,2
tra_dev_002891,0
tra_dev_002892,2
tra_dev_002893,3
tra_dev_002894,3
tra_dev_002895,0
tra_dev_002896,4
tra_dev_002897,0
tra_dev_002898,3
tra_dev_002899,4
tra_dev_002900,3
tra_dev_002901,2
tra_dev_002902,2
tra_dev_002903,1
tra_dev_002904,0
tra_dev_002905,1
tra_dev_002906,4
tra_dev_002907,4
tra_dev_002908,4
tra_dev_002909,4
tra_dev_002910,3
tra_dev_002911,1
tra_dev_002912,1
tra_dev_002913,1
tra_dev_002914,0
tra_dev_002915,1
tra_dev_002916,0
tra_dev_002917,3
tra_dev_002918,0
tra_dev_002919,0
tra_dev_002920,2
tra_dev_002922,4
tra_dev_002923,0
tra_dev_002924,0
tra_dev_002925,4
tra_dev_002926,0
tra_dev_002927,3
tra_dev_002928,1
tra_dev_002929,4
tra_dev_002930,2
tra_dev_002931,2
tra_dev_002932,1
tra_dev_002933,3
tra_dev_002934,3
tra_dev_002935,2
tra_dev_002936,1
tra_dev_002939,3
tra_dev_002940,3
tra_dev_002941,2
tra_dev_002942,2
tra_dev_002943,0
tra_dev_002944,2
tra_dev_002945,1
tra_dev_002946,2
tra_dev_002947,1
tra_dev_002948,1
tra_dev_002949,0
tra_dev_002950,0
tra_dev_002951,1
tra_dev_002952,4
tra_dev_002953,1
tra_dev_002954,0
tra_dev_002955,1
tra_dev_002956,0
tra_dev_002957,4
tra_dev_002958,2
tra_dev_002959,2
tra_dev_002960,4
tra_dev_002961,3
tra_dev_002962,3
tra_dev_002963,3
tra_dev_002964,1
tra_dev_002965,1
tra_dev_002966,4
tra_dev_002967,2
tra_dev_002968,3
tra_dev_002969,0
tra_dev_002970,0
tra_dev_002971,1
tra_dev_002972,4
tra_dev_002973,0
tra_dev_002974,4
tra_dev_002975,3
tra_dev_002976,0
tra_dev_002977,0
tra_dev_002978,2
tra_dev_002979,1
tra_dev_002980,4
tra_dev_002981,1
tra_dev_002982,1
tra_dev_002983,1
tra_dev_002984,3
tra_dev_002985,0
tra_dev_002986,0
tra_dev_002987,3
tra_dev_002988,2
tra_dev_002989,4
tra_dev_002990,0
tra_dev_002991,4
tra_dev_002992,4
tra_dev_002993,3
tra_dev_002994,0
tra_dev_002995,3
tra_dev_002996,4
tra_dev_002997,4
tra_dev_002998,4
tra_dev_002999,1
tra_dev_003000,4
tra_dev_003001,0
tra_dev_003002,0
tra_dev_003003,3
tra_dev_003004,4
tra_dev_003005,0
tra_dev_003006,4
tra_dev_003007,3
tra_dev_003008,4
tra_dev_003009,3
tra_dev_003010,1
tra_dev_003011,1
tra_dev_003012,0
tra_dev_003013,2
tra_dev_003016,2
tra_dev_003017,2
tra_dev_003018,0
tra_dev_003019,4
tra_dev_003020,4
tra_dev_003021,3
tra_dev_003022,3
tra_dev_003023,2
tra_dev_003024,1
tra_dev_003025,4
tra_dev_003026,0
tra_dev_003027,3
tra_dev_003028,1
tra_dev_003029,2
tra_dev_003030,3
tra_dev_003031,1
tra_dev_003032,3
tra_dev_003033,1
tra_dev_003034,1
tra_dev_003035,0
tra_dev_003036,0
tra_dev_003037,3
tra_dev_003038,2
tra_dev_003039,3
tra_dev_003040,2
tra_dev_003041,0
tra_dev_003042,4
tra_dev_003043,1
tra_dev_003044,2
tra_dev_003045,0
tra_dev_003046,0
tra_dev_003047,4
tra_dev_003048,0
tra_dev_003049,3
tra_dev_003050,2
tra_dev_003051,1
tra_dev_003052,2
tra_dev_003053,4
tra_dev_003054,4
tra_dev_003055,1
tra_dev_003056,0
tra_dev_003057,1
tra_dev_003058,3
tra_dev_003059,0
tra_dev_003060,4
tra_dev_003061,4
tra_dev_003062,2
tra_dev_003063,3
tra_dev_003064,0
tra_dev_003065,1
tra_dev_003066,1
tra_dev_003067,0
tra_dev_003068,0
tra_dev_003069,1
tra_dev_003070,2
tra_dev_003071,0
tra_dev_003072,4
tra_dev_003073,4
tra_dev_003074,2
tra_dev_003075,4
tra_dev_003076,4
tra_dev_003077,0
tra_dev_003078,1
tra_dev_003079,3
tra_dev_003080,0
tra_dev_003081,2
tra_dev_003082,3
tra_dev_003083,1
tra_dev_003084,1
tra_dev_003085,1
tra_dev_003086,4
tra_dev_003087,4
tra_dev_003088,3
tra_dev_003089,2
tra_dev_003090,1
tra_dev_003091,1
tra_dev_003092,0
tra_dev_003093,3
tra_dev_003094,2
tra_dev_003095,0
tra_dev_003096,2
tra_dev_003097,1
tra_dev_003098,3
tra_dev_003099,1
tra_dev_003100,1
tra_dev_003101,4
tra_dev_003102,1
tra_dev_003103,4
tra_dev_003104,2
tra_dev_003105,3
tra_dev_003106,4
tra_dev_003107,0
tra_dev_003108,3
tra_dev_003109,3
tra_dev_003110,4
tra_dev_003111,2
tra_dev_003112,4
tra_dev_003113,3
tra_dev_003114,0
tra_dev_003115,1
tra_dev_003116,2
tra_dev_003117,4
tra_dev_003118,0
tra_dev_003119,1
tra_dev_003120,3
tra_dev_003121,3
tra_dev_003122,0
tra_dev_003123,3
tra_dev_003124,0
tra_dev_003125,2
tra_dev_003126,0
tra_dev_003127,0
tra_dev_003128,2
tra_dev_003129,1
tra_dev_003130,3
tra_dev_003131,0
tra_dev_003132,0
tra_dev_003133,0
tra_dev_003134,3
tra_dev_003135,3
tra_dev_003136,3
tra_dev_003137,2
tra_dev_003138,2
tra_dev_003139,3
tra_dev_003140,3
tra_dev_003141,0
tra_dev_003142,1
tra_dev_003143,0
tra_dev_003144,3
tra_dev_003145,3
tra_dev_003146,3
tra_dev_003147,1
tra_dev_003148,2
tra_dev_003149,0
tra_dev_003150,3
tra_dev_003151,0
tra_dev_003152,4
tra_dev_003153,2
tra_dev_003154,2
tra_dev_003155,1
tra_dev_003156,4
tra_dev_003157,3
tra_dev_003158,0
tra_dev_003159,1
tra_dev_003160,2
tra_dev_003161,2
tra_dev_003162,4
tra_dev_003163,3
tra_dev_003164,1
tra_dev_003165,2
tra_dev_003166,4
tra_dev_003167,1
tra_dev_003168,4
tra_dev_003169,3
tra_dev_003170,0
tra_dev_003171,3
tra_dev_003172,1
tra_dev_003173,0
tra_dev_003174,1
tra_dev_003175,2
tra_dev_003176,2
tra_dev_003177,4
tra_dev_003178,0
tra_dev_003179,0
tra_dev_003180,3
tra_dev_003181,2
tra_dev_003182,0
tra_dev_003183,0
tra_dev_003184,0
tra_dev_003185,0
tra_dev_003186,4
tra_dev_003187,4
tra_dev_003188,4
tra_dev_003189,0
tra_dev_003190,0
tra_dev_003191,0
tra_dev_003192,2
tra_dev_003193,1
tra_dev_003194,3
tra_dev_003195,3
tra_dev_003196,3
tra_dev_003197,3
tra_dev_003198,3
tra_dev_003199,0
tra_dev_003200,3
tra_dev_003201,0
tra_dev_003202,4
tra_dev_003203,1
tra_dev_003204,3
tra_dev_003205,1
tra_dev_003206,3
tra_dev_003207,3
tra_dev_003208,1
tra_dev_003209,1
tra_dev_003210,4
tra_dev_003211,4
tra_dev_003212,4
tra_dev_003213,0
tra_dev_003214,1
tra_dev_003215,1
tra_dev_003216,3
tra_dev_003217,0
tra_dev_003218,2
tra_dev_003219,0
tra_dev_003220,1
tra_dev_003221,2
tra_dev_003222,4
tra_dev_003223,1
tra_dev_003224,1
tra_dev_003225,0
tra_dev_003226,1
tra_dev_003227,3
tra_dev_003228,0
tra_dev_003229,0
tra_dev_003230,4
tra_dev_003231,2
tra_dev_003232,2
tra_dev_003233,2
tra_dev_003234,1
tra_dev_003235,2
tra_dev_003236,4
tra_dev_003237,0
tra_dev_003238,4
tra_dev_003239,2
tra_dev_003240,4
tra_dev_003241,0
tra_dev_003242,2
tra_dev_003243,4
tra_dev_003244,3
tra_dev_003245,3
tra_dev_003246,4
tra_dev_003247,0
tra_dev_003248,1
tra_dev_003249,4
tra_dev_003250,0
tra_dev_003251,4
tra_dev_003252,1
tra_dev_003253,2
tra_dev_003254,1
tra_dev_003255,1
tra_dev_003256,1
tra_dev_003257,2
tra_dev_003258,4
tra_dev_003259,4
tra_dev_003260,1
tra_dev_003261,4
tra_dev_003262,2
tra_dev_003263,4
tra_dev_003264,3
tra_dev_003265,1
tra_dev_003266,4
tra_dev_003267,4
tra_dev_003268,3
tra_dev_003269,3
tra_dev_003270,4
tra_dev_003271,4
tra_dev_003272,3
tra_dev_003273,0
tra_dev_003274,0
tra_dev_003275,2
tra_dev_003276,1
tra_dev_003277,0
tra_dev_003278,1
tra_dev_003279,1
tra_dev_003280,3
tra_dev_003281,0
tra_dev_003282,0
tra_dev_003283,1
tra_dev_003284,2
tra_dev_003285,0
tra_dev_003286,3
tra_dev_003287,2
tra_dev_003288,3
tra_dev_003289,1
tra_dev_003290,1
tra_dev_003291,3
tra_dev_003292,3
tra_dev_003293,4
tra_dev_003294,3
tra_dev_003295,2
tra_dev_003296,2
tra_dev_003297,3
tra_dev_003298,0
tra_dev_003299,2
tra_dev_003300,1
tra_dev_003301,2
tra_dev_003302,2
tra_dev_003303,4
tra_dev_003304,2
tra_dev_003305,1
tra_dev_003306,0
tra_dev_003307,4
tra_dev_003308,4
tra_dev_003309,4
tra_dev_003310,4
tra_dev_003311,1
tra_dev_003312,0
tra_dev_003313,3
tra_dev_003314,1
tra_dev_003315,4
tra_dev_003316,2
tra_dev_003317,2
tra_dev_003318,0
tra_dev_003319,1
tra_dev_003320,3
tra_dev_003321,1
tra_dev_003322,0
tra_dev_003323,0
tra_dev_003324,0
tra_dev_003325,4
tra_dev_003326,1
tra_dev_003327,1
tra_dev_003328,3
tra_dev_003329,4
tra_dev_003330,4
tra_dev_003331,1
tra_dev_003332,0
tra_dev_003333,2
tra_dev_003334,2
tra_dev_003335,1
tra_dev_003336,0
tra_dev_003337,4
tra_dev_003338,4
tra_dev_003339,4
tra_dev_003340,2
tra_dev_003341,3
tra_dev_003342,0
tra_dev_003343,0
tra_dev_003344,0
tra_dev_003345,2
tra_dev_003346,0
tra_dev_003347,2
tra_dev_003348,4
tra_dev_003349,1
tra_dev_003350,4
tra_dev_003351,2
tra_dev_003352,3
tra_dev_003353,2
tra_dev_003354,1
tra_dev_003355,1
tra_dev_003356,3
tra_dev_003357,1
tra_dev_003358,3
tra_dev_003359,1
tra_dev_003360,4
tra_dev_003361,1
tra_dev_003362,3
tra_dev_003363,0
tra_dev_003365,1
tra_dev_003366,2
tra_dev_003367,3
tra_dev_003368,2
tra_dev_003369,0
tra_dev_003370,0
tra_dev_003371,0
tra_dev_003372,1
tra_dev_003373,0
tra_dev_003374,4
tra_dev_003375,4
tra_dev_003376,0
tra_dev_003377,0
tra_dev_003378,1
tra_dev_003379,4
tra_dev_003380,4
tra_dev_003381,2
tra_dev_003382,0
tra_dev_003383,2
tra_dev_003384,0
tra_dev_003385,3
tra_dev_003386,1
tra_dev_003387,2
tra_dev_003388,0
tra_dev_003389,2
tra_dev_003390,2
tra_dev_003391,3
tra_dev_003392,1
tra_dev_003393,4
tra_dev_003394,4
tra_dev_003395,1
tra_dev_003396,2
tra_dev_003397,0
tra_dev_003398,2
tra_dev_003399,2
tra_dev_003400,4
tra_dev_003401,0
tra_dev_003402,1
tra_dev_003403,3
tra_dev_003404,0
tra_dev_003405,2
tra_dev_003406,0
tra_dev_003407,0
tra_dev_003408,2
tra_dev_003409,4
tra_dev_003410,2
tra_dev_003411,2
tra_dev_003412,0
tra_dev_003413,3
tra_dev_003414,2
tra_dev_003415,1
tra_dev_003416,0
tra_dev_003418,0
tra_dev_003419,4
tra_dev_003420,3
tra_dev_003421,3
tra_dev_003422,4
tra_dev_003423,2
tra_dev_003424,2
tra_dev_003425,3
tra_dev_003426,0
tra_dev_003427,0
tra_dev_003428,4
tra_dev_003429,1
tra_dev_003430,4
tra_dev_003431,4
tra_dev_003432,0
tra_dev_003433,0
tra_dev_003434,3
tra_dev_003435,4
tra_dev_003436,4
tra_dev_003437,0
tra_dev_003438,1
tra_dev_003439,4
tra_dev_003440,4
tra_dev_003441,4
tra_dev_003442,4
tra_dev_003443,3
tra_dev_003444,4
tra_dev_003445,2
tra_dev_003446,0
tra_dev_003447,2
tra_dev_003448,4
tra_dev_003449,4
tra_dev_003450,1
tra_dev_003451,4
tra_dev_003452,3
tra_dev_003453,0
tra_dev_003454,3
tra_dev_003455,0
tra_dev_003456,2
tra_dev_003457,4
tra_dev_003458,4
tra_dev_003459,3
tra_dev_003460,3
tra_dev_003461,3
tra_dev_003462,2
tra_dev_003463,2
tra_dev_003464,1
tra_dev_003465,0
tra_dev_003466,4
tra_dev_003467,4
tra_dev_003468,0
tra_dev_003469,1
tra_dev_003470,0
tra_dev_003471,2
tra_dev_003472,0
tra_dev_003473,4
tra_dev_003474,1
tra_dev_003475,1
tra_dev_003476,0
tra_dev_003477,3
tra_dev_003478,1
tra_dev_003479,1
tra_dev_003480,4
tra_dev_003481,1
tra_dev_003482,2
tra_dev_003483,1
tra_dev_003484,3
tra_dev_003485,0
tra_dev_003486,4
tra_dev_003487,4
tra_dev_003488,0
tra_dev_003489,3
tra_dev_003490,1
tra_dev_003491,2
tra_dev_003492,0
tra_dev_003493,4
tra_dev_003494,1
tra_dev_003495,3
tra_dev_003496,4
tra_dev_003497,3
tra_dev_003498,1
tra_dev_003499,2
tra_dev_003502,1
tra_dev_003503,3
tra_dev_003504,2
tra_dev_003505,2
tra_dev_003506,2
tra_dev_003507,3
tra_dev_003508,4
tra_dev_003509,1
tra_dev_003510,1
tra_dev_003511,2
tra_dev_003512,0
tra_dev_003513,0
tra_dev_003514,1
tra_dev_003515,4
tra_dev_003516,4
tra_dev_003517,1
tra_dev_003518,2
tra_dev_003519,0
tra_dev_003520,3
tra_dev_003521,2
tra_dev_003522,0
tra_dev_003523,1
tra_dev_003524,2
tra_dev_003525,4
tra_dev_003526,2
tra_dev_003527,1
tra_dev_003528,4
tra_dev_003529,1
tra_dev_003530,0
tra_dev_003531,2
tra_dev_003532,3
tra_dev_003533,4
tra_dev_003534,4
tra_dev_003535,0
tra_dev_003536,2
tra_dev_003537,2
tra_dev_003538,3
tra_dev_003539,0
tra_dev_003540,0
tra_dev_003541,0
tra_dev_003542,2
tra_dev_003543,3
tra_dev_003544,3
tra_dev_003545,1
tra_dev_003546,3
tra_dev_003547,4
tra_dev_003548,3
tra_dev_003549,3
tra_dev_003550,2
tra_dev_003551,0
tra_dev_003552,1
tra_dev_003553,1
tra_dev_003554,1
tra_dev_003555,1
tra_dev_003556,1
tra_dev_003557,3
tra_dev_003558,4
tra_dev_003559,0
tra_dev_003560,0
tra_dev_003561,0
tra_dev_003562,2
tra_dev_003563,3
tra_dev_003564,0
tra_dev_003565,3
tra_dev_003566,0
tra_dev_003567,4
tra_dev_003568,4
tra_dev_003569,1
tra_dev_003570,2
tra_dev_003571,2
tra_dev_003572,3
tra_dev_003573,3
tra_dev_003574,1
tra_dev_003575,2
tra_dev_003576,3
tra_dev_003577,4
tra_dev_003578,1
tra_dev_003579,4
tra_dev_003580,3
tra_dev_003581,0
tra_dev_003582,2
tra_dev_003583,4
tra_dev_003584,2
tra_dev_003585,4
tra_dev_003586,4
tra_dev_003587,0
tra_dev_003588,2
tra_dev_003589,3
tra_dev_003590,0
tra_dev_003591,3
tra_dev_003592,0
tra_dev_003593,0
tra_dev_003594,3
tra_dev_003595,4
tra_dev_003596,2
tra_dev_003597,4
tra_dev_003598,4
tra_dev_003599,4
tra_dev_003600,3
tra_dev_003601,3
tra_dev_003602,4
tra_dev_003603,2
tra_dev_003604,4
tra_dev_003605,4
tra_dev_003606,2
tra_dev_003607,2
tra_dev_003608,0
tra_dev_003609,4
tra_dev_003610,3
tra_dev_003611,3
tra_dev_003612,4
tra_dev_003613,2
tra_dev_003614,2
tra_dev_003615,4
tra_dev_003616,0
tra_dev_003617,2
tra_dev_003618,1
tra_dev_003619,0
tra_dev_003620,3
tra_dev_003621,4
tra_dev_003622,0
tra_dev_003623,3
tra_dev_003624,3
tra_dev_003625,0
tra_dev_003626,0
tra_dev_003627,3
tra_dev_003628,1
tra_dev_003629,0
tra_dev_003630,1
tra_dev_003631,3
tra_dev_003632,1
tra_dev_003633,2
tra_dev_003634,2
tra_dev_003635,2
tra_dev_003636,1
tra_dev_003637,2
tra_dev_003638,1
tra_dev_003639,0
tra_dev_003640,3
tra_dev_003641,0
tra_dev_003642,2
tra_dev_003643,4
tra_dev_003644,2
tra_dev_003645,0
tra_dev_003646,3
tra_dev_003647,0
tra_dev_003648,4
tra_dev_003649,1
tra_dev_003650,3
tra_dev_003651,1
tra_dev_003652,4
tra_dev_003653,0
tra_dev_003654,1
tra_dev_003655,1
tra_dev_003656,0
tra_dev_003657,2
tra_dev_003658,2
tra_dev_003659,0
tra_dev_003660,0
tra_dev_003661,1
tra_dev_003662,1
tra_dev_003663,3
tra_dev_003664,4
tra_dev_003665,2
tra_dev_003666,2
tra_dev_003667,2
tra_dev_003668,4
tra_dev_003669,2
tra_dev_003671,2
tra_dev_003672,0
tra_dev_003673,4
tra_dev_003674,1
tra_dev_003675,3
tra_dev_003676,3
tra_dev_003677,1
tra_dev_003678,4
tra_dev_003679,4
tra_dev_003680,2
tra_dev_003681,4
tra_dev_003682,2
tra_dev_003683,3
tra_dev_003684,3
tra_dev_003685,0
tra_dev_003686,2
tra_dev_003687,0
tra_dev_003688,0
tra_dev_003689,3
tra_dev_003690,0
tra_dev_003691,3
tra_dev_003692,4
tra_dev_003693,1
tra_dev_003694,1
tra_dev_003695,4
tra_dev_003696,0
tra_dev_003697,2
tra_dev_003698,3
tra_dev_003699,0
tra_dev_003700,2
tra_dev_003701,2
tra_dev_003702,2
tra_dev_003703,1
tra_dev_003704,4
tra_dev_003705,3
tra_dev_003706,1
tra_dev_003707,2
tra_dev_003708,4
tra_dev_003709,0
tra_dev_003710,2
tra_dev_003711,0
tra_dev_003712,1
tra_dev_003713,2
tra_dev_003714,3
tra_dev_003715,1
tra_dev_003716,0
tra_dev_003717,0
tra_dev_003718,1
tra_dev_003719,2
tra_dev_003720,1
tra_dev_003721,4
tra_dev_003722,2
tra_dev_003723,0
tra_dev_003724,3
tra_dev_003725,3
tra_dev_003726,0
tra_dev_003727,4
tra_dev_003728,3
tra_dev_003730,1
tra_dev_003731,3
tra_dev_003732,1
tra_dev_003733,3
tra_dev_003734,0
tra_dev_003735,3
tra_dev_003736,0
tra_dev_003737,2
tra_dev_003738,0
tra_dev_003739,1
tra_dev_003740,1
tra_dev_003741,1
tra_dev_003742,3
tra_dev_003743,1
tra_dev_003744,2
tra_dev_003745,3
tra_dev_003746,2
tra_dev_003747,3
tra_dev_003748,4
tra_dev_003749,0
tra_dev_003750,4
tra_dev_003751,0
tra_dev_003752,3
tra_dev_003753,3
tra_dev_003754,4
tra_dev_003755,2
tra_dev_003756,0
tra_dev_003757,2
tra_dev_003758,4
tra_dev_003759,3
tra_dev_003760,1
tra_dev_003761,3
tra_dev_003762,0
tra_dev_003763,3
tra_dev_003764,1
tra_dev_003765,4
tra_dev_003766,3
tra_dev_003767,1
tra_dev_003768,0
tra_dev_003769,2
tra_dev_003770,1
tra_dev_003771,3
tra_dev_003772,4
tra_dev_003773,0
tra_dev_003774,0
tra_dev_003775,1
tra_dev_003776,0
tra_dev_003777,2
tra_dev_003778,3
tra_dev_003779,4
tra_dev_003780,0
tra_dev_003781,1
tra_dev_003782,1
tra_dev_003783,2
tra_dev_003784,2
tra_dev_003785,3
tra_dev_003786,0
tra_dev_003787,3
tra_dev_003788,0
tra_dev_003789,4
tra_dev_003790,3
tra_dev_003791,4
tra_dev_003792,3
tra_dev_003793,0
tra_dev_003794,4
tra_dev_003795,2
tra_dev_003796,4
tra_dev_003797,4
tra_dev_003798,0
tra_dev_003799,0
tra_dev_003800,4
tra_dev_003801,2
tra_dev_003802,0
tra_dev_003803,3
tra_dev_003804,4
tra_dev_003805,2
tra_dev_003806,4
tra_dev_003807,4
tra_dev_003808,1
tra_dev_003809,0
tra_dev_003810,4
tra_dev_003811,4
tra_dev_003812,1
tra_dev_003813,2
tra_dev_003814,1
tra_dev_003815,4
tra_dev_003816,0
tra_dev_003817,4
tra_dev_003818,3
tra_dev_003819,0
tra_dev_003820,4
tra_dev_003821,2
tra_dev_003822,1
tra_dev_003823,1
tra_dev_003824,1
tra_dev_003825,1
tra_dev_003826,4
tra_dev_003827,0
tra_dev_003828,2
tra_dev_003829,4
tra_dev_003830,0
tra_dev_003831,3
tra_dev_003832,2
tra_dev_003833,0
tra_dev_003834,3
tra_dev_003835,0
tra_dev_003836,2
tra_dev_003837,1
tra_dev_003838,2
tra_dev_003839,3
tra_dev_003840,2
tra_dev_003841,3
tra_dev_003842,3
tra_dev_003843,2
tra_dev_003844,1
tra_dev_003845,4
tra_dev_003846,1
tra_dev_003847,3
tra_dev_003848,3
tra_dev_003849,3
tra_dev_003850,3
tra_dev_003851,2
tra_dev_003852,4
tra_dev_003853,3
tra_dev_003854,2
tra_dev_003855,2
tra_dev_003856,4
tra_dev_003857,3
tra_dev_003858,3
tra_dev_003859,1
tra_dev_003860,3
tra_dev_003861,3
tra_dev_003862,4
tra_dev_003863,4
tra_dev_003864,4
tra_dev_003865,2
tra_dev_003866,1
tra_dev_003867,2
tra_dev_003868,4
tra_dev_003869,0
tra_dev_003870,1
tra_dev_003871,1
tra_dev_003872,3
tra_dev_003873,4
tra_dev_003874,3
tra_dev_003875,0
tra_dev_003876,0
tra_dev_003877,1
tra_dev_003878,0
tra_dev_003879,2
tra_dev_003880,4
tra_dev_003881,3
tra_dev_003882,0
tra_dev_003883,0
tra_dev_003884,4
tra_dev_003885,1
tra_dev_003886,2
tra_dev_003887,0
tra_dev_003888,1
tra_dev_003889,1
tra_dev_003890,1
tra_dev_003891,3
tra_dev_003892,3
tra_dev_003893,0
tra_dev_003894,3
tra_dev_003895,0
tra_dev_003896,4
tra_dev_003897,2
tra_dev_003898,4
tra_dev_003899,3
tra_dev_003900,0
tra_dev_003901,4
tra_dev_003902,1
tra_dev_003903,1
tra_dev_003904,4
tra_dev_003905,0
tra_dev_003906,2
tra_dev_003907,3
tra_dev_003908,3
tra_dev_003909,1
tra_dev_003910,2
tra_dev_003911,0
tra_dev_003912,0
tra_dev_003913,2
tra_dev_003914,4
tra_dev_003915,3
tra_dev_003916,2
tra_dev_003917,1
tra_dev_003918,0
tra_dev_003919,3
tra_dev_003920,3
tra_dev_003921,0
tra_dev_003922,0
tra_dev_003923,4
tra_dev_003924,3
tra_dev_003925,2
tra_dev_003926,4
tra_dev_003927,3
tra_dev_003928,4
tra_dev_003929,2
tra_dev_003930,0
tra_dev_003931,2
tra_dev_003932,0
tra_dev_003933,4
tra_dev_003934,1
tra_dev_003935,4
tra_dev_003936,1
tra_dev_003937,0
tra_dev_003938,2
tra_dev_003939,0
tra_dev_003940,3
tra_dev_003941,4
tra_dev_003942,3
tra_dev_003943,3
tra_dev_003944,1
tra_dev_003945,3
tra_dev_003946,1
tra_dev_003947,2
tra_dev_003948,0
tra_dev_003949,4
tra_dev_003950,1
tra_dev_003951,0
tra_dev_003952,0
tra_dev_003953,1
tra_dev_003954,2
tra_dev_003955,1
tra_dev_003956,0
tra_dev_003957,0
tra_dev_003958,0
tra_dev_003959,0
tra_dev_003960,1
tra_dev_003961,2
tra_dev_003962,3
tra_dev_003963,2
tra_dev_003964,4
tra_dev_003965,1
tra_dev_003966,2
tra_dev_003967,4
tra_dev_003968,0
tra_dev_003969,2
tra_dev_003970,2
tra_dev_003971,0
tra_dev_003972,3
tra_dev_003973,1
tra_dev_003974,4
tra_dev_003975,3
tra_dev_003976,3
tra_dev_003977,2
tra_dev_003978,4
tra_dev_003979,4
tra_dev_003980,1
tra_dev_003981,4
tra_dev_003982,4
tra_dev_003983,2
tra_dev_003984,1
tra_dev_003985,1
tra_dev_003986,1
tra_dev_003987,2
tra_dev_003988,0
tra_dev_003989,4
tra_dev_003990,0
tra_dev_003991,0
tra_dev_003992,0
tra_dev_003993,4
tra_dev_003994,1
tra_dev_003995,3
tra_dev_003996,1
tra_dev_003997,2
tra_dev_003998,0
tra_dev_003999,0
tra_dev_004000,0
tra_dev_004001,4
tra_dev_004002,0
tra_dev_004003,2
tra_dev_004004,0
tra_dev_004005,3
tra_dev_004006,4
tra_dev_004007,0
tra_dev_004008,1
tra_dev_004009,2
tra_dev_004010,4
tra_dev_004011,3
tra_dev_004012,4
tra_dev_004013,0
tra_dev_004014,1
tra_dev_004015,3
tra_dev_004016,1
tra_dev_004017,4
tra_dev_004018,0
tra_dev_004019,1
tra_dev_004020,1
tra_dev_004021,4
tra_dev_004022,0
tra_dev_004023,2
tra_dev_004024,2
tra_dev_004025,1
tra_dev_004026,0
tra_dev_004027,2
tra_dev_004028,3
tra_dev_004029,1
tra_dev_004030,1
tra_dev_004031,0
tra_dev_004032,4
tra_dev_004033,0
tra_dev_004034,3
tra_dev_004035,1
tra_dev_004036,2
tra_dev_004037,3
tra_dev_004038,4
tra_dev_004039,2
tra_dev_004040,1
tra_dev_004041,0
tra_dev_004042,4
tra_dev_004043,3
tra_dev_004044,2
tra_dev_004045,2
tra_dev_004046,3
tra_dev_004047,4
tra_dev_004048,1
tra_dev_004049,2
tra_dev_004050,2
tra_dev_004051,1
tra_dev_004052,4
tra_dev_004053,2
tra_dev_004054,2
tra_dev_004055,4
tra_dev_004056,3
tra_dev_004057,3
tra_dev_004058,1
tra_dev_004059,0
tra_dev_004060,2
tra_dev_004061,1
tra_dev_004062,0
tra_dev_004063,1
tra_dev_004064,2
tra_dev_004065,0
tra_dev_004066,3
tra_dev_004067,4
tra_dev_004068,2
tra_dev_004069,1
tra_dev_004070,1
tra_dev_004071,1
tra_dev_004072,2
tra_dev_004073,4
tra_dev_004074,3
tra_dev_004075,1
tra_dev_004076,4
tra_dev_004077,4
tra_dev_004078,3
tra_dev_004079,1
tra_dev_004080,2
tra_dev_004081,1
tra_dev_004082,2
tra_dev_004083,3
tra_dev_004084,1
tra_dev_004085,0
tra_dev_004086,3
tra_dev_004087,4
tra_dev_004088,1
tra_dev_004089,2
tra_dev_004090,1
tra_dev_004091,3
tra_dev_004092,0
tra_dev_004093,2
tra_dev_004094,4
tra_dev_004095,4
tra_dev_004096,2
tra_dev_004097,0
tra_dev_004098,0
tra_dev_004099,2
tra_dev_004100,1
tra_dev_004101,3
tra_dev_004102,0
tra_dev_004103,2
tra_dev_004104,3
tra_dev_004105,2
tra_dev_004106,2
tra_dev_004107,3
tra_dev_004108,3
tra_dev_004109,4
tra_dev_004110,1
tra_dev_004111,4
tra_dev_004112,3
tra_dev_004113,3
tra_dev_004114,1
tra_dev_004115,4
tra_dev_004116,2
tra_dev_004117,4
tra_dev_004118,2
tra_dev_004119,2
tra_dev_004120,2
tra_dev_004121,4
tra_dev_004122,3
tra_dev_004123,0
tra_dev_004124,0
tra_dev_004125,4
tra_dev_004126,4
tra_dev_004127,4
tra_dev_004128,2
tra_dev_004129,1
tra_dev_004130,3
tra_dev_004131,4
tra_dev_004132,3
tra_dev_004133,1
tra_dev_004134,4
tra_dev_004135,4
tra_dev_004136,1
tra_dev_004137,0
tra_dev_004138,4
tra_dev_004139,1
tra_dev_004140,2
tra_dev_004143,3
tra_dev_004144,1
tra_dev_004145,2
tra_dev_004146,1
tra_dev_004147,4
tra_dev_004148,1
tra_dev_004149,2
tra_dev_004150,2
tra_dev_004151,0
tra_dev_004152,1
tra_dev_004153,2
tra_dev_004154,0
tra_dev_004155,4
tra_dev_004156,0
tra_dev_004157,2
tra_dev_004158,0
tra_dev_004159,4
tra_dev_004160,4
tra_dev_004161,2
tra_dev_004162,0
tra_dev_004163,3
tra_dev_004164,3
tra_dev_004165,1
tra_dev_004166,3
tra_dev_004167,3
tra_dev_004168,3
tra_dev_004169,3
tra_dev_004170,1
tra_dev_004171,3
tra_dev_004172,4
tra_dev_004173,0
tra_dev_004174,3
tra_dev_004175,0
tra_dev_004176,4
tra_dev_004177,2
tra_dev_004178,1
tra_dev_004179,2
tra_dev_004180,2
tra_dev_004181,4
tra_dev_004182,4
tra_dev_004183,0
tra_dev_004184,0
tra_dev_004185,1
tra_dev_004186,3
tra_dev_004187,0
tra_dev_004188,0
tra_dev_004189,2
tra_dev_004190,0
tra_dev_004191,2
tra_dev_004192,0
tra_dev_004193,1
tra_dev_004194,1
tra_dev_004195,0
tra_dev_004196,2
tra_dev_004197,2
tra_dev_004198,1
tra_dev_004199,0
tra_dev_004200,1
tra_dev_004201,0
tra_dev_004202,3
tra_dev_004203,0
tra_dev_004204,3
tra_dev_004205,4
tra_dev_004206,2
tra_dev_004207,4
tra_dev_004208,1
tra_dev_004209,3
tra_dev_004210,4
tra_dev_004211,1
tra_dev_004212,2
tra_dev_004213,1
tra_dev_004214,1
tra_dev_004215,0
tra_dev_004216,2
tra_dev_004217,3
tra_dev_004218,4
tra_dev_004219,2
tra_dev_004220,0
tra_dev_004221,1
tra_dev_004222,1
tra_dev_004223,3
tra_dev_004224,3
tra_dev_004225,0
tra_dev_004226,0
tra_dev_004227,2
tra_dev_004228,1
tra_dev_004229,4
tra_dev_004230,4
tra_dev_004231,4
tra_dev_004232,2
tra_dev_004233,0
tra_dev_004235,0
tra_dev_004236,0
tra_dev_004237,1
tra_dev_004238,2
tra_dev_004239,1
tra_dev_004240,1
tra_dev_004241,1
tra_dev_004242,1
tra_dev_004243,2
tra_dev_004244,1
tra_dev_004245,3
tra_dev_004246,0
tra_dev_004247,0
tra_dev_004249,2
tra_dev_004250,4
tra_dev_004251,3
tra_dev_004252,4
tra_dev_004253,1
tra_dev_004254,3
tra_dev_004255,0
tra_dev_004256,3
tra_dev_004257,1
tra_dev_004258,3
tra_dev_004259,4
tra_dev_004260,1
tra_dev_004261,2
tra_dev_004262,3
tra_dev_004263,4
tra_dev_004264,3
tra_dev_004265,2
tra_dev_004266,2
tra_dev_004267,4
tra_dev_004268,0
tra_dev_004269,0
tra_dev_004270,2
tra_dev_004271,3
tra_dev_004272,2
tra_dev_004273,3
tra_dev_004274,1
tra_dev_004275,2
tra_dev_004276,1
tra_dev_004277,0
tra_dev_004278,3
tra_dev_004279,0
tra_dev_004280,0
tra_dev_004281,3
tra_dev_004282,1
tra_dev_004283,0
tra_dev_004284,4
tra_dev_004285,1
tra_dev_004286,2
tra_dev_004287,0
tra_dev_004288,4
tra_dev_004289,0
tra_dev_004290,2
tra_dev_004291,1
tra_dev_004292,4
tra_dev_004293,1
tra_dev_004294,0
tra_dev_004295,3
tra_dev_004296,3
tra_dev_004297,3
tra_dev_004298,1
tra_dev_004299,4
tra_dev_004300,0
tra_dev_004301,1
tra_dev_004302,1
tra_dev_004303,0
tra_dev_004304,0
tra_dev_004305,1
tra_dev_004306,4
tra_dev_004307,3
tra_dev_004308,1
tra_dev_004309,2
tra_dev_004310,4
tra_dev_004311,0
tra_dev_004312,0
tra_dev_004313,1
tra_dev_004314,2
tra_dev_004315,4
tra_dev_004316,4
tra_dev_004317,3
tra_dev_004318,0
tra_dev_004319,3
tra_dev_004320,2
tra_dev_004321,3
tra_dev_004322,2
tra_dev_004323,0
tra_dev_004324,2
tra_dev_004325,3
tra_dev_004326,0
tra_dev_004327,1
tra_dev_004328,4
tra_dev_004329,3
tra_dev_004330,3
tra_dev_004331,1
tra_dev_004332,2
tra_dev_004333,4
tra_dev_004334,0
tra_dev_004335,4
tra_dev_004336,1
tra_dev_004337,0
tra_dev_004338,0
tra_dev_004339,3
tra_dev_004340,4
tra_dev_004341,1
tra_dev_004342,3
tra_dev_004343,2
tra_dev_004344,1
tra_dev_004345,1
tra_dev_004346,1
tra_dev_004347,0
tra_dev_004348,2
tra_dev_004349,2
tra_dev_004350,0
tra_dev_004351,3
tra_dev_004352,4
tra_dev_004353,4
tra_dev_004354,3
tra_dev_004355,0
tra_dev_004356,3
tra_dev_004357,0
tra_dev_004358,1
tra_dev_004359,3
tra_dev_004360,4
tra_dev_004361,1
tra_dev_004362,2
tra_dev_004363,2
tra_dev_004364,3
tra_dev_004365,1
tra_dev_004366,1
tra_dev_004367,0
tra_dev_004368,0
tra_dev_004369,3
tra_dev_004370,1
tra_dev_004371,2
tra_dev_004372,0
tra_dev_004373,1
tra_dev_004374,4
tra_dev_004375,3
tra_dev_004376,1
tra_dev_004377,1
tra_dev_004378,2
tra_dev_004379,1
tra_dev_004380,1
tra_dev_004381,4
tra_dev_004382,0
tra_dev_004383,1
tra_dev_004384,3
tra_dev_004385,1
tra_dev_004386,1
tra_dev_004387,0
tra_dev_004388,1
tra_dev_004389,2
tra_dev_004390,0
tra_dev_004391,0
tra_dev_004392,0
tra_dev_004393,2
tra_dev_004394,3
tra_dev_004395,3
tra_dev_004396,3
tra_dev_004397,3
tra_dev_004398,0
tra_dev_004399,1
tra_dev_004400,1
tra_dev_004401,1
tra_dev_004402,4
tra_dev_004403,2
tra_dev_004404,2
tra_dev_004405,4
tra_dev_004406,1
tra_dev_004407,0
tra_dev_004408,3
tra_dev_004409,2
tra_dev_004410,4
tra_dev_004411,2
tra_dev_004412,3
tra_dev_004413,4
tra_dev_004414,4
tra_dev_004415,3
tra_dev_004416,3
tra_dev_004417,2
tra_dev_004418,1
tra_dev_004419,0
tra_dev_004420,4
tra_dev_004421,0
tra_dev_004422,4
tra_dev_004423,2
tra_dev_004424,1
tra_dev_004425,1
tra_dev_004426,1
tra_dev_004427,3
tra_dev_004428,4
tra_dev_004429,1
tra_dev_004430,0
tra_dev_004431,0
tra_dev_004432,1
tra_dev_004433,3
tra_dev_004434,2
tra_dev_004435,2
tra_dev_004436,1
tra_dev_004437,0
tra_dev_004438,4
tra_dev_004439,4
tra_dev_004440,1
tra_dev_004441,3
tra_dev_004442,3
tra_dev_004443,4
tra_dev_004444,4
tra_dev_004445,0
tra_dev_004446,1
tra_dev_004447,0
tra_dev_004448,1
tra_dev_004449,1
tra_dev_004450,2
tra_dev_004451,3
tra_dev_004452,1
tra_dev_004453,2
tra_dev_004454,3
tra_dev_004455,4
tra_dev_004456,0
tra_dev_004457,4
tra_dev_004458,3
tra_dev_004459,2
tra_dev_004460,1
tra_dev_004461,4
tra_dev_004462,3
tra_dev_004463,1
tra_dev_004464,0
tra_dev_004465,0
tra_dev_004466,4
tra_dev_004467,3
tra_dev_004468,1
tra_dev_004469,4
tra_dev_004470,3
tra_dev_004471,0
tra_dev_004472,0
tra_dev_004473,0
tra_dev_004474,4
tra_dev_004475,1
tra_dev_004476,1
tra_dev_004477,4
tra_dev_004478,4
tra_dev_004479,1
tra_dev_004480,1
tra_dev_004481,0
tra_dev_004482,3
tra_dev_004483,3
tra_dev_004484,2
tra_dev_004485,1
tra_dev_004486,1
tra_dev_004487,0
tra_dev_004488,3
tra_dev_004489,4
tra_dev_004490,3
tra_dev_004491,1
tra_dev_004492,2
tra_dev_004493,3
tra_dev_004494,3
tra_dev_004495,2
tra_dev_004496,0
tra_dev_004497,1
tra_dev_004498,4
tra_dev_004499,3
tra_dev_004500,2
tra_dev_004501,4
tra_dev_004502,3
tra_dev_004503,2
tra_dev_004504,1
tra_dev_004505,0
tra_dev_004506,4
tra_dev_004507,3
tra_dev_004508,0
tra_dev_004509,0
tra_dev_004510,4
tra_dev_004511,1
tra_dev_004512,3
tra_dev_004513,2
tra_dev_004514,2
tra_dev_004515,1
tra_dev_004516,2
tra_dev_004517,1
tra_dev_004518,2
tra_dev_004519,3
tra_dev_004520,0
tra_dev_004521,2
tra_dev_004522,1
tra_dev_004523,2
tra_dev_004524,3
tra_dev_004525,3
tra_dev_004526,0
tra_dev_004527,3
tra_dev_004528,0
tra_dev_004529,2
tra_dev_004530,1
tra_dev_004531,1
tra_dev_004532,0
tra_dev_004533,3
tra_dev_004534,1
tra_dev_004535,3
tra_dev_004536,3
tra_dev_004537,4
tra_dev_004538,0
tra_dev_004539,3
tra_dev_004540,1
tra_dev_004541,4
tra_dev_004542,4
tra_dev_004543,3
tra_dev_004544,1
tra_dev_004545,1
tra_dev_004546,3
tra_dev_004547,4
tra_dev_004548,2
tra_dev_004549,4
tra_dev_004550,3
tra_dev_004551,2
tra_dev_004552,1
tra_dev_004553,0
tra_dev_004554,0
tra_dev_004555,3
tra_dev_004556,2
tra_dev_004557,4
tra_dev_004558,4
tra_dev_004559,0
tra_dev_004560,3
tra_dev_004561,2
tra_dev_004562,0
tra_dev_004563,2
tra_dev_004564,0
tra_dev_004565,1
tra_dev_004566,3
tra_dev_004567,1
tra_dev_004568,1
tra_dev_004569,0
tra_dev_004570,0
tra_dev_004571,2
tra_dev_004572,0
tra_dev_004573,0
tra_dev_004574,3
tra_dev_004575,1
tra_dev_004576,1
tra_dev_004577,2
tra_dev_004578,3
tra_dev_004579,4
tra_dev_004580,1
tra_dev_004581,0
tra_dev_004582,1
tra_dev_004583,0
tra_dev_004584,0
tra_dev_004585,4
tra_dev_004586,2
tra_dev_004587,4
tra_dev_004588,3
tra_dev_004589,3
tra_dev_004591,4
tra_dev_004592,1
tra_dev_004593,4
tra_dev_004594,4
tra_dev_004595,2
tra_dev_004596,0
tra_dev_004597,4
tra_dev_004598,0
tra_dev_004599,0
tra_dev_004600,1
tra_dev_004601,2
tra_dev_004602,4
tra_dev_004603,4
tra_dev_004604,4
tra_dev_004605,3
tra_dev_004606,1
tra_dev_004607,0
tra_dev_004608,0
tra_dev_004609,3
tra_dev_004610,2
tra_dev_004611,1
tra_dev_004612,2
tra_dev_004613,3
tra_dev_004614,0
tra_dev_004615,4
tra_dev_004616,3
tra_dev_004617,0
tra_dev_004618,4
tra_dev_004619,3
tra_dev_004620,3
tra_dev_004621,3
tra_dev_004622,0
tra_dev_004623,1
tra_dev_004624,2
tra_dev_004625,3
tra_dev_004626,2
tra_dev_004627,2
tra_dev_004628,1
tra_dev_004629,1
tra_dev_004630,0
tra_dev_004631,2
tra_dev_004632,0
tra_dev_004633,1
tra_dev_004634,4
tra_dev_004635,2
tra_dev_004636,3
tra_dev_004637,3
tra_dev_004638,3
tra_dev_004639,2
tra_dev_004640,4
tra_dev_004641,0
tra_dev_004642,0
tra_dev_004643,2
tra_dev_004644,2
tra_dev_004645,2
tra_dev_004646,1
tra_dev_004648,1
tra_dev_004649,2
tra_dev_004650,3
tra_dev_004651,1
tra_dev_004652,4
tra_dev_004653,0
tra_dev_004654,4
tra_dev_004655,2
tra_dev_004656,2
tra_dev_004657,1
tra_dev_004658,3
tra_dev_004659,2
tra_dev_004660,1
tra_dev_004661,1
tra_dev_004662,2
tra_dev_004663,4
tra_dev_004664,1
tra_dev_004665,0
tra_dev_004666,4
tra_dev_004667,4
tra_dev_004668,3
tra_dev_004669,1
tra_dev_004670,1
tra_dev_004671,2
tra_dev_004672,3
tra_dev_004673,3
tra_dev_004674,0
tra_dev_004675,0
tra_dev_004676,4
tra_dev_004677,4
tra_dev_004678,1
tra_dev_004679,0
tra_dev_004680,4
tra_dev_004681,4
tra_dev_004682,2
tra_dev_004683,0
tra_dev_004684,0
tra_dev_004685,4
tra_dev_004686,2
tra_dev_004687,1
tra_dev_004688,0
tra_dev_004689,1
tra_dev_004690,2
tra_dev_004691,4
tra_dev_004692,1
tra_dev_004693,1
tra_dev_004694,3
tra_dev_004695,1
tra_dev_004696,3
tra_dev_004697,1
tra_dev_004698,4
tra_dev_004699,4
tra_dev_004700,2
tra_dev_004701,1
tra_dev_004702,4
tra_dev_004703,4
tra_dev_004704,1
tra_dev_004705,0
tra_dev_004706,2
tra_dev_004707,2
tra_dev_004708,0
tra_dev_004709,0
tra_dev_004710,0
tra_dev_004711,1
tra_dev_004712,1
tra_dev_004715,2
tra_dev_004716,4
tra_dev_004717,3
tra_dev_004718,3
tra_dev_004719,4
tra_dev_004720,2
tra_dev_004721,3
tra_dev_004722,1
tra_dev_004723,1
tra_dev_004724,3
tra_dev_004725,0
tra_dev_004726,4
tra_dev_004727,4
tra_dev_004728,2
tra_dev_004729,1
tra_dev_004730,1
tra_dev_004731,3
tra_dev_004736,0
tra_dev_004737,1
tra_dev_004738,4
tra_dev_004739,4
tra_dev_004740,2
tra_dev_004741,3
tra_dev_004742,1
tra_dev_004743,4
tra_dev_004744,2
tra_dev_004745,0
tra_dev_004746,3
tra_dev_004747,2
tra_dev_004748,3
tra_dev_004749,1
tra_dev_004750,2
tra_dev_004751,2
tra_dev_004752,4
tra_dev_004753,2
tra_dev_004754,2
tra_dev_004755,2
tra_dev_004756,2
tra_dev_004757,0
tra_dev_004758,4
tra_dev_004759,3
tra_dev_004760,1
tra_dev_004761,3
tra_dev_004762,4
tra_dev_004763,4
tra_dev_004764,4
tra_dev_004765,2
tra_dev_004766,4
tra_dev_004767,2
tra_dev_004768,0
tra_dev_004769,1
tra_dev_004770,4
tra_dev_004771,1
tra_dev_004772,4
tra_dev_004773,4
tra_dev_004774,4
tra_dev_004775,3
tra_dev_004776,0
tra_dev_004777,3
tra_dev_004778,2
tra_dev_004779,3
tra_dev_004780,2
tra_dev_004781,3
tra_dev_004782,3
tra_dev_004783,2
tra_dev_004784,3
tra_dev_004785,3
tra_dev_004786,1
tra_dev_004787,2
tra_dev_004788,3
tra_dev_004789,0
tra_dev_004790,0
tra_dev_004791,3
tra_dev_004792,4
tra_dev_004793,2
tra_dev_004794,4
tra_dev_004795,1
tra_dev_004796,0
tra_dev_004797,3
tra_dev_004798,2
tra_dev_004800,3
tra_dev_004801,0
tra_dev_004802,1
tra_dev_004803,3
tra_dev_004804,4
tra_dev_004805,3
tra_dev_004806,1
tra_dev_004807,2
tra_dev_004808,4
tra_dev_004809,0
tra_dev_004810,1
tra_dev_004814,1
tra_dev_004815,3
tra_dev_004816,2
tra_dev_004817,3
tra_dev_004818,1
tra_dev_004819,1
tra_dev_004820,3
tra_dev_004821,2
tra_dev_004822,1
tra_dev_004823,0
tra_dev_004824,0
tra_dev_004825,4
tra_dev_004826,2
tra_dev_004827,1
tra_dev_004828,1
tra_dev_004829,1
tra_dev_004830,4
tra_dev_004831,4
tra_dev_004832,3
tra_dev_004833,0
tra_dev_004834,0
tra_dev_004835,3
tra_dev_004836,2
tra_dev_004837,0
tra_dev_004838,3
tra_dev_004839,4
tra_dev_004840,3
tra_dev_004841,3
tra_dev_004842,4
tra_dev_004843,3
tra_dev_004844,0
tra_dev_004845,2
tra_dev_004846,2
tra_dev_004847,4
tra_dev_004848,4
tra_dev_004849,4
tra_dev_004850,3
tra_dev_004851,4
tra_dev_004852,4
tra_dev_004853,0
tra_dev_004854,2
tra_dev_004855,0
tra_dev_004856,0
tra_dev_004857,0
tra_dev_004858,0
tra_dev_004859,3
tra_dev_004860,1
tra_dev_004861,2
tra_dev_004862,4
tra_dev_004863,0
tra_dev_004864,2
tra_dev_004865,1
tra_dev_004866,0
tra_dev_004867,4
tra_dev_004868,3
tra_dev_004869,2
tra_dev_004870,3
tra_dev_004873,3
tra_dev_004874,0
tra_dev_004875,1
tra_dev_004876,1
tra_dev_004877,1
tra_dev_004878,0
tra_dev_004879,1
tra_dev_004880,2
tra_dev_004881,0
tra_dev_004882,3
tra_dev_004883,0
tra_dev_004884,1
tra_dev_004885,1
tra_dev_004886,4
tra_dev_004887,3
tra_dev_004888,4
tra_dev_004889,2
tra_dev_004890,2
tra_dev_004891,2
tra_dev_004892,3
tra_dev_004893,4
tra_dev_004894,3
tra_dev_004895,1
tra_dev_004896,3
tra_dev_004897,3
tra_dev_004898,1
tra_dev_004899,0
tra_dev_004900,0
tra_dev_004901,2
tra_dev_004902,2
tra_dev_004903,0
tra_dev_004904,0
tra_dev_004905,4
tra_dev_004906,4
tra_dev_004907,2
tra_dev_004908,0
tra_dev_004909,3
tra_dev_004910,0
tra_dev_004911,4
tra_dev_004912,3
tra_dev_004913,1
tra_dev_004914,1
tra_dev_004915,1
tra_dev_004916,4
tra_dev_004917,0
tra_dev_004918,0
tra_dev_004919,3
tra_dev_004920,1
tra_dev_004921,3
tra_dev_004922,3
tra_dev_004923,1
tra_dev_004926,2
tra_dev_004927,2
tra_dev_004928,2
tra_dev_004929,2
tra_dev_004930,2
tra_dev_004931,2
tra_dev_004932,4
tra_dev_004933,2
tra_dev_004934,0
tra_dev_004935,0
tra_dev_004936,1
tra_dev_004937,4
tra_dev_004938,2
tra_dev_004939,3
tra_dev_004940,0
tra_dev_004941,1
tra_dev_004942,3
tra_dev_004943,2
tra_dev_004944,4
tra_dev_004945,2
tra_dev_004946,3
tra_dev_004947,1
tra_dev_004948,1
tra_dev_004949,2
tra_dev_004950,2
tra_dev_004951,3
tra_dev_004955,1
tra_dev_004956,0
tra_dev_004957,2
tra_dev_004958,0
tra_dev_004959,4
tra_dev_004960,2
tra_dev_004961,2
tra_dev_004962,3
tra_dev_004963,3
tra_dev_004964,1
tra_dev_004965,1
tra_dev_004966,3
tra_dev_004967,4
tra_dev_004968,2
tra_dev_004969,3
tra_dev_004970,1
tra_dev_004971,4
tra_dev_004972,4
tra_dev_004973,0
tra_dev_004974,0
tra_dev_004975,4
tra_dev_004976,4
tra_dev_004977,1
tra_dev_004978,0
tra_dev_004979,0
tra_dev_004980,2
tra_dev_004981,2
tra_dev_004982,4
tra_dev_004983,3
tra_dev_004984,2
tra_dev_004985,0
tra_dev_004986,4
tra_dev_004987,2
tra_dev_004988,4
tra_dev_004989,0
tra_dev_004990,3
tra_dev_004991,2
tra_dev_004992,3
tra_dev_004993,0
tra_dev_004994,1
tra_dev_004995,3
tra_dev_004996,3
tra_dev_004997,1
tra_dev_004998,0
tra_dev_004999,1
tra_dev_005000,4
tra_dev_005001,3
tra_dev_005002,2
tra_dev_005003,1
tra_dev_005004,4
tra_dev_005005,1
tra_dev_005006,4
tra_dev_005007,3
tra_dev_005008,3
tra_dev_005009,0
tra_dev_005010,0
tra_dev_005011,4
tra_dev_005012,0
tra_dev_005013,1
tra_dev_005014,3
tra_dev_005015,4
tra_dev_005016,2
tra_dev_005017,3
tra_dev_005018,2
tra_dev_005019,2
tra_dev_005020,2
tra_dev_005021,3
tra_dev_005022,3
tra_dev_005023,4
tra_dev_005024,3
tra_dev_005025,1
tra_dev_005026,1
tra_dev_005027,2
tra_dev_005028,4
tra_dev_005029,1
tra_dev_005030,3
tra_dev_005031,4
tra_dev_005032,0
tra_dev_005033,2
tra_dev_005034,0
tra_dev_005035,0
tra_dev_005036,0
tra_dev_005037,3
tra_dev_005038,4
tra_dev_005039,0
tra_dev_005040,3
tra_dev_005041,3
tra_dev_005042,0
tra_dev_005043,2
tra_dev_005044,2
tra_dev_005045,4
tra_dev_005046,2
tra_dev_005047,3
tra_dev_005048,4
tra_dev_005049,1
tra_dev_005050,1
tra_dev_005051,2
tra_dev_005052,2
tra_dev_005053,4
tra_dev_005054,2
tra_dev_005055,3
tra_dev_005056,0
tra_dev_005057,3
tra_dev_005058,2
tra_dev_005059,2
tra_dev_005060,0
tra_dev_005061,3
tra_dev_005062,1
tra_dev_005063,1
tra_dev_005064,4
tra_dev_005065,0
tra_dev_005066,2
tra_dev_005067,1
tra_dev_005068,1
tra_dev_005069,4
tra_dev_005070,1
tra_dev_005071,3
tra_dev_005072,3
tra_dev_005073,4
tra_dev_005074,0
tra_dev_005075,3
tra_dev_005076,2
tra_dev_005077,0
tra_dev_005078,4
tra_dev_005079,4
tra_dev_005080,3
tra_dev_005081,4
tra_dev_005082,0
tra_dev_005083,4
tra_dev_005084,4
tra_dev_005085,3
tra_dev_005086,3
tra_dev_005087,0
tra_dev_005088,3
tra_dev_005089,3
tra_dev_005090,0
tra_dev_005091,1
tra_dev_005092,2
tra_dev_005093,3
tra_dev_005094,2
tra_dev_005095,0
tra_dev_005096,4
tra_dev_005097,3
tra_dev_005098,0
tra_dev_005099,4
tra_dev_005100,2
tra_dev_005101,0
tra_dev_005102,0
tra_dev_005103,0
tra_dev_005104,1
tra_dev_005105,3
tra_dev_005106,0
tra_dev_005107,0
tra_dev_005108,1
tra_dev_005109,2
tra_dev_005110,3
tra_dev_005111,3
tra_dev_005112,4
tra_dev_005113,4
tra_dev_005114,2
tra_dev_005115,0
tra_dev_005116,4
tra_dev_005117,2
tra_dev_005118,3
tra_dev_005119,2
tra_dev_005120,0
tra_dev_005121,3
tra_dev_005122,4
tra_dev_005123,1
tra_dev_005124,0
tra_dev_005125,3
tra_dev_005126,4
tra_dev_005127,2
tra_dev_005128,1
tra_dev_005129,3
tra_dev_005130,1
tra_dev_005131,4
tra_dev_005132,0
tra_dev_005133,1
tra_dev_005134,2
tra_dev_005135,3
tra_dev_005136,3
tra_dev_005137,1
tra_dev_005138,0
tra_dev_005139,2
tra_dev_005140,1
tra_dev_005141,4
tra_dev_005142,4
tra_dev_005143,4
tra_dev_005144,0
tra_dev_005145,0
tra_dev_005146,2
tra_dev_005147,1
tra_dev_005148,2
tra_dev_005149,2
tra_dev_005150,1
tra_dev_005151,0
tra_dev_005152,4
tra_dev_005153,3
tra_dev_005154,1
tra_dev_005155,1
tra_dev_005156,0
tra_dev_005157,3
tra_dev_005158,1
tra_dev_005159,1
tra_dev_005160,2
tra_dev_005161,0
tra_dev_005162,2
tra_dev_005163,2
tra_dev_005164,4
tra_dev_005165,0
tra_dev_005166,3
tra_dev_005167,3
tra_dev_005168,1
tra_dev_005169,1
tra_dev_005170,4
tra_dev_005171,2
tra_dev_005172,2
tra_dev_005173,3
tra_dev_005174,4
tra_dev_005175,0
tra_dev_005176,4
tra_dev_005177,1
tra_dev_005178,3
tra_dev_005179,2
tra_dev_005180,2
tra_dev_005181,4
tra_dev_005182,0
tra_dev_005183,2
tra_dev_005184,2
tra_dev_005185,4
tra_dev_005186,1
tra_dev_005187,2
tra_dev_005188,4
tra_dev_005189,4
tra_dev_005190,4
tra_dev_005191,0
tra_dev_005192,2
tra_dev_005193,4
tra_dev_005194,2
tra_dev_005195,4
tra_dev_005196,1
tra_dev_005197,4
tra_dev_005198,1
tra_dev_005199,1
tra_dev_005200,3
tra_dev_005201,1
tra_dev_005202,3
tra_dev_005203,4
tra_dev_005204,4
tra_dev_005205,4
tra_dev_005206,1
tra_dev_005207,4
tra_dev_005208,3
tra_dev_005209,1
tra_dev_005210,3
tra_dev_005211,0
tra_dev_005212,0
tra_dev_005213,0
tra_dev_005214,0
tra_dev_005215,0
tra_dev_005216,2
tra_dev_005217,4
tra_dev_005218,0
tra_dev_005219,2
tra_dev_005220,0
tra_dev_005221,2
tra_dev_005222,1
tra_dev_005223,2
tra_dev_005224,0
tra_dev_005225,0
tra_dev_005226,4
tra_dev_005227,3
tra_dev_005228,4
tra_dev_005229,0
tra_dev_005230,2
tra_dev_005231,1
tra_dev_005232,4
tra_dev_005233,2
tra_dev_005234,3
tra_dev_005235,1
tra_dev_005236,4
tra_dev_005237,4
tra_dev_005242,2
tra_dev_005243,3
tra_dev_005244,2
tra_dev_005245,2
tra_dev_005246,2
tra_dev_005247,3
tra_dev_005248,2
tra_dev_005249,1
tra_dev_005250,1
tra_dev_005251,4
tra_dev_005252,1
tra_dev_005253,2
tra_dev_005254,3
tra_dev_005255,0
tra_dev_005256,0
tra_dev_005257,1
tra_dev_005258,4
tra_dev_005259,2
tra_dev_005260,2
tra_dev_005261,1
tra_dev_005262,4
tra_dev_005263,2
tra_dev_005264,4
tra_dev_005265,3
tra_dev_005266,1
tra_dev_005267,4
tra_dev_005268,2
tra_dev_005269,4
tra_dev_005270,1
tra_dev_005271,2
tra_dev_005272,1
tra_dev_005273,2
tra_dev_005274,3
tra_dev_005275,4
tra_dev_005276,3
tra_dev_005277,2
tra_dev_005278,0
tra_dev_005279,2
tra_dev_005280,2
tra_dev_005281,0
tra_dev_005282,3
tra_dev_005283,3
tra_dev_005284,3
tra_dev_005285,2
tra_dev_005286,3
tra_dev_005287,3
tra_dev_005288,4
tra_dev_005289,3
tra_dev_005290,0
tra_dev_005291,4
tra_dev_005292,2
tra_dev_005293,1
tra_dev_005294,4
tra_dev_005295,2
tra_dev_005296,1
tra_dev_005297,1
tra_dev_005298,1
tra_dev_005299,3
tra_dev_005300,4
tra_dev_005301,4
tra_dev_005302,3
tra_dev_005303,2
tra_dev_005304,4
tra_dev_005305,2
tra_dev_005306,1
tra_dev_005307,4
tra_dev_005308,0
tra_dev_005309,4
tra_dev_005310,3
tra_dev_005311,2
tra_dev_005312,4
tra_dev_005313,2
tra_dev_005314,1
tra_dev_005315,1
tra_dev_005316,4
tra_dev_005317,3
tra_dev_005318,4
tra_dev_005319,1
tra_dev_005320,1
tra_dev_005321,3
tra_dev_005322,4
tra_dev_005323,1
tra_dev_005324,3
tra_dev_005325,1
tra_dev_005326,0
tra_dev_005327,4
tra_dev_005328,1
tra_dev_005329,0
tra_dev_005330,2
tra_dev_005331,0
tra_dev_005332,2
tra_dev_005333,1
tra_dev_005334,1
tra_dev_005335,1
tra_dev_005336,4
tra_dev_005337,1
tra_dev_005338,4
tra_dev_005339,2
tra_dev_005340,3
tra_dev_005341,4
tra_dev_005342,3
tra_dev_005343,0
tra_dev_005344,2
tra_dev_005345,1
tra_dev_005346,4
tra_dev_005347,4
tra_dev_005348,2
tra_dev_005349,1
tra_dev_005350,0
tra_dev_005351,0
tra_dev_005352,1
tra_dev_005353,1
tra_dev_005354,4
tra_dev_005355,2
tra_dev_005356,1
tra_dev_005357,1
tra_dev_005358,3
tra_dev_005359,0
tra_dev_005360,2
tra_dev_005361,2
tra_dev_005362,0
tra_dev_005363,0
tra_dev_005364,0
tra_dev_005365,4
tra_dev_005366,0
tra_dev_005367,3
tra_dev_005368,2
tra_dev_005369,1
tra_dev_005370,0
tra_dev_005371,0
tra_dev_005372,0
tra_dev_005373,0
tra_dev_005374,0
tra_dev_005375,1
tra_dev_005376,1
tra_dev_005377,2
tra_dev_005378,3
tra_dev_005379,1
tra_dev_005380,3
tra_dev_005381,0
tra_dev_005382,0
tra_dev_005383,2
tra_dev_005384,0
tra_dev_005385,3
tra_dev_005386,3
tra_dev_005387,4
tra_dev_005388,1
tra_dev_005389,4
tra_dev_005390,4
tra_dev_005391,2
tra_dev_005393,0
tra_dev_005394,0
tra_dev_005395,0
tra_dev_005396,1
tra_dev_005397,0
tra_dev_005398,4
tra_dev_005399,4
tra_dev_005400,4
tra_dev_005401,4
tra_dev_005402,0
tra_dev_005403,4
tra_dev_005404,3
tra_dev_005405,4
tra_dev_005406,2
tra_dev_005407,1
tra_dev_005408,3
tra_dev_005409,3
tra_dev_005410,0
tra_dev_005411,4
tra_dev_005412,2
tra_dev_005413,0
tra_dev_005414,1
tra_dev_005415,1
tra_dev_005416,3
tra_dev_005417,4
tra_dev_005418,4
tra_dev_005419,2
tra_dev_005420,1
tra_dev_005421,3
tra_dev_005422,2
tra_dev_005423,3
tra_dev_005424,2
tra_dev_005425,3
tra_dev_005426,2
tra_dev_005427,2
tra_dev_005428,1
tra_dev_005429,3
tra_dev_005430,1
tra_dev_005431,1
tra_dev_005432,2
tra_dev_005433,1
tra_dev_005434,2
tra_dev_005435,3
tra_dev_005436,0
tra_dev_005437,3
tra_dev_005438,3
tra_dev_005439,4
tra_dev_005440,1
tra_dev_005441,4
tra_dev_005442,0
tra_dev_005443,1
tra_dev_005444,0
tra_dev_005445,1
tra_dev_005446,2
tra_dev_005447,1
tra_dev_005448,1
tra_dev_005449,0
tra_dev_005450,3
tra_dev_005451,1
tra_dev_005452,4
tra_dev_005453,3
tra_dev_005454,2
tra_dev_005455,4
tra_dev_005456,2
tra_dev_005457,1
tra_dev_005458,1
tra_dev_005459,1
tra_dev_005460,1
tra_dev_005461,3
tra_dev_005462,1
tra_dev_005463,1
tra_dev_005464,4
tra_dev_005465,2
tra_dev_005466,0
tra_dev_005467,0
tra_dev_005468,2
tra_dev_005469,1
tra_dev_005470,4
tra_dev_005471,4
tra_dev_005472,1
tra_dev_005473,2
tra_dev_005474,1
tra_dev_005475,1
tra_dev_005476,0
tra_dev_005477,1
tra_dev_005478,0
tra_dev_005479,0
tra_dev_005480,1
tra_dev_005481,1
tra_dev_005482,0
tra_dev_005483,0
tra_dev_005484,3
tra_dev_005485,4
tra_dev_005486,4
tra_dev_005487,3
tra_dev_005488,4
tra_dev_005489,2
tra_dev_005490,1
tra_dev_005491,0
tra_dev_005492,2
tra_dev_005493,4
tra_dev_005494,4
tra_dev_005495,2
tra_dev_005496,1
tra_dev_005497,3
tra_dev_005498,0
tra_dev_005499,4
tra_dev_005500,1
tra_dev_005501,3
tra_dev_005502,4
tra_dev_005503,4
tra_dev_005504,3
tra_dev_005505,3
tra_dev_005506,1
tra_dev_005507,2
tra_dev_005508,1
tra_dev_005509,0
tra_dev_005510,0
tra_dev_005511,2
tra_dev_005512,0
tra_dev_005513,0
tra_dev_005514,4
tra_dev_005515,1
tra_dev_005516,4
tra_dev_005517,2
tra_dev_005518,1
tra_dev_005519,2
tra_dev_005520,1
tra_dev_005521,0
tra_dev_005522,0
tra_dev_005523,3
tra_dev_005524,0
tra_dev_005525,3
tra_dev_005526,2
tra_dev_005527,0
tra_dev_005528,3
tra_dev_005529,3
tra_dev_005530,4
tra_dev_005531,3
tra_dev_005532,4
tra_dev_005533,0
tra_dev_005534,4
tra_dev_005535,1
tra_dev_005536,4
tra_dev_005537,2
tra_dev_005538,2
tra_dev_005539,3
tra_dev_005540,3
tra_dev_005541,3
tra_dev_005542,1
tra_dev_005543,1
tra_dev_005544,3
tra_dev_005545,3
tra_dev_005546,0
tra_dev_005547,3
tra_dev_005548,0
tra_dev_005549,4
tra_dev_005550,2
tra_dev_005551,4
tra_dev_005552,2
tra_dev_005553,3
tra_dev_005554,0
tra_dev_005555,1
tra_dev_005556,2
tra_dev_005557,2
tra_dev_005558,2
tra_dev_005559,0
tra_dev_005560,4
tra_dev_005561,2
tra_dev_005562,0
tra_dev_005563,2
tra_dev_005564,3
tra_dev_005565,1
tra_dev_005566,1
tra_dev_005567,2
tra_dev_005568,0
tra_dev_005569,1
tra_dev_005570,4
tra_dev_005571,4
tra_dev_005572,3
tra_dev_005573,2
tra_dev_005574,1
tra_dev_005575,4
tra_dev_005576,0
tra_dev_005577,0
tra_dev_005578,1
tra_dev_005579,3
tra_dev_005580,2
tra_dev_005581,2
tra_dev_005582,2
tra_dev_005583,2
tra_dev_005584,2
tra_dev_005585,3
tra_dev_005586,2
tra_dev_005587,3
tra_dev_005588,4
tra_dev_005589,0
tra_dev_005590,4
tra_dev_005591,3
tra_dev_005592,1
tra_dev_005593,1
tra_dev_005594,4
tra_dev_005595,0
tra_dev_005596,3
tra_dev_005597,4
tra_dev_005598,3
tra_dev_005599,2
tra_dev_005600,2
tra_dev_005601,2
tra_dev_005602,3
tra_dev_005603,0
tra_dev_005604,3
tra_dev_005605,4
tra_dev_005606,1
tra_dev_005607,4
tra_dev_005608,0
tra_dev_005609,3
tra_dev_005610,4
tra_dev_005611,2
tra_dev_005612,3
tra_dev_005613,0
tra_dev_005614,1
tra_dev_005615,1
tra_dev_005616,4
tra_dev_005617,2
tra_dev_005618,2
tra_dev_005619,4
tra_dev_005620,4
tra_dev_005621,0
tra_dev_005622,2
tra_dev_005623,3
tra_dev_005624,2
tra_dev_005625,3
tra_dev_005626,0
tra_dev_005627,4
tra_dev_005628,4
tra_dev_005629,1
tra_dev_005630,0
tra_dev_005631,2
tra_dev_005632,4
tra_dev_005633,0
tra_dev_005636,4
tra_dev_005637,2
tra_dev_005638,2
tra_dev_005639,0
tra_dev_005640,3
tra_dev_005641,1
tra_dev_005642,4
tra_dev_005643,1
tra_dev_005644,0
tra_dev_005645,2
tra_dev_005646,1
tra_dev_005647,3
tra_dev_005648,1
tra_dev_005649,1
tra_dev_005650,4
tra_dev_005651,1
tra_dev_005652,2
tra_dev_005653,3
tra_dev_005654,4
tra_dev_005655,1
tra_dev_005656,3
tra_dev_005657,0
tra_dev_005658,3
tra_dev_005659,2
tra_dev_005660,2
tra_dev_005661,3
tra_dev_005662,1
tra_dev_005663,4
tra_dev_005664,2
tra_dev_005665,1
tra_dev_005666,3
tra_dev_005667,3
tra_dev_005668,1
tra_dev_005669,0
tra_dev_005670,3
tra_dev_005671,3
tra_dev_005672,2
tra_dev_005673,3
tra_dev_005674,4
tra_dev_005675,4
tra_dev_005676,2
tra_dev_005677,3
tra_dev_005678,4
tra_dev_005679,1
tra_dev_005680,0
tra_dev_005681,0
tra_dev_005682,1
tra_dev_005683,3
tra_dev_005684,0
tra_dev_005685,0
tra_dev_005686,4
tra_dev_005687,2
tra_dev_005688,1
tra_dev_005689,4
tra_dev_005690,3
tra_dev_005691,0
tra_dev_005692,3
tra_dev_005693,4
tra_dev_005694,4
tra_dev_005695,3
tra_dev_005696,0
tra_dev_005697,4
tra_dev_005698,1
tra_dev_005699,3
tra_dev_005700,1
tra_dev_005701,1
tra_dev_005702,0
tra_dev_005703,2
tra_dev_005704,0
tra_dev_005705,3
tra_dev_005706,2
tra_dev_005707,3
tra_dev_005708,4
tra_dev_005709,4
tra_dev_005710,0
tra_dev_005711,2
tra_dev_005712,1
tra_dev_005713,3
tra_dev_005714,1
tra_dev_005715,3
tra_dev_005716,4
tra_dev_005717,4
tra_dev_005718,2
tra_dev_005719,3
tra_dev_005720,2
tra_dev_005721,4
tra_dev_005722,4
tra_dev_005723,0
tra_dev_005724,0
tra_dev_005725,1
tra_dev_005726,2
tra_dev_005727,2
tra_dev_005728,4
tra_dev_005729,3
tra_dev_005730,2
tra_dev_005731,1
tra_dev_005732,4
tra_dev_005733,4
tra_dev_005734,2
tra_dev_005735,4
tra_dev_005736,0
tra_dev_005737,4
tra_dev_005738,0
tra_dev_005739,2
tra_dev_005740,3
tra_dev_005741,0
tra_dev_005742,2
tra_dev_005743,0
tra_dev_005744,3
tra_dev_005745,1
tra_dev_005746,2
tra_dev_005747,1
tra_dev_005748,2
tra_dev_005749,3
tra_dev_005750,0
tra_dev_005751,4
tra_dev_005752,2
tra_dev_005753,3
tra_dev_005754,2
tra_dev_005755,3
tra_dev_005756,1
tra_dev_005757,2
tra_dev_005758,4
tra_dev_005759,0
tra_dev_005760,2
tra_dev_005761,2
tra_dev_005762,4
tra_dev_005763,3
tra_dev_005764,3
tra_dev_005765,3
tra_dev_005766,2
tra_dev_005767,4
tra_dev_005768,0
tra_dev_005769,2
tra_dev_005770,4
tra_dev_005771,1
tra_dev_005772,0
tra_dev_005773,0
tra_dev_005774,1
tra_dev_005775,1
tra_dev_005776,1
tra_dev_005777,0
tra_dev_005778,4
tra_dev_005779,1
tra_dev_005780,4
tra_dev_005781,3
tra_dev_005782,2
tra_dev_005783,3
tra_dev_005784,0
tra_dev_005785,1
tra_dev_005786,1
tra_dev_005787,4
tra_dev_005788,0
tra_dev_005789,0
tra_dev_005790,4
tra_dev_005791,0
tra_dev_005792,0
tra_dev_005793,0
tra_dev_005796,2
tra_dev_005797,2
tra_dev_005798,2
tra_dev_005799,3
tra_dev_005800,2
tra_dev_005801,1
tra_dev_005802,4
tra_dev_005803,4
tra_dev_005804,0
tra_dev_005805,3
tra_dev_005806,0
tra_dev_005807,4
tra_dev_005808,0
tra_dev_005809,0
tra_dev_005810,1
tra_dev_005811,4
tra_dev_005812,3
tra_dev_005813,1
tra_dev_005814,1
tra_dev_005815,0
tra_dev_005816,1
tra_dev_005817,3
tra_dev_005818,3
tra_dev_005819,0
tra_dev_005820,4
tra_dev_005821,0
tra_dev_005822,2
tra_dev_005823,2
tra_dev_005824,1
tra_dev_005825,1
tra_dev_005826,1
tra_dev_005827,2
tra_dev_005828,1
tra_dev_005829,1
tra_dev_005830,4
tra_dev_005831,0
tra_dev_005832,4
tra_dev_005833,1
tra_dev_005834,0
tra_dev_005835,0
tra_dev_005836,2
tra_dev_005838,3
tra_dev_005839,4
tra_dev_005840,2
tra_dev_005841,1
tra_dev_005842,4
tra_dev_005843,4
tra_dev_005844,0
tra_dev_005845,3
tra_dev_005846,2
tra_dev_005847,1
tra_dev_005848,2
tra_dev_005849,0
tra_dev_005850,2
tra_dev_005851,3
tra_dev_005852,4
tra_dev_005853,1
tra_dev_005854,3
tra_dev_005855,3
tra_dev_005856,4
tra_dev_005857,2
tra_dev_005858,2
tra_dev_005859,0
tra_dev_005860,3
tra_dev_005861,1
tra_dev_005862,4
tra_dev_005863,3
tra_dev_005865,1
tra_dev_005866,1
tra_dev_005867,0
tra_dev_005868,4
tra_dev_005869,3
tra_dev_005870,0
tra_dev_005871,0
tra_dev_005872,2
tra_dev_005873,1
tra_dev_005874,1
tra_dev_005875,1
tra_dev_005876,0
tra_dev_005877,0
tra_dev_005878,0
tra_dev_005879,2
tra_dev_005880,3
tra_dev_005881,2
tra_dev_005882,0
tra_dev_005883,4
tra_dev_005884,0
tra_dev_005885,4
tra_dev_005886,0
tra_dev_005887,1
tra_dev_005888,3
tra_dev_005889,3
tra_dev_005890,2
tra_dev_005891,4
tra_dev_005892,3
tra_dev_005893,1
tra_dev_005894,2
tra_dev_005895,2
tra_dev_005896,3
tra_dev_005897,3
tra_dev_005898,1
tra_dev_005899,0
tra_dev_005900,1
tra_dev_005901,2
tra_dev_005902,3
tra_dev_005903,4
tra_dev_005904,1
tra_dev_005905,2
tra_dev_005906,0
tra_dev_005907,4
tra_dev_005908,2
tra_dev_005909,4
tra_dev_005910,0
tra_dev_005911,3
tra_dev_005912,1
tra_dev_005913,4
tra_dev_005914,3
tra_dev_005915,4
tra_dev_005916,3
tra_dev_005917,3
tra_dev_005918,1
tra_dev_005919,1
tra_dev_005920,4
tra_dev_005921,0
tra_dev_005922,4
tra_dev_005923,3
tra_dev_005924,2
tra_dev_005925,3
tra_dev_005926,3
tra_dev_005927,2
tra_dev_005928,2
tra_dev_005929,0
tra_dev_005930,3
tra_dev_005931,1
tra_dev_005932,0
tra_dev_005933,2
tra_dev_005934,4
tra_dev_005935,0
tra_dev_005936,0
tra_dev_005937,2
tra_dev_005938,0
tra_dev_005939,4
tra_dev_005940,1
tra_dev_005942,1
tra_dev_005943,1
tra_dev_005944,1
tra_dev_005945,2
tra_dev_005946,4
tra_dev_005947,1
tra_dev_005948,1
tra_dev_005949,0
tra_dev_005950,1
tra_dev_005951,1
tra_dev_005952,2
tra_dev_005953,2
tra_dev_005954,0
tra_dev_005955,3
tra_dev_005956,2
tra_dev_005957,0
tra_dev_005958,1
tra_dev_005959,0
tra_dev_005960,4
tra_dev_005961,1
tra_dev_005962,4
tra_dev_005963,2
tra_dev_005964,1
tra_dev_005965,2
tra_dev_005966,1
tra_dev_005967,0
tra_dev_005968,3
tra_dev_005969,4
tra_dev_005970,1
tra_dev_005971,2
tra_dev_005972,2
tra_dev_005973,3
tra_dev_005974,0
tra_dev_005975,4
tra_dev_005976,2
tra_dev_005977,0
tra_dev_005978,0
tra_dev_005979,3
tra_dev_005980,0
tra_dev_005981,0
tra_dev_005982,0
tra_dev_005983,0
tra_dev_005984,4
tra_dev_005985,2
tra_dev_005986,2
tra_dev_005987,1
tra_dev_005988,4
tra_dev_005989,1
tra_dev_005990,1
tra_dev_005991,1
tra_dev_005992,3
tra_dev_005993,4
tra_dev_005994,4
tra_dev_005995,3
tra_dev_005996,0
tra_dev_005997,4
tra_dev_005998,3
tra_dev_005999,4
tra_dev_006000,4
