device_id,leakage_group_id,scenario,fold
t4_dev_005118,t4_act_003458,subscription_dunning_hard,1
t4_dev_003616,t4_act_002316,subscription_dunning_hard,1
t4_dev_002907,t4_act_001823,subscription_dunning_hard,1
t4_dev_006577,t4_act_004668,subscription_dunning_hard,4
t4_dev_007733,t4_act_005603,subscription_dunning_hard,2
t4_dev_003428,t4_act_002179,subscription_dunning_hard,0
t4_dev_003077,t4_act_001907,dormant_account_spike,4
t4_dev_008541,t4_act_006277,subscription_dunning_hard,2
t4_dev_004642,t4_act_003115,subscription_dunning_hard,4
t4_dev_003793,t4_act_002454,subscription_dunning_hard,3
t4_dev_006135,t4_act_004301,subscription_dunning_hard,0
t4_dev_000788,t4_act_000273,subscription_dunning_hard,0
t4_dev_000748,t4_act_000233,subscription_dunning_hard,3
t4_dev_006968,t4_act_004997,subscription_dunning_hard,3
t4_dev_003670,t4_act_002352,subscription_dunning_hard,2
t4_dev_001791,t4_act_001019,dormant_account_spike,0
t4_dev_000778,t4_act_000263,subscription_dunning_hard,1
t4_dev_005242,t4_act_003554,subscription_dunning_hard,1
t4_dev_007140,t4_act_005138,subscription_dunning_hard,0
t4_dev_001770,t4_act_001008,subscription_dunning_hard,2
t4_dev_004311,t4_act_002871,subscription_dunning_hard,2
t4_dev_008395,t4_act_006149,subscription_dunning_hard,3
t4_dev_004726,t4_act_003177,subscription_dunning_hard,0
t4_dev_000737,t4_act_000222,subscription_dunning_hard,2
t4_dev_000791,t4_act_000276,subscription_dunning_hard,3
t4_dev_003368,t4_act_002135,subscription_dunning_hard,2
t4_dev_003383,t4_act_002147,subscription_dunning_hard,4
t4_dev_002547,t4_act_001573,dormant_account_spike,0
t4_dev_008902,t4_act_006606,subscription_dunning_hard,3
t4_dev_005104,t4_act_003447,subscription_dunning_hard,4
t4_dev_006090,t4_act_004259,subscription_dunning_hard,3
t4_dev_002790,t4_act_001763,subscription_dunning_hard,4
t4_dev_000716,t4_act_000201,subscription_dunning_hard,2
t4_dev_000743,t4_act_000228,subscription_dunning_hard,2
t4_dev_003914,t4_act_002554,subscription_dunning_hard,4
t4_dev_007712,t4_act_005582,subscription_dunning_hard,4
t4_dev_000637,t4_act_000122,subscription_dunning_hard,3
t4_dev_003326,t4_act_002097,subscription_dunning_hard,0
t4_dev_001901,t4_act_001089,subscription_dunning_hard,2
t4_dev_000775,t4_act_000260,subscription_dunning_hard,0
t4_dev_000645,t4_act_000130,subscription_dunning_hard,1
t4_dev_008760,t4_act_006476,subscription_dunning_hard,1
t4_dev_000746,t4_act_000231,subscription_dunning_hard,1
t4_dev_000639,t4_act_000124,subscription_dunning_hard,4
t4_dev_006538,t4_act_004631,subscription_dunning_hard,1
t4_dev_006602,t4_act_004691,subscription_dunning_hard,2
t4_dev_008887,t4_act_006591,subscription_dunning_hard,0
t4_dev_006817,t4_act_004868,subscription_dunning_hard,4
t4_dev_005362,t4_act_003655,subscription_dunning_hard,1
t4_dev_000654,t4_act_000139,subscription_dunning_hard,4
t4_dev_005795,t4_act_004030,subscription_dunning_hard,2
t4_dev_006143,t4_act_004307,dormant_account_spike,1
t4_dev_003551,t4_act_002264,subscription_dunning_hard,3
t4_dev_000776,t4_act_000261,subscription_dunning_hard,0
t4_dev_001743,t4_act_000987,subscription_dunning_hard,2
t4_dev_002650,t4_act_001642,subscription_dunning_hard,2
t4_dev_000749,t4_act_000234,subscription_dunning_hard,1
t4_dev_007409,t4_act_005347,subscription_dunning_hard,4
t4_dev_002120,t4_act_001248,subscription_dunning_hard,2
t4_dev_004800,t4_act_003227,subscription_dunning_hard,3
t4_dev_005303,t4_act_003606,subscription_dunning_hard,3
t4_dev_005062,t4_act_003415,subscription_dunning_hard,1
t4_dev_000640,t4_act_000125,subscription_dunning_hard,3
t4_dev_003745,t4_act_002409,subscription_dunning_hard,3
t4_dev_000742,t4_act_000227,subscription_dunning_hard,3
t4_dev_005619,t4_act_003875,subscription_dunning_hard,1
t4_dev_005573,t4_act_003835,subscription_dunning_hard,3
t4_dev_000779,t4_act_000264,subscription_dunning_hard,3
t4_dev_004226,t4_act_002804,dormant_account_spike,2
t4_dev_000724,t4_act_000209,subscription_dunning_hard,3
t4_dev_007093,t4_act_005096,subscription_dunning_hard,0
t4_dev_004578,t4_act_003063,subscription_dunning_hard,4
t4_dev_002037,t4_act_001198,subscription_dunning_hard,2
t4_dev_004224,t4_act_002802,subscription_dunning_hard,1
t4_dev_005357,t4_act_003652,subscription_dunning_hard,3
t4_dev_000599,t4_act_000084,subscription_dunning_hard,3
t4_dev_006635,t4_act_004721,dormant_account_spike,2
t4_dev_009001,t4_act_006699,subscription_dunning_hard,0
t4_dev_001880,t4_act_001071,subscription_dunning_hard,2
t4_dev_004933,t4_act_003312,subscription_dunning_hard,2
t4_dev_000691,t4_act_000176,subscription_dunning_hard,4
t4_dev_004719,t4_act_003172,dormant_account_spike,1
t4_dev_000726,t4_act_000211,subscription_dunning_hard,2
t4_dev_003802,t4_act_002460,subscription_dunning_hard,1
t4_dev_000623,t4_act_000108,subscription_dunning_hard,0
t4_dev_008490,t4_act_006236,subscription_dunning_hard,4
t4_dev_000789,t4_act_000274,subscription_dunning_hard,1
t4_dev_001889,t4_act_001078,subscription_dunning_hard,0
t4_dev_004599,t4_act_003081,subscription_dunning_hard,4
t4_dev_000661,t4_act_000146,subscription_dunning_hard,2
t4_dev_004112,t4_act_002719,subscription_dunning_hard,0
t4_dev_003150,t4_act_001953,subscription_dunning_hard,0
t4_dev_004715,t4_act_003168,subscription_dunning_hard,0
t4_dev_006621,t4_act_004708,subscription_dunning_hard,2
t4_dev_000660,t4_act_000145,subscription_dunning_hard,0
t4_dev_007023,t4_act_005042,subscription_dunning_hard,1
t4_dev_002429,t4_act_001479,dormant_account_spike,4
t4_dev_000679,t4_act_000164,subscription_dunning_hard,4
t4_dev_002160,t4_act_001272,subscription_dunning_hard,3
t4_dev_007967,t4_act_005803,subscription_dunning_hard,0
t4_dev_004963,t4_act_003340,subscription_dunning_hard,0
t4_dev_001985,t4_act_001157,dormant_account_spike,3
t4_dev_005994,t4_act_004189,subscription_dunning_hard,2
t4_dev_007978,t4_act_005814,subscription_dunning_hard,1
t4_dev_005451,t4_act_003740,subscription_dunning_hard,1
t4_dev_008895,t4_act_006599,dormant_account_spike,0
t4_dev_000712,t4_act_000197,subscription_dunning_hard,3
t4_dev_008290,t4_act_006062,subscription_dunning_hard,1
t4_dev_000795,t4_act_000280,subscription_dunning_hard,4
t4_dev_005415,t4_act_003704,subscription_dunning_hard,0
t4_dev_006499,t4_act_004595,subscription_dunning_hard,4
t4_dev_007353,t4_act_005300,subscription_dunning_hard,1
t4_dev_006819,t4_act_004870,subscription_dunning_hard,1
t4_dev_006693,t4_act_004775,subscription_dunning_hard,2
t4_dev_000711,t4_act_000196,subscription_dunning_hard,1
t4_dev_007934,t4_act_005775,subscription_dunning_hard,2
t4_dev_007074,t4_act_005082,dormant_account_spike,4
t4_dev_005892,t4_act_004099,subscription_dunning_hard,1
t4_dev_008619,t4_act_006348,subscription_dunning_hard,4
t4_dev_008692,t4_act_006412,subscription_dunning_hard,1
t4_dev_001591,t4_act_000886,subscription_dunning_hard,1
t4_dev_001708,t4_act_000958,dormant_account_spike,4
t4_dev_007790,t4_act_005654,subscription_dunning_hard,0
t4_dev_005458,t4_act_003747,subscription_dunning_hard,2
t4_dev_008087,t4_act_005896,subscription_dunning_hard,2
t4_dev_006041,t4_act_004231,subscription_dunning_hard,4
t4_dev_000708,t4_act_000193,subscription_dunning_hard,3
t4_dev_000702,t4_act_000187,subscription_dunning_hard,1
t4_dev_004579,t4_act_003064,subscription_dunning_hard,2
t4_dev_008092,t4_act_005901,subscription_dunning_hard,4
t4_dev_008219,t4_act_006015,dormant_account_spike,3
t4_dev_004976,t4_act_003351,dormant_account_spike,1
t4_dev_003205,t4_act_001997,dormant_account_spike,4
t4_dev_007947,t4_act_005786,subscription_dunning_hard,3
t4_dev_006146,t4_act_004309,subscription_dunning_hard,4
t4_dev_000790,t4_act_000275,subscription_dunning_hard,4
t4_dev_000670,t4_act_000155,subscription_dunning_hard,2
t4_dev_003822,t4_act_002479,dormant_account_spike,3
t4_dev_008969,t4_act_006671,subscription_dunning_hard,3
t4_dev_003779,t4_act_002440,subscription_dunning_hard,2
t4_dev_006595,t4_act_004684,dormant_account_spike,2
t4_dev_005481,t4_act_003769,subscription_dunning_hard,1
t4_dev_002693,t4_act_001680,subscription_dunning_hard,1
t4_dev_003174,t4_act_001973,subscription_dunning_hard,1
t4_dev_004571,t4_act_003057,dormant_account_spike,3
t4_dev_000609,t4_act_000094,subscription_dunning_hard,4
t4_dev_005416,t4_act_003705,subscription_dunning_hard,2
t4_dev_008300,t4_act_006071,subscription_dunning_hard,3
t4_dev_000761,t4_act_000246,subscription_dunning_hard,1
t4_dev_008937,t4_act_006640,subscription_dunning_hard,4
t4_dev_008758,t4_act_006474,subscription_dunning_hard,4
t4_dev_004433,t4_act_002951,subscription_dunning_hard,3
t4_dev_008086,t4_act_005895,dormant_account_spike,0
t4_dev_005997,t4_act_004192,subscription_dunning_hard,3
t4_dev_001955,t4_act_001128,subscription_dunning_hard,3
t4_dev_005553,t4_act_003817,dormant_account_spike,3
t4_dev_004783,t4_act_003213,subscription_dunning_hard,0
t4_dev_005431,t4_act_003720,dormant_account_spike,1
t4_dev_000763,t4_act_000248,subscription_dunning_hard,2
t4_dev_002768,t4_act_001742,subscription_dunning_hard,1
t4_dev_008472,t4_act_006219,subscription_dunning_hard,1
t4_dev_001617,t4_act_000902,subscription_dunning_hard,2
t4_dev_008751,t4_act_006468,subscription_dunning_hard,0
t4_dev_002253,t4_act_001339,subscription_dunning_hard,4
t4_dev_006454,t4_act_004553,subscription_dunning_hard,1
t4_dev_006366,t4_act_004473,subscription_dunning_hard,3
t4_dev_006441,t4_act_004542,dormant_account_spike,2
t4_dev_001750,t4_act_000994,subscription_dunning_hard,0
t4_dev_003231,t4_act_002018,subscription_dunning_hard,4
t4_dev_002828,t4_act_001782,dormant_account_spike,1
t4_dev_006932,t4_act_004968,subscription_dunning_hard,2
t4_dev_003897,t4_act_002540,subscription_dunning_hard,1
t4_dev_000739,t4_act_000224,subscription_dunning_hard,4
t4_dev_000703,t4_act_000188,subscription_dunning_hard,1
t4_dev_006676,t4_act_004760,subscription_dunning_hard,0
t4_dev_006460,t4_act_004559,dormant_account_spike,1
t4_dev_006894,t4_act_004932,subscription_dunning_hard,4
t4_dev_002298,t4_act_001376,subscription_dunning_hard,4
t4_dev_007486,t4_act_005400,subscription_dunning_hard,4
t4_dev_000762,t4_act_000247,subscription_dunning_hard,3
t4_dev_006342,t4_act_004450,subscription_dunning_hard,2
t4_dev_007785,t4_act_005650,subscription_dunning_hard,0
t4_dev_000680,t4_act_000165,subscription_dunning_hard,3
t4_dev_002522,t4_act_001555,subscription_dunning_hard,4
t4_dev_004310,t4_act_002870,subscription_dunning_hard,1
t4_dev_001803,t4_act_001031,dormant_account_spike,3
t4_dev_001739,t4_act_000983,subscription_dunning_hard,3
t4_dev_000690,t4_act_000175,subscription_dunning_hard,2
t4_dev_006949,t4_act_004983,subscription_dunning_hard,2
t4_dev_004798,t4_act_003225,subscription_dunning_hard,3
t4_dev_001772,t4_act_001010,subscription_dunning_hard,2
t4_dev_008043,t4_act_005855,subscription_dunning_hard,3
t4_dev_002482,t4_act_001525,subscription_dunning_hard,1
t4_dev_003137,t4_act_001941,subscription_dunning_hard,2
t4_dev_003701,t4_act_002372,subscription_dunning_hard,0
t4_dev_008113,t4_act_005922,subscription_dunning_hard,3
t4_dev_003657,t4_act_002343,subscription_dunning_hard,0
t4_dev_000644,t4_act_000129,subscription_dunning_hard,4
t4_dev_007462,t4_act_005395,subscription_dunning_hard,3
t4_dev_008152,t4_act_005956,subscription_dunning_hard,4
t4_dev_000745,t4_act_000230,subscription_dunning_hard,1
t4_dev_007249,t4_act_005221,dormant_account_spike,3
t4_dev_007435,t4_act_005370,subscription_dunning_hard,3
t4_dev_007169,t4_act_005166,subscription_dunning_hard,1
t4_dev_000696,t4_act_000181,subscription_dunning_hard,1
t4_dev_002376,t4_act_001433,subscription_dunning_hard,2
t4_dev_000793,t4_act_000278,subscription_dunning_hard,3
t4_dev_004811,t4_act_003233,subscription_dunning_hard,0
t4_dev_000718,t4_act_000203,subscription_dunning_hard,1
t4_dev_000642,t4_act_000127,subscription_dunning_hard,4
t4_dev_006759,t4_act_004832,subscription_dunning_hard,4
t4_dev_003972,t4_act_002602,subscription_dunning_hard,3
t4_dev_000784,t4_act_000269,subscription_dunning_hard,3
t4_dev_003941,t4_act_002579,subscription_dunning_hard,3
t4_dev_002626,t4_act_001623,subscription_dunning_hard,0
t4_dev_000688,t4_act_000173,subscription_dunning_hard,1
t4_dev_006947,t4_act_004981,subscription_dunning_hard,3
t4_dev_002193,t4_act_001294,dormant_account_spike,3
t4_dev_000727,t4_act_000212,subscription_dunning_hard,0
t4_dev_004563,t4_act_003049,subscription_dunning_hard,1
t4_dev_005337,t4_act_003636,subscription_dunning_hard,4
t4_dev_007722,t4_act_005592,dormant_account_spike,4
t4_dev_007973,t4_act_005809,subscription_dunning_hard,0
t4_dev_005679,t4_act_003928,subscription_dunning_hard,0
t4_dev_007420,t4_act_005357,subscription_dunning_hard,4
t4_dev_000606,t4_act_000091,subscription_dunning_hard,3
t4_dev_002468,t4_act_001512,subscription_dunning_hard,4
t4_dev_006415,t4_act_004518,subscription_dunning_hard,3
t4_dev_007105,t4_act_005108,subscription_dunning_hard,3
t4_dev_008416,t4_act_006167,dormant_account_spike,4
t4_dev_008044,t4_act_005856,subscription_dunning_hard,3
t4_dev_007755,t4_act_005623,subscription_dunning_hard,1
t4_dev_008367,t4_act_006127,subscription_dunning_hard,2
t4_dev_004753,t4_act_003199,subscription_dunning_hard,1
t4_dev_000705,t4_act_000190,subscription_dunning_hard,0
t4_dev_003828,t4_act_002483,subscription_dunning_hard,1
t4_dev_003791,t4_act_002452,subscription_dunning_hard,1
t4_dev_006045,t4_act_004234,subscription_dunning_hard,4
t4_dev_005404,t4_act_003694,subscription_dunning_hard,1
t4_dev_006487,t4_act_004584,subscription_dunning_hard,2
t4_dev_007111,t4_act_005114,dormant_account_spike,0
t4_dev_002613,t4_act_001617,dormant_account_spike,4
t4_dev_000729,t4_act_000214,subscription_dunning_hard,3
t4_dev_006438,t4_act_004539,subscription_dunning_hard,0
t4_dev_003697,t4_act_002368,subscription_dunning_hard,0
t4_dev_000755,t4_act_000240,subscription_dunning_hard,1
t4_dev_003252,t4_act_002036,subscription_dunning_hard,2
t4_dev_005384,t4_act_003674,subscription_dunning_hard,2
t4_dev_000725,t4_act_000210,subscription_dunning_hard,1
t4_dev_006511,t4_act_004606,subscription_dunning_hard,3
t4_dev_002458,t4_act_001504,dormant_account_spike,2
t4_dev_006740,t4_act_004818,dormant_account_spike,3
t4_dev_008283,t4_act_006057,dormant_account_spike,3
t4_dev_004531,t4_act_003029,dormant_account_spike,4
t4_dev_000615,t4_act_000100,subscription_dunning_hard,3
t4_dev_007447,t4_act_005382,subscription_dunning_hard,1
t4_dev_006838,t4_act_004885,subscription_dunning_hard,4
t4_dev_000603,t4_act_000088,subscription_dunning_hard,2
t4_dev_005856,t4_act_004084,subscription_dunning_hard,0
t4_dev_001794,t4_act_001022,subscription_dunning_hard,4
t4_dev_008180,t4_act_005981,subscription_dunning_hard,3
t4_dev_000693,t4_act_000178,subscription_dunning_hard,2
t4_dev_005624,t4_act_003880,subscription_dunning_hard,0
t4_dev_005992,t4_act_004187,subscription_dunning_hard,3
t4_dev_006974,t4_act_005002,dormant_account_spike,0
t4_dev_001897,t4_act_001085,subscription_dunning_hard,2
t4_dev_004249,t4_act_002822,subscription_dunning_hard,4
t4_dev_002246,t4_act_001334,subscription_dunning_hard,2
t4_dev_003935,t4_act_002574,subscription_dunning_hard,1
t4_dev_000770,t4_act_000255,subscription_dunning_hard,3
t4_dev_006051,t4_act_004240,subscription_dunning_hard,2
t4_dev_000659,t4_act_000144,subscription_dunning_hard,3
t4_dev_004987,t4_act_003357,subscription_dunning_hard,1
t4_dev_000699,t4_act_000184,subscription_dunning_hard,4
t4_dev_007258,t4_act_005228,subscription_dunning_hard,4
t4_dev_002241,t4_act_001329,subscription_dunning_hard,1
t4_dev_002499,t4_act_001539,subscription_dunning_hard,3
t4_dev_005181,t4_act_003500,subscription_dunning_hard,0
t4_dev_000668,t4_act_000153,subscription_dunning_hard,2
t4_dev_006492,t4_act_004589,subscription_dunning_hard,2
t4_dev_001592,t4_act_000887,dormant_account_spike,2
t4_dev_007152,t4_act_005149,subscription_dunning_hard,1
t4_dev_005149,t4_act_003487,subscription_dunning_hard,1
t4_dev_000781,t4_act_000266,subscription_dunning_hard,3
t4_dev_007092,t4_act_005095,subscription_dunning_hard,2
t4_dev_006893,t4_act_004931,dormant_account_spike,4
t4_dev_006436,t4_act_004537,subscription_dunning_hard,4
t4_dev_008296,t4_act_006068,subscription_dunning_hard,4
t4_dev_007538,t4_act_005448,subscription_dunning_hard,2
t4_dev_008285,t4_act_006058,dormant_account_spike,4
t4_dev_003315,t4_act_002086,subscription_dunning_hard,3
t4_dev_007704,t4_act_005574,subscription_dunning_hard,0
t4_dev_005341,t4_act_003640,subscription_dunning_hard,0
t4_dev_003674,t4_act_002356,dormant_account_spike,3
t4_dev_003310,t4_act_002082,subscription_dunning_hard,4
t4_dev_002985,t4_act_001871,subscription_dunning_hard,0
t4_dev_002902,t4_act_001820,subscription_dunning_hard,0
t4_dev_004107,t4_act_002714,subscription_dunning_hard,2
t4_dev_000723,t4_act_000208,subscription_dunning_hard,1
t4_dev_005939,t4_act_004141,subscription_dunning_hard,4
t4_dev_004540,t4_act_003037,dormant_account_spike,4
t4_dev_000681,t4_act_000166,subscription_dunning_hard,0
t4_dev_000728,t4_act_000213,subscription_dunning_hard,0
t4_dev_008499,t4_act_006244,subscription_dunning_hard,1
t4_dev_002296,t4_act_001374,subscription_dunning_hard,2
t4_dev_005710,t4_act_003956,subscription_dunning_hard,3
t4_dev_003910,t4_act_002551,dormant_account_spike,2
t4_dev_000672,t4_act_000157,subscription_dunning_hard,0
t4_dev_008859,t4_act_006566,subscription_dunning_hard,0
t4_dev_005545,t4_act_003810,dormant_account_spike,0
t4_dev_007350,t4_act_005297,subscription_dunning_hard,3
t4_dev_005783,t4_act_004018,subscription_dunning_hard,4
t4_dev_008145,t4_act_005949,subscription_dunning_hard,4
t4_dev_003163,t4_act_001964,dormant_account_spike,1
t4_dev_006367,t4_act_004474,subscription_dunning_hard,0
t4_dev_007426,t4_act_005362,subscription_dunning_hard,1
t4_dev_005853,t4_act_004081,subscription_dunning_hard,3
t4_dev_005836,t4_act_004067,subscription_dunning_hard,4
t4_dev_000616,t4_act_000101,subscription_dunning_hard,1
t4_dev_004030,t4_act_002646,dormant_account_spike,3
t4_dev_003304,t4_act_002076,subscription_dunning_hard,1
t4_dev_005263,t4_act_003574,dormant_account_spike,1
t4_dev_005858,t4_act_004086,dormant_account_spike,2
t4_dev_000765,t4_act_000250,subscription_dunning_hard,4
t4_dev_006979,t4_act_005007,subscription_dunning_hard,1
t4_dev_003751,t4_act_002413,dormant_account_spike,1
t4_dev_003812,t4_act_002469,subscription_dunning_hard,0
t4_dev_007421,t4_act_005358,dormant_account_spike,2
t4_dev_002843,t4_act_001792,subscription_dunning_hard,4
t4_dev_006238,t4_act_004371,subscription_dunning_hard,1
t4_dev_006096,t4_act_004264,subscription_dunning_hard,1
t4_dev_008607,t4_act_006336,subscription_dunning_hard,3
t4_dev_008918,t4_act_006622,subscription_dunning_hard,3
t4_dev_003863,t4_act_002509,subscription_dunning_hard,1
t4_dev_003483,t4_act_002223,subscription_dunning_hard,1
t4_dev_009035,t4_act_006729,subscription_dunning_hard,2
t4_dev_004659,t4_act_003130,subscription_dunning_hard,2
t4_dev_008557,t4_act_006289,subscription_dunning_hard,3
t4_dev_000648,t4_act_000133,subscription_dunning_hard,1
t4_dev_007837,t4_act_005696,subscription_dunning_hard,1
t4_dev_000635,t4_act_000120,subscription_dunning_hard,0
t4_dev_003813,t4_act_002470,subscription_dunning_hard,3
t4_dev_003144,t4_act_001947,dormant_account_spike,1
t4_dev_000647,t4_act_000132,subscription_dunning_hard,2
t4_dev_005220,t4_act_003535,subscription_dunning_hard,4
t4_dev_004126,t4_act_002729,subscription_dunning_hard,3
t4_dev_005090,t4_act_003438,subscription_dunning_hard,0
t4_dev_007716,t4_act_005586,subscription_dunning_hard,1
t4_dev_006533,t4_act_004627,dormant_account_spike,4
t4_dev_008878,t4_act_006582,subscription_dunning_hard,3
t4_dev_000626,t4_act_000111,subscription_dunning_hard,4
t4_dev_006217,t4_act_004352,subscription_dunning_hard,0
t4_dev_006662,t4_act_004746,subscription_dunning_hard,1
t4_dev_002696,t4_act_001683,subscription_dunning_hard,4
t4_dev_002989,t4_act_001875,subscription_dunning_hard,1
t4_dev_000627,t4_act_000112,subscription_dunning_hard,0
t4_dev_005931,t4_act_004133,subscription_dunning_hard,2
t4_dev_007742,t4_act_005612,subscription_dunning_hard,0
t4_dev_008633,t4_act_006362,dormant_account_spike,0
t4_dev_008187,t4_act_005988,subscription_dunning_hard,3
t4_dev_005713,t4_act_003959,subscription_dunning_hard,2
t4_dev_007966,t4_act_005802,dormant_account_spike,2
t4_dev_000751,t4_act_000236,subscription_dunning_hard,3
t4_dev_005980,t4_act_004178,dormant_account_spike,3
t4_dev_008560,t4_act_006292,dormant_account_spike,1
t4_dev_006746,t4_act_004824,subscription_dunning_hard,2
t4_dev_005053,t4_act_003410,subscription_dunning_hard,4
t4_dev_005732,t4_act_003976,subscription_dunning_hard,0
t4_dev_002698,t4_act_001685,subscription_dunning_hard,2
t4_dev_006608,t4_act_004697,subscription_dunning_hard,0
t4_dev_008103,t4_act_005912,subscription_dunning_hard,0
t4_dev_006764,t4_act_004836,subscription_dunning_hard,4
t4_dev_000605,t4_act_000090,subscription_dunning_hard,3
t4_dev_000671,t4_act_000156,subscription_dunning_hard,2
t4_dev_005896,t4_act_004103,subscription_dunning_hard,2
t4_dev_001952,t4_act_001126,subscription_dunning_hard,4
t4_dev_005050,t4_act_003408,subscription_dunning_hard,4
t4_dev_003982,t4_act_002612,subscription_dunning_hard,2
t4_dev_000695,t4_act_000180,subscription_dunning_hard,0
t4_dev_006664,t4_act_004748,subscription_dunning_hard,2
t4_dev_006897,t4_act_004935,dormant_account_spike,2
t4_dev_000613,t4_act_000098,subscription_dunning_hard,1
t4_dev_004602,t4_act_003084,subscription_dunning_hard,2
t4_dev_002923,t4_act_001836,subscription_dunning_hard,0
t4_dev_006836,t4_act_004883,subscription_dunning_hard,2
t4_dev_007747,t4_act_005616,subscription_dunning_hard,2
t4_dev_004346,t4_act_002899,subscription_dunning_hard,1
t4_dev_004127,t4_act_002730,subscription_dunning_hard,0
t4_dev_005137,t4_act_003475,subscription_dunning_hard,1
t4_dev_000608,t4_act_000093,subscription_dunning_hard,0
t4_dev_006277,t4_act_004406,subscription_dunning_hard,3
t4_dev_004040,t4_act_002654,subscription_dunning_hard,1
t4_dev_005124,t4_act_003463,subscription_dunning_hard,0
t4_dev_004148,t4_act_002749,subscription_dunning_hard,3
t4_dev_008823,t4_act_006534,subscription_dunning_hard,0
t4_dev_003807,t4_act_002464,subscription_dunning_hard,2
t4_dev_003811,t4_act_002468,subscription_dunning_hard,0
t4_dev_000600,t4_act_000085,subscription_dunning_hard,2
t4_dev_002390,t4_act_001445,subscription_dunning_hard,2
t4_dev_003698,t4_act_002369,subscription_dunning_hard,4
t4_dev_008956,t4_act_006658,subscription_dunning_hard,4
t4_dev_008236,t4_act_006031,subscription_dunning_hard,2
t4_dev_005684,t4_act_003933,subscription_dunning_hard,4
t4_dev_008104,t4_act_005913,subscription_dunning_hard,3
t4_dev_000632,t4_act_000117,subscription_dunning_hard,0
t4_dev_005708,t4_act_003954,subscription_dunning_hard,4
t4_dev_007357,t4_act_005304,dormant_account_spike,0
t4_dev_008553,t4_act_006286,subscription_dunning_hard,3
t4_dev_000783,t4_act_000268,subscription_dunning_hard,1
t4_dev_007280,t4_act_005248,subscription_dunning_hard,4
t4_dev_008198,t4_act_005998,subscription_dunning_hard,0
t4_dev_000656,t4_act_000141,subscription_dunning_hard,0
t4_dev_003139,t4_act_001943,subscription_dunning_hard,3
t4_dev_006376,t4_act_004482,subscription_dunning_hard,1
t4_dev_000750,t4_act_000235,subscription_dunning_hard,3
t4_dev_005418,t4_act_003707,subscription_dunning_hard,4
t4_dev_006945,t4_act_004979,subscription_dunning_hard,4
t4_dev_006820,t4_act_004871,subscription_dunning_hard,2
t4_dev_005864,t4_act_004092,subscription_dunning_hard,3
t4_dev_002349,t4_act_001410,subscription_dunning_hard,2
t4_dev_008348,t4_act_006110,subscription_dunning_hard,3
t4_dev_006585,t4_act_004676,subscription_dunning_hard,4
t4_dev_001651,t4_act_000929,subscription_dunning_hard,3
t4_dev_003704,t4_act_002375,subscription_dunning_hard,2
t4_dev_000641,t4_act_000126,subscription_dunning_hard,4
t4_dev_006265,t4_act_004395,subscription_dunning_hard,0
t4_dev_003011,t4_act_001893,subscription_dunning_hard,0
t4_dev_007604,t4_act_005506,subscription_dunning_hard,4
t4_dev_008817,t4_act_006529,dormant_account_spike,1
t4_dev_008166,t4_act_005968,subscription_dunning_hard,0
t4_dev_001898,t4_act_001086,subscription_dunning_hard,3
t4_dev_005915,t4_act_004117,subscription_dunning_hard,1
t4_dev_001654,t4_act_000932,subscription_dunning_hard,3
t4_dev_000692,t4_act_000177,subscription_dunning_hard,0
t4_dev_004115,t4_act_002722,subscription_dunning_hard,1
t4_dev_007151,t4_act_005148,subscription_dunning_hard,2
t4_dev_002068,t4_act_001215,subscription_dunning_hard,4
t4_dev_008714,t4_act_006432,dormant_account_spike,0
t4_dev_000710,t4_act_000195,subscription_dunning_hard,2
t4_dev_000704,t4_act_000189,subscription_dunning_hard,0
t4_dev_004617,t4_act_003096,dormant_account_spike,4
t4_dev_000655,t4_act_000140,subscription_dunning_hard,4
t4_dev_002163,t4_act_001274,dormant_account_spike,2
t4_dev_000700,t4_act_000185,subscription_dunning_hard,0
t4_dev_004629,t4_act_003105,dormant_account_spike,1
t4_dev_000683,t4_act_000168,subscription_dunning_hard,0
t4_dev_008364,t4_act_006125,subscription_dunning_hard,1
t4_dev_004059,t4_act_002671,subscription_dunning_hard,2
t4_dev_002301,t4_act_001379,dormant_account_spike,1
t4_dev_000634,t4_act_000119,subscription_dunning_hard,1
t4_dev_005702,t4_act_003949,dormant_account_spike,1
t4_dev_005642,t4_act_003894,subscription_dunning_hard,3
t4_dev_000774,t4_act_000259,subscription_dunning_hard,2
t4_dev_000629,t4_act_000114,subscription_dunning_hard,3
t4_dev_003655,t4_act_002341,subscription_dunning_hard,4
t4_dev_001988,t4_act_001159,subscription_dunning_hard,0
t4_dev_008225,t4_act_006020,subscription_dunning_hard,2
t4_dev_007913,t4_act_005757,subscription_dunning_hard,2
t4_dev_001711,t4_act_000961,subscription_dunning_hard,2
t4_dev_008030,t4_act_005843,subscription_dunning_hard,3
t4_dev_000709,t4_act_000194,subscription_dunning_hard,3
t4_dev_000760,t4_act_000245,subscription_dunning_hard,0
t4_dev_003104,t4_act_001927,subscription_dunning_hard,3
t4_dev_008685,t4_act_006406,subscription_dunning_hard,4
t4_dev_001733,t4_act_000977,subscription_dunning_hard,3
t4_dev_000621,t4_act_000106,subscription_dunning_hard,4
t4_dev_007970,t4_act_005806,subscription_dunning_hard,2
t4_dev_008719,t4_act_006437,subscription_dunning_hard,3
t4_dev_002032,t4_act_001194,subscription_dunning_hard,3
t4_dev_006936,t4_act_004972,subscription_dunning_hard,0
t4_dev_006521,t4_act_004616,dormant_account_spike,4
t4_dev_007365,t4_act_005310,dormant_account_spike,1
t4_dev_007079,t4_act_005086,dormant_account_spike,3
t4_dev_004721,t4_act_003173,subscription_dunning_hard,3
t4_dev_008689,t4_act_006409,subscription_dunning_hard,3
t4_dev_008679,t4_act_006401,subscription_dunning_hard,1
t4_dev_006244,t4_act_004377,subscription_dunning_hard,4
t4_dev_007135,t4_act_005133,subscription_dunning_hard,4
t4_dev_008311,t4_act_006081,subscription_dunning_hard,0
t4_dev_000764,t4_act_000249,subscription_dunning_hard,1
t4_dev_007379,t4_act_005320,dormant_account_spike,0
t4_dev_004344,t4_act_002897,subscription_dunning_hard,3
t4_dev_004744,t4_act_003190,subscription_dunning_hard,1
t4_dev_003702,t4_act_002373,subscription_dunning_hard,4
t4_dev_002332,t4_act_001396,subscription_dunning_hard,4
t4_dev_008451,t4_act_006199,subscription_dunning_hard,2
t4_dev_000701,t4_act_000186,subscription_dunning_hard,0
t4_dev_006858,t4_act_004903,subscription_dunning_hard,1
t4_dev_000678,t4_act_000163,subscription_dunning_hard,2
t4_dev_000717,t4_act_000202,subscription_dunning_hard,3
t4_dev_007569,t4_act_005477,subscription_dunning_hard,4
t4_dev_000663,t4_act_000148,subscription_dunning_hard,2
t4_dev_002056,t4_act_001210,subscription_dunning_hard,1
t4_dev_007860,t4_act_005713,subscription_dunning_hard,4
t4_dev_000612,t4_act_000097,subscription_dunning_hard,0
t4_dev_002720,t4_act_001701,subscription_dunning_hard,2
t4_dev_005721,t4_act_003967,dormant_account_spike,3
t4_dev_005178,t4_act_003497,subscription_dunning_hard,3
t4_dev_008747,t4_act_006464,subscription_dunning_hard,0
t4_dev_006525,t4_act_004619,subscription_dunning_hard,4
t4_dev_004182,t4_act_002776,subscription_dunning_hard,1
t4_dev_007496,t4_act_005410,subscription_dunning_hard,0
t4_dev_003815,t4_act_002472,subscription_dunning_hard,4
t4_dev_008227,t4_act_006022,subscription_dunning_hard,0
t4_dev_002417,t4_act_001468,subscription_dunning_hard,4
t4_dev_004490,t4_act_003000,subscription_dunning_hard,0
t4_dev_000694,t4_act_000179,subscription_dunning_hard,0
t4_dev_000685,t4_act_000170,subscription_dunning_hard,4
t4_dev_006185,t4_act_004324,dormant_account_spike,0
t4_dev_005590,t4_act_003849,subscription_dunning_hard,2
t4_dev_008069,t4_act_005880,subscription_dunning_hard,1
t4_dev_000758,t4_act_000243,subscription_dunning_hard,1
t4_dev_005297,t4_act_003600,subscription_dunning_hard,4
t4_dev_003593,t4_act_002294,subscription_dunning_hard,4
t4_dev_002361,t4_act_001420,dormant_account_spike,2
t4_dev_006739,t4_act_004817,subscription_dunning_hard,0
t4_dev_005627,t4_act_003883,subscription_dunning_hard,3
t4_dev_005706,t4_act_003952,subscription_dunning_hard,0
t4_dev_000730,t4_act_000215,subscription_dunning_hard,2
t4_dev_003942,t4_act_002580,dormant_account_spike,0
t4_dev_002609,t4_act_001613,dormant_account_spike,3
t4_dev_000638,t4_act_000123,subscription_dunning_hard,1
t4_dev_003980,t4_act_002610,subscription_dunning_hard,1
t4_dev_006104,t4_act_004271,subscription_dunning_hard,4
t4_dev_000666,t4_act_000151,subscription_dunning_hard,1
t4_dev_004302,t4_act_002863,subscription_dunning_hard,4
t4_dev_002986,t4_act_001872,subscription_dunning_hard,3
t4_dev_006548,t4_act_004640,dormant_account_spike,1
t4_dev_007982,t4_act_005818,subscription_dunning_hard,1
t4_dev_007493,t4_act_005407,subscription_dunning_hard,1
t4_dev_000689,t4_act_000174,subscription_dunning_hard,0
t4_dev_003408,t4_act_002163,dormant_account_spike,1
t4_dev_007334,t4_act_005281,subscription_dunning_hard,1
t4_dev_000713,t4_act_000198,subscription_dunning_hard,1
t4_dev_005570,t4_act_003832,dormant_account_spike,3
t4_dev_008756,t4_act_006472,subscription_dunning_hard,0
t4_dev_004198,t4_act_002786,dormant_account_spike,2
t4_dev_006340,t4_act_004449,dormant_account_spike,4
t4_dev_008801,t4_act_006513,subscription_dunning_hard,4
t4_dev_000607,t4_act_000092,subscription_dunning_hard,2
t4_dev_000792,t4_act_000277,subscription_dunning_hard,3
t4_dev_004101,t4_act_002709,subscription_dunning_hard,3
t4_dev_007721,t4_act_005591,subscription_dunning_hard,0
t4_dev_000633,t4_act_000118,subscription_dunning_hard,2
t4_dev_000620,t4_act_000105,subscription_dunning_hard,3
t4_dev_002406,t4_act_001459,subscription_dunning_hard,3
t4_dev_008112,t4_act_005921,subscription_dunning_hard,3
t4_dev_002176,t4_act_001282,subscription_dunning_hard,1
t4_dev_004853,t4_act_003264,subscription_dunning_hard,3
t4_dev_003167,t4_act_001967,subscription_dunning_hard,0
t4_dev_006020,t4_act_004214,subscription_dunning_hard,3
t4_dev_005398,t4_act_003688,subscription_dunning_hard,4
t4_dev_008328,t4_act_006097,subscription_dunning_hard,0
t4_dev_004581,t4_act_003066,subscription_dunning_hard,1
t4_dev_002665,t4_act_001656,subscription_dunning_hard,0
t4_dev_006125,t4_act_004291,subscription_dunning_hard,4
t4_dev_007078,t4_act_005085,dormant_account_spike,4
t4_dev_006568,t4_act_004659,subscription_dunning_hard,0
t4_dev_003574,t4_act_002277,subscription_dunning_hard,4
t4_dev_002584,t4_act_001594,subscription_dunning_hard,1
t4_dev_000771,t4_act_000256,subscription_dunning_hard,1
t4_dev_008790,t4_act_006503,subscription_dunning_hard,1
t4_dev_008820,t4_act_006531,subscription_dunning_hard,1
t4_dev_004313,t4_act_002873,subscription_dunning_hard,4
t4_dev_006351,t4_act_004458,subscription_dunning_hard,0
t4_dev_006451,t4_act_004550,subscription_dunning_hard,0
t4_dev_009025,t4_act_006721,subscription_dunning_hard,1
t4_dev_000673,t4_act_000158,subscription_dunning_hard,4
t4_dev_000777,t4_act_000262,subscription_dunning_hard,3
t4_dev_008281,t4_act_006055,subscription_dunning_hard,0
t4_dev_002749,t4_act_001723,subscription_dunning_hard,2
t4_dev_008727,t4_act_006445,subscription_dunning_hard,3
t4_dev_005535,t4_act_003802,subscription_dunning_hard,4
t4_dev_008631,t4_act_006360,subscription_dunning_hard,1
t4_dev_008175,t4_act_005976,subscription_dunning_hard,4
t4_dev_007571,t4_act_005479,dormant_account_spike,4
t4_dev_006225,t4_act_004360,subscription_dunning_hard,2
t4_dev_006095,t4_act_004263,subscription_dunning_hard,2
t4_dev_004096,t4_act_002705,subscription_dunning_hard,2
t4_dev_000736,t4_act_000221,subscription_dunning_hard,4
t4_dev_004254,t4_act_002827,subscription_dunning_hard,1
t4_dev_000707,t4_act_000192,subscription_dunning_hard,4
t4_dev_006430,t4_act_004531,dormant_account_spike,3
t4_dev_000768,t4_act_000253,subscription_dunning_hard,2
t4_dev_005317,t4_act_003617,subscription_dunning_hard,0
t4_dev_002974,t4_act_001862,subscription_dunning_hard,4
t4_dev_004624,t4_act_003101,dormant_account_spike,0
t4_dev_006999,t4_act_005022,dormant_account_spike,1
t4_dev_002444,t4_act_001491,subscription_dunning_hard,2
t4_dev_003780,t4_act_002441,subscription_dunning_hard,3
t4_dev_001689,t4_act_000944,subscription_dunning_hard,1
t4_dev_007337,t4_act_005284,subscription_dunning_hard,4
t4_dev_006554,t4_act_004645,subscription_dunning_hard,4
t4_dev_004464,t4_act_002976,subscription_dunning_hard,4
t4_dev_006108,t4_act_004275,subscription_dunning_hard,4
t4_dev_000780,t4_act_000265,subscription_dunning_hard,4
t4_dev_005861,t4_act_004089,dormant_account_spike,2
t4_dev_006461,t4_act_004560,subscription_dunning_hard,4
t4_dev_004458,t4_act_002972,dormant_account_spike,2
t4_dev_000646,t4_act_000131,subscription_dunning_hard,1
t4_dev_008097,t4_act_005906,subscription_dunning_hard,4
t4_dev_008990,t4_act_006690,subscription_dunning_hard,1
t4_dev_005385,t4_act_003675,subscription_dunning_hard,2
t4_dev_004577,t4_act_003062,subscription_dunning_hard,0
t4_dev_005030,t4_act_003392,subscription_dunning_hard,4
t4_dev_005595,t4_act_003853,subscription_dunning_hard,0
t4_dev_009019,t4_act_006715,subscription_dunning_hard,4
t4_dev_005494,t4_act_003781,dormant_account_spike,4
t4_dev_007539,t4_act_005449,subscription_dunning_hard,2
t4_dev_000617,t4_act_000102,subscription_dunning_hard,0
t4_dev_006246,t4_act_004379,subscription_dunning_hard,3
t4_dev_001968,t4_act_001141,subscription_dunning_hard,1
t4_dev_005479,t4_act_003767,subscription_dunning_hard,1
t4_dev_003145,t4_act_001948,subscription_dunning_hard,0
t4_dev_005857,t4_act_004085,subscription_dunning_hard,0
t4_dev_005643,t4_act_003895,subscription_dunning_hard,3
t4_dev_006013,t4_act_004208,subscription_dunning_hard,2
t4_dev_002452,t4_act_001498,subscription_dunning_hard,3
t4_dev_000698,t4_act_000183,subscription_dunning_hard,1
t4_dev_006046,t4_act_004235,subscription_dunning_hard,2
t4_dev_000772,t4_act_000257,subscription_dunning_hard,4
t4_dev_005902,t4_act_004107,dormant_account_spike,0
t4_dev_000631,t4_act_000116,subscription_dunning_hard,4
t4_dev_008298,t4_act_006070,dormant_account_spike,2
t4_dev_000650,t4_act_000135,subscription_dunning_hard,3
t4_dev_000747,t4_act_000232,subscription_dunning_hard,4
t4_dev_008536,t4_act_006272,subscription_dunning_hard,4
t4_dev_005125,t4_act_003464,subscription_dunning_hard,0
t4_dev_004785,t4_act_003215,subscription_dunning_hard,0
t4_dev_005724,t4_act_003969,subscription_dunning_hard,3
t4_dev_000734,t4_act_000219,subscription_dunning_hard,3
t4_dev_000741,t4_act_000226,subscription_dunning_hard,3
t4_dev_007828,t4_act_005687,subscription_dunning_hard,4
t4_dev_003656,t4_act_002342,subscription_dunning_hard,3
t4_dev_007881,t4_act_005731,subscription_dunning_hard,2
t4_dev_003699,t4_act_002370,subscription_dunning_hard,0
t4_dev_003172,t4_act_001971,subscription_dunning_hard,0
t4_dev_007224,t4_act_005197,subscription_dunning_hard,1
t4_dev_000753,t4_act_000238,subscription_dunning_hard,2
t4_dev_000657,t4_act_000142,subscription_dunning_hard,0
t4_dev_000625,t4_act_000110,subscription_dunning_hard,3
t4_dev_001983,t4_act_001155,subscription_dunning_hard,1
t4_dev_002625,t4_act_001622,subscription_dunning_hard,1
t4_dev_008979,t4_act_006679,subscription_dunning_hard,0
t4_dev_000667,t4_act_000152,subscription_dunning_hard,2
t4_dev_002978,t4_act_001865,subscription_dunning_hard,3
t4_dev_005556,t4_act_003819,subscription_dunning_hard,4
t4_dev_005616,t4_act_003872,subscription_dunning_hard,3
t4_dev_003443,t4_act_002193,subscription_dunning_hard,2
t4_dev_008761,t4_act_006477,subscription_dunning_hard,0
t4_dev_000732,t4_act_000217,subscription_dunning_hard,2
t4_dev_000604,t4_act_000089,subscription_dunning_hard,1
t4_dev_007581,t4_act_005488,dormant_account_spike,2
t4_dev_007499,t4_act_005413,subscription_dunning_hard,0
t4_dev_004309,t4_act_002869,subscription_dunning_hard,2
t4_dev_009018,t4_act_006714,subscription_dunning_hard,2
t4_dev_002757,t4_act_001731,subscription_dunning_hard,0
t4_dev_000664,t4_act_000149,subscription_dunning_hard,2
t4_dev_003147,t4_act_001950,subscription_dunning_hard,4
t4_dev_005088,t4_act_003436,subscription_dunning_hard,4
t4_dev_000614,t4_act_000099,subscription_dunning_hard,2
t4_dev_008241,t4_act_006036,subscription_dunning_hard,4
t4_dev_007427,t4_act_005363,subscription_dunning_hard,0
t4_dev_006329,t4_act_004438,subscription_dunning_hard,1
t4_dev_000686,t4_act_000171,subscription_dunning_hard,3
t4_dev_000714,t4_act_000199,subscription_dunning_hard,3
t4_dev_005013,t4_act_003380,subscription_dunning_hard,4
t4_dev_005654,t4_act_003906,subscription_dunning_hard,1
t4_dev_007117,t4_act_005118,dormant_account_spike,1
t4_dev_006109,t4_act_004276,subscription_dunning_hard,3
t4_dev_003871,t4_act_002517,subscription_dunning_hard,4
t4_dev_003932,t4_act_002571,subscription_dunning_hard,4
t4_dev_000757,t4_act_000242,subscription_dunning_hard,1
t4_dev_005575,t4_act_003837,subscription_dunning_hard,0
t4_dev_008465,t4_act_006213,subscription_dunning_hard,1
t4_dev_002804,t4_act_001772,subscription_dunning_hard,1
t4_dev_003302,t4_act_002074,subscription_dunning_hard,4
t4_dev_006859,t4_act_004904,subscription_dunning_hard,4
t4_dev_007009,t4_act_005031,subscription_dunning_hard,0
t4_dev_000662,t4_act_000147,subscription_dunning_hard,2
t4_dev_003341,t4_act_002110,subscription_dunning_hard,2
t4_dev_009002,t4_act_006700,subscription_dunning_hard,2
t4_dev_008612,t4_act_006341,subscription_dunning_hard,3
t4_dev_008885,t4_act_006589,subscription_dunning_hard,3
t4_dev_002094,t4_act_001232,subscription_dunning_hard,1
t4_dev_004317,t4_act_002877,subscription_dunning_hard,2
t4_dev_008796,t4_act_006509,dormant_account_spike,2
t4_dev_002834,t4_act_001788,subscription_dunning_hard,3
t4_dev_003604,t4_act_002304,subscription_dunning_hard,4
t4_dev_002627,t4_act_001624,subscription_dunning_hard,2
t4_dev_003709,t4_act_002380,subscription_dunning_hard,4
t4_dev_003832,t4_act_002485,subscription_dunning_hard,1
t4_dev_005664,t4_act_003915,subscription_dunning_hard,2
t4_dev_005406,t4_act_003696,subscription_dunning_hard,4
t4_dev_006601,t4_act_004690,subscription_dunning_hard,0
t4_dev_000697,t4_act_000182,subscription_dunning_hard,0
t4_dev_005534,t4_act_003801,subscription_dunning_hard,4
t4_dev_005477,t4_act_003765,subscription_dunning_hard,0
t4_dev_005419,t4_act_003708,subscription_dunning_hard,0
t4_dev_001881,t4_act_001072,subscription_dunning_hard,4
t4_dev_000773,t4_act_000258,subscription_dunning_hard,1
t4_dev_001729,t4_act_000974,subscription_dunning_hard,3
t4_dev_005794,t4_act_004029,dormant_account_spike,3
t4_dev_003440,t4_act_002190,subscription_dunning_hard,4
t4_dev_008158,t4_act_005961,subscription_dunning_hard,0
t4_dev_002192,t4_act_001293,subscription_dunning_hard,4
t4_dev_002807,t4_act_001774,subscription_dunning_hard,4
t4_dev_002200,t4_act_001301,subscription_dunning_hard,3
t4_dev_008943,t4_act_006646,subscription_dunning_hard,2
t4_dev_007703,t4_act_005573,subscription_dunning_hard,0
t4_dev_006982,t4_act_005010,dormant_account_spike,4
t4_dev_006927,t4_act_004963,subscription_dunning_hard,3
t4_dev_004354,t4_act_002906,dormant_account_spike,0
t4_dev_005456,t4_act_003745,subscription_dunning_hard,2
t4_dev_008528,t4_act_006266,subscription_dunning_hard,4
t4_dev_003889,t4_act_002533,dormant_account_spike,0
t4_dev_006687,t4_act_004771,subscription_dunning_hard,2
t4_dev_005518,t4_act_003786,dormant_account_spike,3
t4_dev_000706,t4_act_000191,subscription_dunning_hard,2
t4_dev_008842,t4_act_006552,subscription_dunning_hard,2
t4_dev_002767,t4_act_001741,subscription_dunning_hard,2
t4_dev_004603,t4_act_003085,subscription_dunning_hard,0
t4_dev_008942,t4_act_006645,subscription_dunning_hard,3
t4_dev_000651,t4_act_000136,subscription_dunning_hard,3
t4_dev_006061,t4_act_004250,dormant_account_spike,2
t4_dev_005602,t4_act_003860,subscription_dunning_hard,3
t4_dev_007084,t4_act_005090,subscription_dunning_hard,0
t4_dev_007829,t4_act_005688,subscription_dunning_hard,3
t4_dev_006628,t4_act_004715,subscription_dunning_hard,4
t4_dev_007302,t4_act_005268,subscription_dunning_hard,3
t4_dev_000738,t4_act_000223,subscription_dunning_hard,2
t4_dev_000618,t4_act_000103,subscription_dunning_hard,0
t4_dev_000624,t4_act_000109,subscription_dunning_hard,4
t4_dev_008231,t4_act_006026,subscription_dunning_hard,2
t4_dev_000684,t4_act_000169,subscription_dunning_hard,1
t4_dev_003441,t4_act_002191,subscription_dunning_hard,3
t4_dev_003370,t4_act_002137,subscription_dunning_hard,4
t4_dev_000767,t4_act_000252,subscription_dunning_hard,1
t4_dev_008199,t4_act_005999,subscription_dunning_hard,3
t4_dev_000782,t4_act_000267,subscription_dunning_hard,0
t4_dev_002740,t4_act_001714,subscription_dunning_hard,0
t4_dev_008201,t4_act_006001,subscription_dunning_hard,1
t4_dev_004018,t4_act_002636,subscription_dunning_hard,0
t4_dev_003259,t4_act_002039,subscription_dunning_hard,1
t4_dev_000677,t4_act_000162,subscription_dunning_hard,2
t4_dev_006760,t4_act_004833,subscription_dunning_hard,1
t4_dev_006469,t4_act_004568,subscription_dunning_hard,3
t4_dev_002157,t4_act_001270,subscription_dunning_hard,2
t4_dev_003878,t4_act_002523,subscription_dunning_hard,3
t4_dev_002645,t4_act_001638,subscription_dunning_hard,3
t4_dev_001621,t4_act_000905,subscription_dunning_hard,4
t4_dev_007926,t4_act_005768,subscription_dunning_hard,2
t4_dev_005788,t4_act_004023,subscription_dunning_hard,3
t4_dev_004341,t4_act_002894,subscription_dunning_hard,4
t4_dev_007962,t4_act_005799,subscription_dunning_hard,2
t4_dev_005151,t4_act_003489,subscription_dunning_hard,1
t4_dev_002755,t4_act_001729,dormant_account_spike,1
t4_dev_007116,t4_act_005117,subscription_dunning_hard,2
t4_dev_003778,t4_act_002439,subscription_dunning_hard,3
t4_dev_004090,t4_act_002699,subscription_dunning_hard,3
t4_dev_005746,t4_act_003987,subscription_dunning_hard,3
t4_dev_000676,t4_act_000161,subscription_dunning_hard,2
t4_dev_002712,t4_act_001697,subscription_dunning_hard,2
t4_dev_008453,t4_act_006201,subscription_dunning_hard,3
t4_dev_000602,t4_act_000087,subscription_dunning_hard,3
t4_dev_005175,t4_act_003494,subscription_dunning_hard,4
t4_dev_008077,t4_act_005886,subscription_dunning_hard,2
t4_dev_003644,t4_act_002335,subscription_dunning_hard,0
t4_dev_008082,t4_act_005891,subscription_dunning_hard,1
t4_dev_006053,t4_act_004242,subscription_dunning_hard,0
t4_dev_007168,t4_act_005165,subscription_dunning_hard,2
t4_dev_000720,t4_act_000205,subscription_dunning_hard,3
t4_dev_002764,t4_act_001738,subscription_dunning_hard,2
t4_dev_000787,t4_act_000272,subscription_dunning_hard,2
t4_dev_006625,t4_act_004712,subscription_dunning_hard,0
t4_dev_002277,t4_act_001359,dormant_account_spike,3
t4_dev_000601,t4_act_000086,subscription_dunning_hard,3
t4_dev_004663,t4_act_003133,subscription_dunning_hard,2
t4_dev_002454,t4_act_001500,subscription_dunning_hard,4
t4_dev_006637,t4_act_004723,subscription_dunning_hard,0
t4_dev_005270,t4_act_003580,subscription_dunning_hard,1
t4_dev_008542,t4_act_006278,subscription_dunning_hard,0
t4_dev_007678,t4_act_005553,dormant_account_spike,2
t4_dev_007212,t4_act_005187,subscription_dunning_hard,3
t4_dev_005485,t4_act_003773,dormant_account_spike,4
t4_dev_002398,t4_act_001452,dormant_account_spike,3
t4_dev_001690,t4_act_000945,dormant_account_spike,0
t4_dev_000733,t4_act_000218,subscription_dunning_hard,0
t4_dev_001916,t4_act_001101,subscription_dunning_hard,1
t4_dev_005907,t4_act_004111,subscription_dunning_hard,4
t4_dev_008953,t4_act_006655,subscription_dunning_hard,2
t4_dev_001734,t4_act_000978,subscription_dunning_hard,0
t4_dev_000649,t4_act_000134,subscription_dunning_hard,2
t4_dev_000658,t4_act_000143,subscription_dunning_hard,1
t4_dev_001795,t4_act_001023,subscription_dunning_hard,2
t4_dev_005107,t4_act_003450,subscription_dunning_hard,0
t4_dev_007410,t4_act_005348,dormant_account_spike,4
t4_dev_006642,t4_act_004728,subscription_dunning_hard,3
t4_dev_005577,t4_act_003839,dormant_account_spike,0
t4_dev_008941,t4_act_006644,subscription_dunning_hard,0
t4_dev_002333,t4_act_001397,subscription_dunning_hard,4
t4_dev_001887,t4_act_001076,subscription_dunning_hard,4
t4_dev_003344,t4_act_002113,subscription_dunning_hard,2
t4_dev_002366,t4_act_001424,subscription_dunning_hard,3
t4_dev_000766,t4_act_000251,subscription_dunning_hard,4
t4_dev_008517,t4_act_006257,dormant_account_spike,0
t4_dev_008582,t4_act_006312,subscription_dunning_hard,3
t4_dev_000744,t4_act_000229,subscription_dunning_hard,1
t4_dev_008598,t4_act_006328,dormant_account_spike,2
t4_dev_003135,t4_act_001939,subscription_dunning_hard,2
t4_dev_000687,t4_act_000172,subscription_dunning_hard,4
t4_dev_007655,t4_act_005535,subscription_dunning_hard,1
t4_dev_002383,t4_act_001439,dormant_account_spike,4
t4_dev_006207,t4_act_004344,subscription_dunning_hard,4
t4_dev_003185,t4_act_001984,dormant_account_spike,3
t4_dev_005995,t4_act_004190,subscription_dunning_hard,0
t4_dev_007738,t4_act_005608,subscription_dunning_hard,0
t4_dev_003579,t4_act_002282,subscription_dunning_hard,2
t4_dev_002231,t4_act_001322,subscription_dunning_hard,4
t4_dev_000721,t4_act_000206,subscription_dunning_hard,2
t4_dev_002071,t4_act_001218,subscription_dunning_hard,1
t4_dev_003321,t4_act_002092,subscription_dunning_hard,0
t4_dev_005001,t4_act_003369,subscription_dunning_hard,2
t4_dev_004440,t4_act_002958,dormant_account_spike,1
t4_dev_000611,t4_act_000096,subscription_dunning_hard,3
t4_dev_007513,t4_act_005426,subscription_dunning_hard,4
t4_dev_000652,t4_act_000137,subscription_dunning_hard,3
t4_dev_007707,t4_act_005577,subscription_dunning_hard,1
t4_dev_008562,t4_act_006293,subscription_dunning_hard,4
t4_dev_003457,t4_act_002206,subscription_dunning_hard,2
t4_dev_004511,t4_act_003014,subscription_dunning_hard,3
t4_dev_005610,t4_act_003866,subscription_dunning_hard,1
t4_dev_007988,t4_act_005823,subscription_dunning_hard,2
t4_dev_004267,t4_act_002837,subscription_dunning_hard,4
t4_dev_003013,t4_act_001895,subscription_dunning_hard,0
t4_dev_006025,t4_act_004219,dormant_account_spike,2
t4_dev_006716,t4_act_004796,subscription_dunning_hard,4
t4_dev_006285,t4_act_004413,subscription_dunning_hard,2
t4_dev_006675,t4_act_004759,subscription_dunning_hard,4
t4_dev_000719,t4_act_000204,subscription_dunning_hard,2
t4_dev_006518,t4_act_004613,subscription_dunning_hard,0
t4_dev_009077,t4_act_006752,subscription_dunning_hard,0
t4_dev_007921,t4_act_005765,subscription_dunning_hard,4
t4_dev_004268,t4_act_002838,subscription_dunning_hard,0
t4_dev_008297,t4_act_006069,subscription_dunning_hard,4
t4_dev_006842,t4_act_004889,dormant_account_spike,2
t4_dev_000674,t4_act_000159,subscription_dunning_hard,4
t4_dev_006876,t4_act_004918,subscription_dunning_hard,0
t4_dev_003234,t4_act_002021,subscription_dunning_hard,2
t4_dev_005442,t4_act_003731,subscription_dunning_hard,2
t4_dev_005693,t4_act_003941,dormant_account_spike,2
t4_dev_007451,t4_act_005386,subscription_dunning_hard,1
t4_dev_004761,t4_act_003202,subscription_dunning_hard,0
t4_dev_008100,t4_act_005909,subscription_dunning_hard,0
t4_dev_000735,t4_act_000220,subscription_dunning_hard,0
t4_dev_008983,t4_act_006683,subscription_dunning_hard,0
t4_dev_007352,t4_act_005299,dormant_account_spike,3
t4_dev_008466,t4_act_006214,dormant_account_spike,1
t4_dev_006477,t4_act_004576,subscription_dunning_hard,4
t4_dev_005121,t4_act_003461,subscription_dunning_hard,0
t4_dev_006638,t4_act_004724,subscription_dunning_hard,0
t4_dev_007520,t4_act_005433,dormant_account_spike,4
t4_dev_000722,t4_act_000207,subscription_dunning_hard,2
t4_dev_008422,t4_act_006172,subscription_dunning_hard,0
t4_dev_007382,t4_act_005323,subscription_dunning_hard,2
t4_dev_005769,t4_act_004008,dormant_account_spike,0
t4_dev_006941,t4_act_004977,subscription_dunning_hard,3
t4_dev_004042,t4_act_002656,subscription_dunning_hard,2
t4_dev_000622,t4_act_000107,subscription_dunning_hard,4
t4_dev_008935,t4_act_006638,dormant_account_spike,4
t4_dev_002909,t4_act_001825,subscription_dunning_hard,3
t4_dev_008925,t4_act_006629,dormant_account_spike,3
t4_dev_007348,t4_act_005295,subscription_dunning_hard,1
t4_dev_005797,t4_act_004032,subscription_dunning_hard,2
t4_dev_008819,t4_act_006530,dormant_account_spike,1
t4_dev_000754,t4_act_000239,subscription_dunning_hard,1
t4_dev_006956,t4_act_004988,subscription_dunning_hard,3
t4_dev_003635,t4_act_002328,subscription_dunning_hard,4
t4_dev_005655,t4_act_003907,subscription_dunning_hard,0
t4_dev_005009,t4_act_003376,subscription_dunning_hard,1
t4_dev_000756,t4_act_000241,subscription_dunning_hard,1
t4_dev_005370,t4_act_003662,dormant_account_spike,0
t4_dev_002031,t4_act_001193,dormant_account_spike,3
t4_dev_007182,t4_act_005178,subscription_dunning_hard,0
t4_dev_000675,t4_act_000160,subscription_dunning_hard,1
t4_dev_008253,t4_act_006047,subscription_dunning_hard,1
t4_dev_007170,t4_act_005167,subscription_dunning_hard,4
t4_dev_008962,t4_act_006664,subscription_dunning_hard,3
t4_dev_003410,t4_act_002164,subscription_dunning_hard,1
t4_dev_008947,t4_act_006650,subscription_dunning_hard,1
t4_dev_008091,t4_act_005900,subscription_dunning_hard,4
t4_dev_002467,t4_act_001511,subscription_dunning_hard,1
t4_dev_008084,t4_act_005893,subscription_dunning_hard,1
t4_dev_005117,t4_act_003457,subscription_dunning_hard,3
t4_dev_000785,t4_act_000270,subscription_dunning_hard,1
t4_dev_008857,t4_act_006564,dormant_account_spike,4
t4_dev_001846,t4_act_001048,dormant_account_spike,0
t4_dev_008717,t4_act_006435,subscription_dunning_hard,0
t4_dev_009016,t4_act_006712,subscription_dunning_hard,3
t4_dev_000796,t4_act_000281,subscription_dunning_hard,1
t4_dev_005301,t4_act_003604,subscription_dunning_hard,2
t4_dev_002743,t4_act_001717,subscription_dunning_hard,2
t4_dev_003695,t4_act_002367,dormant_account_spike,0
t4_dev_006306,t4_act_004434,subscription_dunning_hard,1
t4_dev_009032,t4_act_006727,subscription_dunning_hard,2
t4_dev_006835,t4_act_004882,subscription_dunning_hard,2
t4_dev_005085,t4_act_003434,dormant_account_spike,3
t4_dev_004604,t4_act_003086,subscription_dunning_hard,1
t4_dev_000731,t4_act_000216,subscription_dunning_hard,3
t4_dev_004212,t4_act_002796,subscription_dunning_hard,0
t4_dev_002258,t4_act_001343,subscription_dunning_hard,0
t4_dev_007503,t4_act_005417,subscription_dunning_hard,1
t4_dev_004947,t4_act_003324,subscription_dunning_hard,3
t4_dev_000619,t4_act_000104,subscription_dunning_hard,4
t4_dev_002677,t4_act_001666,subscription_dunning_hard,3
t4_dev_008793,t4_act_006506,subscription_dunning_hard,2
t4_dev_006721,t4_act_004801,subscription_dunning_hard,1
t4_dev_005529,t4_act_003796,subscription_dunning_hard,1
t4_dev_003462,t4_act_002211,subscription_dunning_hard,1
t4_dev_000653,t4_act_000138,subscription_dunning_hard,0
t4_dev_004499,t4_act_003007,dormant_account_spike,4
t4_dev_006519,t4_act_004614,subscription_dunning_hard,2
t4_dev_006393,t4_act_004498,subscription_dunning_hard,0
t4_dev_006233,t4_act_004366,subscription_dunning_hard,0
t4_dev_005860,t4_act_004088,subscription_dunning_hard,1
t4_dev_000628,t4_act_000113,subscription_dunning_hard,3
t4_dev_007106,t4_act_005109,subscription_dunning_hard,4
t4_dev_008491,t4_act_006237,dormant_account_spike,1
t4_dev_003915,t4_act_002555,subscription_dunning_hard,3
t4_dev_005355,t4_act_003650,dormant_account_spike,0
t4_dev_002856,t4_act_001801,subscription_dunning_hard,1
t4_dev_000610,t4_act_000095,subscription_dunning_hard,0
t4_dev_008985,t4_act_006685,subscription_dunning_hard,0
t4_dev_000759,t4_act_000244,subscription_dunning_hard,1
t4_dev_008893,t4_act_006597,subscription_dunning_hard,3
t4_dev_000643,t4_act_000128,subscription_dunning_hard,4
t4_dev_000794,t4_act_000279,subscription_dunning_hard,3
t4_dev_003387,t4_act_002151,dormant_account_spike,2
t4_dev_008291,t4_act_006063,subscription_dunning_hard,3
t4_dev_007861,t4_act_005714,subscription_dunning_hard,1
t4_dev_002555,t4_act_001577,subscription_dunning_hard,1
t4_dev_006508,t4_act_004603,subscription_dunning_hard,1
t4_dev_006343,t4_act_004451,dormant_account_spike,0
t4_dev_008188,t4_act_005989,subscription_dunning_hard,0
t4_dev_002261,t4_act_001346,subscription_dunning_hard,2
t4_dev_000665,t4_act_000150,subscription_dunning_hard,2
t4_dev_003771,t4_act_002432,subscription_dunning_hard,2
t4_dev_009023,t4_act_006719,subscription_dunning_hard,0
t4_dev_007013,t4_act_005034,subscription_dunning_hard,0
t4_dev_004634,t4_act_003108,subscription_dunning_hard,2
t4_dev_008724,t4_act_006442,subscription_dunning_hard,2
t4_dev_006860,t4_act_004905,subscription_dunning_hard,0
t4_dev_008507,t4_act_006249,subscription_dunning_hard,1
t4_dev_000636,t4_act_000121,subscription_dunning_hard,0
t4_dev_006580,t4_act_004671,subscription_dunning_hard,0
t4_dev_003847,t4_act_002496,subscription_dunning_hard,4
t4_dev_003845,t4_act_002494,subscription_dunning_hard,0
t4_dev_007794,t4_act_005658,subscription_dunning_hard,4
t4_dev_007891,t4_act_005740,subscription_dunning_hard,2
t4_dev_005407,t4_act_003697,subscription_dunning_hard,2
t4_dev_006000,t4_act_004195,subscription_dunning_hard,0
t4_dev_002093,t4_act_001231,subscription_dunning_hard,4
t4_dev_000669,t4_act_000154,subscription_dunning_hard,4
t4_dev_001722,t4_act_000968,subscription_dunning_hard,0
t4_dev_005681,t4_act_003930,subscription_dunning_hard,0
t4_dev_005105,t4_act_003448,subscription_dunning_hard,1
t4_dev_006574,t4_act_004665,dormant_account_spike,2
t4_dev_000786,t4_act_000271,subscription_dunning_hard,3
t4_dev_005851,t4_act_004079,subscription_dunning_hard,3
t4_dev_001852,t4_act_001054,dormant_account_spike,1
t4_dev_000715,t4_act_000200,subscription_dunning_hard,2
t4_dev_005225,t4_act_003540,subscription_dunning_hard,1
t4_dev_008585,t4_act_006315,subscription_dunning_hard,3
t4_dev_007233,t4_act_005206,subscription_dunning_hard,1
t4_dev_006355,t4_act_004462,subscription_dunning_hard,0
t4_dev_006934,t4_act_004970,dormant_account_spike,0
t4_dev_004255,t4_act_002828,subscription_dunning_hard,3
t4_dev_006869,t4_act_004912,subscription_dunning_hard,3
t4_dev_001749,t4_act_000993,subscription_dunning_hard,4
t4_dev_003790,t4_act_002451,subscription_dunning_hard,1
t4_dev_004615,t4_act_003094,dormant_account_spike,1
t4_dev_005182,t4_act_003501,subscription_dunning_hard,2
t4_dev_007442,t4_act_005377,dormant_account_spike,0
t4_dev_001872,t4_act_001067,subscription_dunning_hard,4
t4_dev_000630,t4_act_000115,subscription_dunning_hard,2
t4_dev_006437,t4_act_004538,subscription_dunning_hard,2
t4_dev_000769,t4_act_000254,subscription_dunning_hard,3
t4_dev_004072,t4_act_002682,subscription_dunning_hard,0
t4_dev_006363,t4_act_004470,subscription_dunning_hard,2
t4_dev_008184,t4_act_005985,subscription_dunning_hard,4
t4_dev_008096,t4_act_005905,subscription_dunning_hard,3
t4_dev_003354,t4_act_002123,subscription_dunning_hard,4
t4_dev_007220,t4_act_005194,subscription_dunning_hard,4
t4_dev_005825,t4_act_004059,subscription_dunning_hard,1
t4_dev_003710,t4_act_002381,subscription_dunning_hard,4
t4_dev_006703,t4_act_004784,subscription_dunning_hard,1
t4_dev_005293,t4_act_003597,subscription_dunning_hard,1
t4_dev_009068,t4_act_006743,subscription_dunning_hard,2
t4_dev_002247,t4_act_001335,subscription_dunning_hard,3
t4_dev_000682,t4_act_000167,subscription_dunning_hard,3
t4_dev_000740,t4_act_000225,subscription_dunning_hard,2
t4_dev_005434,t4_act_003723,subscription_dunning_hard,3
t4_dev_004886,t4_act_003292,subscription_dunning_hard,0
t4_dev_000752,t4_act_000237,subscription_dunning_hard,3
t4_dev_008239,t4_act_006034,subscription_dunning_hard,1
t4_dev_004487,t4_act_002997,subscription_dunning_hard,1
t4_dev_003241,t4_act_002026,subscription_dunning_hard,0
t4_dev_001381,t4_act_000866,shared_household_device,1
t4_dev_006332,t4_act_004441,shared_household_device,3
t4_dev_005447,t4_act_003736,shared_household_device,4
t4_dev_001219,t4_act_000704,shared_household_device,0
t4_dev_001319,t4_act_000804,shared_household_device,2
t4_dev_004092,t4_act_002701,shared_household_device,2
t4_dev_008773,t4_act_006487,shared_household_device,3
t4_dev_008163,t4_act_005965,shared_household_device,4
t4_dev_005188,t4_act_003505,shared_household_device,1
t4_dev_002656,t4_act_001648,shared_household_device,1
t4_dev_002470,t4_act_001514,shared_household_device,2
t4_dev_001369,t4_act_000854,shared_household_device,1
t4_dev_002679,t4_act_001668,shared_household_device,2
t4_dev_005340,t4_act_003639,shared_household_device,0
t4_dev_001291,t4_act_000776,shared_household_device,2
t4_dev_001352,t4_act_000837,shared_household_device,4
t4_dev_004043,t4_act_002657,shared_household_device,1
t4_dev_006414,t4_act_004517,shared_household_device,2
t4_dev_005799,t4_act_004034,shared_household_device,2
t4_dev_005712,t4_act_003958,shared_household_device,4
t4_dev_003350,t4_act_002119,shared_household_device,4
t4_dev_005366,t4_act_003658,shared_household_device,2
t4_dev_001285,t4_act_000770,shared_household_device,0
t4_dev_008540,t4_act_006276,shared_household_device,2
t4_dev_003534,t4_act_002251,shared_household_device,2
t4_dev_001284,t4_act_000769,shared_household_device,4
t4_dev_001262,t4_act_000747,shared_household_device,3
t4_dev_004751,t4_act_003197,shared_household_device,0
t4_dev_007232,t4_act_005205,shared_household_device,2
t4_dev_002307,t4_act_001382,shared_household_device,4
t4_dev_008709,t4_act_006427,shared_household_device,1
t4_dev_003529,t4_act_002247,shared_household_device,1
t4_dev_001326,t4_act_000811,shared_household_device,0
t4_dev_005991,t4_act_004186,shared_household_device,1
t4_dev_007740,t4_act_005610,shared_household_device,4
t4_dev_001225,t4_act_000710,shared_household_device,4
t4_dev_004209,t4_act_002793,shared_household_device,4
t4_dev_001293,t4_act_000778,shared_household_device,1
t4_dev_008312,t4_act_006082,shared_household_device,2
t4_dev_004854,t4_act_003265,shared_household_device,1
t4_dev_003182,t4_act_001981,shared_household_device,3
t4_dev_001247,t4_act_000732,shared_household_device,2
t4_dev_003019,t4_act_001898,shared_household_device,0
t4_dev_008206,t4_act_006004,shared_household_device,3
t4_dev_001276,t4_act_000761,shared_household_device,4
t4_dev_007095,t4_act_005098,shared_household_device,1
t4_dev_001227,t4_act_000712,shared_household_device,1
t4_dev_001195,t4_act_000680,shared_household_device,3
t4_dev_002079,t4_act_001224,shared_household_device,2
t4_dev_002802,t4_act_001770,shared_household_device,1
t4_dev_003449,t4_act_002198,shared_household_device,1
t4_dev_003136,t4_act_001940,shared_household_device,1
t4_dev_007692,t4_act_005562,shared_household_device,3
t4_dev_008716,t4_act_006434,shared_household_device,4
t4_dev_002963,t4_act_001854,shared_household_device,3
t4_dev_005929,t4_act_004131,shared_household_device,4
t4_dev_008814,t4_act_006526,shared_household_device,0
t4_dev_005261,t4_act_003572,shared_household_device,0
t4_dev_001343,t4_act_000828,shared_household_device,3
t4_dev_001288,t4_act_000773,shared_household_device,0
t4_dev_001351,t4_act_000836,shared_household_device,3
t4_dev_005695,t4_act_003943,shared_household_device,3
t4_dev_008514,t4_act_006255,shared_household_device,4
t4_dev_003300,t4_act_002072,shared_household_device,2
t4_dev_007262,t4_act_005232,shared_household_device,2
t4_dev_008179,t4_act_005980,shared_household_device,3
t4_dev_001388,t4_act_000873,shared_household_device,2
t4_dev_001240,t4_act_000725,shared_household_device,3
t4_dev_007528,t4_act_005439,shared_household_device,0
t4_dev_001356,t4_act_000841,shared_household_device,0
t4_dev_003381,t4_act_002145,shared_household_device,4
t4_dev_001373,t4_act_000858,shared_household_device,1
t4_dev_001217,t4_act_000702,shared_household_device,4
t4_dev_007354,t4_act_005301,shared_household_device,1
t4_dev_001270,t4_act_000755,shared_household_device,0
t4_dev_001303,t4_act_000788,shared_household_device,0
t4_dev_001390,t4_act_000875,shared_household_device,3
t4_dev_005396,t4_act_003686,shared_household_device,1
t4_dev_008054,t4_act_005865,shared_household_device,3
t4_dev_007022,t4_act_005041,shared_household_device,1
t4_dev_001244,t4_act_000729,shared_household_device,3
t4_dev_006453,t4_act_004552,shared_household_device,3
t4_dev_005439,t4_act_003728,shared_household_device,4
t4_dev_001250,t4_act_000735,shared_household_device,3
t4_dev_007213,t4_act_005188,shared_household_device,2
t4_dev_001231,t4_act_000716,shared_household_device,1
t4_dev_001313,t4_act_000798,shared_household_device,2
t4_dev_001296,t4_act_000781,shared_household_device,1
t4_dev_007014,t4_act_005035,shared_household_device,3
t4_dev_004456,t4_act_002970,shared_household_device,2
t4_dev_001374,t4_act_000859,shared_household_device,2
t4_dev_006384,t4_act_004490,shared_household_device,1
t4_dev_006222,t4_act_004357,shared_household_device,1
t4_dev_003951,t4_act_002588,shared_household_device,1
t4_dev_005421,t4_act_003710,shared_household_device,0
t4_dev_006289,t4_act_004417,shared_household_device,0
t4_dev_005661,t4_act_003912,shared_household_device,2
t4_dev_004315,t4_act_002875,shared_household_device,0
t4_dev_001346,t4_act_000831,shared_household_device,1
t4_dev_001368,t4_act_000853,shared_household_device,3
t4_dev_001237,t4_act_000722,shared_household_device,4
t4_dev_008525,t4_act_006263,shared_household_device,0
t4_dev_005648,t4_act_003900,shared_household_device,1
t4_dev_008399,t4_act_006153,shared_household_device,3
t4_dev_004136,t4_act_002737,shared_household_device,3
t4_dev_002775,t4_act_001749,shared_household_device,4
t4_dev_006592,t4_act_004681,shared_household_device,4
t4_dev_008579,t4_act_006309,shared_household_device,0
t4_dev_007871,t4_act_005723,shared_household_device,2
t4_dev_001210,t4_act_000695,shared_household_device,0
t4_dev_004869,t4_act_003277,shared_household_device,4
t4_dev_003178,t4_act_001977,shared_household_device,1
t4_dev_001367,t4_act_000852,shared_household_device,4
t4_dev_001209,t4_act_000694,shared_household_device,4
t4_dev_003617,t4_act_002317,shared_household_device,3
t4_dev_001633,t4_act_000914,shared_household_device,1
t4_dev_005817,t4_act_004052,shared_household_device,1
t4_dev_007647,t4_act_005528,shared_household_device,0
t4_dev_002829,t4_act_001783,shared_household_device,4
t4_dev_006131,t4_act_004297,shared_household_device,4
t4_dev_003131,t4_act_001935,shared_household_device,3
t4_dev_001376,t4_act_000861,shared_household_device,0
t4_dev_005372,t4_act_003664,shared_household_device,4
t4_dev_001324,t4_act_000809,shared_household_device,0
t4_dev_001275,t4_act_000760,shared_household_device,3
t4_dev_008539,t4_act_006275,shared_household_device,3
t4_dev_001334,t4_act_000819,shared_household_device,3
t4_dev_007534,t4_act_005445,shared_household_device,4
t4_dev_001214,t4_act_000699,shared_household_device,0
t4_dev_001328,t4_act_000813,shared_household_device,0
t4_dev_001816,t4_act_001043,shared_household_device,2
t4_dev_001263,t4_act_000748,shared_household_device,0
t4_dev_006008,t4_act_004203,shared_household_device,0
t4_dev_001336,t4_act_000821,shared_household_device,3
t4_dev_001345,t4_act_000830,shared_household_device,2
t4_dev_002606,t4_act_001611,shared_household_device,0
t4_dev_008997,t4_act_006695,shared_household_device,4
t4_dev_001344,t4_act_000829,shared_household_device,0
t4_dev_003287,t4_act_002062,shared_household_device,4
t4_dev_008843,t4_act_006553,shared_household_device,0
t4_dev_008626,t4_act_006355,shared_household_device,2
t4_dev_004857,t4_act_003267,shared_household_device,3
t4_dev_001384,t4_act_000869,shared_household_device,0
t4_dev_001249,t4_act_000734,shared_household_device,2
t4_dev_005688,t4_act_003936,shared_household_device,3
t4_dev_005455,t4_act_003744,shared_household_device,0
t4_dev_001377,t4_act_000862,shared_household_device,1
t4_dev_001264,t4_act_000749,shared_household_device,0
t4_dev_002397,t4_act_001451,shared_household_device,1
t4_dev_001963,t4_act_001136,shared_household_device,3
t4_dev_004149,t4_act_002750,shared_household_device,0
t4_dev_001314,t4_act_000799,shared_household_device,4
t4_dev_001389,t4_act_000874,shared_household_device,1
t4_dev_002991,t4_act_001877,shared_household_device,4
t4_dev_005735,t4_act_003979,shared_household_device,1
t4_dev_006235,t4_act_004368,shared_household_device,2
t4_dev_008777,t4_act_006491,shared_household_device,1
t4_dev_006993,t4_act_005018,shared_household_device,2
t4_dev_002069,t4_act_001216,shared_household_device,4
t4_dev_005967,t4_act_004165,shared_household_device,4
t4_dev_005908,t4_act_004112,shared_household_device,2
t4_dev_003264,t4_act_002044,shared_household_device,0
t4_dev_006969,t4_act_004998,shared_household_device,4
t4_dev_006647,t4_act_004733,shared_household_device,3
t4_dev_001304,t4_act_000789,shared_household_device,2
t4_dev_006468,t4_act_004567,shared_household_device,2
t4_dev_005206,t4_act_003522,shared_household_device,2
t4_dev_001341,t4_act_000826,shared_household_device,3
t4_dev_005490,t4_act_003777,shared_household_device,3
t4_dev_003717,t4_act_002388,shared_household_device,1
t4_dev_004711,t4_act_003165,shared_household_device,4
t4_dev_001364,t4_act_000849,shared_household_device,0
t4_dev_002285,t4_act_001366,shared_household_device,2
t4_dev_001235,t4_act_000720,shared_household_device,3
t4_dev_001984,t4_act_001156,shared_household_device,3
t4_dev_001325,t4_act_000810,shared_household_device,4
t4_dev_004230,t4_act_002807,shared_household_device,0
t4_dev_004448,t4_act_002962,shared_household_device,4
t4_dev_008786,t4_act_006499,shared_household_device,3
t4_dev_004304,t4_act_002865,shared_household_device,4
t4_dev_008498,t4_act_006243,shared_household_device,4
t4_dev_008390,t4_act_006145,shared_household_device,4
t4_dev_008495,t4_act_006240,shared_household_device,3
t4_dev_001245,t4_act_000730,shared_household_device,1
t4_dev_006048,t4_act_004237,shared_household_device,4
t4_dev_004401,t4_act_002926,shared_household_device,2
t4_dev_006668,t4_act_004752,shared_household_device,0
t4_dev_006848,t4_act_004893,shared_household_device,2
t4_dev_001242,t4_act_000727,shared_household_device,2
t4_dev_001360,t4_act_000845,shared_household_device,2
t4_dev_003209,t4_act_002000,shared_household_device,0
t4_dev_001321,t4_act_000806,shared_household_device,3
t4_dev_007968,t4_act_005804,shared_household_device,0
t4_dev_008676,t4_act_006398,shared_household_device,1
t4_dev_002424,t4_act_001475,shared_household_device,4
t4_dev_007735,t4_act_005605,shared_household_device,3
t4_dev_005789,t4_act_004024,shared_household_device,0
t4_dev_006056,t4_act_004245,shared_household_device,1
t4_dev_006224,t4_act_004359,shared_household_device,0
t4_dev_001281,t4_act_000766,shared_household_device,4
t4_dev_003952,t4_act_002589,shared_household_device,2
t4_dev_003953,t4_act_002590,shared_household_device,2
t4_dev_005969,t4_act_004167,shared_household_device,1
t4_dev_008153,t4_act_005957,shared_household_device,4
t4_dev_002295,t4_act_001373,shared_household_device,3
t4_dev_006798,t4_act_004851,shared_household_device,4
t4_dev_008170,t4_act_005971,shared_household_device,3
t4_dev_001316,t4_act_000801,shared_household_device,3
t4_dev_005547,t4_act_003811,shared_household_device,1
t4_dev_003849,t4_act_002498,shared_household_device,3
t4_dev_001205,t4_act_000690,shared_household_device,4
t4_dev_001259,t4_act_000744,shared_household_device,4
t4_dev_005925,t4_act_004127,shared_household_device,0
t4_dev_001223,t4_act_000708,shared_household_device,2
t4_dev_003989,t4_act_002618,shared_household_device,0
t4_dev_005591,t4_act_003850,shared_household_device,3
t4_dev_006699,t4_act_004781,shared_household_device,1
t4_dev_002841,t4_act_001790,shared_household_device,2
t4_dev_007820,t4_act_005680,shared_household_device,1
t4_dev_001339,t4_act_000824,shared_household_device,3
t4_dev_001329,t4_act_000814,shared_household_device,2
t4_dev_002380,t4_act_001437,shared_household_device,3
t4_dev_008251,t4_act_006045,shared_household_device,1
t4_dev_006132,t4_act_004298,shared_household_device,2
t4_dev_005241,t4_act_003553,shared_household_device,2
t4_dev_001600,t4_act_000889,shared_household_device,4
t4_dev_001239,t4_act_000724,shared_household_device,0
t4_dev_001322,t4_act_000807,shared_household_device,0
t4_dev_001277,t4_act_000762,shared_household_device,2
t4_dev_002916,t4_act_001830,shared_household_device,4
t4_dev_001310,t4_act_000795,shared_household_device,4
t4_dev_007395,t4_act_005335,shared_household_device,1
t4_dev_003459,t4_act_002208,shared_household_device,2
t4_dev_001693,t4_act_000947,shared_household_device,4
t4_dev_001647,t4_act_000926,shared_household_device,3
t4_dev_006021,t4_act_004215,shared_household_device,3
t4_dev_003949,t4_act_002586,shared_household_device,1
t4_dev_005965,t4_act_004163,shared_household_device,2
t4_dev_001332,t4_act_000817,shared_household_device,3
t4_dev_002053,t4_act_001207,shared_household_device,1
t4_dev_001372,t4_act_000857,shared_household_device,2
t4_dev_008334,t4_act_006101,shared_household_device,1
t4_dev_003007,t4_act_001890,shared_household_device,2
t4_dev_007711,t4_act_005581,shared_household_device,2
t4_dev_007909,t4_act_005754,shared_household_device,1
t4_dev_006413,t4_act_004516,shared_household_device,3
t4_dev_001331,t4_act_000816,shared_household_device,3
t4_dev_004046,t4_act_002660,shared_household_device,0
t4_dev_003345,t4_act_002114,shared_household_device,1
t4_dev_007851,t4_act_005706,shared_household_device,2
t4_dev_007329,t4_act_005276,shared_household_device,1
t4_dev_001361,t4_act_000846,shared_household_device,4
t4_dev_001335,t4_act_000820,shared_household_device,4
t4_dev_006502,t4_act_004597,shared_household_device,0
t4_dev_001383,t4_act_000868,shared_household_device,4
t4_dev_004312,t4_act_002872,shared_household_device,1
t4_dev_006338,t4_act_004447,shared_household_device,3
t4_dev_002709,t4_act_001694,shared_household_device,2
t4_dev_007702,t4_act_005572,shared_household_device,1
t4_dev_001358,t4_act_000843,shared_household_device,4
t4_dev_003883,t4_act_002528,shared_household_device,2
t4_dev_005700,t4_act_003947,shared_household_device,0
t4_dev_008101,t4_act_005910,shared_household_device,2
t4_dev_008740,t4_act_006458,shared_household_device,0
t4_dev_008176,t4_act_005977,shared_household_device,3
t4_dev_004656,t4_act_003127,shared_household_device,0
t4_dev_002782,t4_act_001756,shared_household_device,4
t4_dev_006875,t4_act_004917,shared_household_device,4
t4_dev_003680,t4_act_002362,shared_household_device,3
t4_dev_005801,t4_act_004036,shared_household_device,1
t4_dev_008774,t4_act_006488,shared_household_device,2
t4_dev_003720,t4_act_002390,shared_household_device,3
t4_dev_003533,t4_act_002250,shared_household_device,3
t4_dev_003250,t4_act_002034,shared_household_device,0
t4_dev_007752,t4_act_005620,shared_household_device,2
t4_dev_001380,t4_act_000865,shared_household_device,3
t4_dev_008038,t4_act_005851,shared_household_device,1
t4_dev_001222,t4_act_000707,shared_household_device,4
t4_dev_001206,t4_act_000691,shared_household_device,0
t4_dev_001228,t4_act_000713,shared_household_device,0
t4_dev_003309,t4_act_002081,shared_household_device,3
t4_dev_002901,t4_act_001819,shared_household_device,4
t4_dev_008305,t4_act_006076,shared_household_device,4
t4_dev_001370,t4_act_000855,shared_household_device,2
t4_dev_008228,t4_act_006023,shared_household_device,2
t4_dev_004555,t4_act_003044,shared_household_device,4
t4_dev_001272,t4_act_000757,shared_household_device,2
t4_dev_008620,t4_act_006349,shared_household_device,2
t4_dev_007068,t4_act_005077,shared_household_device,4
t4_dev_005208,t4_act_003524,shared_household_device,1
t4_dev_004278,t4_act_002846,shared_household_device,3
t4_dev_004718,t4_act_003171,shared_household_device,0
t4_dev_001371,t4_act_000856,shared_household_device,1
t4_dev_001354,t4_act_000839,shared_household_device,2
t4_dev_005854,t4_act_004082,shared_household_device,1
t4_dev_001297,t4_act_000782,shared_household_device,1
t4_dev_001269,t4_act_000754,shared_household_device,2
t4_dev_006707,t4_act_004788,shared_household_device,3
t4_dev_008711,t4_act_006429,shared_household_device,1
t4_dev_002416,t4_act_001467,shared_household_device,2
t4_dev_005923,t4_act_004125,shared_household_device,2
t4_dev_005412,t4_act_003701,shared_household_device,2
t4_dev_007645,t4_act_005526,shared_household_device,1
t4_dev_005012,t4_act_003379,shared_household_device,3
t4_dev_005138,t4_act_003476,shared_household_device,2
t4_dev_008475,t4_act_006222,shared_household_device,1
t4_dev_004837,t4_act_003252,shared_household_device,3
t4_dev_001382,t4_act_000867,shared_household_device,0
t4_dev_006627,t4_act_004714,shared_household_device,2
t4_dev_001199,t4_act_000684,shared_household_device,1
t4_dev_005335,t4_act_003634,shared_household_device,2
t4_dev_006333,t4_act_004442,shared_household_device,3
t4_dev_006997,t4_act_005020,shared_household_device,2
t4_dev_005056,t4_act_003413,shared_household_device,2
t4_dev_004248,t4_act_002821,shared_household_device,4
t4_dev_001286,t4_act_000771,shared_household_device,3
t4_dev_007041,t4_act_005057,shared_household_device,4
t4_dev_003374,t4_act_002140,shared_household_device,2
t4_dev_001254,t4_act_000739,shared_household_device,0
t4_dev_006669,t4_act_004753,shared_household_device,2
t4_dev_008183,t4_act_005984,shared_household_device,1
t4_dev_001375,t4_act_000860,shared_household_device,2
t4_dev_001266,t4_act_000751,shared_household_device,1
t4_dev_002493,t4_act_001534,shared_household_device,1
t4_dev_001299,t4_act_000784,shared_household_device,4
t4_dev_007665,t4_act_005543,shared_household_device,0
t4_dev_001208,t4_act_000693,shared_household_device,0
t4_dev_008047,t4_act_005859,shared_household_device,0
t4_dev_002642,t4_act_001635,shared_household_device,0
t4_dev_001268,t4_act_000753,shared_household_device,3
t4_dev_006387,t4_act_004493,shared_household_device,1
t4_dev_002581,t4_act_001592,shared_household_device,3
t4_dev_002703,t4_act_001688,shared_household_device,2
t4_dev_001238,t4_act_000723,shared_household_device,1
t4_dev_005760,t4_act_003999,shared_household_device,1
t4_dev_003600,t4_act_002300,shared_household_device,3
t4_dev_006287,t4_act_004415,shared_household_device,1
t4_dev_006706,t4_act_004787,shared_household_device,3
t4_dev_005488,t4_act_003775,shared_household_device,2
t4_dev_001287,t4_act_000772,shared_household_device,4
t4_dev_008420,t4_act_006170,shared_household_device,3
t4_dev_001248,t4_act_000733,shared_household_device,1
t4_dev_002365,t4_act_001423,shared_household_device,2
t4_dev_002035,t4_act_001196,shared_household_device,2
t4_dev_001267,t4_act_000752,shared_household_device,3
t4_dev_007133,t4_act_005131,shared_household_device,1
t4_dev_007024,t4_act_005043,shared_household_device,4
t4_dev_007176,t4_act_005172,shared_household_device,4
t4_dev_003606,t4_act_002306,shared_household_device,3
t4_dev_001201,t4_act_000686,shared_household_device,3
t4_dev_001365,t4_act_000850,shared_household_device,2
t4_dev_007518,t4_act_005431,shared_household_device,0
t4_dev_001290,t4_act_000775,shared_household_device,0
t4_dev_008994,t4_act_006693,shared_household_device,4
t4_dev_003590,t4_act_002291,shared_household_device,2
t4_dev_007390,t4_act_005330,shared_household_device,4
t4_dev_001261,t4_act_000746,shared_household_device,0
t4_dev_001337,t4_act_000822,shared_household_device,2
t4_dev_001204,t4_act_000689,shared_household_device,0
t4_dev_006134,t4_act_004300,shared_household_device,0
t4_dev_003835,t4_act_002487,shared_household_device,4
t4_dev_001236,t4_act_000721,shared_household_device,2
t4_dev_001350,t4_act_000835,shared_household_device,4
t4_dev_007101,t4_act_005104,shared_household_device,2
t4_dev_006806,t4_act_004858,shared_household_device,4
t4_dev_005253,t4_act_003564,shared_household_device,3
t4_dev_001224,t4_act_000709,shared_household_device,4
t4_dev_006112,t4_act_004278,shared_household_device,1
t4_dev_004968,t4_act_003344,shared_household_device,4
t4_dev_006429,t4_act_004530,shared_household_device,3
t4_dev_007549,t4_act_005458,shared_household_device,0
t4_dev_002207,t4_act_001303,shared_household_device,1
t4_dev_006467,t4_act_004566,shared_household_device,1
t4_dev_001742,t4_act_000986,shared_household_device,0
t4_dev_005536,t4_act_003803,shared_household_device,4
t4_dev_001301,t4_act_000786,shared_household_device,1
t4_dev_005223,t4_act_003538,shared_household_device,1
t4_dev_003149,t4_act_001952,shared_household_device,0
t4_dev_007659,t4_act_005538,shared_household_device,1
t4_dev_006964,t4_act_004994,shared_household_device,0
t4_dev_008591,t4_act_006321,shared_household_device,2
t4_dev_007278,t4_act_005246,shared_household_device,1
t4_dev_001630,t4_act_000912,shared_household_device,2
t4_dev_007567,t4_act_005475,shared_household_device,2
t4_dev_001271,t4_act_000756,shared_household_device,1
t4_dev_006711,t4_act_004791,shared_household_device,0
t4_dev_001650,t4_act_000928,shared_household_device,2
t4_dev_001315,t4_act_000800,shared_household_device,1
t4_dev_002121,t4_act_001249,shared_household_device,3
t4_dev_005251,t4_act_003562,shared_household_device,0
t4_dev_003740,t4_act_002405,shared_household_device,2
t4_dev_007762,t4_act_005630,shared_household_device,4
t4_dev_001386,t4_act_000871,shared_household_device,0
t4_dev_002006,t4_act_001175,shared_household_device,0
t4_dev_001229,t4_act_000714,shared_household_device,2
t4_dev_005445,t4_act_003734,shared_household_device,1
t4_dev_001330,t4_act_000815,shared_household_device,4
t4_dev_001274,t4_act_000759,shared_household_device,1
t4_dev_007376,t4_act_005318,shared_household_device,1
t4_dev_007931,t4_act_005772,shared_household_device,3
t4_dev_003175,t4_act_001974,shared_household_device,0
t4_dev_002314,t4_act_001387,shared_household_device,4
t4_dev_001278,t4_act_000763,shared_household_device,3
t4_dev_001251,t4_act_000736,shared_household_device,3
t4_dev_001608,t4_act_000895,shared_household_device,0
t4_dev_001282,t4_act_000767,shared_household_device,3
t4_dev_006558,t4_act_004649,shared_household_device,4
t4_dev_003907,t4_act_002548,shared_household_device,0
t4_dev_008670,t4_act_006392,shared_household_device,1
t4_dev_004951,t4_act_003328,shared_household_device,2
t4_dev_002919,t4_act_001832,shared_household_device,1
t4_dev_005949,t4_act_004149,shared_household_device,3
t4_dev_002934,t4_act_001846,shared_household_device,1
t4_dev_001255,t4_act_000740,shared_household_device,3
t4_dev_003669,t4_act_002351,shared_household_device,2
t4_dev_001379,t4_act_000864,shared_household_device,1
t4_dev_001366,t4_act_000851,shared_household_device,1
t4_dev_001653,t4_act_000931,shared_household_device,2
t4_dev_006928,t4_act_004964,shared_household_device,0
t4_dev_008665,t4_act_006387,shared_household_device,2
t4_dev_004994,t4_act_003363,shared_household_device,2
t4_dev_005757,t4_act_003996,shared_household_device,3
t4_dev_004188,t4_act_002781,shared_household_device,1
t4_dev_002737,t4_act_001712,shared_household_device,4
t4_dev_001349,t4_act_000834,shared_household_device,0
t4_dev_008182,t4_act_005983,shared_household_device,0
t4_dev_001280,t4_act_000765,shared_household_device,3
t4_dev_007920,t4_act_005764,shared_household_device,0
t4_dev_006992,t4_act_005017,shared_household_device,4
t4_dev_001230,t4_act_000715,shared_household_device,4
t4_dev_001226,t4_act_000711,shared_household_device,2
t4_dev_001197,t4_act_000682,shared_household_device,4
t4_dev_007524,t4_act_005435,shared_household_device,4
t4_dev_001196,t4_act_000681,shared_household_device,1
t4_dev_001318,t4_act_000803,shared_household_device,1
t4_dev_008428,t4_act_006176,shared_household_device,0
t4_dev_006022,t4_act_004216,shared_household_device,1
t4_dev_006617,t4_act_004705,shared_household_device,0
t4_dev_006280,t4_act_004408,shared_household_device,0
t4_dev_002786,t4_act_001759,shared_household_device,2
t4_dev_006980,t4_act_005008,shared_household_device,2
t4_dev_005727,t4_act_003971,shared_household_device,0
t4_dev_003940,t4_act_002578,shared_household_device,4
t4_dev_001295,t4_act_000780,shared_household_device,2
t4_dev_007737,t4_act_005607,shared_household_device,1
t4_dev_006908,t4_act_004944,shared_household_device,1
t4_dev_003305,t4_act_002077,shared_household_device,1
t4_dev_007783,t4_act_005648,shared_household_device,4
t4_dev_008834,t4_act_006544,shared_household_device,4
t4_dev_008640,t4_act_006367,shared_household_device,4
t4_dev_005491,t4_act_003778,shared_household_device,1
t4_dev_002360,t4_act_001419,shared_household_device,0
t4_dev_001385,t4_act_000870,shared_household_device,3
t4_dev_001359,t4_act_000844,shared_household_device,0
t4_dev_005694,t4_act_003942,shared_household_device,0
t4_dev_001289,t4_act_000774,shared_household_device,2
t4_dev_001704,t4_act_000954,shared_household_device,3
t4_dev_006599,t4_act_004688,shared_household_device,4
t4_dev_003328,t4_act_002099,shared_household_device,0
t4_dev_004748,t4_act_003194,shared_household_device,1
t4_dev_003151,t4_act_001954,shared_household_device,4
t4_dev_007856,t4_act_005711,shared_household_device,0
t4_dev_001279,t4_act_000764,shared_household_device,2
t4_dev_004147,t4_act_002748,shared_household_device,0
t4_dev_007980,t4_act_005816,shared_household_device,0
t4_dev_001307,t4_act_000792,shared_household_device,0
t4_dev_002706,t4_act_001691,shared_household_device,1
t4_dev_006657,t4_act_004743,shared_household_device,0
t4_dev_005786,t4_act_004021,shared_household_device,2
t4_dev_008373,t4_act_006132,shared_household_device,2
t4_dev_005392,t4_act_003682,shared_household_device,0
t4_dev_007298,t4_act_005264,shared_household_device,4
t4_dev_001298,t4_act_000783,shared_household_device,0
t4_dev_003627,t4_act_002321,shared_household_device,0
t4_dev_003277,t4_act_002055,shared_household_device,1
t4_dev_006562,t4_act_004653,shared_household_device,4
t4_dev_001215,t4_act_000700,shared_household_device,4
t4_dev_003364,t4_act_002131,shared_household_device,1
t4_dev_006291,t4_act_004419,shared_household_device,0
t4_dev_001312,t4_act_000797,shared_household_device,3
t4_dev_007043,t4_act_005059,shared_household_device,0
t4_dev_007097,t4_act_005100,shared_household_device,3
t4_dev_008662,t4_act_006384,shared_household_device,1
t4_dev_005960,t4_act_004158,shared_household_device,0
t4_dev_005765,t4_act_004004,shared_household_device,1
t4_dev_007724,t4_act_005594,shared_household_device,0
t4_dev_004616,t4_act_003095,shared_household_device,3
t4_dev_002500,t4_act_001540,shared_household_device,3
t4_dev_004204,t4_act_002789,shared_household_device,3
t4_dev_009039,t4_act_006733,shared_household_device,4
t4_dev_002432,t4_act_001481,shared_household_device,3
t4_dev_008894,t4_act_006598,shared_household_device,0
t4_dev_003251,t4_act_002035,shared_household_device,1
t4_dev_001292,t4_act_000777,shared_household_device,1
t4_dev_008672,t4_act_006394,shared_household_device,2
t4_dev_001243,t4_act_000728,shared_household_device,1
t4_dev_002771,t4_act_001745,shared_household_device,3
t4_dev_007836,t4_act_005695,shared_household_device,1
t4_dev_008855,t4_act_006562,shared_household_device,3
t4_dev_005963,t4_act_004161,shared_household_device,4
t4_dev_006200,t4_act_004337,shared_household_device,0
t4_dev_001233,t4_act_000718,shared_household_device,4
t4_dev_001203,t4_act_000688,shared_household_device,0
t4_dev_004114,t4_act_002721,shared_household_device,3
t4_dev_001211,t4_act_000696,shared_household_device,3
t4_dev_007831,t4_act_005690,shared_household_device,2
t4_dev_001302,t4_act_000787,shared_household_device,0
t4_dev_001308,t4_act_000793,shared_household_device,3
t4_dev_008601,t4_act_006330,shared_household_device,3
t4_dev_007732,t4_act_005602,shared_household_device,2
t4_dev_007210,t4_act_005185,shared_household_device,2
t4_dev_005541,t4_act_003806,shared_household_device,3
t4_dev_007304,t4_act_005270,shared_household_device,3
t4_dev_001362,t4_act_000847,shared_household_device,1
t4_dev_007450,t4_act_005385,shared_household_device,4
t4_dev_001193,t4_act_000678,shared_household_device,2
t4_dev_006198,t4_act_004335,shared_household_device,3
t4_dev_006918,t4_act_004954,shared_household_device,4
t4_dev_001347,t4_act_000832,shared_household_device,1
t4_dev_008506,t4_act_006248,shared_household_device,4
t4_dev_004792,t4_act_003222,shared_household_device,0
t4_dev_001353,t4_act_000838,shared_household_device,3
t4_dev_001253,t4_act_000738,shared_household_device,4
t4_dev_004666,t4_act_003136,shared_household_device,2
t4_dev_001342,t4_act_000827,shared_household_device,2
t4_dev_001202,t4_act_000687,shared_household_device,4
t4_dev_005318,t4_act_003618,shared_household_device,4
t4_dev_005955,t4_act_004154,shared_household_device,4
t4_dev_004086,t4_act_002695,shared_household_device,3
t4_dev_007430,t4_act_005366,shared_household_device,3
t4_dev_001198,t4_act_000683,shared_household_device,0
t4_dev_001727,t4_act_000972,shared_household_device,1
t4_dev_001200,t4_act_000685,shared_household_device,4
t4_dev_003480,t4_act_002220,shared_household_device,3
t4_dev_001340,t4_act_000825,shared_household_device,2
t4_dev_006505,t4_act_004600,shared_household_device,3
t4_dev_007725,t4_act_005595,shared_household_device,4
t4_dev_007452,t4_act_005387,shared_household_device,1
t4_dev_004066,t4_act_002678,shared_household_device,4
t4_dev_008837,t4_act_006547,shared_household_device,3
t4_dev_002358,t4_act_001417,shared_household_device,1
t4_dev_001256,t4_act_000741,shared_household_device,1
t4_dev_001305,t4_act_000790,shared_household_device,0
t4_dev_008880,t4_act_006584,shared_household_device,3
t4_dev_001355,t4_act_000840,shared_household_device,4
t4_dev_006432,t4_act_004533,shared_household_device,0
t4_dev_002180,t4_act_001285,shared_household_device,0
t4_dev_004191,t4_act_002783,shared_household_device,3
t4_dev_001311,t4_act_000796,shared_household_device,0
t4_dev_001194,t4_act_000679,shared_household_device,4
t4_dev_001320,t4_act_000805,shared_household_device,3
t4_dev_001221,t4_act_000706,shared_household_device,4
t4_dev_001323,t4_act_000808,shared_household_device,0
t4_dev_001981,t4_act_001153,shared_household_device,0
t4_dev_007661,t4_act_005540,shared_household_device,0
t4_dev_006555,t4_act_004646,shared_household_device,2
t4_dev_006695,t4_act_004777,shared_household_device,2
t4_dev_005953,t4_act_004152,normal_guest_checkout,4
t4_dev_000313,t4_act_000062,cross_device_partial,4
t4_dev_008710,t4_act_006428,normal_guest_checkout,3
t4_dev_007687,t4_act_005559,multi_device_customer_v4,1
t4_dev_003528,t4_act_002246,new_customer_onboarding,4
t4_dev_001144,t4_act_000629,network_retry_storm_hard,0
t4_dev_005804,t4_act_004039,persistent_card_problem_hard,1
t4_dev_007540,t4_act_005450,normal_guest_checkout,0
t4_dev_004137,t4_act_002738,normal_guest_checkout,4
t4_dev_003153,t4_act_001956,normal_guest_checkout,2
t4_dev_003683,t4_act_002365,cross_device_weak_guest,1
t4_dev_001639,t4_act_000920,network_retry_storm_hard,0
t4_dev_005387,t4_act_003677,normal_returning_customer,4
t4_dev_005918,t4_act_004120,normal_guest_checkout,1
t4_dev_002194,t4_act_001295,network_retry_storm_hard,1
t4_dev_004503,t4_act_003010,cross_device_partial,1
t4_dev_007351,t4_act_005298,session_recreation_flaky_net,1
t4_dev_002774,t4_act_001748,persistent_card_problem_hard,3
t4_dev_006346,t4_act_004454,normal_guest_checkout,0
t4_dev_003573,t4_act_002276,shared_household_device,0
t4_dev_006136,t4_act_004302,session_recreation_flaky_net,0
t4_dev_004585,t4_act_003069,normal_returning_customer,2
t4_dev_006002,t4_act_004197,cvv_and_expiry_mistakes,1
t4_dev_003684,t4_act_002365,cross_device_weak_guest,1
t4_dev_002969,t4_act_001860,network_retry_storm_hard,1
t4_dev_004189,t4_act_002782,normal_returning_customer,0
t4_dev_001213,t4_act_000698,shared_household_device,4
t4_dev_003177,t4_act_001976,new_customer_onboarding,0
t4_dev_008726,t4_act_006444,new_customer_onboarding,4
t4_dev_007179,t4_act_005175,normal_guest_checkout,3
t4_dev_001338,t4_act_000823,shared_household_device,3
t4_dev_001910,t4_act_001097,new_customer_onboarding,3
t4_dev_003860,t4_act_002507,normal_guest_checkout,4
t4_dev_003685,t4_act_002365,cross_device_weak_guest,1
t4_dev_005351,t4_act_003647,network_retry_storm_hard,1
t4_dev_006395,t4_act_004500,persistent_card_problem_hard,2
t4_dev_000898,t4_act_000383,persistent_card_problem_hard,0
t4_dev_003686,t4_act_002365,cross_device_weak_guest,1
t4_dev_007580,t4_act_005487,network_retry_storm_hard,3
t4_dev_003930,t4_act_002569,cvv_and_expiry_mistakes,1
t4_dev_002443,t4_act_001490,normal_guest_checkout,2
t4_dev_004697,t4_act_003157,cvv_and_expiry_mistakes,2
t4_dev_004343,t4_act_002896,cvv_and_expiry_mistakes,0
t4_dev_004765,t4_act_003204,sparse_multiday_v4,3
t4_dev_005441,t4_act_003730,normal_guest_checkout,0
t4_dev_001283,t4_act_000768,shared_household_device,4
t4_dev_001894,t4_act_001083,ultra_patient_v4,0
t4_dev_008527,t4_act_006265,session_recreation_flaky_net,2
t4_dev_007919,t4_act_005763,network_retry_storm_hard,3
t4_dev_008513,t4_act_006254,normal_guest_checkout,0
t4_dev_003711,t4_act_002382,patient_tester_v4,0
t4_dev_007764,t4_act_005632,multi_device_customer_v4,3
t4_dev_001906,t4_act_001093,normal_guest_checkout,4
t4_dev_006926,t4_act_004962,network_retry_storm_hard,2
t4_dev_007139,t4_act_005137,persistent_card_problem_hard,0
t4_dev_007300,t4_act_005266,normal_guest_checkout,4
t4_dev_000189,t4_act_000034,cross_device_weak_guest,0
t4_dev_003465,t4_act_002214,ultra_patient_v4,4
t4_dev_004273,t4_act_002842,shared_household_device,2
t4_dev_007187,t4_act_005182,cgnat_mobile_ip_storm,1
t4_dev_007188,t4_act_005182,cgnat_mobile_ip_storm,1
t4_dev_007189,t4_act_005182,cgnat_mobile_ip_storm,1
t4_dev_007190,t4_act_005182,cgnat_mobile_ip_storm,1
t4_dev_007191,t4_act_005182,cgnat_mobile_ip_storm,1
t4_dev_007192,t4_act_005182,cgnat_mobile_ip_storm,1
t4_dev_007193,t4_act_005182,cgnat_mobile_ip_storm,1
t4_dev_007194,t4_act_005182,cgnat_mobile_ip_storm,1
t4_dev_007195,t4_act_005182,cgnat_mobile_ip_storm,1
t4_dev_007196,t4_act_005182,cgnat_mobile_ip_storm,1
t4_dev_007197,t4_act_005182,cgnat_mobile_ip_storm,1
t4_dev_007198,t4_act_005182,cgnat_mobile_ip_storm,1
t4_dev_007199,t4_act_005182,cgnat_mobile_ip_storm,1
t4_dev_007200,t4_act_005182,cgnat_mobile_ip_storm,1
t4_dev_007201,t4_act_005182,cgnat_mobile_ip_storm,1
t4_dev_008916,t4_act_006620,session_recreation_flaky_net,2
t4_dev_009074,t4_act_006749,genuine_wallet_cycling,4
t4_dev_007202,t4_act_005182,cgnat_mobile_ip_storm,1
t4_dev_003615,t4_act_002315,shared_household_device,4
t4_dev_006640,t4_act_004726,cvv_and_expiry_mistakes,1
t4_dev_007203,t4_act_005182,cgnat_mobile_ip_storm,1
t4_dev_007204,t4_act_005182,cgnat_mobile_ip_storm,1
t4_dev_007205,t4_act_005182,cgnat_mobile_ip_storm,1
t4_dev_007206,t4_act_005182,cgnat_mobile_ip_storm,1
t4_dev_008982,t4_act_006682,normal_guest_checkout,1
t4_dev_002894,t4_act_001814,normal_guest_checkout,0
t4_dev_003556,t4_act_002267,genuine_wallet_cycling,0
t4_dev_006378,t4_act_004484,network_retry_storm_hard,0
t4_dev_008240,t4_act_006035,network_retry_storm_hard,3
t4_dev_008723,t4_act_006441,normal_guest_checkout,4
t4_dev_004515,t4_act_003018,normal_guest_checkout,4
t4_dev_001077,t4_act_000562,network_retry_storm_hard,1
t4_dev_005893,t4_act_004100,persistent_card_problem_hard,0
t4_dev_004504,t4_act_003010,cross_device_partial,1
t4_dev_000299,t4_act_000058,cross_device_partial,0
t4_dev_007265,t4_act_005235,normal_returning_customer,3
t4_dev_003840,t4_act_002491,sparse_multiday_v4,0
t4_dev_004233,t4_act_002809,fast_burst_v4,0
t4_dev_005379,t4_act_003670,persistent_card_problem_hard,2
t4_dev_008352,t4_act_006113,shared_household_device,3
t4_dev_007107,t4_act_005110,normal_guest_checkout,2
t4_dev_007217,t4_act_005192,network_retry_storm_hard,0
t4_dev_004644,t4_act_003117,network_retry_storm_hard,2
t4_dev_008058,t4_act_005869,normal_guest_checkout,3
t4_dev_000300,t4_act_000058,cross_device_partial,0
t4_dev_007811,t4_act_005672,normal_returning_customer,0
t4_dev_000190,t4_act_000034,cross_device_weak_guest,0
t4_dev_008316,t4_act_006086,cvv_and_expiry_mistakes,3
t4_dev_005260,t4_act_003571,normal_returning_customer,3
t4_dev_005011,t4_act_003378,normal_guest_checkout,2
t4_dev_000314,t4_act_000062,cross_device_partial,4
t4_dev_005258,t4_act_003569,persistent_card_problem_hard,4
t4_dev_007832,t4_act_005691,persistent_card_problem_hard,2
t4_dev_005728,t4_act_003972,shared_household_device,3
t4_dev_006024,t4_act_004218,network_retry_storm_hard,1
t4_dev_006977,t4_act_005005,persistent_card_problem_hard,1
t4_dev_001065,t4_act_000550,network_retry_storm_hard,2
t4_dev_008611,t4_act_006340,shared_household_device,1
t4_dev_000008,t4_act_000002,cross_device_weak_guest,0
t4_dev_003620,t4_act_002319,fast_burst_v4,4
t4_dev_001241,t4_act_000726,shared_household_device,1
t4_dev_006380,t4_act_004486,network_retry_storm_hard,4
t4_dev_001926,t4_act_001108,persistent_card_problem_hard,1
t4_dev_007252,t4_act_005223,cvv_and_expiry_mistakes,1
t4_dev_003881,t4_act_002526,persistent_card_problem_hard,4
t4_dev_002926,t4_act_001839,persistent_card_problem_hard,1
t4_dev_004661,t4_act_003132,merchant_normal_amount_attack_v4,4
t4_dev_006360,t4_act_004467,normal_returning_customer,3
t4_dev_007256,t4_act_005226,persistent_card_problem_hard,4
t4_dev_007734,t4_act_005604,session_recreation_flaky_net,4
t4_dev_000191,t4_act_000034,cross_device_weak_guest,0
t4_dev_003208,t4_act_001999,new_customer_onboarding,2
t4_dev_007960,t4_act_005797,persistent_card_problem_hard,4
t4_dev_002109,t4_act_001240,shared_household_device,0
t4_dev_003141,t4_act_001945,normal_guest_checkout,1
t4_dev_003679,t4_act_002361,normal_guest_checkout,2
t4_dev_000315,t4_act_000062,cross_device_partial,4
t4_dev_008062,t4_act_005873,normal_guest_checkout,2
t4_dev_004867,t4_act_003275,genuine_wallet_cycling,2
t4_dev_004474,t4_act_002985,persistent_card_problem_hard,0
t4_dev_005646,t4_act_003898,normal_guest_checkout,4
t4_dev_008639,t4_act_006366,genuine_wallet_cycling,2
t4_dev_004957,t4_act_003334,normal_returning_customer,3
t4_dev_008806,t4_act_006518,shared_household_device,0
t4_dev_006922,t4_act_004958,normal_guest_checkout,4
t4_dev_009069,t4_act_006744,persistent_card_problem_hard,4
t4_dev_005585,t4_act_003845,cvv_and_expiry_mistakes,3
t4_dev_000009,t4_act_000002,cross_device_weak_guest,0
t4_dev_003407,t4_act_002162,shared_household_device,1
t4_dev_003934,t4_act_002573,shared_household_device,0
t4_dev_000195,t4_act_000035,cross_device_weak_guest,1
t4_dev_007119,t4_act_005119,session_recreation_flaky_net,0
t4_dev_006575,t4_act_004666,normal_guest_checkout,4
t4_dev_002964,t4_act_001855,normal_guest_checkout,1
t4_dev_001147,t4_act_000632,network_retry_storm_hard,0
t4_dev_003132,t4_act_001936,normal_guest_checkout,2
t4_dev_006717,t4_act_004797,session_recreation_flaky_net,0
t4_dev_008435,t4_act_006183,cvv_and_expiry_mistakes,3
t4_dev_006406,t4_act_004511,normal_returning_customer,4
t4_dev_000010,t4_act_000002,cross_device_weak_guest,0
t4_dev_004608,t4_act_003090,fast_burst_v4,4
t4_dev_005901,t4_act_004106,normal_returning_customer,3
t4_dev_000192,t4_act_000034,cross_device_weak_guest,0
t4_dev_001107,t4_act_000592,network_retry_storm_hard,3
t4_dev_000876,t4_act_000361,persistent_card_problem_hard,3
t4_dev_000371,t4_act_000075,cross_device_partial,0
t4_dev_000906,t4_act_000391,persistent_card_problem_hard,2
t4_dev_000376,t4_act_000076,cross_device_partial,3
t4_dev_003152,t4_act_001955,network_retry_storm_hard,0
t4_dev_005701,t4_act_003948,new_customer_onboarding,2
t4_dev_000011,t4_act_000002,cross_device_weak_guest,0
t4_dev_006650,t4_act_004736,persistent_card_problem_hard,4
t4_dev_000990,t4_act_000475,persistent_card_problem_hard,3
t4_dev_005659,t4_act_003910,normal_returning_customer,4
t4_dev_008056,t4_act_005867,normal_guest_checkout,3
t4_dev_004803,t4_act_003229,patient_tester_v4,0
t4_dev_004505,t4_act_003010,cross_device_partial,1
t4_dev_000196,t4_act_000035,cross_device_weak_guest,1
t4_dev_000193,t4_act_000034,cross_device_weak_guest,0
t4_dev_000372,t4_act_000075,cross_device_partial,0
t4_dev_003489,t4_act_002228,fast_burst_v4,2
t4_dev_000377,t4_act_000076,cross_device_partial,3
t4_dev_000890,t4_act_000375,persistent_card_problem_hard,1
t4_dev_003203,t4_act_001996,patient_tester_v4,3
t4_dev_002342,t4_act_001404,network_retry_storm_hard,2
t4_dev_000012,t4_act_000002,cross_device_weak_guest,0
t4_dev_003084,t4_act_001912,cross_device_weak_guest,0
t4_dev_000103,t4_act_000018,cross_device_weak_guest,0
t4_dev_006512,t4_act_004607,persistent_card_problem_hard,2
t4_dev_001769,t4_act_001007,network_retry_storm_hard,3
t4_dev_003713,t4_act_002384,network_retry_storm_hard,2
t4_dev_008667,t4_act_006389,network_retry_storm_hard,0
t4_dev_000197,t4_act_000035,cross_device_weak_guest,1
t4_dev_001220,t4_act_000705,shared_household_device,4
t4_dev_000348,t4_act_000070,cross_device_partial,0
t4_dev_000194,t4_act_000034,cross_device_weak_guest,0
t4_dev_000131,t4_act_000023,cross_device_weak_guest,2
t4_dev_000301,t4_act_000058,cross_device_partial,0
t4_dev_002572,t4_act_001585,persistent_card_problem_hard,0
t4_dev_000132,t4_act_000023,cross_device_weak_guest,2
t4_dev_005604,t4_act_003862,multi_device_customer_v4,0
t4_dev_006180,t4_act_004319,session_recreation_flaky_net,4
t4_dev_008446,t4_act_006194,normal_guest_checkout,2
t4_dev_003082,t4_act_001910,network_retry_storm_hard,3
t4_dev_002438,t4_act_001486,new_customer_onboarding,1
t4_dev_003155,t4_act_001958,burst_pause_burst_v4,1
t4_dev_000013,t4_act_000002,cross_device_weak_guest,0
t4_dev_006821,t4_act_004872,multi_device_customer_v4,3
t4_dev_000104,t4_act_000018,cross_device_weak_guest,0
t4_dev_001258,t4_act_000743,shared_household_device,4
t4_dev_000373,t4_act_000075,cross_device_partial,0
t4_dev_001182,t4_act_000667,network_retry_storm_hard,4
t4_dev_006193,t4_act_004330,network_retry_storm_hard,3
t4_dev_005291,t4_act_003595,genuine_wallet_cycling,2
t4_dev_008836,t4_act_006546,network_retry_storm_hard,4
t4_dev_006812,t4_act_004864,new_customer_onboarding,0
t4_dev_009041,t4_act_006735,normal_guest_checkout,3
t4_dev_005049,t4_act_003407,persistent_card_problem_hard,0
t4_dev_003369,t4_act_002136,genuine_wallet_cycling,4
t4_dev_004808,t4_act_003231,warm_up_then_attack_v4,4
t4_dev_004799,t4_act_003226,new_customer_onboarding,1
t4_dev_001933,t4_act_001113,normal_guest_checkout,2
t4_dev_003085,t4_act_001912,cross_device_weak_guest,0
t4_dev_003665,t4_act_002349,mixed_campaign_v4,2
t4_dev_008083,t4_act_005892,persistent_card_problem_hard,2
t4_dev_003337,t4_act_002106,session_recreation_flaky_net,2
t4_dev_004950,t4_act_003327,session_churn_v4,0
t4_dev_003602,t4_act_002302,persistent_card_problem_hard,3
t4_dev_000198,t4_act_000035,cross_device_weak_guest,1
t4_dev_001911,t4_act_001098,genuine_wallet_cycling,1
t4_dev_004846,t4_act_003259,warm_up_then_attack_v4,2
t4_dev_003086,t4_act_001912,cross_device_weak_guest,0
t4_dev_005480,t4_act_003768,cvv_and_expiry_mistakes,4
t4_dev_003087,t4_act_001912,cross_device_weak_guest,0
t4_dev_001162,t4_act_000647,network_retry_storm_hard,4
t4_dev_001109,t4_act_000594,network_retry_storm_hard,1
t4_dev_000014,t4_act_000002,cross_device_weak_guest,0
t4_dev_005444,t4_act_003733,persistent_card_problem_hard,2
t4_dev_002136,t4_act_001257,cross_device_weak_guest,2
t4_dev_008121,t4_act_005930,normal_guest_checkout,1
t4_dev_000105,t4_act_000018,cross_device_weak_guest,0
t4_dev_000133,t4_act_000023,cross_device_weak_guest,2
t4_dev_008957,t4_act_006659,persistent_card_problem_hard,1
t4_dev_002137,t4_act_001257,cross_device_weak_guest,2
t4_dev_006774,t4_act_004846,persistent_card_problem_hard,3
t4_dev_000015,t4_act_000002,cross_device_weak_guest,0
t4_dev_007819,t4_act_005679,normal_returning_customer,2
t4_dev_005495,t4_act_003782,shared_household_device,2
t4_dev_006571,t4_act_004662,persistent_card_problem_hard,2
t4_dev_002138,t4_act_001257,cross_device_weak_guest,2
t4_dev_003292,t4_act_002066,success_camouflage_v4,0
t4_dev_003818,t4_act_002475,success_camouflage_v4,0
t4_dev_000199,t4_act_000035,cross_device_weak_guest,1
t4_dev_004057,t4_act_002669,session_recreation_flaky_net,4
t4_dev_003666,t4_act_002349,mixed_campaign_v4,2
t4_dev_000106,t4_act_000018,cross_device_weak_guest,0
t4_dev_001036,t4_act_000521,network_retry_storm_hard,3
t4_dev_000349,t4_act_000070,cross_device_partial,0
t4_dev_000134,t4_act_000023,cross_device_weak_guest,2
t4_dev_003372,t4_act_002139,normal_returning_customer,0
t4_dev_001018,t4_act_000503,network_retry_storm_hard,2
t4_dev_000962,t4_act_000447,persistent_card_problem_hard,1
t4_dev_005622,t4_act_003878,normal_returning_customer,2
t4_dev_001531,t4_act_000883,cgnat_mobile_ip_storm,1
t4_dev_001532,t4_act_000883,cgnat_mobile_ip_storm,1
t4_dev_001533,t4_act_000883,cgnat_mobile_ip_storm,1
t4_dev_001534,t4_act_000883,cgnat_mobile_ip_storm,1
t4_dev_001535,t4_act_000883,cgnat_mobile_ip_storm,1
t4_dev_001536,t4_act_000883,cgnat_mobile_ip_storm,1
t4_dev_001537,t4_act_000883,cgnat_mobile_ip_storm,1
t4_dev_001538,t4_act_000883,cgnat_mobile_ip_storm,1
t4_dev_001539,t4_act_000883,cgnat_mobile_ip_storm,1
t4_dev_004478,t4_act_002989,network_retry_storm_hard,0
t4_dev_001540,t4_act_000883,cgnat_mobile_ip_storm,1
t4_dev_001541,t4_act_000883,cgnat_mobile_ip_storm,1
t4_dev_001542,t4_act_000883,cgnat_mobile_ip_storm,1
t4_dev_001543,t4_act_000883,cgnat_mobile_ip_storm,1
t4_dev_001544,t4_act_000883,cgnat_mobile_ip_storm,1
t4_dev_001545,t4_act_000883,cgnat_mobile_ip_storm,1
t4_dev_001546,t4_act_000883,cgnat_mobile_ip_storm,1
t4_dev_001547,t4_act_000883,cgnat_mobile_ip_storm,1
t4_dev_008341,t4_act_006106,normal_returning_customer,0
t4_dev_001548,t4_act_000883,cgnat_mobile_ip_storm,1
t4_dev_001549,t4_act_000883,cgnat_mobile_ip_storm,1
t4_dev_001550,t4_act_000883,cgnat_mobile_ip_storm,1
t4_dev_002139,t4_act_001257,cross_device_weak_guest,2
t4_dev_005601,t4_act_003859,persistent_card_problem_hard,3
t4_dev_001294,t4_act_000779,shared_household_device,0
t4_dev_008167,t4_act_005969,normal_returning_customer,1
t4_dev_000107,t4_act_000018,cross_device_weak_guest,0
t4_dev_002999,t4_act_001885,cross_device_weak_guest,4
t4_dev_006899,t4_act_004936,new_customer_onboarding,2
t4_dev_007153,t4_act_005150,new_customer_onboarding,0
t4_dev_003526,t4_act_002245,burst_pause_burst_v4,1
t4_dev_004694,t4_act_003154,normal_guest_checkout,2
t4_dev_003722,t4_act_002392,normal_guest_checkout,3
t4_dev_009000,t4_act_006698,normal_guest_checkout,3
t4_dev_003667,t4_act_002349,mixed_campaign_v4,2
t4_dev_002140,t4_act_001257,cross_device_weak_guest,2
t4_dev_007000,t4_act_005023,network_retry_storm_hard,4
t4_dev_002150,t4_act_001265,normal_guest_checkout,4
t4_dev_007431,t4_act_005367,cvv_and_expiry_mistakes,4
t4_dev_004506,t4_act_003010,cross_device_partial,1
t4_dev_003265,t4_act_002045,persistent_card_problem_hard,1
t4_dev_001118,t4_act_000603,network_retry_storm_hard,4
t4_dev_000972,t4_act_000457,persistent_card_problem_hard,1
t4_dev_003641,t4_act_002334,multi_device_customer_v4,3
t4_dev_008805,t4_act_006517,cvv_and_expiry_mistakes,0
t4_dev_002370,t4_act_001428,normal_returning_customer,0
t4_dev_000200,t4_act_000035,cross_device_weak_guest,1
t4_dev_005016,t4_act_003383,warm_up_then_attack_v4,1
t4_dev_000378,t4_act_000076,cross_device_partial,3
t4_dev_005438,t4_act_003727,normal_guest_checkout,1
t4_dev_007389,t4_act_005329,normal_guest_checkout,4
t4_dev_001958,t4_act_001131,genuine_wallet_cycling,0
t4_dev_009037,t4_act_006731,new_customer_onboarding,3
t4_dev_001378,t4_act_000863,shared_household_device,1
t4_dev_003482,t4_act_002222,shared_household_device,3
t4_dev_000305,t4_act_000060,cross_device_partial,1
t4_dev_000108,t4_act_000018,cross_device_weak_guest,0
t4_dev_000135,t4_act_000023,cross_device_weak_guest,2
t4_dev_002141,t4_act_001257,cross_device_weak_guest,2
t4_dev_000136,t4_act_000023,cross_device_weak_guest,2
t4_dev_002556,t4_act_001578,persistent_card_problem_hard,0
t4_dev_006276,t4_act_004405,shared_household_device,1
t4_dev_004005,t4_act_002626,genuine_wallet_cycling,2
t4_dev_006509,t4_act_004604,session_recreation_flaky_net,1
t4_dev_001327,t4_act_000812,shared_household_device,1
t4_dev_003000,t4_act_001885,cross_device_weak_guest,4
t4_dev_001049,t4_act_000534,network_retry_storm_hard,4
t4_dev_004485,t4_act_002995,persistent_card_problem_hard,2
t4_dev_000028,t4_act_000005,cross_device_weak_guest,4
t4_dev_007502,t4_act_005416,shared_household_device,0
t4_dev_001451,t4_act_000879,cgnat_mobile_ip_storm,4
t4_dev_001452,t4_act_000879,cgnat_mobile_ip_storm,4
t4_dev_001453,t4_act_000879,cgnat_mobile_ip_storm,4
t4_dev_005420,t4_act_003709,session_recreation_flaky_net,0
t4_dev_001454,t4_act_000879,cgnat_mobile_ip_storm,4
t4_dev_001455,t4_act_000879,cgnat_mobile_ip_storm,4
t4_dev_001456,t4_act_000879,cgnat_mobile_ip_storm,4
t4_dev_001457,t4_act_000879,cgnat_mobile_ip_storm,4
t4_dev_001458,t4_act_000879,cgnat_mobile_ip_storm,4
t4_dev_001459,t4_act_000879,cgnat_mobile_ip_storm,4
t4_dev_001460,t4_act_000879,cgnat_mobile_ip_storm,4
t4_dev_008896,t4_act_006600,normal_returning_customer,2
t4_dev_003001,t4_act_001885,cross_device_weak_guest,4
t4_dev_002554,t4_act_001576,network_retry_storm_hard,0
t4_dev_002110,t4_act_001241,ultra_patient_v4,3
t4_dev_000379,t4_act_000076,cross_device_partial,3
t4_dev_001461,t4_act_000879,cgnat_mobile_ip_storm,4
t4_dev_001462,t4_act_000879,cgnat_mobile_ip_storm,4
t4_dev_007454,t4_act_005389,persistent_card_problem_hard,2
t4_dev_001463,t4_act_000879,cgnat_mobile_ip_storm,4
t4_dev_001464,t4_act_000879,cgnat_mobile_ip_storm,4
t4_dev_001465,t4_act_000879,cgnat_mobile_ip_storm,4
t4_dev_001466,t4_act_000879,cgnat_mobile_ip_storm,4
t4_dev_000374,t4_act_000075,cross_device_partial,0
t4_dev_001467,t4_act_000879,cgnat_mobile_ip_storm,4
t4_dev_001468,t4_act_000879,cgnat_mobile_ip_storm,4
t4_dev_000029,t4_act_000005,cross_device_weak_guest,4
t4_dev_001469,t4_act_000879,cgnat_mobile_ip_storm,4
t4_dev_001470,t4_act_000879,cgnat_mobile_ip_storm,4
t4_dev_003898,t4_act_002541,genuine_wallet_cycling,0
t4_dev_003583,t4_act_002285,patient_tester_v4,4
t4_dev_005932,t4_act_004134,shared_household_device,4
t4_dev_001348,t4_act_000833,shared_household_device,2
t4_dev_003002,t4_act_001885,cross_device_weak_guest,4
t4_dev_006645,t4_act_004731,session_recreation_flaky_net,2
t4_dev_001207,t4_act_000692,shared_household_device,1
t4_dev_005855,t4_act_004083,new_customer_onboarding,3
t4_dev_001849,t4_act_001051,network_retry_storm_hard,3
t4_dev_008575,t4_act_006305,new_customer_onboarding,3
t4_dev_000350,t4_act_000070,cross_device_partial,0
t4_dev_003741,t4_act_002406,normal_returning_customer,1
t4_dev_008860,t4_act_006567,multi_device_customer_v4,2
t4_dev_001061,t4_act_000546,network_retry_storm_hard,2
t4_dev_000306,t4_act_000060,cross_device_partial,1
t4_dev_002544,t4_act_001570,cvv_and_expiry_mistakes,3
t4_dev_004592,t4_act_003074,fast_burst_v4,0
t4_dev_007181,t4_act_005177,normal_guest_checkout,3
t4_dev_002536,t4_act_001565,normal_returning_customer,1
t4_dev_004206,t4_act_002791,multi_device_customer_v4,1
t4_dev_007072,t4_act_005080,normal_guest_checkout,4
t4_dev_002711,t4_act_001696,normal_returning_customer,0
t4_dev_000030,t4_act_000005,cross_device_weak_guest,4
t4_dev_006098,t4_act_004266,session_recreation_flaky_net,0
t4_dev_009066,t4_act_006741,normal_guest_checkout,4
t4_dev_001108,t4_act_000593,network_retry_storm_hard,2
t4_dev_007368,t4_act_005312,multi_device_customer_v4,0
t4_dev_007417,t4_act_005355,normal_returning_customer,1
t4_dev_007777,t4_act_005642,persistent_card_problem_hard,3
t4_dev_004643,t4_act_003116,cvv_and_expiry_mistakes,4
t4_dev_000031,t4_act_000005,cross_device_weak_guest,4
t4_dev_005057,t4_act_003414,cross_device_weak_guest,3
t4_dev_001120,t4_act_000605,network_retry_storm_hard,4
t4_dev_003446,t4_act_002196,multi_device_customer_v4,1
t4_dev_007654,t4_act_005534,normal_returning_customer,1
t4_dev_009073,t4_act_006748,session_recreation_flaky_net,1
t4_dev_008757,t4_act_006473,cvv_and_expiry_mistakes,3
t4_dev_007277,t4_act_005245,normal_returning_customer,0
t4_dev_008803,t4_act_006515,normal_guest_checkout,1
t4_dev_002098,t4_act_001236,normal_guest_checkout,0
t4_dev_000032,t4_act_000005,cross_device_weak_guest,4
t4_dev_002936,t4_act_001848,normal_guest_checkout,3
t4_dev_004133,t4_act_002734,normal_guest_checkout,0
t4_dev_003003,t4_act_001886,persistent_card_problem_hard,2
t4_dev_005279,t4_act_003587,normal_guest_checkout,4
t4_dev_007455,t4_act_005390,normal_guest_checkout,0
t4_dev_007076,t4_act_005083,network_retry_storm_hard,3
t4_dev_007765,t4_act_005632,multi_device_customer_v4,3
t4_dev_003721,t4_act_002391,warm_up_then_attack_v4,2
t4_dev_005058,t4_act_003414,cross_device_weak_guest,3
t4_dev_004507,t4_act_003010,cross_device_partial,1
t4_dev_000351,t4_act_000070,cross_device_partial,0
t4_dev_004288,t4_act_002852,new_customer_onboarding,4
t4_dev_007436,t4_act_005371,network_retry_storm_hard,1
t4_dev_000033,t4_act_000005,cross_device_weak_guest,4
t4_dev_002135,t4_act_001256,normal_guest_checkout,3
t4_dev_005059,t4_act_003414,cross_device_weak_guest,3
t4_dev_003922,t4_act_002562,normal_guest_checkout,3
t4_dev_002715,t4_act_001700,cross_device_weak_guest,2
t4_dev_000380,t4_act_000076,cross_device_partial,3
t4_dev_000034,t4_act_000005,cross_device_weak_guest,4
t4_dev_000375,t4_act_000075,cross_device_partial,0
t4_dev_000956,t4_act_000441,persistent_card_problem_hard,0
t4_dev_003640,t4_act_002333,normal_returning_customer,1
t4_dev_004712,t4_act_003166,sparse_multiday_v4,1
t4_dev_003415,t4_act_002168,persistent_card_problem_hard,0
t4_dev_003365,t4_act_002132,shared_household_device,3
t4_dev_002716,t4_act_001700,cross_device_weak_guest,2
t4_dev_004176,t4_act_002773,mixed_campaign_v4,1
t4_dev_007103,t4_act_005106,persistent_card_problem_hard,2
t4_dev_004554,t4_act_003043,new_customer_onboarding,4
t4_dev_004250,t4_act_002823,normal_guest_checkout,3
t4_dev_002435,t4_act_001484,normal_returning_customer,1
t4_dev_000352,t4_act_000070,cross_device_partial,0
t4_dev_001138,t4_act_000623,network_retry_storm_hard,4
t4_dev_003460,t4_act_002209,normal_guest_checkout,3
t4_dev_008440,t4_act_006188,genuine_wallet_cycling,3
t4_dev_002976,t4_act_001864,burst_pause_burst_v4,2
t4_dev_002385,t4_act_001440,normal_guest_checkout,0
t4_dev_007383,t4_act_005324,cvv_and_expiry_mistakes,1
t4_dev_007444,t4_act_005379,network_retry_storm_hard,4
t4_dev_002624,t4_act_001621,normal_guest_checkout,0
t4_dev_008701,t4_act_006421,genuine_wallet_cycling,1
t4_dev_006871,t4_act_004914,normal_returning_customer,3
t4_dev_002717,t4_act_001700,cross_device_weak_guest,2
t4_dev_005060,t4_act_003414,cross_device_weak_guest,3
t4_dev_004516,t4_act_003019,cross_device_partial,0
t4_dev_006611,t4_act_004700,session_recreation_flaky_net,1
t4_dev_000381,t4_act_000076,cross_device_partial,3
t4_dev_007897,t4_act_005746,new_customer_onboarding,2
t4_dev_000855,t4_act_000340,persistent_card_problem_hard,3
t4_dev_008595,t4_act_006325,normal_returning_customer,0
t4_dev_005061,t4_act_003414,cross_device_weak_guest,3
t4_dev_004177,t4_act_002773,mixed_campaign_v4,1
t4_dev_000307,t4_act_000060,cross_device_partial,1
t4_dev_002778,t4_act_001752,cvv_and_expiry_mistakes,4
t4_dev_005890,t4_act_004097,genuine_wallet_cycling,0
t4_dev_006822,t4_act_004872,multi_device_customer_v4,3
t4_dev_000806,t4_act_000291,persistent_card_problem_hard,1
t4_dev_000844,t4_act_000329,persistent_card_problem_hard,2
t4_dev_005809,t4_act_004044,new_customer_onboarding,1
t4_dev_002803,t4_act_001771,persistent_card_problem_hard,3
t4_dev_004517,t4_act_003019,cross_device_partial,0
t4_dev_007597,t4_act_005502,network_retry_storm_hard,1
t4_dev_002718,t4_act_001700,cross_device_weak_guest,2
t4_dev_007719,t4_act_005589,new_customer_onboarding,4
t4_dev_003730,t4_act_002397,genuine_wallet_cycling,3
t4_dev_002719,t4_act_001700,cross_device_weak_guest,2
t4_dev_004497,t4_act_003005,normal_returning_customer,0
t4_dev_004287,t4_act_002851,network_retry_storm_hard,1
t4_dev_000875,t4_act_000360,persistent_card_problem_hard,3
t4_dev_008302,t4_act_006073,session_recreation_flaky_net,3
t4_dev_004518,t4_act_003019,cross_device_partial,0
t4_dev_006253,t4_act_004385,normal_guest_checkout,3
t4_dev_006542,t4_act_004635,persistent_card_problem_hard,2
t4_dev_002742,t4_act_001716,new_customer_onboarding,1
t4_dev_006057,t4_act_004246,session_recreation_flaky_net,4
t4_dev_007586,t4_act_005492,normal_returning_customer,0
t4_dev_005945,t4_act_004146,cvv_and_expiry_mistakes,4
t4_dev_007497,t4_act_005411,normal_returning_customer,3
t4_dev_007987,t4_act_005822,normal_guest_checkout,3
t4_dev_001068,t4_act_000553,network_retry_storm_hard,0
t4_dev_006189,t4_act_004327,normal_returning_customer,3
t4_dev_004178,t4_act_002773,mixed_campaign_v4,1
t4_dev_005348,t4_act_003645,normal_returning_customer,4
t4_dev_004452,t4_act_002966,normal_guest_checkout,2
t4_dev_007688,t4_act_005559,multi_device_customer_v4,1
t4_dev_001081,t4_act_000566,network_retry_storm_hard,2
t4_dev_007866,t4_act_005718,normal_guest_checkout,0
t4_dev_007681,t4_act_005555,normal_returning_customer,4
t4_dev_002777,t4_act_001751,cvv_and_expiry_mistakes,0
t4_dev_004983,t4_act_003354,normal_guest_checkout,4
t4_dev_004179,t4_act_002773,mixed_campaign_v4,1
t4_dev_002501,t4_act_001541,patient_tester_v4,3
t4_dev_006514,t4_act_004609,normal_guest_checkout,0
t4_dev_007509,t4_act_005423,normal_guest_checkout,1
t4_dev_004536,t4_act_003034,new_customer_onboarding,1
t4_dev_007563,t4_act_005471,normal_returning_customer,2
t4_dev_002341,t4_act_001403,cvv_and_expiry_mistakes,0
t4_dev_000145,t4_act_000025,cross_device_weak_guest,2
t4_dev_008907,t4_act_006611,persistent_card_problem_hard,3
t4_dev_008371,t4_act_006130,session_recreation_flaky_net,4
t4_dev_004884,t4_act_003290,network_retry_storm_hard,1
t4_dev_001260,t4_act_000745,shared_household_device,3
t4_dev_008118,t4_act_005927,persistent_card_problem_hard,2
t4_dev_002217,t4_act_001312,persistent_card_problem_hard,1
t4_dev_006510,t4_act_004605,normal_returning_customer,4
t4_dev_001309,t4_act_000794,shared_household_device,4
t4_dev_007753,t4_act_005621,session_recreation_flaky_net,2
t4_dev_004521,t4_act_003022,normal_guest_checkout,1
t4_dev_001140,t4_act_000625,network_retry_storm_hard,1
t4_dev_005298,t4_act_003601,genuine_wallet_cycling,0
t4_dev_007463,t4_act_005396,genuine_wallet_cycling,0
t4_dev_000146,t4_act_000025,cross_device_weak_guest,2
t4_dev_000326,t4_act_000065,cross_device_partial,0
t4_dev_004672,t4_act_003142,merchant_normal_amount_attack_v4,4
t4_dev_000889,t4_act_000374,persistent_card_problem_hard,4
t4_dev_000308,t4_act_000060,cross_device_partial,1
t4_dev_006027,t4_act_004220,network_retry_storm_hard,1
t4_dev_007950,t4_act_005789,network_retry_storm_hard,2
t4_dev_000147,t4_act_000025,cross_device_weak_guest,2
t4_dev_001986,t4_act_001158,normal_returning_customer,3
t4_dev_006271,t4_act_004400,normal_guest_checkout,0
t4_dev_003295,t4_act_002068,shared_household_device,4
t4_dev_004888,t4_act_003294,multi_device_customer_v4,3
t4_dev_000231,t4_act_000043,cross_device_partial,0
t4_dev_001967,t4_act_001140,new_customer_onboarding,2
t4_dev_003538,t4_act_002254,genuine_wallet_cycling,0
t4_dev_005761,t4_act_004000,normal_guest_checkout,1
t4_dev_006753,t4_act_004829,normal_returning_customer,4
t4_dev_006639,t4_act_004725,shared_household_device,1
t4_dev_005605,t4_act_003862,multi_device_customer_v4,0
t4_dev_004391,t4_act_002918,genuine_wallet_cycling,0
t4_dev_007896,t4_act_005745,new_customer_onboarding,0
t4_dev_001151,t4_act_000636,network_retry_storm_hard,4
t4_dev_004476,t4_act_002987,network_retry_storm_hard,2
t4_dev_007207,t4_act_005183,normal_returning_customer,4
t4_dev_001848,t4_act_001050,normal_guest_checkout,0
t4_dev_007772,t4_act_005637,new_customer_onboarding,1
t4_dev_000148,t4_act_000025,cross_device_weak_guest,2
t4_dev_003188,t4_act_001987,network_retry_storm_hard,4
t4_dev_004006,t4_act_002627,normal_guest_checkout,1
t4_dev_007544,t4_act_005453,new_customer_onboarding,0
t4_dev_003385,t4_act_002149,fast_burst_v4,0
t4_dev_001994,t4_act_001164,network_retry_storm_hard,1
t4_dev_008074,t4_act_005884,cvv_and_expiry_mistakes,3
t4_dev_007672,t4_act_005549,new_customer_onboarding,3
t4_dev_008772,t4_act_006486,normal_guest_checkout,4
t4_dev_004318,t4_act_002878,normal_guest_checkout,1
t4_dev_005411,t4_act_003700,session_recreation_flaky_net,4
t4_dev_008133,t4_act_005939,network_retry_storm_hard,4
t4_dev_000822,t4_act_000307,persistent_card_problem_hard,4
t4_dev_000327,t4_act_000065,cross_device_partial,0
t4_dev_004699,t4_act_003159,cross_device_partial,3
t4_dev_003532,t4_act_002249,new_customer_onboarding,4
t4_dev_008134,t4_act_005940,persistent_card_problem_hard,1
t4_dev_007877,t4_act_005728,normal_returning_customer,0
t4_dev_006456,t4_act_004555,normal_guest_checkout,2
t4_dev_002318,t4_act_001390,normal_returning_customer,3
t4_dev_007551,t4_act_005460,normal_returning_customer,1
t4_dev_006541,t4_act_004634,network_retry_storm_hard,0
t4_dev_000905,t4_act_000390,persistent_card_problem_hard,3
t4_dev_006881,t4_act_004921,genuine_wallet_cycling,0
t4_dev_007900,t4_act_005749,multi_device_customer_v4,0
t4_dev_007964,t4_act_005801,normal_returning_customer,2
t4_dev_003249,t4_act_002033,persistent_card_problem_hard,2
t4_dev_003592,t4_act_002293,new_customer_onboarding,4
t4_dev_002395,t4_act_001450,warm_up_then_attack_v4,4
t4_dev_001317,t4_act_000802,shared_household_device,3
t4_dev_004435,t4_act_002953,genuine_wallet_cycling,1
t4_dev_001357,t4_act_000842,shared_household_device,4
t4_dev_004700,t4_act_003159,cross_device_partial,3
t4_dev_006503,t4_act_004598,network_retry_storm_hard,3
t4_dev_005214,t4_act_003529,shared_household_device,0
t4_dev_003466,t4_act_002215,sparse_multiday_v4,2
t4_dev_000309,t4_act_000060,cross_device_partial,1
t4_dev_005249,t4_act_003560,network_retry_storm_hard,3
t4_dev_003817,t4_act_002474,new_customer_onboarding,0
t4_dev_006448,t4_act_004548,normal_returning_customer,0
t4_dev_006839,t4_act_004886,genuine_wallet_cycling,3
t4_dev_001078,t4_act_000563,network_retry_storm_hard,4
t4_dev_005449,t4_act_003738,normal_guest_checkout,1
t4_dev_004695,t4_act_003155,session_recreation_flaky_net,2
t4_dev_003279,t4_act_002057,fast_burst_v4,2
t4_dev_003541,t4_act_002257,persistent_card_problem_hard,3
t4_dev_000986,t4_act_000471,persistent_card_problem_hard,1
t4_dev_001119,t4_act_000604,network_retry_storm_hard,0
t4_dev_006576,t4_act_004667,normal_guest_checkout,2
t4_dev_006837,t4_act_004884,normal_returning_customer,2
t4_dev_007838,t4_act_005697,normal_returning_customer,4
t4_dev_007680,t4_act_005554,persistent_card_problem_hard,0
t4_dev_005944,t4_act_004145,network_retry_storm_hard,1
t4_dev_002599,t4_act_001606,persistent_card_problem_hard,1
t4_dev_002747,t4_act_001721,session_recreation_flaky_net,2
t4_dev_002372,t4_act_001430,success_camouflage_v4,0
t4_dev_006115,t4_act_004281,normal_guest_checkout,2
t4_dev_000232,t4_act_000043,cross_device_partial,0
t4_dev_003107,t4_act_001930,normal_returning_customer,1
t4_dev_003367,t4_act_002134,cvv_and_expiry_mistakes,1
t4_dev_004463,t4_act_002975,genuine_wallet_cycling,0
t4_dev_003207,t4_act_001998,normal_guest_checkout,0
t4_dev_000881,t4_act_000366,persistent_card_problem_hard,4
t4_dev_008743,t4_act_006461,network_retry_storm_hard,1
t4_dev_006474,t4_act_004573,normal_returning_customer,3
t4_dev_006976,t4_act_005004,normal_guest_checkout,2
t4_dev_000814,t4_act_000299,persistent_card_problem_hard,3
t4_dev_002539,t4_act_001567,cross_device_partial,2
t4_dev_003650,t4_act_002340,cross_device_weak_guest,4
t4_dev_000233,t4_act_000043,cross_device_partial,0
t4_dev_004243,t4_act_002817,patient_tester_v4,2
t4_dev_002284,t4_act_001365,new_customer_onboarding,3
t4_dev_003855,t4_act_002503,session_churn_v4,4
t4_dev_007689,t4_act_005559,multi_device_customer_v4,1
t4_dev_000983,t4_act_000468,persistent_card_problem_hard,1
t4_dev_007546,t4_act_005455,session_recreation_flaky_net,1
t4_dev_008329,t4_act_006098,shared_household_device,2
t4_dev_004235,t4_act_002811,network_retry_storm_hard,3
t4_dev_008782,t4_act_006496,genuine_wallet_cycling,1
t4_dev_002788,t4_act_001761,network_retry_storm_hard,1
t4_dev_002678,t4_act_001667,network_retry_storm_hard,2
t4_dev_006606,t4_act_004695,network_retry_storm_hard,0
t4_dev_007976,t4_act_005812,normal_guest_checkout,0
t4_dev_008094,t4_act_005903,session_recreation_flaky_net,4
t4_dev_001699,t4_act_000951,normal_returning_customer,2
t4_dev_001091,t4_act_000576,network_retry_storm_hard,2
t4_dev_000850,t4_act_000335,persistent_card_problem_hard,3
t4_dev_001659,t4_act_000936,new_customer_onboarding,4
t4_dev_000818,t4_act_000303,persistent_card_problem_hard,3
t4_dev_006133,t4_act_004299,normal_guest_checkout,0
t4_dev_008974,t4_act_006675,persistent_card_problem_hard,3
t4_dev_003651,t4_act_002340,cross_device_weak_guest,4
t4_dev_002377,t4_act_001434,normal_guest_checkout,3
t4_dev_002868,t4_act_001809,network_retry_storm_hard,3
t4_dev_006994,t4_act_005019,multi_device_customer_v4,4
t4_dev_007393,t4_act_005333,persistent_card_problem_hard,3
t4_dev_003342,t4_act_002111,persistent_card_problem_hard,1
t4_dev_004838,t4_act_003253,patient_tester_v4,1
t4_dev_004701,t4_act_003159,cross_device_partial,3
t4_dev_002075,t4_act_001222,multi_device_customer_v4,3
t4_dev_003271,t4_act_002050,cvv_and_expiry_mistakes,3
t4_dev_006823,t4_act_004872,multi_device_customer_v4,3
t4_dev_002557,t4_act_001579,shared_household_device,4
t4_dev_004872,t4_act_003280,cvv_and_expiry_mistakes,2
t4_dev_001977,t4_act_001150,normal_guest_checkout,3
t4_dev_000328,t4_act_000065,cross_device_partial,0
t4_dev_008212,t4_act_006009,session_recreation_flaky_net,0
t4_dev_006039,t4_act_004229,normal_guest_checkout,3
t4_dev_002691,t4_act_001678,network_retry_storm_hard,1
t4_dev_006266,t4_act_004396,normal_guest_checkout,0
t4_dev_004875,t4_act_003282,normal_guest_checkout,4
t4_dev_007369,t4_act_005312,multi_device_customer_v4,0
t4_dev_007691,t4_act_005561,new_customer_onboarding,0
t4_dev_003294,t4_act_002067,shared_household_device,2
t4_dev_002005,t4_act_001174,genuine_wallet_cycling,4
t4_dev_003899,t4_act_002542,normal_guest_checkout,0
t4_dev_003865,t4_act_002511,normal_guest_checkout,3
t4_dev_003232,t4_act_002019,normal_guest_checkout,1
t4_dev_008792,t4_act_006505,genuine_wallet_cycling,1
t4_dev_004539,t4_act_003036,normal_guest_checkout,3
t4_dev_003658,t4_act_002344,normal_guest_checkout,1
t4_dev_002317,t4_act_001389,normal_guest_checkout,1
t4_dev_006741,t4_act_004819,session_recreation_flaky_net,3
t4_dev_008450,t4_act_006198,persistent_card_problem_hard,0
t4_dev_003652,t4_act_002340,cross_device_weak_guest,4
t4_dev_006694,t4_act_004776,new_customer_onboarding,1
t4_dev_002968,t4_act_001859,shared_household_device,1
t4_dev_005359,t4_act_003654,multi_device_customer_v4,1
t4_dev_007958,t4_act_005796,normal_returning_customer,1
t4_dev_002540,t4_act_001567,cross_device_partial,2
t4_dev_001252,t4_act_000737,shared_household_device,3
t4_dev_003821,t4_act_002478,new_customer_onboarding,3
t4_dev_004347,t4_act_002900,network_retry_storm_hard,0
t4_dev_005653,t4_act_003905,new_customer_onboarding,3
t4_dev_001997,t4_act_001167,normal_guest_checkout,1
t4_dev_001090,t4_act_000575,network_retry_storm_hard,2
t4_dev_008929,t4_act_006632,new_customer_onboarding,4
t4_dev_008192,t4_act_005993,persistent_card_problem_hard,0
t4_dev_004074,t4_act_002684,new_customer_onboarding,3
t4_dev_005620,t4_act_003876,normal_guest_checkout,1
t4_dev_004227,t4_act_002805,cvv_and_expiry_mistakes,0
t4_dev_005382,t4_act_003673,normal_returning_customer,0
t4_dev_003572,t4_act_002275,fast_burst_v4,0
t4_dev_003642,t4_act_002334,multi_device_customer_v4,3
t4_dev_002800,t4_act_001768,normal_guest_checkout,2
t4_dev_003359,t4_act_002128,warm_up_then_attack_v4,2
t4_dev_007940,t4_act_005781,new_customer_onboarding,2
t4_dev_004022,t4_act_002639,fast_burst_v4,1
t4_dev_003653,t4_act_002340,cross_device_weak_guest,4
t4_dev_000234,t4_act_000043,cross_device_partial,0
t4_dev_004246,t4_act_002819,network_retry_storm_hard,1
t4_dev_007532,t4_act_005443,genuine_wallet_cycling,0
t4_dev_002571,t4_act_001584,session_recreation_flaky_net,2
t4_dev_003804,t4_act_002462,merchant_normal_amount_attack_v4,3
t4_dev_008151,t4_act_005955,normal_guest_checkout,1
t4_dev_006829,t4_act_004877,normal_returning_customer,0
t4_dev_003654,t4_act_002340,cross_device_weak_guest,4
t4_dev_001969,t4_act_001142,patient_tester_v4,4
t4_dev_002965,t4_act_001856,normal_returning_customer,2
t4_dev_006900,t4_act_004937,shared_household_device,4
t4_dev_000329,t4_act_000065,cross_device_partial,0
t4_dev_006729,t4_act_004809,persistent_card_problem_hard,2
t4_dev_007749,t4_act_005618,shared_household_device,3
t4_dev_004813,t4_act_003235,normal_returning_customer,4
t4_dev_005440,t4_act_003729,session_recreation_flaky_net,4
t4_dev_003920,t4_act_002560,network_retry_storm_hard,2
t4_dev_008808,t4_act_006520,network_retry_storm_hard,2
t4_dev_008518,t4_act_006258,normal_guest_checkout,3
t4_dev_004889,t4_act_003294,multi_device_customer_v4,3
t4_dev_006924,t4_act_004960,new_customer_onboarding,1
t4_dev_008749,t4_act_006466,shared_household_device,3
t4_dev_004977,t4_act_003352,warm_up_then_attack_v4,4
t4_dev_005559,t4_act_003822,normal_guest_checkout,2
t4_dev_008861,t4_act_006567,multi_device_customer_v4,2
t4_dev_001720,t4_act_000967,sparse_multiday_v4,4
t4_dev_007766,t4_act_005632,multi_device_customer_v4,3
t4_dev_001234,t4_act_000719,shared_household_device,4
t4_dev_002996,t4_act_001882,network_retry_storm_hard,1
t4_dev_002780,t4_act_001754,persistent_card_problem_hard,1
t4_dev_002466,t4_act_001510,network_retry_storm_hard,4
t4_dev_001805,t4_act_001033,normal_guest_checkout,3
t4_dev_001135,t4_act_000620,network_retry_storm_hard,1
t4_dev_005827,t4_act_004061,normal_returning_customer,1
t4_dev_006955,t4_act_004987,normal_returning_customer,3
t4_dev_006443,t4_act_004543,network_retry_storm_hard,2
t4_dev_003784,t4_act_002445,fast_burst_v4,3
t4_dev_002431,t4_act_001480,shared_household_device,1
t4_dev_006130,t4_act_004296,network_retry_storm_hard,4
t4_dev_008455,t4_act_006203,normal_guest_checkout,1
t4_dev_007893,t4_act_005742,normal_returning_customer,0
t4_dev_002541,t4_act_001567,cross_device_partial,2
t4_dev_006850,t4_act_004895,network_retry_storm_hard,2
t4_dev_007055,t4_act_005069,normal_returning_customer,2
t4_dev_005692,t4_act_003940,normal_guest_checkout,3
t4_dev_005066,t4_act_003418,genuine_wallet_cycling,2
t4_dev_004860,t4_act_003270,multi_device_customer_v4,1
t4_dev_006263,t4_act_004393,network_retry_storm_hard,1
t4_dev_007759,t4_act_005627,normal_returning_customer,3
t4_dev_001644,t4_act_000924,normal_guest_checkout,4
t4_dev_002981,t4_act_001868,persistent_card_problem_hard,4
t4_dev_003184,t4_act_001983,session_recreation_flaky_net,0
t4_dev_006564,t4_act_004655,normal_guest_checkout,4
t4_dev_007294,t4_act_005261,network_retry_storm_hard,3
t4_dev_003732,t4_act_002399,shared_household_device,0
t4_dev_001257,t4_act_000742,shared_household_device,0
t4_dev_004091,t4_act_002700,persistent_card_problem_hard,4
t4_dev_006476,t4_act_004575,normal_returning_customer,4
t4_dev_006033,t4_act_004223,normal_returning_customer,4
t4_dev_006995,t4_act_005019,multi_device_customer_v4,4
t4_dev_004349,t4_act_002902,normal_guest_checkout,4
t4_dev_004153,t4_act_002753,normal_returning_customer,4
t4_dev_003643,t4_act_002334,multi_device_customer_v4,3
t4_dev_007445,t4_act_005380,network_retry_storm_hard,0
t4_dev_005395,t4_act_003685,network_retry_storm_hard,3
t4_dev_006730,t4_act_004810,shared_household_device,0
t4_dev_007610,t4_act_005512,normal_guest_checkout,0
t4_dev_004292,t4_act_002856,multi_device_customer_v4,0
t4_dev_001306,t4_act_000791,shared_household_device,4
t4_dev_005922,t4_act_004124,persistent_card_problem_hard,2
t4_dev_003833,t4_act_002486,multi_device_customer_v4,2
t4_dev_001728,t4_act_000973,cvv_and_expiry_mistakes,3
t4_dev_005740,t4_act_003983,persistent_card_problem_hard,0
t4_dev_007355,t4_act_005302,shared_household_device,2
t4_dev_007848,t4_act_005704,cvv_and_expiry_mistakes,0
t4_dev_005599,t4_act_003857,session_recreation_flaky_net,4
t4_dev_008016,t4_act_005832,normal_returning_customer,3
t4_dev_004332,t4_act_002887,persistent_card_problem_hard,1
t4_dev_000330,t4_act_000065,cross_device_partial,0
t4_dev_006480,t4_act_004579,new_customer_onboarding,2
t4_dev_003334,t4_act_002104,network_retry_storm_hard,2
t4_dev_007066,t4_act_005075,new_customer_onboarding,2
t4_dev_005631,t4_act_003886,normal_returning_customer,1
t4_dev_005405,t4_act_003695,shared_household_device,3
t4_dev_004986,t4_act_003356,cvv_and_expiry_mistakes,1
t4_dev_007613,t4_act_005515,shared_household_device,4
t4_dev_004256,t4_act_002829,warm_up_then_attack_v4,0
t4_dev_005470,t4_act_003759,normal_returning_customer,2
t4_dev_001174,t4_act_000659,network_retry_storm_hard,1
t4_dev_002543,t4_act_001569,normal_returning_customer,1
t4_dev_001216,t4_act_000701,shared_household_device,1
t4_dev_003263,t4_act_002043,normal_guest_checkout,3
t4_dev_005285,t4_act_003592,session_recreation_flaky_net,0
t4_dev_001363,t4_act_000848,shared_household_device,1
t4_dev_006060,t4_act_004249,normal_guest_checkout,1
t4_dev_001949,t4_act_001123,normal_returning_customer,4
t4_dev_002708,t4_act_001693,shared_household_device,2
t4_dev_007894,t4_act_005743,normal_guest_checkout,3
t4_dev_002847,t4_act_001796,normal_guest_checkout,2
t4_dev_004207,t4_act_002791,multi_device_customer_v4,1
t4_dev_008482,t4_act_006229,genuine_wallet_cycling,2
t4_dev_008232,t4_act_006027,session_recreation_flaky_net,1
t4_dev_003789,t4_act_002450,shared_household_device,0
t4_dev_002892,t4_act_001813,success_camouflage_v4,2
t4_dev_005766,t4_act_004005,persistent_card_problem_hard,2
t4_dev_005671,t4_act_003922,cvv_and_expiry_mistakes,0
t4_dev_008039,t4_act_005852,multi_device_customer_v4,2
t4_dev_000249,t4_act_000047,cross_device_partial,3
t4_dev_007149,t4_act_005146,persistent_card_problem_hard,1
t4_dev_001640,t4_act_000921,network_retry_storm_hard,2
t4_dev_005008,t4_act_003375,new_customer_onboarding,0
t4_dev_000810,t4_act_000295,persistent_card_problem_hard,2
t4_dev_002076,t4_act_001222,multi_device_customer_v4,3
t4_dev_003963,t4_act_002595,genuine_wallet_cycling,0
t4_dev_007424,t4_act_005360,new_customer_onboarding,3
t4_dev_006365,t4_act_004472,session_recreation_flaky_net,1
t4_dev_007781,t4_act_005646,cvv_and_expiry_mistakes,1
t4_dev_008229,t4_act_006024,persistent_card_problem_hard,4
t4_dev_008682,t4_act_006403,normal_guest_checkout,2
t4_dev_007892,t4_act_005741,persistent_card_problem_hard,2
t4_dev_006725,t4_act_004805,new_customer_onboarding,1
t4_dev_004181,t4_act_002775,persistent_card_problem_hard,3
t4_dev_001062,t4_act_000547,network_retry_storm_hard,4
t4_dev_004063,t4_act_002675,normal_guest_checkout,1
t4_dev_005360,t4_act_003654,multi_device_customer_v4,1
t4_dev_005574,t4_act_003836,genuine_wallet_cycling,1
t4_dev_000827,t4_act_000312,persistent_card_problem_hard,2
t4_dev_002655,t4_act_001647,normal_guest_checkout,0
t4_dev_008613,t4_act_006342,session_recreation_flaky_net,0
t4_dev_003447,t4_act_002196,multi_device_customer_v4,1
t4_dev_007098,t4_act_005101,normal_guest_checkout,3
t4_dev_002675,t4_act_001665,ultra_patient_v4,2
t4_dev_006194,t4_act_004331,normal_returning_customer,0
t4_dev_002927,t4_act_001840,patient_tester_v4,2
t4_dev_004526,t4_act_003026,cross_device_partial,4
t4_dev_001387,t4_act_000872,shared_household_device,3
t4_dev_007700,t4_act_005570,persistent_card_problem_hard,2
t4_dev_005807,t4_act_004042,cvv_and_expiry_mistakes,1
t4_dev_002242,t4_act_001330,network_retry_storm_hard,3
t4_dev_000250,t4_act_000047,cross_device_partial,3
t4_dev_006679,t4_act_004763,shared_household_device,2
t4_dev_004501,t4_act_003008,new_customer_onboarding,1
t4_dev_006909,t4_act_004945,network_retry_storm_hard,1
t4_dev_005600,t4_act_003858,persistent_card_problem_hard,2
t4_dev_005970,t4_act_004168,network_retry_storm_hard,1
t4_dev_008067,t4_act_005878,shared_household_device,3
t4_dev_008779,t4_act_006493,new_customer_onboarding,4
t4_dev_004858,t4_act_003268,shared_household_device,2
t4_dev_005764,t4_act_004003,normal_guest_checkout,1
t4_dev_006864,t4_act_004908,normal_returning_customer,1
t4_dev_007146,t4_act_005144,normal_returning_customer,1
t4_dev_000891,t4_act_000376,persistent_card_problem_hard,1
t4_dev_007018,t4_act_005037,new_customer_onboarding,1
t4_dev_000207,t4_act_000037,cross_device_partial,0
t4_dev_004241,t4_act_002816,merchant_normal_amount_attack_v4,2
t4_dev_007229,t4_act_005202,cvv_and_expiry_mistakes,2
t4_dev_006771,t4_act_004843,normal_returning_customer,1
t4_dev_005250,t4_act_003561,genuine_wallet_cycling,3
t4_dev_006588,t4_act_004679,cvv_and_expiry_mistakes,4
t4_dev_004527,t4_act_003026,cross_device_partial,4
t4_dev_008970,t4_act_006672,normal_returning_customer,3
t4_dev_002050,t4_act_001204,normal_guest_checkout,2
t4_dev_005524,t4_act_003791,shared_household_device,2
t4_dev_006930,t4_act_004966,persistent_card_problem_hard,2
t4_dev_002982,t4_act_001869,cvv_and_expiry_mistakes,1
t4_dev_009006,t4_act_006702,normal_guest_checkout,4
t4_dev_004419,t4_act_002941,normal_returning_customer,2
t4_dev_004161,t4_act_002760,cvv_and_expiry_mistakes,1
t4_dev_003187,t4_act_001986,persistent_card_problem_hard,3
t4_dev_006293,t4_act_004421,normal_guest_checkout,3
t4_dev_002550,t4_act_001575,cross_device_weak_guest,4
t4_dev_006644,t4_act_004730,normal_guest_checkout,0
t4_dev_000149,t4_act_000026,cross_device_weak_guest,0
t4_dev_002551,t4_act_001575,cross_device_weak_guest,4
t4_dev_004625,t4_act_003102,normal_returning_customer,0
t4_dev_001246,t4_act_000731,shared_household_device,3
t4_dev_005478,t4_act_003766,genuine_wallet_cycling,2
t4_dev_002585,t4_act_001595,persistent_card_problem_hard,0
t4_dev_008616,t4_act_006345,persistent_card_problem_hard,3
t4_dev_008295,t4_act_006067,persistent_card_problem_hard,2
t4_dev_003331,t4_act_002102,patient_tester_v4,4
t4_dev_005606,t4_act_003863,normal_returning_customer,4
t4_dev_008139,t4_act_005944,cvv_and_expiry_mistakes,2
t4_dev_008876,t4_act_006580,shared_household_device,3
t4_dev_004558,t4_act_003046,session_churn_v4,4
t4_dev_007448,t4_act_005383,network_retry_storm_hard,2
t4_dev_005563,t4_act_003826,normal_returning_customer,3
t4_dev_007817,t4_act_005678,normal_returning_customer,4
t4_dev_001300,t4_act_000785,shared_household_device,1
t4_dev_002670,t4_act_001661,success_camouflage_v4,4
t4_dev_008577,t4_act_006307,new_customer_onboarding,3
t4_dev_005183,t4_act_003502,new_customer_onboarding,0
t4_dev_002753,t4_act_001727,shared_household_device,1
t4_dev_004970,t4_act_003346,merchant_normal_amount_attack_v4,1
t4_dev_004528,t4_act_003026,cross_device_partial,4
t4_dev_001265,t4_act_000750,shared_household_device,0
t4_dev_008810,t4_act_006522,normal_guest_checkout,0
t4_dev_000150,t4_act_000026,cross_device_weak_guest,0
t4_dev_008931,t4_act_006634,normal_guest_checkout,0
t4_dev_004575,t4_act_003060,normal_guest_checkout,0
t4_dev_006068,t4_act_004256,shared_household_device,2
t4_dev_001763,t4_act_001002,persistent_card_problem_hard,2
t4_dev_008470,t4_act_006217,normal_guest_checkout,0
t4_dev_004065,t4_act_002677,normal_guest_checkout,0
t4_dev_008115,t4_act_005924,cvv_and_expiry_mistakes,2
t4_dev_003417,t4_act_002170,normal_returning_customer,0
t4_dev_004130,t4_act_002733,multi_device_customer_v4,4
t4_dev_009030,t4_act_006725,normal_guest_checkout,0
t4_dev_002552,t4_act_001575,cross_device_weak_guest,4
t4_dev_005539,t4_act_003805,normal_returning_customer,0
t4_dev_000151,t4_act_000026,cross_device_weak_guest,0
t4_dev_006935,t4_act_004971,new_customer_onboarding,0
t4_dev_000251,t4_act_000047,cross_device_partial,3
t4_dev_004635,t4_act_003109,normal_guest_checkout,2
t4_dev_008889,t4_act_006593,normal_guest_checkout,0
t4_dev_008448,t4_act_006196,normal_guest_checkout,0
t4_dev_006626,t4_act_004713,cvv_and_expiry_mistakes,3
t4_dev_002553,t4_act_001575,cross_device_weak_guest,4
t4_dev_004861,t4_act_003270,multi_device_customer_v4,1
t4_dev_005838,t4_act_004069,network_retry_storm_hard,0
t4_dev_008877,t4_act_006581,network_retry_storm_hard,2
t4_dev_004698,t4_act_003158,new_customer_onboarding,0
t4_dev_003074,t4_act_001904,normal_guest_checkout,4
t4_dev_004847,t4_act_003260,new_customer_onboarding,1
t4_dev_007025,t4_act_005044,normal_guest_checkout,2
t4_dev_002391,t4_act_001446,cvv_and_expiry_mistakes,2
t4_dev_008181,t4_act_005982,normal_guest_checkout,4
t4_dev_007816,t4_act_005677,normal_returning_customer,0
t4_dev_006996,t4_act_005019,multi_device_customer_v4,4
t4_dev_000208,t4_act_000037,cross_device_partial,0
t4_dev_002758,t4_act_001732,cvv_and_expiry_mistakes,0
t4_dev_004293,t4_act_002856,multi_device_customer_v4,0
t4_dev_007835,t4_act_005694,network_retry_storm_hard,4
t4_dev_000152,t4_act_000026,cross_device_weak_guest,0
t4_dev_001160,t4_act_000645,network_retry_storm_hard,1
t4_dev_002175,t4_act_001281,shared_household_device,1
t4_dev_002587,t4_act_001597,normal_guest_checkout,1
t4_dev_007185,t4_act_005180,persistent_card_problem_hard,2
t4_dev_005527,t4_act_003794,normal_returning_customer,3
t4_dev_008459,t4_act_006207,normal_guest_checkout,0
t4_dev_006488,t4_act_004585,session_recreation_flaky_net,4
t4_dev_006767,t4_act_004839,genuine_wallet_cycling,4
t4_dev_003636,t4_act_002329,normal_returning_customer,2
t4_dev_003755,t4_act_002416,persistent_card_problem_hard,3
t4_dev_002741,t4_act_001715,persistent_card_problem_hard,3
t4_dev_004882,t4_act_003289,success_camouflage_v4,3
t4_dev_002219,t4_act_001314,sparse_multiday_v4,4
t4_dev_007083,t4_act_005089,normal_guest_checkout,4
t4_dev_008559,t4_act_006291,normal_guest_checkout,4
t4_dev_001873,t4_act_001068,normal_guest_checkout,0
t4_dev_004992,t4_act_003361,genuine_wallet_cycling,2
t4_dev_004172,t4_act_002770,shared_household_device,0
t4_dev_006435,t4_act_004536,session_recreation_flaky_net,0
t4_dev_003005,t4_act_001888,shared_household_device,4
t4_dev_006491,t4_act_004588,session_recreation_flaky_net,1
t4_dev_007028,t4_act_005046,genuine_wallet_cycling,3
t4_dev_002640,t4_act_001634,normal_returning_customer,4
t4_dev_005976,t4_act_004174,normal_guest_checkout,4
t4_dev_002961,t4_act_001852,shared_household_device,3
t4_dev_002524,t4_act_001557,fast_burst_v4,1
t4_dev_007728,t4_act_005598,persistent_card_problem_hard,3
t4_dev_007901,t4_act_005749,multi_device_customer_v4,0
t4_dev_004052,t4_act_002665,normal_guest_checkout,1
t4_dev_004041,t4_act_002655,shared_household_device,3
t4_dev_007082,t4_act_005088,cvv_and_expiry_mistakes,2
t4_dev_007882,t4_act_005732,persistent_card_problem_hard,3
t4_dev_000975,t4_act_000460,persistent_card_problem_hard,1
t4_dev_008430,t4_act_006178,shared_household_device,2
t4_dev_006604,t4_act_004693,cvv_and_expiry_mistakes,2
t4_dev_006245,t4_act_004378,persistent_card_problem_hard,3
t4_dev_005568,t4_act_003830,normal_returning_customer,0
t4_dev_000209,t4_act_000037,cross_device_partial,0
t4_dev_002713,t4_act_001698,persistent_card_problem_hard,4
t4_dev_001185,t4_act_000670,network_retry_storm_hard,1
t4_dev_004862,t4_act_003270,multi_device_customer_v4,1
t4_dev_003912,t4_act_002553,burst_pause_burst_v4,0
t4_dev_006248,t4_act_004381,normal_returning_customer,4
t4_dev_006856,t4_act_004901,persistent_card_problem_hard,1
t4_dev_004335,t4_act_002890,persistent_card_problem_hard,2
t4_dev_005571,t4_act_003833,session_recreation_flaky_net,4
t4_dev_005977,t4_act_004175,network_retry_storm_hard,3
t4_dev_001930,t4_act_001111,ultra_patient_v4,0
t4_dev_007690,t4_act_005560,network_retry_storm_hard,1
t4_dev_006101,t4_act_004269,normal_returning_customer,3
t4_dev_004650,t4_act_003122,persistent_card_problem_hard,4
t4_dev_003999,t4_act_002621,network_retry_storm_hard,1
t4_dev_000252,t4_act_000047,cross_device_partial,3
t4_dev_006092,t4_act_004261,new_customer_onboarding,0
t4_dev_001853,t4_act_001055,network_retry_storm_hard,0
t4_dev_008200,t4_act_006000,persistent_card_problem_hard,4
t4_dev_006116,t4_act_004282,shared_household_device,4
t4_dev_006042,t4_act_004232,normal_returning_customer,2
t4_dev_004134,t4_act_002735,shared_household_device,3
t4_dev_008920,t4_act_006624,persistent_card_problem_hard,0
t4_dev_002289,t4_act_001370,multi_device_customer_v4,1
t4_dev_004974,t4_act_003349,new_customer_onboarding,0
t4_dev_006004,t4_act_004199,genuine_wallet_cycling,0
t4_dev_003371,t4_act_002138,cvv_and_expiry_mistakes,2
t4_dev_007955,t4_act_005794,normal_returning_customer,4
t4_dev_007370,t4_act_005312,multi_device_customer_v4,0
t4_dev_002610,t4_act_001614,network_retry_storm_hard,3
t4_dev_002142,t4_act_001258,normal_guest_checkout,0
t4_dev_008731,t4_act_006449,normal_guest_checkout,4
t4_dev_004319,t4_act_002879,shared_household_device,4
t4_dev_003536,t4_act_002253,multi_device_customer_v4,3
t4_dev_003594,t4_act_002295,shared_household_device,2
t4_dev_003829,t4_act_002484,mixed_campaign_v4,4
t4_dev_006750,t4_act_004827,multi_device_customer_v4,1
t4_dev_003351,t4_act_002120,new_customer_onboarding,2
t4_dev_007377,t4_act_005319,normal_returning_customer,3
t4_dev_005802,t4_act_004037,persistent_card_problem_hard,3
t4_dev_007972,t4_act_005808,cvv_and_expiry_mistakes,4
t4_dev_008381,t4_act_006138,persistent_card_problem_hard,2
t4_dev_008218,t4_act_006014,genuine_wallet_cycling,0
t4_dev_002239,t4_act_001327,cvv_and_expiry_mistakes,0
t4_dev_003830,t4_act_002484,mixed_campaign_v4,4
t4_dev_008788,t4_act_006501,cvv_and_expiry_mistakes,0
t4_dev_007620,t4_act_005520,genuine_wallet_cycling,4
t4_dev_005699,t4_act_003946,new_customer_onboarding,2
t4_dev_002080,t4_act_001225,genuine_wallet_cycling,0
t4_dev_000235,t4_act_000044,cross_device_partial,1
t4_dev_004150,t4_act_002751,fast_burst_v4,4
t4_dev_004713,t4_act_003167,burst_pause_burst_v4,3
t4_dev_003588,t4_act_002289,cvv_and_expiry_mistakes,0
t4_dev_006665,t4_act_004749,shared_household_device,1
t4_dev_005140,t4_act_003478,normal_returning_customer,2
t4_dev_003767,t4_act_002428,normal_guest_checkout,2
t4_dev_001111,t4_act_000596,network_retry_storm_hard,3
t4_dev_001786,t4_act_001016,cross_device_partial,3
t4_dev_004997,t4_act_003365,normal_guest_checkout,1
t4_dev_002830,t4_act_001784,fast_burst_v4,4
t4_dev_007596,t4_act_005501,session_recreation_flaky_net,4
t4_dev_005847,t4_act_004076,persistent_card_problem_hard,2
t4_dev_004025,t4_act_002642,burst_pause_burst_v4,3
t4_dev_004514,t4_act_003017,cvv_and_expiry_mistakes,0
t4_dev_004734,t4_act_003180,genuine_wallet_cycling,0
t4_dev_004746,t4_act_003192,persistent_card_problem_hard,1
t4_dev_003260,t4_act_002040,new_customer_onboarding,1
t4_dev_005475,t4_act_003764,normal_returning_customer,3
t4_dev_000210,t4_act_000037,cross_device_partial,0
t4_dev_003783,t4_act_002444,normal_guest_checkout,2
t4_dev_001810,t4_act_001037,shared_household_device,2
t4_dev_003831,t4_act_002484,mixed_campaign_v4,4
t4_dev_005018,t4_act_003385,cross_device_partial,2
t4_dev_000236,t4_act_000044,cross_device_partial,1
t4_dev_006653,t4_act_004739,normal_guest_checkout,4
t4_dev_003611,t4_act_002311,genuine_wallet_cycling,2
t4_dev_006252,t4_act_004384,shared_household_device,2
t4_dev_008155,t4_act_005959,session_recreation_flaky_net,2
t4_dev_008469,t4_act_006216,genuine_wallet_cycling,0
t4_dev_000211,t4_act_000037,cross_device_partial,0
t4_dev_003577,t4_act_002280,normal_guest_checkout,4
t4_dev_005895,t4_act_004102,new_customer_onboarding,1
t4_dev_004655,t4_act_003126,cvv_and_expiry_mistakes,3
t4_dev_006712,t4_act_004792,genuine_wallet_cycling,4
t4_dev_006844,t4_act_004890,multi_device_customer_v4,0
t4_dev_008921,t4_act_006625,network_retry_storm_hard,0
t4_dev_007663,t4_act_005542,normal_returning_customer,2
t4_dev_007787,t4_act_005652,normal_returning_customer,2
t4_dev_008207,t4_act_006005,network_retry_storm_hard,4
t4_dev_009017,t4_act_006713,network_retry_storm_hard,3
t4_dev_006463,t4_act_004562,cvv_and_expiry_mistakes,4
t4_dev_005722,t4_act_003968,normal_returning_customer,4
t4_dev_004285,t4_act_002850,burst_pause_burst_v4,3
t4_dev_007144,t4_act_005142,session_recreation_flaky_net,4
t4_dev_007150,t4_act_005147,network_retry_storm_hard,2
t4_dev_004118,t4_act_002725,cvv_and_expiry_mistakes,3
t4_dev_001909,t4_act_001096,network_retry_storm_hard,4
t4_dev_006755,t4_act_004830,normal_guest_checkout,3
t4_dev_003180,t4_act_001979,network_retry_storm_hard,0
t4_dev_006752,t4_act_004828,network_retry_storm_hard,1
t4_dev_001787,t4_act_001016,cross_device_partial,3
t4_dev_001037,t4_act_000522,network_retry_storm_hard,2
t4_dev_005010,t4_act_003377,warm_up_then_attack_v4,2
t4_dev_006939,t4_act_004975,network_retry_storm_hard,4
t4_dev_000302,t4_act_000059,cross_device_partial,4
t4_dev_008812,t4_act_006524,normal_returning_customer,2
t4_dev_003931,t4_act_002570,warm_up_then_attack_v4,3
t4_dev_007156,t4_act_005153,normal_guest_checkout,1
t4_dev_008684,t4_act_006405,normal_guest_checkout,1
t4_dev_002299,t4_act_001377,warm_up_then_attack_v4,3
t4_dev_004251,t4_act_002824,new_customer_onboarding,3
t4_dev_008095,t4_act_005904,persistent_card_problem_hard,0
t4_dev_005933,t4_act_004135,network_retry_storm_hard,3
t4_dev_007109,t4_act_005112,shared_household_device,1
t4_dev_007040,t4_act_005056,normal_guest_checkout,3
t4_dev_003436,t4_act_002187,normal_returning_customer,3
t4_dev_005361,t4_act_003654,multi_device_customer_v4,1
t4_dev_005019,t4_act_003385,cross_device_partial,2
t4_dev_002024,t4_act_001187,cvv_and_expiry_mistakes,1
t4_dev_007443,t4_act_005378,genuine_wallet_cycling,2
t4_dev_003800,t4_act_002459,patient_tester_v4,4
t4_dev_003094,t4_act_001919,normal_guest_checkout,2
t4_dev_000237,t4_act_000044,cross_device_partial,1
t4_dev_002735,t4_act_001710,cvv_and_expiry_mistakes,4
t4_dev_006023,t4_act_004217,session_recreation_flaky_net,0
t4_dev_002352,t4_act_001412,cvv_and_expiry_mistakes,0
t4_dev_005227,t4_act_003542,shared_household_device,0
t4_dev_004553,t4_act_003042,session_churn_v4,3
t4_dev_005296,t4_act_003599,normal_guest_checkout,1
t4_dev_006543,t4_act_004636,normal_guest_checkout,2
t4_dev_002304,t4_act_001381,multi_device_customer_v4,4
t4_dev_007218,t4_act_005193,multi_device_customer_v4,0
t4_dev_007100,t4_act_005103,normal_guest_checkout,0
t4_dev_004044,t4_act_002658,new_customer_onboarding,2
t4_dev_006535,t4_act_004628,normal_returning_customer,3
t4_dev_005132,t4_act_003471,burst_pause_burst_v4,2
t4_dev_007142,t4_act_005140,normal_guest_checkout,1
t4_dev_008567,t4_act_006298,genuine_wallet_cycling,3
t4_dev_001105,t4_act_000590,network_retry_storm_hard,3
t4_dev_008040,t4_act_005852,multi_device_customer_v4,2
t4_dev_006925,t4_act_004961,session_recreation_flaky_net,3
t4_dev_007073,t4_act_005081,normal_guest_checkout,4
t4_dev_002516,t4_act_001550,persistent_card_problem_hard,1
t4_dev_001788,t4_act_001016,cross_device_partial,3
t4_dev_000303,t4_act_000059,cross_device_partial,4
t4_dev_001082,t4_act_000567,network_retry_storm_hard,2
t4_dev_005785,t4_act_004020,shared_household_device,2
t4_dev_004094,t4_act_002703,new_customer_onboarding,0
t4_dev_007104,t4_act_005107,cvv_and_expiry_mistakes,2
t4_dev_004880,t4_act_003287,persistent_card_problem_hard,3
t4_dev_006970,t4_act_004999,persistent_card_problem_hard,3
t4_dev_000998,t4_act_000483,network_retry_storm_hard,1
t4_dev_008474,t4_act_006221,normal_guest_checkout,4
t4_dev_004844,t4_act_003257,normal_guest_checkout,4
t4_dev_008695,t4_act_006415,new_customer_onboarding,4
t4_dev_007566,t4_act_005474,persistent_card_problem_hard,3
t4_dev_000825,t4_act_000310,persistent_card_problem_hard,4
t4_dev_001273,t4_act_000758,shared_household_device,1
t4_dev_001624,t4_act_000908,merchant_normal_amount_attack_v4,0
t4_dev_006743,t4_act_004821,network_retry_storm_hard,1
t4_dev_003638,t4_act_002331,network_retry_storm_hard,2
t4_dev_003834,t4_act_002486,multi_device_customer_v4,2
t4_dev_005342,t4_act_003641,cvv_and_expiry_mistakes,0
t4_dev_000945,t4_act_000430,persistent_card_problem_hard,1
t4_dev_006292,t4_act_004420,persistent_card_problem_hard,2
t4_dev_005287,t4_act_003594,cross_device_partial,1
t4_dev_000238,t4_act_000044,cross_device_partial,1
t4_dev_002765,t4_act_001739,normal_guest_checkout,1
t4_dev_001623,t4_act_000907,normal_returning_customer,0
t4_dev_005020,t4_act_003385,cross_device_partial,2
t4_dev_007709,t4_act_005579,genuine_wallet_cycling,3
t4_dev_007646,t4_act_005527,persistent_card_problem_hard,1
t4_dev_007515,t4_act_005428,new_customer_onboarding,1
t4_dev_002456,t4_act_001502,network_retry_storm_hard,4
t4_dev_006704,t4_act_004785,network_retry_storm_hard,4
t4_dev_003854,t4_act_002502,fast_burst_v4,2
t4_dev_002731,t4_act_001706,network_retry_storm_hard,2
t4_dev_007834,t4_act_005693,session_recreation_flaky_net,0
t4_dev_008869,t4_act_006574,shared_household_device,0
t4_dev_006593,t4_act_004682,shared_household_device,0
t4_dev_002632,t4_act_001628,fast_burst_v4,3
t4_dev_006728,t4_act_004808,genuine_wallet_cycling,2
t4_dev_000304,t4_act_000059,cross_device_partial,4
t4_dev_006001,t4_act_004196,new_customer_onboarding,0
t4_dev_007094,t4_act_005097,normal_guest_checkout,4
t4_dev_008748,t4_act_006465,normal_guest_checkout,3
t4_dev_005021,t4_act_003385,cross_device_partial,2
t4_dev_003285,t4_act_002060,normal_returning_customer,0
t4_dev_008694,t4_act_006414,network_retry_storm_hard,2
t4_dev_008917,t4_act_006621,cvv_and_expiry_mistakes,2
t4_dev_005530,t4_act_003797,persistent_card_problem_hard,3
t4_dev_008088,t4_act_005897,normal_guest_checkout,3
t4_dev_004110,t4_act_002717,shared_household_device,2
t4_dev_005022,t4_act_003385,cross_device_partial,2
t4_dev_006751,t4_act_004827,multi_device_customer_v4,1
t4_dev_008608,t4_act_006337,normal_guest_checkout,0
t4_dev_008481,t4_act_006228,normal_guest_checkout,2
t4_dev_007936,t4_act_005777,cvv_and_expiry_mistakes,1
t4_dev_001158,t4_act_000643,network_retry_storm_hard,3
t4_dev_005288,t4_act_003594,cross_device_partial,1
t4_dev_008789,t4_act_006502,new_customer_onboarding,3
t4_dev_006386,t4_act_004492,network_retry_storm_hard,2
t4_dev_008658,t4_act_006380,normal_returning_customer,0
t4_dev_001631,t4_act_000913,warm_up_then_attack_v4,2
t4_dev_005968,t4_act_004166,genuine_wallet_cycling,3
t4_dev_005826,t4_act_004060,genuine_wallet_cycling,1
t4_dev_008164,t4_act_005966,persistent_card_problem_hard,0
t4_dev_001939,t4_act_001115,network_retry_storm_hard,2
t4_dev_003727,t4_act_002395,normal_returning_customer,0
t4_dev_005319,t4_act_003619,burst_pause_burst_v4,0
t4_dev_001139,t4_act_000624,network_retry_storm_hard,4
t4_dev_006294,t4_act_004422,network_retry_storm_hard,4
t4_dev_002935,t4_act_001847,new_customer_onboarding,3
t4_dev_006709,t4_act_004790,normal_returning_customer,0
t4_dev_006290,t4_act_004418,persistent_card_problem_hard,2
t4_dev_001097,t4_act_000582,network_retry_storm_hard,1
t4_dev_003288,t4_act_002063,normal_guest_checkout,1
t4_dev_007030,t4_act_005048,network_retry_storm_hard,2
t4_dev_007219,t4_act_005193,multi_device_customer_v4,0
t4_dev_006302,t4_act_004430,new_customer_onboarding,3
t4_dev_002074,t4_act_001221,genuine_wallet_cycling,1
t4_dev_000239,t4_act_000044,cross_device_partial,1
t4_dev_005289,t4_act_003594,cross_device_partial,1
t4_dev_007706,t4_act_005576,normal_guest_checkout,1
t4_dev_005290,t4_act_003594,cross_device_partial,1
t4_dev_005974,t4_act_004172,cvv_and_expiry_mistakes,2
t4_dev_007264,t4_act_005234,normal_returning_customer,4
t4_dev_008870,t4_act_006575,normal_returning_customer,4
t4_dev_003634,t4_act_002327,sparse_multiday_v4,3
t4_dev_004014,t4_act_002633,success_camouflage_v4,2
t4_dev_001232,t4_act_000717,shared_household_device,3
t4_dev_001218,t4_act_000703,shared_household_device,4
t4_dev_006495,t4_act_004592,normal_returning_customer,2
t4_dev_008822,t4_act_006533,persistent_card_problem_hard,4
t4_dev_004164,t4_act_002763,merchant_normal_amount_attack_v4,2
t4_dev_008375,t4_act_006134,normal_guest_checkout,1
t4_dev_008967,t4_act_006669,normal_guest_checkout,3
t4_dev_003782,t4_act_002443,cvv_and_expiry_mistakes,1
t4_dev_004294,t4_act_002856,multi_device_customer_v4,0
t4_dev_005046,t4_act_003405,patient_tester_v4,0
t4_dev_008505,t4_act_006247,normal_guest_checkout,4
t4_dev_004991,t4_act_003360,shared_household_device,4
t4_dev_006868,t4_act_004911,normal_guest_checkout,0
t4_dev_003455,t4_act_002204,normal_guest_checkout,2
t4_dev_004350,t4_act_002903,patient_tester_v4,0
t4_dev_000399,t4_act_000080,distributed_bot_campaign,3
t4_dev_000400,t4_act_000080,distributed_bot_campaign,3
t4_dev_000401,t4_act_000080,distributed_bot_campaign,3
t4_dev_000402,t4_act_000080,distributed_bot_campaign,3
t4_dev_000403,t4_act_000080,distributed_bot_campaign,3
t4_dev_002036,t4_act_001197,merchant_normal_amount_attack_v4,1
t4_dev_000404,t4_act_000080,distributed_bot_campaign,3
t4_dev_000405,t4_act_000080,distributed_bot_campaign,3
t4_dev_000406,t4_act_000080,distributed_bot_campaign,3
t4_dev_000407,t4_act_000080,distributed_bot_campaign,3
t4_dev_000408,t4_act_000080,distributed_bot_campaign,3
t4_dev_000409,t4_act_000080,distributed_bot_campaign,3
t4_dev_000410,t4_act_000080,distributed_bot_campaign,3
t4_dev_000411,t4_act_000080,distributed_bot_campaign,3
t4_dev_000412,t4_act_000080,distributed_bot_campaign,3
t4_dev_000413,t4_act_000080,distributed_bot_campaign,3
t4_dev_000414,t4_act_000080,distributed_bot_campaign,3
t4_dev_000415,t4_act_000080,distributed_bot_campaign,3
t4_dev_000416,t4_act_000080,distributed_bot_campaign,3
t4_dev_000417,t4_act_000080,distributed_bot_campaign,3
t4_dev_000418,t4_act_000080,distributed_bot_campaign,3
t4_dev_000419,t4_act_000080,distributed_bot_campaign,3
t4_dev_000420,t4_act_000080,distributed_bot_campaign,3
t4_dev_000421,t4_act_000080,distributed_bot_campaign,3
t4_dev_000422,t4_act_000080,distributed_bot_campaign,3
t4_dev_000423,t4_act_000080,distributed_bot_campaign,3
t4_dev_000424,t4_act_000080,distributed_bot_campaign,3
t4_dev_000425,t4_act_000080,distributed_bot_campaign,3
t4_dev_000426,t4_act_000080,distributed_bot_campaign,3
t4_dev_000427,t4_act_000080,distributed_bot_campaign,3
t4_dev_000428,t4_act_000080,distributed_bot_campaign,3
t4_dev_000429,t4_act_000080,distributed_bot_campaign,3
t4_dev_000430,t4_act_000080,distributed_bot_campaign,3
t4_dev_000431,t4_act_000080,distributed_bot_campaign,3
t4_dev_000432,t4_act_000080,distributed_bot_campaign,3
t4_dev_000433,t4_act_000080,distributed_bot_campaign,3
t4_dev_000434,t4_act_000080,distributed_bot_campaign,3
t4_dev_000435,t4_act_000080,distributed_bot_campaign,3
t4_dev_000436,t4_act_000080,distributed_bot_campaign,3
t4_dev_000437,t4_act_000080,distributed_bot_campaign,3
t4_dev_000438,t4_act_000080,distributed_bot_campaign,3
t4_dev_000439,t4_act_000080,distributed_bot_campaign,3
t4_dev_000440,t4_act_000080,distributed_bot_campaign,3
t4_dev_000441,t4_act_000080,distributed_bot_campaign,3
t4_dev_000442,t4_act_000080,distributed_bot_campaign,3
t4_dev_000443,t4_act_000080,distributed_bot_campaign,3
t4_dev_000444,t4_act_000080,distributed_bot_campaign,3
t4_dev_000445,t4_act_000080,distributed_bot_campaign,3
t4_dev_000446,t4_act_000080,distributed_bot_campaign,3
t4_dev_000447,t4_act_000080,distributed_bot_campaign,3
t4_dev_000448,t4_act_000080,distributed_bot_campaign,3
t4_dev_002271,t4_act_001354,persistent_card_problem_hard,1
t4_dev_008570,t4_act_006301,network_retry_storm_hard,1
t4_dev_007868,t4_act_005720,new_customer_onboarding,3
t4_dev_004893,t4_act_003298,multi_device_customer_v4,3
t4_dev_002661,t4_act_001653,genuine_wallet_cycling,1
t4_dev_006692,t4_act_004774,normal_returning_customer,1
t4_dev_002305,t4_act_001381,multi_device_customer_v4,4
t4_dev_003842,t4_act_002492,fast_burst_v4,0
t4_dev_006370,t4_act_004476,new_customer_onboarding,0
t4_dev_007505,t4_act_005419,network_retry_storm_hard,4
t4_dev_007132,t4_act_005130,normal_guest_checkout,4
t4_dev_002114,t4_act_001243,normal_guest_checkout,2
t4_dev_000874,t4_act_000359,persistent_card_problem_hard,1
t4_dev_004524,t4_act_003024,new_customer_onboarding,4
t4_dev_008317,t4_act_006087,normal_guest_checkout,0
t4_dev_004340,t4_act_002893,burst_pause_burst_v4,4
t4_dev_006666,t4_act_004750,genuine_wallet_cycling,2
t4_dev_000987,t4_act_000472,persistent_card_problem_hard,2
t4_dev_008064,t4_act_005875,normal_guest_checkout,0
t4_dev_003595,t4_act_002296,burst_pause_burst_v4,4
t4_dev_006191,t4_act_004328,normal_returning_customer,3
t4_dev_005136,t4_act_003474,normal_guest_checkout,4
t4_dev_003210,t4_act_002001,network_retry_storm_hard,1
t4_dev_001079,t4_act_000564,network_retry_storm_hard,0
t4_dev_008596,t4_act_006326,cvv_and_expiry_mistakes,4
t4_dev_004131,t4_act_002733,multi_device_customer_v4,4
t4_dev_002414,t4_act_001465,ultra_patient_v4,2
t4_dev_001764,t4_act_001003,patient_tester_v4,3
t4_dev_008397,t4_act_006151,cvv_and_expiry_mistakes,0
t4_dev_000849,t4_act_000334,persistent_card_problem_hard,4
t4_dev_003967,t4_act_002598,network_retry_storm_hard,0
t4_dev_006345,t4_act_004453,new_customer_onboarding,2
t4_dev_004095,t4_act_002704,fast_burst_v4,1
t4_dev_008804,t4_act_006516,persistent_card_problem_hard,3
t4_dev_007085,t4_act_005091,normal_returning_customer,1
t4_dev_009065,t4_act_006740,network_retry_storm_hard,1
t4_dev_002605,t4_act_001610,normal_guest_checkout,1
t4_dev_003984,t4_act_002614,normal_guest_checkout,3
t4_dev_006219,t4_act_004354,cvv_and_expiry_mistakes,1
t4_dev_002290,t4_act_001370,multi_device_customer_v4,1
t4_dev_003743,t4_act_002407,normal_guest_checkout,0
t4_dev_007696,t4_act_005566,normal_guest_checkout,4
t4_dev_004314,t4_act_002874,new_customer_onboarding,1
t4_dev_008704,t4_act_006424,normal_guest_checkout,0
t4_dev_002793,t4_act_001766,normal_returning_customer,0
t4_dev_004612,t4_act_003092,normal_guest_checkout,0
t4_dev_002484,t4_act_001527,new_customer_onboarding,1
t4_dev_006295,t4_act_004423,normal_guest_checkout,1
t4_dev_006685,t4_act_004769,shared_household_device,4
t4_dev_007902,t4_act_005749,multi_device_customer_v4,0
t4_dev_008787,t4_act_006500,genuine_wallet_cycling,2
t4_dev_006885,t4_act_004925,cvv_and_expiry_mistakes,2
t4_dev_001629,t4_act_000911,network_retry_storm_hard,4
t4_dev_004075,t4_act_002685,normal_guest_checkout,4
t4_dev_006040,t4_act_004230,new_customer_onboarding,2
t4_dev_003319,t4_act_002090,sparse_multiday_v4,0
t4_dev_001333,t4_act_000818,shared_household_device,3
t4_dev_008972,t4_act_006673,shared_household_device,0
t4_dev_008310,t4_act_006080,normal_returning_customer,2
t4_dev_000934,t4_act_000419,persistent_card_problem_hard,0
t4_dev_006196,t4_act_004333,normal_returning_customer,4
t4_dev_005771,t4_act_004009,normal_guest_checkout,0
t4_dev_001002,t4_act_000487,network_retry_storm_hard,3
t4_dev_006234,t4_act_004367,session_recreation_flaky_net,2
t4_dev_004859,t4_act_003269,new_customer_onboarding,0
t4_dev_006120,t4_act_004286,new_customer_onboarding,0
t4_dev_001604,t4_act_000893,multi_device_customer_v4,2
t4_dev_003924,t4_act_002564,normal_guest_checkout,3
t4_dev_003330,t4_act_002101,new_customer_onboarding,0
t4_dev_007758,t4_act_005626,genuine_wallet_cycling,0
t4_dev_005139,t4_act_003477,genuine_wallet_cycling,4
t4_dev_002497,t4_act_001537,normal_guest_checkout,2
t4_dev_001212,t4_act_000697,shared_household_device,2
t4_dev_004894,t4_act_003298,multi_device_customer_v4,3
t4_dev_007216,t4_act_005191,cvv_and_expiry_mistakes,4
t4_dev_004144,t4_act_002745,normal_returning_customer,4
t4_dev_005243,t4_act_003555,network_retry_storm_hard,3
t4_dev_001017,t4_act_000502,network_retry_storm_hard,2
t4_dev_003095,t4_act_001920,merchant_normal_amount_attack_v4,3
t4_dev_001900,t4_act_001088,normal_guest_checkout,3
t4_dev_007922,t4_act_005766,normal_returning_customer,0
t4_dev_001735,t4_act_000979,new_customer_onboarding,1
t4_dev_004587,t4_act_003071,persistent_card_problem_hard,1
t4_dev_001033,t4_act_000518,network_retry_storm_hard,3
t4_dev_005005,t4_act_003372,session_churn_v4,1
t4_dev_004322,t4_act_002882,network_retry_storm_hard,4
t4_dev_008603,t4_act_006332,session_recreation_flaky_net,2
t4_dev_008357,t4_act_006118,new_customer_onboarding,2
t4_dev_005644,t4_act_003896,persistent_card_problem_hard,4
t4_dev_007222,t4_act_005196,normal_returning_customer,4
t4_dev_003649,t4_act_002339,persistent_card_problem_hard,2
t4_dev_001045,t4_act_000530,network_retry_storm_hard,1
t4_dev_004228,t4_act_002806,normal_returning_customer,2
t4_dev_004942,t4_act_003319,normal_guest_checkout,2
t4_dev_002046,t4_act_001203,mixed_campaign_v4,2
t4_dev_007718,t4_act_005588,new_customer_onboarding,4
t4_dev_007347,t4_act_005294,network_retry_storm_hard,2
t4_dev_000922,t4_act_000407,persistent_card_problem_hard,1
t4_dev_008852,t4_act_006559,persistent_card_problem_hard,2
t4_dev_006768,t4_act_004840,persistent_card_problem_hard,4
t4_dev_004237,t4_act_002813,sparse_multiday_v4,1
t4_dev_003939,t4_act_002577,persistent_card_problem_hard,1
t4_dev_008768,t4_act_006482,genuine_wallet_cycling,0
t4_dev_008230,t4_act_006025,normal_guest_checkout,4
t4_dev_006670,t4_act_004754,network_retry_storm_hard,0
t4_dev_003537,t4_act_002253,multi_device_customer_v4,3
t4_dev_002047,t4_act_001203,mixed_campaign_v4,2
t4_dev_003794,t4_act_002455,patient_tester_v4,0
t4_dev_003992,t4_act_002620,cross_device_weak_guest,3
t4_dev_001605,t4_act_000893,multi_device_customer_v4,2
t4_dev_004966,t4_act_003342,normal_guest_checkout,4
t4_dev_008365,t4_act_006126,normal_returning_customer,2
t4_dev_003993,t4_act_002620,cross_device_weak_guest,3
t4_dev_002099,t4_act_001237,cross_device_weak_guest,2
t4_dev_002119,t4_act_001247,session_recreation_flaky_net,1
t4_dev_004055,t4_act_002667,cvv_and_expiry_mistakes,2
t4_dev_004762,t4_act_003203,multi_device_customer_v4,1
t4_dev_003994,t4_act_002620,cross_device_weak_guest,3
t4_dev_005821,t4_act_004056,session_recreation_flaky_net,3
t4_dev_003329,t4_act_002100,sparse_multiday_v4,3
t4_dev_002457,t4_act_001503,burst_pause_burst_v4,3
t4_dev_002048,t4_act_001203,mixed_campaign_v4,2
t4_dev_000867,t4_act_000352,persistent_card_problem_hard,2
t4_dev_003146,t4_act_001949,normal_returning_customer,0
t4_dev_002373,t4_act_001431,patient_tester_v4,2
t4_dev_003995,t4_act_002620,cross_device_weak_guest,3
t4_dev_001163,t4_act_000648,network_retry_storm_hard,4
t4_dev_008438,t4_act_006186,normal_guest_checkout,0
t4_dev_002306,t4_act_001381,multi_device_customer_v4,4
t4_dev_002491,t4_act_001532,session_churn_v4,4
t4_dev_004395,t4_act_002921,normal_guest_checkout,0
t4_dev_007570,t4_act_005478,new_customer_onboarding,2
t4_dev_003724,t4_act_002394,multi_device_customer_v4,2
t4_dev_002049,t4_act_001203,mixed_campaign_v4,2
t4_dev_005822,t4_act_004057,normal_returning_customer,1
t4_dev_008867,t4_act_006572,new_customer_onboarding,2
t4_dev_002282,t4_act_001363,network_retry_storm_hard,1
t4_dev_005281,t4_act_003589,network_retry_storm_hard,2
t4_dev_000872,t4_act_000357,persistent_card_problem_hard,3
t4_dev_002100,t4_act_001237,cross_device_weak_guest,2
t4_dev_002842,t4_act_001791,cvv_and_expiry_mistakes,0
t4_dev_008173,t4_act_005974,normal_guest_checkout,3
t4_dev_004211,t4_act_002795,cvv_and_expiry_mistakes,1
t4_dev_001084,t4_act_000569,network_retry_storm_hard,1
t4_dev_001626,t4_act_000909,multi_device_customer_v4,3
t4_dev_003303,t4_act_002075,normal_guest_checkout,3
t4_dev_001606,t4_act_000893,multi_device_customer_v4,2
t4_dev_004449,t4_act_002963,burst_pause_burst_v4,3
t4_dev_002101,t4_act_001237,cross_device_weak_guest,2
t4_dev_005636,t4_act_003890,genuine_wallet_cycling,1
t4_dev_003996,t4_act_002620,cross_device_weak_guest,3
t4_dev_002487,t4_act_001529,network_retry_storm_hard,3
t4_dev_005909,t4_act_004113,cvv_and_expiry_mistakes,0
t4_dev_005691,t4_act_003939,network_retry_storm_hard,4
t4_dev_007542,t4_act_005452,normal_returning_customer,0
t4_dev_002051,t4_act_001205,normal_guest_checkout,3
t4_dev_007501,t4_act_005415,normal_guest_checkout,1
t4_dev_005704,t4_act_003950,normal_guest_checkout,4
t4_dev_002310,t4_act_001384,persistent_card_problem_hard,2
t4_dev_005080,t4_act_003429,network_retry_storm_hard,4
t4_dev_000122,t4_act_000021,cross_device_weak_guest,4
t4_dev_006526,t4_act_004620,network_retry_storm_hard,4
t4_dev_003943,t4_act_002581,cvv_and_expiry_mistakes,1
t4_dev_001178,t4_act_000663,network_retry_storm_hard,1
t4_dev_004670,t4_act_003140,genuine_wallet_cycling,4
t4_dev_003987,t4_act_002616,session_recreation_flaky_net,2
t4_dev_007064,t4_act_005074,normal_returning_customer,4
t4_dev_000123,t4_act_000021,cross_device_weak_guest,4
t4_dev_002546,t4_act_001572,success_camouflage_v4,4
t4_dev_000895,t4_act_000380,persistent_card_problem_hard,0
t4_dev_003733,t4_act_002400,normal_returning_customer,0
t4_dev_002102,t4_act_001237,cross_device_weak_guest,2
t4_dev_004429,t4_act_002949,normal_guest_checkout,0
t4_dev_008034,t4_act_005847,normal_guest_checkout,2
t4_dev_005000,t4_act_003368,cvv_and_expiry_mistakes,2
t4_dev_003997,t4_act_002620,cross_device_weak_guest,3
t4_dev_002023,t4_act_001186,genuine_wallet_cycling,1
t4_dev_006845,t4_act_004890,multi_device_customer_v4,0
t4_dev_007088,t4_act_005093,normal_returning_customer,1
t4_dev_002694,t4_act_001681,normal_guest_checkout,2
t4_dev_003735,t4_act_002401,genuine_wallet_cycling,0
t4_dev_007437,t4_act_005372,network_retry_storm_hard,0
t4_dev_008226,t4_act_006021,normal_guest_checkout,2
t4_dev_004306,t4_act_002867,persistent_card_problem_hard,2
t4_dev_005934,t4_act_004136,normal_guest_checkout,0
t4_dev_000124,t4_act_000021,cross_device_weak_guest,4
t4_dev_007155,t4_act_005152,genuine_wallet_cycling,2
t4_dev_000367,t4_act_000074,cross_device_partial,4
t4_dev_007328,t4_act_005275,persistent_card_problem_hard,2
t4_dev_003998,t4_act_002620,cross_device_weak_guest,3
t4_dev_005663,t4_act_003914,cvv_and_expiry_mistakes,2
t4_dev_008072,t4_act_005883,normal_returning_customer,4
t4_dev_003389,t4_act_002153,new_customer_onboarding,2
t4_dev_007662,t4_act_005541,new_customer_onboarding,2
t4_dev_002103,t4_act_001237,cross_device_weak_guest,2
t4_dev_001127,t4_act_000612,network_retry_storm_hard,1
t4_dev_004763,t4_act_003203,multi_device_customer_v4,1
t4_dev_004422,t4_act_002943,normal_guest_checkout,1
t4_dev_002848,t4_act_001797,burst_pause_burst_v4,0
t4_dev_002660,t4_act_001652,patient_tester_v4,1
t4_dev_006303,t4_act_004431,network_retry_storm_hard,3
t4_dev_006624,t4_act_004711,new_customer_onboarding,0
t4_dev_002303,t4_act_001380,session_churn_v4,4
t4_dev_004682,t4_act_003148,session_churn_v4,1
t4_dev_008866,t4_act_006571,new_customer_onboarding,3
t4_dev_002707,t4_act_001692,persistent_card_problem_hard,3
t4_dev_000125,t4_act_000021,cross_device_weak_guest,4
t4_dev_000126,t4_act_000021,cross_device_weak_guest,4
t4_dev_006054,t4_act_004243,cvv_and_expiry_mistakes,1
t4_dev_008976,t4_act_006677,normal_returning_customer,3
t4_dev_003610,t4_act_002310,session_recreation_flaky_net,3
t4_dev_005209,t4_act_003525,ultra_patient_v4,1
t4_dev_003868,t4_act_002514,network_retry_storm_hard,1
t4_dev_002789,t4_act_001762,normal_guest_checkout,3
t4_dev_003242,t4_act_002027,cvv_and_expiry_mistakes,0
t4_dev_001726,t4_act_000971,success_camouflage_v4,3
t4_dev_007243,t4_act_005216,genuine_wallet_cycling,3
t4_dev_006674,t4_act_004758,genuine_wallet_cycling,3
t4_dev_003760,t4_act_002421,genuine_wallet_cycling,2
t4_dev_001934,t4_act_001114,cross_device_weak_guest,1
t4_dev_008447,t4_act_006195,normal_guest_checkout,3
t4_dev_008055,t4_act_005866,cvv_and_expiry_mistakes,0
t4_dev_000368,t4_act_000074,cross_device_partial,4
t4_dev_002104,t4_act_001237,cross_device_weak_guest,2
t4_dev_006698,t4_act_004780,session_recreation_flaky_net,3
t4_dev_003539,t4_act_002255,cvv_and_expiry_mistakes,3
t4_dev_005580,t4_act_003841,persistent_card_problem_hard,3
t4_dev_005044,t4_act_003404,burst_pause_burst_v4,2
t4_dev_002235,t4_act_001326,cross_device_weak_guest,0
t4_dev_007266,t4_act_005236,persistent_card_problem_hard,3
t4_dev_007511,t4_act_005425,normal_returning_customer,4
t4_dev_002588,t4_act_001598,warm_up_then_attack_v4,4
t4_dev_001812,t4_act_001039,merchant_normal_amount_attack_v4,4
t4_dev_002105,t4_act_001237,cross_device_weak_guest,2
t4_dev_003861,t4_act_002508,ultra_patient_v4,4
t4_dev_006114,t4_act_004280,normal_guest_checkout,0
t4_dev_002172,t4_act_001278,normal_guest_checkout,1
t4_dev_004132,t4_act_002733,multi_device_customer_v4,4
t4_dev_002236,t4_act_001326,cross_device_weak_guest,0
t4_dev_005314,t4_act_003614,genuine_wallet_cycling,4
t4_dev_006610,t4_act_004699,genuine_wallet_cycling,2
t4_dev_001935,t4_act_001114,cross_device_weak_guest,1
t4_dev_003426,t4_act_002178,burst_pause_burst_v4,2
t4_dev_007108,t4_act_005111,cvv_and_expiry_mistakes,3
t4_dev_000045,t4_act_000008,cross_device_weak_guest,3
t4_dev_004839,t4_act_003254,normal_returning_customer,0
t4_dev_007019,t4_act_005038,persistent_card_problem_hard,3
t4_dev_000369,t4_act_000074,cross_device_partial,4
t4_dev_002237,t4_act_001326,cross_device_weak_guest,0
t4_dev_005937,t4_act_004139,normal_guest_checkout,3
t4_dev_002573,t4_act_001586,cross_device_partial,4
t4_dev_002354,t4_act_001414,cvv_and_expiry_mistakes,4
t4_dev_003289,t4_act_002064,success_camouflage_v4,3
t4_dev_005548,t4_act_003812,normal_returning_customer,3
t4_dev_003535,t4_act_002252,patient_tester_v4,2
t4_dev_008433,t4_act_006181,new_customer_onboarding,3
t4_dev_001175,t4_act_000660,network_retry_storm_hard,0
t4_dev_007418,t4_act_005356,normal_returning_customer,0
t4_dev_003424,t4_act_002177,patient_tester_v4,1
t4_dev_005433,t4_act_003722,new_customer_onboarding,4
t4_dev_005403,t4_act_003693,cvv_and_expiry_mistakes,0
t4_dev_002043,t4_act_001200,normal_guest_checkout,2
t4_dev_001927,t4_act_001109,normal_returning_customer,4
t4_dev_006272,t4_act_004401,network_retry_storm_hard,4
t4_dev_001936,t4_act_001114,cross_device_weak_guest,1
t4_dev_000370,t4_act_000074,cross_device_partial,4
t4_dev_002265,t4_act_001350,normal_returning_customer,3
t4_dev_008853,t4_act_006560,persistent_card_problem_hard,0
t4_dev_004590,t4_act_003073,warm_up_then_attack_v4,1
t4_dev_007870,t4_act_005722,cvv_and_expiry_mistakes,1
t4_dev_002238,t4_act_001326,cross_device_weak_guest,0
t4_dev_000046,t4_act_000008,cross_device_weak_guest,3
t4_dev_007036,t4_act_005053,normal_returning_customer,4
t4_dev_004607,t4_act_003089,ultra_patient_v4,4
t4_dev_002198,t4_act_001299,normal_guest_checkout,3
t4_dev_008597,t4_act_006327,network_retry_storm_hard,2
t4_dev_001937,t4_act_001114,cross_device_weak_guest,1
t4_dev_000929,t4_act_000414,persistent_card_problem_hard,4
t4_dev_006258,t4_act_004389,normal_guest_checkout,2
t4_dev_008939,t4_act_006642,normal_guest_checkout,2
t4_dev_008344,t4_act_006108,multi_device_customer_v4,4
t4_dev_004300,t4_act_002862,normal_returning_customer,2
t4_dev_008071,t4_act_005882,normal_guest_checkout,3
t4_dev_002434,t4_act_001483,success_camouflage_v4,2
t4_dev_000904,t4_act_000389,persistent_card_problem_hard,1
t4_dev_006539,t4_act_004632,network_retry_storm_hard,4
t4_dev_003272,t4_act_002051,normal_returning_customer,2
t4_dev_009036,t4_act_006730,cvv_and_expiry_mistakes,3
t4_dev_001166,t4_act_000651,network_retry_storm_hard,3
t4_dev_007985,t4_act_005820,new_customer_onboarding,4
t4_dev_005207,t4_act_003523,persistent_card_problem_hard,3
t4_dev_001703,t4_act_000953,new_customer_onboarding,2
t4_dev_001938,t4_act_001114,cross_device_weak_guest,1
t4_dev_008124,t4_act_005933,normal_returning_customer,3
t4_dev_005567,t4_act_003829,session_recreation_flaky_net,4
t4_dev_005958,t4_act_004156,normal_returning_customer,4
t4_dev_006641,t4_act_004727,normal_returning_customer,4
t4_dev_007166,t4_act_005163,persistent_card_problem_hard,0
t4_dev_005921,t4_act_004123,network_retry_storm_hard,1
t4_dev_004469,t4_act_002980,burst_pause_burst_v4,1
t4_dev_004873,t4_act_003281,multi_device_customer_v4,2
t4_dev_003230,t4_act_002017,genuine_wallet_cycling,3
t4_dev_008573,t4_act_006303,normal_returning_customer,3
t4_dev_000047,t4_act_000008,cross_device_weak_guest,3
t4_dev_008089,t4_act_005898,persistent_card_problem_hard,2
t4_dev_002276,t4_act_001358,normal_guest_checkout,4
t4_dev_009022,t4_act_006718,new_customer_onboarding,4
t4_dev_003946,t4_act_002584,multi_device_customer_v4,2
t4_dev_003869,t4_act_002515,cvv_and_expiry_mistakes,0
t4_dev_005452,t4_act_003741,network_retry_storm_hard,1
t4_dev_005369,t4_act_003661,new_customer_onboarding,3
t4_dev_004404,t4_act_002929,fast_burst_v4,3
t4_dev_004252,t4_act_002825,normal_guest_checkout,3
t4_dev_007683,t4_act_005556,normal_returning_customer,1
t4_dev_007145,t4_act_005143,normal_guest_checkout,3
t4_dev_006440,t4_act_004541,network_retry_storm_hard,0
t4_dev_003597,t4_act_002297,normal_returning_customer,3
t4_dev_002922,t4_act_001835,session_recreation_flaky_net,1
t4_dev_003965,t4_act_002597,multi_device_customer_v4,2
t4_dev_004660,t4_act_003131,persistent_card_problem_hard,1
t4_dev_002574,t4_act_001586,cross_device_partial,4
t4_dev_003071,t4_act_001901,merchant_normal_amount_attack_v4,0
t4_dev_007432,t4_act_005368,persistent_card_problem_hard,1
t4_dev_007849,t4_act_005705,multi_device_customer_v4,1
t4_dev_001804,t4_act_001032,normal_guest_checkout,2
t4_dev_007643,t4_act_005524,normal_guest_checkout,0
t4_dev_005192,t4_act_003509,persistent_card_problem_hard,1
t4_dev_000048,t4_act_000008,cross_device_weak_guest,3
t4_dev_002833,t4_act_001787,persistent_card_problem_hard,1
t4_dev_002575,t4_act_001586,cross_device_partial,4
t4_dev_002419,t4_act_001470,patient_tester_v4,2
t4_dev_004772,t4_act_003209,network_retry_storm_hard,0
t4_dev_003646,t4_act_002337,normal_returning_customer,0
t4_dev_007669,t4_act_005547,network_retry_storm_hard,4
t4_dev_005748,t4_act_003989,multi_device_customer_v4,0
t4_dev_008108,t4_act_005917,session_recreation_flaky_net,2
t4_dev_001815,t4_act_001042,session_recreation_flaky_net,4
t4_dev_007723,t4_act_005593,genuine_wallet_cycling,3
t4_dev_003445,t4_act_002195,normal_guest_checkout,3
t4_dev_005130,t4_act_003469,new_customer_onboarding,3
t4_dev_006300,t4_act_004428,new_customer_onboarding,0
t4_dev_008984,t4_act_006684,cvv_and_expiry_mistakes,4
t4_dev_002409,t4_act_001462,normal_returning_customer,3
t4_dev_001902,t4_act_001090,normal_returning_customer,0
t4_dev_006826,t4_act_004875,multi_device_customer_v4,2
t4_dev_000865,t4_act_000350,persistent_card_problem_hard,3
t4_dev_003746,t4_act_002410,normal_returning_customer,3
t4_dev_006015,t4_act_004210,normal_guest_checkout,1
t4_dev_000049,t4_act_000008,cross_device_weak_guest,3
t4_dev_002291,t4_act_001370,multi_device_customer_v4,1
t4_dev_003355,t4_act_002124,normal_returning_customer,0
t4_dev_008912,t4_act_006616,session_recreation_flaky_net,3
t4_dev_006402,t4_act_004507,new_customer_onboarding,0
t4_dev_001661,t4_act_000938,normal_guest_checkout,1
t4_dev_006583,t4_act_004674,normal_guest_checkout,3
t4_dev_000050,t4_act_000008,cross_device_weak_guest,3
t4_dev_006500,t4_act_004596,normal_returning_customer,4
t4_dev_004816,t4_act_003237,normal_returning_customer,0
t4_dev_006423,t4_act_004524,new_customer_onboarding,0
t4_dev_003798,t4_act_002457,genuine_wallet_cycling,2
t4_dev_008838,t4_act_006548,genuine_wallet_cycling,0
t4_dev_000938,t4_act_000423,persistent_card_problem_hard,0
t4_dev_004922,t4_act_003305,network_retry_storm_hard,3
t4_dev_008102,t4_act_005911,genuine_wallet_cycling,3
t4_dev_004926,t4_act_003307,network_retry_storm_hard,4
t4_dev_008496,t4_act_006241,cvv_and_expiry_mistakes,3
t4_dev_001114,t4_act_000599,network_retry_storm_hard,4
t4_dev_007872,t4_act_005724,persistent_card_problem_hard,4
t4_dev_008697,t4_act_006417,new_customer_onboarding,1
t4_dev_007371,t4_act_005313,network_retry_storm_hard,1
t4_dev_005328,t4_act_003628,fast_burst_v4,3
t4_dev_007349,t4_act_005296,normal_guest_checkout,1
t4_dev_004764,t4_act_003203,multi_device_customer_v4,1
t4_dev_002321,t4_act_001392,cross_device_weak_guest,2
t4_dev_005234,t4_act_003547,burst_pause_burst_v4,1
t4_dev_003280,t4_act_002058,burst_pause_burst_v4,3
t4_dev_007606,t4_act_005508,network_retry_storm_hard,1
t4_dev_008526,t4_act_006264,cvv_and_expiry_mistakes,1
t4_dev_008644,t4_act_006371,genuine_wallet_cycling,1
t4_dev_004053,t4_act_002666,normal_returning_customer,0
t4_dev_005747,t4_act_003988,session_recreation_flaky_net,1
t4_dev_002218,t4_act_001313,genuine_wallet_cycling,4
t4_dev_001627,t4_act_000909,multi_device_customer_v4,3
t4_dev_002705,t4_act_001690,normal_guest_checkout,3
t4_dev_004342,t4_act_002895,normal_returning_customer,2
t4_dev_003659,t4_act_002345,new_customer_onboarding,0
t4_dev_004739,t4_act_003185,genuine_wallet_cycling,3
t4_dev_005959,t4_act_004157,persistent_card_problem_hard,0
t4_dev_002773,t4_act_001747,new_customer_onboarding,0
t4_dev_003186,t4_act_001985,normal_guest_checkout,0
t4_dev_003099,t4_act_001923,normal_guest_checkout,4
t4_dev_002322,t4_act_001392,cross_device_weak_guest,2
t4_dev_003589,t4_act_002290,normal_guest_checkout,3
t4_dev_004570,t4_act_003056,normal_guest_checkout,4
t4_dev_003384,t4_act_002148,network_retry_storm_hard,3
t4_dev_004289,t4_act_002853,session_recreation_flaky_net,3
t4_dev_006769,t4_act_004841,normal_guest_checkout,0
t4_dev_008224,t4_act_006019,network_retry_storm_hard,3
t4_dev_005414,t4_act_003703,persistent_card_problem_hard,1
t4_dev_001706,t4_act_000956,genuine_wallet_cycling,2
t4_dev_003725,t4_act_002394,multi_device_customer_v4,2
t4_dev_007850,t4_act_005705,multi_device_customer_v4,1
t4_dev_002323,t4_act_001392,cross_device_weak_guest,2
t4_dev_001130,t4_act_000615,network_retry_storm_hard,2
t4_dev_001117,t4_act_000602,network_retry_storm_hard,1
t4_dev_005649,t4_act_003901,normal_guest_checkout,1
t4_dev_005749,t4_act_003989,multi_device_customer_v4,0
t4_dev_007667,t4_act_005545,normal_returning_customer,0
t4_dev_003517,t4_act_002236,new_customer_onboarding,3
t4_dev_004892,t4_act_003297,network_retry_storm_hard,1
t4_dev_008718,t4_act_006436,new_customer_onboarding,4
t4_dev_001000,t4_act_000485,network_retry_storm_hard,4
t4_dev_004921,t4_act_003304,normal_guest_checkout,1
t4_dev_006286,t4_act_004414,new_customer_onboarding,1
t4_dev_008378,t4_act_006136,genuine_wallet_cycling,2
t4_dev_001773,t4_act_001011,mixed_campaign_v4,0
t4_dev_005956,t4_act_004155,normal_returning_customer,1
t4_dev_000883,t4_act_000368,persistent_card_problem_hard,2
t4_dev_004125,t4_act_002728,normal_guest_checkout,3
t4_dev_007824,t4_act_005684,new_customer_onboarding,2
t4_dev_002324,t4_act_001392,cross_device_weak_guest,2
t4_dev_003075,t4_act_001905,normal_guest_checkout,4
t4_dev_001774,t4_act_001011,mixed_campaign_v4,0
t4_dev_002148,t4_act_001263,normal_guest_checkout,3
t4_dev_002590,t4_act_001599,session_churn_v4,0
t4_dev_006673,t4_act_004757,session_recreation_flaky_net,2
t4_dev_002334,t4_act_001398,multi_device_customer_v4,1
t4_dev_000919,t4_act_000404,persistent_card_problem_hard,0
t4_dev_003961,t4_act_002593,persistent_card_problem_hard,1
t4_dev_008960,t4_act_006662,session_recreation_flaky_net,2
t4_dev_008255,t4_act_006049,normal_guest_checkout,4
t4_dev_005397,t4_act_003687,session_recreation_flaky_net,4
t4_dev_001775,t4_act_001011,mixed_campaign_v4,0
t4_dev_004213,t4_act_002797,persistent_card_problem_hard,3
t4_dev_007916,t4_act_005760,cvv_and_expiry_mistakes,4
t4_dev_008309,t4_act_006079,new_customer_onboarding,4
t4_dev_001053,t4_act_000538,network_retry_storm_hard,4
t4_dev_005927,t4_act_004129,persistent_card_problem_hard,2
t4_dev_006962,t4_act_004992,cvv_and_expiry_mistakes,4
t4_dev_005810,t4_act_004045,normal_guest_checkout,0
t4_dev_002325,t4_act_001392,cross_device_weak_guest,2
t4_dev_003765,t4_act_002426,genuine_wallet_cycling,1
t4_dev_008111,t4_act_005920,persistent_card_problem_hard,0
t4_dev_005176,t4_act_003495,genuine_wallet_cycling,0
t4_dev_008169,t4_act_005970,session_recreation_flaky_net,0
t4_dev_005669,t4_act_003920,normal_guest_checkout,1
t4_dev_003814,t4_act_002471,fast_burst_v4,4
t4_dev_004829,t4_act_003248,network_retry_storm_hard,4
t4_dev_000963,t4_act_000448,persistent_card_problem_hard,2
t4_dev_003947,t4_act_002584,multi_device_customer_v4,2
t4_dev_005717,t4_act_003963,normal_guest_checkout,4
t4_dev_000259,t4_act_000049,cross_device_partial,2
t4_dev_004956,t4_act_003333,persistent_card_problem_hard,4
t4_dev_006459,t4_act_004558,cvv_and_expiry_mistakes,2
t4_dev_000260,t4_act_000049,cross_device_partial,2
t4_dev_005399,t4_act_003689,normal_guest_checkout,3
t4_dev_002201,t4_act_001302,cross_device_partial,3
t4_dev_008259,t4_act_006053,cgnat_mobile_ip_storm,2
t4_dev_008260,t4_act_006053,cgnat_mobile_ip_storm,2
t4_dev_008261,t4_act_006053,cgnat_mobile_ip_storm,2
t4_dev_008262,t4_act_006053,cgnat_mobile_ip_storm,2
t4_dev_003896,t4_act_002539,session_recreation_flaky_net,4
t4_dev_008263,t4_act_006053,cgnat_mobile_ip_storm,2
t4_dev_008264,t4_act_006053,cgnat_mobile_ip_storm,2
t4_dev_008265,t4_act_006053,cgnat_mobile_ip_storm,2
t4_dev_008266,t4_act_006053,cgnat_mobile_ip_storm,2
t4_dev_002326,t4_act_001392,cross_device_weak_guest,2
t4_dev_008267,t4_act_006053,cgnat_mobile_ip_storm,2
t4_dev_008268,t4_act_006053,cgnat_mobile_ip_storm,2
t4_dev_008269,t4_act_006053,cgnat_mobile_ip_storm,2
t4_dev_008270,t4_act_006053,cgnat_mobile_ip_storm,2
t4_dev_008271,t4_act_006053,cgnat_mobile_ip_storm,2
t4_dev_008272,t4_act_006053,cgnat_mobile_ip_storm,2
t4_dev_008273,t4_act_006053,cgnat_mobile_ip_storm,2
t4_dev_008274,t4_act_006053,cgnat_mobile_ip_storm,2
t4_dev_002202,t4_act_001302,cross_device_partial,3
t4_dev_003521,t4_act_002240,new_customer_onboarding,0
t4_dev_003451,t4_act_002200,fast_burst_v4,4
t4_dev_008275,t4_act_006053,cgnat_mobile_ip_storm,2
t4_dev_008276,t4_act_006053,cgnat_mobile_ip_storm,2
t4_dev_008277,t4_act_006053,cgnat_mobile_ip_storm,2
t4_dev_008278,t4_act_006053,cgnat_mobile_ip_storm,2
t4_dev_006686,t4_act_004770,normal_guest_checkout,2
t4_dev_005647,t4_act_003899,normal_returning_customer,3
t4_dev_003895,t4_act_002538,persistent_card_problem_hard,4
t4_dev_005862,t4_act_004090,cvv_and_expiry_mistakes,3
t4_dev_005569,t4_act_003831,persistent_card_problem_hard,2
t4_dev_007231,t4_act_005204,normal_guest_checkout,4
t4_dev_007392,t4_act_005332,normal_returning_customer,4
t4_dev_000261,t4_act_000049,cross_device_partial,2
t4_dev_004967,t4_act_003343,new_customer_onboarding,3
t4_dev_002327,t4_act_001392,cross_device_weak_guest,2
t4_dev_001957,t4_act_001130,merchant_normal_amount_attack_v4,4
t4_dev_002248,t4_act_001336,multi_device_customer_v4,0
t4_dev_005897,t4_act_004104,new_customer_onboarding,3
t4_dev_000279,t4_act_000053,cross_device_partial,3
t4_dev_001113,t4_act_000598,network_retry_storm_hard,2
t4_dev_008946,t4_act_006649,session_recreation_flaky_net,3
t4_dev_006455,t4_act_004554,network_retry_storm_hard,1
t4_dev_002029,t4_act_001191,cvv_and_expiry_mistakes,3
t4_dev_003212,t4_act_002003,cvv_and_expiry_mistakes,4
t4_dev_003020,t4_act_001899,distributed_bot_campaign,0
t4_dev_003021,t4_act_001899,distributed_bot_campaign,0
t4_dev_003022,t4_act_001899,distributed_bot_campaign,0
t4_dev_003023,t4_act_001899,distributed_bot_campaign,0
t4_dev_003024,t4_act_001899,distributed_bot_campaign,0
t4_dev_004727,t4_act_003178,multi_device_customer_v4,0
t4_dev_003025,t4_act_001899,distributed_bot_campaign,0
t4_dev_003026,t4_act_001899,distributed_bot_campaign,0
t4_dev_003027,t4_act_001899,distributed_bot_campaign,0
t4_dev_003028,t4_act_001899,distributed_bot_campaign,0
t4_dev_003029,t4_act_001899,distributed_bot_campaign,0
t4_dev_003030,t4_act_001899,distributed_bot_campaign,0
t4_dev_003031,t4_act_001899,distributed_bot_campaign,0
t4_dev_003032,t4_act_001899,distributed_bot_campaign,0
t4_dev_003033,t4_act_001899,distributed_bot_campaign,0
t4_dev_003034,t4_act_001899,distributed_bot_campaign,0
t4_dev_003035,t4_act_001899,distributed_bot_campaign,0
t4_dev_003036,t4_act_001899,distributed_bot_campaign,0
t4_dev_003037,t4_act_001899,distributed_bot_campaign,0
t4_dev_003038,t4_act_001899,distributed_bot_campaign,0
t4_dev_003039,t4_act_001899,distributed_bot_campaign,0
t4_dev_003040,t4_act_001899,distributed_bot_campaign,0
t4_dev_003041,t4_act_001899,distributed_bot_campaign,0
t4_dev_003042,t4_act_001899,distributed_bot_campaign,0
t4_dev_003043,t4_act_001899,distributed_bot_campaign,0
t4_dev_006530,t4_act_004624,network_retry_storm_hard,2
t4_dev_003044,t4_act_001899,distributed_bot_campaign,0
t4_dev_003045,t4_act_001899,distributed_bot_campaign,0
t4_dev_003046,t4_act_001899,distributed_bot_campaign,0
t4_dev_003047,t4_act_001899,distributed_bot_campaign,0
t4_dev_003048,t4_act_001899,distributed_bot_campaign,0
t4_dev_003049,t4_act_001899,distributed_bot_campaign,0
t4_dev_003050,t4_act_001899,distributed_bot_campaign,0
t4_dev_003051,t4_act_001899,distributed_bot_campaign,0
t4_dev_003052,t4_act_001899,distributed_bot_campaign,0
t4_dev_003053,t4_act_001899,distributed_bot_campaign,0
t4_dev_003054,t4_act_001899,distributed_bot_campaign,0
t4_dev_001946,t4_act_001121,normal_returning_customer,0
t4_dev_003055,t4_act_001899,distributed_bot_campaign,0
t4_dev_003056,t4_act_001899,distributed_bot_campaign,0
t4_dev_003057,t4_act_001899,distributed_bot_campaign,0
t4_dev_003058,t4_act_001899,distributed_bot_campaign,0
t4_dev_003059,t4_act_001899,distributed_bot_campaign,0
t4_dev_007042,t4_act_005058,new_customer_onboarding,0
t4_dev_003060,t4_act_001899,distributed_bot_campaign,0
t4_dev_003061,t4_act_001899,distributed_bot_campaign,0
t4_dev_003062,t4_act_001899,distributed_bot_campaign,0
t4_dev_003063,t4_act_001899,distributed_bot_campaign,0
t4_dev_003064,t4_act_001899,distributed_bot_campaign,0
t4_dev_003065,t4_act_001899,distributed_bot_campaign,0
t4_dev_003066,t4_act_001899,distributed_bot_campaign,0
t4_dev_003067,t4_act_001899,distributed_bot_campaign,0
t4_dev_003068,t4_act_001899,distributed_bot_campaign,0
t4_dev_003069,t4_act_001899,distributed_bot_campaign,0
t4_dev_002339,t4_act_001401,persistent_card_problem_hard,1
t4_dev_009033,t4_act_006728,normal_returning_customer,2
t4_dev_005028,t4_act_003390,new_customer_onboarding,2
t4_dev_004193,t4_act_002785,cross_device_partial,4
t4_dev_006846,t4_act_004891,network_retry_storm_hard,0
t4_dev_002203,t4_act_001302,cross_device_partial,3
t4_dev_003739,t4_act_002404,session_recreation_flaky_net,2
t4_dev_006228,t4_act_004363,session_recreation_flaky_net,2
t4_dev_001813,t4_act_001040,normal_returning_customer,3
t4_dev_005111,t4_act_003453,persistent_card_problem_hard,3
t4_dev_004393,t4_act_002920,burst_pause_burst_v4,3
t4_dev_000280,t4_act_000053,cross_device_partial,3
t4_dev_001896,t4_act_001084,session_recreation_flaky_net,2
t4_dev_005581,t4_act_003842,normal_returning_customer,4
t4_dev_000824,t4_act_000309,persistent_card_problem_hard,4
t4_dev_005408,t4_act_003698,normal_returning_customer,2
t4_dev_006174,t4_act_004315,normal_guest_checkout,2
t4_dev_003225,t4_act_002012,cvv_and_expiry_mistakes,3
t4_dev_005555,t4_act_003818,network_retry_storm_hard,3
t4_dev_000845,t4_act_000330,persistent_card_problem_hard,0
t4_dev_002639,t4_act_001633,persistent_card_problem_hard,1
t4_dev_000830,t4_act_000315,persistent_card_problem_hard,4
t4_dev_007287,t4_act_005254,persistent_card_problem_hard,0
t4_dev_008445,t4_act_006193,network_retry_storm_hard,1
t4_dev_008986,t4_act_006686,new_customer_onboarding,1
t4_dev_002038,t4_act_001199,cross_device_weak_guest,2
t4_dev_006204,t4_act_004341,normal_returning_customer,1
t4_dev_008306,t4_act_006077,persistent_card_problem_hard,2
t4_dev_004870,t4_act_003278,patient_tester_v4,2
t4_dev_006895,t4_act_004933,persistent_card_problem_hard,2
t4_dev_004958,t4_act_003335,new_customer_onboarding,3
t4_dev_004299,t4_act_002861,genuine_wallet_cycling,3
t4_dev_003253,t4_act_002037,session_recreation_flaky_net,3
t4_dev_001798,t4_act_001026,new_customer_onboarding,2
t4_dev_008729,t4_act_006447,session_recreation_flaky_net,4
t4_dev_008833,t4_act_006543,session_recreation_flaky_net,4
t4_dev_008461,t4_act_006209,normal_guest_checkout,1
t4_dev_000262,t4_act_000049,cross_device_partial,2
t4_dev_004067,t4_act_002679,normal_guest_checkout,2
t4_dev_002371,t4_act_001429,new_customer_onboarding,2
t4_dev_003882,t4_act_002527,normal_returning_customer,3
t4_dev_002937,t4_act_001849,normal_returning_customer,4
t4_dev_005985,t4_act_004183,multi_device_customer_v4,4
t4_dev_002189,t4_act_001290,fast_burst_v4,0
t4_dev_007775,t4_act_005640,session_recreation_flaky_net,0
t4_dev_005143,t4_act_003481,genuine_wallet_cycling,2
t4_dev_002039,t4_act_001199,cross_device_weak_guest,2
t4_dev_000856,t4_act_000341,persistent_card_problem_hard,4
t4_dev_003750,t4_act_002412,new_customer_onboarding,3
t4_dev_003530,t4_act_002248,normal_returning_customer,4
t4_dev_003966,t4_act_002597,multi_device_customer_v4,2
t4_dev_000549,t4_act_000083,distributed_bot_campaign,4
t4_dev_000550,t4_act_000083,distributed_bot_campaign,4
t4_dev_000551,t4_act_000083,distributed_bot_campaign,4
t4_dev_000552,t4_act_000083,distributed_bot_campaign,4
t4_dev_000553,t4_act_000083,distributed_bot_campaign,4
t4_dev_000554,t4_act_000083,distributed_bot_campaign,4
t4_dev_000555,t4_act_000083,distributed_bot_campaign,4
t4_dev_000556,t4_act_000083,distributed_bot_campaign,4
t4_dev_000557,t4_act_000083,distributed_bot_campaign,4
t4_dev_000558,t4_act_000083,distributed_bot_campaign,4
t4_dev_000559,t4_act_000083,distributed_bot_campaign,4
t4_dev_000560,t4_act_000083,distributed_bot_campaign,4
t4_dev_001155,t4_act_000640,network_retry_storm_hard,4
t4_dev_000561,t4_act_000083,distributed_bot_campaign,4
t4_dev_000562,t4_act_000083,distributed_bot_campaign,4
t4_dev_000563,t4_act_000083,distributed_bot_campaign,4
t4_dev_000564,t4_act_000083,distributed_bot_campaign,4
t4_dev_000565,t4_act_000083,distributed_bot_campaign,4
t4_dev_000566,t4_act_000083,distributed_bot_campaign,4
t4_dev_000567,t4_act_000083,distributed_bot_campaign,4
t4_dev_000568,t4_act_000083,distributed_bot_campaign,4
t4_dev_000569,t4_act_000083,distributed_bot_campaign,4
t4_dev_000570,t4_act_000083,distributed_bot_campaign,4
t4_dev_000571,t4_act_000083,distributed_bot_campaign,4
t4_dev_000572,t4_act_000083,distributed_bot_campaign,4
t4_dev_000573,t4_act_000083,distributed_bot_campaign,4
t4_dev_000574,t4_act_000083,distributed_bot_campaign,4
t4_dev_000575,t4_act_000083,distributed_bot_campaign,4
t4_dev_000576,t4_act_000083,distributed_bot_campaign,4
t4_dev_000577,t4_act_000083,distributed_bot_campaign,4
t4_dev_000578,t4_act_000083,distributed_bot_campaign,4
t4_dev_000579,t4_act_000083,distributed_bot_campaign,4
t4_dev_000580,t4_act_000083,distributed_bot_campaign,4
t4_dev_000581,t4_act_000083,distributed_bot_campaign,4
t4_dev_000582,t4_act_000083,distributed_bot_campaign,4
t4_dev_000583,t4_act_000083,distributed_bot_campaign,4
t4_dev_000584,t4_act_000083,distributed_bot_campaign,4
t4_dev_000585,t4_act_000083,distributed_bot_campaign,4
t4_dev_000586,t4_act_000083,distributed_bot_campaign,4
t4_dev_000587,t4_act_000083,distributed_bot_campaign,4
t4_dev_000588,t4_act_000083,distributed_bot_campaign,4
t4_dev_000589,t4_act_000083,distributed_bot_campaign,4
t4_dev_001034,t4_act_000519,network_retry_storm_hard,4
t4_dev_000590,t4_act_000083,distributed_bot_campaign,4
t4_dev_000591,t4_act_000083,distributed_bot_campaign,4
t4_dev_000592,t4_act_000083,distributed_bot_campaign,4
t4_dev_000593,t4_act_000083,distributed_bot_campaign,4
t4_dev_000594,t4_act_000083,distributed_bot_campaign,4
t4_dev_000595,t4_act_000083,distributed_bot_campaign,4
t4_dev_000596,t4_act_000083,distributed_bot_campaign,4
t4_dev_000597,t4_act_000083,distributed_bot_campaign,4
t4_dev_000598,t4_act_000083,distributed_bot_campaign,4
t4_dev_001855,t4_act_001057,new_customer_onboarding,2
t4_dev_008980,t4_act_006680,network_retry_storm_hard,2
t4_dev_002040,t4_act_001199,cross_device_weak_guest,2
t4_dev_002686,t4_act_001674,cvv_and_expiry_mistakes,3
t4_dev_003444,t4_act_002194,persistent_card_problem_hard,1
t4_dev_004129,t4_act_002732,persistent_card_problem_hard,4
t4_dev_006349,t4_act_004457,normal_returning_customer,2
t4_dev_008477,t4_act_006224,persistent_card_problem_hard,2
t4_dev_008345,t4_act_006108,multi_device_customer_v4,4
t4_dev_001149,t4_act_000634,network_retry_storm_hard,2
t4_dev_008725,t4_act_006443,normal_guest_checkout,4
t4_dev_008934,t4_act_006637,normal_returning_customer,0
t4_dev_003130,t4_act_001934,cvv_and_expiry_mistakes,3
t4_dev_006582,t4_act_004673,new_customer_onboarding,4
t4_dev_004946,t4_act_003323,session_churn_v4,4
t4_dev_009067,t4_act_006742,session_recreation_flaky_net,0
t4_dev_002801,t4_act_001769,normal_guest_checkout,0
t4_dev_003856,t4_act_002504,network_retry_storm_hard,4
t4_dev_005558,t4_act_003821,network_retry_storm_hard,2
t4_dev_002059,t4_act_001213,fast_burst_v4,3
t4_dev_009042,t4_act_006736,normal_guest_checkout,2
t4_dev_002368,t4_act_001426,session_recreation_flaky_net,3
t4_dev_005256,t4_act_003567,genuine_wallet_cycling,1
t4_dev_005607,t4_act_003864,session_recreation_flaky_net,1
t4_dev_004194,t4_act_002785,cross_device_partial,4
t4_dev_002204,t4_act_001302,cross_device_partial,3
t4_dev_006735,t4_act_004814,normal_returning_customer,3
t4_dev_004376,t4_act_002909,persistent_card_problem_hard,1
t4_dev_004797,t4_act_003224,persistent_card_problem_hard,4
t4_dev_002041,t4_act_001199,cross_device_weak_guest,2
t4_dev_004141,t4_act_002742,persistent_card_problem_hard,4
t4_dev_002970,t4_act_001861,cross_device_weak_guest,2
t4_dev_003820,t4_act_002477,session_recreation_flaky_net,1
t4_dev_002420,t4_act_001471,patient_tester_v4,3
t4_dev_002971,t4_act_001861,cross_device_weak_guest,2
t4_dev_007291,t4_act_005258,session_recreation_flaky_net,3
t4_dev_000281,t4_act_000053,cross_device_partial,3
t4_dev_005237,t4_act_003550,success_camouflage_v4,0
t4_dev_006691,t4_act_004773,normal_guest_checkout,1
t4_dev_005278,t4_act_003586,network_retry_storm_hard,3
t4_dev_002055,t4_act_001209,network_retry_storm_hard,4
t4_dev_008063,t4_act_005874,genuine_wallet_cycling,4
t4_dev_008610,t4_act_006339,normal_returning_customer,1
t4_dev_008892,t4_act_006596,network_retry_storm_hard,3
t4_dev_002042,t4_act_001199,cross_device_weak_guest,2
t4_dev_004195,t4_act_002785,cross_device_partial,4
t4_dev_004955,t4_act_003332,new_customer_onboarding,4
t4_dev_008968,t4_act_006670,normal_guest_checkout,2
t4_dev_004483,t4_act_002993,session_recreation_flaky_net,1
t4_dev_002972,t4_act_001861,cross_device_weak_guest,2
t4_dev_005202,t4_act_003518,ultra_patient_v4,2
t4_dev_005675,t4_act_003925,normal_returning_customer,0
t4_dev_003226,t4_act_002013,new_customer_onboarding,2
t4_dev_004089,t4_act_002698,new_customer_onboarding,1
t4_dev_008387,t4_act_006142,persistent_card_problem_hard,3
t4_dev_007677,t4_act_005552,network_retry_storm_hard,2
t4_dev_002973,t4_act_001861,cross_device_weak_guest,2
t4_dev_000285,t4_act_000054,cross_device_partial,4
t4_dev_004940,t4_act_003318,normal_returning_customer,4
t4_dev_002143,t4_act_001259,network_retry_storm_hard,0
t4_dev_005996,t4_act_004191,normal_returning_customer,1
t4_dev_004196,t4_act_002785,cross_device_partial,4
t4_dev_004605,t4_act_003087,session_recreation_flaky_net,4
t4_dev_004418,t4_act_002940,genuine_wallet_cycling,1
t4_dev_002921,t4_act_001834,persistent_card_problem_hard,3
t4_dev_006364,t4_act_004471,persistent_card_problem_hard,1
t4_dev_004999,t4_act_003367,persistent_card_problem_hard,4
t4_dev_008781,t4_act_006495,cvv_and_expiry_mistakes,0
t4_dev_004142,t4_act_002743,persistent_card_problem_hard,0
t4_dev_008642,t4_act_006369,normal_returning_customer,3
t4_dev_008854,t4_act_006561,new_customer_onboarding,3
t4_dev_006688,t4_act_004772,multi_device_customer_v4,2
t4_dev_008800,t4_act_006512,new_customer_onboarding,4
t4_dev_006957,t4_act_004989,normal_guest_checkout,3
t4_dev_005316,t4_act_003616,new_customer_onboarding,4
t4_dev_004197,t4_act_002785,cross_device_partial,4
t4_dev_003090,t4_act_001915,network_retry_storm_hard,4
t4_dev_001603,t4_act_000892,cvv_and_expiry_mistakes,1
t4_dev_003761,t4_act_002422,merchant_normal_amount_attack_v4,3
t4_dev_005986,t4_act_004183,multi_device_customer_v4,4
t4_dev_002597,t4_act_001605,normal_returning_customer,2
t4_dev_002091,t4_act_001229,genuine_wallet_cycling,4
t4_dev_001777,t4_act_001013,normal_guest_checkout,0
t4_dev_007949,t4_act_005788,normal_guest_checkout,4
t4_dev_003809,t4_act_002466,persistent_card_problem_hard,3
t4_dev_004812,t4_act_003234,persistent_card_problem_hard,1
t4_dev_005368,t4_act_003660,normal_guest_checkout,3
t4_dev_003726,t4_act_002394,multi_device_customer_v4,2
t4_dev_003988,t4_act_002617,genuine_wallet_cycling,2
t4_dev_000282,t4_act_000053,cross_device_partial,3
t4_dev_002146,t4_act_001262,merchant_normal_amount_attack_v4,3
t4_dev_000286,t4_act_000054,cross_device_partial,4
t4_dev_006827,t4_act_004875,multi_device_customer_v4,2
t4_dev_001800,t4_act_001028,session_recreation_flaky_net,3
t4_dev_005777,t4_act_004013,genuine_wallet_cycling,2
t4_dev_003981,t4_act_002611,new_customer_onboarding,4
t4_dev_003675,t4_act_002357,cvv_and_expiry_mistakes,4
t4_dev_008189,t4_act_005990,normal_guest_checkout,3
t4_dev_008666,t4_act_006388,normal_guest_checkout,1
t4_dev_006913,t4_act_004949,cvv_and_expiry_mistakes,3
t4_dev_003229,t4_act_002016,sparse_multiday_v4,2
t4_dev_008587,t4_act_006317,normal_guest_checkout,2
t4_dev_004155,t4_act_002754,session_recreation_flaky_net,0
t4_dev_002158,t4_act_001271,multi_device_customer_v4,2
t4_dev_000287,t4_act_000054,cross_device_partial,4
t4_dev_000283,t4_act_000053,cross_device_partial,3
t4_dev_006188,t4_act_004326,genuine_wallet_cycling,3
t4_dev_003165,t4_act_001965,persistent_card_problem_hard,1
t4_dev_002205,t4_act_001302,cross_device_partial,3
t4_dev_004740,t4_act_003186,session_recreation_flaky_net,4
t4_dev_002494,t4_act_001535,session_recreation_flaky_net,1
t4_dev_005430,t4_act_003719,new_customer_onboarding,0
t4_dev_006874,t4_act_004916,network_retry_storm_hard,2
t4_dev_002920,t4_act_001833,patient_tester_v4,2
t4_dev_006410,t4_act_004513,normal_guest_checkout,1
t4_dev_003388,t4_act_002152,fast_burst_v4,3
t4_dev_000288,t4_act_000055,cross_device_partial,3
t4_dev_004606,t4_act_003088,cvv_and_expiry_mistakes,3
t4_dev_008890,t4_act_006594,network_retry_storm_hard,1
t4_dev_009040,t4_act_006734,network_retry_storm_hard,0
t4_dev_004061,t4_act_002673,warm_up_then_attack_v4,0
t4_dev_008875,t4_act_006579,genuine_wallet_cycling,4
t4_dev_000985,t4_act_000470,persistent_card_problem_hard,3
t4_dev_004116,t4_act_002723,network_retry_storm_hard,2
t4_dev_006910,t4_act_004946,normal_returning_customer,1
t4_dev_008966,t4_act_006668,persistent_card_problem_hard,3
t4_dev_006465,t4_act_004564,session_recreation_flaky_net,3
t4_dev_006226,t4_act_004361,cvv_and_expiry_mistakes,4
t4_dev_006652,t4_act_004738,network_retry_storm_hard,3
t4_dev_003488,t4_act_002227,network_retry_storm_hard,3
t4_dev_001891,t4_act_001080,new_customer_onboarding,4
t4_dev_001975,t4_act_001148,success_camouflage_v4,1
t4_dev_003072,t4_act_001902,normal_returning_customer,3
t4_dev_000284,t4_act_000053,cross_device_partial,3
t4_dev_001032,t4_act_000517,network_retry_storm_hard,1
t4_dev_007890,t4_act_005739,genuine_wallet_cycling,4
t4_dev_006911,t4_act_004947,new_customer_onboarding,3
t4_dev_001656,t4_act_000934,burst_pause_burst_v4,2
t4_dev_007801,t4_act_005663,network_retry_storm_hard,0
t4_dev_000907,t4_act_000392,persistent_card_problem_hard,0
t4_dev_007889,t4_act_005738,cvv_and_expiry_mistakes,1
t4_dev_007757,t4_act_005625,cvv_and_expiry_mistakes,1
t4_dev_005376,t4_act_003667,genuine_wallet_cycling,0
t4_dev_003846,t4_act_002495,genuine_wallet_cycling,2
t4_dev_002206,t4_act_001302,cross_device_partial,3
t4_dev_003603,t4_act_002303,network_retry_storm_hard,0
t4_dev_007038,t4_act_005054,new_customer_onboarding,4
t4_dev_007134,t4_act_005132,network_retry_storm_hard,4
t4_dev_005131,t4_act_003470,new_customer_onboarding,3
t4_dev_006756,t4_act_004831,multi_device_customer_v4,2
t4_dev_008799,t4_act_006511,new_customer_onboarding,4
t4_dev_002356,t4_act_001416,warm_up_then_attack_v4,2
t4_dev_005843,t4_act_004072,cvv_and_expiry_mistakes,3
t4_dev_006339,t4_act_004448,normal_guest_checkout,0
t4_dev_004874,t4_act_003281,multi_device_customer_v4,2
t4_dev_009012,t4_act_006708,genuine_wallet_cycling,2
t4_dev_004651,t4_act_003123,session_recreation_flaky_net,0
t4_dev_005177,t4_act_003496,normal_guest_checkout,3
t4_dev_006382,t4_act_004488,new_customer_onboarding,1
t4_dev_007230,t4_act_005203,persistent_card_problem_hard,1
t4_dev_007121,t4_act_005121,persistent_card_problem_hard,1
t4_dev_008655,t4_act_006379,multi_device_customer_v4,4
t4_dev_000943,t4_act_000428,persistent_card_problem_hard,2
t4_dev_001471,t4_act_000880,cgnat_mobile_ip_storm,0
t4_dev_002335,t4_act_001398,multi_device_customer_v4,1
t4_dev_001472,t4_act_000880,cgnat_mobile_ip_storm,0
t4_dev_001473,t4_act_000880,cgnat_mobile_ip_storm,0
t4_dev_001474,t4_act_000880,cgnat_mobile_ip_storm,0
t4_dev_001475,t4_act_000880,cgnat_mobile_ip_storm,0
t4_dev_001476,t4_act_000880,cgnat_mobile_ip_storm,0
t4_dev_004305,t4_act_002866,new_customer_onboarding,0
t4_dev_001477,t4_act_000880,cgnat_mobile_ip_storm,0
t4_dev_001478,t4_act_000880,cgnat_mobile_ip_storm,0
t4_dev_001479,t4_act_000880,cgnat_mobile_ip_storm,0
t4_dev_001480,t4_act_000880,cgnat_mobile_ip_storm,0
t4_dev_005135,t4_act_003473,success_camouflage_v4,2
t4_dev_005240,t4_act_003552,session_recreation_flaky_net,4
t4_dev_002159,t4_act_001271,multi_device_customer_v4,2
t4_dev_001137,t4_act_000622,network_retry_storm_hard,2
t4_dev_005705,t4_act_003951,normal_guest_checkout,0
t4_dev_005363,t4_act_003656,session_recreation_flaky_net,1
t4_dev_007060,t4_act_005072,network_retry_storm_hard,4
t4_dev_006106,t4_act_004273,normal_returning_customer,3
t4_dev_001843,t4_act_001047,multi_device_customer_v4,4
t4_dev_001481,t4_act_000880,cgnat_mobile_ip_storm,0
t4_dev_000289,t4_act_000055,cross_device_partial,3
t4_dev_004158,t4_act_002757,normal_returning_customer,1
t4_dev_001482,t4_act_000880,cgnat_mobile_ip_storm,0
t4_dev_008025,t4_act_005839,cvv_and_expiry_mistakes,1
t4_dev_001483,t4_act_000880,cgnat_mobile_ip_storm,0
t4_dev_001484,t4_act_000880,cgnat_mobile_ip_storm,0
t4_dev_001485,t4_act_000880,cgnat_mobile_ip_storm,0
t4_dev_001486,t4_act_000880,cgnat_mobile_ip_storm,0
t4_dev_001789,t4_act_001017,burst_pause_burst_v4,0
t4_dev_001487,t4_act_000880,cgnat_mobile_ip_storm,0
t4_dev_001488,t4_act_000880,cgnat_mobile_ip_storm,0
t4_dev_004820,t4_act_003240,genuine_wallet_cycling,2
t4_dev_001489,t4_act_000880,cgnat_mobile_ip_storm,0
t4_dev_008471,t4_act_006218,cvv_and_expiry_mistakes,0
t4_dev_001490,t4_act_000880,cgnat_mobile_ip_storm,0
t4_dev_006559,t4_act_004650,normal_returning_customer,2
t4_dev_007244,t4_act_005217,normal_returning_customer,1
t4_dev_008932,t4_act_006635,normal_returning_customer,3
t4_dev_006705,t4_act_004786,genuine_wallet_cycling,0
t4_dev_008282,t4_act_006056,normal_returning_customer,4
t4_dev_001807,t4_act_001035,warm_up_then_attack_v4,3
t4_dev_006550,t4_act_004641,new_customer_onboarding,2
t4_dev_004932,t4_act_003311,normal_guest_checkout,4
t4_dev_002003,t4_act_001172,network_retry_storm_hard,4
t4_dev_009024,t4_act_006720,new_customer_onboarding,4
t4_dev_000340,t4_act_000068,cross_device_partial,1
t4_dev_003453,t4_act_002202,sparse_multiday_v4,0
t4_dev_008090,t4_act_005899,persistent_card_problem_hard,3
t4_dev_006553,t4_act_004644,normal_guest_checkout,2
t4_dev_007070,t4_act_005079,multi_device_customer_v4,3
t4_dev_002249,t4_act_001336,multi_device_customer_v4,0
t4_dev_001006,t4_act_000491,network_retry_storm_hard,2
t4_dev_005790,t4_act_004025,normal_returning_customer,1
t4_dev_006799,t4_act_004852,session_recreation_flaky_net,1
t4_dev_007412,t4_act_005350,normal_returning_customer,4
t4_dev_005849,t4_act_004078,normal_returning_customer,0
t4_dev_004439,t4_act_002957,normal_guest_checkout,1
t4_dev_004387,t4_act_002915,new_customer_onboarding,3
t4_dev_001157,t4_act_000642,network_retry_storm_hard,3
t4_dev_004280,t4_act_002848,multi_device_customer_v4,2
t4_dev_004047,t4_act_002661,normal_guest_checkout,2
t4_dev_002508,t4_act_001547,normal_guest_checkout,3
t4_dev_006720,t4_act_004800,normal_guest_checkout,2
t4_dev_006998,t4_act_005021,normal_guest_checkout,4
t4_dev_005002,t4_act_003370,normal_returning_customer,1
t4_dev_002123,t4_act_001251,merchant_normal_amount_attack_v4,1
t4_dev_007864,t4_act_005716,session_recreation_flaky_net,3
t4_dev_008581,t4_act_006311,persistent_card_problem_hard,4
t4_dev_006834,t4_act_004881,genuine_wallet_cycling,4
t4_dev_008989,t4_act_006689,normal_guest_checkout,1
t4_dev_008759,t4_act_006475,normal_guest_checkout,1
t4_dev_005112,t4_act_003454,merchant_normal_amount_attack_v4,3
t4_dev_005184,t4_act_003503,burst_pause_burst_v4,4
t4_dev_002483,t4_act_001526,cvv_and_expiry_mistakes,4
t4_dev_006396,t4_act_004501,session_recreation_flaky_net,1
t4_dev_008656,t4_act_006379,multi_device_customer_v4,4
t4_dev_008085,t4_act_005894,normal_guest_checkout,1
t4_dev_004105,t4_act_002712,new_customer_onboarding,2
t4_dev_005755,t4_act_003994,new_customer_onboarding,4
t4_dev_006873,t4_act_004915,persistent_card_problem_hard,2
t4_dev_001511,t4_act_000882,cgnat_mobile_ip_storm,0
t4_dev_001512,t4_act_000882,cgnat_mobile_ip_storm,0
t4_dev_001513,t4_act_000882,cgnat_mobile_ip_storm,0
t4_dev_001514,t4_act_000882,cgnat_mobile_ip_storm,0
t4_dev_001515,t4_act_000882,cgnat_mobile_ip_storm,0
t4_dev_001516,t4_act_000882,cgnat_mobile_ip_storm,0
t4_dev_001517,t4_act_000882,cgnat_mobile_ip_storm,0
t4_dev_001518,t4_act_000882,cgnat_mobile_ip_storm,0
t4_dev_001519,t4_act_000882,cgnat_mobile_ip_storm,0
t4_dev_001520,t4_act_000882,cgnat_mobile_ip_storm,0
t4_dev_001521,t4_act_000882,cgnat_mobile_ip_storm,0
t4_dev_001522,t4_act_000882,cgnat_mobile_ip_storm,0
t4_dev_001523,t4_act_000882,cgnat_mobile_ip_storm,0
t4_dev_001524,t4_act_000882,cgnat_mobile_ip_storm,0
t4_dev_001525,t4_act_000882,cgnat_mobile_ip_storm,0
t4_dev_001526,t4_act_000882,cgnat_mobile_ip_storm,0
t4_dev_001527,t4_act_000882,cgnat_mobile_ip_storm,0
t4_dev_001528,t4_act_000882,cgnat_mobile_ip_storm,0
t4_dev_001529,t4_act_000882,cgnat_mobile_ip_storm,0
t4_dev_001530,t4_act_000882,cgnat_mobile_ip_storm,0
t4_dev_001736,t4_act_000980,burst_pause_burst_v4,0
t4_dev_002932,t4_act_001844,cvv_and_expiry_mistakes,3
t4_dev_003772,t4_act_002433,normal_guest_checkout,1
t4_dev_007717,t4_act_005587,new_customer_onboarding,4
t4_dev_004723,t4_act_003175,burst_pause_burst_v4,2
t4_dev_007514,t4_act_005427,new_customer_onboarding,1
t4_dev_002966,t4_act_001857,persistent_card_problem_hard,0
t4_dev_002933,t4_act_001845,normal_guest_checkout,0
t4_dev_004728,t4_act_003178,multi_device_customer_v4,0
t4_dev_005063,t4_act_003416,genuine_wallet_cycling,2
t4_dev_007813,t4_act_005674,session_recreation_flaky_net,4
t4_dev_003291,t4_act_002065,normal_returning_customer,4
t4_dev_005920,t4_act_004122,session_recreation_flaky_net,1
t4_dev_005453,t4_act_003742,new_customer_onboarding,2
t4_dev_000294,t4_act_000057,cross_device_partial,2
t4_dev_004769,t4_act_003207,ultra_patient_v4,3
t4_dev_004630,t4_act_003106,persistent_card_problem_hard,0
t4_dev_007413,t4_act_005351,normal_returning_customer,0
t4_dev_005484,t4_act_003772,normal_guest_checkout,2
t4_dev_007428,t4_act_005364,genuine_wallet_cycling,1
t4_dev_000341,t4_act_000068,cross_device_partial,1
t4_dev_001150,t4_act_000635,network_retry_storm_hard,3
t4_dev_000290,t4_act_000055,cross_device_partial,3
t4_dev_001067,t4_act_000552,network_retry_storm_hard,2
t4_dev_003247,t4_act_002031,cvv_and_expiry_mistakes,2
t4_dev_004434,t4_act_002952,network_retry_storm_hard,2
t4_dev_007720,t4_act_005590,new_customer_onboarding,4
t4_dev_007360,t4_act_005306,session_recreation_flaky_net,3
t4_dev_007051,t4_act_005066,multi_device_customer_v4,1
t4_dev_007599,t4_act_005504,multi_device_customer_v4,3
t4_dev_005473,t4_act_003762,new_customer_onboarding,2
t4_dev_000880,t4_act_000365,persistent_card_problem_hard,4
t4_dev_000353,t4_act_000071,cross_device_partial,2
t4_dev_007853,t4_act_005708,genuine_wallet_cycling,2
t4_dev_005711,t4_act_003957,session_recreation_flaky_net,4
t4_dev_001884,t4_act_001075,multi_device_customer_v4,4
t4_dev_007071,t4_act_005079,multi_device_customer_v4,3
t4_dev_006689,t4_act_004772,multi_device_customer_v4,2
t4_dev_006920,t4_act_004956,network_retry_storm_hard,1
t4_dev_008117,t4_act_005926,genuine_wallet_cycling,4
t4_dev_007388,t4_act_005328,persistent_card_problem_hard,2
t4_dev_005816,t4_act_004051,session_recreation_flaky_net,0
t4_dev_006147,t4_act_004310,normal_guest_checkout,0
t4_dev_002209,t4_act_001305,session_churn_v4,1
t4_dev_005689,t4_act_003937,persistent_card_problem_hard,0
t4_dev_008809,t4_act_006521,network_retry_storm_hard,4
t4_dev_000342,t4_act_000068,cross_device_partial,1
t4_dev_004082,t4_act_002691,network_retry_storm_hard,3
t4_dev_005119,t4_act_003459,normal_returning_customer,0
t4_dev_007425,t4_act_005361,normal_returning_customer,2
t4_dev_005685,t4_act_003934,normal_returning_customer,1
t4_dev_000925,t4_act_000410,persistent_card_problem_hard,0
t4_dev_008027,t4_act_005841,normal_guest_checkout,0
t4_dev_000885,t4_act_000370,persistent_card_problem_hard,4
t4_dev_008172,t4_act_005973,normal_guest_checkout,0
t4_dev_006757,t4_act_004831,multi_device_customer_v4,2
t4_dev_004447,t4_act_002961,network_retry_storm_hard,3
t4_dev_002359,t4_act_001418,cvv_and_expiry_mistakes,4
t4_dev_002844,t4_act_001793,genuine_wallet_cycling,2
t4_dev_005309,t4_act_003610,mixed_campaign_v4,3
t4_dev_000295,t4_act_000057,cross_device_partial,2
t4_dev_006612,t4_act_004701,network_retry_storm_hard,2
t4_dev_004426,t4_act_002947,ultra_patient_v4,3
t4_dev_006003,t4_act_004198,network_retry_storm_hard,1
t4_dev_005148,t4_act_003486,normal_guest_checkout,4
t4_dev_005246,t4_act_003557,normal_guest_checkout,1
t4_dev_000354,t4_act_000071,cross_device_partial,2
t4_dev_006818,t4_act_004869,session_recreation_flaky_net,3
t4_dev_000178,t4_act_000032,cross_device_weak_guest,2
t4_dev_000179,t4_act_000032,cross_device_weak_guest,2
t4_dev_006017,t4_act_004212,normal_returning_customer,1
t4_dev_006620,t4_act_004707,normal_returning_customer,2
t4_dev_008900,t4_act_006604,session_recreation_flaky_net,0
t4_dev_002292,t4_act_001371,warm_up_then_attack_v4,4
t4_dev_005310,t4_act_003610,mixed_campaign_v4,3
t4_dev_001030,t4_act_000515,network_retry_storm_hard,2
t4_dev_003660,t4_act_002346,normal_returning_customer,3
t4_dev_003728,t4_act_002396,burst_pause_burst_v4,0
t4_dev_007548,t4_act_005457,persistent_card_problem_hard,4
t4_dev_001103,t4_act_000588,network_retry_storm_hard,1
t4_dev_004269,t4_act_002839,session_recreation_flaky_net,4
t4_dev_002199,t4_act_001300,new_customer_onboarding,1
t4_dev_002595,t4_act_001603,genuine_wallet_cycling,0
t4_dev_001100,t4_act_000585,network_retry_storm_hard,2
t4_dev_007214,t4_act_005189,persistent_card_problem_hard,2
t4_dev_004451,t4_act_002965,session_recreation_flaky_net,3
t4_dev_000180,t4_act_000032,cross_device_weak_guest,2
t4_dev_006517,t4_act_004612,session_recreation_flaky_net,1
t4_dev_005633,t4_act_003887,session_recreation_flaky_net,1
t4_dev_006358,t4_act_004465,new_customer_onboarding,2
t4_dev_000296,t4_act_000057,cross_device_partial,2
t4_dev_001102,t4_act_000587,network_retry_storm_hard,2
t4_dev_006433,t4_act_004534,session_recreation_flaky_net,3
t4_dev_008715,t4_act_006433,persistent_card_problem_hard,4
t4_dev_006044,t4_act_004233,persistent_card_problem_hard,2
t4_dev_006462,t4_act_004561,genuine_wallet_cycling,3
t4_dev_007004,t4_act_005026,network_retry_storm_hard,0
t4_dev_000181,t4_act_000032,cross_device_weak_guest,2
t4_dev_002171,t4_act_001277,normal_guest_checkout,1
t4_dev_007743,t4_act_005613,multi_device_customer_v4,2
t4_dev_007384,t4_act_005325,new_customer_onboarding,0
t4_dev_000355,t4_act_000071,cross_device_partial,2
t4_dev_005087,t4_act_003435,normal_guest_checkout,1
t4_dev_004240,t4_act_002815,genuine_wallet_cycling,1
t4_dev_006137,t4_act_004303,network_retry_storm_hard,3
t4_dev_002336,t4_act_001398,multi_device_customer_v4,1
t4_dev_005926,t4_act_004128,normal_guest_checkout,1
t4_dev_001885,t4_act_001075,multi_device_customer_v4,4
t4_dev_005586,t4_act_003846,network_retry_storm_hard,3
t4_dev_004171,t4_act_002769,normal_guest_checkout,2
t4_dev_000343,t4_act_000068,cross_device_partial,1
t4_dev_004214,t4_act_002798,network_retry_storm_hard,3
t4_dev_000182,t4_act_000032,cross_device_weak_guest,2
t4_dev_001015,t4_act_000500,network_retry_storm_hard,0
t4_dev_004416,t4_act_002938,genuine_wallet_cycling,3
t4_dev_005042,t4_act_003403,patient_tester_v4,3
t4_dev_008346,t4_act_006109,normal_returning_customer,1
t4_dev_005311,t4_act_003611,network_retry_storm_hard,3
t4_dev_006486,t4_act_004583,cvv_and_expiry_mistakes,0
t4_dev_001131,t4_act_000616,network_retry_storm_hard,4
t4_dev_000183,t4_act_000032,cross_device_weak_guest,2
t4_dev_006536,t4_act_004629,normal_returning_customer,0
t4_dev_007259,t4_act_005229,normal_guest_checkout,4
t4_dev_005055,t4_act_003412,normal_guest_checkout,2
t4_dev_006929,t4_act_004965,persistent_card_problem_hard,4
t4_dev_006607,t4_act_004696,normal_guest_checkout,4
t4_dev_000297,t4_act_000057,cross_device_partial,2
t4_dev_008963,t4_act_006665,genuine_wallet_cycling,3
t4_dev_004696,t4_act_003156,sparse_multiday_v4,1
t4_dev_006211,t4_act_004346,normal_guest_checkout,4
t4_dev_003442,t4_act_002192,network_retry_storm_hard,2
t4_dev_005756,t4_act_003995,normal_returning_customer,1
t4_dev_006609,t4_act_004698,normal_guest_checkout,4
t4_dev_008657,t4_act_006379,multi_device_customer_v4,4
t4_dev_008783,t4_act_006497,new_customer_onboarding,1
t4_dev_005913,t4_act_004116,normal_returning_customer,3
t4_dev_000868,t4_act_000353,persistent_card_problem_hard,3
t4_dev_003687,t4_act_002366,cross_device_weak_guest,3
t4_dev_007814,t4_act_005675,genuine_wallet_cycling,1
t4_dev_007642,t4_act_005523,normal_guest_checkout,1
t4_dev_006803,t4_act_004856,multi_device_customer_v4,1
t4_dev_002732,t4_act_001707,fast_burst_v4,2
t4_dev_006758,t4_act_004831,multi_device_customer_v4,2
t4_dev_004480,t4_act_002991,network_retry_storm_hard,2
t4_dev_007288,t4_act_005255,normal_guest_checkout,2
t4_dev_004056,t4_act_002668,success_camouflage_v4,2
t4_dev_003688,t4_act_002366,cross_device_weak_guest,3
t4_dev_007021,t4_act_005040,genuine_wallet_cycling,0
t4_dev_002835,t4_act_001789,cross_device_partial,4
t4_dev_007296,t4_act_005263,normal_returning_customer,3
t4_dev_004887,t4_act_003293,network_retry_storm_hard,0
t4_dev_003715,t4_act_002386,cvv_and_expiry_mistakes,0
t4_dev_004484,t4_act_002994,genuine_wallet_cycling,4
t4_dev_008949,t4_act_006652,normal_returning_customer,4
t4_dev_004083,t4_act_002692,persistent_card_problem_hard,4
t4_dev_006600,t4_act_004689,normal_guest_checkout,4
t4_dev_003582,t4_act_002284,network_retry_storm_hard,0
t4_dev_007336,t4_act_005283,persistent_card_problem_hard,4
t4_dev_000344,t4_act_000068,cross_device_partial,1
t4_dev_004281,t4_act_002848,multi_device_customer_v4,2
t4_dev_007226,t4_act_005199,normal_guest_checkout,0
t4_dev_002018,t4_act_001183,new_customer_onboarding,4
t4_dev_003689,t4_act_002366,cross_device_weak_guest,3
t4_dev_003612,t4_act_002312,normal_guest_checkout,1
t4_dev_003332,t4_act_002103,normal_returning_customer,3
t4_dev_006708,t4_act_004789,normal_guest_checkout,0
t4_dev_007579,t4_act_005486,persistent_card_problem_hard,0
t4_dev_002836,t4_act_001789,cross_device_partial,4
t4_dev_008641,t4_act_006368,new_customer_onboarding,4
t4_dev_002350,t4_act_001411,warm_up_then_attack_v4,0
t4_dev_006690,t4_act_004772,multi_device_customer_v4,2
t4_dev_000882,t4_act_000367,persistent_card_problem_hard,4
t4_dev_003786,t4_act_002447,normal_guest_checkout,0
t4_dev_002561,t4_act_001582,normal_returning_customer,3
t4_dev_004895,t4_act_003299,success_camouflage_v4,2
t4_dev_003690,t4_act_002366,cross_device_weak_guest,3
t4_dev_008872,t4_act_006577,normal_returning_customer,2
t4_dev_000356,t4_act_000071,cross_device_partial,2
t4_dev_003691,t4_act_002366,cross_device_weak_guest,3
t4_dev_002528,t4_act_001561,burst_pause_burst_v4,2
t4_dev_003439,t4_act_002189,normal_guest_checkout,4
t4_dev_006904,t4_act_004940,new_customer_onboarding,2
t4_dev_003474,t4_act_002219,cross_device_partial,2
t4_dev_004037,t4_act_002651,new_customer_onboarding,0
t4_dev_005652,t4_act_003904,session_recreation_flaky_net,2
t4_dev_005152,t4_act_003490,normal_guest_checkout,3
t4_dev_002439,t4_act_001487,warm_up_then_attack_v4,1
t4_dev_008671,t4_act_006393,normal_guest_checkout,0
t4_dev_003692,t4_act_002366,cross_device_weak_guest,3
t4_dev_008431,t4_act_006179,network_retry_storm_hard,2
t4_dev_002837,t4_act_001789,cross_device_partial,4
t4_dev_008213,t4_act_006010,multi_device_customer_v4,1
t4_dev_007519,t4_act_005432,persistent_card_problem_hard,0
t4_dev_005517,t4_act_003785,persistent_card_problem_hard,0
t4_dev_002250,t4_act_001336,multi_device_customer_v4,0
t4_dev_003693,t4_act_002366,cross_device_weak_guest,3
t4_dev_003181,t4_act_001980,new_customer_onboarding,3
t4_dev_005587,t4_act_003847,normal_returning_customer,3
t4_dev_004596,t4_act_003078,persistent_card_problem_hard,4
t4_dev_006373,t4_act_004479,new_customer_onboarding,1
t4_dev_003613,t4_act_002313,persistent_card_problem_hard,1
t4_dev_002450,t4_act_001496,normal_returning_customer,2
t4_dev_005815,t4_act_004050,cvv_and_expiry_mistakes,1
t4_dev_007439,t4_act_005374,normal_guest_checkout,4
t4_dev_007951,t4_act_005790,normal_guest_checkout,4
t4_dev_002607,t4_act_001612,multi_device_customer_v4,2
t4_dev_007498,t4_act_005412,normal_guest_checkout,1
t4_dev_005531,t4_act_003798,persistent_card_problem_hard,3
t4_dev_004076,t4_act_002686,fast_burst_v4,0
t4_dev_000298,t4_act_000057,cross_device_partial,2
t4_dev_003244,t4_act_002029,genuine_wallet_cycling,1
t4_dev_007049,t4_act_005065,normal_returning_customer,1
t4_dev_008635,t4_act_006363,network_retry_storm_hard,1
t4_dev_002558,t4_act_001580,persistent_card_problem_hard,4
t4_dev_003694,t4_act_002366,cross_device_weak_guest,3
t4_dev_000357,t4_act_000071,cross_device_partial,2
t4_dev_008288,t4_act_006060,network_retry_storm_hard,1
t4_dev_008368,t4_act_006128,normal_returning_customer,0
t4_dev_006288,t4_act_004416,normal_guest_checkout,2
t4_dev_004618,t4_act_003097,mixed_campaign_v4,4
t4_dev_005891,t4_act_004098,network_retry_storm_hard,2
t4_dev_005993,t4_act_004188,normal_returning_customer,1
t4_dev_007375,t4_act_005317,persistent_card_problem_hard,4
t4_dev_004408,t4_act_002932,persistent_card_problem_hard,3
t4_dev_008324,t4_act_006093,new_customer_onboarding,4
t4_dev_004529,t4_act_003027,network_retry_storm_hard,1
t4_dev_005128,t4_act_003467,network_retry_storm_hard,4
t4_dev_003103,t4_act_001926,warm_up_then_attack_v4,2
t4_dev_004619,t4_act_003097,mixed_campaign_v4,4
t4_dev_002328,t4_act_001393,genuine_wallet_cycling,2
t4_dev_006444,t4_act_004544,genuine_wallet_cycling,0
t4_dev_002760,t4_act_001734,normal_guest_checkout,2
t4_dev_007459,t4_act_005393,network_retry_storm_hard,1
t4_dev_003757,t4_act_002418,persistent_card_problem_hard,2
t4_dev_002060,t4_act_001214,cross_device_weak_guest,0
t4_dev_000912,t4_act_000397,persistent_card_problem_hard,1
t4_dev_003838,t4_act_002490,sparse_multiday_v4,3
t4_dev_006677,t4_act_004761,normal_guest_checkout,4
t4_dev_005852,t4_act_004080,network_retry_storm_hard,2
t4_dev_005464,t4_act_003753,network_retry_storm_hard,2
t4_dev_002061,t4_act_001214,cross_device_weak_guest,0
t4_dev_005780,t4_act_004015,normal_returning_customer,0
t4_dev_001844,t4_act_001047,multi_device_customer_v4,4
t4_dev_002866,t4_act_001807,normal_guest_checkout,3
t4_dev_000915,t4_act_000400,persistent_card_problem_hard,1
t4_dev_003173,t4_act_001972,session_churn_v4,2
t4_dev_005650,t4_act_003902,normal_guest_checkout,1
t4_dev_004023,t4_act_002640,normal_guest_checkout,4
t4_dev_006655,t4_act_004741,persistent_card_problem_hard,1
t4_dev_006425,t4_act_004526,normal_guest_checkout,2
t4_dev_002016,t4_act_001182,session_churn_v4,2
t4_dev_003475,t4_act_002219,cross_device_partial,2
t4_dev_008628,t4_act_006357,persistent_card_problem_hard,2
t4_dev_004048,t4_act_002662,normal_guest_checkout,1
t4_dev_003220,t4_act_002008,patient_tester_v4,4
t4_dev_002062,t4_act_001214,cross_device_weak_guest,0
t4_dev_006684,t4_act_004768,normal_guest_checkout,4
t4_dev_000970,t4_act_000455,persistent_card_problem_hard,3
t4_dev_003476,t4_act_002219,cross_device_partial,2
t4_dev_007466,t4_act_005399,cgnat_mobile_ip_storm,3
t4_dev_007467,t4_act_005399,cgnat_mobile_ip_storm,3
t4_dev_007468,t4_act_005399,cgnat_mobile_ip_storm,3
t4_dev_006261,t4_act_004392,normal_returning_customer,3
t4_dev_007469,t4_act_005399,cgnat_mobile_ip_storm,3
t4_dev_007470,t4_act_005399,cgnat_mobile_ip_storm,3
t4_dev_007471,t4_act_005399,cgnat_mobile_ip_storm,3
t4_dev_007472,t4_act_005399,cgnat_mobile_ip_storm,3
t4_dev_006473,t4_act_004572,network_retry_storm_hard,3
t4_dev_008821,t4_act_006532,persistent_card_problem_hard,1
t4_dev_007473,t4_act_005399,cgnat_mobile_ip_storm,3
t4_dev_007474,t4_act_005399,cgnat_mobile_ip_storm,3
t4_dev_007299,t4_act_005265,genuine_wallet_cycling,4
t4_dev_001766,t4_act_001004,new_customer_onboarding,4
t4_dev_007767,t4_act_005633,session_recreation_flaky_net,0
t4_dev_007475,t4_act_005399,cgnat_mobile_ip_storm,3
t4_dev_001048,t4_act_000533,network_retry_storm_hard,2
t4_dev_007476,t4_act_005399,cgnat_mobile_ip_storm,3
t4_dev_007477,t4_act_005399,cgnat_mobile_ip_storm,3
t4_dev_007478,t4_act_005399,cgnat_mobile_ip_storm,3
t4_dev_007479,t4_act_005399,cgnat_mobile_ip_storm,3
t4_dev_007480,t4_act_005399,cgnat_mobile_ip_storm,3
t4_dev_007481,t4_act_005399,cgnat_mobile_ip_storm,3
t4_dev_007482,t4_act_005399,cgnat_mobile_ip_storm,3
t4_dev_007483,t4_act_005399,cgnat_mobile_ip_storm,3
t4_dev_007484,t4_act_005399,cgnat_mobile_ip_storm,3
t4_dev_007485,t4_act_005399,cgnat_mobile_ip_storm,3
t4_dev_002838,t4_act_001789,cross_device_partial,4
t4_dev_002072,t4_act_001219,cvv_and_expiry_mistakes,2
t4_dev_004173,t4_act_002771,genuine_wallet_cycling,3
t4_dev_007699,t4_act_005569,new_customer_onboarding,4
t4_dev_002785,t4_act_001758,normal_guest_checkout,0
t4_dev_003420,t4_act_002173,new_customer_onboarding,0
t4_dev_002063,t4_act_001214,cross_device_weak_guest,0
t4_dev_002612,t4_act_001616,new_customer_onboarding,0
t4_dev_005472,t4_act_003761,normal_guest_checkout,4
t4_dev_004388,t4_act_002916,success_camouflage_v4,1
t4_dev_008734,t4_act_006452,normal_returning_customer,4
t4_dev_002118,t4_act_001246,normal_guest_checkout,3
t4_dev_005962,t4_act_004160,normal_guest_checkout,4
t4_dev_000061,t4_act_000011,cross_device_weak_guest,1
t4_dev_007429,t4_act_005365,new_customer_onboarding,2
t4_dev_005468,t4_act_003757,persistent_card_problem_hard,1
t4_dev_007102,t4_act_005105,persistent_card_problem_hard,2
t4_dev_001886,t4_act_001075,multi_device_customer_v4,4
t4_dev_008661,t4_act_006383,normal_guest_checkout,0
t4_dev_003477,t4_act_002219,cross_device_partial,2
t4_dev_005089,t4_act_003437,new_customer_onboarding,0
t4_dev_002095,t4_act_001233,cvv_and_expiry_mistakes,4
t4_dev_003395,t4_act_002156,network_retry_storm_hard,3
t4_dev_003705,t4_act_002376,session_churn_v4,3
t4_dev_002779,t4_act_001753,new_customer_onboarding,2
t4_dev_000914,t4_act_000399,persistent_card_problem_hard,0
t4_dev_005617,t4_act_003873,normal_guest_checkout,2
t4_dev_001093,t4_act_000578,network_retry_storm_hard,1
t4_dev_000062,t4_act_000011,cross_device_weak_guest,1
t4_dev_007372,t4_act_005314,new_customer_onboarding,2
t4_dev_002064,t4_act_001214,cross_device_weak_guest,0
t4_dev_001924,t4_act_001106,persistent_card_problem_hard,4
t4_dev_003485,t4_act_002225,normal_returning_customer,0
t4_dev_007052,t4_act_005066,multi_device_customer_v4,1
t4_dev_007658,t4_act_005537,network_retry_storm_hard,0
t4_dev_002403,t4_act_001456,cvv_and_expiry_mistakes,1
t4_dev_001964,t4_act_001137,new_customer_onboarding,0
t4_dev_004525,t4_act_003025,session_recreation_flaky_net,0
t4_dev_004519,t4_act_003020,genuine_wallet_cycling,0
t4_dev_006778,t4_act_004850,cgnat_mobile_ip_storm,0
t4_dev_006779,t4_act_004850,cgnat_mobile_ip_storm,0
t4_dev_006780,t4_act_004850,cgnat_mobile_ip_storm,0
t4_dev_006781,t4_act_004850,cgnat_mobile_ip_storm,0
t4_dev_006782,t4_act_004850,cgnat_mobile_ip_storm,0
t4_dev_006783,t4_act_004850,cgnat_mobile_ip_storm,0
t4_dev_006784,t4_act_004850,cgnat_mobile_ip_storm,0
t4_dev_006785,t4_act_004850,cgnat_mobile_ip_storm,0
t4_dev_006786,t4_act_004850,cgnat_mobile_ip_storm,0
t4_dev_006787,t4_act_004850,cgnat_mobile_ip_storm,0
t4_dev_007908,t4_act_005753,normal_returning_customer,2
t4_dev_006788,t4_act_004850,cgnat_mobile_ip_storm,0
t4_dev_006789,t4_act_004850,cgnat_mobile_ip_storm,0
t4_dev_006790,t4_act_004850,cgnat_mobile_ip_storm,0
t4_dev_006791,t4_act_004850,cgnat_mobile_ip_storm,0
t4_dev_006792,t4_act_004850,cgnat_mobile_ip_storm,0
t4_dev_006793,t4_act_004850,cgnat_mobile_ip_storm,0
t4_dev_006794,t4_act_004850,cgnat_mobile_ip_storm,0
t4_dev_006795,t4_act_004850,cgnat_mobile_ip_storm,0
t4_dev_006796,t4_act_004850,cgnat_mobile_ip_storm,0
t4_dev_006797,t4_act_004850,cgnat_mobile_ip_storm,0
t4_dev_003168,t4_act_001968,burst_pause_burst_v4,1
t4_dev_007099,t4_act_005102,normal_returning_customer,2
t4_dev_008686,t4_act_006407,normal_returning_customer,1
t4_dev_002065,t4_act_001214,cross_device_weak_guest,0
t4_dev_006490,t4_act_004587,genuine_wallet_cycling,0
t4_dev_006742,t4_act_004820,normal_guest_checkout,1
t4_dev_005615,t4_act_003871,genuine_wallet_cycling,3
t4_dev_008414,t4_act_006165,normal_guest_checkout,4
t4_dev_005492,t4_act_003779,network_retry_storm_hard,2
t4_dev_002682,t4_act_001671,new_customer_onboarding,0
t4_dev_000838,t4_act_000323,persistent_card_problem_hard,1
t4_dev_005093,t4_act_003440,network_retry_storm_hard,2
t4_dev_001058,t4_act_000543,network_retry_storm_hard,3
t4_dev_005978,t4_act_004176,normal_returning_customer,2
t4_dev_004068,t4_act_002680,multi_device_customer_v4,1
t4_dev_001760,t4_act_001000,normal_guest_checkout,3
t4_dev_007279,t4_act_005247,normal_guest_checkout,0
t4_dev_007600,t4_act_005504,multi_device_customer_v4,3
t4_dev_008721,t4_act_006439,network_retry_storm_hard,1
t4_dev_000063,t4_act_000011,cross_device_weak_guest,1
t4_dev_008659,t4_act_006381,normal_guest_checkout,4
t4_dev_001821,t4_act_001045,cgnat_mobile_ip_storm,4
t4_dev_001822,t4_act_001045,cgnat_mobile_ip_storm,4
t4_dev_001823,t4_act_001045,cgnat_mobile_ip_storm,4
t4_dev_001824,t4_act_001045,cgnat_mobile_ip_storm,4
t4_dev_008382,t4_act_006139,multi_device_customer_v4,0
t4_dev_001825,t4_act_001045,cgnat_mobile_ip_storm,4
t4_dev_001826,t4_act_001045,cgnat_mobile_ip_storm,4
t4_dev_001827,t4_act_001045,cgnat_mobile_ip_storm,4
t4_dev_001828,t4_act_001045,cgnat_mobile_ip_storm,4
t4_dev_001829,t4_act_001045,cgnat_mobile_ip_storm,4
t4_dev_001830,t4_act_001045,cgnat_mobile_ip_storm,4
t4_dev_001831,t4_act_001045,cgnat_mobile_ip_storm,4
t4_dev_001832,t4_act_001045,cgnat_mobile_ip_storm,4
t4_dev_001833,t4_act_001045,cgnat_mobile_ip_storm,4
t4_dev_001834,t4_act_001045,cgnat_mobile_ip_storm,4
t4_dev_001835,t4_act_001045,cgnat_mobile_ip_storm,4
t4_dev_001154,t4_act_000639,network_retry_storm_hard,0
t4_dev_001836,t4_act_001045,cgnat_mobile_ip_storm,4
t4_dev_001837,t4_act_001045,cgnat_mobile_ip_storm,4
t4_dev_001838,t4_act_001045,cgnat_mobile_ip_storm,4
t4_dev_001839,t4_act_001045,cgnat_mobile_ip_storm,4
t4_dev_001840,t4_act_001045,cgnat_mobile_ip_storm,4
t4_dev_003274,t4_act_002053,normal_returning_customer,2
t4_dev_000064,t4_act_000011,cross_device_weak_guest,1
t4_dev_004866,t4_act_003274,normal_guest_checkout,4
t4_dev_004002,t4_act_002624,normal_returning_customer,0
t4_dev_002503,t4_act_001542,new_customer_onboarding,0
t4_dev_000979,t4_act_000464,persistent_card_problem_hard,0
t4_dev_000016,t4_act_000003,cross_device_weak_guest,2
t4_dev_002066,t4_act_001214,cross_device_weak_guest,0
t4_dev_002859,t4_act_001803,burst_pause_burst_v4,0
t4_dev_006107,t4_act_004274,genuine_wallet_cycling,3
t4_dev_004145,t4_act_002746,network_retry_storm_hard,4
t4_dev_005678,t4_act_003927,normal_returning_customer,3
t4_dev_005024,t4_act_003387,normal_returning_customer,1
t4_dev_008131,t4_act_005937,new_customer_onboarding,1
t4_dev_005930,t4_act_004132,normal_guest_checkout,0
t4_dev_008070,t4_act_005881,new_customer_onboarding,4
t4_dev_004489,t4_act_002999,new_customer_onboarding,1
t4_dev_006887,t4_act_004927,network_retry_storm_hard,1
t4_dev_002839,t4_act_001789,cross_device_partial,4
t4_dev_005264,t4_act_003575,new_customer_onboarding,0
t4_dev_003166,t4_act_001966,new_customer_onboarding,0
t4_dev_008696,t4_act_006416,network_retry_storm_hard,4
t4_dev_002745,t4_act_001719,normal_guest_checkout,4
t4_dev_007061,t4_act_005073,multi_device_customer_v4,4
t4_dev_003202,t4_act_001995,cvv_and_expiry_mistakes,0
t4_dev_003478,t4_act_002219,cross_device_partial,2
t4_dev_007487,t4_act_005401,session_recreation_flaky_net,2
t4_dev_001601,t4_act_000890,session_churn_v4,2
t4_dev_006747,t4_act_004825,normal_guest_checkout,2
t4_dev_006301,t4_act_004429,genuine_wallet_cycling,4
t4_dev_002067,t4_act_001214,cross_device_weak_guest,0
t4_dev_000973,t4_act_000458,persistent_card_problem_hard,0
t4_dev_000017,t4_act_000003,cross_device_weak_guest,2
t4_dev_000018,t4_act_000003,cross_device_weak_guest,2
t4_dev_000065,t4_act_000011,cross_device_weak_guest,1
t4_dev_007374,t4_act_005316,network_retry_storm_hard,2
t4_dev_006037,t4_act_004227,persistent_card_problem_hard,4
t4_dev_002125,t4_act_001252,network_retry_storm_hard,2
t4_dev_004582,t4_act_003067,burst_pause_burst_v4,4
t4_dev_000019,t4_act_000003,cross_device_weak_guest,2
t4_dev_006091,t4_act_004260,persistent_card_problem_hard,4
t4_dev_000066,t4_act_000011,cross_device_weak_guest,1
t4_dev_006028,t4_act_004221,normal_returning_customer,2
t4_dev_002343,t4_act_001405,normal_guest_checkout,0
t4_dev_004282,t4_act_002848,multi_device_customer_v4,2
t4_dev_007944,t4_act_005784,cvv_and_expiry_mistakes,3
t4_dev_000846,t4_act_000331,persistent_card_problem_hard,3
t4_dev_007741,t4_act_005611,normal_guest_checkout,2
t4_dev_008194,t4_act_005995,normal_guest_checkout,2
t4_dev_005006,t4_act_003373,genuine_wallet_cycling,4
t4_dev_003758,t4_act_002419,session_recreation_flaky_net,3
t4_dev_000067,t4_act_000011,cross_device_weak_guest,1
t4_dev_006613,t4_act_004702,normal_returning_customer,2
t4_dev_001973,t4_act_001146,normal_returning_customer,3
t4_dev_002596,t4_act_001604,normal_guest_checkout,2
t4_dev_000068,t4_act_000011,cross_device_weak_guest,1
t4_dev_002504,t4_act_001543,network_retry_storm_hard,1
t4_dev_006434,t4_act_004535,persistent_card_problem_hard,3
t4_dev_004097,t4_act_002706,multi_device_customer_v4,3
t4_dev_006422,t4_act_004523,new_customer_onboarding,4
t4_dev_002108,t4_act_001239,cvv_and_expiry_mistakes,1
t4_dev_008079,t4_act_005888,normal_guest_checkout,4
t4_dev_003837,t4_act_002489,network_retry_storm_hard,3
t4_dev_004502,t4_act_003009,network_retry_storm_hard,4
t4_dev_006831,t4_act_004878,cvv_and_expiry_mistakes,4
t4_dev_004257,t4_act_002830,network_retry_storm_hard,0
t4_dev_003900,t4_act_002543,persistent_card_problem_hard,0
t4_dev_001391,t4_act_000876,cgnat_mobile_ip_storm,4
t4_dev_001392,t4_act_000876,cgnat_mobile_ip_storm,4
t4_dev_008899,t4_act_006603,session_recreation_flaky_net,4
t4_dev_001393,t4_act_000876,cgnat_mobile_ip_storm,4
t4_dev_001394,t4_act_000876,cgnat_mobile_ip_storm,4
t4_dev_001395,t4_act_000876,cgnat_mobile_ip_storm,4
t4_dev_003605,t4_act_002305,genuine_wallet_cycling,0
t4_dev_001396,t4_act_000876,cgnat_mobile_ip_storm,4
t4_dev_001397,t4_act_000876,cgnat_mobile_ip_storm,4
t4_dev_001398,t4_act_000876,cgnat_mobile_ip_storm,4
t4_dev_001399,t4_act_000876,cgnat_mobile_ip_storm,4
t4_dev_000921,t4_act_000406,persistent_card_problem_hard,2
t4_dev_001400,t4_act_000876,cgnat_mobile_ip_storm,4
t4_dev_002979,t4_act_001866,cvv_and_expiry_mistakes,1
t4_dev_001401,t4_act_000876,cgnat_mobile_ip_storm,4
t4_dev_001402,t4_act_000876,cgnat_mobile_ip_storm,4
t4_dev_001403,t4_act_000876,cgnat_mobile_ip_storm,4
t4_dev_007590,t4_act_005495,network_retry_storm_hard,1
t4_dev_006715,t4_act_004795,normal_guest_checkout,1
t4_dev_001404,t4_act_000876,cgnat_mobile_ip_storm,4
t4_dev_001405,t4_act_000876,cgnat_mobile_ip_storm,4
t4_dev_003744,t4_act_002408,ultra_patient_v4,0
t4_dev_001406,t4_act_000876,cgnat_mobile_ip_storm,4
t4_dev_001407,t4_act_000876,cgnat_mobile_ip_storm,4
t4_dev_001408,t4_act_000876,cgnat_mobile_ip_storm,4
t4_dev_001409,t4_act_000876,cgnat_mobile_ip_storm,4
t4_dev_001410,t4_act_000876,cgnat_mobile_ip_storm,4
t4_dev_008791,t4_act_006504,normal_guest_checkout,4
t4_dev_003558,t4_act_002269,normal_guest_checkout,4
t4_dev_004045,t4_act_002659,warm_up_then_attack_v4,4
t4_dev_000952,t4_act_000437,persistent_card_problem_hard,3
t4_dev_002308,t4_act_001383,patient_tester_v4,2
t4_dev_005950,t4_act_004150,cvv_and_expiry_mistakes,1
t4_dev_003479,t4_act_002219,cross_device_partial,2
t4_dev_007588,t4_act_005493,normal_returning_customer,3
t4_dev_001714,t4_act_000963,session_churn_v4,1
t4_dev_003012,t4_act_001894,normal_guest_checkout,1
t4_dev_007939,t4_act_005780,network_retry_storm_hard,4
t4_dev_003343,t4_act_002112,patient_tester_v4,2
t4_dev_002348,t4_act_001409,warm_up_then_attack_v4,0
t4_dev_006775,t4_act_004847,cvv_and_expiry_mistakes,0
t4_dev_005110,t4_act_003452,network_retry_storm_hard,1
t4_dev_007053,t4_act_005067,normal_guest_checkout,0
t4_dev_006697,t4_act_004779,genuine_wallet_cycling,4
t4_dev_002057,t4_act_001211,normal_returning_customer,0
t4_dev_008403,t4_act_006157,new_customer_onboarding,2
t4_dev_008149,t4_act_005953,network_retry_storm_hard,4
t4_dev_007342,t4_act_005289,network_retry_storm_hard,2
t4_dev_002939,t4_act_001850,cgnat_mobile_ip_storm,4
t4_dev_002940,t4_act_001850,cgnat_mobile_ip_storm,4
t4_dev_003748,t4_act_002411,normal_returning_customer,0
t4_dev_002941,t4_act_001850,cgnat_mobile_ip_storm,4
t4_dev_008301,t4_act_006072,normal_guest_checkout,4
t4_dev_002942,t4_act_001850,cgnat_mobile_ip_storm,4
t4_dev_002943,t4_act_001850,cgnat_mobile_ip_storm,4
t4_dev_002944,t4_act_001850,cgnat_mobile_ip_storm,4
t4_dev_002763,t4_act_001737,fast_burst_v4,1
t4_dev_002945,t4_act_001850,cgnat_mobile_ip_storm,4
t4_dev_002946,t4_act_001850,cgnat_mobile_ip_storm,4
t4_dev_002947,t4_act_001850,cgnat_mobile_ip_storm,4
t4_dev_002948,t4_act_001850,cgnat_mobile_ip_storm,4
t4_dev_002949,t4_act_001850,cgnat_mobile_ip_storm,4
t4_dev_002950,t4_act_001850,cgnat_mobile_ip_storm,4
t4_dev_002951,t4_act_001850,cgnat_mobile_ip_storm,4
t4_dev_002952,t4_act_001850,cgnat_mobile_ip_storm,4
t4_dev_002953,t4_act_001850,cgnat_mobile_ip_storm,4
t4_dev_002954,t4_act_001850,cgnat_mobile_ip_storm,4
t4_dev_002955,t4_act_001850,cgnat_mobile_ip_storm,4
t4_dev_002956,t4_act_001850,cgnat_mobile_ip_storm,4
t4_dev_002957,t4_act_001850,cgnat_mobile_ip_storm,4
t4_dev_002958,t4_act_001850,cgnat_mobile_ip_storm,4
t4_dev_008304,t4_act_006075,persistent_card_problem_hard,2
t4_dev_006587,t4_act_004678,genuine_wallet_cycling,1
t4_dev_000903,t4_act_000388,persistent_card_problem_hard,0
t4_dev_004936,t4_act_003315,persistent_card_problem_hard,3
t4_dev_007648,t4_act_005529,normal_returning_customer,3
t4_dev_008712,t4_act_006430,normal_guest_checkout,4
t4_dev_005637,t4_act_003891,multi_device_customer_v4,0
t4_dev_002274,t4_act_001356,new_customer_onboarding,3
t4_dev_009008,t4_act_006704,normal_returning_customer,2
t4_dev_002386,t4_act_001441,session_recreation_flaky_net,1
t4_dev_004138,t4_act_002739,genuine_wallet_cycling,3
t4_dev_004775,t4_act_003212,cross_device_weak_guest,3
t4_dev_005374,t4_act_003666,normal_returning_customer,0
t4_dev_003824,t4_act_002480,normal_guest_checkout,2
t4_dev_007744,t4_act_005613,multi_device_customer_v4,2
t4_dev_007031,t4_act_005049,genuine_wallet_cycling,1
t4_dev_007495,t4_act_005409,new_customer_onboarding,1
t4_dev_007130,t4_act_005128,persistent_card_problem_hard,1
t4_dev_004070,t4_act_002681,session_churn_v4,4
t4_dev_004477,t4_act_002988,persistent_card_problem_hard,2
t4_dev_002840,t4_act_001789,cross_device_partial,4
t4_dev_005312,t4_act_003612,normal_guest_checkout,1
t4_dev_005304,t4_act_003607,multi_device_customer_v4,2
t4_dev_001945,t4_act_001120,normal_guest_checkout,2
t4_dev_000821,t4_act_000306,persistent_card_problem_hard,3
t4_dev_004597,t4_act_003079,network_retry_storm_hard,2
t4_dev_004776,t4_act_003212,cross_device_weak_guest,3
t4_dev_006100,t4_act_004268,normal_guest_checkout,1
t4_dev_005083,t4_act_003432,persistent_card_problem_hard,2
t4_dev_002453,t4_act_001499,normal_guest_checkout,0
t4_dev_000873,t4_act_000358,persistent_card_problem_hard,3
t4_dev_004481,t4_act_002992,merchant_normal_amount_attack_v4,2
t4_dev_005084,t4_act_003433,genuine_wallet_cycling,3
t4_dev_005313,t4_act_003613,normal_guest_checkout,4
t4_dev_008503,t4_act_006246,normal_returning_customer,0
t4_dev_007331,t4_act_005278,new_customer_onboarding,1
t4_dev_001845,t4_act_001047,multi_device_customer_v4,4
t4_dev_008744,t4_act_006462,new_customer_onboarding,4
t4_dev_003926,t4_act_002566,sparse_multiday_v4,1
t4_dev_001025,t4_act_000510,network_retry_storm_hard,4
t4_dev_004943,t4_act_003320,normal_guest_checkout,2
t4_dev_008698,t4_act_006418,network_retry_storm_hard,0
t4_dev_005429,t4_act_003718,session_recreation_flaky_net,2
t4_dev_006804,t4_act_004856,multi_device_customer_v4,1
t4_dev_005205,t4_act_003521,genuine_wallet_cycling,0
t4_dev_008105,t4_act_005914,network_retry_storm_hard,0
t4_dev_004777,t4_act_003212,cross_device_weak_guest,3
t4_dev_002315,t4_act_001388,warm_up_then_attack_v4,1
t4_dev_005144,t4_act_003482,persistent_card_problem_hard,1
t4_dev_008832,t4_act_006542,network_retry_storm_hard,4
t4_dev_008193,t4_act_005994,normal_guest_checkout,2
t4_dev_002644,t4_act_001637,new_customer_onboarding,4
t4_dev_005150,t4_act_003488,session_recreation_flaky_net,4
t4_dev_004778,t4_act_003212,cross_device_weak_guest,3
t4_dev_008951,t4_act_006653,persistent_card_problem_hard,3
t4_dev_002816,t4_act_001778,normal_returning_customer,0
t4_dev_001607,t4_act_000894,persistent_card_problem_hard,0
t4_dev_006532,t4_act_004626,persistent_card_problem_hard,1
t4_dev_003322,t4_act_002093,normal_returning_customer,3
t4_dev_000055,t4_act_000010,cross_device_weak_guest,0
t4_dev_001778,t4_act_001014,cross_device_weak_guest,2
t4_dev_001809,t4_act_001036,normal_guest_checkout,4
t4_dev_003770,t4_act_002431,new_customer_onboarding,2
t4_dev_002474,t4_act_001517,network_retry_storm_hard,4
t4_dev_002608,t4_act_001612,multi_device_customer_v4,2
t4_dev_007601,t4_act_005504,multi_device_customer_v4,3
t4_dev_006847,t4_act_004892,persistent_card_problem_hard,4
t4_dev_001871,t4_act_001066,persistent_card_problem_hard,4
t4_dev_006458,t4_act_004557,new_customer_onboarding,0
t4_dev_006489,t4_act_004586,network_retry_storm_hard,1
t4_dev_003463,t4_act_002212,normal_guest_checkout,2
t4_dev_005127,t4_act_003466,normal_guest_checkout,2
t4_dev_001741,t4_act_000985,cvv_and_expiry_mistakes,3
t4_dev_002437,t4_act_001485,persistent_card_problem_hard,4
t4_dev_002663,t4_act_001655,normal_returning_customer,2
t4_dev_008319,t4_act_006089,persistent_card_problem_hard,2
t4_dev_001411,t4_act_000877,cgnat_mobile_ip_storm,2
t4_dev_001412,t4_act_000877,cgnat_mobile_ip_storm,2
t4_dev_001413,t4_act_000877,cgnat_mobile_ip_storm,2
t4_dev_001414,t4_act_000877,cgnat_mobile_ip_storm,2
t4_dev_001415,t4_act_000877,cgnat_mobile_ip_storm,2
t4_dev_001416,t4_act_000877,cgnat_mobile_ip_storm,2
t4_dev_001417,t4_act_000877,cgnat_mobile_ip_storm,2
t4_dev_003379,t4_act_002144,warm_up_then_attack_v4,0
t4_dev_001418,t4_act_000877,cgnat_mobile_ip_storm,2
t4_dev_001419,t4_act_000877,cgnat_mobile_ip_storm,2
t4_dev_001420,t4_act_000877,cgnat_mobile_ip_storm,2
t4_dev_001421,t4_act_000877,cgnat_mobile_ip_storm,2
t4_dev_006958,t4_act_004990,persistent_card_problem_hard,3
t4_dev_001422,t4_act_000877,cgnat_mobile_ip_storm,2
t4_dev_001423,t4_act_000877,cgnat_mobile_ip_storm,2
t4_dev_001424,t4_act_000877,cgnat_mobile_ip_storm,2
t4_dev_001425,t4_act_000877,cgnat_mobile_ip_storm,2
t4_dev_001426,t4_act_000877,cgnat_mobile_ip_storm,2
t4_dev_001427,t4_act_000877,cgnat_mobile_ip_storm,2
t4_dev_004566,t4_act_003052,ultra_patient_v4,0
t4_dev_001428,t4_act_000877,cgnat_mobile_ip_storm,2
t4_dev_001429,t4_act_000877,cgnat_mobile_ip_storm,2
t4_dev_001430,t4_act_000877,cgnat_mobile_ip_storm,2
t4_dev_007283,t4_act_005250,session_recreation_flaky_net,4
t4_dev_008223,t4_act_006018,new_customer_onboarding,4
t4_dev_003347,t4_act_002116,network_retry_storm_hard,2
t4_dev_009076,t4_act_006751,cvv_and_expiry_mistakes,1
t4_dev_004779,t4_act_003212,cross_device_weak_guest,3
t4_dev_002260,t4_act_001345,normal_returning_customer,2
t4_dev_004984,t4_act_003355,session_churn_v4,3
t4_dev_006392,t4_act_004497,persistent_card_problem_hard,3
t4_dev_001785,t4_act_001015,normal_guest_checkout,2
t4_dev_008530,t4_act_006268,cvv_and_expiry_mistakes,4
t4_dev_006399,t4_act_004504,genuine_wallet_cycling,0
t4_dev_004567,t4_act_003053,normal_guest_checkout,2
t4_dev_008177,t4_act_005978,normal_guest_checkout,1
t4_dev_001779,t4_act_001014,cross_device_weak_guest,2
t4_dev_000056,t4_act_000010,cross_device_weak_guest,0
t4_dev_007568,t4_act_005476,cvv_and_expiry_mistakes,2
t4_dev_004385,t4_act_002913,normal_returning_customer,1
t4_dev_008617,t4_act_006346,network_retry_storm_hard,1
t4_dev_002445,t4_act_001492,normal_returning_customer,4
t4_dev_004780,t4_act_003212,cross_device_weak_guest,3
t4_dev_007668,t4_act_005546,normal_guest_checkout,0
t4_dev_006520,t4_act_004615,normal_guest_checkout,3
t4_dev_003585,t4_act_002286,persistent_card_problem_hard,0
t4_dev_001780,t4_act_001014,cross_device_weak_guest,2
t4_dev_001063,t4_act_000548,network_retry_storm_hard,1
t4_dev_002476,t4_act_001519,persistent_card_problem_hard,3
t4_dev_000057,t4_act_000010,cross_device_weak_guest,0
t4_dev_006237,t4_act_004370,normal_guest_checkout,2
t4_dev_007415,t4_act_005353,persistent_card_problem_hard,0
t4_dev_003088,t4_act_001913,normal_guest_checkout,2
t4_dev_003314,t4_act_002085,normal_guest_checkout,0
t4_dev_005829,t4_act_004062,persistent_card_problem_hard,4
t4_dev_002666,t4_act_001657,new_customer_onboarding,4
t4_dev_001616,t4_act_000901,fast_burst_v4,3
t4_dev_008320,t4_act_006090,new_customer_onboarding,3
t4_dev_007991,t4_act_005826,network_retry_storm_hard,1
t4_dev_000942,t4_act_000427,persistent_card_problem_hard,3
t4_dev_005818,t4_act_004053,normal_returning_customer,1
t4_dev_002272,t4_act_001355,normal_returning_customer,1
t4_dev_004390,t4_act_002917,persistent_card_problem_hard,3
t4_dev_003308,t4_act_002080,new_customer_onboarding,2
t4_dev_005954,t4_act_004153,normal_guest_checkout,4
t4_dev_008385,t4_act_006140,new_customer_onboarding,4
t4_dev_003929,t4_act_002568,cvv_and_expiry_mistakes,0
t4_dev_000058,t4_act_000010,cross_device_weak_guest,0
t4_dev_008881,t4_act_006585,normal_returning_customer,1
t4_dev_001781,t4_act_001014,cross_device_weak_guest,2
t4_dev_004781,t4_act_003212,cross_device_weak_guest,3
t4_dev_004437,t4_act_002955,normal_guest_checkout,2
t4_dev_001782,t4_act_001014,cross_device_weak_guest,2
t4_dev_003346,t4_act_002115,persistent_card_problem_hard,2
t4_dev_001023,t4_act_000508,network_retry_storm_hard,0
t4_dev_004532,t4_act_003030,normal_guest_checkout,0
t4_dev_007165,t4_act_005162,network_retry_storm_hard,0
t4_dev_007974,t4_act_005810,new_customer_onboarding,2
t4_dev_005917,t4_act_004119,normal_returning_customer,0
t4_dev_000866,t4_act_000351,persistent_card_problem_hard,3
t4_dev_008214,t4_act_006010,multi_device_customer_v4,1
t4_dev_006552,t4_act_004643,persistent_card_problem_hard,4
t4_dev_007608,t4_act_005510,network_retry_storm_hard,4
t4_dev_004594,t4_act_003076,network_retry_storm_hard,2
t4_dev_004782,t4_act_003212,cross_device_weak_guest,3
t4_dev_000059,t4_act_000010,cross_device_weak_guest,0
t4_dev_007124,t4_act_005124,normal_returning_customer,3
t4_dev_000060,t4_act_000010,cross_device_weak_guest,0
t4_dev_008999,t4_act_006697,normal_guest_checkout,0
t4_dev_006981,t4_act_005009,session_recreation_flaky_net,0
t4_dev_003570,t4_act_002274,burst_pause_burst_v4,2
t4_dev_006179,t4_act_004318,normal_guest_checkout,0
t4_dev_005812,t4_act_004047,persistent_card_problem_hard,0
t4_dev_007239,t4_act_005212,normal_guest_checkout,0
t4_dev_004069,t4_act_002680,multi_device_customer_v4,1
t4_dev_004073,t4_act_002683,network_retry_storm_hard,1
t4_dev_001662,t4_act_000939,normal_returning_customer,0
t4_dev_007026,t4_act_005045,multi_device_customer_v4,4
t4_dev_001719,t4_act_000966,persistent_card_problem_hard,2
t4_dev_003106,t4_act_001929,cvv_and_expiry_mistakes,4
t4_dev_004972,t4_act_003347,warm_up_then_attack_v4,3
t4_dev_006745,t4_act_004823,genuine_wallet_cycling,4
t4_dev_000098,t4_act_000017,cross_device_weak_guest,1
t4_dev_000099,t4_act_000017,cross_device_weak_guest,1
t4_dev_000051,t4_act_000009,cross_device_weak_guest,4
t4_dev_008545,t4_act_006280,normal_returning_customer,0
t4_dev_001783,t4_act_001014,cross_device_weak_guest,2
t4_dev_006946,t4_act_004980,network_retry_storm_hard,0
t4_dev_004930,t4_act_003310,merchant_normal_amount_attack_v4,0
t4_dev_000100,t4_act_000017,cross_device_weak_guest,1
t4_dev_008927,t4_act_006630,session_recreation_flaky_net,0
t4_dev_008829,t4_act_006539,session_recreation_flaky_net,2
t4_dev_001106,t4_act_000591,network_retry_storm_hard,1
t4_dev_005098,t4_act_003445,cross_device_weak_guest,3
t4_dev_002191,t4_act_001292,genuine_wallet_cycling,0
t4_dev_002824,t4_act_001780,multi_device_customer_v4,4
t4_dev_004436,t4_act_002954,session_churn_v4,3
t4_dev_004569,t4_act_003055,persistent_card_problem_hard,0
t4_dev_003412,t4_act_002166,normal_returning_customer,1
t4_dev_007007,t4_act_005029,normal_guest_checkout,1
t4_dev_005320,t4_act_003620,new_customer_onboarding,4
t4_dev_008400,t4_act_006154,network_retry_storm_hard,1
t4_dev_006815,t4_act_004866,new_customer_onboarding,4
t4_dev_000923,t4_act_000408,persistent_card_problem_hard,3
t4_dev_006629,t4_act_004716,network_retry_storm_hard,2
t4_dev_001784,t4_act_001014,cross_device_weak_guest,2
t4_dev_002897,t4_act_001816,new_customer_onboarding,1
t4_dev_005099,t4_act_003445,cross_device_weak_guest,3
t4_dev_000976,t4_act_000461,persistent_card_problem_hard,1
t4_dev_005410,t4_act_003699,session_recreation_flaky_net,3
t4_dev_002668,t4_act_001659,normal_guest_checkout,3
t4_dev_003190,t4_act_001989,persistent_card_problem_hard,1
t4_dev_000052,t4_act_000009,cross_device_weak_guest,4
t4_dev_003519,t4_act_002238,persistent_card_problem_hard,1
t4_dev_008879,t4_act_006583,genuine_wallet_cycling,2
t4_dev_005204,t4_act_003520,patient_tester_v4,0
t4_dev_001491,t4_act_000881,cgnat_mobile_ip_storm,4
t4_dev_001492,t4_act_000881,cgnat_mobile_ip_storm,4
t4_dev_001493,t4_act_000881,cgnat_mobile_ip_storm,4
t4_dev_001494,t4_act_000881,cgnat_mobile_ip_storm,4
t4_dev_001495,t4_act_000881,cgnat_mobile_ip_storm,4
t4_dev_001496,t4_act_000881,cgnat_mobile_ip_storm,4
t4_dev_001497,t4_act_000881,cgnat_mobile_ip_storm,4
t4_dev_001498,t4_act_000881,cgnat_mobile_ip_storm,4
t4_dev_001499,t4_act_000881,cgnat_mobile_ip_storm,4
t4_dev_001500,t4_act_000881,cgnat_mobile_ip_storm,4
t4_dev_001501,t4_act_000881,cgnat_mobile_ip_storm,4
t4_dev_001502,t4_act_000881,cgnat_mobile_ip_storm,4
t4_dev_001503,t4_act_000881,cgnat_mobile_ip_storm,4
t4_dev_001504,t4_act_000881,cgnat_mobile_ip_storm,4
t4_dev_001505,t4_act_000881,cgnat_mobile_ip_storm,4
t4_dev_002122,t4_act_001250,genuine_wallet_cycling,3
t4_dev_001506,t4_act_000881,cgnat_mobile_ip_storm,4
t4_dev_006761,t4_act_004834,normal_returning_customer,3
t4_dev_001507,t4_act_000881,cgnat_mobile_ip_storm,4
t4_dev_001508,t4_act_000881,cgnat_mobile_ip_storm,4
t4_dev_001509,t4_act_000881,cgnat_mobile_ip_storm,4
t4_dev_001510,t4_act_000881,cgnat_mobile_ip_storm,4
t4_dev_002924,t4_act_001837,new_customer_onboarding,3
t4_dev_008795,t4_act_006508,normal_guest_checkout,0
t4_dev_004498,t4_act_003006,genuine_wallet_cycling,4
t4_dev_001073,t4_act_000558,network_retry_storm_hard,2
t4_dev_005100,t4_act_003445,cross_device_weak_guest,3
t4_dev_000101,t4_act_000017,cross_device_weak_guest,1
t4_dev_002399,t4_act_001453,genuine_wallet_cycling,4
t4_dev_006379,t4_act_004485,normal_returning_customer,1
t4_dev_004878,t4_act_003285,normal_returning_customer,1
t4_dev_007027,t4_act_005045,multi_device_customer_v4,4
t4_dev_008257,t4_act_006051,new_customer_onboarding,1
t4_dev_008778,t4_act_006492,network_retry_storm_hard,0
t4_dev_003557,t4_act_002268,persistent_card_problem_hard,4
t4_dev_007247,t4_act_005219,persistent_card_problem_hard,4
t4_dev_006651,t4_act_004737,genuine_wallet_cycling,4
t4_dev_000053,t4_act_000009,cross_device_weak_guest,4
t4_dev_006368,t4_act_004475,normal_returning_customer,2
t4_dev_005762,t4_act_004001,session_recreation_flaky_net,4
t4_dev_008736,t4_act_006454,persistent_card_problem_hard,3
t4_dev_005101,t4_act_003445,cross_device_weak_guest,3
t4_dev_000809,t4_act_000294,persistent_card_problem_hard,0
t4_dev_002692,t4_act_001679,persistent_card_problem_hard,0
t4_dev_005638,t4_act_003891,multi_device_customer_v4,0
t4_dev_000102,t4_act_000017,cross_device_weak_guest,1
t4_dev_000054,t4_act_000009,cross_device_weak_guest,4
t4_dev_007406,t4_act_005345,persistent_card_problem_hard,1
t4_dev_003495,t4_act_002233,network_retry_storm_hard,4
t4_dev_006732,t4_act_004812,normal_returning_customer,1
t4_dev_004836,t4_act_003251,new_customer_onboarding,1
t4_dev_000837,t4_act_000322,persistent_card_problem_hard,2
t4_dev_008326,t4_act_006095,normal_guest_checkout,3
t4_dev_004274,t4_act_002843,normal_returning_customer,1
t4_dev_007561,t4_act_005470,normal_returning_customer,2
t4_dev_003237,t4_act_002023,session_recreation_flaky_net,1
t4_dev_001771,t4_act_001009,normal_guest_checkout,3
t4_dev_007254,t4_act_005225,multi_device_customer_v4,1
t4_dev_001790,t4_act_001018,normal_returning_customer,4
t4_dev_003891,t4_act_002534,network_retry_storm_hard,2
t4_dev_007808,t4_act_005669,normal_guest_checkout,2
t4_dev_004680,t4_act_003147,merchant_normal_amount_attack_v4,0
t4_dev_002530,t4_act_001563,session_recreation_flaky_net,2
t4_dev_005102,t4_act_003445,cross_device_weak_guest,3
t4_dev_003859,t4_act_002506,genuine_wallet_cycling,4
t4_dev_008059,t4_act_005870,normal_guest_checkout,0
t4_dev_003892,t4_act_002535,normal_guest_checkout,0
t4_dev_007333,t4_act_005280,new_customer_onboarding,0
t4_dev_001961,t4_act_001134,genuine_wallet_cycling,0
t4_dev_005835,t4_act_004066,normal_guest_checkout,1
t4_dev_007044,t4_act_005060,cvv_and_expiry_mistakes,4
t4_dev_002649,t4_act_001641,new_customer_onboarding,3
t4_dev_005894,t4_act_004101,network_retry_storm_hard,0
t4_dev_002215,t4_act_001310,network_retry_storm_hard,0
t4_dev_007221,t4_act_005195,normal_returning_customer,3
t4_dev_001999,t4_act_001169,new_customer_onboarding,4
t4_dev_002699,t4_act_001686,multi_device_customer_v4,1
t4_dev_003816,t4_act_002473,normal_guest_checkout,3
t4_dev_001013,t4_act_000498,network_retry_storm_hard,3
t4_dev_002730,t4_act_001705,normal_guest_checkout,3
t4_dev_004791,t4_act_003221,network_retry_storm_hard,0
t4_dev_000928,t4_act_000413,persistent_card_problem_hard,4
t4_dev_000859,t4_act_000344,persistent_card_problem_hard,2
t4_dev_007873,t4_act_005725,genuine_wallet_cycling,2
t4_dev_007359,t4_act_005305,persistent_card_problem_hard,4
t4_dev_002832,t4_act_001786,normal_guest_checkout,4
t4_dev_006400,t4_act_004505,normal_guest_checkout,4
t4_dev_008150,t4_act_005954,persistent_card_problem_hard,0
t4_dev_005254,t4_act_003565,network_retry_storm_hard,4
t4_dev_008396,t4_act_006150,genuine_wallet_cycling,1
t4_dev_008840,t4_act_006550,session_recreation_flaky_net,0
t4_dev_009026,t4_act_006722,new_customer_onboarding,2
t4_dev_007806,t4_act_005667,normal_guest_checkout,3
t4_dev_005186,t4_act_003504,normal_returning_customer,0
t4_dev_006646,t4_act_004732,network_retry_storm_hard,0
t4_dev_005308,t4_act_003609,persistent_card_problem_hard,4
t4_dev_007961,t4_act_005798,new_customer_onboarding,2
t4_dev_000812,t4_act_000297,persistent_card_problem_hard,3
t4_dev_007915,t4_act_005759,normal_returning_customer,3
t4_dev_008569,t4_act_006300,network_retry_storm_hard,3
t4_dev_001170,t4_act_000655,network_retry_storm_hard,4
t4_dev_001076,t4_act_000561,network_retry_storm_hard,3
t4_dev_004674,t4_act_003143,burst_pause_burst_v4,4
t4_dev_008383,t4_act_006139,multi_device_customer_v4,0
t4_dev_002762,t4_act_001736,new_customer_onboarding,0
t4_dev_001046,t4_act_000531,network_retry_storm_hard,3
t4_dev_008252,t4_act_006046,persistent_card_problem_hard,1
t4_dev_007754,t4_act_005622,genuine_wallet_cycling,2
t4_dev_003565,t4_act_002271,normal_guest_checkout,0
t4_dev_001959,t4_act_001132,cvv_and_expiry_mistakes,1
t4_dev_005972,t4_act_004170,persistent_card_problem_hard,4
t4_dev_008548,t4_act_006282,normal_returning_customer,3
t4_dev_005378,t4_act_003669,persistent_card_problem_hard,2
t4_dev_008258,t4_act_006052,network_retry_storm_hard,3
t4_dev_000851,t4_act_000336,persistent_card_problem_hard,4
t4_dev_006466,t4_act_004565,network_retry_storm_hard,1
t4_dev_003217,t4_act_002006,warm_up_then_attack_v4,1
t4_dev_003979,t4_act_002609,new_customer_onboarding,0
t4_dev_003396,t4_act_002157,normal_returning_customer,3
t4_dev_001951,t4_act_001125,session_recreation_flaky_net,2
t4_dev_008578,t4_act_006308,persistent_card_problem_hard,3
t4_dev_006942,t4_act_004978,multi_device_customer_v4,4
t4_dev_008140,t4_act_005945,new_customer_onboarding,0
t4_dev_006738,t4_act_004816,persistent_card_problem_hard,3
t4_dev_004466,t4_act_002978,normal_returning_customer,0
t4_dev_001858,t4_act_001059,merchant_normal_amount_attack_v4,4
t4_dev_004927,t4_act_003308,persistent_card_problem_hard,3
t4_dev_007062,t4_act_005073,multi_device_customer_v4,4
t4_dev_003554,t4_act_002266,session_churn_v4,3
t4_dev_004513,t4_act_003016,persistent_card_problem_hard,3
t4_dev_007595,t4_act_005500,normal_returning_customer,0
t4_dev_005035,t4_act_003396,persistent_card_problem_hard,2
t4_dev_008568,t4_act_006299,normal_guest_checkout,3
t4_dev_006948,t4_act_004982,new_customer_onboarding,0
t4_dev_003902,t4_act_002545,burst_pause_burst_v4,4
t4_dev_005743,t4_act_003986,multi_device_customer_v4,0
t4_dev_004689,t4_act_003150,success_camouflage_v4,1
t4_dev_007491,t4_act_005405,session_recreation_flaky_net,0
t4_dev_005753,t4_act_003992,normal_returning_customer,2
t4_dev_008630,t4_act_006359,cvv_and_expiry_mistakes,3
t4_dev_004952,t4_act_003329,fast_burst_v4,1
t4_dev_000910,t4_act_000395,persistent_card_problem_hard,0
t4_dev_007917,t4_act_005761,normal_guest_checkout,3
t4_dev_007763,t4_act_005631,new_customer_onboarding,1
t4_dev_002229,t4_act_001321,multi_device_customer_v4,2
t4_dev_005583,t4_act_003844,normal_returning_customer,4
t4_dev_007653,t4_act_005533,session_recreation_flaky_net,4
t4_dev_008664,t4_act_006386,network_retry_storm_hard,0
t4_dev_000926,t4_act_000411,persistent_card_problem_hard,0
t4_dev_001039,t4_act_000524,network_retry_storm_hard,0
t4_dev_004472,t4_act_002983,normal_guest_checkout,2
t4_dev_003418,t4_act_002171,persistent_card_problem_hard,0
t4_dev_001655,t4_act_000933,persistent_card_problem_hard,0
t4_dev_003435,t4_act_002186,normal_guest_checkout,3
t4_dev_004988,t4_act_003358,persistent_card_problem_hard,4
t4_dev_001701,t4_act_000952,sparse_multiday_v4,0
t4_dev_008322,t4_act_006092,normal_returning_customer,2
t4_dev_008742,t4_act_006460,new_customer_onboarding,4
t4_dev_005639,t4_act_003891,multi_device_customer_v4,0
t4_dev_008669,t4_act_006391,network_retry_storm_hard,0
t4_dev_008141,t4_act_005946,normal_returning_customer,2
t4_dev_005720,t4_act_003966,session_recreation_flaky_net,2
t4_dev_004098,t4_act_002706,multi_device_customer_v4,3
t4_dev_005935,t4_act_004137,new_customer_onboarding,3
t4_dev_004768,t4_act_003206,ultra_patient_v4,2
t4_dev_006038,t4_act_004228,network_retry_storm_hard,4
t4_dev_002096,t4_act_001234,normal_guest_checkout,4
t4_dev_007842,t4_act_005700,network_retry_storm_hard,4
t4_dev_005305,t4_act_003607,multi_device_customer_v4,2
t4_dev_003599,t4_act_002299,genuine_wallet_cycling,2
t4_dev_006896,t4_act_004934,persistent_card_problem_hard,2
t4_dev_006810,t4_act_004862,persistent_card_problem_hard,0
t4_dev_002287,t4_act_001368,session_recreation_flaky_net,3
t4_dev_005738,t4_act_003982,normal_returning_customer,3
t4_dev_000322,t4_act_000064,cross_device_partial,0
t4_dev_005154,t4_act_003492,cgnat_mobile_ip_storm,3
t4_dev_005155,t4_act_003492,cgnat_mobile_ip_storm,3
t4_dev_005156,t4_act_003492,cgnat_mobile_ip_storm,3
t4_dev_005157,t4_act_003492,cgnat_mobile_ip_storm,3
t4_dev_005158,t4_act_003492,cgnat_mobile_ip_storm,3
t4_dev_005159,t4_act_003492,cgnat_mobile_ip_storm,3
t4_dev_005160,t4_act_003492,cgnat_mobile_ip_storm,3
t4_dev_005161,t4_act_003492,cgnat_mobile_ip_storm,3
t4_dev_005162,t4_act_003492,cgnat_mobile_ip_storm,3
t4_dev_005163,t4_act_003492,cgnat_mobile_ip_storm,3
t4_dev_005164,t4_act_003492,cgnat_mobile_ip_storm,3
t4_dev_005165,t4_act_003492,cgnat_mobile_ip_storm,3
t4_dev_005166,t4_act_003492,cgnat_mobile_ip_storm,3
t4_dev_005167,t4_act_003492,cgnat_mobile_ip_storm,3
t4_dev_005168,t4_act_003492,cgnat_mobile_ip_storm,3
t4_dev_005169,t4_act_003492,cgnat_mobile_ip_storm,3
t4_dev_005170,t4_act_003492,cgnat_mobile_ip_storm,3
t4_dev_005171,t4_act_003492,cgnat_mobile_ip_storm,3
t4_dev_005172,t4_act_003492,cgnat_mobile_ip_storm,3
t4_dev_005173,t4_act_003492,cgnat_mobile_ip_storm,3
t4_dev_004253,t4_act_002826,network_retry_storm_hard,2
t4_dev_003628,t4_act_002322,merchant_normal_amount_attack_v4,4
t4_dev_000382,t4_act_000077,cross_device_partial,4
t4_dev_007979,t4_act_005815,persistent_card_problem_hard,3
t4_dev_003497,t4_act_002235,cgnat_mobile_ip_storm,0
t4_dev_003498,t4_act_002235,cgnat_mobile_ip_storm,0
t4_dev_003499,t4_act_002235,cgnat_mobile_ip_storm,0
t4_dev_005048,t4_act_003406,network_retry_storm_hard,3
t4_dev_003500,t4_act_002235,cgnat_mobile_ip_storm,0
t4_dev_003501,t4_act_002235,cgnat_mobile_ip_storm,0
t4_dev_003502,t4_act_002235,cgnat_mobile_ip_storm,0
t4_dev_003503,t4_act_002235,cgnat_mobile_ip_storm,0
t4_dev_003819,t4_act_002476,network_retry_storm_hard,2
t4_dev_003504,t4_act_002235,cgnat_mobile_ip_storm,0
t4_dev_003505,t4_act_002235,cgnat_mobile_ip_storm,0
t4_dev_003506,t4_act_002235,cgnat_mobile_ip_storm,0
t4_dev_003507,t4_act_002235,cgnat_mobile_ip_storm,0
t4_dev_003508,t4_act_002235,cgnat_mobile_ip_storm,0
t4_dev_003509,t4_act_002235,cgnat_mobile_ip_storm,0
t4_dev_003510,t4_act_002235,cgnat_mobile_ip_storm,0
t4_dev_003511,t4_act_002235,cgnat_mobile_ip_storm,0
t4_dev_003512,t4_act_002235,cgnat_mobile_ip_storm,0
t4_dev_003513,t4_act_002235,cgnat_mobile_ip_storm,0
t4_dev_003514,t4_act_002235,cgnat_mobile_ip_storm,0
t4_dev_003515,t4_act_002235,cgnat_mobile_ip_storm,0
t4_dev_008816,t4_act_006528,network_retry_storm_hard,2
t4_dev_003516,t4_act_002235,cgnat_mobile_ip_storm,0
t4_dev_003944,t4_act_002582,normal_guest_checkout,1
t4_dev_008835,t4_act_006545,normal_returning_customer,3
t4_dev_006154,t4_act_004314,cgnat_mobile_ip_storm,1
t4_dev_006155,t4_act_004314,cgnat_mobile_ip_storm,1
t4_dev_006156,t4_act_004314,cgnat_mobile_ip_storm,1
t4_dev_005549,t4_act_003813,cvv_and_expiry_mistakes,4
t4_dev_006157,t4_act_004314,cgnat_mobile_ip_storm,1
t4_dev_006158,t4_act_004314,cgnat_mobile_ip_storm,1
t4_dev_006159,t4_act_004314,cgnat_mobile_ip_storm,1
t4_dev_006160,t4_act_004314,cgnat_mobile_ip_storm,1
t4_dev_004162,t4_act_002761,normal_guest_checkout,4
t4_dev_006161,t4_act_004314,cgnat_mobile_ip_storm,1
t4_dev_006162,t4_act_004314,cgnat_mobile_ip_storm,1
t4_dev_006163,t4_act_004314,cgnat_mobile_ip_storm,1
t4_dev_001146,t4_act_000631,network_retry_storm_hard,3
t4_dev_002126,t4_act_001253,multi_device_customer_v4,1
t4_dev_006164,t4_act_004314,cgnat_mobile_ip_storm,1
t4_dev_006165,t4_act_004314,cgnat_mobile_ip_storm,1
t4_dev_006166,t4_act_004314,cgnat_mobile_ip_storm,1
t4_dev_006167,t4_act_004314,cgnat_mobile_ip_storm,1
t4_dev_006168,t4_act_004314,cgnat_mobile_ip_storm,1
t4_dev_006169,t4_act_004314,cgnat_mobile_ip_storm,1
t4_dev_006170,t4_act_004314,cgnat_mobile_ip_storm,1
t4_dev_006171,t4_act_004314,cgnat_mobile_ip_storm,1
t4_dev_006172,t4_act_004314,cgnat_mobile_ip_storm,1
t4_dev_006173,t4_act_004314,cgnat_mobile_ip_storm,1
t4_dev_005846,t4_act_004075,persistent_card_problem_hard,0
t4_dev_003608,t4_act_002308,network_retry_storm_hard,0
t4_dev_005614,t4_act_003870,persistent_card_problem_hard,4
t4_dev_005082,t4_act_003431,persistent_card_problem_hard,4
t4_dev_004960,t4_act_003337,new_customer_onboarding,3
t4_dev_002988,t4_act_001874,genuine_wallet_cycling,0
t4_dev_004995,t4_act_003364,normal_returning_customer,4
t4_dev_002697,t4_act_001684,session_recreation_flaky_net,2
t4_dev_005938,t4_act_004140,network_retry_storm_hard,3
t4_dev_004038,t4_act_002652,genuine_wallet_cycling,0
t4_dev_006145,t4_act_004308,new_customer_onboarding,0
t4_dev_007773,t4_act_005638,new_customer_onboarding,2
t4_dev_006269,t4_act_004398,network_retry_storm_hard,4
t4_dev_007248,t4_act_005220,persistent_card_problem_hard,4
t4_dev_008361,t4_act_006122,session_recreation_flaky_net,1
t4_dev_007589,t4_act_005494,persistent_card_problem_hard,3
t4_dev_004671,t4_act_003141,normal_guest_checkout,2
t4_dev_008362,t4_act_006123,persistent_card_problem_hard,0
t4_dev_004631,t4_act_003107,multi_device_customer_v4,4
t4_dev_003481,t4_act_002221,network_retry_storm_hard,0
t4_dev_008045,t4_act_005857,cvv_and_expiry_mistakes,2
t4_dev_001658,t4_act_000935,burst_pause_burst_v4,0
t4_dev_002230,t4_act_001321,multi_device_customer_v4,2
t4_dev_000931,t4_act_000416,persistent_card_problem_hard,3
t4_dev_008114,t4_act_005923,normal_returning_customer,0
t4_dev_000323,t4_act_000064,cross_device_partial,0
t4_dev_007553,t4_act_005462,normal_guest_checkout,2
t4_dev_000383,t4_act_000077,cross_device_partial,4
t4_dev_006880,t4_act_004920,persistent_card_problem_hard,0
t4_dev_004008,t4_act_002629,network_retry_storm_hard,2
t4_dev_002297,t4_act_001375,new_customer_onboarding,2
t4_dev_001724,t4_act_000970,session_churn_v4,1
t4_dev_007234,t4_act_005207,cvv_and_expiry_mistakes,1
t4_dev_008256,t4_act_006050,new_customer_onboarding,1
t4_dev_004331,t4_act_002886,normal_guest_checkout,4
t4_dev_006917,t4_act_004953,network_retry_storm_hard,4
t4_dev_005094,t4_act_003441,network_retry_storm_hard,1
t4_dev_003458,t4_act_002207,network_retry_storm_hard,2
t4_dev_002700,t4_act_001686,multi_device_customer_v4,1
t4_dev_008847,t4_act_006556,network_retry_storm_hard,0
t4_dev_002855,t4_act_001800,normal_guest_checkout,2
t4_dev_008629,t4_act_006358,normal_guest_checkout,2
t4_dev_008592,t4_act_006322,normal_returning_customer,3
t4_dev_002845,t4_act_001794,normal_guest_checkout,3
t4_dev_004234,t4_act_002810,genuine_wallet_cycling,0
t4_dev_003419,t4_act_002172,genuine_wallet_cycling,3
t4_dev_000932,t4_act_000417,persistent_card_problem_hard,0
t4_dev_006507,t4_act_004602,genuine_wallet_cycling,4
t4_dev_003774,t4_act_002435,patient_tester_v4,0
t4_dev_000384,t4_act_000077,cross_device_partial,4
t4_dev_008185,t4_act_005986,session_recreation_flaky_net,3
t4_dev_006727,t4_act_004807,session_recreation_flaky_net,0
t4_dev_006411,t4_act_004514,session_recreation_flaky_net,3
t4_dev_004396,t4_act_002922,normal_guest_checkout,1
t4_dev_006036,t4_act_004226,network_retry_storm_hard,4
t4_dev_000936,t4_act_000421,persistent_card_problem_hard,2
t4_dev_007308,t4_act_005274,cgnat_mobile_ip_storm,1
t4_dev_007309,t4_act_005274,cgnat_mobile_ip_storm,1
t4_dev_007310,t4_act_005274,cgnat_mobile_ip_storm,1
t4_dev_007311,t4_act_005274,cgnat_mobile_ip_storm,1
t4_dev_007312,t4_act_005274,cgnat_mobile_ip_storm,1
t4_dev_007313,t4_act_005274,cgnat_mobile_ip_storm,1
t4_dev_007314,t4_act_005274,cgnat_mobile_ip_storm,1
t4_dev_007315,t4_act_005274,cgnat_mobile_ip_storm,1
t4_dev_007316,t4_act_005274,cgnat_mobile_ip_storm,1
t4_dev_007317,t4_act_005274,cgnat_mobile_ip_storm,1
t4_dev_007318,t4_act_005274,cgnat_mobile_ip_storm,1
t4_dev_007319,t4_act_005274,cgnat_mobile_ip_storm,1
t4_dev_007320,t4_act_005274,cgnat_mobile_ip_storm,1
t4_dev_007321,t4_act_005274,cgnat_mobile_ip_storm,1
t4_dev_007322,t4_act_005274,cgnat_mobile_ip_storm,1
t4_dev_007323,t4_act_005274,cgnat_mobile_ip_storm,1
t4_dev_007324,t4_act_005274,cgnat_mobile_ip_storm,1
t4_dev_007325,t4_act_005274,cgnat_mobile_ip_storm,1
t4_dev_007326,t4_act_005274,cgnat_mobile_ip_storm,1
t4_dev_007327,t4_act_005274,cgnat_mobile_ip_storm,1
t4_dev_007159,t4_act_005156,persistent_card_problem_hard,4
t4_dev_004821,t4_act_003241,persistent_card_problem_hard,0
t4_dev_004377,t4_act_002910,normal_returning_customer,4
t4_dev_005987,t4_act_004184,multi_device_customer_v4,4
t4_dev_002863,t4_act_001805,normal_returning_customer,4
t4_dev_002127,t4_act_001253,multi_device_customer_v4,1
t4_dev_006515,t4_act_004610,normal_guest_checkout,0
t4_dev_003073,t4_act_001903,genuine_wallet_cycling,0
t4_dev_003587,t4_act_002288,cvv_and_expiry_mistakes,2
t4_dev_002428,t4_act_001478,fast_burst_v4,4
t4_dev_008703,t4_act_006423,normal_guest_checkout,3
t4_dev_007332,t4_act_005279,persistent_card_problem_hard,4
t4_dev_005299,t4_act_003602,normal_guest_checkout,1
t4_dev_002213,t4_act_001308,ultra_patient_v4,2
t4_dev_000324,t4_act_000064,cross_device_partial,0
t4_dev_007880,t4_act_005730,normal_guest_checkout,0
t4_dev_000385,t4_act_000077,cross_device_partial,4
t4_dev_006229,t4_act_004364,session_recreation_flaky_net,0
t4_dev_008998,t4_act_006696,session_recreation_flaky_net,3
t4_dev_004192,t4_act_002784,cvv_and_expiry_mistakes,4
t4_dev_005820,t4_act_004055,normal_guest_checkout,4
t4_dev_001698,t4_act_000950,new_customer_onboarding,2
t4_dev_004163,t4_act_002762,session_recreation_flaky_net,3
t4_dev_003316,t4_act_002087,network_retry_storm_hard,4
t4_dev_007286,t4_act_005253,normal_guest_checkout,4
t4_dev_002825,t4_act_001780,multi_device_customer_v4,4
t4_dev_005422,t4_act_003711,session_recreation_flaky_net,2
t4_dev_002311,t4_act_001385,session_churn_v4,3
t4_dev_005725,t4_act_003970,multi_device_customer_v4,1
t4_dev_000994,t4_act_000479,persistent_card_problem_hard,2
t4_dev_002592,t4_act_001600,network_retry_storm_hard,3
t4_dev_007651,t4_act_005531,genuine_wallet_cycling,1
t4_dev_004353,t4_act_002905,genuine_wallet_cycling,3
t4_dev_005266,t4_act_003577,network_retry_storm_hard,2
t4_dev_005528,t4_act_003795,genuine_wallet_cycling,1
t4_dev_006632,t4_act_004718,genuine_wallet_cycling,3
t4_dev_000935,t4_act_000420,persistent_card_problem_hard,4
t4_dev_000386,t4_act_000077,cross_device_partial,4
t4_dev_006565,t4_act_004656,cvv_and_expiry_mistakes,4
t4_dev_007560,t4_act_005469,persistent_card_problem_hard,0
t4_dev_004969,t4_act_003345,network_retry_storm_hard,2
t4_dev_007727,t4_act_005597,new_customer_onboarding,3
t4_dev_003017,t4_act_001897,patient_tester_v4,0
t4_dev_007666,t4_act_005544,genuine_wallet_cycling,2
t4_dev_003148,t4_act_001951,genuine_wallet_cycling,2
t4_dev_003707,t4_act_002378,normal_returning_customer,3
t4_dev_006184,t4_act_004323,normal_guest_checkout,2
t4_dev_002671,t4_act_001662,genuine_wallet_cycling,4
t4_dev_001618,t4_act_000903,cvv_and_expiry_mistakes,1
t4_dev_001879,t4_act_001070,normal_guest_checkout,0
t4_dev_006127,t4_act_004293,cvv_and_expiry_mistakes,0
t4_dev_003936,t4_act_002575,normal_returning_customer,4
t4_dev_005198,t4_act_003514,persistent_card_problem_hard,4
t4_dev_004626,t4_act_003103,normal_returning_customer,4
t4_dev_006247,t4_act_004380,genuine_wallet_cycling,3
t4_dev_007005,t4_act_005027,network_retry_storm_hard,3
t4_dev_008340,t4_act_006105,normal_returning_customer,0
t4_dev_001847,t4_act_001049,normal_returning_customer,2
t4_dev_003405,t4_act_002160,new_customer_onboarding,3
t4_dev_007255,t4_act_005225,multi_device_customer_v4,1
t4_dev_004565,t4_act_003051,fast_burst_v4,1
t4_dev_000908,t4_act_000393,persistent_card_problem_hard,1
t4_dev_007403,t4_act_005342,new_customer_onboarding,4
t4_dev_007394,t4_act_005334,cvv_and_expiry_mistakes,1
t4_dev_002422,t4_act_001473,new_customer_onboarding,3
t4_dev_008279,t4_act_006054,multi_device_customer_v4,2
t4_dev_005306,t4_act_003607,multi_device_customer_v4,2
t4_dev_007048,t4_act_005064,genuine_wallet_cycling,2
t4_dev_008602,t4_act_006331,new_customer_onboarding,2
t4_dev_002288,t4_act_001369,new_customer_onboarding,4
t4_dev_007609,t4_act_005511,normal_returning_customer,4
t4_dev_000325,t4_act_000064,cross_device_partial,0
t4_dev_008741,t4_act_006459,network_retry_storm_hard,2
t4_dev_008384,t4_act_006139,multi_device_customer_v4,0
t4_dev_004488,t4_act_002998,normal_guest_checkout,4
t4_dev_006570,t4_act_004661,network_retry_storm_hard,2
t4_dev_007010,t4_act_005032,normal_returning_customer,2
t4_dev_005971,t4_act_004169,session_recreation_flaky_net,0
t4_dev_008961,t4_act_006663,session_recreation_flaky_net,2
t4_dev_005036,t4_act_003397,normal_guest_checkout,3
t4_dev_004036,t4_act_002650,network_retry_storm_hard,3
t4_dev_006117,t4_act_004283,cvv_and_expiry_mistakes,3
t4_dev_007841,t4_act_005699,normal_guest_checkout,3
t4_dev_000387,t4_act_000077,cross_device_partial,4
t4_dev_005737,t4_act_003981,session_recreation_flaky_net,3
t4_dev_002781,t4_act_001755,session_recreation_flaky_net,4
t4_dev_006594,t4_act_004683,normal_guest_checkout,4
t4_dev_003975,t4_act_002605,normal_guest_checkout,1
t4_dev_000820,t4_act_000305,persistent_card_problem_hard,4
t4_dev_006748,t4_act_004826,multi_device_customer_v4,3
t4_dev_008543,t4_act_006279,normal_returning_customer,2
t4_dev_005784,t4_act_004019,persistent_card_problem_hard,3
t4_dev_005999,t4_act_004194,session_recreation_flaky_net,0
t4_dev_000840,t4_act_000325,persistent_card_problem_hard,1
t4_dev_001978,t4_act_001151,patient_tester_v4,3
t4_dev_005744,t4_act_003986,multi_device_customer_v4,0
t4_dev_006882,t4_act_004922,new_customer_onboarding,4
t4_dev_002861,t4_act_001804,multi_device_customer_v4,1
t4_dev_008769,t4_act_006483,cvv_and_expiry_mistakes,2
t4_dev_002914,t4_act_001829,mixed_campaign_v4,1
t4_dev_005542,t4_act_003807,persistent_card_problem_hard,0
t4_dev_005352,t4_act_003648,session_recreation_flaky_net,3
t4_dev_001183,t4_act_000668,network_retry_storm_hard,1
t4_dev_006478,t4_act_004577,normal_guest_checkout,0
t4_dev_002915,t4_act_001829,mixed_campaign_v4,1
t4_dev_006714,t4_act_004794,network_retry_storm_hard,1
t4_dev_005726,t4_act_003970,multi_device_customer_v4,1
t4_dev_008220,t4_act_006016,genuine_wallet_cycling,2
t4_dev_008313,t4_act_006083,persistent_card_problem_hard,1
t4_dev_007526,t4_act_005437,persistent_card_problem_hard,0
t4_dev_003547,t4_act_002262,genuine_wallet_cycling,2
t4_dev_007810,t4_act_005671,normal_returning_customer,4
t4_dev_003133,t4_act_001937,persistent_card_problem_hard,1
t4_dev_005067,t4_act_003419,normal_guest_checkout,1
t4_dev_004632,t4_act_003107,multi_device_customer_v4,4
t4_dev_001165,t4_act_000650,network_retry_storm_hard,0
t4_dev_006372,t4_act_004478,genuine_wallet_cycling,4
t4_dev_002701,t4_act_001686,multi_device_customer_v4,1
t4_dev_008955,t4_act_006657,persistent_card_problem_hard,0
t4_dev_003971,t4_act_002601,warm_up_then_attack_v4,0
t4_dev_007289,t4_act_005256,network_retry_storm_hard,1
t4_dev_006648,t4_act_004734,normal_guest_checkout,1
t4_dev_007405,t4_act_005344,persistent_card_problem_hard,4
t4_dev_005598,t4_act_003856,persistent_card_problem_hard,2
t4_dev_005078,t4_act_003428,normal_returning_customer,1
t4_dev_008750,t4_act_006467,genuine_wallet_cycling,4
t4_dev_007782,t4_act_005647,normal_guest_checkout,2
t4_dev_008046,t4_act_005858,persistent_card_problem_hard,4
t4_dev_000215,t4_act_000039,cross_device_partial,1
t4_dev_003792,t4_act_002453,burst_pause_burst_v4,2
t4_dev_002810,t4_act_001777,cross_device_partial,2
t4_dev_005837,t4_act_004068,network_retry_storm_hard,0
t4_dev_001056,t4_act_000541,network_retry_storm_hard,1
t4_dev_001047,t4_act_000532,network_retry_storm_hard,0
t4_dev_002015,t4_act_001181,network_retry_storm_hard,4
t4_dev_005621,t4_act_003877,cvv_and_expiry_mistakes,3
t4_dev_007228,t4_act_005201,network_retry_storm_hard,2
t4_dev_002746,t4_act_001720,persistent_card_problem_hard,3
t4_dev_006984,t4_act_005011,multi_device_customer_v4,3
t4_dev_009031,t4_act_006726,new_customer_onboarding,3
t4_dev_004993,t4_act_003362,network_retry_storm_hard,1
t4_dev_001915,t4_act_001100,cvv_and_expiry_mistakes,3
t4_dev_002710,t4_act_001695,persistent_card_problem_hard,4
t4_dev_002262,t4_act_001347,normal_guest_checkout,2
t4_dev_006965,t4_act_004995,normal_returning_customer,0
t4_dev_000894,t4_act_000379,persistent_card_problem_hard,3
t4_dev_000216,t4_act_000039,cross_device_partial,1
t4_dev_005321,t4_act_003621,network_retry_storm_hard,1
t4_dev_001071,t4_act_000556,network_retry_storm_hard,4
t4_dev_000393,t4_act_000079,cross_device_partial,1
t4_dev_008049,t4_act_005861,multi_device_customer_v4,4
t4_dev_002161,t4_act_001273,warm_up_then_attack_v4,1
t4_dev_002811,t4_act_001777,cross_device_partial,2
t4_dev_005898,t4_act_004105,multi_device_customer_v4,3
t4_dev_006357,t4_act_004464,new_customer_onboarding,3
t4_dev_004012,t4_act_002632,normal_returning_customer,4
t4_dev_003825,t4_act_002481,persistent_card_problem_hard,0
t4_dev_006121,t4_act_004287,new_customer_onboarding,4
t4_dev_007506,t4_act_005420,normal_guest_checkout,3
t4_dev_003810,t4_act_002467,network_retry_storm_hard,4
t4_dev_001990,t4_act_001161,network_retry_storm_hard,2
t4_dev_008811,t4_act_006523,normal_guest_checkout,1
t4_dev_003673,t4_act_002355,merchant_normal_amount_attack_v4,2
t4_dev_008930,t4_act_006633,normal_returning_customer,1
t4_dev_005988,t4_act_004184,multi_device_customer_v4,4
t4_dev_008287,t4_act_006059,cvv_and_expiry_mistakes,4
t4_dev_007854,t4_act_005709,new_customer_onboarding,4
t4_dev_006416,t4_act_004519,multi_device_customer_v4,0
t4_dev_004522,t4_act_003023,normal_returning_customer,1
t4_dev_006623,t4_act_004710,normal_guest_checkout,1
t4_dev_005640,t4_act_003892,cvv_and_expiry_mistakes,2
t4_dev_004510,t4_act_003013,persistent_card_problem_hard,4
t4_dev_008119,t4_act_005928,network_retry_storm_hard,1
t4_dev_006985,t4_act_005011,multi_device_customer_v4,3
t4_dev_002232,t4_act_001323,session_recreation_flaky_net,0
t4_dev_007305,t4_act_005271,cvv_and_expiry_mistakes,3
t4_dev_005353,t4_act_003649,normal_returning_customer,1
t4_dev_006012,t4_act_004207,new_customer_onboarding,1
t4_dev_003985,t4_act_002615,merchant_normal_amount_attack_v4,2
t4_dev_009043,t4_act_006737,normal_guest_checkout,3
t4_dev_006943,t4_act_004978,multi_device_customer_v4,4
t4_dev_003492,t4_act_002231,merchant_normal_amount_attack_v4,1
t4_dev_002300,t4_act_001378,persistent_card_problem_hard,2
t4_dev_006375,t4_act_004481,network_retry_storm_hard,0
t4_dev_006722,t4_act_004802,persistent_card_problem_hard,2
t4_dev_007756,t4_act_005624,normal_guest_checkout,3
t4_dev_004442,t4_act_002959,mixed_campaign_v4,1
t4_dev_005255,t4_act_003566,genuine_wallet_cycling,4
t4_dev_002930,t4_act_001842,merchant_normal_amount_attack_v4,1
t4_dev_005252,t4_act_003563,network_retry_storm_hard,1
t4_dev_003552,t4_act_002265,burst_pause_burst_v4,4
t4_dev_002646,t4_act_001639,normal_returning_customer,1
t4_dev_005750,t4_act_003990,session_recreation_flaky_net,1
t4_dev_002473,t4_act_001516,network_retry_storm_hard,0
t4_dev_007063,t4_act_005073,multi_device_customer_v4,4
t4_dev_000240,t4_act_000045,cross_device_partial,4
t4_dev_006493,t4_act_004590,network_retry_storm_hard,1
t4_dev_004443,t4_act_002959,mixed_campaign_v4,1
t4_dev_003938,t4_act_002576,merchant_normal_amount_attack_v4,0
t4_dev_000941,t4_act_000426,persistent_card_problem_hard,4
t4_dev_004593,t4_act_003075,success_camouflage_v4,1
t4_dev_006475,t4_act_004574,network_retry_storm_hard,2
t4_dev_006849,t4_act_004894,network_retry_storm_hard,2
t4_dev_002826,t4_act_001780,multi_device_customer_v4,4
t4_dev_005212,t4_act_003527,normal_returning_customer,4
t4_dev_007361,t4_act_005307,normal_guest_checkout,1
t4_dev_005798,t4_act_004033,normal_returning_customer,2
t4_dev_004444,t4_act_002959,mixed_campaign_v4,1
t4_dev_004560,t4_act_003047,persistent_card_problem_hard,2
t4_dev_007211,t4_act_005186,network_retry_storm_hard,0
t4_dev_001928,t4_act_001110,normal_returning_customer,4
t4_dev_006334,t4_act_004443,persistent_card_problem_hard,4
t4_dev_006403,t4_act_004508,persistent_card_problem_hard,2
t4_dev_004654,t4_act_003125,patient_tester_v4,3
t4_dev_008897,t4_act_006601,genuine_wallet_cycling,1
t4_dev_003766,t4_act_002427,network_retry_storm_hard,4
t4_dev_000394,t4_act_000079,cross_device_partial,1
t4_dev_008850,t4_act_006558,multi_device_customer_v4,0
t4_dev_005670,t4_act_003921,new_customer_onboarding,4
t4_dev_006944,t4_act_004978,multi_device_customer_v4,4
t4_dev_008938,t4_act_006641,cvv_and_expiry_mistakes,0
t4_dev_006362,t4_act_004469,persistent_card_problem_hard,1
t4_dev_008280,t4_act_006054,multi_device_customer_v4,2
t4_dev_003925,t4_act_002565,genuine_wallet_cycling,4
t4_dev_002750,t4_act_001724,normal_guest_checkout,3
t4_dev_000395,t4_act_000079,cross_device_partial,1
t4_dev_005367,t4_act_003659,genuine_wallet_cycling,4
t4_dev_000217,t4_act_000039,cross_device_partial,1
t4_dev_002925,t4_act_001838,normal_returning_customer,1
t4_dev_006304,t4_act_004432,genuine_wallet_cycling,4
t4_dev_000241,t4_act_000045,cross_device_partial,4
t4_dev_008159,t4_act_005962,normal_guest_checkout,1
t4_dev_008237,t4_act_006032,persistent_card_problem_hard,3
t4_dev_008098,t4_act_005907,persistent_card_problem_hard,1
t4_dev_001126,t4_act_000611,network_retry_storm_hard,4
t4_dev_008398,t4_act_006152,network_retry_storm_hard,2
t4_dev_002030,t4_act_001192,genuine_wallet_cycling,3
t4_dev_000242,t4_act_000045,cross_device_partial,4
t4_dev_007559,t4_act_005468,session_recreation_flaky_net,4
t4_dev_005231,t4_act_003545,normal_guest_checkout,4
t4_dev_002812,t4_act_001777,cross_device_partial,2
t4_dev_001038,t4_act_000523,network_retry_storm_hard,1
t4_dev_007685,t4_act_005557,cvv_and_expiry_mistakes,2
t4_dev_000449,t4_act_000081,distributed_bot_campaign,2
t4_dev_000450,t4_act_000081,distributed_bot_campaign,2
t4_dev_000451,t4_act_000081,distributed_bot_campaign,2
t4_dev_000452,t4_act_000081,distributed_bot_campaign,2
t4_dev_000453,t4_act_000081,distributed_bot_campaign,2
t4_dev_000454,t4_act_000081,distributed_bot_campaign,2
t4_dev_000455,t4_act_000081,distributed_bot_campaign,2
t4_dev_000456,t4_act_000081,distributed_bot_campaign,2
t4_dev_000457,t4_act_000081,distributed_bot_campaign,2
t4_dev_000458,t4_act_000081,distributed_bot_campaign,2
t4_dev_000459,t4_act_000081,distributed_bot_campaign,2
t4_dev_000460,t4_act_000081,distributed_bot_campaign,2
t4_dev_000461,t4_act_000081,distributed_bot_campaign,2
t4_dev_000462,t4_act_000081,distributed_bot_campaign,2
t4_dev_000463,t4_act_000081,distributed_bot_campaign,2
t4_dev_000464,t4_act_000081,distributed_bot_campaign,2
t4_dev_000465,t4_act_000081,distributed_bot_campaign,2
t4_dev_000466,t4_act_000081,distributed_bot_campaign,2
t4_dev_000467,t4_act_000081,distributed_bot_campaign,2
t4_dev_000468,t4_act_000081,distributed_bot_campaign,2
t4_dev_000469,t4_act_000081,distributed_bot_campaign,2
t4_dev_000470,t4_act_000081,distributed_bot_campaign,2
t4_dev_000471,t4_act_000081,distributed_bot_campaign,2
t4_dev_000472,t4_act_000081,distributed_bot_campaign,2
t4_dev_000473,t4_act_000081,distributed_bot_campaign,2
t4_dev_000474,t4_act_000081,distributed_bot_campaign,2
t4_dev_000475,t4_act_000081,distributed_bot_campaign,2
t4_dev_000476,t4_act_000081,distributed_bot_campaign,2
t4_dev_000477,t4_act_000081,distributed_bot_campaign,2
t4_dev_000478,t4_act_000081,distributed_bot_campaign,2
t4_dev_006749,t4_act_004826,multi_device_customer_v4,3
t4_dev_000479,t4_act_000081,distributed_bot_campaign,2
t4_dev_000480,t4_act_000081,distributed_bot_campaign,2
t4_dev_000481,t4_act_000081,distributed_bot_campaign,2
t4_dev_000482,t4_act_000081,distributed_bot_campaign,2
t4_dev_000483,t4_act_000081,distributed_bot_campaign,2
t4_dev_000484,t4_act_000081,distributed_bot_campaign,2
t4_dev_002667,t4_act_001658,network_retry_storm_hard,4
t4_dev_000485,t4_act_000081,distributed_bot_campaign,2
t4_dev_000486,t4_act_000081,distributed_bot_campaign,2
t4_dev_000487,t4_act_000081,distributed_bot_campaign,2
t4_dev_000488,t4_act_000081,distributed_bot_campaign,2
t4_dev_000489,t4_act_000081,distributed_bot_campaign,2
t4_dev_000490,t4_act_000081,distributed_bot_campaign,2
t4_dev_000491,t4_act_000081,distributed_bot_campaign,2
t4_dev_000492,t4_act_000081,distributed_bot_campaign,2
t4_dev_000493,t4_act_000081,distributed_bot_campaign,2
t4_dev_000494,t4_act_000081,distributed_bot_campaign,2
t4_dev_000495,t4_act_000081,distributed_bot_campaign,2
t4_dev_005364,t4_act_003657,normal_returning_customer,4
t4_dev_000496,t4_act_000081,distributed_bot_campaign,2
t4_dev_000497,t4_act_000081,distributed_bot_campaign,2
t4_dev_000498,t4_act_000081,distributed_bot_campaign,2
t4_dev_000826,t4_act_000311,persistent_card_problem_hard,0
t4_dev_002813,t4_act_001777,cross_device_partial,2
t4_dev_001710,t4_act_000960,new_customer_onboarding,0
t4_dev_002178,t4_act_001284,multi_device_customer_v4,3
t4_dev_007573,t4_act_005481,genuine_wallet_cycling,0
t4_dev_005068,t4_act_003420,persistent_card_problem_hard,2
t4_dev_007161,t4_act_005158,network_retry_storm_hard,1
t4_dev_006696,t4_act_004778,normal_guest_checkout,3
t4_dev_001806,t4_act_001034,network_retry_storm_hard,4
t4_dev_001989,t4_act_001160,new_customer_onboarding,0
t4_dev_006914,t4_act_004950,normal_returning_customer,2
t4_dev_004174,t4_act_002772,session_churn_v4,1
t4_dev_009009,t4_act_006705,normal_returning_customer,1
t4_dev_001009,t4_act_000494,network_retry_storm_hard,1
t4_dev_002814,t4_act_001777,cross_device_partial,2
t4_dev_004139,t4_act_002740,warm_up_then_attack_v4,0
t4_dev_007240,t4_act_005213,network_retry_storm_hard,3
t4_dev_004123,t4_act_002727,normal_returning_customer,1
t4_dev_003269,t4_act_002049,patient_tester_v4,3
t4_dev_008488,t4_act_006234,persistent_card_problem_hard,4
t4_dev_007798,t4_act_005662,multi_device_customer_v4,2
t4_dev_008250,t4_act_006044,cvv_and_expiry_mistakes,0
t4_dev_005623,t4_act_003879,genuine_wallet_cycling,0
t4_dev_001613,t4_act_000899,ultra_patient_v4,1
t4_dev_004218,t4_act_002800,success_camouflage_v4,3
t4_dev_000396,t4_act_000079,cross_device_partial,1
t4_dev_008160,t4_act_005963,multi_device_customer_v4,3
t4_dev_004742,t4_act_003188,persistent_card_problem_hard,2
t4_dev_005095,t4_act_003442,new_customer_onboarding,1
t4_dev_004457,t4_act_002971,persistent_card_problem_hard,3
t4_dev_005629,t4_act_003885,normal_returning_customer,3
t4_dev_004471,t4_act_002982,new_customer_onboarding,2
t4_dev_007449,t4_act_005384,cvv_and_expiry_mistakes,2
t4_dev_004087,t4_act_002696,persistent_card_problem_hard,2
t4_dev_003238,t4_act_002024,session_recreation_flaky_net,3
t4_dev_008739,t4_act_006457,genuine_wallet_cycling,0
t4_dev_004535,t4_act_003033,normal_guest_checkout,1
t4_dev_006019,t4_act_004213,persistent_card_problem_hard,3
t4_dev_000397,t4_act_000079,cross_device_partial,1
t4_dev_003286,t4_act_002061,network_retry_storm_hard,3
t4_dev_005446,t4_act_003735,session_recreation_flaky_net,1
t4_dev_006841,t4_act_004888,normal_returning_customer,4
t4_dev_005698,t4_act_003945,normal_returning_customer,3
t4_dev_003377,t4_act_002142,network_retry_storm_hard,0
t4_dev_008019,t4_act_005835,normal_guest_checkout,3
t4_dev_003456,t4_act_002205,persistent_card_problem_hard,0
t4_dev_005336,t4_act_003635,genuine_wallet_cycling,3
t4_dev_002815,t4_act_001777,cross_device_partial,2
t4_dev_000114,t4_act_000020,cross_device_weak_guest,0
t4_dev_005745,t4_act_003986,multi_device_customer_v4,0
t4_dev_007698,t4_act_005568,persistent_card_problem_hard,1
t4_dev_006049,t4_act_004238,cvv_and_expiry_mistakes,4
t4_dev_001642,t4_act_000923,success_camouflage_v4,2
t4_dev_008434,t4_act_006182,cvv_and_expiry_mistakes,2
t4_dev_005998,t4_act_004193,new_customer_onboarding,1
t4_dev_003006,t4_act_001889,genuine_wallet_cycling,3
t4_dev_007530,t4_act_005441,normal_guest_checkout,0
t4_dev_004693,t4_act_003153,new_customer_onboarding,2
t4_dev_002312,t4_act_001386,sparse_multiday_v4,1
t4_dev_007441,t4_act_005376,network_retry_storm_hard,4
t4_dev_005334,t4_act_003633,new_customer_onboarding,1
t4_dev_000243,t4_act_000045,cross_device_partial,4
t4_dev_007708,t4_act_005578,new_customer_onboarding,1
t4_dev_000115,t4_act_000020,cross_device_weak_guest,0
t4_dev_000992,t4_act_000477,persistent_card_problem_hard,3
t4_dev_006919,t4_act_004955,new_customer_onboarding,3
t4_dev_003848,t4_act_002497,fast_burst_v4,3
t4_dev_007096,t4_act_005099,cvv_and_expiry_mistakes,0
t4_dev_006331,t4_act_004440,genuine_wallet_cycling,0
t4_dev_005981,t4_act_004179,normal_guest_checkout,1
t4_dev_000116,t4_act_000020,cross_device_weak_guest,0
t4_dev_001043,t4_act_000528,network_retry_storm_hard,2
t4_dev_002738,t4_act_001713,normal_returning_customer,4
t4_dev_000109,t4_act_000019,cross_device_weak_guest,3
t4_dev_007138,t4_act_005136,cvv_and_expiry_mistakes,2
t4_dev_006405,t4_act_004510,persistent_card_problem_hard,0
t4_dev_008161,t4_act_005963,multi_device_customer_v4,3
t4_dev_003785,t4_act_002446,persistent_card_problem_hard,0
t4_dev_008051,t4_act_005862,new_customer_onboarding,1
t4_dev_001932,t4_act_001112,normal_returning_customer,2
t4_dev_007270,t4_act_005240,normal_returning_customer,0
t4_dev_000110,t4_act_000019,cross_device_weak_guest,3
t4_dev_005782,t4_act_004017,normal_returning_customer,3
t4_dev_000111,t4_act_000019,cross_device_weak_guest,3
t4_dev_008650,t4_act_006376,multi_device_customer_v4,2
t4_dev_003671,t4_act_002353,normal_guest_checkout,1
t4_dev_000117,t4_act_000020,cross_device_weak_guest,0
t4_dev_002387,t4_act_001442,genuine_wallet_cycling,1
t4_dev_000909,t4_act_000394,persistent_card_problem_hard,2
t4_dev_000112,t4_act_000019,cross_device_weak_guest,3
t4_dev_002791,t4_act_001764,normal_guest_checkout,3
t4_dev_008944,t4_act_006647,normal_guest_checkout,2
t4_dev_006828,t4_act_004876,persistent_card_problem_hard,1
t4_dev_002766,t4_act_001740,new_customer_onboarding,2
t4_dev_005759,t4_act_003998,normal_guest_checkout,2
t4_dev_001124,t4_act_000609,network_retry_storm_hard,4
t4_dev_007029,t4_act_005047,new_customer_onboarding,1
t4_dev_005666,t4_act_003917,network_retry_storm_hard,4
t4_dev_000118,t4_act_000020,cross_device_weak_guest,0
t4_dev_003004,t4_act_001887,normal_guest_checkout,4
t4_dev_000113,t4_act_000019,cross_device_weak_guest,3
t4_dev_007268,t4_act_005238,persistent_card_problem_hard,1
t4_dev_008851,t4_act_006558,multi_device_customer_v4,0
t4_dev_007387,t4_act_005327,network_retry_storm_hard,0
t4_dev_000263,t4_act_000050,cross_device_partial,0
t4_dev_008321,t4_act_006091,persistent_card_problem_hard,3
t4_dev_007612,t4_act_005514,new_customer_onboarding,3
t4_dev_007564,t4_act_005472,normal_guest_checkout,0
t4_dev_000939,t4_act_000424,persistent_card_problem_hard,1
t4_dev_003544,t4_act_002260,normal_guest_checkout,4
t4_dev_006916,t4_act_004952,normal_guest_checkout,3
t4_dev_004058,t4_act_002670,new_customer_onboarding,4
t4_dev_000398,t4_act_000079,cross_device_partial,1
t4_dev_007791,t4_act_005655,network_retry_storm_hard,0
t4_dev_003266,t4_act_002046,genuine_wallet_cycling,1
t4_dev_007500,t4_act_005414,normal_guest_checkout,1
t4_dev_004386,t4_act_002914,new_customer_onboarding,4
t4_dev_003731,t4_act_002398,genuine_wallet_cycling,1
t4_dev_008293,t4_act_006065,cvv_and_expiry_mistakes,1
t4_dev_000860,t4_act_000345,persistent_card_problem_hard,2
t4_dev_007833,t4_act_005692,normal_returning_customer,1
t4_dev_008439,t4_act_006187,new_customer_onboarding,3
t4_dev_008050,t4_act_005861,multi_device_customer_v4,4
t4_dev_000119,t4_act_000020,cross_device_weak_guest,0
t4_dev_005899,t4_act_004105,multi_device_customer_v4,3
t4_dev_000862,t4_act_000347,persistent_card_problem_hard,2
t4_dev_006986,t4_act_005011,multi_device_customer_v4,3
t4_dev_004743,t4_act_003189,normal_returning_customer,4
t4_dev_008458,t4_act_006206,cvv_and_expiry_mistakes,2
t4_dev_003318,t4_act_002089,merchant_normal_amount_attack_v4,0
t4_dev_008238,t4_act_006033,persistent_card_problem_hard,3
t4_dev_001797,t4_act_001025,persistent_card_problem_hard,1
t4_dev_006464,t4_act_004563,normal_returning_customer,4
t4_dev_003874,t4_act_002520,network_retry_storm_hard,4
t4_dev_003327,t4_act_002098,burst_pause_burst_v4,3
t4_dev_005350,t4_act_003646,normal_guest_checkout,1
t4_dev_009028,t4_act_006724,normal_returning_customer,4
t4_dev_006481,t4_act_004580,normal_returning_customer,2
t4_dev_005936,t4_act_004138,genuine_wallet_cycling,3
t4_dev_000829,t4_act_000314,persistent_card_problem_hard,4
t4_dev_006417,t4_act_004519,multi_device_customer_v4,0
t4_dev_008374,t4_act_006133,persistent_card_problem_hard,0
t4_dev_000120,t4_act_000020,cross_device_weak_guest,0
t4_dev_003176,t4_act_001975,cvv_and_expiry_mistakes,2
t4_dev_002594,t4_act_001602,normal_guest_checkout,4
t4_dev_008924,t4_act_006628,normal_returning_customer,1
t4_dev_000244,t4_act_000045,cross_device_partial,4
t4_dev_000041,t4_act_000007,cross_device_weak_guest,2
t4_dev_005331,t4_act_003630,new_customer_onboarding,0
t4_dev_003093,t4_act_001918,normal_returning_customer,3
t4_dev_005462,t4_act_003751,session_recreation_flaky_net,1
t4_dev_000264,t4_act_000050,cross_device_partial,0
t4_dev_008959,t4_act_006661,normal_guest_checkout,1
t4_dev_005460,t4_act_003749,persistent_card_problem_hard,0
t4_dev_008674,t4_act_006396,normal_guest_checkout,2
t4_dev_003950,t4_act_002587,new_customer_onboarding,0
t4_dev_001019,t4_act_000504,network_retry_storm_hard,3
t4_dev_008556,t4_act_006288,new_customer_onboarding,2
t4_dev_004669,t4_act_003139,merchant_normal_amount_attack_v4,2
t4_dev_008922,t4_act_006626,normal_returning_customer,4
t4_dev_007954,t4_act_005793,network_retry_storm_hard,0
t4_dev_008651,t4_act_006376,multi_device_customer_v4,2
t4_dev_007362,t4_act_005308,normal_guest_checkout,3
t4_dev_000121,t4_act_000020,cross_device_weak_guest,0
t4_dev_004032,t4_act_002648,cross_device_partial,2
t4_dev_000831,t4_act_000316,persistent_card_problem_hard,2
t4_dev_008202,t4_act_006002,multi_device_customer_v4,2
t4_dev_002421,t4_act_001472,network_retry_storm_hard,4
t4_dev_007446,t4_act_005381,persistent_card_problem_hard,3
t4_dev_000042,t4_act_000007,cross_device_weak_guest,2
t4_dev_002653,t4_act_001645,normal_guest_checkout,0
t4_dev_001707,t4_act_000957,normal_guest_checkout,3
t4_dev_000218,t4_act_000040,cross_device_partial,4
t4_dev_008053,t4_act_005864,session_recreation_flaky_net,4
t4_dev_001001,t4_act_000486,network_retry_storm_hard,1
t4_dev_008705,t4_act_006425,multi_device_customer_v4,4
t4_dev_007963,t4_act_005800,new_customer_onboarding,0
t4_dev_008402,t4_act_006156,network_retry_storm_hard,2
t4_dev_002685,t4_act_001673,normal_guest_checkout,1
t4_dev_002244,t4_act_001332,burst_pause_burst_v4,0
t4_dev_006990,t4_act_005015,normal_returning_customer,0
t4_dev_004333,t4_act_002888,network_retry_storm_hard,4
t4_dev_002862,t4_act_001804,multi_device_customer_v4,1
t4_dev_007453,t4_act_005388,network_retry_storm_hard,3
t4_dev_000043,t4_act_000007,cross_device_weak_guest,2
t4_dev_001799,t4_act_001027,network_retry_storm_hard,1
t4_dev_002179,t4_act_001284,multi_device_customer_v4,3
t4_dev_000044,t4_act_000007,cross_device_weak_guest,2
t4_dev_001003,t4_act_000488,network_retry_storm_hard,3
t4_dev_000219,t4_act_000040,cross_device_partial,4
t4_dev_006557,t4_act_004648,network_retry_storm_hard,0
t4_dev_004265,t4_act_002835,session_recreation_flaky_net,1
t4_dev_000902,t4_act_000387,persistent_card_problem_hard,2
t4_dev_000899,t4_act_000384,persistent_card_problem_hard,1
t4_dev_004033,t4_act_002648,cross_device_partial,2
t4_dev_000801,t4_act_000286,persistent_card_problem_hard,4
t4_dev_008195,t4_act_005996,normal_returning_customer,2
t4_dev_004552,t4_act_003041,normal_guest_checkout,3
t4_dev_001016,t4_act_000501,network_retry_storm_hard,1
t4_dev_005989,t4_act_004184,multi_device_customer_v4,4
t4_dev_008033,t4_act_005846,persistent_card_problem_hard,2
t4_dev_004979,t4_act_003353,cross_device_weak_guest,4
t4_dev_005286,t4_act_003593,normal_returning_customer,2
t4_dev_006353,t4_act_004460,network_retry_storm_hard,4
t4_dev_005842,t4_act_004071,network_retry_storm_hard,4
t4_dev_002448,t4_act_001494,normal_returning_customer,1
t4_dev_007898,t4_act_005747,network_retry_storm_hard,4
t4_dev_000961,t4_act_000446,persistent_card_problem_hard,1
t4_dev_008605,t4_act_006334,new_customer_onboarding,1
t4_dev_003857,t4_act_002505,warm_up_then_attack_v4,1
t4_dev_007714,t4_act_005584,persistent_card_problem_hard,2
t4_dev_004034,t4_act_002648,cross_device_partial,2
t4_dev_002531,t4_act_001564,cross_device_partial,0
t4_dev_002659,t4_act_001651,cvv_and_expiry_mistakes,3
t4_dev_003156,t4_act_001959,genuine_wallet_cycling,0
t4_dev_004633,t4_act_003107,multi_device_customer_v4,4
t4_dev_002526,t4_act_001559,persistent_card_problem_hard,4
t4_dev_002722,t4_act_001703,multi_device_customer_v4,3
t4_dev_005232,t4_act_003546,burst_pause_burst_v4,4
t4_dev_003559,t4_act_002270,cross_device_weak_guest,3
t4_dev_008888,t4_act_006592,normal_guest_checkout,4
t4_dev_003754,t4_act_002415,normal_guest_checkout,3
t4_dev_000265,t4_act_000050,cross_device_partial,0
t4_dev_004980,t4_act_003353,cross_device_weak_guest,4
t4_dev_004245,t4_act_002818,persistent_card_problem_hard,3
t4_dev_005904,t4_act_004109,normal_returning_customer,0
t4_dev_004774,t4_act_003211,session_recreation_flaky_net,2
t4_dev_005322,t4_act_003622,genuine_wallet_cycling,2
t4_dev_004981,t4_act_003353,cross_device_weak_guest,4
t4_dev_001054,t4_act_000539,network_retry_storm_hard,1
t4_dev_002704,t4_act_001689,network_retry_storm_hard,0
t4_dev_008165,t4_act_005967,persistent_card_problem_hard,4
t4_dev_004423,t4_act_002944,normal_guest_checkout,1
t4_dev_004225,t4_act_002803,network_retry_storm_hard,4
t4_dev_002477,t4_act_001520,new_customer_onboarding,2
t4_dev_005071,t4_act_003423,normal_returning_customer,2
t4_dev_004667,t4_act_003137,normal_guest_checkout,2
t4_dev_007263,t4_act_005233,new_customer_onboarding,0
t4_dev_002997,t4_act_001883,session_recreation_flaky_net,4
t4_dev_008700,t4_act_006420,normal_guest_checkout,0
t4_dev_007694,t4_act_005564,session_recreation_flaky_net,3
t4_dev_003560,t4_act_002270,cross_device_weak_guest,3
t4_dev_005283,t4_act_003591,session_churn_v4,1
t4_dev_002865,t4_act_001806,session_recreation_flaky_net,3
t4_dev_001156,t4_act_000641,network_retry_storm_hard,0
t4_dev_004982,t4_act_003353,cross_device_weak_guest,4
t4_dev_003561,t4_act_002270,cross_device_weak_guest,3
t4_dev_005982,t4_act_004180,cvv_and_expiry_mistakes,1
t4_dev_004534,t4_act_003032,success_camouflage_v4,4
t4_dev_008081,t4_act_005890,normal_guest_checkout,0
t4_dev_001628,t4_act_000910,persistent_card_problem_hard,1
t4_dev_002278,t4_act_001360,persistent_card_problem_hard,1
t4_dev_004964,t4_act_003341,normal_returning_customer,0
t4_dev_008909,t4_act_006613,normal_guest_checkout,4
t4_dev_003523,t4_act_002242,persistent_card_problem_hard,4
t4_dev_002255,t4_act_001341,genuine_wallet_cycling,1
t4_dev_001752,t4_act_000996,cross_device_partial,1
t4_dev_000884,t4_act_000369,persistent_card_problem_hard,2
t4_dev_001171,t4_act_000656,network_retry_storm_hard,0
t4_dev_003562,t4_act_002270,cross_device_weak_guest,3
t4_dev_000266,t4_act_000050,cross_device_partial,0
t4_dev_002532,t4_act_001564,cross_device_partial,0
t4_dev_001070,t4_act_000555,network_retry_storm_hard,0
t4_dev_002134,t4_act_001255,persistent_card_problem_hard,3
t4_dev_003618,t4_act_002318,merchant_normal_amount_attack_v4,0
t4_dev_001021,t4_act_000506,network_retry_storm_hard,4
t4_dev_008331,t4_act_006100,multi_device_customer_v4,3
t4_dev_003563,t4_act_002270,cross_device_weak_guest,3
t4_dev_005596,t4_act_003854,genuine_wallet_cycling,2
t4_dev_003609,t4_act_002309,network_retry_storm_hard,4
t4_dev_003245,t4_act_002030,normal_returning_customer,2
t4_dev_000220,t4_act_000040,cross_device_partial,4
t4_dev_003836,t4_act_002488,normal_guest_checkout,2
t4_dev_005179,t4_act_003498,warm_up_then_attack_v4,4
t4_dev_004584,t4_act_003068,normal_returning_customer,4
t4_dev_001085,t4_act_000570,network_retry_storm_hard,0
t4_dev_004787,t4_act_003217,new_customer_onboarding,0
t4_dev_007822,t4_act_005682,persistent_card_problem_hard,1
t4_dev_003228,t4_act_002015,cvv_and_expiry_mistakes,3
t4_dev_001792,t4_act_001020,normal_guest_checkout,0
t4_dev_001948,t4_act_001122,new_customer_onboarding,4
t4_dev_007281,t4_act_005249,normal_returning_customer,2
t4_dev_000802,t4_act_000287,persistent_card_problem_hard,0
t4_dev_004143,t4_act_002744,network_retry_storm_hard,2
t4_dev_001110,t4_act_000595,network_retry_storm_hard,4
t4_dev_000955,t4_act_000440,persistent_card_problem_hard,4
t4_dev_006128,t4_act_004294,session_recreation_flaky_net,2
t4_dev_005483,t4_act_003771,session_recreation_flaky_net,3
t4_dev_001008,t4_act_000493,network_retry_storm_hard,1
t4_dev_002533,t4_act_001564,cross_device_partial,0
t4_dev_006816,t4_act_004867,normal_guest_checkout,0
t4_dev_008191,t4_act_005992,normal_guest_checkout,0
t4_dev_003438,t4_act_002188,merchant_normal_amount_attack_v4,0
t4_dev_008457,t4_act_006205,normal_guest_checkout,4
t4_dev_003564,t4_act_002270,cross_device_weak_guest,3
t4_dev_008693,t4_act_006413,normal_guest_checkout,0
t4_dev_003339,t4_act_002108,network_retry_storm_hard,4
t4_dev_007136,t4_act_005134,new_customer_onboarding,1
t4_dev_005302,t4_act_003605,sparse_multiday_v4,1
t4_dev_002054,t4_act_001208,normal_guest_checkout,2
t4_dev_004356,t4_act_002908,cgnat_mobile_ip_storm,1
t4_dev_004357,t4_act_002908,cgnat_mobile_ip_storm,1
t4_dev_004358,t4_act_002908,cgnat_mobile_ip_storm,1
t4_dev_004359,t4_act_002908,cgnat_mobile_ip_storm,1
t4_dev_004360,t4_act_002908,cgnat_mobile_ip_storm,1
t4_dev_004361,t4_act_002908,cgnat_mobile_ip_storm,1
t4_dev_007340,t4_act_005287,persistent_card_problem_hard,0
t4_dev_006572,t4_act_004663,new_customer_onboarding,1
t4_dev_004362,t4_act_002908,cgnat_mobile_ip_storm,1
t4_dev_004363,t4_act_002908,cgnat_mobile_ip_storm,1
t4_dev_004364,t4_act_002908,cgnat_mobile_ip_storm,1
t4_dev_004365,t4_act_002908,cgnat_mobile_ip_storm,1
t4_dev_004366,t4_act_002908,cgnat_mobile_ip_storm,1
t4_dev_004367,t4_act_002908,cgnat_mobile_ip_storm,1
t4_dev_004368,t4_act_002908,cgnat_mobile_ip_storm,1
t4_dev_004369,t4_act_002908,cgnat_mobile_ip_storm,1
t4_dev_007830,t4_act_005689,network_retry_storm_hard,3
t4_dev_004370,t4_act_002908,cgnat_mobile_ip_storm,1
t4_dev_004371,t4_act_002908,cgnat_mobile_ip_storm,1
t4_dev_005402,t4_act_003692,cvv_and_expiry_mistakes,2
t4_dev_004372,t4_act_002908,cgnat_mobile_ip_storm,1
t4_dev_004373,t4_act_002908,cgnat_mobile_ip_storm,1
t4_dev_004374,t4_act_002908,cgnat_mobile_ip_storm,1
t4_dev_008060,t4_act_005871,genuine_wallet_cycling,3
t4_dev_004375,t4_act_002908,cgnat_mobile_ip_storm,1
t4_dev_006661,t4_act_004745,network_retry_storm_hard,4
t4_dev_006270,t4_act_004399,normal_guest_checkout,0
t4_dev_005775,t4_act_004011,cvv_and_expiry_mistakes,4
t4_dev_006940,t4_act_004976,normal_guest_checkout,1
t4_dev_005356,t4_act_003651,persistent_card_problem_hard,1
t4_dev_002534,t4_act_001564,cross_device_partial,0
t4_dev_007260,t4_act_005230,cvv_and_expiry_mistakes,1
t4_dev_000267,t4_act_000050,cross_device_partial,0
t4_dev_005194,t4_act_003511,normal_guest_checkout,1
t4_dev_002389,t4_act_001444,persistent_card_problem_hard,2
t4_dev_001007,t4_act_000492,network_retry_storm_hard,3
t4_dev_006006,t4_act_004201,normal_guest_checkout,0
t4_dev_008958,t4_act_006660,network_retry_storm_hard,0
t4_dev_004825,t4_act_003245,persistent_card_problem_hard,2
t4_dev_003723,t4_act_002393,session_recreation_flaky_net,1
t4_dev_002535,t4_act_001564,cross_device_partial,0
t4_dev_005940,t4_act_004142,persistent_card_problem_hard,1
t4_dev_006915,t4_act_004951,normal_returning_customer,0
t4_dev_007614,t4_act_005516,new_customer_onboarding,3
t4_dev_005077,t4_act_003427,normal_returning_customer,3
t4_dev_003872,t4_act_002518,normal_guest_checkout,4
t4_dev_002340,t4_act_001402,new_customer_onboarding,2
t4_dev_008292,t4_act_006064,cvv_and_expiry_mistakes,4
t4_dev_003677,t4_act_002359,cvv_and_expiry_mistakes,4
t4_dev_007039,t4_act_005055,network_retry_storm_hard,4
t4_dev_003358,t4_act_002127,network_retry_storm_hard,4
t4_dev_002369,t4_act_001427,cvv_and_expiry_mistakes,1
t4_dev_002723,t4_act_001703,multi_device_customer_v4,3
t4_dev_000870,t4_act_000355,persistent_card_problem_hard,2
t4_dev_001753,t4_act_000996,cross_device_partial,1
t4_dev_003759,t4_act_002420,cvv_and_expiry_mistakes,1
t4_dev_005391,t4_act_003681,cvv_and_expiry_mistakes,4
t4_dev_006327,t4_act_004436,cvv_and_expiry_mistakes,3
t4_dev_000959,t4_act_000444,persistent_card_problem_hard,1
t4_dev_005031,t4_act_003393,patient_tester_v4,1
t4_dev_001685,t4_act_000942,persistent_card_problem_hard,0
t4_dev_001176,t4_act_000661,network_retry_storm_hard,0
t4_dev_005751,t4_act_003991,normal_returning_customer,0
t4_dev_004789,t4_act_003219,persistent_card_problem_hard,2
t4_dev_002898,t4_act_001817,normal_returning_customer,4
t4_dev_001716,t4_act_000964,genuine_wallet_cycling,4
t4_dev_005224,t4_act_003539,normal_guest_checkout,3
t4_dev_002451,t4_act_001497,success_camouflage_v4,4
t4_dev_002867,t4_act_001808,normal_guest_checkout,1
t4_dev_002418,t4_act_001469,network_retry_storm_hard,0
t4_dev_006680,t4_act_004764,session_recreation_flaky_net,3
t4_dev_008646,t4_act_006373,session_recreation_flaky_net,2
t4_dev_006561,t4_act_004652,cvv_and_expiry_mistakes,0
t4_dev_008354,t4_act_006115,persistent_card_problem_hard,4
t4_dev_002011,t4_act_001178,mixed_campaign_v4,1
t4_dev_008217,t4_act_006013,new_customer_onboarding,1
t4_dev_005115,t4_act_003456,normal_returning_customer,1
t4_dev_004062,t4_act_002674,normal_returning_customer,3
t4_dev_004491,t4_act_003001,warm_up_then_attack_v4,0
t4_dev_003964,t4_act_002596,normal_returning_customer,4
t4_dev_008391,t4_act_006146,network_retry_storm_hard,4
t4_dev_000877,t4_act_000362,persistent_card_problem_hard,3
t4_dev_008688,t4_act_006408,network_retry_storm_hard,2
t4_dev_007986,t4_act_005821,normal_guest_checkout,3
t4_dev_003866,t4_act_002512,normal_guest_checkout,1
t4_dev_002012,t4_act_001178,mixed_campaign_v4,1
t4_dev_008884,t4_act_006588,normal_returning_customer,2
t4_dev_008919,t4_act_006623,persistent_card_problem_hard,4
t4_dev_000358,t4_act_000072,cross_device_partial,3
t4_dev_003578,t4_act_002281,cvv_and_expiry_mistakes,1
t4_dev_002770,t4_act_001744,normal_returning_customer,4
t4_dev_006138,t4_act_004304,new_customer_onboarding,2
t4_dev_006356,t4_act_004463,network_retry_storm_hard,4
t4_dev_005778,t4_act_004014,normal_returning_customer,2
t4_dev_002576,t4_act_001587,normal_guest_checkout,1
t4_dev_004049,t4_act_002663,normal_guest_checkout,0
t4_dev_001754,t4_act_000996,cross_device_partial,1
t4_dev_006047,t4_act_004236,genuine_wallet_cycling,3
t4_dev_006734,t4_act_004813,normal_returning_customer,1
t4_dev_005863,t4_act_004091,genuine_wallet_cycling,2
t4_dev_000001,t4_act_000001,cross_device_weak_guest,4
t4_dev_000002,t4_act_000001,cross_device_weak_guest,4
t4_dev_008424,t4_act_006174,multi_device_customer_v4,4
t4_dev_008683,t4_act_006404,normal_guest_checkout,4
t4_dev_007113,t4_act_005115,cvv_and_expiry_mistakes,3
t4_dev_000003,t4_act_000001,cross_device_weak_guest,4
t4_dev_003298,t4_act_002070,persistent_card_problem_hard,1
t4_dev_000268,t4_act_000050,cross_device_partial,0
t4_dev_006011,t4_act_004206,new_customer_onboarding,0
t4_dev_003473,t4_act_002218,merchant_normal_amount_attack_v4,0
t4_dev_007183,t4_act_005179,normal_returning_customer,2
t4_dev_004793,t4_act_003223,mixed_campaign_v4,2
t4_dev_006058,t4_act_004247,persistent_card_problem_hard,4
t4_dev_006055,t4_act_004244,normal_guest_checkout,3
t4_dev_004600,t4_act_003082,network_retry_storm_hard,2
t4_dev_007924,t4_act_005767,normal_returning_customer,4
t4_dev_005023,t4_act_003386,merchant_normal_amount_attack_v4,3
t4_dev_005900,t4_act_004105,multi_device_customer_v4,3
t4_dev_007799,t4_act_005662,multi_device_customer_v4,2
t4_dev_000359,t4_act_000072,cross_device_partial,3
t4_dev_003138,t4_act_001942,network_retry_storm_hard,2
t4_dev_002221,t4_act_001316,normal_returning_customer,1
t4_dev_001953,t4_act_001127,normal_returning_customer,3
t4_dev_004794,t4_act_003223,mixed_campaign_v4,2
t4_dev_003799,t4_act_002458,session_churn_v4,2
t4_dev_008013,t4_act_005829,new_customer_onboarding,4
t4_dev_001014,t4_act_000499,network_retry_storm_hard,2
t4_dev_006713,t4_act_004793,normal_guest_checkout,3
t4_dev_000004,t4_act_000001,cross_device_weak_guest,4
t4_dev_005772,t4_act_004010,multi_device_customer_v4,4
t4_dev_004795,t4_act_003223,mixed_campaign_v4,2
t4_dev_007593,t4_act_005498,new_customer_onboarding,0
t4_dev_001059,t4_act_000544,network_retry_storm_hard,3
t4_dev_008830,t4_act_006540,normal_guest_checkout,4
t4_dev_007670,t4_act_005548,normal_returning_customer,1
t4_dev_004470,t4_act_002981,fast_burst_v4,3
t4_dev_001899,t4_act_001087,session_recreation_flaky_net,4
t4_dev_008120,t4_act_005929,normal_guest_checkout,2
t4_dev_006813,t4_act_004865,normal_returning_customer,2
t4_dev_002425,t4_act_001476,genuine_wallet_cycling,3
t4_dev_002223,t4_act_001317,normal_returning_customer,0
t4_dev_008593,t4_act_006323,normal_returning_customer,3
t4_dev_002654,t4_act_001646,normal_returning_customer,3
t4_dev_007807,t4_act_005668,cvv_and_expiry_mistakes,1
t4_dev_008771,t4_act_006485,new_customer_onboarding,3
t4_dev_000005,t4_act_000001,cross_device_weak_guest,4
t4_dev_006485,t4_act_004582,new_customer_onboarding,0
t4_dev_004796,t4_act_003223,mixed_campaign_v4,2
t4_dev_001730,t4_act_000975,normal_guest_checkout,2
t4_dev_007774,t4_act_005639,new_customer_onboarding,0
t4_dev_005344,t4_act_003643,normal_returning_customer,2
t4_dev_004236,t4_act_002812,network_retry_storm_hard,0
t4_dev_006383,t4_act_004489,new_customer_onboarding,0
t4_dev_006035,t4_act_004225,network_retry_storm_hard,3
t4_dev_004923,t4_act_003306,multi_device_customer_v4,4
t4_dev_000944,t4_act_000429,persistent_card_problem_hard,1
t4_dev_004749,t4_act_003195,session_recreation_flaky_net,3
t4_dev_006212,t4_act_004347,persistent_card_problem_hard,1
t4_dev_003763,t4_act_002424,new_customer_onboarding,4
t4_dev_008622,t4_act_006351,new_customer_onboarding,3
t4_dev_002962,t4_act_001853,normal_guest_checkout,3
t4_dev_004479,t4_act_002990,network_retry_storm_hard,1
t4_dev_005443,t4_act_003732,normal_returning_customer,3
t4_dev_000819,t4_act_000304,persistent_card_problem_hard,4
t4_dev_000006,t4_act_000001,cross_device_weak_guest,4
t4_dev_008075,t4_act_005885,multi_device_customer_v4,1
t4_dev_000948,t4_act_000433,persistent_card_problem_hard,0
t4_dev_007457,t4_act_005392,normal_returning_customer,1
t4_dev_005910,t4_act_004114,normal_returning_customer,0
t4_dev_003621,t4_act_002320,cross_device_partial,3
t4_dev_004103,t4_act_002711,patient_tester_v4,2
t4_dev_002580,t4_act_001591,persistent_card_problem_hard,3
t4_dev_005551,t4_act_003815,network_retry_storm_hard,3
t4_dev_005859,t4_act_004087,network_retry_storm_hard,2
t4_dev_008648,t4_act_006375,normal_returning_customer,1
t4_dev_005174,t4_act_003493,normal_guest_checkout,0
t4_dev_001755,t4_act_000996,cross_device_partial,1
t4_dev_007938,t4_act_005779,persistent_card_problem_hard,0
t4_dev_008706,t4_act_006425,multi_device_customer_v4,4
t4_dev_007673,t4_act_005550,multi_device_customer_v4,2
t4_dev_002007,t4_act_001176,normal_returning_customer,2
t4_dev_008441,t4_act_006189,new_customer_onboarding,0
t4_dev_003219,t4_act_002007,persistent_card_problem_hard,2
t4_dev_008547,t4_act_006281,normal_returning_customer,2
t4_dev_000360,t4_act_000072,cross_device_partial,3
t4_dev_003622,t4_act_002320,cross_device_partial,3
t4_dev_004649,t4_act_003121,genuine_wallet_cycling,3
t4_dev_006359,t4_act_004466,genuine_wallet_cycling,0
t4_dev_004295,t4_act_002857,normal_guest_checkout,0
t4_dev_002507,t4_act_001546,normal_guest_checkout,1
t4_dev_008332,t4_act_006100,multi_device_customer_v4,3
t4_dev_000007,t4_act_000001,cross_device_weak_guest,4
t4_dev_006921,t4_act_004957,network_retry_storm_hard,2
t4_dev_002651,t4_act_001643,network_retry_storm_hard,3
t4_dev_006278,t4_act_004407,normal_returning_customer,2
t4_dev_008372,t4_act_006131,network_retry_storm_hard,2
t4_dev_003432,t4_act_002183,genuine_wallet_cycling,2
t4_dev_006119,t4_act_004285,network_retry_storm_hard,2
t4_dev_004166,t4_act_002765,persistent_card_problem_hard,2
t4_dev_006683,t4_act_004767,persistent_card_problem_hard,4
t4_dev_004493,t4_act_003002,ultra_patient_v4,2
t4_dev_006192,t4_act_004329,normal_guest_checkout,2
t4_dev_008203,t4_act_006002,multi_device_customer_v4,2
t4_dev_006337,t4_act_004446,session_recreation_flaky_net,4
t4_dev_005983,t4_act_004181,cvv_and_expiry_mistakes,2
t4_dev_000853,t4_act_000338,persistent_card_problem_hard,4
t4_dev_003014,t4_act_001896,multi_device_customer_v4,0
t4_dev_006852,t4_act_004897,network_retry_storm_hard,3
t4_dev_000918,t4_act_000403,persistent_card_problem_hard,1
t4_dev_002449,t4_act_001495,new_customer_onboarding,3
t4_dev_007341,t4_act_005288,normal_guest_checkout,3
t4_dev_000833,t4_act_000318,persistent_card_problem_hard,2
t4_dev_003623,t4_act_002320,cross_device_partial,3
t4_dev_001164,t4_act_000649,network_retry_storm_hard,3
t4_dev_006122,t4_act_004288,normal_guest_checkout,2
t4_dev_008732,t4_act_006450,normal_guest_checkout,2
t4_dev_007003,t4_act_005025,normal_guest_checkout,1
t4_dev_008928,t4_act_006631,normal_guest_checkout,4
t4_dev_008690,t4_act_006410,session_recreation_flaky_net,3
t4_dev_004468,t4_act_002979,network_retry_storm_hard,0
t4_dev_008519,t4_act_006259,normal_returning_customer,2
t4_dev_008333,t4_act_006100,multi_device_customer_v4,3
t4_dev_001101,t4_act_000586,network_retry_storm_hard,0
t4_dev_008707,t4_act_006425,multi_device_customer_v4,4
t4_dev_004455,t4_act_002969,cvv_and_expiry_mistakes,4
t4_dev_004412,t4_act_002936,multi_device_customer_v4,2
t4_dev_008763,t4_act_006479,multi_device_customer_v4,1
t4_dev_005906,t4_act_004110,normal_guest_checkout,4
t4_dev_008401,t4_act_006155,persistent_card_problem_hard,3
t4_dev_003433,t4_act_002184,persistent_card_problem_hard,2
t4_dev_002090,t4_act_001228,sparse_multiday_v4,2
t4_dev_003545,t4_act_002261,success_camouflage_v4,3
t4_dev_002900,t4_act_001818,normal_guest_checkout,1
t4_dev_000361,t4_act_000072,cross_device_partial,3
t4_dev_002593,t4_act_001601,cvv_and_expiry_mistakes,0
t4_dev_004928,t4_act_003309,ultra_patient_v4,2
t4_dev_008358,t4_act_006119,normal_returning_customer,0
t4_dev_001683,t4_act_000941,normal_returning_customer,4
t4_dev_001622,t4_act_000906,cvv_and_expiry_mistakes,4
t4_dev_001040,t4_act_000525,network_retry_storm_hard,3
t4_dev_003197,t4_act_001992,multi_device_customer_v4,0
t4_dev_005833,t4_act_004065,normal_returning_customer,1
t4_dev_003990,t4_act_002619,patient_tester_v4,1
t4_dev_004200,t4_act_002787,persistent_card_problem_hard,2
t4_dev_004665,t4_act_003135,persistent_card_problem_hard,2
t4_dev_006305,t4_act_004433,persistent_card_problem_hard,3
t4_dev_007578,t4_act_005485,network_retry_storm_hard,1
t4_dev_000958,t4_act_000443,persistent_card_problem_hard,1
t4_dev_002433,t4_act_001482,cvv_and_expiry_mistakes,0
t4_dev_004657,t4_act_003128,genuine_wallet_cycling,1
t4_dev_008080,t4_act_005889,normal_guest_checkout,0
t4_dev_002240,t4_act_001328,network_retry_storm_hard,0
t4_dev_004400,t4_act_002925,new_customer_onboarding,2
t4_dev_001052,t4_act_000537,network_retry_storm_hard,4
t4_dev_004512,t4_act_003015,normal_guest_checkout,2
t4_dev_003681,t4_act_002363,normal_returning_customer,0
t4_dev_005645,t4_act_003897,session_recreation_flaky_net,1
t4_dev_004415,t4_act_002937,genuine_wallet_cycling,0
t4_dev_000253,t4_act_000048,cross_device_partial,3
t4_dev_004413,t4_act_002936,multi_device_customer_v4,2
t4_dev_004411,t4_act_002935,session_recreation_flaky_net,0
t4_dev_009003,t4_act_006701,multi_device_customer_v4,2
t4_dev_002019,t4_act_001184,persistent_card_problem_hard,2
t4_dev_000966,t4_act_000451,persistent_card_problem_hard,2
t4_dev_003873,t4_act_002519,cvv_and_expiry_mistakes,3
t4_dev_002748,t4_act_001722,persistent_card_problem_hard,1
t4_dev_005773,t4_act_004010,multi_device_customer_v4,4
t4_dev_003776,t4_act_002437,new_customer_onboarding,0
t4_dev_005454,t4_act_003743,persistent_card_problem_hard,0
t4_dev_001571,t4_act_000885,cgnat_mobile_ip_storm,2
t4_dev_001572,t4_act_000885,cgnat_mobile_ip_storm,2
t4_dev_001573,t4_act_000885,cgnat_mobile_ip_storm,2
t4_dev_001574,t4_act_000885,cgnat_mobile_ip_storm,2
t4_dev_001575,t4_act_000885,cgnat_mobile_ip_storm,2
t4_dev_001576,t4_act_000885,cgnat_mobile_ip_storm,2
t4_dev_005106,t4_act_003449,new_customer_onboarding,1
t4_dev_001577,t4_act_000885,cgnat_mobile_ip_storm,2
t4_dev_001578,t4_act_000885,cgnat_mobile_ip_storm,2
t4_dev_001579,t4_act_000885,cgnat_mobile_ip_storm,2
t4_dev_002795,t4_act_001767,cross_device_partial,0
t4_dev_003198,t4_act_001992,multi_device_customer_v4,0
t4_dev_001580,t4_act_000885,cgnat_mobile_ip_storm,2
t4_dev_001581,t4_act_000885,cgnat_mobile_ip_storm,2
t4_dev_001582,t4_act_000885,cgnat_mobile_ip_storm,2
t4_dev_001583,t4_act_000885,cgnat_mobile_ip_storm,2
t4_dev_001584,t4_act_000885,cgnat_mobile_ip_storm,2
t4_dev_001585,t4_act_000885,cgnat_mobile_ip_storm,2
t4_dev_001586,t4_act_000885,cgnat_mobile_ip_storm,2
t4_dev_001587,t4_act_000885,cgnat_mobile_ip_storm,2
t4_dev_001588,t4_act_000885,cgnat_mobile_ip_storm,2
t4_dev_001589,t4_act_000885,cgnat_mobile_ip_storm,2
t4_dev_001590,t4_act_000885,cgnat_mobile_ip_storm,2
t4_dev_008425,t4_act_006174,multi_device_customer_v4,4
t4_dev_006636,t4_act_004722,session_recreation_flaky_net,4
t4_dev_001173,t4_act_000658,network_retry_storm_hard,3
t4_dev_003624,t4_act_002320,cross_device_partial,3
t4_dev_004574,t4_act_003059,ultra_patient_v4,2
t4_dev_008154,t4_act_005958,new_customer_onboarding,4
t4_dev_006544,t4_act_004637,network_retry_storm_hard,0
t4_dev_000362,t4_act_000072,cross_device_partial,3
t4_dev_001905,t4_act_001092,sparse_multiday_v4,2
t4_dev_005273,t4_act_003583,persistent_card_problem_hard,0
t4_dev_006855,t4_act_004900,network_retry_storm_hard,0
t4_dev_003901,t4_act_002544,cvv_and_expiry_mistakes,4
t4_dev_008738,t4_act_006456,normal_guest_checkout,3
t4_dev_002286,t4_act_001367,session_recreation_flaky_net,1
t4_dev_007547,t4_act_005456,normal_returning_customer,1
t4_dev_000950,t4_act_000435,persistent_card_problem_hard,0
t4_dev_004580,t4_act_003065,persistent_card_problem_hard,3
t4_dev_005975,t4_act_004173,persistent_card_problem_hard,4
t4_dev_002796,t4_act_001767,cross_device_partial,0
t4_dev_002714,t4_act_001699,session_recreation_flaky_net,2
t4_dev_003625,t4_act_002320,cross_device_partial,3
t4_dev_007558,t4_act_005467,network_retry_storm_hard,4
t4_dev_006255,t4_act_004387,normal_guest_checkout,4
t4_dev_006513,t4_act_004608,normal_guest_checkout,1
t4_dev_002251,t4_act_001337,network_retry_storm_hard,4
t4_dev_004924,t4_act_003306,multi_device_customer_v4,4
t4_dev_008078,t4_act_005887,session_recreation_flaky_net,2
t4_dev_008848,t4_act_006557,normal_returning_customer,3
t4_dev_003826,t4_act_002482,normal_returning_customer,4
t4_dev_005730,t4_act_003974,normal_guest_checkout,0
t4_dev_007862,t4_act_005715,multi_device_customer_v4,0
t4_dev_008945,t4_act_006648,cvv_and_expiry_mistakes,1
t4_dev_006151,t4_act_004312,network_retry_storm_hard,0
t4_dev_008923,t4_act_006627,normal_guest_checkout,4
t4_dev_000275,t4_act_000052,cross_device_partial,0
t4_dev_007154,t4_act_005151,normal_guest_checkout,3
t4_dev_002797,t4_act_001767,cross_device_partial,0
t4_dev_001796,t4_act_001024,normal_guest_checkout,4
t4_dev_003356,t4_act_002125,new_customer_onboarding,2
t4_dev_002851,t4_act_001799,mixed_campaign_v4,4
t4_dev_003154,t4_act_001957,ultra_patient_v4,1
t4_dev_004473,t4_act_002984,normal_guest_checkout,1
t4_dev_007585,t4_act_005491,normal_guest_checkout,0
t4_dev_004397,t4_act_002923,persistent_card_problem_hard,4
t4_dev_007584,t4_act_005490,normal_guest_checkout,4
t4_dev_005037,t4_act_003398,fast_burst_v4,1
t4_dev_006963,t4_act_004993,new_customer_onboarding,3
t4_dev_004080,t4_act_002689,session_recreation_flaky_net,0
t4_dev_004398,t4_act_002924,burst_pause_burst_v4,4
t4_dev_007494,t4_act_005408,cvv_and_expiry_mistakes,4
t4_dev_000254,t4_act_000048,cross_device_partial,3
t4_dev_007293,t4_act_005260,genuine_wallet_cycling,3
t4_dev_008702,t4_act_006422,normal_guest_checkout,0
t4_dev_008621,t4_act_006350,network_retry_storm_hard,1
t4_dev_002852,t4_act_001799,mixed_campaign_v4,4
t4_dev_006216,t4_act_004351,new_customer_onboarding,2
t4_dev_007935,t4_act_005776,normal_guest_checkout,1
t4_dev_004679,t4_act_003146,normal_guest_checkout,0
t4_dev_009064,t4_act_006739,persistent_card_problem_hard,3
t4_dev_000276,t4_act_000052,cross_device_partial,0
t4_dev_008713,t4_act_006431,normal_guest_checkout,1
t4_dev_007253,t4_act_005224,new_customer_onboarding,2
t4_dev_007416,t4_act_005354,normal_returning_customer,3
t4_dev_005961,t4_act_004159,normal_guest_checkout,3
t4_dev_005300,t4_act_003603,normal_returning_customer,1
t4_dev_001125,t4_act_000610,network_retry_storm_hard,0
t4_dev_001921,t4_act_001104,new_customer_onboarding,1
t4_dev_007674,t4_act_005550,multi_device_customer_v4,2
t4_dev_002853,t4_act_001799,mixed_campaign_v4,4
t4_dev_003091,t4_act_001916,session_recreation_flaky_net,3
t4_dev_001723,t4_act_000969,network_retry_storm_hard,1
t4_dev_003962,t4_act_002594,normal_guest_checkout,0
t4_dev_002480,t4_act_001523,patient_tester_v4,0
t4_dev_002751,t4_act_001725,genuine_wallet_cycling,3
t4_dev_005307,t4_act_003608,new_customer_onboarding,0
t4_dev_008178,t4_act_005979,network_retry_storm_hard,3
t4_dev_004564,t4_act_003050,new_customer_onboarding,3
t4_dev_002542,t4_act_001568,normal_guest_checkout,2
t4_dev_004424,t4_act_002945,session_recreation_flaky_net,3
t4_dev_003626,t4_act_002320,cross_device_partial,3
t4_dev_000277,t4_act_000052,cross_device_partial,0
t4_dev_000255,t4_act_000048,cross_device_partial,3
t4_dev_006718,t4_act_004798,network_retry_storm_hard,4
t4_dev_003933,t4_act_002572,persistent_card_problem_hard,3
t4_dev_001874,t4_act_001069,cross_device_partial,1
t4_dev_001551,t4_act_000884,cgnat_mobile_ip_storm,3
t4_dev_001552,t4_act_000884,cgnat_mobile_ip_storm,3
t4_dev_001553,t4_act_000884,cgnat_mobile_ip_storm,3
t4_dev_002854,t4_act_001799,mixed_campaign_v4,4
t4_dev_007186,t4_act_005181,genuine_wallet_cycling,1
t4_dev_001159,t4_act_000644,network_retry_storm_hard,0
t4_dev_001554,t4_act_000884,cgnat_mobile_ip_storm,3
t4_dev_001555,t4_act_000884,cgnat_mobile_ip_storm,3
t4_dev_001556,t4_act_000884,cgnat_mobile_ip_storm,3
t4_dev_001557,t4_act_000884,cgnat_mobile_ip_storm,3
t4_dev_001558,t4_act_000884,cgnat_mobile_ip_storm,3
t4_dev_001559,t4_act_000884,cgnat_mobile_ip_storm,3
t4_dev_007227,t4_act_005200,cvv_and_expiry_mistakes,1
t4_dev_001560,t4_act_000884,cgnat_mobile_ip_storm,3
t4_dev_001561,t4_act_000884,cgnat_mobile_ip_storm,3
t4_dev_001562,t4_act_000884,cgnat_mobile_ip_storm,3
t4_dev_001563,t4_act_000884,cgnat_mobile_ip_storm,3
t4_dev_001564,t4_act_000884,cgnat_mobile_ip_storm,3
t4_dev_001565,t4_act_000884,cgnat_mobile_ip_storm,3
t4_dev_002798,t4_act_001767,cross_device_partial,0
t4_dev_001996,t4_act_001166,cvv_and_expiry_mistakes,3
t4_dev_001566,t4_act_000884,cgnat_mobile_ip_storm,3
t4_dev_001567,t4_act_000884,cgnat_mobile_ip_storm,3
t4_dev_001568,t4_act_000884,cgnat_mobile_ip_storm,3
t4_dev_001569,t4_act_000884,cgnat_mobile_ip_storm,3
t4_dev_001570,t4_act_000884,cgnat_mobile_ip_storm,3
t4_dev_000089,t4_act_000015,cross_device_weak_guest,1
t4_dev_002967,t4_act_001858,fast_burst_v4,2
t4_dev_007174,t4_act_005171,multi_device_customer_v4,4
t4_dev_005413,t4_act_003702,new_customer_onboarding,2
t4_dev_006907,t4_act_004943,network_retry_storm_hard,0
t4_dev_004348,t4_act_002901,normal_guest_checkout,3
t4_dev_005865,t4_act_004093,normal_guest_checkout,2
t4_dev_000256,t4_act_000048,cross_device_partial,3
t4_dev_005467,t4_act_003756,genuine_wallet_cycling,4
t4_dev_005774,t4_act_004010,multi_device_customer_v4,4
t4_dev_005345,t4_act_003644,multi_device_customer_v4,4
t4_dev_007110,t4_act_005113,session_recreation_flaky_net,2
t4_dev_000799,t4_act_000284,persistent_card_problem_hard,4
t4_dev_002799,t4_act_001767,cross_device_partial,0
t4_dev_008379,t4_act_006137,normal_returning_customer,3
t4_dev_004885,t4_act_003291,normal_guest_checkout,2
t4_dev_007761,t4_act_005629,new_customer_onboarding,3
t4_dev_006988,t4_act_005013,new_customer_onboarding,1
t4_dev_008511,t4_act_006253,normal_returning_customer,1
t4_dev_008576,t4_act_006306,session_recreation_flaky_net,4
t4_dev_008076,t4_act_005885,multi_device_customer_v4,1
t4_dev_003191,t4_act_001990,cross_device_partial,0
t4_dev_000090,t4_act_000015,cross_device_weak_guest,1
t4_dev_006987,t4_act_005012,normal_returning_customer,0
t4_dev_006892,t4_act_004930,network_retry_storm_hard,3
t4_dev_005808,t4_act_004043,new_customer_onboarding,0
t4_dev_006230,t4_act_004365,multi_device_customer_v4,0
t4_dev_000257,t4_act_000048,cross_device_partial,3
t4_dev_007488,t4_act_005402,persistent_card_problem_hard,0
t4_dev_007516,t4_act_005429,persistent_card_problem_hard,4
t4_dev_005844,t4_act_004073,normal_guest_checkout,1
t4_dev_001875,t4_act_001069,cross_device_partial,1
t4_dev_003282,t4_act_002059,cross_device_partial,1
t4_dev_006240,t4_act_004373,genuine_wallet_cycling,2
t4_dev_003378,t4_act_002143,new_customer_onboarding,3
t4_dev_003311,t4_act_002083,burst_pause_burst_v4,0
t4_dev_000278,t4_act_000052,cross_device_partial,0
t4_dev_005315,t4_act_003615,network_retry_storm_hard,4
t4_dev_000091,t4_act_000015,cross_device_weak_guest,1
t4_dev_007592,t4_act_005497,cvv_and_expiry_mistakes,3
t4_dev_004169,t4_act_002768,ultra_patient_v4,3
t4_dev_006205,t4_act_004342,new_customer_onboarding,4
t4_dev_006967,t4_act_004996,persistent_card_problem_hard,4
t4_dev_000841,t4_act_000326,persistent_card_problem_hard,4
t4_dev_000170,t4_act_000030,cross_device_weak_guest,3
t4_dev_008426,t4_act_006174,multi_device_customer_v4,4
t4_dev_007295,t4_act_005262,network_retry_storm_hard,3
t4_dev_001027,t4_act_000512,network_retry_storm_hard,0
t4_dev_002426,t4_act_001477,multi_device_customer_v4,1
t4_dev_000946,t4_act_000431,persistent_card_problem_hard,3
t4_dev_008764,t4_act_006479,multi_device_customer_v4,1
t4_dev_006254,t4_act_004386,network_retry_storm_hard,4
t4_dev_000171,t4_act_000030,cross_device_weak_guest,3
t4_dev_006719,t4_act_004799,genuine_wallet_cycling,3
t4_dev_004064,t4_act_002676,session_recreation_flaky_net,4
t4_dev_002415,t4_act_001466,genuine_wallet_cycling,3
t4_dev_000092,t4_act_000015,cross_device_weak_guest,1
t4_dev_007675,t4_act_005550,multi_device_customer_v4,2
t4_dev_003157,t4_act_001960,normal_guest_checkout,1
t4_dev_004658,t4_act_003129,normal_guest_checkout,1
t4_dev_003753,t4_act_002414,genuine_wallet_cycling,1
t4_dev_000805,t4_act_000290,persistent_card_problem_hard,4
t4_dev_005423,t4_act_003712,genuine_wallet_cycling,0
t4_dev_006766,t4_act_004838,network_retry_storm_hard,4
t4_dev_007510,t4_act_005424,cvv_and_expiry_mistakes,4
t4_dev_007800,t4_act_005662,multi_device_customer_v4,2
t4_dev_001893,t4_act_001082,genuine_wallet_cycling,2
t4_dev_002153,t4_act_001267,normal_guest_checkout,2
t4_dev_007032,t4_act_005050,normal_guest_checkout,4
t4_dev_003283,t4_act_002059,cross_device_partial,1
t4_dev_008330,t4_act_006099,persistent_card_problem_hard,1
t4_dev_002809,t4_act_001776,persistent_card_problem_hard,4
t4_dev_003775,t4_act_002436,network_retry_storm_hard,1
t4_dev_000172,t4_act_000030,cross_device_weak_guest,3
t4_dev_000245,t4_act_000046,cross_device_partial,3
t4_dev_000020,t4_act_000004,cross_device_weak_guest,1
t4_dev_005377,t4_act_003668,session_recreation_flaky_net,2
t4_dev_004989,t4_act_003359,patient_tester_v4,0
t4_dev_005557,t4_act_003820,normal_guest_checkout,4
t4_dev_005228,t4_act_003543,success_camouflage_v4,1
t4_dev_004741,t4_act_003187,genuine_wallet_cycling,1
t4_dev_007616,t4_act_005518,multi_device_customer_v4,3
t4_dev_001042,t4_act_000527,network_retry_storm_hard,4
t4_dev_008913,t4_act_006617,new_customer_onboarding,0
t4_dev_003192,t4_act_001990,cross_device_partial,0
t4_dev_006298,t4_act_004426,new_customer_onboarding,1
t4_dev_002538,t4_act_001566,normal_guest_checkout,0
t4_dev_006354,t4_act_004461,normal_returning_customer,2
t4_dev_009072,t4_act_006747,normal_returning_customer,3
t4_dev_000173,t4_act_000030,cross_device_weak_guest,3
t4_dev_001069,t4_act_000554,network_retry_storm_hard,3
t4_dev_007129,t4_act_005127,normal_guest_checkout,4
t4_dev_002931,t4_act_001843,burst_pause_burst_v4,2
t4_dev_000246,t4_act_000046,cross_device_partial,3
t4_dev_007245,t4_act_005218,normal_returning_customer,2
t4_dev_004283,t4_act_002849,normal_returning_customer,1
t4_dev_001876,t4_act_001069,cross_device_partial,1
t4_dev_004219,t4_act_002801,cross_device_partial,2
t4_dev_000258,t4_act_000048,cross_device_partial,3
t4_dev_004842,t4_act_003256,normal_returning_customer,1
t4_dev_006050,t4_act_004239,persistent_card_problem_hard,1
t4_dev_002673,t4_act_001664,session_churn_v4,3
t4_dev_001717,t4_act_000965,mixed_campaign_v4,2
t4_dev_002776,t4_act_001750,sparse_multiday_v4,4
t4_dev_000021,t4_act_000004,cross_device_weak_guest,1
t4_dev_005718,t4_act_003964,genuine_wallet_cycling,0
t4_dev_005380,t4_act_003671,new_customer_onboarding,4
t4_dev_001944,t4_act_001119,persistent_card_problem_hard,2
t4_dev_003973,t4_act_002603,new_customer_onboarding,3
t4_dev_007869,t4_act_005721,normal_guest_checkout,2
t4_dev_008589,t4_act_006319,persistent_card_problem_hard,1
t4_dev_001718,t4_act_000965,mixed_campaign_v4,2
t4_dev_003781,t4_act_002442,normal_guest_checkout,3
t4_dev_006597,t4_act_004686,normal_returning_customer,4
t4_dev_004010,t4_act_002631,sparse_multiday_v4,4
t4_dev_004945,t4_act_003322,network_retry_storm_hard,2
t4_dev_001747,t4_act_000991,network_retry_storm_hard,2
t4_dev_006385,t4_act_004491,normal_guest_checkout,2
t4_dev_003769,t4_act_002430,ultra_patient_v4,1
t4_dev_006923,t4_act_004959,new_customer_onboarding,1
t4_dev_001995,t4_act_001165,session_recreation_flaky_net,2
t4_dev_007710,t4_act_005580,network_retry_storm_hard,1
t4_dev_006953,t4_act_004985,cvv_and_expiry_mistakes,3
t4_dev_000247,t4_act_000046,cross_device_partial,3
t4_dev_004925,t4_act_003306,multi_device_customer_v4,4
t4_dev_005635,t4_act_003889,cvv_and_expiry_mistakes,1
t4_dev_005215,t4_act_003530,network_retry_storm_hard,1
t4_dev_000022,t4_act_000004,cross_device_weak_guest,1
t4_dev_006682,t4_act_004766,cvv_and_expiry_mistakes,0
t4_dev_003015,t4_act_001896,multi_device_customer_v4,0
t4_dev_004815,t4_act_003236,success_camouflage_v4,1
t4_dev_004637,t4_act_003111,warm_up_then_attack_v4,1
t4_dev_000023,t4_act_000004,cross_device_weak_guest,1
t4_dev_008722,t4_act_006440,network_retry_storm_hard,0
t4_dev_002009,t4_act_001177,ultra_patient_v4,3
t4_dev_007786,t4_act_005651,session_recreation_flaky_net,0
t4_dev_007605,t4_act_005507,normal_guest_checkout,0
t4_dev_003284,t4_act_002059,cross_device_partial,1
t4_dev_006126,t4_act_004292,cvv_and_expiry_mistakes,2
t4_dev_008476,t4_act_006223,genuine_wallet_cycling,2
t4_dev_007621,t4_act_005521,normal_guest_checkout,4
t4_dev_001877,t4_act_001069,cross_device_partial,1
t4_dev_003193,t4_act_001990,cross_device_partial,0
t4_dev_008204,t4_act_006002,multi_device_customer_v4,2
t4_dev_004220,t4_act_002801,cross_device_partial,2
t4_dev_003160,t4_act_001962,sparse_multiday_v4,0
t4_dev_007863,t4_act_005715,multi_device_customer_v4,0
t4_dev_008249,t4_act_006043,persistent_card_problem_hard,0
t4_dev_003008,t4_act_001891,normal_returning_customer,1
t4_dev_004752,t4_act_003198,normal_returning_customer,1
t4_dev_007261,t4_act_005231,persistent_card_problem_hard,1
t4_dev_008429,t4_act_006177,persistent_card_problem_hard,4
t4_dev_001141,t4_act_000626,network_retry_storm_hard,4
t4_dev_003261,t4_act_002041,cvv_and_expiry_mistakes,3
t4_dev_006221,t4_act_004356,normal_returning_customer,0
t4_dev_000024,t4_act_000004,cross_device_weak_guest,1
t4_dev_006231,t4_act_004365,multi_device_customer_v4,0
t4_dev_000221,t4_act_000041,cross_device_partial,1
t4_dev_002736,t4_act_001711,success_camouflage_v4,0
t4_dev_002330,t4_act_001395,sparse_multiday_v4,3
t4_dev_003448,t4_act_002197,session_recreation_flaky_net,4
t4_dev_007284,t4_act_005251,normal_guest_checkout,4
t4_dev_002347,t4_act_001408,fast_burst_v4,1
t4_dev_008677,t4_act_006399,normal_guest_checkout,4
t4_dev_008061,t4_act_005872,normal_guest_checkout,1
t4_dev_003016,t4_act_001896,multi_device_customer_v4,0
t4_dev_001010,t4_act_000495,network_retry_storm_hard,2
t4_dev_008524,t4_act_006262,genuine_wallet_cycling,1
t4_dev_001758,t4_act_000998,cvv_and_expiry_mistakes,2
t4_dev_008831,t4_act_006541,session_recreation_flaky_net,0
t4_dev_005532,t4_act_003799,normal_guest_checkout,3
t4_dev_008765,t4_act_006479,multi_device_customer_v4,1
t4_dev_007760,t4_act_005628,cvv_and_expiry_mistakes,1
t4_dev_006062,t4_act_004251,normal_returning_customer,0
t4_dev_008041,t4_act_005853,new_customer_onboarding,3
t4_dev_004320,t4_act_002880,normal_guest_checkout,1
t4_dev_006093,t4_act_004262,normal_returning_customer,1
t4_dev_005389,t4_act_003679,session_recreation_flaky_net,4
t4_dev_004151,t4_act_002752,normal_returning_customer,0
t4_dev_002245,t4_act_001333,network_retry_storm_hard,0
t4_dev_000248,t4_act_000046,cross_device_partial,3
t4_dev_000025,t4_act_000004,cross_device_weak_guest,1
t4_dev_000184,t4_act_000033,cross_device_weak_guest,3
t4_dev_003472,t4_act_002217,new_customer_onboarding,0
t4_dev_005424,t4_act_003713,network_retry_storm_hard,1
t4_dev_000185,t4_act_000033,cross_device_weak_guest,3
t4_dev_004077,t4_act_002687,normal_guest_checkout,4
t4_dev_007847,t4_act_005703,persistent_card_problem_hard,0
t4_dev_005029,t4_act_003391,normal_guest_checkout,1
t4_dev_007143,t4_act_005141,persistent_card_problem_hard,3
t4_dev_005471,t4_act_003760,cvv_and_expiry_mistakes,0
t4_dev_007175,t4_act_005171,multi_device_customer_v4,4
t4_dev_003454,t4_act_002203,network_retry_storm_hard,4
t4_dev_003199,t4_act_001992,multi_device_customer_v4,0
t4_dev_002224,t4_act_001318,genuine_wallet_cycling,4
t4_dev_003105,t4_act_001928,sparse_multiday_v4,3
t4_dev_001878,t4_act_001069,cross_device_partial,1
t4_dev_000186,t4_act_000033,cross_device_weak_guest,3
t4_dev_003194,t4_act_001990,cross_device_partial,0
t4_dev_008147,t4_act_005951,persistent_card_problem_hard,1
t4_dev_000026,t4_act_000004,cross_device_weak_guest,1
t4_dev_004221,t4_act_002801,cross_device_partial,2
t4_dev_003629,t4_act_002323,normal_guest_checkout,3
t4_dev_005346,t4_act_003644,multi_device_customer_v4,4
t4_dev_006573,t4_act_004664,normal_guest_checkout,2
t4_dev_000291,t4_act_000056,cross_device_partial,4
t4_dev_005813,t4_act_004048,cvv_and_expiry_mistakes,3
t4_dev_002455,t4_act_001501,normal_returning_customer,3
t4_dev_007697,t4_act_005567,persistent_card_problem_hard,0
t4_dev_002196,t4_act_001297,session_recreation_flaky_net,1
t4_dev_008216,t4_act_006012,genuine_wallet_cycling,0
t4_dev_005572,t4_act_003834,network_retry_storm_hard,2
t4_dev_007531,t4_act_005442,normal_guest_checkout,3
t4_dev_000187,t4_act_000033,cross_device_weak_guest,3
t4_dev_007273,t4_act_005242,normal_returning_customer,4
t4_dev_000027,t4_act_000004,cross_device_weak_guest,1
t4_dev_006452,t4_act_004551,persistent_card_problem_hard,0
t4_dev_007131,t4_act_005129,normal_guest_checkout,2
t4_dev_009004,t4_act_006701,multi_device_customer_v4,2
t4_dev_000949,t4_act_000434,persistent_card_problem_hard,1
t4_dev_006330,t4_act_004439,persistent_card_problem_hard,0
t4_dev_003195,t4_act_001990,cross_device_partial,0
t4_dev_004427,t4_act_002948,warm_up_then_attack_v4,1
t4_dev_007928,t4_act_005770,normal_returning_customer,0
t4_dev_007726,t4_act_005596,cvv_and_expiry_mistakes,4
t4_dev_000222,t4_act_000041,cross_device_partial,1
t4_dev_000188,t4_act_000033,cross_device_weak_guest,3
t4_dev_006470,t4_act_004569,session_recreation_flaky_net,2
t4_dev_008132,t4_act_005938,genuine_wallet_cycling,4
t4_dev_007617,t4_act_005518,multi_device_customer_v4,3
t4_dev_004028,t4_act_002644,cvv_and_expiry_mistakes,3
t4_dev_006397,t4_act_004502,network_retry_storm_hard,0
t4_dev_004414,t4_act_002936,multi_device_customer_v4,2
t4_dev_001751,t4_act_000995,normal_guest_checkout,0
t4_dev_007545,t4_act_005454,persistent_card_problem_hard,2
t4_dev_004108,t4_act_002715,persistent_card_problem_hard,0
t4_dev_002185,t4_act_001289,cross_device_weak_guest,4
t4_dev_004533,t4_act_003031,normal_returning_customer,3
t4_dev_005146,t4_act_003484,network_retry_storm_hard,3
t4_dev_000292,t4_act_000056,cross_device_partial,4
t4_dev_006099,t4_act_004267,persistent_card_problem_hard,4
t4_dev_004897,t4_act_003300,session_churn_v4,0
t4_dev_008327,t4_act_006096,cvv_and_expiry_mistakes,0
t4_dev_006446,t4_act_004546,new_customer_onboarding,2
t4_dev_008484,t4_act_006231,new_customer_onboarding,2
t4_dev_002033,t4_act_001195,normal_returning_customer,0
t4_dev_002808,t4_act_001775,normal_guest_checkout,4
t4_dev_004863,t4_act_003271,session_recreation_flaky_net,1
t4_dev_004722,t4_act_003174,genuine_wallet_cycling,3
t4_dev_002186,t4_act_001289,cross_device_weak_guest,4
t4_dev_000293,t4_act_000056,cross_device_partial,4
t4_dev_007918,t4_act_005762,new_customer_onboarding,3
t4_dev_000854,t4_act_000339,persistent_card_problem_hard,0
t4_dev_001116,t4_act_000601,network_retry_storm_hard,1
t4_dev_004187,t4_act_002780,persistent_card_problem_hard,3
t4_dev_004183,t4_act_002777,session_churn_v4,2
t4_dev_001024,t4_act_000509,network_retry_storm_hard,4
t4_dev_008339,t4_act_006104,cvv_and_expiry_mistakes,3
t4_dev_008351,t4_act_006112,new_customer_onboarding,1
t4_dev_007778,t4_act_005643,persistent_card_problem_hard,1
t4_dev_008886,t4_act_006590,persistent_card_problem_hard,0
t4_dev_003843,t4_act_002493,normal_returning_customer,4
t4_dev_002187,t4_act_001289,cross_device_weak_guest,4
t4_dev_002761,t4_act_001735,patient_tester_v4,2
t4_dev_007695,t4_act_005565,normal_guest_checkout,3
t4_dev_000223,t4_act_000041,cross_device_partial,1
t4_dev_007618,t4_act_005518,multi_device_customer_v4,3
t4_dev_008031,t4_act_005844,network_retry_storm_hard,3
t4_dev_000965,t4_act_000450,persistent_card_problem_hard,0
t4_dev_004222,t4_act_002801,cross_device_partial,2
t4_dev_004716,t4_act_003169,cvv_and_expiry_mistakes,1
t4_dev_007975,t4_act_005811,new_customer_onboarding,0
t4_dev_006052,t4_act_004241,normal_guest_checkout,4
t4_dev_004664,t4_act_003134,persistent_card_problem_hard,3
t4_dev_004223,t4_act_002801,cross_device_partial,2
t4_dev_003762,t4_act_002423,persistent_card_problem_hard,0
t4_dev_004786,t4_act_003216,persistent_card_problem_hard,3
t4_dev_003080,t4_act_001909,normal_returning_customer,1
t4_dev_004019,t4_act_002637,normal_guest_checkout,0
t4_dev_005866,t4_act_004094,network_retry_storm_hard,0
t4_dev_002460,t4_act_001505,network_retry_storm_hard,1
t4_dev_007400,t4_act_005339,new_customer_onboarding,2
t4_dev_004822,t4_act_003242,genuine_wallet_cycling,2
t4_dev_000977,t4_act_000462,persistent_card_problem_hard,2
t4_dev_002188,t4_act_001289,cross_device_weak_guest,4
t4_dev_005239,t4_act_003551,normal_returning_customer,2
t4_dev_003968,t4_act_002599,session_churn_v4,0
t4_dev_005951,t4_act_004151,normal_returning_customer,4
t4_dev_004639,t4_act_003112,fast_burst_v4,2
t4_dev_002461,t4_act_001506,new_customer_onboarding,4
t4_dev_000823,t4_act_000308,persistent_card_problem_hard,0
t4_dev_008981,t4_act_006681,cvv_and_expiry_mistakes,4
t4_dev_007363,t4_act_005309,multi_device_customer_v4,0
t4_dev_007020,t4_act_005039,normal_guest_checkout,2
t4_dev_005015,t4_act_003382,new_customer_onboarding,1
t4_dev_002144,t4_act_001260,normal_guest_checkout,2
t4_dev_001811,t4_act_001038,normal_guest_checkout,0
t4_dev_007884,t4_act_005734,multi_device_customer_v4,4
t4_dev_002329,t4_act_001394,normal_guest_checkout,2
t4_dev_003977,t4_act_002607,new_customer_onboarding,3
t4_dev_005265,t4_act_003576,genuine_wallet_cycling,4
t4_dev_008871,t4_act_006576,persistent_card_problem_hard,4
t4_dev_003911,t4_act_002552,persistent_card_problem_hard,0
t4_dev_001907,t4_act_001094,network_retry_storm_hard,3
t4_dev_003216,t4_act_002005,new_customer_onboarding,3
t4_dev_000989,t4_act_000474,persistent_card_problem_hard,2
t4_dev_006418,t4_act_004520,normal_guest_checkout,2
t4_dev_000224,t4_act_000041,cross_device_partial,1
t4_dev_007736,t4_act_005606,normal_guest_checkout,3
t4_dev_006426,t4_act_004527,network_retry_storm_hard,2
t4_dev_003607,t4_act_002307,sparse_multiday_v4,4
t4_dev_005213,t4_act_003528,persistent_card_problem_hard,1
t4_dev_003201,t4_act_001994,success_camouflage_v4,3
t4_dev_001121,t4_act_000606,network_retry_storm_hard,2
t4_dev_007364,t4_act_005309,multi_device_customer_v4,0
t4_dev_001663,t4_act_000940,cgnat_mobile_ip_storm,1
t4_dev_001664,t4_act_000940,cgnat_mobile_ip_storm,1
t4_dev_001665,t4_act_000940,cgnat_mobile_ip_storm,1
t4_dev_001666,t4_act_000940,cgnat_mobile_ip_storm,1
t4_dev_001667,t4_act_000940,cgnat_mobile_ip_storm,1
t4_dev_001050,t4_act_000535,network_retry_storm_hard,2
t4_dev_001668,t4_act_000940,cgnat_mobile_ip_storm,1
t4_dev_003399,t4_act_002159,cross_device_partial,3
t4_dev_001669,t4_act_000940,cgnat_mobile_ip_storm,1
t4_dev_001670,t4_act_000940,cgnat_mobile_ip_storm,1
t4_dev_001671,t4_act_000940,cgnat_mobile_ip_storm,1
t4_dev_001672,t4_act_000940,cgnat_mobile_ip_storm,1
t4_dev_001673,t4_act_000940,cgnat_mobile_ip_storm,1
t4_dev_001674,t4_act_000940,cgnat_mobile_ip_storm,1
t4_dev_001675,t4_act_000940,cgnat_mobile_ip_storm,1
t4_dev_003945,t4_act_002583,normal_guest_checkout,1
t4_dev_001676,t4_act_000940,cgnat_mobile_ip_storm,1
t4_dev_001677,t4_act_000940,cgnat_mobile_ip_storm,1
t4_dev_001678,t4_act_000940,cgnat_mobile_ip_storm,1
t4_dev_001679,t4_act_000940,cgnat_mobile_ip_storm,1
t4_dev_001680,t4_act_000940,cgnat_mobile_ip_storm,1
t4_dev_001681,t4_act_000940,cgnat_mobile_ip_storm,1
t4_dev_001682,t4_act_000940,cgnat_mobile_ip_storm,1
t4_dev_000225,t4_act_000041,cross_device_partial,1
t4_dev_002174,t4_act_001280,network_retry_storm_hard,3
t4_dev_004270,t4_act_002840,ultra_patient_v4,3
t4_dev_007701,t4_act_005571,session_recreation_flaky_net,4
t4_dev_007948,t4_act_005787,network_retry_storm_hard,0
t4_dev_002362,t4_act_001421,new_customer_onboarding,0
t4_dev_005497,t4_act_003784,cgnat_mobile_ip_storm,2
t4_dev_001974,t4_act_001147,genuine_wallet_cycling,1
t4_dev_005498,t4_act_003784,cgnat_mobile_ip_storm,2
t4_dev_005499,t4_act_003784,cgnat_mobile_ip_storm,2
t4_dev_005500,t4_act_003784,cgnat_mobile_ip_storm,2
t4_dev_005501,t4_act_003784,cgnat_mobile_ip_storm,2
t4_dev_005502,t4_act_003784,cgnat_mobile_ip_storm,2
t4_dev_005503,t4_act_003784,cgnat_mobile_ip_storm,2
t4_dev_002662,t4_act_001654,network_retry_storm_hard,0
t4_dev_005504,t4_act_003784,cgnat_mobile_ip_storm,2
t4_dev_005505,t4_act_003784,cgnat_mobile_ip_storm,2
t4_dev_005506,t4_act_003784,cgnat_mobile_ip_storm,2
t4_dev_005507,t4_act_003784,cgnat_mobile_ip_storm,2
t4_dev_005508,t4_act_003784,cgnat_mobile_ip_storm,2
t4_dev_005509,t4_act_003784,cgnat_mobile_ip_storm,2
t4_dev_005510,t4_act_003784,cgnat_mobile_ip_storm,2
t4_dev_005511,t4_act_003784,cgnat_mobile_ip_storm,2
t4_dev_005512,t4_act_003784,cgnat_mobile_ip_storm,2
t4_dev_005513,t4_act_003784,cgnat_mobile_ip_storm,2
t4_dev_005514,t4_act_003784,cgnat_mobile_ip_storm,2
t4_dev_005515,t4_act_003784,cgnat_mobile_ip_storm,2
t4_dev_005516,t4_act_003784,cgnat_mobile_ip_storm,2
t4_dev_008035,t4_act_005848,network_retry_storm_hard,1
t4_dev_007992,t4_act_005827,normal_guest_checkout,0
t4_dev_008529,t4_act_006267,normal_guest_checkout,0
t4_dev_002427,t4_act_001477,multi_device_customer_v4,1
t4_dev_004007,t4_act_002628,normal_guest_checkout,1
t4_dev_004352,t4_act_002904,cvv_and_expiry_mistakes,2
t4_dev_006772,t4_act_004844,normal_guest_checkout,1
t4_dev_008802,t4_act_006514,session_recreation_flaky_net,3
t4_dev_004788,t4_act_003218,cvv_and_expiry_mistakes,3
t4_dev_005674,t4_act_003924,normal_guest_checkout,3
t4_dev_006232,t4_act_004365,multi_device_customer_v4,0
t4_dev_003092,t4_act_001917,cvv_and_expiry_mistakes,1
t4_dev_003400,t4_act_002159,cross_device_partial,3
t4_dev_003518,t4_act_002237,genuine_wallet_cycling,0
t4_dev_006578,t4_act_004669,new_customer_onboarding,1
t4_dev_007552,t4_act_005461,session_recreation_flaky_net,3
t4_dev_003663,t4_act_002348,normal_returning_customer,1
t4_dev_002363,t4_act_001422,patient_tester_v4,4
t4_dev_006723,t4_act_004803,cvv_and_expiry_mistakes,0
t4_dev_004016,t4_act_002634,genuine_wallet_cycling,4
t4_dev_002628,t4_act_001625,merchant_normal_amount_attack_v4,4
t4_dev_002518,t4_act_001552,fast_burst_v4,3
t4_dev_008903,t4_act_006607,persistent_card_problem_hard,0
t4_dev_003102,t4_act_001925,burst_pause_burst_v4,2
t4_dev_009005,t4_act_006701,multi_device_customer_v4,2
t4_dev_005667,t4_act_003918,genuine_wallet_cycling,1
t4_dev_003109,t4_act_001932,cgnat_mobile_ip_storm,2
t4_dev_001841,t4_act_001046,burst_pause_burst_v4,1
t4_dev_003110,t4_act_001932,cgnat_mobile_ip_storm,2
t4_dev_003111,t4_act_001932,cgnat_mobile_ip_storm,2
t4_dev_003112,t4_act_001932,cgnat_mobile_ip_storm,2
t4_dev_003113,t4_act_001932,cgnat_mobile_ip_storm,2
t4_dev_003114,t4_act_001932,cgnat_mobile_ip_storm,2
t4_dev_003115,t4_act_001932,cgnat_mobile_ip_storm,2
t4_dev_003116,t4_act_001932,cgnat_mobile_ip_storm,2
t4_dev_003117,t4_act_001932,cgnat_mobile_ip_storm,2
t4_dev_003118,t4_act_001932,cgnat_mobile_ip_storm,2
t4_dev_000858,t4_act_000343,persistent_card_problem_hard,0
t4_dev_003119,t4_act_001932,cgnat_mobile_ip_storm,2
t4_dev_003120,t4_act_001932,cgnat_mobile_ip_storm,2
t4_dev_003121,t4_act_001932,cgnat_mobile_ip_storm,2
t4_dev_003122,t4_act_001932,cgnat_mobile_ip_storm,2
t4_dev_003123,t4_act_001932,cgnat_mobile_ip_storm,2
t4_dev_008028,t4_act_005842,normal_returning_customer,2
t4_dev_003124,t4_act_001932,cgnat_mobile_ip_storm,2
t4_dev_003125,t4_act_001932,cgnat_mobile_ip_storm,2
t4_dev_003126,t4_act_001932,cgnat_mobile_ip_storm,2
t4_dev_003127,t4_act_001932,cgnat_mobile_ip_storm,2
t4_dev_003128,t4_act_001932,cgnat_mobile_ip_storm,2
t4_dev_002367,t4_act_001425,normal_guest_checkout,4
t4_dev_002281,t4_act_001362,normal_guest_checkout,1
t4_dev_001168,t4_act_000653,network_retry_storm_hard,2
t4_dev_008494,t4_act_006239,persistent_card_problem_hard,2
t4_dev_006616,t4_act_004704,network_retry_storm_hard,2
t4_dev_004702,t4_act_003160,normal_returning_customer,3
t4_dev_002154,t4_act_001268,patient_tester_v4,1
t4_dev_005787,t4_act_004022,new_customer_onboarding,3
t4_dev_007527,t4_act_005438,normal_guest_checkout,2
t4_dev_003716,t4_act_002387,persistent_card_problem_hard,4
t4_dev_008565,t4_act_006296,network_retry_storm_hard,3
t4_dev_002992,t4_act_001878,network_retry_storm_hard,0
t4_dev_007090,t4_act_005094,multi_device_customer_v4,2
t4_dev_007804,t4_act_005666,normal_returning_customer,3
t4_dev_005294,t4_act_003598,normal_returning_customer,2
t4_dev_007825,t4_act_005685,cvv_and_expiry_mistakes,3
t4_dev_007780,t4_act_005645,persistent_card_problem_hard,2
t4_dev_008148,t4_act_005952,normal_guest_checkout,1
t4_dev_006007,t4_act_004202,session_recreation_flaky_net,2
t4_dev_006861,t4_act_004906,normal_returning_customer,0
t4_dev_008978,t4_act_006678,normal_guest_checkout,3
t4_dev_001641,t4_act_000922,session_recreation_flaky_net,1
t4_dev_002772,t4_act_001746,session_recreation_flaky_net,2
t4_dev_008936,t4_act_006639,normal_returning_customer,3
t4_dev_007845,t4_act_005702,normal_returning_customer,0
t4_dev_006931,t4_act_004967,genuine_wallet_cycling,0
t4_dev_004868,t4_act_003276,normal_returning_customer,3
t4_dev_000984,t4_act_000469,persistent_card_problem_hard,2
t4_dev_003401,t4_act_002159,cross_device_partial,3
t4_dev_006419,t4_act_004521,genuine_wallet_cycling,2
t4_dev_005323,t4_act_003623,cvv_and_expiry_mistakes,2
t4_dev_002831,t4_act_001785,network_retry_storm_hard,0
t4_dev_004159,t4_act_002758,network_retry_storm_hard,1
t4_dev_008245,t4_act_006039,normal_returning_customer,2
t4_dev_002378,t4_act_001435,network_retry_storm_hard,2
t4_dev_004826,t4_act_003246,mixed_campaign_v4,3
t4_dev_005463,t4_act_003752,session_recreation_flaky_net,3
t4_dev_008708,t4_act_006426,genuine_wallet_cycling,3
t4_dev_007225,t4_act_005198,network_retry_storm_hard,3
t4_dev_007054,t4_act_005068,genuine_wallet_cycling,2
t4_dev_004827,t4_act_003246,mixed_campaign_v4,3
t4_dev_003464,t4_act_002213,network_retry_storm_hard,3
t4_dev_007235,t4_act_005208,new_customer_onboarding,4
t4_dev_008242,t4_act_006037,multi_device_customer_v4,4
t4_dev_006483,t4_act_004581,multi_device_customer_v4,0
t4_dev_008037,t4_act_005850,network_retry_storm_hard,3
t4_dev_006398,t4_act_004503,normal_guest_checkout,3
t4_dev_004809,t4_act_003232,multi_device_customer_v4,1
t4_dev_001072,t4_act_000557,network_retry_storm_hard,1
t4_dev_007077,t4_act_005084,persistent_card_problem_hard,4
t4_dev_008432,t4_act_006180,persistent_card_problem_hard,0
t4_dev_008745,t4_act_006463,normal_returning_customer,1
t4_dev_008408,t4_act_006161,normal_returning_customer,0
t4_dev_000082,t4_act_000014,cross_device_weak_guest,1
t4_dev_004934,t4_act_003313,cvv_and_expiry_mistakes,0
t4_dev_001767,t4_act_001005,normal_guest_checkout,1
t4_dev_006950,t4_act_004984,multi_device_customer_v4,0
t4_dev_008652,t4_act_006377,normal_returning_customer,2
t4_dev_007883,t4_act_005733,persistent_card_problem_hard,2
t4_dev_004215,t4_act_002799,multi_device_customer_v4,3
t4_dev_004692,t4_act_003152,merchant_normal_amount_attack_v4,2
t4_dev_005973,t4_act_004171,normal_guest_checkout,1
t4_dev_003803,t4_act_002461,persistent_card_problem_hard,2
t4_dev_006633,t4_act_004719,network_retry_storm_hard,0
t4_dev_004495,t4_act_003003,network_retry_storm_hard,4
t4_dev_004845,t4_act_003258,persistent_card_problem_hard,4
t4_dev_001028,t4_act_000513,network_retry_storm_hard,0
t4_dev_007373,t4_act_005315,cvv_and_expiry_mistakes,2
t4_dev_004329,t4_act_002885,session_churn_v4,2
t4_dev_002197,t4_act_001298,normal_guest_checkout,3
t4_dev_005984,t4_act_004182,network_retry_storm_hard,3
t4_dev_000083,t4_act_000014,cross_device_weak_guest,1
t4_dev_000991,t4_act_000476,persistent_card_problem_hard,2
t4_dev_004691,t4_act_003151,normal_guest_checkout,1
t4_dev_008057,t4_act_005868,genuine_wallet_cycling,4
t4_dev_004392,t4_act_002919,session_recreation_flaky_net,1
t4_dev_002689,t4_act_001676,normal_guest_checkout,3
t4_dev_002602,t4_act_001608,merchant_normal_amount_attack_v4,2
t4_dev_006634,t4_act_004720,new_customer_onboarding,3
t4_dev_004410,t4_act_002934,new_customer_onboarding,4
t4_dev_008883,t4_act_006587,cvv_and_expiry_mistakes,2
t4_dev_002263,t4_act_001348,genuine_wallet_cycling,3
t4_dev_003243,t4_act_002028,genuine_wallet_cycling,3
t4_dev_003632,t4_act_002326,warm_up_then_attack_v4,1
t4_dev_005719,t4_act_003965,network_retry_storm_hard,0
t4_dev_008558,t4_act_006290,normal_returning_customer,3
t4_dev_001145,t4_act_000630,network_retry_storm_hard,3
t4_dev_002423,t4_act_001474,patient_tester_v4,1
t4_dev_003278,t4_act_002056,fast_burst_v4,2
t4_dev_000084,t4_act_000014,cross_device_weak_guest,1
t4_dev_003402,t4_act_002159,cross_device_partial,3
t4_dev_004641,t4_act_003114,cvv_and_expiry_mistakes,2
t4_dev_006681,t4_act_004765,normal_guest_checkout,2
t4_dev_008737,t4_act_006455,network_retry_storm_hard,1
t4_dev_000993,t4_act_000478,persistent_card_problem_hard,1
t4_dev_004303,t4_act_002864,genuine_wallet_cycling,1
t4_dev_004117,t4_act_002724,normal_returning_customer,3
t4_dev_005401,t4_act_003691,persistent_card_problem_hard,1
t4_dev_001980,t4_act_001152,network_retry_storm_hard,4
t4_dev_003403,t4_act_002159,cross_device_partial,3
t4_dev_006978,t4_act_005006,network_retry_storm_hard,1
t4_dev_005806,t4_act_004041,cvv_and_expiry_mistakes,2
t4_dev_007803,t4_act_005665,normal_guest_checkout,0
t4_dev_005230,t4_act_003544,persistent_card_problem_hard,1
t4_dev_003880,t4_act_002525,session_recreation_flaky_net,2
t4_dev_000085,t4_act_000014,cross_device_weak_guest,1
t4_dev_006129,t4_act_004295,normal_guest_checkout,3
t4_dev_002604,t4_act_001609,genuine_wallet_cycling,2
t4_dev_007874,t4_act_005726,normal_returning_customer,4
t4_dev_003404,t4_act_002159,cross_device_partial,3
t4_dev_007173,t4_act_005170,persistent_card_problem_hard,0
t4_dev_004496,t4_act_003004,normal_guest_checkout,4
t4_dev_001925,t4_act_001107,persistent_card_problem_hard,2
t4_dev_004623,t4_act_003100,normal_guest_checkout,4
t4_dev_005776,t4_act_004012,network_retry_storm_hard,4
t4_dev_005027,t4_act_003389,normal_returning_customer,4
t4_dev_000897,t4_act_000382,persistent_card_problem_hard,0
t4_dev_006643,t4_act_004729,normal_returning_customer,0
t4_dev_000086,t4_act_000014,cross_device_weak_guest,1
t4_dev_005222,t4_act_003537,merchant_normal_amount_attack_v4,1
t4_dev_005280,t4_act_003588,persistent_card_problem_hard,3
t4_dev_000087,t4_act_000014,cross_device_weak_guest,1
t4_dev_008436,t4_act_006184,normal_returning_customer,1
t4_dev_001694,t4_act_000948,mixed_campaign_v4,0
t4_dev_007091,t4_act_005094,multi_device_customer_v4,2
t4_dev_002270,t4_act_001353,network_retry_storm_hard,3
t4_dev_006344,t4_act_004452,cvv_and_expiry_mistakes,2
t4_dev_001942,t4_act_001118,normal_returning_customer,2
t4_dev_006777,t4_act_004849,normal_guest_checkout,2
t4_dev_006581,t4_act_004672,new_customer_onboarding,3
t4_dev_006336,t4_act_004445,persistent_card_problem_hard,4
t4_dev_000800,t4_act_000285,persistent_card_problem_hard,0
t4_dev_008908,t4_act_006612,network_retry_storm_hard,1
t4_dev_008388,t4_act_006143,normal_guest_checkout,2
t4_dev_002578,t4_act_001589,network_retry_storm_hard,4
t4_dev_006267,t4_act_004397,normal_returning_customer,3
t4_dev_008858,t4_act_006565,normal_returning_customer,1
t4_dev_007164,t4_act_005161,normal_guest_checkout,3
t4_dev_000088,t4_act_000014,cross_device_weak_guest,1
t4_dev_006563,t4_act_004654,normal_guest_checkout,2
t4_dev_006589,t4_act_004680,multi_device_customer_v4,1
t4_dev_001055,t4_act_000540,network_retry_storm_hard,2
t4_dev_004231,t4_act_002808,normal_returning_customer,4
t4_dev_003248,t4_act_002032,normal_guest_checkout,3
t4_dev_001177,t4_act_000662,network_retry_storm_hard,2
t4_dev_004417,t4_act_002939,fast_burst_v4,4
t4_dev_005248,t4_act_003559,new_customer_onboarding,0
t4_dev_002471,t4_act_001515,patient_tester_v4,3
t4_dev_006484,t4_act_004581,multi_device_customer_v4,0
t4_dev_003661,t4_act_002347,ultra_patient_v4,1
t4_dev_007465,t4_act_005398,genuine_wallet_cycling,4
t4_dev_001695,t4_act_000948,mixed_campaign_v4,0
t4_dev_008571,t4_act_006302,multi_device_customer_v4,0
t4_dev_003978,t4_act_002608,network_retry_storm_hard,2
t4_dev_004652,t4_act_003124,warm_up_then_attack_v4,0
t4_dev_003737,t4_act_002403,normal_returning_customer,1
t4_dev_003070,t4_act_001900,fast_burst_v4,2
t4_dev_007034,t4_act_005052,normal_returning_customer,4
t4_dev_006528,t4_act_004622,network_retry_storm_hard,2
t4_dev_005566,t4_act_003828,normal_guest_checkout,1
t4_dev_001169,t4_act_000654,network_retry_storm_hard,2
t4_dev_005347,t4_act_003644,multi_device_customer_v4,4
t4_dev_008910,t4_act_006614,new_customer_onboarding,1
t4_dev_008234,t4_act_006029,network_retry_storm_hard,0
t4_dev_008606,t4_act_006335,session_recreation_flaky_net,2
t4_dev_001696,t4_act_000948,mixed_campaign_v4,0
t4_dev_003262,t4_act_002042,normal_guest_checkout,3
t4_dev_004537,t4_act_003035,warm_up_then_attack_v4,3
t4_dev_003524,t4_act_002243,persistent_card_problem_hard,1
t4_dev_006328,t4_act_004437,session_recreation_flaky_net,0
t4_dev_005236,t4_act_003549,normal_guest_checkout,3
t4_dev_005592,t4_act_003851,normal_returning_customer,2
t4_dev_005267,t4_act_003578,persistent_card_problem_hard,0
t4_dev_005147,t4_act_003485,session_recreation_flaky_net,0
t4_dev_003450,t4_act_002199,network_retry_storm_hard,0
t4_dev_002995,t4_act_001881,genuine_wallet_cycling,0
t4_dev_006724,t4_act_004804,genuine_wallet_cycling,1
t4_dev_003335,t4_act_002105,normal_returning_customer,0
t4_dev_008243,t4_act_006037,multi_device_customer_v4,4
t4_dev_001869,t4_act_001064,fast_burst_v4,1
t4_dev_002026,t4_act_001189,normal_returning_customer,2
t4_dev_007812,t4_act_005673,normal_returning_customer,2
t4_dev_004935,t4_act_003314,normal_guest_checkout,4
t4_dev_003375,t4_act_002141,multi_device_customer_v4,4
t4_dev_006622,t4_act_004709,persistent_card_problem_hard,4
t4_dev_003974,t4_act_002604,network_retry_storm_hard,1
t4_dev_005081,t4_act_003430,normal_returning_customer,2
t4_dev_006203,t4_act_004340,network_retry_storm_hard,0
t4_dev_002695,t4_act_001682,cvv_and_expiry_mistakes,3
t4_dev_001648,t4_act_000927,normal_returning_customer,1
t4_dev_000174,t4_act_000031,cross_device_weak_guest,1
t4_dev_004766,t4_act_003205,ultra_patient_v4,0
t4_dev_004805,t4_act_003230,multi_device_customer_v4,0
t4_dev_002184,t4_act_001288,session_recreation_flaky_net,2
t4_dev_008359,t4_act_006120,cvv_and_expiry_mistakes,3
t4_dev_003366,t4_act_002133,session_recreation_flaky_net,2
t4_dev_001087,t4_act_000572,network_retry_storm_hard,1
t4_dev_004975,t4_act_003350,fast_burst_v4,4
t4_dev_000175,t4_act_000031,cross_device_weak_guest,1
t4_dev_006208,t4_act_004345,multi_device_customer_v4,0
t4_dev_004855,t4_act_003266,warm_up_then_attack_v4,4
t4_dev_003158,t4_act_001961,patient_tester_v4,1
t4_dev_004573,t4_act_003058,warm_up_then_attack_v4,0
t4_dev_007887,t4_act_005736,genuine_wallet_cycling,2
t4_dev_005657,t4_act_003909,normal_returning_customer,0
t4_dev_008891,t4_act_006595,normal_guest_checkout,0
t4_dev_003486,t4_act_002226,normal_returning_customer,0
t4_dev_000176,t4_act_000031,cross_device_weak_guest,1
t4_dev_007338,t4_act_005285,cvv_and_expiry_mistakes,2
t4_dev_008904,t4_act_006608,network_retry_storm_hard,3
t4_dev_008066,t4_act_005877,persistent_card_problem_hard,0
t4_dev_003170,t4_act_001969,normal_guest_checkout,1
t4_dev_003100,t4_act_001924,patient_tester_v4,4
t4_dev_007611,t4_act_005513,genuine_wallet_cycling,1
t4_dev_000177,t4_act_000031,cross_device_weak_guest,1
t4_dev_005966,t4_act_004164,persistent_card_problem_hard,4
t4_dev_003200,t4_act_001993,network_retry_storm_hard,3
t4_dev_006951,t4_act_004984,multi_device_customer_v4,0
t4_dev_007574,t4_act_005482,normal_returning_customer,2
t4_dev_006206,t4_act_004343,normal_guest_checkout,4
t4_dev_007178,t4_act_005174,genuine_wallet_cycling,4
t4_dev_005126,t4_act_003465,merchant_normal_amount_attack_v4,0
t4_dev_005496,t4_act_003783,new_customer_onboarding,0
t4_dev_003639,t4_act_002332,normal_guest_checkout,1
t4_dev_003614,t4_act_002314,genuine_wallet_cycling,3
t4_dev_005180,t4_act_003499,fast_burst_v4,2
t4_dev_002208,t4_act_001304,fast_burst_v4,1
t4_dev_005544,t4_act_003809,new_customer_onboarding,3
t4_dev_008460,t4_act_006208,network_retry_storm_hard,1
t4_dev_002344,t4_act_001406,warm_up_then_attack_v4,2
t4_dev_001652,t4_act_000930,normal_guest_checkout,3
t4_dev_004737,t4_act_003183,normal_guest_checkout,1
t4_dev_005543,t4_act_003808,normal_guest_checkout,3
t4_dev_002857,t4_act_001802,multi_device_customer_v4,4
t4_dev_002929,t4_act_001841,normal_guest_checkout,4
t4_dev_003386,t4_act_002150,genuine_wallet_cycling,3
t4_dev_002498,t4_act_001538,session_recreation_flaky_net,0
t4_dev_008235,t4_act_006030,genuine_wallet_cycling,4
t4_dev_007622,t4_act_005522,cgnat_mobile_ip_storm,4
t4_dev_007623,t4_act_005522,cgnat_mobile_ip_storm,4
t4_dev_007885,t4_act_005734,multi_device_customer_v4,4
t4_dev_007624,t4_act_005522,cgnat_mobile_ip_storm,4
t4_dev_007625,t4_act_005522,cgnat_mobile_ip_storm,4
t4_dev_007626,t4_act_005522,cgnat_mobile_ip_storm,4
t4_dev_007627,t4_act_005522,cgnat_mobile_ip_storm,4
t4_dev_007628,t4_act_005522,cgnat_mobile_ip_storm,4
t4_dev_007629,t4_act_005522,cgnat_mobile_ip_storm,4
t4_dev_007630,t4_act_005522,cgnat_mobile_ip_storm,4
t4_dev_007631,t4_act_005522,cgnat_mobile_ip_storm,4
t4_dev_007632,t4_act_005522,cgnat_mobile_ip_storm,4
t4_dev_007633,t4_act_005522,cgnat_mobile_ip_storm,4
t4_dev_007634,t4_act_005522,cgnat_mobile_ip_storm,4
t4_dev_007635,t4_act_005522,cgnat_mobile_ip_storm,4
t4_dev_007636,t4_act_005522,cgnat_mobile_ip_storm,4
t4_dev_007637,t4_act_005522,cgnat_mobile_ip_storm,4
t4_dev_007638,t4_act_005522,cgnat_mobile_ip_storm,4
t4_dev_007639,t4_act_005522,cgnat_mobile_ip_storm,4
t4_dev_007640,t4_act_005522,cgnat_mobile_ip_storm,4
t4_dev_007641,t4_act_005522,cgnat_mobile_ip_storm,4
t4_dev_006809,t4_act_004861,normal_returning_customer,2
t4_dev_003676,t4_act_002358,new_customer_onboarding,4
t4_dev_007594,t4_act_005499,session_recreation_flaky_net,3
t4_dev_008444,t4_act_006192,network_retry_storm_hard,4
t4_dev_002680,t4_act_001669,persistent_card_problem_hard,1
t4_dev_008479,t4_act_006226,network_retry_storm_hard,3
t4_dev_005426,t4_act_003715,persistent_card_problem_hard,1
t4_dev_008052,t4_act_005863,normal_guest_checkout,0
t4_dev_002355,t4_act_001415,normal_guest_checkout,4
t4_dev_008911,t4_act_006615,new_customer_onboarding,0
t4_dev_002267,t4_act_001351,network_retry_storm_hard,3
t4_dev_006737,t4_act_004815,persistent_card_problem_hard,4
t4_dev_001712,t4_act_000962,normal_returning_customer,1
t4_dev_001883,t4_act_001074,normal_guest_checkout,4
t4_dev_005096,t4_act_003443,normal_guest_checkout,0
t4_dev_007525,t4_act_005436,normal_guest_checkout,2
t4_dev_008021,t4_act_005837,new_customer_onboarding,2
t4_dev_005091,t4_act_003439,multi_device_customer_v4,0
t4_dev_001966,t4_act_001139,normal_guest_checkout,2
t4_dev_004307,t4_act_002868,session_churn_v4,0
t4_dev_001051,t4_act_000536,network_retry_storm_hard,1
t4_dev_008563,t4_act_006294,persistent_card_problem_hard,1
t4_dev_005448,t4_act_003737,persistent_card_problem_hard,4
t4_dev_004871,t4_act_003279,genuine_wallet_cycling,1
t4_dev_002234,t4_act_001325,normal_guest_checkout,2
t4_dev_003267,t4_act_002047,new_customer_onboarding,4
t4_dev_006678,t4_act_004762,normal_guest_checkout,1
t4_dev_002388,t4_act_001443,new_customer_onboarding,4
t4_dev_008318,t4_act_006088,persistent_card_problem_hard,1
t4_dev_009011,t4_act_006707,normal_guest_checkout,0
t4_dev_007989,t4_act_005824,cvv_and_expiry_mistakes,4
t4_dev_005628,t4_act_003884,normal_guest_checkout,2
t4_dev_007401,t4_act_005340,persistent_card_problem_hard,0
t4_dev_000316,t4_act_000063,cross_device_partial,0
t4_dev_007160,t4_act_005157,normal_guest_checkout,2
t4_dev_007910,t4_act_005755,normal_returning_customer,1
t4_dev_007267,t4_act_005237,persistent_card_problem_hard,0
t4_dev_005625,t4_act_003881,normal_returning_customer,0
t4_dev_002993,t4_act_001879,persistent_card_problem_hard,1
t4_dev_003668,t4_act_002350,patient_tester_v4,3
t4_dev_004465,t4_act_002977,network_retry_storm_hard,3
t4_dev_008303,t4_act_006074,network_retry_storm_hard,0
t4_dev_008307,t4_act_006078,normal_returning_customer,4
t4_dev_007423,t4_act_005359,persistent_card_problem_hard,1
t4_dev_007464,t4_act_005397,persistent_card_problem_hard,2
t4_dev_003411,t4_act_002165,normal_returning_customer,4
t4_dev_008845,t4_act_006555,normal_returning_customer,0
t4_dev_001035,t4_act_000520,network_retry_storm_hard,2
t4_dev_006902,t4_act_004939,multi_device_customer_v4,4
t4_dev_004296,t4_act_002858,genuine_wallet_cycling,2
t4_dev_007852,t4_act_005707,new_customer_onboarding,0
t4_dev_003567,t4_act_002273,mixed_campaign_v4,3
t4_dev_003268,t4_act_002048,session_recreation_flaky_net,4
t4_dev_005092,t4_act_003439,multi_device_customer_v4,0
t4_dev_002252,t4_act_001338,genuine_wallet_cycling,2
t4_dev_003568,t4_act_002273,mixed_campaign_v4,3
t4_dev_005051,t4_act_003409,sparse_multiday_v4,0
t4_dev_007789,t4_act_005653,genuine_wallet_cycling,2
t4_dev_002394,t4_act_001449,normal_guest_checkout,1
t4_dev_008144,t4_act_005948,session_recreation_flaky_net,1
t4_dev_001190,t4_act_000675,network_retry_storm_hard,0
t4_dev_007414,t4_act_005352,persistent_card_problem_hard,4
t4_dev_002744,t4_act_001718,genuine_wallet_cycling,0
t4_dev_006667,t4_act_004751,persistent_card_problem_hard,3
t4_dev_007550,t4_act_005459,session_recreation_flaky_net,3
t4_dev_003361,t4_act_002129,patient_tester_v4,1
t4_dev_001080,t4_act_000565,network_retry_storm_hard,0
t4_dev_002149,t4_act_001264,network_retry_storm_hard,1
t4_dev_006243,t4_act_004376,normal_guest_checkout,1
t4_dev_003569,t4_act_002273,mixed_campaign_v4,3
t4_dev_006802,t4_act_004855,persistent_card_problem_hard,3
t4_dev_004704,t4_act_003161,cross_device_partial,0
t4_dev_000848,t4_act_000333,persistent_card_problem_hard,2
t4_dev_000815,t4_act_000300,persistent_card_problem_hard,3
t4_dev_007792,t4_act_005656,network_retry_storm_hard,2
t4_dev_006273,t4_act_004402,normal_guest_checkout,4
t4_dev_005523,t4_act_003790,normal_returning_customer,0
t4_dev_001602,t4_act_000891,network_retry_storm_hard,0
t4_dev_004810,t4_act_003232,multi_device_customer_v4,1
t4_dev_006504,t4_act_004599,cvv_and_expiry_mistakes,0
t4_dev_002462,t4_act_001507,warm_up_then_attack_v4,3
t4_dev_001817,t4_act_001044,cross_device_partial,1
t4_dev_008572,t4_act_006302,multi_device_customer_v4,0
t4_dev_004705,t4_act_003161,cross_device_partial,0
t4_dev_007879,t4_act_005729,new_customer_onboarding,2
t4_dev_002170,t4_act_001276,normal_guest_checkout,3
t4_dev_006857,t4_act_004902,normal_returning_customer,1
t4_dev_007272,t4_act_005241,network_retry_storm_hard,3
t4_dev_007335,t4_act_005282,normal_guest_checkout,0
t4_dev_008728,t4_act_006446,genuine_wallet_cycling,1
t4_dev_004291,t4_act_002855,new_customer_onboarding,3
t4_dev_006865,t4_act_004909,normal_guest_checkout,4
t4_dev_007745,t4_act_005614,network_retry_storm_hard,1
t4_dev_008022,t4_act_005838,multi_device_customer_v4,0
t4_dev_000957,t4_act_000442,persistent_card_problem_hard,3
t4_dev_005203,t4_act_003519,normal_returning_customer,2
t4_dev_008493,t4_act_006238,new_customer_onboarding,1
t4_dev_006275,t4_act_004404,persistent_card_problem_hard,1
t4_dev_005435,t4_act_003724,normal_guest_checkout,1
t4_dev_000075,t4_act_000013,cross_device_weak_guest,3
t4_dev_005520,t4_act_003787,persistent_card_problem_hard,2
t4_dev_000317,t4_act_000063,cross_device_partial,0
t4_dev_005612,t4_act_003868,genuine_wallet_cycling,4
t4_dev_006009,t4_act_004204,session_recreation_flaky_net,1
t4_dev_004208,t4_act_002792,normal_guest_checkout,2
t4_dev_006776,t4_act_004848,new_customer_onboarding,0
t4_dev_003491,t4_act_002230,new_customer_onboarding,3
t4_dev_002112,t4_act_001242,patient_tester_v4,1
t4_dev_001738,t4_act_000982,persistent_card_problem_hard,3
t4_dev_003870,t4_act_002516,normal_guest_checkout,4
t4_dev_005733,t4_act_003977,network_retry_storm_hard,2
t4_dev_008335,t4_act_006102,cvv_and_expiry_mistakes,4
t4_dev_007215,t4_act_005190,network_retry_storm_hard,0
t4_dev_003494,t4_act_002232,session_recreation_flaky_net,4
t4_dev_001132,t4_act_000617,network_retry_storm_hard,1
t4_dev_000076,t4_act_000013,cross_device_weak_guest,3
t4_dev_009021,t4_act_006717,session_recreation_flaky_net,3
t4_dev_008623,t4_act_006352,persistent_card_problem_hard,2
t4_dev_003414,t4_act_002167,ultra_patient_v4,0
t4_dev_008109,t4_act_005918,normal_guest_checkout,0
t4_dev_009007,t4_act_006703,cvv_and_expiry_mistakes,1
t4_dev_005292,t4_act_003596,cvv_and_expiry_mistakes,0
t4_dev_003983,t4_act_002613,network_retry_storm_hard,1
t4_dev_004729,t4_act_003179,cross_device_partial,2
t4_dev_000157,t4_act_000028,cross_device_weak_guest,1
t4_dev_007541,t4_act_005451,normal_guest_checkout,4
t4_dev_004806,t4_act_003230,multi_device_customer_v4,0
t4_dev_008248,t4_act_006042,session_recreation_flaky_net,1
t4_dev_000916,t4_act_000401,persistent_card_problem_hard,1
t4_dev_001012,t4_act_000497,network_retry_storm_hard,1
t4_dev_007779,t4_act_005644,genuine_wallet_cycling,3
t4_dev_008532,t4_act_006270,normal_returning_customer,2
t4_dev_006891,t4_act_004929,normal_guest_checkout,2
t4_dev_008363,t4_act_006124,network_retry_storm_hard,1
t4_dev_007236,t4_act_005209,persistent_card_problem_hard,4
t4_dev_002210,t4_act_001306,warm_up_then_attack_v4,3
t4_dev_000077,t4_act_000013,cross_device_weak_guest,3
t4_dev_008464,t4_act_006212,network_retry_storm_hard,4
t4_dev_001818,t4_act_001044,cross_device_partial,1
t4_dev_005979,t4_act_004177,normal_guest_checkout,1
t4_dev_005235,t4_act_003548,sparse_multiday_v4,3
t4_dev_007895,t4_act_005744,normal_guest_checkout,0
t4_dev_000158,t4_act_000028,cross_device_weak_guest,1
t4_dev_006590,t4_act_004680,multi_device_customer_v4,1
t4_dev_004184,t4_act_002778,network_retry_storm_hard,0
t4_dev_000974,t4_act_000459,persistent_card_problem_hard,0
t4_dev_008289,t4_act_006061,network_retry_storm_hard,4
t4_dev_002827,t4_act_001781,network_retry_storm_hard,3
t4_dev_000078,t4_act_000013,cross_device_weak_guest,3
t4_dev_006618,t4_act_004706,multi_device_customer_v4,3
t4_dev_004216,t4_act_002799,multi_device_customer_v4,3
t4_dev_000159,t4_act_000028,cross_device_weak_guest,1
t4_dev_008862,t4_act_006568,new_customer_onboarding,1
t4_dev_006863,t4_act_004907,cvv_and_expiry_mistakes,1
t4_dev_001854,t4_act_001056,normal_guest_checkout,2
t4_dev_003324,t4_act_002095,session_recreation_flaky_net,1
t4_dev_004088,t4_act_002697,persistent_card_problem_hard,0
t4_dev_003773,t4_act_002434,network_retry_storm_hard,2
t4_dev_001731,t4_act_000976,burst_pause_burst_v4,2
t4_dev_004706,t4_act_003161,cross_device_partial,0
t4_dev_002975,t4_act_001863,burst_pause_burst_v4,1
t4_dev_008780,t4_act_006494,cvv_and_expiry_mistakes,4
t4_dev_004730,t4_act_003179,cross_device_partial,2
t4_dev_000318,t4_act_000063,cross_device_partial,0
t4_dev_002073,t4_act_001220,genuine_wallet_cycling,3
t4_dev_006389,t4_act_004495,normal_returning_customer,3
t4_dev_000079,t4_act_000013,cross_device_weak_guest,3
t4_dev_004710,t4_act_003164,new_customer_onboarding,2
t4_dev_000969,t4_act_000454,persistent_card_problem_hard,1
t4_dev_004738,t4_act_003184,network_retry_storm_hard,2
t4_dev_006605,t4_act_004694,network_retry_storm_hard,0
t4_dev_001004,t4_act_000489,network_retry_storm_hard,0
t4_dev_007656,t4_act_005536,normal_returning_customer,4
t4_dev_006765,t4_act_004837,network_retry_storm_hard,2
t4_dev_005324,t4_act_003624,new_customer_onboarding,1
t4_dev_000160,t4_act_000028,cross_device_weak_guest,1
t4_dev_002447,t4_act_001493,ultra_patient_v4,0
t4_dev_007535,t4_act_005446,normal_returning_customer,3
t4_dev_008099,t4_act_005908,persistent_card_problem_hard,1
t4_dev_001982,t4_act_001154,genuine_wallet_cycling,0
t4_dev_003162,t4_act_001963,success_camouflage_v4,4
t4_dev_008510,t4_act_006252,network_retry_storm_hard,1
t4_dev_001819,t4_act_001044,cross_device_partial,1
t4_dev_001612,t4_act_000898,normal_guest_checkout,2
t4_dev_008987,t4_act_006687,normal_guest_checkout,0
t4_dev_009027,t4_act_006723,normal_guest_checkout,4
t4_dev_001801,t4_act_001029,persistent_card_problem_hard,2
t4_dev_005004,t4_act_003371,genuine_wallet_cycling,0
t4_dev_005145,t4_act_003483,network_retry_storm_hard,1
t4_dev_000080,t4_act_000013,cross_device_weak_guest,3
t4_dev_004900,t4_act_003302,cgnat_mobile_ip_storm,3
t4_dev_004901,t4_act_003302,cgnat_mobile_ip_storm,3
t4_dev_004902,t4_act_003302,cgnat_mobile_ip_storm,3
t4_dev_004903,t4_act_003302,cgnat_mobile_ip_storm,3
t4_dev_007932,t4_act_005773,new_customer_onboarding,2
t4_dev_004904,t4_act_003302,cgnat_mobile_ip_storm,3
t4_dev_004905,t4_act_003302,cgnat_mobile_ip_storm,3
t4_dev_004906,t4_act_003302,cgnat_mobile_ip_storm,3
t4_dev_004907,t4_act_003302,cgnat_mobile_ip_storm,3
t4_dev_004908,t4_act_003302,cgnat_mobile_ip_storm,3
t4_dev_004909,t4_act_003302,cgnat_mobile_ip_storm,3
t4_dev_006619,t4_act_004706,multi_device_customer_v4,3
t4_dev_004910,t4_act_003302,cgnat_mobile_ip_storm,3
t4_dev_004911,t4_act_003302,cgnat_mobile_ip_storm,3
t4_dev_004912,t4_act_003302,cgnat_mobile_ip_storm,3
t4_dev_002858,t4_act_001802,multi_device_customer_v4,4
t4_dev_006903,t4_act_004939,multi_device_customer_v4,4
t4_dev_006064,t4_act_004252,network_retry_storm_hard,4
t4_dev_000917,t4_act_000402,persistent_card_problem_hard,0
t4_dev_004913,t4_act_003302,cgnat_mobile_ip_storm,3
t4_dev_000161,t4_act_000028,cross_device_weak_guest,1
t4_dev_004914,t4_act_003302,cgnat_mobile_ip_storm,3
t4_dev_004915,t4_act_003302,cgnat_mobile_ip_storm,3
t4_dev_004916,t4_act_003302,cgnat_mobile_ip_storm,3
t4_dev_004917,t4_act_003302,cgnat_mobile_ip_storm,3
t4_dev_004918,t4_act_003302,cgnat_mobile_ip_storm,3
t4_dev_004919,t4_act_003302,cgnat_mobile_ip_storm,3
t4_dev_006335,t4_act_004444,network_retry_storm_hard,2
t4_dev_005262,t4_act_003573,sparse_multiday_v4,2
t4_dev_005641,t4_act_003893,genuine_wallet_cycling,3
t4_dev_009010,t4_act_006706,normal_guest_checkout,3
t4_dev_006598,t4_act_004687,network_retry_storm_hard,0
t4_dev_006195,t4_act_004332,normal_guest_checkout,4
t4_dev_000162,t4_act_000028,cross_device_weak_guest,1
t4_dev_001636,t4_act_000917,persistent_card_problem_hard,4
t4_dev_007602,t4_act_005505,normal_returning_customer,0
t4_dev_001820,t4_act_001044,cross_device_partial,1
t4_dev_007557,t4_act_005466,normal_guest_checkout,2
t4_dev_002600,t4_act_001607,normal_returning_customer,2
t4_dev_008583,t4_act_006313,persistent_card_problem_hard,0
t4_dev_005487,t4_act_003774,normal_guest_checkout,3
t4_dev_001761,t4_act_001001,normal_returning_customer,3
t4_dev_000319,t4_act_000063,cross_device_partial,0
t4_dev_008415,t4_act_006166,cvv_and_expiry_mistakes,1
t4_dev_000081,t4_act_000013,cross_device_weak_guest,3
t4_dev_003630,t4_act_002324,fast_burst_v4,3
t4_dev_000163,t4_act_000028,cross_device_weak_guest,1
t4_dev_004297,t4_act_002859,new_customer_onboarding,0
t4_dev_001086,t4_act_000571,network_retry_storm_hard,3
t4_dev_008462,t4_act_006210,session_recreation_flaky_net,1
t4_dev_003320,t4_act_002091,new_customer_onboarding,2
t4_dev_005924,t4_act_004126,persistent_card_problem_hard,1
t4_dev_008776,t4_act_006490,normal_guest_checkout,1
t4_dev_005134,t4_act_003472,persistent_card_problem_hard,3
t4_dev_003406,t4_act_002161,network_retry_storm_hard,0
t4_dev_000164,t4_act_000028,cross_device_weak_guest,1
t4_dev_004731,t4_act_003179,cross_device_partial,2
t4_dev_004807,t4_act_003230,multi_device_customer_v4,0
t4_dev_008419,t4_act_006169,genuine_wallet_cycling,3
t4_dev_004078,t4_act_002688,multi_device_customer_v4,2
t4_dev_003787,t4_act_002448,persistent_card_problem_hard,3
t4_dev_001088,t4_act_000573,network_retry_storm_hard,2
t4_dev_007015,t4_act_005036,multi_device_customer_v4,1
t4_dev_005040,t4_act_003401,network_retry_storm_hard,3
t4_dev_000930,t4_act_000415,persistent_card_problem_hard,2
t4_dev_006391,t4_act_004496,network_retry_storm_hard,3
t4_dev_005371,t4_act_003663,normal_guest_checkout,4
t4_dev_008023,t4_act_005838,multi_device_customer_v4,0
t4_dev_005942,t4_act_004144,normal_returning_customer,3
t4_dev_008647,t4_act_006374,new_customer_onboarding,4
t4_dev_007522,t4_act_005434,multi_device_customer_v4,3
t4_dev_005073,t4_act_003424,fast_burst_v4,1
t4_dev_006182,t4_act_004321,cvv_and_expiry_mistakes,1
t4_dev_005039,t4_act_003400,genuine_wallet_cycling,1
t4_dev_004384,t4_act_002912,normal_guest_checkout,1
t4_dev_001593,t4_act_000888,cross_device_weak_guest,4
t4_dev_004001,t4_act_002623,genuine_wallet_cycling,0
t4_dev_003376,t4_act_002141,multi_device_customer_v4,4
t4_dev_003213,t4_act_002004,cross_device_partial,0
t4_dev_006209,t4_act_004345,multi_device_customer_v4,0
t4_dev_004961,t4_act_003338,session_recreation_flaky_net,2
t4_dev_008564,t4_act_006295,genuine_wallet_cycling,0
t4_dev_001180,t4_act_000665,network_retry_storm_hard,3
t4_dev_005714,t4_act_003960,normal_returning_customer,4
t4_dev_007237,t4_act_005210,genuine_wallet_cycling,4
t4_dev_001962,t4_act_001135,network_retry_storm_hard,1
t4_dev_007990,t4_act_005825,persistent_card_problem_hard,1
t4_dev_003214,t4_act_002004,cross_device_partial,0
t4_dev_003864,t4_act_002510,genuine_wallet_cycling,4
t4_dev_005912,t4_act_004115,normal_guest_checkout,0
t4_dev_005758,t4_act_003997,persistent_card_problem_hard,0
t4_dev_002611,t4_act_001615,session_recreation_flaky_net,4
t4_dev_001094,t4_act_000579,network_retry_storm_hard,2
t4_dev_001594,t4_act_000888,cross_device_weak_guest,4
t4_dev_001153,t4_act_000638,network_retry_storm_hard,3
t4_dev_004801,t4_act_003228,warm_up_then_attack_v4,2
t4_dev_003888,t4_act_002532,normal_guest_checkout,2
t4_dev_007123,t4_act_005123,normal_guest_checkout,1
t4_dev_001940,t4_act_001116,normal_guest_checkout,3
t4_dev_002089,t4_act_001227,persistent_card_problem_hard,4
t4_dev_002669,t4_act_001660,new_customer_onboarding,0
t4_dev_008508,t4_act_006250,cvv_and_expiry_mistakes,1
t4_dev_004165,t4_act_002764,persistent_card_problem_hard,2
t4_dev_003098,t4_act_001922,new_customer_onboarding,1
t4_dev_003904,t4_act_002546,normal_returning_customer,4
t4_dev_004676,t4_act_003144,network_retry_storm_hard,3
t4_dev_007739,t4_act_005609,session_recreation_flaky_net,0
t4_dev_001759,t4_act_000999,genuine_wallet_cycling,0
t4_dev_004732,t4_act_003179,cross_device_partial,2
t4_dev_000320,t4_act_000063,cross_device_partial,0
t4_dev_001595,t4_act_000888,cross_device_weak_guest,4
t4_dev_006851,t4_act_004896,new_customer_onboarding,4
t4_dev_004261,t4_act_002832,warm_up_then_attack_v4,3
t4_dev_003301,t4_act_002073,sparse_multiday_v4,0
t4_dev_000816,t4_act_000301,persistent_card_problem_hard,2
t4_dev_008024,t4_act_005838,multi_device_customer_v4,0
t4_dev_000269,t4_act_000051,cross_device_partial,4
t4_dev_007865,t4_act_005717,new_customer_onboarding,1
t4_dev_005763,t4_act_004002,new_customer_onboarding,3
t4_dev_008654,t4_act_006378,cvv_and_expiry_mistakes,4
t4_dev_003215,t4_act_002004,cross_device_partial,0
t4_dev_008143,t4_act_005947,persistent_card_problem_hard,0
t4_dev_006152,t4_act_004313,normal_returning_customer,0
t4_dev_002226,t4_act_001320,multi_device_customer_v4,3
t4_dev_007396,t4_act_005336,network_retry_storm_hard,0
t4_dev_004849,t4_act_003262,normal_returning_customer,3
t4_dev_004079,t4_act_002688,multi_device_customer_v4,2
t4_dev_001083,t4_act_000568,network_retry_storm_hard,4
t4_dev_004876,t4_act_003283,normal_guest_checkout,1
t4_dev_005017,t4_act_003384,normal_guest_checkout,3
t4_dev_008215,t4_act_006011,genuine_wallet_cycling,4
t4_dev_006630,t4_act_004717,multi_device_customer_v4,3
t4_dev_001596,t4_act_000888,cross_device_weak_guest,4
t4_dev_005211,t4_act_003526,network_retry_storm_hard,2
t4_dev_008841,t4_act_006551,normal_returning_customer,1
t4_dev_004185,t4_act_002779,multi_device_customer_v4,4
t4_dev_007047,t4_act_005063,normal_returning_customer,2
t4_dev_006877,t4_act_004919,multi_device_customer_v4,0
t4_dev_001597,t4_act_000888,cross_device_weak_guest,4
t4_dev_004102,t4_act_002710,new_customer_onboarding,2
t4_dev_007126,t4_act_005125,multi_device_customer_v4,1
t4_dev_008794,t4_act_006507,normal_guest_checkout,4
t4_dev_005069,t4_act_003421,genuine_wallet_cycling,1
t4_dev_003706,t4_act_002377,success_camouflage_v4,0
t4_dev_008730,t4_act_006448,network_retry_storm_hard,2
t4_dev_003850,t4_act_002499,persistent_card_problem_hard,4
t4_dev_008221,t4_act_006017,normal_returning_customer,2
t4_dev_005754,t4_act_003993,network_retry_storm_hard,4
t4_dev_001598,t4_act_000888,cross_device_weak_guest,4
t4_dev_004263,t4_act_002833,genuine_wallet_cycling,3
t4_dev_006952,t4_act_004984,multi_device_customer_v4,0
t4_dev_001614,t4_act_000900,patient_tester_v4,2
t4_dev_007008,t4_act_005030,normal_guest_checkout,2
t4_dev_004201,t4_act_002788,multi_device_customer_v4,2
t4_dev_002622,t4_act_001619,fast_burst_v4,2
t4_dev_005919,t4_act_004121,session_recreation_flaky_net,2
t4_dev_007433,t4_act_005369,normal_returning_customer,4
t4_dev_000321,t4_act_000063,cross_device_partial,0
t4_dev_003575,t4_act_002278,persistent_card_problem_hard,0
t4_dev_003349,t4_act_002118,network_retry_storm_hard,3
t4_dev_007045,t4_act_005061,session_recreation_flaky_net,4
t4_dev_006591,t4_act_004680,multi_device_customer_v4,1
t4_dev_008720,t4_act_006438,normal_guest_checkout,0
t4_dev_007120,t4_act_005120,normal_guest_checkout,2
t4_dev_000337,t4_act_000067,cross_device_partial,2
t4_dev_001599,t4_act_000888,cross_device_weak_guest,4
t4_dev_004938,t4_act_003317,sparse_multiday_v4,0
t4_dev_008065,t4_act_005876,normal_guest_checkout,4
t4_dev_000338,t4_act_000067,cross_device_partial,2
t4_dev_008856,t4_act_006563,normal_returning_customer,2
t4_dev_000896,t4_act_000381,persistent_card_problem_hard,2
t4_dev_004733,t4_act_003179,cross_device_partial,2
t4_dev_002227,t4_act_001320,multi_device_customer_v4,3
t4_dev_007180,t4_act_005176,persistent_card_problem_hard,4
t4_dev_000339,t4_act_000067,cross_device_partial,2
t4_dev_007715,t4_act_005585,persistent_card_problem_hard,4
t4_dev_004725,t4_act_003176,normal_guest_checkout,2
t4_dev_003976,t4_act_002606,normal_guest_checkout,0
t4_dev_002379,t4_act_001436,session_recreation_flaky_net,3
t4_dev_003591,t4_act_002292,normal_guest_checkout,0
t4_dev_006070,t4_act_004258,cgnat_mobile_ip_storm,3
t4_dev_006071,t4_act_004258,cgnat_mobile_ip_storm,3
t4_dev_006072,t4_act_004258,cgnat_mobile_ip_storm,3
t4_dev_000270,t4_act_000051,cross_device_partial,4
t4_dev_006073,t4_act_004258,cgnat_mobile_ip_storm,3
t4_dev_006074,t4_act_004258,cgnat_mobile_ip_storm,3
t4_dev_006075,t4_act_004258,cgnat_mobile_ip_storm,3
t4_dev_008770,t4_act_006484,persistent_card_problem_hard,0
t4_dev_006076,t4_act_004258,cgnat_mobile_ip_storm,3
t4_dev_006077,t4_act_004258,cgnat_mobile_ip_storm,3
t4_dev_006078,t4_act_004258,cgnat_mobile_ip_storm,3
t4_dev_006079,t4_act_004258,cgnat_mobile_ip_storm,3
t4_dev_006080,t4_act_004258,cgnat_mobile_ip_storm,3
t4_dev_006081,t4_act_004258,cgnat_mobile_ip_storm,3
t4_dev_006082,t4_act_004258,cgnat_mobile_ip_storm,3
t4_dev_006083,t4_act_004258,cgnat_mobile_ip_storm,3
t4_dev_003317,t4_act_002088,normal_guest_checkout,4
t4_dev_006084,t4_act_004258,cgnat_mobile_ip_storm,3
t4_dev_006085,t4_act_004258,cgnat_mobile_ip_storm,3
t4_dev_006086,t4_act_004258,cgnat_mobile_ip_storm,3
t4_dev_006087,t4_act_004258,cgnat_mobile_ip_storm,3
t4_dev_006088,t4_act_004258,cgnat_mobile_ip_storm,3
t4_dev_006089,t4_act_004258,cgnat_mobile_ip_storm,3
t4_dev_002275,t4_act_001357,persistent_card_problem_hard,2
t4_dev_008988,t4_act_006688,session_recreation_flaky_net,3
t4_dev_007137,t4_act_005135,cvv_and_expiry_mistakes,2
t4_dev_007942,t4_act_005783,normal_returning_customer,3
t4_dev_002393,t4_act_001448,normal_guest_checkout,1
t4_dev_001191,t4_act_000676,network_retry_storm_hard,3
t4_dev_006197,t4_act_004334,persistent_card_problem_hard,0
t4_dev_001186,t4_act_000671,network_retry_storm_hard,4
t4_dev_003422,t4_act_002175,new_customer_onboarding,2
t4_dev_004561,t4_act_003048,mixed_campaign_v4,0
t4_dev_007797,t4_act_005661,genuine_wallet_cycling,1
t4_dev_007523,t4_act_005434,multi_device_customer_v4,3
t4_dev_004298,t4_act_002860,fast_burst_v4,0
t4_dev_005358,t4_act_003653,network_retry_storm_hard,1
t4_dev_008018,t4_act_005834,new_customer_onboarding,1
t4_dev_005459,t4_act_003748,cvv_and_expiry_mistakes,0
t4_dev_002092,t4_act_001230,persistent_card_problem_hard,2
t4_dev_008580,t4_act_006310,genuine_wallet_cycling,3
t4_dev_007693,t4_act_005563,cvv_and_expiry_mistakes,4
t4_dev_005696,t4_act_003944,multi_device_customer_v4,4
t4_dev_008127,t4_act_005935,multi_device_customer_v4,0
t4_dev_007127,t4_act_005125,multi_device_customer_v4,1
t4_dev_004562,t4_act_003048,mixed_campaign_v4,0
t4_dev_003142,t4_act_001946,sparse_multiday_v4,4
t4_dev_002052,t4_act_001206,persistent_card_problem_hard,4
t4_dev_002004,t4_act_001173,fast_burst_v4,0
t4_dev_006658,t4_act_004744,multi_device_customer_v4,3
t4_dev_001998,t4_act_001168,success_camouflage_v4,1
t4_dev_008208,t4_act_006006,persistent_card_problem_hard,2
t4_dev_000271,t4_act_000051,cross_device_partial,4
t4_dev_005680,t4_act_003929,network_retry_storm_hard,4
t4_dev_000924,t4_act_000409,persistent_card_problem_hard,1
t4_dev_004113,t4_act_002720,patient_tester_v4,1
t4_dev_003140,t4_act_001944,normal_returning_customer,1
t4_dev_003235,t4_act_002022,normal_returning_customer,1
t4_dev_005032,t4_act_003394,network_retry_storm_hard,0
t4_dev_003325,t4_act_002096,persistent_card_problem_hard,4
t4_dev_000363,t4_act_000073,cross_device_partial,3
t4_dev_006110,t4_act_004277,normal_returning_customer,4
t4_dev_002652,t4_act_001644,network_retry_storm_hard,1
t4_dev_005867,t4_act_004095,cgnat_mobile_ip_storm,2
t4_dev_005868,t4_act_004095,cgnat_mobile_ip_storm,2
t4_dev_005869,t4_act_004095,cgnat_mobile_ip_storm,2
t4_dev_005870,t4_act_004095,cgnat_mobile_ip_storm,2
t4_dev_005871,t4_act_004095,cgnat_mobile_ip_storm,2
t4_dev_005872,t4_act_004095,cgnat_mobile_ip_storm,2
t4_dev_005873,t4_act_004095,cgnat_mobile_ip_storm,2
t4_dev_005874,t4_act_004095,cgnat_mobile_ip_storm,2
t4_dev_005875,t4_act_004095,cgnat_mobile_ip_storm,2
t4_dev_005876,t4_act_004095,cgnat_mobile_ip_storm,2
t4_dev_005877,t4_act_004095,cgnat_mobile_ip_storm,2
t4_dev_005878,t4_act_004095,cgnat_mobile_ip_storm,2
t4_dev_005879,t4_act_004095,cgnat_mobile_ip_storm,2
t4_dev_005880,t4_act_004095,cgnat_mobile_ip_storm,2
t4_dev_005881,t4_act_004095,cgnat_mobile_ip_storm,2
t4_dev_005882,t4_act_004095,cgnat_mobile_ip_storm,2
t4_dev_005883,t4_act_004095,cgnat_mobile_ip_storm,2
t4_dev_005884,t4_act_004095,cgnat_mobile_ip_storm,2
t4_dev_005885,t4_act_004095,cgnat_mobile_ip_storm,2
t4_dev_005886,t4_act_004095,cgnat_mobile_ip_storm,2
t4_dev_004595,t4_act_003077,normal_returning_customer,1
t4_dev_009013,t4_act_006709,new_customer_onboarding,1
t4_dev_004217,t4_act_002799,multi_device_customer_v4,3
t4_dev_008014,t4_act_005830,persistent_card_problem_hard,0
t4_dev_002495,t4_act_001536,patient_tester_v4,0
t4_dev_001850,t4_act_001052,cvv_and_expiry_mistakes,3
t4_dev_000272,t4_act_000051,cross_device_partial,4
t4_dev_005768,t4_act_004007,normal_guest_checkout,1
t4_dev_007572,t4_act_005480,network_retry_storm_hard,4
t4_dev_008370,t4_act_006129,new_customer_onboarding,3
t4_dev_000892,t4_act_000377,persistent_card_problem_hard,3
t4_dev_006770,t4_act_004842,network_retry_storm_hard,2
t4_dev_008130,t4_act_005936,normal_guest_checkout,4
t4_dev_007591,t4_act_005496,persistent_card_problem_hard,2
t4_dev_005832,t4_act_004064,persistent_card_problem_hard,4
t4_dev_001619,t4_act_000904,burst_pause_burst_v4,1
t4_dev_006523,t4_act_004617,genuine_wallet_cycling,4
t4_dev_002549,t4_act_001574,fast_burst_v4,4
t4_dev_001060,t4_act_000545,network_retry_storm_hard,3
t4_dev_007888,t4_act_005737,network_retry_storm_hard,0
t4_dev_001152,t4_act_000637,network_retry_storm_hard,2
t4_dev_003089,t4_act_001914,normal_returning_customer,4
t4_dev_005033,t4_act_003395,warm_up_then_attack_v4,3
t4_dev_002994,t4_act_001880,new_customer_onboarding,2
t4_dev_002405,t4_act_001458,normal_guest_checkout,3
t4_dev_008964,t4_act_006666,network_retry_storm_hard,1
t4_dev_004168,t4_act_002767,session_churn_v4,1
t4_dev_006878,t4_act_004919,multi_device_customer_v4,0
t4_dev_008523,t4_act_006261,normal_guest_checkout,2
t4_dev_007903,t4_act_005750,multi_device_customer_v4,1
t4_dev_003338,t4_act_002107,normal_guest_checkout,2
t4_dev_003736,t4_act_002402,normal_returning_customer,4
t4_dev_008343,t4_act_006107,cvv_and_expiry_mistakes,4
t4_dev_002582,t4_act_001593,success_camouflage_v4,0
t4_dev_005417,t4_act_003706,normal_guest_checkout,2
t4_dev_006631,t4_act_004717,multi_device_customer_v4,3
t4_dev_004598,t4_act_003080,success_camouflage_v4,1
t4_dev_003852,t4_act_002501,normal_returning_customer,4
t4_dev_000364,t4_act_000073,cross_device_partial,3
t4_dev_003894,t4_act_002537,normal_guest_checkout,4
t4_dev_008965,t4_act_006667,cvv_and_expiry_mistakes,2
t4_dev_003764,t4_act_002425,merchant_normal_amount_attack_v4,1
t4_dev_000365,t4_act_000073,cross_device_partial,3
t4_dev_000893,t4_act_000378,persistent_card_problem_hard,0
t4_dev_008509,t4_act_006251,cvv_and_expiry_mistakes,1
t4_dev_005716,t4_act_003962,network_retry_storm_hard,4
t4_dev_004247,t4_act_002820,cvv_and_expiry_mistakes,0
t4_dev_008190,t4_act_005991,new_customer_onboarding,4
t4_dev_008294,t4_act_006066,persistent_card_problem_hard,2
t4_dev_005114,t4_act_003455,network_retry_storm_hard,1
t4_dev_004645,t4_act_003118,normal_returning_customer,0
t4_dev_001431,t4_act_000878,cgnat_mobile_ip_storm,0
t4_dev_001432,t4_act_000878,cgnat_mobile_ip_storm,0
t4_dev_001433,t4_act_000878,cgnat_mobile_ip_storm,0
t4_dev_001434,t4_act_000878,cgnat_mobile_ip_storm,0
t4_dev_001435,t4_act_000878,cgnat_mobile_ip_storm,0
t4_dev_001436,t4_act_000878,cgnat_mobile_ip_storm,0
t4_dev_001437,t4_act_000878,cgnat_mobile_ip_storm,0
t4_dev_001438,t4_act_000878,cgnat_mobile_ip_storm,0
t4_dev_001439,t4_act_000878,cgnat_mobile_ip_storm,0
t4_dev_001440,t4_act_000878,cgnat_mobile_ip_storm,0
t4_dev_001441,t4_act_000878,cgnat_mobile_ip_storm,0
t4_dev_001442,t4_act_000878,cgnat_mobile_ip_storm,0
t4_dev_002633,t4_act_001629,cross_device_partial,1
t4_dev_001443,t4_act_000878,cgnat_mobile_ip_storm,0
t4_dev_007087,t4_act_005092,network_retry_storm_hard,3
t4_dev_001444,t4_act_000878,cgnat_mobile_ip_storm,0
t4_dev_001445,t4_act_000878,cgnat_mobile_ip_storm,0
t4_dev_001446,t4_act_000878,cgnat_mobile_ip_storm,0
t4_dev_001447,t4_act_000878,cgnat_mobile_ip_storm,0
t4_dev_001448,t4_act_000878,cgnat_mobile_ip_storm,0
t4_dev_001449,t4_act_000878,cgnat_mobile_ip_storm,0
t4_dev_001450,t4_act_000878,cgnat_mobile_ip_storm,0
t4_dev_006801,t4_act_004854,session_recreation_flaky_net,1
t4_dev_007016,t4_act_005036,multi_device_customer_v4,1
t4_dev_008048,t4_act_005860,genuine_wallet_cycling,1
t4_dev_006906,t4_act_004942,new_customer_onboarding,4
t4_dev_003918,t4_act_002558,normal_guest_checkout,3
t4_dev_005928,t4_act_004130,normal_returning_customer,1
t4_dev_006853,t4_act_004898,normal_guest_checkout,2
t4_dev_007241,t4_act_005214,normal_guest_checkout,2
t4_dev_000273,t4_act_000051,cross_device_partial,4
t4_dev_001971,t4_act_001144,normal_guest_checkout,4
t4_dev_001908,t4_act_001095,new_customer_onboarding,0
t4_dev_005811,t4_act_004046,normal_guest_checkout,3
t4_dev_008020,t4_act_005836,normal_guest_checkout,3
t4_dev_004425,t4_act_002946,new_customer_onboarding,3
t4_dev_008636,t4_act_006364,multi_device_customer_v4,0
t4_dev_007993,t4_act_005828,cgnat_mobile_ip_storm,0
t4_dev_007994,t4_act_005828,cgnat_mobile_ip_storm,0
t4_dev_007995,t4_act_005828,cgnat_mobile_ip_storm,0
t4_dev_007996,t4_act_005828,cgnat_mobile_ip_storm,0
t4_dev_007997,t4_act_005828,cgnat_mobile_ip_storm,0
t4_dev_003906,t4_act_002547,sparse_multiday_v4,2
t4_dev_007998,t4_act_005828,cgnat_mobile_ip_storm,0
t4_dev_007999,t4_act_005828,cgnat_mobile_ip_storm,0
t4_dev_008000,t4_act_005828,cgnat_mobile_ip_storm,0
t4_dev_008001,t4_act_005828,cgnat_mobile_ip_storm,0
t4_dev_008002,t4_act_005828,cgnat_mobile_ip_storm,0
t4_dev_008003,t4_act_005828,cgnat_mobile_ip_storm,0
t4_dev_008004,t4_act_005828,cgnat_mobile_ip_storm,0
t4_dev_008005,t4_act_005828,cgnat_mobile_ip_storm,0
t4_dev_008006,t4_act_005828,cgnat_mobile_ip_storm,0
t4_dev_008007,t4_act_005828,cgnat_mobile_ip_storm,0
t4_dev_008008,t4_act_005828,cgnat_mobile_ip_storm,0
t4_dev_008009,t4_act_005828,cgnat_mobile_ip_storm,0
t4_dev_008010,t4_act_005828,cgnat_mobile_ip_storm,0
t4_dev_008011,t4_act_005828,cgnat_mobile_ip_storm,0
t4_dev_008012,t4_act_005828,cgnat_mobile_ip_storm,0
t4_dev_003097,t4_act_001921,network_retry_storm_hard,1
t4_dev_004735,t4_act_003181,normal_guest_checkout,3
t4_dev_005274,t4_act_003584,fast_burst_v4,4
t4_dev_004324,t4_act_002884,cross_device_partial,2
t4_dev_007904,t4_act_005750,multi_device_customer_v4,1
t4_dev_000366,t4_act_000073,cross_device_partial,3
t4_dev_006671,t4_act_004755,persistent_card_problem_hard,2
t4_dev_008376,t4_act_006135,normal_returning_customer,1
t4_dev_006210,t4_act_004345,multi_device_customer_v4,0
t4_dev_004819,t4_act_003239,new_customer_onboarding,0
t4_dev_002509,t4_act_001548,genuine_wallet_cycling,0
t4_dev_003522,t4_act_002241,normal_guest_checkout,0
t4_dev_008042,t4_act_005854,genuine_wallet_cycling,0
t4_dev_004937,t4_act_003316,normal_guest_checkout,4
t4_dev_004336,t4_act_002891,ultra_patient_v4,1
t4_dev_005275,t4_act_003585,multi_device_customer_v4,1
t4_dev_001184,t4_act_000669,network_retry_storm_hard,2
t4_dev_008521,t4_act_006260,normal_returning_customer,0
t4_dev_004543,t4_act_003039,persistent_card_problem_hard,4
t4_dev_003879,t4_act_002524,network_retry_storm_hard,3
t4_dev_006199,t4_act_004336,cvv_and_expiry_mistakes,4
t4_dev_002025,t4_act_001188,normal_guest_checkout,3
t4_dev_002465,t4_act_001509,persistent_card_problem_hard,4
t4_dev_008197,t4_act_005997,normal_guest_checkout,3
t4_dev_002634,t4_act_001629,cross_device_partial,1
t4_dev_003233,t4_act_002020,normal_guest_checkout,1
t4_dev_006954,t4_act_004986,normal_guest_checkout,0
t4_dev_006297,t4_act_004425,new_customer_onboarding,1
t4_dev_008123,t4_act_005932,genuine_wallet_cycling,3
t4_dev_006879,t4_act_004919,multi_device_customer_v4,0
t4_dev_003254,t4_act_002038,cross_device_partial,3
t4_dev_008483,t4_act_006230,new_customer_onboarding,3
t4_dev_006394,t4_act_004499,normal_guest_checkout,0
t4_dev_006034,t4_act_004224,genuine_wallet_cycling,3
t4_dev_004841,t4_act_003255,new_customer_onboarding,1
t4_dev_003948,t4_act_002585,persistent_card_problem_hard,3
t4_dev_008233,t4_act_006028,normal_guest_checkout,1
t4_dev_005796,t4_act_004031,normal_guest_checkout,1
t4_dev_008864,t4_act_006570,normal_returning_customer,2
t4_dev_008473,t4_act_006220,new_customer_onboarding,3
t4_dev_003423,t4_act_002176,cvv_and_expiry_mistakes,3
t4_dev_002070,t4_act_001217,normal_returning_customer,4
t4_dev_004000,t4_act_002622,persistent_card_problem_hard,0
t4_dev_002903,t4_act_001821,session_churn_v4,2
t4_dev_002889,t4_act_001811,burst_pause_burst_v4,0
t4_dev_000937,t4_act_000422,persistent_card_problem_hard,2
t4_dev_003580,t4_act_002283,normal_returning_customer,4
t4_dev_006744,t4_act_004822,new_customer_onboarding,0
t4_dev_004640,t4_act_003113,normal_guest_checkout,4
t4_dev_003928,t4_act_002567,normal_guest_checkout,2
t4_dev_002488,t4_act_001530,session_churn_v4,3
t4_dev_007905,t4_act_005750,multi_device_customer_v4,1
t4_dev_000137,t4_act_000024,cross_device_weak_guest,4
t4_dev_004325,t4_act_002884,cross_device_partial,2
t4_dev_006972,t4_act_005001,normal_returning_customer,4
t4_dev_002690,t4_act_001677,normal_returning_customer,0
t4_dev_003954,t4_act_002591,persistent_card_problem_hard,3
t4_dev_008975,t4_act_006676,genuine_wallet_cycling,4
t4_dev_004445,t4_act_002960,success_camouflage_v4,4
t4_dev_008798,t4_act_006510,new_customer_onboarding,4
t4_dev_005525,t4_act_003792,normal_guest_checkout,4
t4_dev_005333,t4_act_003632,network_retry_storm_hard,4
t4_dev_004093,t4_act_002702,network_retry_storm_hard,4
t4_dev_002338,t4_act_001400,new_customer_onboarding,2
t4_dev_004326,t4_act_002884,cross_device_partial,2
t4_dev_003189,t4_act_001988,network_retry_storm_hard,0
t4_dev_002517,t4_act_001551,sparse_multiday_v4,4
t4_dev_004009,t4_act_002630,normal_guest_checkout,0
t4_dev_003631,t4_act_002325,burst_pause_burst_v4,3
t4_dev_007276,t4_act_005244,normal_returning_customer,4
t4_dev_006551,t4_act_004642,network_retry_storm_hard,3
t4_dev_004450,t4_act_002964,persistent_card_problem_hard,2
t4_dev_007823,t4_act_005683,new_customer_onboarding,1
t4_dev_002228,t4_act_001320,multi_device_customer_v4,3
t4_dev_007490,t4_act_005404,new_customer_onboarding,1
t4_dev_000274,t4_act_000051,cross_device_partial,4
t4_dev_003323,t4_act_002094,network_retry_storm_hard,3
t4_dev_006615,t4_act_004703,new_customer_onboarding,0
t4_dev_000138,t4_act_000024,cross_device_weak_guest,4
t4_dev_005839,t4_act_004070,multi_device_customer_v4,2
t4_dev_002917,t4_act_001831,patient_tester_v4,3
t4_dev_004891,t4_act_003296,persistent_card_problem_hard,3
t4_dev_004588,t4_act_003072,sparse_multiday_v4,0
t4_dev_005493,t4_act_003780,new_customer_onboarding,2
t4_dev_001748,t4_act_000992,genuine_wallet_cycling,1
t4_dev_002846,t4_act_001795,normal_guest_checkout,1
t4_dev_007768,t4_act_005634,normal_returning_customer,2
t4_dev_006663,t4_act_004747,network_retry_storm_hard,0
t4_dev_002081,t4_act_001226,cross_device_weak_guest,2
t4_dev_001095,t4_act_000580,network_retry_storm_hard,3
t4_dev_002635,t4_act_001629,cross_device_partial,1
t4_dev_006447,t4_act_004547,network_retry_storm_hard,4
t4_dev_000836,t4_act_000321,persistent_card_problem_hard,3
t4_dev_000139,t4_act_000024,cross_device_weak_guest,4
t4_dev_004327,t4_act_002884,cross_device_partial,2
t4_dev_003543,t4_act_002259,session_recreation_flaky_net,1
t4_dev_004081,t4_act_002690,normal_guest_checkout,0
t4_dev_005634,t4_act_003888,normal_returning_customer,3
t4_dev_002411,t4_act_001463,ultra_patient_v4,0
t4_dev_005221,t4_act_003536,session_recreation_flaky_net,4
t4_dev_007713,t4_act_005583,persistent_card_problem_hard,3
t4_dev_001868,t4_act_001063,warm_up_then_attack_v4,0
t4_dev_002082,t4_act_001226,cross_device_weak_guest,2
t4_dev_002959,t4_act_001851,multi_device_customer_v4,3
t4_dev_002519,t4_act_001553,patient_tester_v4,4
t4_dev_002083,t4_act_001226,cross_device_weak_guest,2
t4_dev_005608,t4_act_003865,normal_returning_customer,2
t4_dev_002084,t4_act_001226,cross_device_weak_guest,2
t4_dev_008356,t4_act_006117,genuine_wallet_cycling,4
t4_dev_003682,t4_act_002364,persistent_card_problem_hard,1
t4_dev_006005,t4_act_004200,genuine_wallet_cycling,1
t4_dev_003884,t4_act_002529,new_customer_onboarding,0
t4_dev_007607,t4_act_005509,network_retry_storm_hard,3
t4_dev_002106,t4_act_001238,ultra_patient_v4,4
t4_dev_003083,t4_act_001911,genuine_wallet_cycling,4
t4_dev_004186,t4_act_002779,multi_device_customer_v4,4
t4_dev_002983,t4_act_001870,normal_returning_customer,3
t4_dev_002687,t4_act_001675,normal_returning_customer,0
t4_dev_001096,t4_act_000581,network_retry_storm_hard,4
t4_dev_001745,t4_act_000989,session_recreation_flaky_net,0
t4_dev_006584,t4_act_004675,network_retry_storm_hard,2
t4_dev_005268,t4_act_003579,burst_pause_burst_v4,4
t4_dev_004027,t4_act_002643,fast_burst_v4,3
t4_dev_002085,t4_act_001226,cross_device_weak_guest,2
t4_dev_002268,t4_act_001352,normal_returning_customer,1
t4_dev_002998,t4_act_001884,normal_guest_checkout,1
t4_dev_000140,t4_act_000024,cross_device_weak_guest,4
t4_dev_003255,t4_act_002038,cross_device_partial,3
t4_dev_004328,t4_act_002884,cross_device_partial,2
t4_dev_004202,t4_act_002788,multi_device_customer_v4,2
t4_dev_007957,t4_act_005795,cvv_and_expiry_mistakes,2
t4_dev_008813,t4_act_006525,network_retry_storm_hard,3
t4_dev_003306,t4_act_002078,network_retry_storm_hard,0
t4_dev_007795,t4_act_005659,new_customer_onboarding,0
t4_dev_002630,t4_act_001626,network_retry_storm_hard,3
t4_dev_003256,t4_act_002038,cross_device_partial,3
t4_dev_001136,t4_act_000621,network_retry_storm_hard,3
t4_dev_000141,t4_act_000024,cross_device_weak_guest,4
t4_dev_002577,t4_act_001588,genuine_wallet_cycling,2
t4_dev_002980,t4_act_001867,network_retry_storm_hard,2
t4_dev_008515,t4_act_006256,normal_returning_customer,2
t4_dev_000142,t4_act_000024,cross_device_weak_guest,4
t4_dev_002086,t4_act_001226,cross_device_weak_guest,2
t4_dev_006449,t4_act_004549,normal_returning_customer,0
t4_dev_001746,t4_act_000990,network_retry_storm_hard,3
t4_dev_007380,t4_act_005321,normal_guest_checkout,3
t4_dev_008106,t4_act_005915,network_retry_storm_hard,0
t4_dev_000964,t4_act_000449,persistent_card_problem_hard,2
t4_dev_001802,t4_act_001030,persistent_card_problem_hard,3
t4_dev_007660,t4_act_005539,network_retry_storm_hard,3
t4_dev_002563,t4_act_001583,cross_device_weak_guest,0
t4_dev_002754,t4_act_001728,success_camouflage_v4,2
t4_dev_002648,t4_act_001640,genuine_wallet_cycling,1
t4_dev_004609,t4_act_003091,multi_device_customer_v4,0
t4_dev_000143,t4_act_000024,cross_device_weak_guest,4
t4_dev_002564,t4_act_001583,cross_device_weak_guest,0
t4_dev_006142,t4_act_004306,normal_guest_checkout,2
t4_dev_004290,t4_act_002854,genuine_wallet_cycling,4
t4_dev_005562,t4_act_003825,new_customer_onboarding,3
t4_dev_001115,t4_act_000600,network_retry_storm_hard,3
t4_dev_002087,t4_act_001226,cross_device_weak_guest,2
t4_dev_007843,t4_act_005701,normal_returning_customer,1
t4_dev_000807,t4_act_000292,persistent_card_problem_hard,1
t4_dev_002088,t4_act_001226,cross_device_weak_guest,2
t4_dev_000847,t4_act_000332,persistent_card_problem_hard,3
t4_dev_000144,t4_act_000024,cross_device_weak_guest,4
t4_dev_002910,t4_act_001826,normal_guest_checkout,4
t4_dev_002615,t4_act_001618,cross_device_weak_guest,2
t4_dev_005697,t4_act_003944,multi_device_customer_v4,4
t4_dev_000226,t4_act_000042,cross_device_partial,3
t4_dev_002565,t4_act_001583,cross_device_weak_guest,0
t4_dev_008533,t4_act_006271,multi_device_customer_v4,1
t4_dev_004277,t4_act_002845,normal_guest_checkout,1
t4_dev_007748,t4_act_005617,cvv_and_expiry_mistakes,1
t4_dev_002566,t4_act_001583,cross_device_weak_guest,0
t4_dev_002567,t4_act_001583,cross_device_weak_guest,0
t4_dev_007411,t4_act_005349,cvv_and_expiry_mistakes,3
t4_dev_007114,t4_act_005116,normal_returning_customer,2
t4_dev_006805,t4_act_004857,normal_returning_customer,4
t4_dev_000871,t4_act_000356,persistent_card_problem_hard,0
t4_dev_008735,t4_act_006453,normal_returning_customer,4
t4_dev_004180,t4_act_002774,warm_up_then_attack_v4,4
t4_dev_004556,t4_act_003045,burst_pause_burst_v4,3
t4_dev_002616,t4_act_001618,cross_device_weak_guest,2
t4_dev_002408,t4_act_001461,network_retry_storm_hard,3
t4_dev_008844,t4_act_006554,persistent_card_problem_hard,4
t4_dev_005026,t4_act_003388,persistent_card_problem_hard,2
t4_dev_001148,t4_act_000633,network_retry_storm_hard,1
t4_dev_002617,t4_act_001618,cross_device_weak_guest,2
t4_dev_003434,t4_act_002185,warm_up_then_attack_v4,2
t4_dev_007676,t4_act_005551,persistent_card_problem_hard,4
t4_dev_000901,t4_act_000386,persistent_card_problem_hard,4
t4_dev_000953,t4_act_000438,persistent_card_problem_hard,2
t4_dev_004355,t4_act_002907,persistent_card_problem_hard,1
t4_dev_005683,t4_act_003932,persistent_card_problem_hard,0
t4_dev_002618,t4_act_001618,cross_device_weak_guest,2
t4_dev_000227,t4_act_000042,cross_device_partial,3
t4_dev_002895,t4_act_001815,multi_device_customer_v4,0
t4_dev_008442,t4_act_006190,persistent_card_problem_hard,3
t4_dev_007529,t4_act_005440,cvv_and_expiry_mistakes,0
t4_dev_002619,t4_act_001618,cross_device_weak_guest,2
t4_dev_001187,t4_act_000672,network_retry_storm_hard,1
t4_dev_004648,t4_act_003120,normal_guest_checkout,3
t4_dev_003257,t4_act_002038,cross_device_partial,3
t4_dev_008407,t4_act_006160,persistent_card_problem_hard,3
t4_dev_003307,t4_act_002079,new_customer_onboarding,2
t4_dev_002568,t4_act_001583,cross_device_weak_guest,0
t4_dev_002165,t4_act_001275,cross_device_weak_guest,4
t4_dev_007407,t4_act_005346,normal_returning_customer,3
t4_dev_001188,t4_act_000673,network_retry_storm_hard,3
t4_dev_004944,t4_act_003321,cvv_and_expiry_mistakes,2
t4_dev_008615,t4_act_006344,normal_guest_checkout,1
t4_dev_001960,t4_act_001133,normal_guest_checkout,3
t4_dev_002579,t4_act_001590,session_recreation_flaky_net,3
t4_dev_004409,t4_act_002933,genuine_wallet_cycling,1
t4_dev_001026,t4_act_000511,network_retry_storm_hard,0
t4_dev_000835,t4_act_000320,persistent_card_problem_hard,4
t4_dev_006569,t4_act_004660,cvv_and_expiry_mistakes,4
t4_dev_006420,t4_act_004522,multi_device_customer_v4,4
t4_dev_007826,t4_act_005686,normal_returning_customer,0
t4_dev_004647,t4_act_003119,new_customer_onboarding,2
t4_dev_008128,t4_act_005935,multi_device_customer_v4,0
t4_dev_008673,t4_act_006395,normal_guest_checkout,1
t4_dev_002637,t4_act_001631,network_retry_storm_hard,3
t4_dev_004848,t4_act_003261,network_retry_storm_hard,2
t4_dev_003258,t4_act_002038,cross_device_partial,3
t4_dev_005339,t4_act_003638,persistent_card_problem_hard,3
t4_dev_002620,t4_act_001618,cross_device_weak_guest,2
t4_dev_008863,t4_act_006569,persistent_card_problem_hard,0
t4_dev_001074,t4_act_000559,network_retry_storm_hard,4
t4_dev_004542,t4_act_003038,session_recreation_flaky_net,1
t4_dev_002569,t4_act_001583,cross_device_weak_guest,0
t4_dev_006933,t4_act_004969,normal_guest_checkout,4
t4_dev_008915,t4_act_006619,new_customer_onboarding,2
t4_dev_006672,t4_act_004756,new_customer_onboarding,3
t4_dev_002166,t4_act_001275,cross_device_weak_guest,4
t4_dev_002702,t4_act_001687,normal_returning_customer,4
t4_dev_003672,t4_act_002354,session_recreation_flaky_net,1
t4_dev_001965,t4_act_001138,normal_guest_checkout,3
t4_dev_006283,t4_act_004411,normal_returning_customer,2
t4_dev_006223,t4_act_004358,cvv_and_expiry_mistakes,0
t4_dev_003467,t4_act_002216,cross_device_partial,4
t4_dev_002013,t4_act_001179,network_retry_storm_hard,3
t4_dev_002097,t4_act_001235,persistent_card_problem_hard,0
t4_dev_000920,t4_act_000405,persistent_card_problem_hard,1
t4_dev_004099,t4_act_002707,burst_pause_burst_v4,4
t4_dev_004029,t4_act_002645,new_customer_onboarding,3
t4_dev_005191,t4_act_003508,cvv_and_expiry_mistakes,4
t4_dev_007930,t4_act_005771,persistent_card_problem_hard,0
t4_dev_007793,t4_act_005657,cvv_and_expiry_mistakes,1
t4_dev_002621,t4_act_001618,cross_device_weak_guest,2
t4_dev_006264,t4_act_004394,network_retry_storm_hard,1
t4_dev_002492,t4_act_001533,cvv_and_expiry_mistakes,2
t4_dev_004106,t4_act_002713,persistent_card_problem_hard,2
t4_dev_003221,t4_act_002009,normal_returning_customer,1
t4_dev_007533,t4_act_005444,new_customer_onboarding,4
t4_dev_004736,t4_act_003182,normal_returning_customer,1
t4_dev_001637,t4_act_000918,network_retry_storm_hard,2
t4_dev_008534,t4_act_006271,multi_device_customer_v4,1
t4_dev_003777,t4_act_002438,normal_guest_checkout,0
t4_dev_008784,t4_act_006498,multi_device_customer_v4,3
t4_dev_002570,t4_act_001583,cross_device_weak_guest,0
t4_dev_000878,t4_act_000363,persistent_card_problem_hard,1
t4_dev_005729,t4_act_003973,normal_guest_checkout,2
t4_dev_006241,t4_act_004374,persistent_card_problem_hard,2
t4_dev_002167,t4_act_001275,cross_device_weak_guest,4
t4_dev_008026,t4_act_005840,normal_returning_customer,2
t4_dev_001686,t4_act_000943,multi_device_customer_v4,4
t4_dev_002168,t4_act_001275,cross_device_weak_guest,4
t4_dev_002259,t4_act_001344,normal_guest_checkout,2
t4_dev_004405,t4_act_002930,persistent_card_problem_hard,0
t4_dev_004851,t4_act_003263,patient_tester_v4,4
t4_dev_006030,t4_act_004222,multi_device_customer_v4,2
t4_dev_007158,t4_act_005155,session_recreation_flaky_net,2
t4_dev_002638,t4_act_001632,network_retry_storm_hard,3
t4_dev_005687,t4_act_003935,network_retry_storm_hard,3
t4_dev_003468,t4_act_002216,cross_device_partial,4
t4_dev_000499,t4_act_000082,distributed_bot_campaign,1
t4_dev_000500,t4_act_000082,distributed_bot_campaign,1
t4_dev_000501,t4_act_000082,distributed_bot_campaign,1
t4_dev_000502,t4_act_000082,distributed_bot_campaign,1
t4_dev_000503,t4_act_000082,distributed_bot_campaign,1
t4_dev_000504,t4_act_000082,distributed_bot_campaign,1
t4_dev_000505,t4_act_000082,distributed_bot_campaign,1
t4_dev_000506,t4_act_000082,distributed_bot_campaign,1
t4_dev_000507,t4_act_000082,distributed_bot_campaign,1
t4_dev_000508,t4_act_000082,distributed_bot_campaign,1
t4_dev_000509,t4_act_000082,distributed_bot_campaign,1
t4_dev_000510,t4_act_000082,distributed_bot_campaign,1
t4_dev_000511,t4_act_000082,distributed_bot_campaign,1
t4_dev_000512,t4_act_000082,distributed_bot_campaign,1
t4_dev_000513,t4_act_000082,distributed_bot_campaign,1
t4_dev_000514,t4_act_000082,distributed_bot_campaign,1
t4_dev_000515,t4_act_000082,distributed_bot_campaign,1
t4_dev_000516,t4_act_000082,distributed_bot_campaign,1
t4_dev_000517,t4_act_000082,distributed_bot_campaign,1
t4_dev_000518,t4_act_000082,distributed_bot_campaign,1
t4_dev_000519,t4_act_000082,distributed_bot_campaign,1
t4_dev_000520,t4_act_000082,distributed_bot_campaign,1
t4_dev_000521,t4_act_000082,distributed_bot_campaign,1
t4_dev_000522,t4_act_000082,distributed_bot_campaign,1
t4_dev_000523,t4_act_000082,distributed_bot_campaign,1
t4_dev_000524,t4_act_000082,distributed_bot_campaign,1
t4_dev_000525,t4_act_000082,distributed_bot_campaign,1
t4_dev_000526,t4_act_000082,distributed_bot_campaign,1
t4_dev_000527,t4_act_000082,distributed_bot_campaign,1
t4_dev_000528,t4_act_000082,distributed_bot_campaign,1
t4_dev_000529,t4_act_000082,distributed_bot_campaign,1
t4_dev_000530,t4_act_000082,distributed_bot_campaign,1
t4_dev_000531,t4_act_000082,distributed_bot_campaign,1
t4_dev_000532,t4_act_000082,distributed_bot_campaign,1
t4_dev_000533,t4_act_000082,distributed_bot_campaign,1
t4_dev_000534,t4_act_000082,distributed_bot_campaign,1
t4_dev_000535,t4_act_000082,distributed_bot_campaign,1
t4_dev_000536,t4_act_000082,distributed_bot_campaign,1
t4_dev_000537,t4_act_000082,distributed_bot_campaign,1
t4_dev_000538,t4_act_000082,distributed_bot_campaign,1
t4_dev_000539,t4_act_000082,distributed_bot_campaign,1
t4_dev_000540,t4_act_000082,distributed_bot_campaign,1
t4_dev_000541,t4_act_000082,distributed_bot_campaign,1
t4_dev_000542,t4_act_000082,distributed_bot_campaign,1
t4_dev_000543,t4_act_000082,distributed_bot_campaign,1
t4_dev_000544,t4_act_000082,distributed_bot_campaign,1
t4_dev_000545,t4_act_000082,distributed_bot_campaign,1
t4_dev_000546,t4_act_000082,distributed_bot_campaign,1
t4_dev_000547,t4_act_000082,distributed_bot_campaign,1
t4_dev_000548,t4_act_000082,distributed_bot_campaign,1
t4_dev_002169,t4_act_001275,cross_device_weak_guest,4
t4_dev_002478,t4_act_001521,fast_burst_v4,1
t4_dev_006901,t4_act_004938,genuine_wallet_cycling,1
t4_dev_008614,t4_act_006343,normal_returning_customer,0
t4_dev_000228,t4_act_000042,cross_device_partial,3
t4_dev_007345,t4_act_005292,session_recreation_flaky_net,2
t4_dev_007257,t4_act_005227,network_retry_storm_hard,0
t4_dev_006445,t4_act_004545,normal_guest_checkout,0
t4_dev_002256,t4_act_001342,burst_pause_burst_v4,0
t4_dev_001863,t4_act_001062,cross_device_weak_guest,3
t4_dev_008211,t4_act_006008,normal_returning_customer,1
t4_dev_007555,t4_act_005464,normal_guest_checkout,4
t4_dev_008952,t4_act_006654,new_customer_onboarding,4
t4_dev_002481,t4_act_001524,persistent_card_problem_hard,3
t4_dev_002044,t4_act_001201,success_camouflage_v4,3
t4_dev_008463,t4_act_006211,persistent_card_problem_hard,1
t4_dev_006201,t4_act_004338,session_recreation_flaky_net,2
t4_dev_001172,t4_act_000657,network_retry_storm_hard,2
t4_dev_008162,t4_act_005964,session_recreation_flaky_net,0
t4_dev_006472,t4_act_004571,persistent_card_problem_hard,1
t4_dev_002724,t4_act_001704,cross_device_partial,4
t4_dev_004677,t4_act_003145,patient_tester_v4,4
t4_dev_000980,t4_act_000465,persistent_card_problem_hard,4
t4_dev_008637,t4_act_006364,multi_device_customer_v4,0
t4_dev_008489,t4_act_006235,normal_guest_checkout,0
t4_dev_002400,t4_act_001454,ultra_patient_v4,4
t4_dev_006659,t4_act_004744,multi_device_customer_v4,3
t4_dev_005840,t4_act_004070,multi_device_customer_v4,2
t4_dev_000852,t4_act_000337,persistent_card_problem_hard,1
t4_dev_005603,t4_act_003861,normal_guest_checkout,1
t4_dev_004461,t4_act_002974,normal_returning_customer,3
t4_dev_000388,t4_act_000078,cross_device_partial,2
t4_dev_007952,t4_act_005791,network_retry_storm_hard,1
t4_dev_004050,t4_act_002664,sparse_multiday_v4,4
t4_dev_007504,t4_act_005418,normal_guest_checkout,0
t4_dev_003430,t4_act_002181,normal_guest_checkout,0
t4_dev_005668,t4_act_003919,new_customer_onboarding,3
t4_dev_001864,t4_act_001062,cross_device_weak_guest,3
t4_dev_000808,t4_act_000293,persistent_card_problem_hard,0
t4_dev_005325,t4_act_003625,cvv_and_expiry_mistakes,1
t4_dev_008827,t4_act_006537,normal_returning_customer,3
t4_dev_002725,t4_act_001704,cross_device_partial,4
t4_dev_007128,t4_act_005126,normal_guest_checkout,4
t4_dev_005197,t4_act_003513,new_customer_onboarding,1
t4_dev_005153,t4_act_003491,session_recreation_flaky_net,1
t4_dev_005038,t4_act_003399,normal_returning_customer,0
t4_dev_000229,t4_act_000042,cross_device_partial,3
t4_dev_005521,t4_act_003788,normal_guest_checkout,4
t4_dev_003917,t4_act_002557,session_recreation_flaky_net,0
t4_dev_001112,t4_act_000597,network_retry_storm_hard,1
t4_dev_001768,t4_act_001006,session_recreation_flaky_net,0
t4_dev_008443,t4_act_006191,normal_guest_checkout,4
t4_dev_000828,t4_act_000313,persistent_card_problem_hard,0
t4_dev_001865,t4_act_001062,cross_device_weak_guest,3
t4_dev_005054,t4_act_003411,persistent_card_problem_hard,1
t4_dev_002869,t4_act_001810,cgnat_mobile_ip_storm,0
t4_dev_002870,t4_act_001810,cgnat_mobile_ip_storm,0
t4_dev_002871,t4_act_001810,cgnat_mobile_ip_storm,0
t4_dev_002872,t4_act_001810,cgnat_mobile_ip_storm,0
t4_dev_002873,t4_act_001810,cgnat_mobile_ip_storm,0
t4_dev_002874,t4_act_001810,cgnat_mobile_ip_storm,0
t4_dev_002875,t4_act_001810,cgnat_mobile_ip_storm,0
t4_dev_002876,t4_act_001810,cgnat_mobile_ip_storm,0
t4_dev_002877,t4_act_001810,cgnat_mobile_ip_storm,0
t4_dev_002878,t4_act_001810,cgnat_mobile_ip_storm,0
t4_dev_002879,t4_act_001810,cgnat_mobile_ip_storm,0
t4_dev_007840,t4_act_005698,cvv_and_expiry_mistakes,4
t4_dev_002880,t4_act_001810,cgnat_mobile_ip_storm,0
t4_dev_002881,t4_act_001810,cgnat_mobile_ip_storm,0
t4_dev_002882,t4_act_001810,cgnat_mobile_ip_storm,0
t4_dev_002623,t4_act_001620,normal_returning_customer,4
t4_dev_002883,t4_act_001810,cgnat_mobile_ip_storm,0
t4_dev_002884,t4_act_001810,cgnat_mobile_ip_storm,0
t4_dev_001866,t4_act_001062,cross_device_weak_guest,3
t4_dev_002885,t4_act_001810,cgnat_mobile_ip_storm,0
t4_dev_002886,t4_act_001810,cgnat_mobile_ip_storm,0
t4_dev_002887,t4_act_001810,cgnat_mobile_ip_storm,0
t4_dev_002888,t4_act_001810,cgnat_mobile_ip_storm,0
t4_dev_001709,t4_act_000959,normal_returning_customer,4
t4_dev_007802,t4_act_005664,network_retry_storm_hard,2
t4_dev_004438,t4_act_002956,new_customer_onboarding,4
t4_dev_005014,t4_act_003381,network_retry_storm_hard,4
t4_dev_001867,t4_act_001062,cross_device_weak_guest,3
t4_dev_007059,t4_act_005071,network_retry_storm_hard,0
t4_dev_008404,t4_act_006158,normal_returning_customer,4
t4_dev_008393,t4_act_006148,multi_device_customer_v4,3
t4_dev_005276,t4_act_003585,multi_device_customer_v4,1
t4_dev_006556,t4_act_004647,new_customer_onboarding,2
t4_dev_002631,t4_act_001627,new_customer_onboarding,2
t4_dev_004258,t4_act_002831,cross_device_partial,2
t4_dev_008624,t4_act_006353,normal_guest_checkout,0
t4_dev_007177,t4_act_005173,genuine_wallet_cycling,1
t4_dev_007001,t4_act_005024,normal_returning_customer,2
t4_dev_005437,t4_act_003726,new_customer_onboarding,3
t4_dev_008678,t4_act_006400,normal_guest_checkout,3
t4_dev_003469,t4_act_002216,cross_device_partial,4
t4_dev_003970,t4_act_002600,persistent_card_problem_hard,1
t4_dev_004586,t4_act_003070,new_customer_onboarding,1
t4_dev_005651,t4_act_003903,cvv_and_expiry_mistakes,0
t4_dev_007438,t4_act_005373,persistent_card_problem_hard,1
t4_dev_007876,t4_act_005727,network_retry_storm_hard,0
t4_dev_000933,t4_act_000418,persistent_card_problem_hard,0
t4_dev_005662,t4_act_003913,persistent_card_problem_hard,3
t4_dev_002726,t4_act_001704,cross_device_partial,4
t4_dev_003470,t4_act_002216,cross_device_partial,4
t4_dev_004203,t4_act_002788,multi_device_customer_v4,2
t4_dev_008824,t4_act_006535,normal_returning_customer,1
t4_dev_001179,t4_act_000664,network_retry_storm_hard,2
t4_dev_006124,t4_act_004290,genuine_wallet_cycling,2
t4_dev_008036,t4_act_005849,network_retry_storm_hard,4
t4_dev_009075,t4_act_006750,network_retry_storm_hard,0
t4_dev_007017,t4_act_005036,multi_device_customer_v4,1
t4_dev_004259,t4_act_002831,cross_device_partial,2
t4_dev_001856,t4_act_001058,patient_tester_v4,4
t4_dev_005533,t4_act_003800,persistent_card_problem_hard,3
t4_dev_006937,t4_act_004973,normal_guest_checkout,0
t4_dev_005677,t4_act_003926,persistent_card_problem_hard,3
t4_dev_008594,t4_act_006324,network_retry_storm_hard,0
t4_dev_008609,t4_act_006338,session_recreation_flaky_net,1
t4_dev_008360,t4_act_006121,normal_returning_customer,2
t4_dev_003239,t4_act_002025,normal_returning_customer,3
t4_dev_004210,t4_act_002794,fast_burst_v4,1
t4_dev_006014,t4_act_004209,normal_guest_checkout,3
t4_dev_005394,t4_act_003684,normal_guest_checkout,2
t4_dev_003586,t4_act_002287,normal_returning_customer,0
t4_dev_007148,t4_act_005145,network_retry_storm_hard,0
t4_dev_008874,t4_act_006578,new_customer_onboarding,2
t4_dev_004205,t4_act_002790,merchant_normal_amount_attack_v4,4
t4_dev_006702,t4_act_004783,session_recreation_flaky_net,0
t4_dev_005064,t4_act_003417,sparse_multiday_v4,3
t4_dev_008394,t4_act_006148,multi_device_customer_v4,3
t4_dev_004453,t4_act_002967,cvv_and_expiry_mistakes,0
t4_dev_006811,t4_act_004863,cvv_and_expiry_mistakes,4
t4_dev_000389,t4_act_000078,cross_device_partial,2
t4_dev_001092,t4_act_000577,network_retry_storm_hard,2
t4_dev_005916,t4_act_004118,normal_guest_checkout,1
t4_dev_004622,t4_act_003099,cvv_and_expiry_mistakes,4
t4_dev_002346,t4_act_001407,normal_guest_checkout,0
t4_dev_001793,t4_act_001021,persistent_card_problem_hard,0
t4_dev_006202,t4_act_004339,genuine_wallet_cycling,2
t4_dev_006883,t4_act_004923,normal_returning_customer,4
t4_dev_003223,t4_act_002010,normal_guest_checkout,2
t4_dev_008691,t4_act_006411,network_retry_storm_hard,1
t4_dev_001892,t4_act_001081,normal_guest_checkout,3
t4_dev_008643,t4_act_006370,normal_guest_checkout,3
t4_dev_008775,t4_act_006489,normal_guest_checkout,3
t4_dev_005707,t4_act_003953,normal_returning_customer,1
t4_dev_002787,t4_act_001760,new_customer_onboarding,3
t4_dev_008135,t4_act_005941,cvv_and_expiry_mistakes,2
t4_dev_005469,t4_act_003758,cvv_and_expiry_mistakes,2
t4_dev_008584,t4_act_006314,normal_returning_customer,2
t4_dev_000230,t4_act_000042,cross_device_partial,3
t4_dev_002896,t4_act_001815,multi_device_customer_v4,0
t4_dev_008531,t4_act_006269,normal_guest_checkout,1
t4_dev_004260,t4_act_002831,cross_device_partial,2
t4_dev_003353,t4_act_002122,session_recreation_flaky_net,1
t4_dev_007776,t4_act_005641,network_retry_storm_hard,0
t4_dev_006404,t4_act_004509,persistent_card_problem_hard,2
t4_dev_001098,t4_act_000583,network_retry_storm_hard,4
t4_dev_007977,t4_act_005813,normal_guest_checkout,4
t4_dev_008449,t4_act_006197,persistent_card_problem_hard,3
t4_dev_002683,t4_act_001672,burst_pause_burst_v4,1
t4_dev_005141,t4_act_003479,new_customer_onboarding,3
t4_dev_002220,t4_act_001315,cvv_and_expiry_mistakes,4
t4_dev_005552,t4_act_003816,cvv_and_expiry_mistakes,2
t4_dev_006181,t4_act_004320,genuine_wallet_cycling,2
t4_dev_003796,t4_act_002456,normal_returning_customer,2
t4_dev_003471,t4_act_002216,cross_device_partial,4
t4_dev_009020,t4_act_006716,persistent_card_problem_hard,0
t4_dev_002727,t4_act_001704,cross_device_partial,4
t4_dev_005618,t4_act_003874,new_customer_onboarding,1
t4_dev_006123,t4_act_004289,genuine_wallet_cycling,1
t4_dev_007953,t4_act_005792,new_customer_onboarding,1
t4_dev_006220,t4_act_004355,normal_guest_checkout,3
t4_dev_002510,t4_act_001549,cross_device_weak_guest,0
t4_dev_002151,t4_act_001266,session_churn_v4,4
t4_dev_000093,t4_act_000016,cross_device_weak_guest,1
t4_dev_002990,t4_act_001876,normal_guest_checkout,0
t4_dev_005120,t4_act_003460,fast_burst_v4,0
t4_dev_001635,t4_act_000916,new_customer_onboarding,2
t4_dev_007397,t4_act_005337,normal_returning_customer,4
t4_dev_002077,t4_act_001223,normal_returning_customer,4
t4_dev_001066,t4_act_000551,network_retry_storm_hard,3
t4_dev_002182,t4_act_001287,normal_returning_customer,3
t4_dev_004508,t4_act_003011,normal_returning_customer,3
t4_dev_006854,t4_act_004899,network_retry_storm_hard,0
t4_dev_001031,t4_act_000516,network_retry_storm_hard,0
t4_dev_001022,t4_act_000507,network_retry_storm_hard,4
t4_dev_007269,t4_act_005239,normal_returning_customer,3
t4_dev_002511,t4_act_001549,cross_device_weak_guest,0
t4_dev_002264,t4_act_001349,cvv_and_expiry_mistakes,2
t4_dev_000094,t4_act_000016,cross_device_weak_guest,1
t4_dev_003196,t4_act_001991,normal_guest_checkout,4
t4_dev_000390,t4_act_000078,cross_device_partial,2
t4_dev_008537,t4_act_006273,normal_guest_checkout,1
t4_dev_001697,t4_act_000949,normal_returning_customer,2
t4_dev_006494,t4_act_004591,normal_guest_checkout,3
t4_dev_006870,t4_act_004913,persistent_card_problem_hard,3
t4_dev_000095,t4_act_000016,cross_device_weak_guest,1
t4_dev_008906,t4_act_006610,persistent_card_problem_hard,3
t4_dev_001687,t4_act_000943,multi_device_customer_v4,4
t4_dev_002512,t4_act_001549,cross_device_weak_guest,0
t4_dev_005244,t4_act_003556,normal_returning_customer,3
t4_dev_002513,t4_act_001549,cross_device_weak_guest,0
t4_dev_000888,t4_act_000373,persistent_card_problem_hard,4
t4_dev_005329,t4_act_003629,normal_returning_customer,1
t4_dev_002505,t4_act_001544,normal_returning_customer,0
t4_dev_003179,t4_act_001978,genuine_wallet_cycling,3
t4_dev_006010,t4_act_004205,persistent_card_problem_hard,4
t4_dev_002195,t4_act_001296,normal_returning_customer,3
t4_dev_006660,t4_act_004744,multi_device_customer_v4,3
t4_dev_006567,t4_act_004658,new_customer_onboarding,1
t4_dev_005903,t4_act_004108,cvv_and_expiry_mistakes,4
t4_dev_006989,t4_act_005014,cvv_and_expiry_mistakes,3
t4_dev_006471,t4_act_004570,persistent_card_problem_hard,1
t4_dev_002479,t4_act_001522,persistent_card_problem_hard,0
t4_dev_006347,t4_act_004455,new_customer_onboarding,3
t4_dev_000804,t4_act_000289,persistent_card_problem_hard,3
t4_dev_002514,t4_act_001549,cross_device_weak_guest,0
t4_dev_000096,t4_act_000016,cross_device_weak_guest,1
t4_dev_002912,t4_act_001828,burst_pause_burst_v4,4
t4_dev_001133,t4_act_000618,network_retry_storm_hard,1
t4_dev_008785,t4_act_006498,multi_device_customer_v4,3
t4_dev_008599,t4_act_006329,normal_returning_customer,2
t4_dev_000127,t4_act_000022,cross_device_weak_guest,2
t4_dev_008663,t4_act_006385,new_customer_onboarding,4
t4_dev_005450,t4_act_003739,cvv_and_expiry_mistakes,3
t4_dev_005791,t4_act_004026,persistent_card_problem_hard,2
t4_dev_007598,t4_act_005503,normal_returning_customer,2
t4_dev_001904,t4_act_001091,network_retry_storm_hard,4
t4_dev_004146,t4_act_002747,persistent_card_problem_hard,0
t4_dev_007933,t4_act_005774,network_retry_storm_hard,1
t4_dev_004773,t4_act_003210,session_recreation_flaky_net,3
t4_dev_007081,t4_act_005087,session_recreation_flaky_net,3
t4_dev_000212,t4_act_000038,cross_device_partial,1
t4_dev_006284,t4_act_004412,new_customer_onboarding,2
t4_dev_002728,t4_act_001704,cross_device_partial,4
t4_dev_000097,t4_act_000016,cross_device_weak_guest,1
t4_dev_006227,t4_act_004362,genuine_wallet_cycling,2
t4_dev_001610,t4_act_000897,warm_up_then_attack_v4,1
t4_dev_002515,t4_act_001549,cross_device_weak_guest,0
t4_dev_006498,t4_act_004594,normal_returning_customer,2
t4_dev_003382,t4_act_002146,network_retry_storm_hard,4
t4_dev_002392,t4_act_001447,session_recreation_flaky_net,2
t4_dev_000331,t4_act_000066,cross_device_partial,1
t4_dev_004140,t4_act_002741,cvv_and_expiry_mistakes,3
t4_dev_002783,t4_act_001757,normal_returning_customer,2
t4_dev_002212,t4_act_001307,merchant_normal_amount_attack_v4,4
t4_dev_005482,t4_act_003770,normal_guest_checkout,3
t4_dev_006299,t4_act_004427,persistent_card_problem_hard,4
t4_dev_009014,t4_act_006710,persistent_card_problem_hard,4
t4_dev_004755,t4_act_003201,cross_device_partial,1
t4_dev_007911,t4_act_005756,normal_returning_customer,4
t4_dev_000391,t4_act_000078,cross_device_partial,2
t4_dev_005097,t4_act_003444,new_customer_onboarding,0
t4_dev_002960,t4_act_001851,multi_device_customer_v4,3
t4_dev_001991,t4_act_001162,new_customer_onboarding,2
t4_dev_006371,t4_act_004477,normal_returning_customer,3
t4_dev_006421,t4_act_004522,multi_device_customer_v4,4
t4_dev_005425,t4_act_003714,network_retry_storm_hard,2
t4_dev_001919,t4_act_001103,normal_returning_customer,3
t4_dev_001029,t4_act_000514,network_retry_storm_hard,1
t4_dev_002375,t4_act_001432,network_retry_storm_hard,1
t4_dev_000128,t4_act_000022,cross_device_weak_guest,2
t4_dev_005428,t4_act_003717,persistent_card_problem_hard,0
t4_dev_004818,t4_act_003238,normal_guest_checkout,4
t4_dev_002181,t4_act_001286,merchant_normal_amount_attack_v4,2
t4_dev_002733,t4_act_001708,normal_guest_checkout,4
t4_dev_000978,t4_act_000463,persistent_card_problem_hard,2
t4_dev_007404,t4_act_005343,network_retry_storm_hard,4
t4_dev_004128,t4_act_002731,normal_guest_checkout,4
t4_dev_004756,t4_act_003201,cross_device_partial,1
t4_dev_004576,t4_act_003061,normal_returning_customer,3
t4_dev_006431,t4_act_004532,normal_returning_customer,3
t4_dev_005193,t4_act_003510,session_recreation_flaky_net,2
t4_dev_001756,t4_act_000997,normal_returning_customer,1
t4_dev_006066,t4_act_004254,persistent_card_problem_hard,2
t4_dev_003429,t4_act_002180,normal_guest_checkout,1
t4_dev_008254,t4_act_006048,normal_returning_customer,1
t4_dev_002173,t4_act_001279,normal_guest_checkout,3
t4_dev_003525,t4_act_002244,normal_returning_customer,2
t4_dev_003916,t4_act_002556,persistent_card_problem_hard,0
t4_dev_002805,t4_act_001773,merchant_normal_amount_attack_v4,1
t4_dev_006866,t4_act_004910,normal_returning_customer,2
t4_dev_003363,t4_act_002130,session_churn_v4,0
t4_dev_000129,t4_act_000022,cross_device_weak_guest,2
t4_dev_002014,t4_act_001180,session_churn_v4,4
t4_dev_004610,t4_act_003091,multi_device_customer_v4,0
t4_dev_005474,t4_act_003763,persistent_card_problem_hard,4
t4_dev_003171,t4_act_001970,normal_guest_checkout,0
t4_dev_006031,t4_act_004222,multi_device_customer_v4,2
t4_dev_004757,t4_act_003201,cross_device_partial,1
t4_dev_005388,t4_act_003678,genuine_wallet_cycling,3
t4_dev_003398,t4_act_002158,normal_returning_customer,4
t4_dev_003224,t4_act_002011,persistent_card_problem_hard,1
t4_dev_000332,t4_act_000066,cross_device_partial,1
t4_dev_001099,t4_act_000584,network_retry_storm_hard,1
t4_dev_004954,t4_act_003331,cvv_and_expiry_mistakes,1
t4_dev_007508,t4_act_005422,network_retry_storm_hard,0
t4_dev_001870,t4_act_001065,normal_guest_checkout,4
t4_dev_007067,t4_act_005076,genuine_wallet_cycling,1
t4_dev_003700,t4_act_002371,persistent_card_problem_hard,2
t4_dev_000130,t4_act_000022,cross_device_weak_guest,2
t4_dev_002216,t4_act_001311,new_customer_onboarding,4
t4_dev_008137,t4_act_005943,normal_returning_customer,2
t4_dev_005282,t4_act_003590,normal_returning_customer,2
t4_dev_001688,t4_act_000943,multi_device_customer_v4,4
t4_dev_001888,t4_act_001077,normal_returning_customer,1
t4_dev_008914,t4_act_006618,cvv_and_expiry_mistakes,1
t4_dev_008129,t4_act_005935,multi_device_customer_v4,0
t4_dev_008244,t4_act_006038,persistent_card_problem_hard,2
t4_dev_004758,t4_act_003201,cross_device_partial,1
t4_dev_002769,t4_act_001743,persistent_card_problem_hard,1
t4_dev_002353,t4_act_001413,normal_guest_checkout,3
t4_dev_002672,t4_act_001663,network_retry_storm_hard,0
t4_dev_005390,t4_act_003680,normal_guest_checkout,1
t4_dev_000333,t4_act_000066,cross_device_partial,1
t4_dev_008454,t4_act_006202,session_recreation_flaky_net,1
t4_dev_005946,t4_act_004147,persistent_card_problem_hard,3
t4_dev_005108,t4_act_003451,normal_returning_customer,4
t4_dev_002729,t4_act_001704,cross_device_partial,4
t4_dev_002527,t4_act_001560,normal_returning_customer,2
t4_dev_000213,t4_act_000038,cross_device_partial,1
t4_dev_005582,t4_act_003843,new_customer_onboarding,3
t4_dev_004167,t4_act_002766,fast_burst_v4,2
t4_dev_000940,t4_act_000425,persistent_card_problem_hard,2
t4_dev_002521,t4_act_001554,network_retry_storm_hard,3
t4_dev_006731,t4_act_004811,persistent_card_problem_hard,1
t4_dev_002442,t4_act_001489,normal_guest_checkout,2
t4_dev_008246,t4_act_006040,normal_guest_checkout,3
t4_dev_007582,t4_act_005489,normal_returning_customer,4
t4_dev_005830,t4_act_004063,normal_returning_customer,1
t4_dev_000069,t4_act_000012,cross_device_weak_guest,1
t4_dev_006586,t4_act_004677,session_recreation_flaky_net,0
t4_dev_007122,t4_act_005122,network_retry_storm_hard,3
t4_dev_003340,t4_act_002109,persistent_card_problem_hard,1
t4_dev_004684,t4_act_003149,cross_device_weak_guest,4
t4_dev_004707,t4_act_003162,new_customer_onboarding,1
t4_dev_000214,t4_act_000038,cross_device_partial,1
t4_dev_005576,t4_act_003838,normal_returning_customer,0
t4_dev_008017,t4_act_005833,session_recreation_flaky_net,3
t4_dev_004421,t4_act_002942,persistent_card_problem_hard,3
t4_dev_008421,t4_act_006171,genuine_wallet_cycling,2
t4_dev_006840,t4_act_004887,network_retry_storm_hard,1
t4_dev_003548,t4_act_002263,multi_device_customer_v4,3
t4_dev_002545,t4_act_001571,cvv_and_expiry_mistakes,1
t4_dev_000070,t4_act_000012,cross_device_weak_guest,1
t4_dev_004039,t4_act_002653,network_retry_storm_hard,0
t4_dev_003645,t4_act_002336,cvv_and_expiry_mistakes,2
t4_dev_007157,t4_act_005154,network_retry_storm_hard,0
t4_dev_007565,t4_act_005473,normal_returning_customer,0
t4_dev_005814,t4_act_004049,cvv_and_expiry_mistakes,4
t4_dev_000392,t4_act_000078,cross_device_partial,2
t4_dev_005277,t4_act_003585,multi_device_customer_v4,1
t4_dev_001181,t4_act_000666,network_retry_storm_hard,4
t4_dev_002911,t4_act_001827,session_churn_v4,2
t4_dev_006424,t4_act_004525,normal_guest_checkout,0
t4_dev_000071,t4_act_000012,cross_device_weak_guest,1
t4_dev_006497,t4_act_004593,network_retry_storm_hard,3
t4_dev_008209,t4_act_006007,normal_returning_customer,1
t4_dev_008991,t4_act_006691,normal_returning_customer,1
t4_dev_008535,t4_act_006271,multi_device_customer_v4,1
t4_dev_001976,t4_act_001149,normal_returning_customer,4
t4_dev_001634,t4_act_000915,session_recreation_flaky_net,4
t4_dev_007619,t4_act_005519,network_retry_storm_hard,0
t4_dev_007292,t4_act_005259,cvv_and_expiry_mistakes,3
t4_dev_003808,t4_act_002465,fast_burst_v4,0
t4_dev_001167,t4_act_000652,network_retry_storm_hard,1
t4_dev_007937,t4_act_005778,session_recreation_flaky_net,3
t4_dev_004685,t4_act_003149,cross_device_weak_guest,4
t4_dev_005189,t4_act_003506,normal_guest_checkout,3
t4_dev_003768,t4_act_002429,persistent_card_problem_hard,3
t4_dev_005526,t4_act_003793,genuine_wallet_cycling,2
t4_dev_003851,t4_act_002500,genuine_wallet_cycling,4
t4_dev_002337,t4_act_001399,patient_tester_v4,1
t4_dev_007969,t4_act_005805,normal_guest_checkout,2
t4_dev_007250,t4_act_005222,normal_returning_customer,1
t4_dev_008392,t4_act_006147,normal_guest_checkout,4
t4_dev_000072,t4_act_000012,cross_device_weak_guest,1
t4_dev_005190,t4_act_003507,normal_returning_customer,4
t4_dev_007899,t4_act_005748,network_retry_storm_hard,1
t4_dev_005741,t4_act_003984,cvv_and_expiry_mistakes,4
t4_dev_001044,t4_act_000529,network_retry_storm_hard,3
t4_dev_006412,t4_act_004515,normal_guest_checkout,2
t4_dev_004759,t4_act_003201,cross_device_partial,1
t4_dev_003276,t4_act_002054,sparse_multiday_v4,1
t4_dev_006242,t4_act_004375,network_retry_storm_hard,4
t4_dev_002905,t4_act_001822,multi_device_customer_v4,2
t4_dev_005103,t4_act_003446,network_retry_storm_hard,4
t4_dev_000073,t4_act_000012,cross_device_weak_guest,1
t4_dev_003601,t4_act_002301,normal_guest_checkout,1
t4_dev_004686,t4_act_003149,cross_device_weak_guest,4
t4_dev_007381,t4_act_005322,network_retry_storm_hard,0
t4_dev_008995,t4_act_006694,normal_returning_customer,2
t4_dev_000798,t4_act_000283,persistent_card_problem_hard,1
t4_dev_001645,t4_act_000925,normal_returning_customer,2
t4_dev_003886,t4_act_002531,patient_tester_v4,4
t4_dev_000864,t4_act_000349,persistent_card_problem_hard,0
t4_dev_001122,t4_act_000607,network_retry_storm_hard,0
t4_dev_005427,t4_act_003716,normal_guest_checkout,1
t4_dev_006214,t4_act_004349,network_retry_storm_hard,2
t4_dev_008807,t4_act_006519,network_retry_storm_hard,4
t4_dev_008015,t4_act_005831,session_recreation_flaky_net,4
t4_dev_002190,t4_act_001291,normal_guest_checkout,3
t4_dev_002020,t4_act_001185,mixed_campaign_v4,0
t4_dev_007456,t4_act_005391,session_recreation_flaky_net,1
t4_dev_007167,t4_act_005164,normal_guest_checkout,4
t4_dev_007644,t4_act_005525,normal_returning_customer,3
t4_dev_000074,t4_act_000012,cross_device_weak_guest,1
t4_dev_002756,t4_act_001730,persistent_card_problem_hard,0
t4_dev_008480,t4_act_006227,normal_guest_checkout,4
t4_dev_004760,t4_act_003201,cross_device_partial,1
t4_dev_004687,t4_act_003149,cross_device_weak_guest,4
t4_dev_005142,t4_act_003480,persistent_card_problem_hard,2
t4_dev_003549,t4_act_002263,multi_device_customer_v4,3
t4_dev_008954,t4_act_006656,session_recreation_flaky_net,0
t4_dev_000334,t4_act_000066,cross_device_partial,1
t4_dev_004899,t4_act_003301,new_customer_onboarding,3
t4_dev_006506,t4_act_004601,normal_guest_checkout,2
t4_dev_001737,t4_act_000981,merchant_normal_amount_attack_v4,1
t4_dev_007330,t4_act_005277,normal_returning_customer,1
t4_dev_000832,t4_act_000317,persistent_card_problem_hard,2
t4_dev_003490,t4_act_002229,network_retry_storm_hard,3
t4_dev_005272,t4_act_003582,normal_returning_customer,3
t4_dev_002021,t4_act_001185,mixed_campaign_v4,0
t4_dev_007460,t4_act_005394,normal_returning_customer,3
t4_dev_006656,t4_act_004742,new_customer_onboarding,4
t4_dev_002022,t4_act_001185,mixed_campaign_v4,0
t4_dev_002987,t4_act_001873,persistent_card_problem_hard,4
t4_dev_004279,t4_act_002847,normal_guest_checkout,0
t4_dev_000335,t4_act_000066,cross_device_partial,1
t4_dev_008699,t4_act_006419,normal_guest_checkout,0
t4_dev_002027,t4_act_001190,warm_up_then_attack_v4,3
t4_dev_000345,t4_act_000069,cross_device_partial,2
t4_dev_004085,t4_act_002694,normal_guest_checkout,1
t4_dev_000863,t4_act_000348,persistent_card_problem_hard,1
t4_dev_000911,t4_act_000396,persistent_card_problem_hard,0
t4_dev_006938,t4_act_004974,network_retry_storm_hard,4
t4_dev_003598,t4_act_002298,normal_guest_checkout,3
t4_dev_009071,t4_act_006746,network_retry_storm_hard,3
t4_dev_008973,t4_act_006674,session_recreation_flaky_net,2
t4_dev_004264,t4_act_002834,new_customer_onboarding,4
t4_dev_000346,t4_act_000069,cross_device_partial,2
t4_dev_003756,t4_act_002417,new_customer_onboarding,2
t4_dev_006975,t4_act_005003,genuine_wallet_cycling,3
t4_dev_004688,t4_act_003149,cross_device_weak_guest,4
t4_dev_004024,t4_act_002641,normal_guest_checkout,4
t4_dev_005217,t4_act_003532,normal_returning_customer,2
t4_dev_008410,t4_act_006162,multi_device_customer_v4,2
t4_dev_006763,t4_act_004835,genuine_wallet_cycling,4
t4_dev_005007,t4_act_003374,network_retry_storm_hard,4
t4_dev_008767,t4_act_006481,normal_guest_checkout,0
t4_dev_008675,t4_act_006397,session_recreation_flaky_net,1
t4_dev_004636,t4_act_003110,genuine_wallet_cycling,0
t4_dev_002906,t4_act_001822,multi_device_customer_v4,2
t4_dev_006479,t4_act_004578,normal_guest_checkout,0
t4_dev_005841,t4_act_004070,multi_device_customer_v4,2
t4_dev_000336,t4_act_000066,cross_device_partial,1
t4_dev_006187,t4_act_004325,persistent_card_problem_hard,1
t4_dev_001740,t4_act_000984,network_retry_storm_hard,0
t4_dev_009015,t4_act_006711,network_retry_storm_hard,1
t4_dev_008456,t4_act_006204,persistent_card_problem_hard,0
t4_dev_007771,t4_act_005636,genuine_wallet_cycling,2
t4_dev_006524,t4_act_004618,network_retry_storm_hard,3
t4_dev_003923,t4_act_002563,burst_pause_burst_v4,1
t4_dev_003703,t4_act_002374,network_retry_storm_hard,3
t4_dev_003867,t4_act_002513,persistent_card_problem_hard,3
t4_dev_005742,t4_act_003985,persistent_card_problem_hard,4
t4_dev_006833,t4_act_004880,new_customer_onboarding,4
t4_dev_003678,t4_act_002360,normal_guest_checkout,0
t4_dev_005338,t4_act_003637,persistent_card_problem_hard,1
t4_dev_005381,t4_act_003672,network_retry_storm_hard,0
t4_dev_003296,t4_act_002069,ultra_patient_v4,4
t4_dev_001882,t4_act_001073,persistent_card_problem_hard,0
t4_dev_002752,t4_act_001726,cvv_and_expiry_mistakes,3
t4_dev_008486,t4_act_006233,normal_returning_customer,3
t4_dev_008882,t4_act_006586,session_recreation_flaky_net,2
t4_dev_006959,t4_act_004991,multi_device_customer_v4,4
t4_dev_007907,t4_act_005752,cvv_and_expiry_mistakes,0
t4_dev_003227,t4_act_002014,persistent_card_problem_hard,3
t4_dev_008538,t4_act_006274,normal_guest_checkout,4
t4_dev_006905,t4_act_004941,genuine_wallet_cycling,1
t4_dev_008411,t4_act_006162,multi_device_customer_v4,2
t4_dev_000347,t4_act_000069,cross_device_partial,2
t4_dev_006807,t4_act_004859,persistent_card_problem_hard,2
t4_dev_004890,t4_act_003295,network_retry_storm_hard,4
t4_dev_004973,t4_act_003348,ultra_patient_v4,3
t4_dev_004948,t4_act_003325,cvv_and_expiry_mistakes,2
t4_dev_001134,t4_act_000619,network_retry_storm_hard,0
t4_dev_004031,t4_act_002647,normal_returning_customer,4
t4_dev_008828,t4_act_006538,new_customer_onboarding,1
t4_dev_007730,t4_act_005600,genuine_wallet_cycling,4
t4_dev_008660,t4_act_006382,cvv_and_expiry_mistakes,2
t4_dev_005941,t4_act_004143,genuine_wallet_cycling,4
t4_dev_005400,t4_act_003690,persistent_card_problem_hard,4
t4_dev_008668,t4_act_006390,network_retry_storm_hard,2
t4_dev_002469,t4_act_001513,success_camouflage_v4,0
t4_dev_002413,t4_act_001464,new_customer_onboarding,3
t4_dev_001161,t4_act_000646,network_retry_storm_hard,0
t4_dev_005522,t4_act_003789,normal_guest_checkout,4
t4_dev_004454,t4_act_002968,session_recreation_flaky_net,2
t4_dev_001192,t4_act_000677,network_retry_storm_hard,3
t4_dev_004750,t4_act_003196,burst_pause_burst_v4,1
t4_dev_006259,t4_act_004390,new_customer_onboarding,1
t4_dev_007556,t4_act_005465,cvv_and_expiry_mistakes,1
t4_dev_006213,t4_act_004348,persistent_card_problem_hard,3
t4_dev_005824,t4_act_004058,normal_guest_checkout,1
t4_dev_008752,t4_act_006469,multi_device_customer_v4,3
t4_dev_002559,t4_act_001581,sparse_multiday_v4,2
t4_dev_006971,t4_act_005000,normal_guest_checkout,3
t4_dev_005613,t4_act_003869,new_customer_onboarding,0
t4_dev_002001,t4_act_001171,normal_returning_customer,1
t4_dev_007344,t4_act_005291,normal_guest_checkout,0
t4_dev_008412,t4_act_006163,new_customer_onboarding,4
t4_dev_008386,t4_act_006141,persistent_card_problem_hard,1
t4_dev_007290,t4_act_005257,network_retry_storm_hard,2
t4_dev_001142,t4_act_000627,network_retry_storm_hard,3
t4_dev_007796,t4_act_005660,session_recreation_flaky_net,1
t4_dev_000035,t4_act_000006,cross_device_weak_guest,0
t4_dev_000927,t4_act_000412,persistent_card_problem_hard,2
t4_dev_007577,t4_act_005484,new_customer_onboarding,0
t4_dev_005597,t4_act_003855,genuine_wallet_cycling,4
t4_dev_007576,t4_act_005483,normal_guest_checkout,3
t4_dev_005660,t4_act_003911,cvv_and_expiry_mistakes,4
t4_dev_003461,t4_act_002210,genuine_wallet_cycling,0
t4_dev_000036,t4_act_000006,cross_device_weak_guest,0
t4_dev_006401,t4_act_004506,cvv_and_expiry_mistakes,3
t4_dev_007729,t4_act_005599,session_recreation_flaky_net,4
t4_dev_006032,t4_act_004222,multi_device_customer_v4,2
t4_dev_002294,t4_act_001372,burst_pause_burst_v4,0
t4_dev_006654,t4_act_004740,network_retry_storm_hard,4
t4_dev_006065,t4_act_004253,normal_guest_checkout,2
t4_dev_006649,t4_act_004735,persistent_card_problem_hard,1
t4_dev_000037,t4_act_000006,cross_device_weak_guest,0
t4_dev_000947,t4_act_000432,persistent_card_problem_hard,2
t4_dev_000310,t4_act_000061,cross_device_partial,2
t4_dev_005219,t4_act_003534,persistent_card_problem_hard,3
t4_dev_002233,t4_act_001324,success_camouflage_v4,3
t4_dev_001129,t4_act_000614,network_retry_storm_hard,4
t4_dev_000817,t4_act_000302,persistent_card_problem_hard,3
t4_dev_007554,t4_act_005463,network_retry_storm_hard,0
t4_dev_003550,t4_act_002263,multi_device_customer_v4,3
t4_dev_004784,t4_act_003214,fast_burst_v4,4
t4_dev_007069,t4_act_005078,session_recreation_flaky_net,0
t4_dev_001075,t4_act_000560,network_retry_storm_hard,4
t4_dev_005436,t4_act_003725,persistent_card_problem_hard,4
t4_dev_007914,t4_act_005758,new_customer_onboarding,2
t4_dev_007750,t4_act_005619,normal_returning_customer,3
t4_dev_001057,t4_act_000542,network_retry_storm_hard,0
t4_dev_002818,t4_act_001779,cross_device_weak_guest,1
t4_dev_004613,t4_act_003093,multi_device_customer_v4,3
t4_dev_006800,t4_act_004853,genuine_wallet_cycling,4
t4_dev_007356,t4_act_005303,session_recreation_flaky_net,0
t4_dev_000038,t4_act_000006,cross_device_weak_guest,0
t4_dev_003877,t4_act_002522,persistent_card_problem_hard,4
t4_dev_002155,t4_act_001269,normal_returning_customer,0
t4_dev_000811,t4_act_000296,persistent_card_problem_hard,4
t4_dev_009070,t4_act_006745,session_recreation_flaky_net,2
t4_dev_005461,t4_act_003750,session_recreation_flaky_net,0
t4_dev_000879,t4_act_000364,persistent_card_problem_hard,4
t4_dev_005767,t4_act_004006,persistent_card_problem_hard,0
t4_dev_006579,t4_act_004670,network_retry_storm_hard,1
t4_dev_007012,t4_act_005033,session_recreation_flaky_net,0
t4_dev_004111,t4_act_002718,fast_burst_v4,0
t4_dev_008186,t4_act_005987,network_retry_storm_hard,3
t4_dev_008452,t4_act_006200,session_recreation_flaky_net,0
t4_dev_004486,t4_act_002996,fast_burst_v4,2
t4_dev_008171,t4_act_005972,network_retry_storm_hard,2
t4_dev_000039,t4_act_000006,cross_device_weak_guest,0
t4_dev_006824,t4_act_004873,cvv_and_expiry_mistakes,2
t4_dev_002045,t4_act_001202,persistent_card_problem_hard,1
t4_dev_000988,t4_act_000473,persistent_card_problem_hard,2
t4_dev_000861,t4_act_000346,persistent_card_problem_hard,2
t4_dev_007367,t4_act_005311,normal_guest_checkout,0
t4_dev_002759,t4_act_001733,sparse_multiday_v4,1
t4_dev_002506,t4_act_001545,new_customer_onboarding,4
t4_dev_002819,t4_act_001779,cross_device_weak_guest,1
t4_dev_005626,t4_act_003882,persistent_card_problem_hard,2
t4_dev_000960,t4_act_000445,persistent_card_problem_hard,3
t4_dev_007746,t4_act_005615,persistent_card_problem_hard,1
t4_dev_004717,t4_act_003170,normal_returning_customer,4
t4_dev_002463,t4_act_001508,multi_device_customer_v4,4
t4_dev_002636,t4_act_001630,merchant_normal_amount_attack_v4,3
t4_dev_008766,t4_act_006480,persistent_card_problem_hard,3
t4_dev_004611,t4_act_003091,multi_device_customer_v4,0
t4_dev_007171,t4_act_005168,normal_guest_checkout,2
t4_dev_002820,t4_act_001779,cross_device_weak_guest,1
t4_dev_006282,t4_act_004410,session_recreation_flaky_net,4
t4_dev_002177,t4_act_001283,new_customer_onboarding,1
t4_dev_000040,t4_act_000006,cross_device_weak_guest,0
t4_dev_004920,t4_act_003303,persistent_card_problem_hard,1
t4_dev_005332,t4_act_003631,normal_guest_checkout,0
t4_dev_003129,t4_act_001933,new_customer_onboarding,1
t4_dev_001660,t4_act_000937,merchant_normal_amount_attack_v4,3
t4_dev_000311,t4_act_000061,cross_device_partial,2
t4_dev_007886,t4_act_005735,persistent_card_problem_hard,1
t4_dev_005537,t4_act_003804,multi_device_customer_v4,4
t4_dev_002821,t4_act_001779,cross_device_weak_guest,1
t4_dev_008826,t4_act_006536,session_recreation_flaky_net,4
t4_dev_008590,t4_act_006320,network_retry_storm_hard,1
t4_dev_006388,t4_act_004494,persistent_card_problem_hard,0
t4_dev_006148,t4_act_004311,multi_device_customer_v4,0
t4_dev_004601,t4_act_003083,normal_returning_customer,1
t4_dev_006067,t4_act_004255,normal_guest_checkout,0
t4_dev_008632,t4_act_006361,session_recreation_flaky_net,1
t4_dev_004460,t4_act_002973,new_customer_onboarding,1
t4_dev_008497,t4_act_006242,network_retry_storm_hard,1
t4_dev_004949,t4_act_003326,persistent_card_problem_hard,0
t4_dev_004754,t4_act_003200,session_churn_v4,3
t4_dev_004239,t4_act_002814,session_recreation_flaky_net,0
t4_dev_008618,t4_act_006347,new_customer_onboarding,0
t4_dev_000951,t4_act_000436,persistent_card_problem_hard,1
t4_dev_007941,t4_act_005782,normal_returning_customer,1
t4_dev_002822,t4_act_001779,cross_device_weak_guest,1
t4_dev_006218,t4_act_004353,normal_guest_checkout,3
t4_dev_005736,t4_act_003980,cvv_and_expiry_mistakes,0
t4_dev_002279,t4_act_001361,multi_device_customer_v4,2
t4_dev_007402,t4_act_005341,persistent_card_problem_hard,4
t4_dev_001862,t4_act_001061,network_retry_storm_hard,1
t4_dev_006537,t4_act_004630,normal_guest_checkout,3
t4_dev_004828,t4_act_003247,normal_guest_checkout,0
t4_dev_003566,t4_act_002272,persistent_card_problem_hard,0
t4_dev_000201,t4_act_000036,cross_device_partial,3
t4_dev_005589,t4_act_003848,normal_returning_customer,0
t4_dev_008418,t4_act_006168,normal_returning_customer,0
t4_dev_002058,t4_act_001212,new_customer_onboarding,1
t4_dev_006596,t4_act_004685,network_retry_storm_hard,3
t4_dev_007815,t4_act_005676,normal_guest_checkout,2
t4_dev_002823,t4_act_001779,cross_device_weak_guest,1
t4_dev_004272,t4_act_002841,network_retry_storm_hard,4
t4_dev_005074,t4_act_003425,ultra_patient_v4,4
t4_dev_008247,t4_act_006041,persistent_card_problem_hard,4
t4_dev_005594,t4_act_003852,cvv_and_expiry_mistakes,4
t4_dev_006808,t4_act_004860,session_recreation_flaky_net,0
t4_dev_003421,t4_act_002174,network_retry_storm_hard,0
t4_dev_006546,t4_act_004639,multi_device_customer_v4,0
t4_dev_001972,t4_act_001145,normal_guest_checkout,0
t4_dev_006527,t4_act_004621,network_retry_storm_hard,1
t4_dev_005560,t4_act_003823,persistent_card_problem_hard,4
t4_dev_008940,t4_act_006643,normal_guest_checkout,3
t4_dev_005122,t4_act_003462,normal_returning_customer,0
t4_dev_000869,t4_act_000354,persistent_card_problem_hard,4
t4_dev_000312,t4_act_000061,cross_device_partial,2
t4_dev_002464,t4_act_001508,multi_device_customer_v4,4
t4_dev_005715,t4_act_003961,network_retry_storm_hard,4
t4_dev_004135,t4_act_002736,fast_burst_v4,3
t4_dev_008116,t4_act_005925,normal_returning_customer,3
t4_dev_004668,t4_act_003138,normal_guest_checkout,2
t4_dev_001123,t4_act_000608,network_retry_storm_hard,2
t4_dev_006428,t4_act_004529,new_customer_onboarding,3
t4_dev_000202,t4_act_000036,cross_device_partial,3
t4_dev_002441,t4_act_001488,persistent_card_problem_hard,3
t4_dev_004877,t4_act_003284,normal_guest_checkout,0
t4_dev_003908,t4_act_002549,session_recreation_flaky_net,2
t4_dev_007537,t4_act_005447,normal_guest_checkout,2
t4_dev_005216,t4_act_003531,new_customer_onboarding,2
t4_dev_008586,t4_act_006316,normal_returning_customer,0
t4_dev_000857,t4_act_000342,persistent_card_problem_hard,1
t4_dev_003313,t4_act_002084,ultra_patient_v4,1
t4_dev_005561,t4_act_003824,persistent_card_problem_hard,3
t4_dev_000981,t4_act_000466,persistent_card_problem_hard,0
t4_dev_005373,t4_act_003665,new_customer_onboarding,3
t4_dev_005343,t4_act_003642,normal_guest_checkout,2
t4_dev_007492,t4_act_005406,session_recreation_flaky_net,3
t4_dev_001950,t4_act_001124,cvv_and_expiry_mistakes,0
t4_dev_000203,t4_act_000036,cross_device_partial,3
t4_dev_002280,t4_act_001361,multi_device_customer_v4,2
t4_dev_005656,t4_act_003908,cvv_and_expiry_mistakes,2
t4_dev_008423,t4_act_006173,cvv_and_expiry_mistakes,1
t4_dev_003134,t4_act_001938,network_retry_storm_hard,1
t4_dev_002721,t4_act_001702,normal_returning_customer,3
t4_dev_007731,t4_act_005601,normal_returning_customer,0
t4_dev_007517,t4_act_005430,genuine_wallet_cycling,1
t4_dev_006251,t4_act_004383,new_customer_onboarding,3
t4_dev_000204,t4_act_000036,cross_device_partial,3
t4_dev_006529,t4_act_004623,persistent_card_problem_hard,4
t4_dev_003893,t4_act_002536,persistent_card_problem_hard,1
t4_dev_003540,t4_act_002256,cvv_and_expiry_mistakes,0
t4_dev_003714,t4_act_002385,fast_burst_v4,0
t4_dev_004402,t4_act_002927,persistent_card_problem_hard,4
t4_dev_007307,t4_act_005273,network_retry_storm_hard,2
t4_dev_007855,t4_act_005710,normal_guest_checkout,3
t4_dev_004119,t4_act_002726,cross_device_weak_guest,3
t4_dev_008604,t4_act_006333,normal_returning_customer,2
t4_dev_000887,t4_act_000372,persistent_card_problem_hard,0
t4_dev_002404,t4_act_001457,new_customer_onboarding,2
t4_dev_008588,t4_act_006318,new_customer_onboarding,3
t4_dev_004865,t4_act_003273,new_customer_onboarding,0
t4_dev_004004,t4_act_002625,merchant_normal_amount_attack_v4,2
t4_dev_002214,t4_act_001309,patient_tester_v4,0
t4_dev_000954,t4_act_000439,persistent_card_problem_hard,4
t4_dev_001917,t4_act_001102,normal_returning_customer,2
t4_dev_006139,t4_act_004305,multi_device_customer_v4,1
t4_dev_005041,t4_act_003402,normal_returning_customer,4
t4_dev_004316,t4_act_002876,persistent_card_problem_hard,3
t4_dev_005489,t4_act_003776,persistent_card_problem_hard,3
t4_dev_004120,t4_act_002726,cross_device_weak_guest,3
t4_dev_008933,t4_act_006636,genuine_wallet_cycling,1
t4_dev_008680,t4_act_006402,multi_device_customer_v4,1
t4_dev_001776,t4_act_001012,normal_guest_checkout,4
t4_dev_006825,t4_act_004874,persistent_card_problem_hard,3
t4_dev_006439,t4_act_004540,normal_returning_customer,3
t4_dev_005257,t4_act_003568,new_customer_onboarding,0
t4_dev_001744,t4_act_000988,normal_guest_checkout,1
t4_dev_000165,t4_act_000029,cross_device_weak_guest,1
t4_dev_005247,t4_act_003558,session_recreation_flaky_net,1
t4_dev_003718,t4_act_002389,normal_returning_customer,2
t4_dev_005690,t4_act_003938,normal_guest_checkout,4
t4_dev_007867,t4_act_005719,new_customer_onboarding,4
t4_dev_005129,t4_act_003468,burst_pause_burst_v4,1
t4_dev_005218,t4_act_003533,normal_guest_checkout,2
t4_dev_004121,t4_act_002726,cross_device_weak_guest,3
t4_dev_005259,t4_act_003570,normal_guest_checkout,2
t4_dev_000166,t4_act_000029,cross_device_weak_guest,1
t4_dev_002657,t4_act_001649,normal_returning_customer,1
t4_dev_002116,t4_act_001245,success_camouflage_v4,4
t4_dev_003875,t4_act_002521,burst_pause_burst_v4,3
t4_dev_007906,t4_act_005751,genuine_wallet_cycling,1
t4_dev_002850,t4_act_001798,persistent_card_problem_hard,3
t4_dev_005819,t4_act_004054,normal_returning_customer,3
t4_dev_000996,t4_act_000481,network_retry_storm_hard,4
t4_dev_004122,t4_act_002726,cross_device_weak_guest,3
t4_dev_000167,t4_act_000029,cross_device_weak_guest,1
t4_dev_005800,t4_act_004035,session_recreation_flaky_net,0
t4_dev_001638,t4_act_000919,persistent_card_problem_hard,0
t4_dev_004953,t4_act_003330,normal_returning_customer,2
t4_dev_002586,t4_act_001596,normal_returning_customer,4
t4_dev_004020,t4_act_002638,multi_device_customer_v4,3
t4_dev_005682,t4_act_003931,persistent_card_problem_hard,0
t4_dev_007238,t4_act_005211,persistent_card_problem_hard,4
t4_dev_001970,t4_act_001143,cvv_and_expiry_mistakes,2
t4_dev_002658,t4_act_001650,session_recreation_flaky_net,3
t4_dev_000168,t4_act_000029,cross_device_weak_guest,1
t4_dev_002145,t4_act_001261,normal_returning_customer,2
t4_dev_001922,t4_act_001105,normal_returning_customer,0
t4_dev_004060,t4_act_002672,normal_guest_checkout,4
t4_dev_005672,t4_act_003923,normal_returning_customer,3
t4_dev_000842,t4_act_000327,persistent_card_problem_hard,1
t4_dev_006960,t4_act_004991,multi_device_customer_v4,4
t4_dev_004345,t4_act_002898,cvv_and_expiry_mistakes,2
t4_dev_007507,t4_act_005421,network_retry_storm_hard,2
t4_dev_003108,t4_act_001931,new_customer_onboarding,3
t4_dev_005734,t4_act_003978,session_recreation_flaky_net,4
t4_dev_000967,t4_act_000452,persistent_card_problem_hard,0
t4_dev_004160,t4_act_002759,normal_guest_checkout,2
t4_dev_006215,t4_act_004350,genuine_wallet_cycling,1
t4_dev_006348,t4_act_004456,normal_guest_checkout,0
t4_dev_008068,t4_act_005879,network_retry_storm_hard,4
t4_dev_008554,t4_act_006287,multi_device_customer_v4,0
t4_dev_000205,t4_act_000036,cross_device_partial,3
t4_dev_000169,t4_act_000029,cross_device_weak_guest,1
t4_dev_008406,t4_act_006159,persistent_card_problem_hard,0
t4_dev_003299,t4_act_002071,persistent_card_problem_hard,0
t4_dev_005538,t4_act_003804,multi_device_customer_v4,4
t4_dev_000995,t4_act_000480,network_retry_storm_hard,0
t4_dev_005200,t4_act_003516,cvv_and_expiry_mistakes,3
t4_dev_001089,t4_act_000574,network_retry_storm_hard,3
t4_dev_007784,t4_act_005649,normal_guest_checkout,2
t4_dev_003357,t4_act_002126,normal_guest_checkout,3
t4_dev_000982,t4_act_000467,persistent_card_problem_hard,0
t4_dev_003211,t4_act_002002,new_customer_onboarding,4
t4_dev_005201,t4_act_003517,fast_burst_v4,2
t4_dev_006560,t4_act_004651,persistent_card_problem_hard,3
t4_dev_003955,t4_act_002592,cross_device_weak_guest,3
t4_dev_002283,t4_act_001364,session_recreation_flaky_net,1
t4_dev_007046,t4_act_005062,network_retry_storm_hard,3
t4_dev_004035,t4_act_002649,normal_returning_customer,0
t4_dev_006016,t4_act_004211,new_customer_onboarding,1
t4_dev_005195,t4_act_003512,mixed_campaign_v4,3
t4_dev_005611,t4_act_003867,network_retry_storm_hard,3
t4_dev_008645,t4_act_006372,normal_guest_checkout,1
t4_dev_008754,t4_act_006470,new_customer_onboarding,2
t4_dev_004430,t4_act_002950,multi_device_customer_v4,2
t4_dev_008948,t4_act_006651,normal_guest_checkout,0
t4_dev_007242,t4_act_005215,new_customer_onboarding,4
t4_dev_008314,t4_act_006084,normal_guest_checkout,2
t4_dev_007489,t4_act_005403,network_retry_storm_hard,3
t4_dev_007275,t4_act_005243,new_customer_onboarding,1
t4_dev_002485,t4_act_001528,normal_returning_customer,0
t4_dev_003921,t4_act_002561,merchant_normal_amount_attack_v4,3
t4_dev_006175,t4_act_004316,multi_device_customer_v4,1
t4_dev_004100,t4_act_002708,warm_up_then_attack_v4,4
t4_dev_004334,t4_act_002889,network_retry_storm_hard,4
t4_dev_001005,t4_act_000490,network_retry_storm_hard,2
t4_dev_003919,t4_act_002559,persistent_card_problem_hard,1
t4_dev_008032,t4_act_005845,session_recreation_flaky_net,0
t4_dev_007033,t4_act_005051,normal_guest_checkout,4
t4_dev_003496,t4_act_002234,normal_guest_checkout,0
t4_dev_006105,t4_act_004272,normal_guest_checkout,2
t4_dev_003956,t4_act_002592,cross_device_weak_guest,3
t4_dev_001609,t4_act_000896,persistent_card_problem_hard,0
t4_dev_008566,t4_act_006297,normal_guest_checkout,2
t4_dev_004998,t4_act_003366,normal_guest_checkout,3
t4_dev_006069,t4_act_004257,normal_guest_checkout,3
t4_dev_008126,t4_act_005934,normal_guest_checkout,1
t4_dev_001041,t4_act_000526,network_retry_storm_hard,3
t4_dev_000206,t4_act_000036,cross_device_partial,3
t4_dev_004790,t4_act_003220,genuine_wallet_cycling,3
t4_dev_005196,t4_act_003512,mixed_campaign_v4,3
t4_dev_005386,t4_act_003676,normal_guest_checkout,1
t4_dev_003957,t4_act_002592,cross_device_weak_guest,3
t4_dev_005327,t4_act_003627,new_customer_onboarding,2
t4_dev_008551,t4_act_006284,normal_guest_checkout,4
t4_dev_009038,t4_act_006732,cvv_and_expiry_mistakes,4
t4_dev_006352,t4_act_004459,normal_returning_customer,1
t4_dev_006149,t4_act_004311,multi_device_customer_v4,0
t4_dev_008353,t4_act_006114,genuine_wallet_cycling,3
t4_dev_002525,t4_act_001558,normal_guest_checkout,2
t4_dev_008901,t4_act_006605,session_recreation_flaky_net,4
t4_dev_007209,t4_act_005184,normal_guest_checkout,3
t4_dev_002225,t4_act_001319,genuine_wallet_cycling,4
t4_dev_005271,t4_act_003581,cvv_and_expiry_mistakes,3
t4_dev_006260,t4_act_004391,network_retry_storm_hard,3
t4_dev_002402,t4_act_001455,new_customer_onboarding,4
t4_dev_005393,t4_act_003683,network_retry_storm_hard,1
t4_dev_003637,t4_act_002330,new_customer_onboarding,1
t4_dev_006250,t4_act_004382,new_customer_onboarding,0
t4_dev_003958,t4_act_002592,cross_device_weak_guest,3
t4_dev_008107,t4_act_005916,genuine_wallet_cycling,4
t4_dev_003416,t4_act_002169,network_retry_storm_hard,0
t4_dev_003708,t4_act_002379,persistent_card_problem_hard,1
t4_dev_006991,t4_act_005016,persistent_card_problem_hard,0
t4_dev_001692,t4_act_000946,genuine_wallet_cycling,4
t4_dev_003273,t4_act_002052,normal_guest_checkout,1
t4_dev_006178,t4_act_004317,normal_guest_checkout,2
t4_dev_004824,t4_act_003244,network_retry_storm_hard,2
t4_dev_001143,t4_act_000628,network_retry_storm_hard,1
t4_dev_008762,t4_act_006478,network_retry_storm_hard,2
t4_dev_007981,t4_act_005817,cvv_and_expiry_mistakes,0
t4_dev_008325,t4_act_006094,network_retry_storm_hard,3
t4_dev_008355,t4_act_006116,network_retry_storm_hard,2
t4_dev_004881,t4_act_003288,genuine_wallet_cycling,3
t4_dev_008500,t4_act_006245,multi_device_customer_v4,0
t4_dev_006832,t4_act_004879,cvv_and_expiry_mistakes,0
t4_dev_008574,t4_act_006304,cvv_and_expiry_mistakes,3
t4_dev_005845,t4_act_004074,normal_guest_checkout,3
t4_dev_005579,t4_act_003840,persistent_card_problem_hard,3
t4_dev_003959,t4_act_002592,cross_device_weak_guest,3
t4_dev_008552,t4_act_006285,normal_returning_customer,1
t4_dev_004879,t4_act_003286,cvv_and_expiry_mistakes,2
t4_dev_007652,t4_act_005532,persistent_card_problem_hard,2
t4_dev_002681,t4_act_001670,cvv_and_expiry_mistakes,2
t4_dev_003576,t4_act_002279,persistent_card_problem_hard,2
t4_dev_008468,t4_act_006215,persistent_card_problem_hard,4
t4_dev_002792,t4_act_001765,session_churn_v4,0
t4_dev_008156,t4_act_005960,normal_returning_customer,4
t4_dev_004266,t4_act_002836,persistent_card_problem_hard,2
t4_dev_003960,t4_act_002592,cross_device_weak_guest,3
t4_dev_006516,t4_act_004611,genuine_wallet_cycling,4
t4_dev_000153,t4_act_000027,cross_device_weak_guest,3
t4_dev_000971,t4_act_000456,persistent_card_problem_hard,3
t4_dev_008753,t4_act_006469,multi_device_customer_v4,3
t4_dev_008427,t4_act_006175,cvv_and_expiry_mistakes,0
t4_dev_004338,t4_act_002892,patient_tester_v4,1
t4_dev_004771,t4_act_003208,new_customer_onboarding,1
t4_dev_000803,t4_act_000288,persistent_card_problem_hard,1
t4_dev_007303,t4_act_005269,session_recreation_flaky_net,0
t4_dev_000834,t4_act_000319,persistent_card_problem_hard,4
t4_dev_005947,t4_act_004148,multi_device_customer_v4,1
t4_dev_003010,t4_act_001892,genuine_wallet_cycling,4
t4_dev_006150,t4_act_004311,multi_device_customer_v4,0
t4_dev_005457,t4_act_003746,network_retry_storm_hard,2
t4_dev_000154,t4_act_000027,cross_device_weak_guest,3
t4_dev_004614,t4_act_003093,multi_device_customer_v4,3
t4_dev_008174,t4_act_005975,normal_guest_checkout,1
t4_dev_006296,t4_act_004424,persistent_card_problem_hard,1
t4_dev_001941,t4_act_001117,persistent_card_problem_hard,3
t4_dev_006886,t4_act_004926,normal_guest_checkout,3
t4_dev_007615,t4_act_005517,genuine_wallet_cycling,1
t4_dev_008681,t4_act_006402,multi_device_customer_v4,1
t4_dev_008136,t4_act_005942,network_retry_storm_hard,2
t4_dev_007440,t4_act_005375,session_recreation_flaky_net,0
t4_dev_001860,t4_act_001060,normal_returning_customer,1
t4_dev_004544,t4_act_003040,cross_device_weak_guest,0
t4_dev_005793,t4_act_004028,normal_returning_customer,1
t4_dev_008993,t4_act_006692,session_recreation_flaky_net,0
t4_dev_007770,t4_act_005635,network_retry_storm_hard,4
t4_dev_007945,t4_act_005785,multi_device_customer_v4,1
t4_dev_005781,t4_act_004016,persistent_card_problem_hard,0
t4_dev_004959,t4_act_003336,session_recreation_flaky_net,3
t4_dev_000997,t4_act_000482,network_retry_storm_hard,3
t4_dev_004745,t4_act_003191,network_retry_storm_hard,4
t4_dev_004830,t4_act_003249,new_customer_onboarding,4
t4_dev_000968,t4_act_000453,persistent_card_problem_hard,1
t4_dev_008478,t4_act_006225,persistent_card_problem_hard,1
t4_dev_007346,t4_act_005293,session_recreation_flaky_net,2
t4_dev_005848,t4_act_004077,normal_guest_checkout,3
t4_dev_002115,t4_act_001244,persistent_card_problem_hard,4
t4_dev_008110,t4_act_005919,normal_returning_customer,4
t4_dev_000913,t4_act_000398,persistent_card_problem_hard,4
t4_dev_007172,t4_act_005169,normal_guest_checkout,3
t4_dev_004156,t4_act_002755,cvv_and_expiry_mistakes,0
t4_dev_000155,t4_act_000027,cross_device_weak_guest,3
t4_dev_008868,t4_act_006573,network_retry_storm_hard,0
t4_dev_002381,t4_act_001438,session_churn_v4,0
t4_dev_008122,t4_act_005931,genuine_wallet_cycling,2
t4_dev_008898,t4_act_006602,persistent_card_problem_hard,0
t4_dev_004545,t4_act_003040,cross_device_weak_guest,0
t4_dev_002243,t4_act_001331,cvv_and_expiry_mistakes,4
t4_dev_007301,t4_act_005267,normal_returning_customer,4
t4_dev_006097,t4_act_004265,network_retry_storm_hard,0
t4_dev_006457,t4_act_004556,genuine_wallet_cycling,2
t4_dev_004568,t4_act_003054,patient_tester_v4,3
t4_dev_006118,t4_act_004284,new_customer_onboarding,1
t4_dev_007163,t4_act_005160,persistent_card_problem_hard,3
t4_dev_007285,t4_act_005252,normal_guest_checkout,2
t4_dev_004546,t4_act_003040,cross_device_weak_guest,0
t4_dev_005226,t4_act_003541,cvv_and_expiry_mistakes,0
t4_dev_007006,t4_act_005028,normal_guest_checkout,0
t4_dev_006545,t4_act_004638,normal_guest_checkout,0
t4_dev_008349,t4_act_006111,normal_returning_customer,0
t4_dev_008755,t4_act_006471,normal_guest_checkout,0
t4_dev_002000,t4_act_001170,burst_pause_burst_v4,3
t4_dev_003391,t4_act_002155,cross_device_weak_guest,1
t4_dev_007857,t4_act_005712,multi_device_customer_v4,2
t4_dev_005565,t4_act_003827,normal_returning_customer,3
t4_dev_004962,t4_act_003339,persistent_card_problem_hard,3
t4_dev_003520,t4_act_002239,genuine_wallet_cycling,0
t4_dev_008093,t4_act_005902,normal_guest_checkout,1
t4_dev_004747,t4_act_003193,normal_returning_customer,4
t4_dev_004547,t4_act_003040,cross_device_weak_guest,0
t4_dev_001890,t4_act_001079,normal_guest_checkout,1
t4_dev_008839,t4_act_006549,normal_guest_checkout,3
t4_dev_006547,t4_act_004639,multi_device_customer_v4,0
t4_dev_000156,t4_act_000027,cross_device_weak_guest,3
t4_dev_004548,t4_act_003040,cross_device_weak_guest,0
t4_dev_006377,t4_act_004483,normal_returning_customer,1
t4_dev_003392,t4_act_002155,cross_device_weak_guest,1
t4_dev_007391,t4_act_005331,cvv_and_expiry_mistakes,2
t4_dev_006307,t4_act_004435,cgnat_mobile_ip_storm,3
t4_dev_006308,t4_act_004435,cgnat_mobile_ip_storm,3
t4_dev_001912,t4_act_001099,multi_device_customer_v4,2
t4_dev_006309,t4_act_004435,cgnat_mobile_ip_storm,3
t4_dev_006310,t4_act_004435,cgnat_mobile_ip_storm,3
t4_dev_006311,t4_act_004435,cgnat_mobile_ip_storm,3
t4_dev_006312,t4_act_004435,cgnat_mobile_ip_storm,3
t4_dev_006313,t4_act_004435,cgnat_mobile_ip_storm,3
t4_dev_006314,t4_act_004435,cgnat_mobile_ip_storm,3
t4_dev_006315,t4_act_004435,cgnat_mobile_ip_storm,3
t4_dev_006316,t4_act_004435,cgnat_mobile_ip_storm,3
t4_dev_003788,t4_act_002449,network_retry_storm_hard,0
t4_dev_006317,t4_act_004435,cgnat_mobile_ip_storm,3
t4_dev_008905,t4_act_006609,cvv_and_expiry_mistakes,0
t4_dev_006318,t4_act_004435,cgnat_mobile_ip_storm,3
t4_dev_006319,t4_act_004435,cgnat_mobile_ip_storm,3
t4_dev_006320,t4_act_004435,cgnat_mobile_ip_storm,3
t4_dev_006321,t4_act_004435,cgnat_mobile_ip_storm,3
t4_dev_004321,t4_act_002881,session_recreation_flaky_net,1
t4_dev_006322,t4_act_004435,cgnat_mobile_ip_storm,3
t4_dev_006323,t4_act_004435,cgnat_mobile_ip_storm,3
t4_dev_001814,t4_act_001041,session_churn_v4,1
t4_dev_006324,t4_act_004435,cgnat_mobile_ip_storm,3
t4_dev_006325,t4_act_004435,cgnat_mobile_ip_storm,3
t4_dev_006326,t4_act_004435,cgnat_mobile_ip_storm,3
t4_dev_003352,t4_act_002121,network_retry_storm_hard,0
t4_dev_006256,t4_act_004388,normal_returning_customer,4
t4_dev_004021,t4_act_002638,multi_device_customer_v4,3
t4_dev_003393,t4_act_002155,cross_device_weak_guest,1
t4_dev_002643,t4_act_001636,normal_guest_checkout,3
t4_dev_006888,t4_act_004928,multi_device_customer_v4,4
t4_dev_002908,t4_act_001824,new_customer_onboarding,0
t4_dev_005803,t4_act_004038,normal_guest_checkout,2
t4_dev_004378,t4_act_002911,cross_device_weak_guest,4
t4_dev_007821,t4_act_005681,genuine_wallet_cycling,0
t4_dev_008625,t4_act_006354,normal_guest_checkout,2
t4_dev_004549,t4_act_003040,cross_device_weak_guest,0
t4_dev_001011,t4_act_000496,network_retry_storm_hard,2
t4_dev_004628,t4_act_003104,normal_guest_checkout,0
t4_dev_007983,t4_act_005819,normal_returning_customer,1
t4_dev_002523,t4_act_001556,network_retry_storm_hard,0
t4_dev_000797,t4_act_000282,persistent_card_problem_hard,3
t4_dev_006183,t4_act_004322,normal_guest_checkout,2
t4_dev_004403,t4_act_002928,session_recreation_flaky_net,1
t4_dev_008205,t4_act_006003,normal_guest_checkout,2
t4_dev_000843,t4_act_000328,persistent_card_problem_hard,4
t4_dev_006566,t4_act_004657,normal_guest_checkout,0
t4_dev_004550,t4_act_003040,cross_device_weak_guest,0
t4_dev_007385,t4_act_005326,normal_returning_customer,3
t4_dev_004530,t4_act_003028,genuine_wallet_cycling,1
t4_dev_004379,t4_act_002911,cross_device_weak_guest,4
t4_dev_003348,t4_act_002117,ultra_patient_v4,1
t4_dev_007705,t4_act_005575,session_recreation_flaky_net,3
t4_dev_003394,t4_act_002155,cross_device_weak_guest,1
t4_dev_006361,t4_act_004468,new_customer_onboarding,3
t4_dev_004864,t4_act_003272,network_retry_storm_hard,2
t4_dev_001064,t4_act_000549,network_retry_storm_hard,0
t4_dev_006884,t4_act_004924,persistent_card_problem_hard,2
t4_dev_006381,t4_act_004487,session_recreation_flaky_net,3
t4_dev_000839,t4_act_000324,persistent_card_problem_hard,4
t4_dev_006176,t4_act_004316,multi_device_customer_v4,1
t4_dev_006236,t4_act_004369,network_retry_storm_hard,0
t4_dev_006540,t4_act_004633,genuine_wallet_cycling,3
t4_dev_007927,t4_act_005769,genuine_wallet_cycling,3
t4_dev_005466,t4_act_003755,normal_returning_customer,0
t4_dev_006700,t4_act_004782,normal_returning_customer,1
t4_dev_002734,t4_act_001709,normal_guest_checkout,1
t4_dev_003183,t4_act_001982,session_recreation_flaky_net,4
t4_dev_004551,t4_act_003040,cross_device_weak_guest,0
t4_dev_005990,t4_act_004185,persistent_card_problem_hard,3
t4_dev_002529,t4_act_001562,persistent_card_problem_hard,1
t4_dev_008501,t4_act_006245,multi_device_customer_v4,0
t4_dev_000886,t4_act_000371,persistent_card_problem_hard,4
t4_dev_007809,t4_act_005670,normal_guest_checkout,0
t4_dev_007162,t4_act_005159,persistent_card_problem_hard,3
t4_dev_004380,t4_act_002911,cross_device_weak_guest,4
t4_dev_008413,t4_act_006164,persistent_card_problem_hard,2
t4_dev_005805,t4_act_004040,network_retry_storm_hard,1
t4_dev_004381,t4_act_002911,cross_device_weak_guest,4
t4_dev_007946,t4_act_005785,multi_device_customer_v4,1
t4_dev_004323,t4_act_002883,normal_guest_checkout,1
t4_dev_002320,t4_act_001391,genuine_wallet_cycling,1
t4_dev_007858,t4_act_005712,multi_device_customer_v4,2
t4_dev_002254,t4_act_001340,network_retry_storm_hard,0
t4_dev_004382,t4_act_002911,cross_device_weak_guest,4
t4_dev_001851,t4_act_001053,normal_returning_customer,4
t4_dev_004383,t4_act_002911,cross_device_weak_guest,4
t4_dev_008315,t4_act_006085,normal_guest_checkout,1
t4_dev_008638,t4_act_006365,new_customer_onboarding,2
t4_dev_002128,t4_act_001254,cross_device_weak_guest,0
t4_dev_005070,t4_act_003422,sparse_multiday_v4,2
t4_dev_008146,t4_act_005950,network_retry_storm_hard,0
t4_dev_007399,t4_act_005338,persistent_card_problem_hard,1
t4_dev_002129,t4_act_001254,cross_device_weak_guest,0
t4_dev_003452,t4_act_002201,genuine_wallet_cycling,1
t4_dev_006726,t4_act_004806,network_retry_storm_hard,2
t4_dev_007686,t4_act_005558,session_recreation_flaky_net,4
t4_dev_007306,t4_act_005272,network_retry_storm_hard,1
t4_dev_005709,t4_act_003955,new_customer_onboarding,3
t4_dev_003431,t4_act_002182,normal_guest_checkout,2
t4_dev_005792,t4_act_004027,normal_guest_checkout,0
t4_dev_004831,t4_act_003250,cross_device_weak_guest,0
t4_dev_002130,t4_act_001254,cross_device_weak_guest,0
t4_dev_004406,t4_act_002931,normal_returning_customer,1
t4_dev_008555,t4_act_006287,multi_device_customer_v4,0
t4_dev_005076,t4_act_003426,genuine_wallet_cycling,3
t4_dev_003076,t4_act_001906,cvv_and_expiry_mistakes,3
t4_dev_004832,t4_act_003250,cross_device_weak_guest,0
t4_dev_005465,t4_act_003754,network_retry_storm_hard,0
t4_dev_003712,t4_act_002383,cvv_and_expiry_mistakes,0
t4_dev_005199,t4_act_003515,cvv_and_expiry_mistakes,0
t4_dev_002475,t4_act_001518,normal_guest_checkout,1
t4_dev_006274,t4_act_004403,new_customer_onboarding,3
t4_dev_007343,t4_act_005290,cvv_and_expiry_mistakes,1
t4_dev_006239,t4_act_004372,persistent_card_problem_hard,1
t4_dev_004109,t4_act_002716,new_customer_onboarding,2
t4_dev_004833,t4_act_003250,cross_device_weak_guest,0
t4_dev_001189,t4_act_000674,network_retry_storm_hard,2
t4_dev_003542,t4_act_002258,cvv_and_expiry_mistakes,2
t4_dev_003390,t4_act_002154,normal_returning_customer,1
t4_dev_002131,t4_act_001254,cross_device_weak_guest,0
t4_dev_000813,t4_act_000298,persistent_card_problem_hard,3
t4_dev_008627,t4_act_006356,cvv_and_expiry_mistakes,0
t4_dev_004475,t4_act_002986,network_retry_storm_hard,1
t4_dev_005432,t4_act_003721,network_retry_storm_hard,3
t4_dev_004276,t4_act_002844,network_retry_storm_hard,3
t4_dev_003647,t4_act_002338,normal_returning_customer,3
t4_dev_002407,t4_act_001460,network_retry_storm_hard,2
t4_dev_002132,t4_act_001254,cross_device_weak_guest,0
t4_dev_007339,t4_act_005286,persistent_card_problem_hard,0
t4_dev_008733,t4_act_006451,normal_returning_customer,2
t4_dev_001705,t4_act_000955,normal_returning_customer,0
t4_dev_006427,t4_act_004528,genuine_wallet_cycling,0
t4_dev_004823,t4_act_003243,session_recreation_flaky_net,3
t4_dev_005665,t4_act_003916,new_customer_onboarding,1
t4_dev_008502,t4_act_006245,multi_device_customer_v4,0
t4_dev_004084,t4_act_002693,persistent_card_problem_hard,4
t4_dev_006961,t4_act_004991,multi_device_customer_v4,4
t4_dev_005887,t4_act_004096,multi_device_customer_v4,1
t4_dev_004834,t4_act_003250,cross_device_weak_guest,0
t4_dev_006374,t4_act_004480,persistent_card_problem_hard,0
t4_dev_006407,t4_act_004512,multi_device_customer_v4,3
t4_dev_006531,t4_act_004625,new_customer_onboarding,1
t4_dev_002133,t4_act_001254,cross_device_weak_guest,0
t4_dev_004509,t4_act_003012,network_retry_storm_hard,3
t4_dev_007057,t4_act_005070,normal_returning_customer,0
t4_dev_001956,t4_act_001129,genuine_wallet_cycling,1
t4_dev_008437,t4_act_006185,genuine_wallet_cycling,2
t4_dev_005731,t4_act_003975,new_customer_onboarding,0
t4_dev_001104,t4_act_000589,network_retry_storm_hard,4
t4_dev_006177,t4_act_004316,multi_device_customer_v4,1
t4_dev_003909,t4_act_002550,cvv_and_expiry_mistakes,4
t4_dev_004520,t4_act_003021,network_retry_storm_hard,1
t4_dev_001913,t4_act_001099,multi_device_customer_v4,2
t4_dev_005326,t4_act_003626,success_camouflage_v4,4
t4_dev_004017,t4_act_002635,cvv_and_expiry_mistakes,3
t4_dev_006912,t4_act_004948,normal_guest_checkout,4
t4_dev_008389,t4_act_006144,normal_guest_checkout,2
t4_dev_006281,t4_act_004409,new_customer_onboarding,4
t4_dev_003484,t4_act_002224,session_recreation_flaky_net,2
t4_dev_008336,t4_act_006103,multi_device_customer_v4,3
t4_dev_004835,t4_act_003250,cross_device_weak_guest,0
t4_dev_006603,t4_act_004692,normal_guest_checkout,1
t4_dev_007650,t4_act_005530,normal_returning_customer,0
t4_dev_003805,t4_act_002463,session_churn_v4,2
t4_dev_006140,t4_act_004305,multi_device_customer_v4,1
t4_dev_004157,t4_act_002756,new_customer_onboarding,2
t4_dev_004708,t4_act_003163,patient_tester_v4,2
t4_dev_001128,t4_act_000613,network_retry_storm_hard,0
t4_dev_003885,t4_act_002530,merchant_normal_amount_attack_v4,1
t4_dev_008485,t4_act_006232,cvv_and_expiry_mistakes,0
t4_dev_006773,t4_act_004845,session_recreation_flaky_net,3
t4_dev_000999,t4_act_000484,network_retry_storm_hard,3
t4_dev_005964,t4_act_004162,normal_guest_checkout,2
t4_dev_004620,t4_act_003098,normal_returning_customer,4
t4_dev_006103,t4_act_004270,persistent_card_problem_hard,1
t4_dev_008815,t4_act_006527,new_customer_onboarding,1
t4_dev_006059,t4_act_004248,persistent_card_problem_hard,0
t4_dev_002890,t4_act_001812,normal_returning_customer,0
t4_dev_000900,t4_act_000385,persistent_card_problem_hard,4
t4_dev_007971,t4_act_005807,normal_returning_customer,1
t4_dev_007141,t4_act_005139,genuine_wallet_cycling,1
t4_dev_001020,t4_act_000505,network_retry_storm_hard,4
t4_dev_003079,t4_act_001908,cvv_and_expiry_mistakes,3
t4_dev_008550,t4_act_006283,network_retry_storm_hard,3
t4_dev_001992,t4_act_001163,patient_tester_v4,0
t4_dev_005550,t4_act_003814,normal_guest_checkout,2
t4_dev_006113,t4_act_004279,session_recreation_flaky_net,1
t4_dev_002490,t4_act_001531,session_churn_v4,0
t4_dev_005888,t4_act_004096,multi_device_customer_v4,1
t4_dev_004431,t4_act_002950,multi_device_customer_v4,2
t4_dev_008337,t4_act_006103,multi_device_customer_v4,3
t4_dev_008338,t4_act_006103,multi_device_customer_v4,3
t4_dev_005948,t4_act_004148,multi_device_customer_v4,1
t4_dev_006889,t4_act_004928,multi_device_customer_v4,4
t4_dev_006408,t4_act_004512,multi_device_customer_v4,3
t4_dev_006141,t4_act_004305,multi_device_customer_v4,1
t4_dev_001914,t4_act_001099,multi_device_customer_v4,2
t4_dev_005889,t4_act_004096,multi_device_customer_v4,1
t4_dev_007859,t4_act_005712,multi_device_customer_v4,2
t4_dev_004432,t4_act_002950,multi_device_customer_v4,2
t4_dev_006409,t4_act_004512,multi_device_customer_v4,3
t4_dev_006890,t4_act_004928,multi_device_customer_v4,4
