device_id,group,split
attack_burst_0000,burst,train
attack_burst_0001,burst,train
attack_burst_0002,burst,train
attack_burst_0003,burst,train
attack_burst_0004,burst,test
attack_burst_0005,burst,train
attack_burst_0006,burst,validation
attack_burst_0007,burst,train
attack_burst_0008,burst,validation
attack_burst_0009,burst,train
attack_burst_0010,burst,train
attack_burst_0011,burst,test
attack_burst_0012,burst,test
attack_burst_0013,burst,validation
attack_burst_0014,burst,test
attack_burst_0015,burst,train
attack_burst_0016,burst,validation
attack_burst_0017,burst,train
attack_burst_0018,burst,train
attack_burst_0019,burst,test
attack_burst_0020,burst,train
attack_burst_0021,burst,train
attack_burst_0022,burst,train
attack_burst_0023,burst,train
attack_burst_0024,burst,train
attack_burst_0025,burst,train
attack_burst_0026,burst,validation
attack_burst_0027,burst,train
attack_burst_0028,burst,train
attack_burst_0029,burst,validation
attack_burst_0030,burst,train
attack_burst_0031,burst,test
attack_burst_0032,burst,test
attack_burst_0033,burst,train
attack_burst_0034,burst,test
attack_burst_0035,burst,train
attack_burst_0036,burst,train
attack_burst_0037,burst,validation
attack_burst_0038,burst,train
attack_burst_0039,burst,train
attack_burst_0040,burst,train
attack_burst_0041,burst,train
attack_burst_0042,burst,train
attack_burst_0043,burst,test
attack_burst_0044,burst,train
attack_burst_0045,burst,train
attack_burst_0046,burst,train
attack_burst_0047,burst,test
attack_burst_0048,burst,validation
attack_burst_0049,burst,validation
attack_burst_0050,burst,train
attack_burst_0051,burst,train
attack_burst_0052,burst,test
attack_burst_0053,burst,test
attack_burst_0054,burst,test
attack_burst_0055,burst,train
attack_burst_0056,burst,test
attack_burst_0057,burst,train
attack_burst_0058,burst,validation
attack_burst_0059,burst,validation
attack_burst_0060,burst,train
attack_burst_0061,burst,train
attack_burst_0062,burst,test
attack_burst_0063,burst,train
attack_burst_0064,burst,validation
attack_burst_0065,burst,test
attack_burst_0066,burst,train
attack_burst_0067,burst,train
attack_burst_0068,burst,train
attack_burst_0069,burst,test
attack_burst_0070,burst,train
attack_burst_0071,burst,train
attack_burst_0072,burst,train
attack_burst_0073,burst,train
attack_burst_0074,burst,train
attack_burst_0075,burst,train
attack_burst_0076,burst,train
attack_burst_0077,burst,train
attack_burst_0078,burst,validation
attack_burst_0079,burst,validation
attack_burst_0080,burst,validation
attack_burst_0081,burst,train
attack_burst_0082,burst,train
attack_burst_0083,burst,train
attack_burst_0084,burst,train
attack_burst_0085,burst,train
attack_burst_0086,burst,train
attack_burst_0087,burst,train
attack_burst_0088,burst,validation
attack_burst_0089,burst,train
attack_burst_0090,burst,train
attack_burst_0091,burst,train
attack_burst_0092,burst,train
attack_burst_0093,burst,train
attack_burst_0094,burst,train
attack_burst_0095,burst,train
attack_burst_0096,burst,train
attack_burst_0097,burst,validation
attack_burst_0098,burst,train
attack_burst_0099,burst,validation
attack_burst_0100,burst,train
attack_burst_0101,burst,train
attack_burst_0102,burst,train
attack_burst_0103,burst,train
attack_burst_0104,burst,train
attack_burst_0105,burst,train
attack_burst_0106,burst,train
attack_burst_0107,burst,train
attack_burst_0108,burst,train
attack_burst_0109,burst,validation
attack_burst_0110,burst,test
attack_burst_0111,burst,validation
attack_burst_0112,burst,train
attack_burst_0113,burst,train
attack_burst_0114,burst,train
attack_burst_0115,burst,train
attack_burst_0116,burst,train
attack_burst_0117,burst,validation
attack_burst_0118,burst,train
attack_burst_0119,burst,validation
attack_burst_0120,burst,test
attack_burst_0121,burst,test
attack_burst_0122,burst,train
attack_burst_0123,burst,train
attack_burst_0124,burst,train
attack_burst_0125,burst,validation
attack_burst_0126,burst,validation
attack_burst_0127,burst,train
attack_burst_0128,burst,train
attack_burst_0129,burst,train
attack_burst_0130,burst,train
attack_burst_0131,burst,test
attack_burst_0132,burst,test
attack_burst_0133,burst,validation
attack_burst_0134,burst,train
attack_burst_0135,burst,train
attack_burst_0136,burst,train
attack_burst_0137,burst,train
attack_burst_0138,burst,train
attack_burst_0139,burst,train
attack_burst_0140,burst,train
attack_burst_0141,burst,train
attack_burst_0142,burst,train
attack_burst_0143,burst,train
attack_burst_0144,burst,train
attack_burst_0145,burst,test
attack_burst_0146,burst,train
attack_burst_0147,burst,validation
attack_burst_0148,burst,test
attack_burst_0149,burst,train
attack_burst_0150,burst,validation
attack_burst_0151,burst,train
attack_burst_0152,burst,train
attack_burst_0153,burst,train
attack_burst_0154,burst,validation
attack_burst_0155,burst,train
attack_burst_0156,burst,train
attack_burst_0157,burst,train
attack_burst_0158,burst,train
attack_burst_0159,burst,train
attack_burst_0160,burst,train
attack_burst_0161,burst,validation
attack_burst_0162,burst,train
attack_burst_0163,burst,train
attack_burst_0164,burst,validation
attack_burst_0165,burst,train
attack_burst_0166,burst,train
attack_burst_0167,burst,train
attack_burst_0168,burst,train
attack_burst_0169,burst,train
attack_burst_0170,burst,validation
attack_burst_0171,burst,train
attack_burst_0172,burst,train
attack_burst_0173,burst,train
attack_burst_0174,burst,validation
attack_burst_0175,burst,train
attack_burst_0176,burst,train
attack_burst_0177,burst,train
attack_burst_0178,burst,test
attack_burst_0179,burst,train
attack_burst_0180,burst,train
attack_burst_0181,burst,train
attack_burst_0182,burst,train
attack_burst_0183,burst,train
attack_burst_0184,burst,train
attack_burst_0185,burst,validation
attack_burst_0186,burst,train
attack_burst_0187,burst,test
attack_burst_0188,burst,test
attack_burst_0189,burst,train
attack_burst_0190,burst,train
attack_burst_0191,burst,train
attack_burst_0192,burst,test
attack_burst_0193,burst,train
attack_burst_0194,burst,train
attack_burst_0195,burst,train
attack_burst_0196,burst,test
attack_burst_0197,burst,train
attack_burst_0198,burst,validation
attack_burst_0199,burst,train
attack_burst_0200,burst,test
attack_burst_0201,burst,test
attack_burst_0202,burst,train
attack_burst_0203,burst,train
attack_burst_0204,burst,train
attack_burst_0205,burst,train
attack_burst_0206,burst,train
attack_burst_0207,burst,validation
attack_burst_0208,burst,train
attack_burst_0209,burst,train
attack_burst_0210,burst,train
attack_burst_0211,burst,train
attack_burst_0212,burst,train
attack_burst_0213,burst,test
attack_burst_0214,burst,train
attack_burst_0215,burst,train
attack_burst_0216,burst,train
attack_burst_0217,burst,train
attack_burst_0218,burst,train
attack_burst_0219,burst,train
attack_burst_0220,burst,train
attack_burst_0221,burst,train
attack_burst_0222,burst,validation
attack_burst_0223,burst,train
attack_burst_0224,burst,train
attack_burst_0225,burst,train
attack_burst_0226,burst,validation
attack_burst_0227,burst,train
attack_burst_0228,burst,train
attack_burst_0229,burst,train
attack_burst_0230,burst,test
attack_burst_0231,burst,train
attack_burst_0232,burst,train
attack_burst_0233,burst,test
attack_burst_0234,burst,test
attack_burst_0235,burst,train
attack_burst_0236,burst,train
attack_burst_0237,burst,test
attack_burst_0238,burst,train
attack_burst_0239,burst,train
attack_burst_0240,burst,test
attack_burst_0241,burst,train
attack_burst_0242,burst,train
attack_burst_0243,burst,train
attack_burst_0244,burst,train
attack_burst_0245,burst,train
attack_burst_0246,burst,train
attack_evasive_0000,evasive,train
attack_evasive_0001,evasive,train
attack_evasive_0002,evasive,train
attack_evasive_0003,evasive,train
attack_evasive_0004,evasive,train
attack_evasive_0005,evasive,train
attack_evasive_0006,evasive,validation
attack_evasive_0007,evasive,train
attack_evasive_0008,evasive,train
attack_evasive_0009,evasive,train
attack_evasive_0010,evasive,validation
attack_evasive_0011,evasive,test
attack_evasive_0012,evasive,train
attack_evasive_0013,evasive,train
attack_evasive_0014,evasive,test
attack_evasive_0015,evasive,train
attack_evasive_0016,evasive,test
attack_evasive_0017,evasive,train
attack_evasive_0018,evasive,test
attack_evasive_0019,evasive,train
attack_evasive_0020,evasive,test
attack_evasive_0021,evasive,train
attack_evasive_0022,evasive,validation
attack_evasive_0023,evasive,train
attack_evasive_0024,evasive,validation
attack_evasive_0025,evasive,train
attack_evasive_0026,evasive,train
attack_evasive_0027,evasive,train
attack_evasive_0028,evasive,train
attack_evasive_0029,evasive,train
attack_evasive_0030,evasive,train
attack_evasive_0031,evasive,test
attack_evasive_0032,evasive,train
attack_evasive_0033,evasive,train
attack_evasive_0034,evasive,train
attack_evasive_0035,evasive,test
attack_evasive_0036,evasive,train
attack_evasive_0037,evasive,test
attack_evasive_0038,evasive,train
attack_evasive_0039,evasive,train
attack_evasive_0040,evasive,train
attack_evasive_0041,evasive,train
attack_evasive_0042,evasive,train
attack_evasive_0043,evasive,train
attack_evasive_0044,evasive,validation
attack_evasive_0045,evasive,train
attack_evasive_0046,evasive,train
attack_evasive_0047,evasive,train
attack_evasive_0048,evasive,train
attack_evasive_0049,evasive,validation
attack_evasive_0050,evasive,train
attack_evasive_0051,evasive,train
attack_evasive_0052,evasive,test
attack_evasive_0053,evasive,train
attack_evasive_0054,evasive,train
attack_evasive_0055,evasive,train
attack_evasive_0056,evasive,validation
attack_evasive_0057,evasive,train
attack_evasive_0058,evasive,train
attack_evasive_0059,evasive,train
attack_evasive_0060,evasive,validation
attack_evasive_0061,evasive,train
attack_evasive_0062,evasive,train
attack_evasive_0063,evasive,test
attack_evasive_0064,evasive,train
attack_evasive_0065,evasive,train
attack_evasive_0066,evasive,test
attack_evasive_0067,evasive,train
attack_evasive_0068,evasive,test
attack_evasive_0069,evasive,train
attack_evasive_0070,evasive,train
attack_evasive_0071,evasive,train
attack_evasive_0072,evasive,train
attack_evasive_0073,evasive,train
attack_evasive_0074,evasive,train
attack_evasive_0075,evasive,train
attack_evasive_0076,evasive,train
attack_evasive_0077,evasive,train
attack_evasive_0078,evasive,train
attack_evasive_0079,evasive,train
attack_evasive_0080,evasive,train
attack_evasive_0081,evasive,train
attack_evasive_0082,evasive,train
attack_evasive_0083,evasive,train
attack_evasive_0084,evasive,train
attack_evasive_0085,evasive,test
attack_evasive_0086,evasive,train
attack_evasive_0087,evasive,train
attack_evasive_0088,evasive,train
attack_evasive_0089,evasive,train
attack_evasive_0090,evasive,train
attack_evasive_0091,evasive,test
attack_evasive_0092,evasive,validation
attack_evasive_0093,evasive,test
attack_evasive_0094,evasive,train
attack_evasive_0095,evasive,validation
attack_evasive_0096,evasive,train
attack_evasive_0097,evasive,validation
attack_evasive_0098,evasive,train
attack_evasive_0099,evasive,train
attack_evasive_0100,evasive,train
attack_evasive_0101,evasive,train
attack_evasive_0102,evasive,validation
attack_evasive_0103,evasive,test
attack_evasive_0104,evasive,train
attack_evasive_0105,evasive,validation
attack_evasive_0106,evasive,train
attack_evasive_0107,evasive,train
attack_evasive_0108,evasive,train
attack_evasive_0109,evasive,test
attack_evasive_0110,evasive,test
attack_evasive_0111,evasive,train
attack_evasive_0112,evasive,validation
attack_evasive_0113,evasive,train
attack_evasive_0114,evasive,test
attack_evasive_0115,evasive,validation
attack_evasive_0116,evasive,train
attack_evasive_0117,evasive,validation
attack_evasive_0118,evasive,validation
attack_evasive_0119,evasive,train
attack_evasive_0120,evasive,test
attack_evasive_0121,evasive,validation
attack_evasive_0122,evasive,train
attack_evasive_0123,evasive,train
attack_evasive_0124,evasive,train
attack_evasive_0125,evasive,validation
attack_evasive_0126,evasive,train
attack_evasive_0127,evasive,test
attack_evasive_0128,evasive,train
attack_evasive_0129,evasive,train
attack_evasive_0130,evasive,validation
attack_evasive_0131,evasive,train
attack_evasive_0132,evasive,train
attack_evasive_0133,evasive,train
attack_evasive_0134,evasive,train
attack_patient_0000,patient,train
attack_patient_0001,patient,train
attack_patient_0002,patient,validation
attack_patient_0003,patient,train
attack_patient_0004,patient,train
attack_patient_0005,patient,train
attack_patient_0006,patient,validation
attack_patient_0007,patient,test
attack_patient_0008,patient,train
attack_patient_0009,patient,train
attack_patient_0010,patient,train
attack_patient_0011,patient,train
attack_patient_0012,patient,validation
attack_patient_0013,patient,train
attack_patient_0014,patient,validation
attack_patient_0015,patient,train
attack_patient_0016,patient,train
attack_patient_0017,patient,train
attack_patient_0018,patient,test
attack_patient_0019,patient,train
attack_patient_0020,patient,train
attack_patient_0021,patient,test
attack_patient_0022,patient,train
attack_patient_0023,patient,train
attack_patient_0024,patient,train
attack_patient_0025,patient,train
attack_patient_0026,patient,test
attack_patient_0027,patient,test
attack_patient_0028,patient,train
attack_patient_0029,patient,train
attack_patient_0030,patient,test
attack_patient_0031,patient,validation
attack_patient_0032,patient,validation
attack_patient_0033,patient,train
attack_patient_0034,patient,test
attack_patient_0035,patient,train
attack_patient_0036,patient,train
attack_patient_0037,patient,train
attack_patient_0038,patient,train
attack_patient_0039,patient,test
attack_patient_0040,patient,train
attack_patient_0041,patient,train
attack_patient_0042,patient,train
attack_patient_0043,patient,train
attack_patient_0044,patient,test
attack_patient_0045,patient,train
attack_patient_0046,patient,train
attack_patient_0047,patient,train
attack_patient_0048,patient,validation
attack_patient_0049,patient,validation
attack_patient_0050,patient,train
attack_patient_0051,patient,validation
attack_patient_0052,patient,train
attack_patient_0053,patient,train
attack_patient_0054,patient,train
attack_patient_0055,patient,train
attack_patient_0056,patient,train
attack_patient_0057,patient,test
attack_patient_0058,patient,train
attack_patient_0059,patient,train
attack_patient_0060,patient,train
attack_patient_0061,patient,train
attack_patient_0062,patient,train
attack_patient_0063,patient,train
attack_patient_0064,patient,train
attack_patient_0065,patient,validation
attack_patient_0066,patient,train
attack_patient_0067,patient,train
flash_00000,flash_sale,train
flash_00001,flash_sale,train
flash_00002,flash_sale,train
flash_00003,flash_sale,test
flash_00004,flash_sale,train
flash_00005,flash_sale,train
flash_00006,flash_sale,train
flash_00007,flash_sale,train
flash_00008,flash_sale,train
flash_00009,flash_sale,train
flash_00010,flash_sale,validation
flash_00011,flash_sale,train
flash_00012,flash_sale,validation
flash_00013,flash_sale,validation
flash_00014,flash_sale,train
flash_00015,flash_sale,test
flash_00016,flash_sale,train
flash_00017,flash_sale,train
flash_00018,flash_sale,train
flash_00019,flash_sale,train
flash_00020,flash_sale,train
flash_00021,flash_sale,train
flash_00022,flash_sale,validation
flash_00023,flash_sale,validation
flash_00024,flash_sale,train
flash_00025,flash_sale,train
flash_00026,flash_sale,train
flash_00027,flash_sale,train
flash_00028,flash_sale,train
flash_00029,flash_sale,train
flash_00030,flash_sale,train
flash_00031,flash_sale,validation
flash_00032,flash_sale,train
flash_00033,flash_sale,train
flash_00034,flash_sale,test
flash_00035,flash_sale,train
flash_00036,flash_sale,validation
flash_00037,flash_sale,train
flash_00038,flash_sale,train
flash_00039,flash_sale,train
flash_00040,flash_sale,train
flash_00041,flash_sale,train
flash_00042,flash_sale,train
flash_00043,flash_sale,train
flash_00044,flash_sale,validation
flash_00045,flash_sale,test
flash_00046,flash_sale,train
flash_00047,flash_sale,train
flash_00048,flash_sale,train
flash_00049,flash_sale,train
flash_00050,flash_sale,train
flash_00051,flash_sale,train
flash_00052,flash_sale,test
flash_00053,flash_sale,train
flash_00054,flash_sale,test
flash_00055,flash_sale,test
flash_00056,flash_sale,train
flash_00057,flash_sale,train
flash_00058,flash_sale,train
flash_00059,flash_sale,train
flash_00060,flash_sale,train
flash_00061,flash_sale,train
flash_00062,flash_sale,train
flash_00063,flash_sale,test
flash_00064,flash_sale,train
flash_00065,flash_sale,train
flash_00066,flash_sale,train
flash_00067,flash_sale,validation
flash_00068,flash_sale,train
flash_00069,flash_sale,train
flash_00070,flash_sale,train
flash_00071,flash_sale,train
flash_00072,flash_sale,test
flash_00073,flash_sale,train
flash_00074,flash_sale,train
flash_00075,flash_sale,test
flash_00076,flash_sale,train
flash_00077,flash_sale,train
flash_00078,flash_sale,train
flash_00079,flash_sale,validation
flash_00080,flash_sale,train
flash_00081,flash_sale,train
flash_00082,flash_sale,validation
flash_00083,flash_sale,train
flash_00084,flash_sale,train
flash_00085,flash_sale,train
flash_00086,flash_sale,train
flash_00087,flash_sale,train
flash_00088,flash_sale,train
flash_00089,flash_sale,train
flash_00090,flash_sale,validation
flash_00091,flash_sale,train
flash_00092,flash_sale,train
flash_00093,flash_sale,train
flash_00094,flash_sale,train
flash_00095,flash_sale,train
flash_00096,flash_sale,train
flash_00097,flash_sale,train
flash_00098,flash_sale,train
flash_00099,flash_sale,test
flash_00100,flash_sale,train
flash_00101,flash_sale,train
flash_00102,flash_sale,train
flash_00103,flash_sale,train
flash_00104,flash_sale,test
flash_00105,flash_sale,validation
flash_00106,flash_sale,train
flash_00107,flash_sale,train
flash_00108,flash_sale,test
flash_00109,flash_sale,train
flash_00110,flash_sale,train
flash_00111,flash_sale,train
flash_00112,flash_sale,train
flash_00113,flash_sale,train
flash_00114,flash_sale,train
flash_00115,flash_sale,test
flash_00116,flash_sale,train
flash_00117,flash_sale,test
flash_00118,flash_sale,train
flash_00119,flash_sale,train
flash_00120,flash_sale,train
flash_00121,flash_sale,train
flash_00122,flash_sale,train
flash_00123,flash_sale,validation
flash_00124,flash_sale,train
flash_00125,flash_sale,validation
flash_00126,flash_sale,train
flash_00127,flash_sale,train
flash_00128,flash_sale,train
flash_00129,flash_sale,train
flash_00130,flash_sale,train
flash_00131,flash_sale,test
flash_00132,flash_sale,validation
flash_00133,flash_sale,validation
flash_00134,flash_sale,train
flash_00135,flash_sale,validation
flash_00136,flash_sale,train
flash_00137,flash_sale,validation
flash_00138,flash_sale,validation
flash_00139,flash_sale,validation
flash_00140,flash_sale,train
flash_00141,flash_sale,train
flash_00142,flash_sale,train
flash_00143,flash_sale,train
flash_00144,flash_sale,train
flash_00145,flash_sale,train
flash_00146,flash_sale,train
flash_00147,flash_sale,validation
flash_00148,flash_sale,validation
flash_00149,flash_sale,train
flash_00150,flash_sale,train
flash_00151,flash_sale,train
flash_00152,flash_sale,validation
flash_00153,flash_sale,train
flash_00154,flash_sale,train
flash_00155,flash_sale,train
flash_00156,flash_sale,train
flash_00157,flash_sale,train
flash_00158,flash_sale,train
flash_00159,flash_sale,validation
flash_00160,flash_sale,train
flash_00161,flash_sale,train
flash_00162,flash_sale,train
flash_00163,flash_sale,train
flash_00164,flash_sale,train
flash_00165,flash_sale,train
flash_00166,flash_sale,test
flash_00167,flash_sale,train
flash_00168,flash_sale,train
flash_00169,flash_sale,train
flash_00170,flash_sale,validation
flash_00171,flash_sale,train
flash_00172,flash_sale,train
flash_00173,flash_sale,test
flash_00174,flash_sale,train
flash_00175,flash_sale,train
flash_00176,flash_sale,train
flash_00177,flash_sale,train
flash_00178,flash_sale,train
flash_00179,flash_sale,validation
flash_00180,flash_sale,validation
flash_00181,flash_sale,train
flash_00182,flash_sale,train
flash_00183,flash_sale,validation
flash_00184,flash_sale,train
flash_00185,flash_sale,validation
flash_00186,flash_sale,validation
flash_00187,flash_sale,test
flash_00188,flash_sale,validation
flash_00189,flash_sale,train
flash_00190,flash_sale,validation
flash_00191,flash_sale,train
flash_00192,flash_sale,test
flash_00193,flash_sale,test
flash_00194,flash_sale,validation
flash_00195,flash_sale,train
flash_00196,flash_sale,train
flash_00197,flash_sale,validation
flash_00198,flash_sale,train
flash_00199,flash_sale,validation
flash_00200,flash_sale,train
flash_00201,flash_sale,validation
flash_00202,flash_sale,train
flash_00203,flash_sale,train
flash_00204,flash_sale,test
flash_00205,flash_sale,validation
flash_00206,flash_sale,test
flash_00207,flash_sale,train
flash_00208,flash_sale,train
flash_00209,flash_sale,test
flash_00210,flash_sale,train
flash_00211,flash_sale,train
flash_00212,flash_sale,train
flash_00213,flash_sale,train
flash_00214,flash_sale,train
flash_00215,flash_sale,test
flash_00216,flash_sale,test
flash_00217,flash_sale,train
flash_00218,flash_sale,train
flash_00219,flash_sale,test
flash_00220,flash_sale,train
flash_00221,flash_sale,train
flash_00222,flash_sale,train
flash_00223,flash_sale,validation
flash_00224,flash_sale,train
flash_00225,flash_sale,test
flash_00226,flash_sale,train
flash_00227,flash_sale,test
flash_00228,flash_sale,train
flash_00229,flash_sale,train
flash_00230,flash_sale,train
flash_00231,flash_sale,train
flash_00232,flash_sale,validation
flash_00233,flash_sale,train
flash_00234,flash_sale,test
flash_00235,flash_sale,train
flash_00236,flash_sale,train
flash_00237,flash_sale,train
flash_00238,flash_sale,test
flash_00239,flash_sale,train
flash_00240,flash_sale,train
flash_00241,flash_sale,train
flash_00242,flash_sale,train
flash_00243,flash_sale,train
flash_00244,flash_sale,train
flash_00245,flash_sale,train
flash_00246,flash_sale,train
flash_00247,flash_sale,train
flash_00248,flash_sale,train
flash_00249,flash_sale,train
flash_00250,flash_sale,train
flash_00251,flash_sale,test
flash_00252,flash_sale,train
flash_00253,flash_sale,train
flash_00254,flash_sale,train
flash_00255,flash_sale,train
flash_00256,flash_sale,validation
flash_00257,flash_sale,train
flash_00258,flash_sale,train
flash_00259,flash_sale,train
flash_00260,flash_sale,test
flash_00261,flash_sale,train
flash_00262,flash_sale,validation
flash_00263,flash_sale,test
flash_00264,flash_sale,train
flash_00265,flash_sale,test
flash_00266,flash_sale,train
flash_00267,flash_sale,train
flash_00268,flash_sale,train
flash_00269,flash_sale,train
flash_00270,flash_sale,train
flash_00271,flash_sale,train
flash_00272,flash_sale,validation
flash_00273,flash_sale,train
flash_00274,flash_sale,train
flash_00275,flash_sale,train
flash_00276,flash_sale,test
flash_00277,flash_sale,train
flash_00278,flash_sale,train
flash_00279,flash_sale,train
flash_00280,flash_sale,train
flash_00281,flash_sale,test
flash_00282,flash_sale,train
flash_00283,flash_sale,train
flash_00284,flash_sale,test
flash_00285,flash_sale,train
flash_00286,flash_sale,train
flash_00287,flash_sale,test
flash_00288,flash_sale,train
flash_00289,flash_sale,test
flash_00290,flash_sale,train
flash_00291,flash_sale,train
flash_00292,flash_sale,train
flash_00293,flash_sale,train
flash_00294,flash_sale,train
flash_00295,flash_sale,test
flash_00296,flash_sale,train
flash_00297,flash_sale,validation
flash_00298,flash_sale,train
flash_00299,flash_sale,test
flash_00300,flash_sale,train
flash_00301,flash_sale,train
flash_00302,flash_sale,train
flash_00303,flash_sale,train
flash_00304,flash_sale,train
flash_00305,flash_sale,train
flash_00306,flash_sale,train
flash_00307,flash_sale,train
flash_00308,flash_sale,train
flash_00309,flash_sale,train
flash_00310,flash_sale,train
flash_00311,flash_sale,train
flash_00312,flash_sale,train
flash_00313,flash_sale,train
flash_00314,flash_sale,train
flash_00315,flash_sale,train
flash_00316,flash_sale,validation
flash_00317,flash_sale,test
flash_00318,flash_sale,train
flash_00319,flash_sale,train
flash_00320,flash_sale,train
flash_00321,flash_sale,train
flash_00322,flash_sale,train
flash_00323,flash_sale,train
flash_00324,flash_sale,train
flash_00325,flash_sale,train
flash_00326,flash_sale,train
flash_00327,flash_sale,train
flash_00328,flash_sale,train
flash_00329,flash_sale,train
flash_00330,flash_sale,validation
flash_00331,flash_sale,train
flash_00332,flash_sale,train
flash_00333,flash_sale,train
flash_00334,flash_sale,train
flash_00335,flash_sale,train
flash_00336,flash_sale,train
flash_00337,flash_sale,train
flash_00338,flash_sale,train
flash_00339,flash_sale,train
flash_00340,flash_sale,train
flash_00341,flash_sale,train
flash_00342,flash_sale,test
flash_00343,flash_sale,train
flash_00344,flash_sale,validation
flash_00345,flash_sale,train
flash_00346,flash_sale,validation
flash_00347,flash_sale,train
flash_00348,flash_sale,train
flash_00349,flash_sale,train
flash_00350,flash_sale,train
flash_00351,flash_sale,train
flash_00352,flash_sale,train
flash_00353,flash_sale,test
flash_00354,flash_sale,train
flash_00355,flash_sale,train
flash_00356,flash_sale,train
flash_00357,flash_sale,train
flash_00358,flash_sale,validation
flash_00359,flash_sale,test
flash_00360,flash_sale,train
flash_00361,flash_sale,train
flash_00362,flash_sale,test
flash_00363,flash_sale,train
flash_00364,flash_sale,train
flash_00365,flash_sale,validation
flash_00366,flash_sale,test
flash_00367,flash_sale,test
flash_00368,flash_sale,train
flash_00369,flash_sale,train
flash_00370,flash_sale,train
flash_00371,flash_sale,validation
flash_00372,flash_sale,validation
flash_00373,flash_sale,train
flash_00374,flash_sale,train
flash_00375,flash_sale,train
flash_00376,flash_sale,train
flash_00377,flash_sale,train
flash_00378,flash_sale,train
flash_00379,flash_sale,train
flash_00380,flash_sale,validation
flash_00381,flash_sale,train
flash_00382,flash_sale,train
flash_00383,flash_sale,train
flash_00384,flash_sale,train
flash_00385,flash_sale,test
flash_00386,flash_sale,train
flash_00387,flash_sale,train
flash_00388,flash_sale,train
flash_00389,flash_sale,train
flash_00390,flash_sale,test
flash_00391,flash_sale,validation
flash_00392,flash_sale,train
flash_00393,flash_sale,validation
flash_00394,flash_sale,train
flash_00395,flash_sale,validation
flash_00396,flash_sale,train
flash_00397,flash_sale,train
flash_00398,flash_sale,train
flash_00399,flash_sale,train
flash_00400,flash_sale,train
flash_00401,flash_sale,train
flash_00402,flash_sale,test
flash_00403,flash_sale,test
flash_00404,flash_sale,train
flash_00405,flash_sale,test
flash_00406,flash_sale,validation
flash_00407,flash_sale,validation
flash_00408,flash_sale,test
flash_00409,flash_sale,train
flash_00410,flash_sale,train
flash_00411,flash_sale,train
flash_00412,flash_sale,train
flash_00413,flash_sale,train
flash_00414,flash_sale,train
flash_00415,flash_sale,train
flash_00416,flash_sale,train
flash_00417,flash_sale,validation
flash_00418,flash_sale,train
flash_00419,flash_sale,validation
flash_00420,flash_sale,train
flash_00421,flash_sale,train
flash_00422,flash_sale,train
flash_00423,flash_sale,train
flash_00424,flash_sale,validation
flash_00425,flash_sale,train
flash_00426,flash_sale,validation
flash_00427,flash_sale,train
flash_00428,flash_sale,train
flash_00429,flash_sale,train
flash_00430,flash_sale,test
flash_00431,flash_sale,train
flash_00432,flash_sale,train
flash_00433,flash_sale,train
flash_00434,flash_sale,train
flash_00435,flash_sale,test
flash_00436,flash_sale,train
flash_00437,flash_sale,train
flash_00438,flash_sale,train
flash_00439,flash_sale,validation
flash_00440,flash_sale,train
flash_00441,flash_sale,train
flash_00442,flash_sale,train
flash_00443,flash_sale,train
flash_00444,flash_sale,train
flash_00445,flash_sale,train
flash_00446,flash_sale,train
flash_00447,flash_sale,train
flash_00448,flash_sale,train
flash_00449,flash_sale,validation
flash_00450,flash_sale,train
flash_00451,flash_sale,train
flash_00452,flash_sale,train
flash_00453,flash_sale,test
flash_00454,flash_sale,test
flash_00455,flash_sale,test
flash_00456,flash_sale,train
flash_00457,flash_sale,train
flash_00458,flash_sale,test
flash_00459,flash_sale,train
flash_00460,flash_sale,train
flash_00461,flash_sale,train
flash_00462,flash_sale,train
flash_00463,flash_sale,train
flash_00464,flash_sale,validation
flash_00465,flash_sale,train
flash_00466,flash_sale,train
flash_00467,flash_sale,train
flash_00468,flash_sale,train
flash_00469,flash_sale,train
flash_00470,flash_sale,train
flash_00471,flash_sale,validation
flash_00472,flash_sale,train
flash_00473,flash_sale,train
flash_00474,flash_sale,train
flash_00475,flash_sale,validation
flash_00476,flash_sale,train
flash_00477,flash_sale,train
flash_00478,flash_sale,train
flash_00479,flash_sale,train
flash_00480,flash_sale,validation
flash_00481,flash_sale,train
flash_00482,flash_sale,train
flash_00483,flash_sale,train
flash_00484,flash_sale,train
flash_00485,flash_sale,train
flash_00486,flash_sale,test
flash_00487,flash_sale,validation
flash_00488,flash_sale,train
flash_00489,flash_sale,test
flash_00490,flash_sale,validation
flash_00491,flash_sale,train
flash_00492,flash_sale,train
flash_00493,flash_sale,train
flash_00494,flash_sale,train
flash_00495,flash_sale,train
flash_00496,flash_sale,test
flash_00497,flash_sale,test
flash_00498,flash_sale,test
flash_00499,flash_sale,train
flash_00500,flash_sale,train
flash_00501,flash_sale,train
flash_00502,flash_sale,train
flash_00503,flash_sale,test
flash_00504,flash_sale,train
flash_00505,flash_sale,train
flash_00506,flash_sale,test
flash_00507,flash_sale,validation
flash_00508,flash_sale,validation
flash_00509,flash_sale,validation
flash_00510,flash_sale,train
flash_00511,flash_sale,train
flash_00512,flash_sale,train
flash_00513,flash_sale,train
flash_00514,flash_sale,train
flash_00515,flash_sale,train
flash_00516,flash_sale,train
flash_00517,flash_sale,train
flash_00518,flash_sale,train
flash_00519,flash_sale,validation
flash_00520,flash_sale,validation
flash_00521,flash_sale,train
flash_00522,flash_sale,train
flash_00523,flash_sale,train
flash_00524,flash_sale,train
flash_00525,flash_sale,test
flash_00526,flash_sale,validation
flash_00527,flash_sale,test
flash_00528,flash_sale,test
flash_00529,flash_sale,test
flash_00530,flash_sale,validation
flash_00531,flash_sale,test
flash_00532,flash_sale,validation
flash_00533,flash_sale,test
flash_00534,flash_sale,test
flash_00535,flash_sale,train
flash_00536,flash_sale,train
flash_00537,flash_sale,test
flash_00538,flash_sale,train
flash_00539,flash_sale,validation
flash_00540,flash_sale,train
flash_00541,flash_sale,test
flash_00542,flash_sale,train
flash_00543,flash_sale,test
flash_00544,flash_sale,train
flash_00545,flash_sale,train
flash_00546,flash_sale,train
flash_00547,flash_sale,train
flash_00548,flash_sale,train
flash_00549,flash_sale,test
flash_00550,flash_sale,train
flash_00551,flash_sale,train
flash_00552,flash_sale,train
flash_00553,flash_sale,train
flash_00554,flash_sale,train
flash_00555,flash_sale,train
flash_00556,flash_sale,train
flash_00557,flash_sale,validation
flash_00558,flash_sale,train
flash_00559,flash_sale,train
flash_00560,flash_sale,train
flash_00561,flash_sale,train
flash_00562,flash_sale,train
flash_00563,flash_sale,train
flash_00564,flash_sale,train
flash_00565,flash_sale,train
flash_00566,flash_sale,train
flash_00567,flash_sale,validation
flash_00568,flash_sale,test
flash_00569,flash_sale,train
flash_00570,flash_sale,train
flash_00571,flash_sale,train
flash_00572,flash_sale,train
flash_00573,flash_sale,train
flash_00574,flash_sale,train
flash_00575,flash_sale,train
flash_00576,flash_sale,validation
flash_00577,flash_sale,validation
flash_00578,flash_sale,train
flash_00579,flash_sale,train
flash_00580,flash_sale,train
flash_00581,flash_sale,train
flash_00582,flash_sale,train
flash_00583,flash_sale,train
flash_00584,flash_sale,test
flash_00585,flash_sale,validation
flash_00586,flash_sale,validation
flash_00587,flash_sale,train
flash_00588,flash_sale,train
flash_00589,flash_sale,train
flash_00590,flash_sale,train
flash_00591,flash_sale,train
flash_00592,flash_sale,validation
flash_00593,flash_sale,validation
flash_00594,flash_sale,train
flash_00595,flash_sale,train
flash_00596,flash_sale,validation
flash_00597,flash_sale,train
flash_00598,flash_sale,train
flash_00599,flash_sale,train
flash_00600,flash_sale,train
flash_00601,flash_sale,train
flash_00602,flash_sale,train
flash_00603,flash_sale,train
flash_00604,flash_sale,train
flash_00605,flash_sale,train
flash_00606,flash_sale,train
flash_00607,flash_sale,validation
flash_00608,flash_sale,train
flash_00609,flash_sale,test
flash_00610,flash_sale,train
flash_00611,flash_sale,train
flash_00612,flash_sale,test
flash_00613,flash_sale,train
flash_00614,flash_sale,train
flash_00615,flash_sale,train
flash_00616,flash_sale,train
flash_00617,flash_sale,validation
flash_00618,flash_sale,test
flash_00619,flash_sale,train
flash_00620,flash_sale,train
flash_00621,flash_sale,train
flash_00622,flash_sale,train
flash_00623,flash_sale,train
flash_00624,flash_sale,test
flash_00625,flash_sale,validation
flash_00626,flash_sale,test
flash_00627,flash_sale,train
flash_00628,flash_sale,test
flash_00629,flash_sale,train
flash_00630,flash_sale,test
flash_00631,flash_sale,train
flash_00632,flash_sale,train
flash_00633,flash_sale,train
flash_00634,flash_sale,validation
flash_00635,flash_sale,train
flash_00636,flash_sale,train
flash_00637,flash_sale,train
flash_00638,flash_sale,train
flash_00639,flash_sale,train
flash_00640,flash_sale,train
flash_00641,flash_sale,validation
flash_00642,flash_sale,train
flash_00643,flash_sale,train
flash_00644,flash_sale,train
flash_00645,flash_sale,train
flash_00646,flash_sale,train
flash_00647,flash_sale,test
flash_00648,flash_sale,test
flash_00649,flash_sale,train
flash_00650,flash_sale,test
flash_00651,flash_sale,validation
flash_00652,flash_sale,train
flash_00653,flash_sale,validation
flash_00654,flash_sale,train
flash_00655,flash_sale,test
flash_00656,flash_sale,train
flash_00657,flash_sale,test
flash_00658,flash_sale,train
flash_00659,flash_sale,train
flash_00660,flash_sale,train
flash_00661,flash_sale,validation
flash_00662,flash_sale,test
flash_00663,flash_sale,train
flash_00664,flash_sale,train
flash_00665,flash_sale,train
flash_00666,flash_sale,train
flash_00667,flash_sale,train
flash_00668,flash_sale,test
flash_00669,flash_sale,train
flash_00670,flash_sale,validation
flash_00671,flash_sale,validation
flash_00672,flash_sale,test
flash_00673,flash_sale,train
flash_00674,flash_sale,train
flash_00675,flash_sale,train
flash_00676,flash_sale,train
flash_00677,flash_sale,train
flash_00678,flash_sale,validation
flash_00679,flash_sale,train
flash_00680,flash_sale,train
flash_00681,flash_sale,train
flash_00682,flash_sale,train
flash_00683,flash_sale,train
flash_00684,flash_sale,test
flash_00685,flash_sale,train
flash_00686,flash_sale,train
flash_00687,flash_sale,train
flash_00688,flash_sale,validation
flash_00689,flash_sale,test
flash_00690,flash_sale,train
flash_00691,flash_sale,train
flash_00692,flash_sale,test
flash_00693,flash_sale,validation
flash_00694,flash_sale,train
flash_00695,flash_sale,train
flash_00696,flash_sale,test
flash_00697,flash_sale,test
flash_00698,flash_sale,train
flash_00699,flash_sale,train
flash_00700,flash_sale,train
flash_00701,flash_sale,train
flash_00702,flash_sale,train
flash_00703,flash_sale,train
flash_00704,flash_sale,train
flash_00705,flash_sale,train
flash_00706,flash_sale,train
flash_00707,flash_sale,train
flash_00708,flash_sale,train
flash_00709,flash_sale,train
flash_00710,flash_sale,train
flash_00711,flash_sale,train
flash_00712,flash_sale,train
flash_00713,flash_sale,train
flash_00714,flash_sale,test
flash_00715,flash_sale,train
flash_00716,flash_sale,train
flash_00717,flash_sale,test
flash_00718,flash_sale,train
flash_00719,flash_sale,train
flash_00720,flash_sale,train
flash_00721,flash_sale,train
flash_00722,flash_sale,test
flash_00723,flash_sale,test
flash_00724,flash_sale,train
flash_00725,flash_sale,test
flash_00726,flash_sale,validation
flash_00727,flash_sale,validation
flash_00728,flash_sale,train
flash_00729,flash_sale,train
flash_00730,flash_sale,train
flash_00731,flash_sale,train
flash_00732,flash_sale,train
flash_00733,flash_sale,validation
flash_00734,flash_sale,test
flash_00735,flash_sale,test
flash_00736,flash_sale,validation
flash_00737,flash_sale,test
flash_00738,flash_sale,train
flash_00739,flash_sale,train
flash_00740,flash_sale,train
flash_00741,flash_sale,test
flash_00742,flash_sale,test
flash_00743,flash_sale,train
flash_00744,flash_sale,validation
flash_00745,flash_sale,train
flash_00746,flash_sale,test
flash_00747,flash_sale,train
flash_00748,flash_sale,validation
flash_00749,flash_sale,train
flash_00750,flash_sale,train
flash_00751,flash_sale,train
flash_00752,flash_sale,train
flash_00753,flash_sale,validation
flash_00754,flash_sale,train
flash_00755,flash_sale,train
flash_00756,flash_sale,validation
flash_00757,flash_sale,validation
flash_00758,flash_sale,train
flash_00759,flash_sale,test
flash_00760,flash_sale,test
flash_00761,flash_sale,train
flash_00762,flash_sale,validation
flash_00763,flash_sale,test
flash_00764,flash_sale,train
flash_00765,flash_sale,validation
flash_00766,flash_sale,validation
flash_00767,flash_sale,test
flash_00768,flash_sale,test
flash_00769,flash_sale,train
flash_00770,flash_sale,validation
flash_00771,flash_sale,train
flash_00772,flash_sale,test
flash_00773,flash_sale,train
flash_00774,flash_sale,train
flash_00775,flash_sale,train
flash_00776,flash_sale,test
flash_00777,flash_sale,train
flash_00778,flash_sale,validation
flash_00779,flash_sale,train
flash_00780,flash_sale,validation
flash_00781,flash_sale,validation
flash_00782,flash_sale,train
flash_00783,flash_sale,train
flash_00784,flash_sale,validation
flash_00785,flash_sale,train
flash_00786,flash_sale,train
flash_00787,flash_sale,train
flash_00788,flash_sale,train
flash_00789,flash_sale,test
flash_00790,flash_sale,train
flash_00791,flash_sale,train
flash_00792,flash_sale,train
flash_00793,flash_sale,train
flash_00794,flash_sale,train
flash_00795,flash_sale,validation
flash_00796,flash_sale,train
flash_00797,flash_sale,validation
flash_00798,flash_sale,train
flash_00799,flash_sale,train
normal_00000,normal,train
normal_00001,normal,train
normal_00002,normal,test
normal_00003,normal,train
normal_00004,normal,test
normal_00005,normal,test
normal_00006,normal,train
normal_00007,normal,validation
normal_00008,normal,train
normal_00009,normal,validation
normal_00010,normal,train
normal_00011,normal,validation
normal_00012,normal,train
normal_00013,normal,train
normal_00014,normal,validation
normal_00015,normal,train
normal_00016,normal,train
normal_00017,normal,train
normal_00018,normal,train
normal_00019,normal,train
normal_00020,normal,test
normal_00021,normal,train
normal_00022,normal,test
normal_00023,normal,train
normal_00024,normal,train
normal_00025,normal,test
normal_00026,normal,test
normal_00027,normal,train
normal_00028,normal,test
normal_00029,normal,train
normal_00030,normal,train
normal_00031,normal,validation
normal_00032,normal,train
normal_00033,normal,train
normal_00034,normal,train
normal_00035,normal,train
normal_00036,normal,validation
normal_00037,normal,train
normal_00038,normal,test
normal_00039,normal,train
normal_00040,normal,train
normal_00041,normal,validation
normal_00042,normal,validation
normal_00043,normal,test
normal_00044,normal,train
normal_00045,normal,validation
normal_00046,normal,train
normal_00047,normal,test
normal_00048,normal,train
normal_00049,normal,train
normal_00050,normal,train
normal_00051,normal,train
normal_00052,normal,train
normal_00053,normal,train
normal_00054,normal,train
normal_00055,normal,train
normal_00056,normal,train
normal_00057,normal,train
normal_00058,normal,validation
normal_00059,normal,train
normal_00060,normal,train
normal_00061,normal,train
normal_00062,normal,train
normal_00063,normal,train
normal_00064,normal,train
normal_00065,normal,train
normal_00066,normal,test
normal_00067,normal,train
normal_00068,normal,train
normal_00069,normal,validation
normal_00070,normal,train
normal_00071,normal,train
normal_00072,normal,train
normal_00073,normal,test
normal_00074,normal,train
normal_00075,normal,train
normal_00076,normal,train
normal_00077,normal,train
normal_00078,normal,train
normal_00079,normal,test
normal_00080,normal,train
normal_00081,normal,train
normal_00082,normal,validation
normal_00083,normal,test
normal_00084,normal,train
normal_00085,normal,train
normal_00086,normal,train
normal_00087,normal,train
normal_00088,normal,train
normal_00089,normal,test
normal_00090,normal,train
normal_00091,normal,train
normal_00092,normal,train
normal_00093,normal,train
normal_00094,normal,train
normal_00095,normal,train
normal_00096,normal,validation
normal_00097,normal,train
normal_00098,normal,validation
normal_00099,normal,train
normal_00100,normal,test
normal_00101,normal,train
normal_00102,normal,test
normal_00103,normal,train
normal_00104,normal,train
normal_00105,normal,validation
normal_00106,normal,train
normal_00107,normal,test
normal_00108,normal,train
normal_00109,normal,test
normal_00110,normal,train
normal_00111,normal,test
normal_00112,normal,validation
normal_00113,normal,train
normal_00114,normal,validation
normal_00115,normal,train
normal_00116,normal,train
normal_00117,normal,train
normal_00118,normal,test
normal_00119,normal,train
normal_00120,normal,validation
normal_00121,normal,train
normal_00122,normal,validation
normal_00123,normal,test
normal_00124,normal,validation
normal_00125,normal,train
normal_00126,normal,test
normal_00127,normal,validation
normal_00128,normal,validation
normal_00129,normal,test
normal_00130,normal,train
normal_00131,normal,train
normal_00132,normal,train
normal_00133,normal,train
normal_00134,normal,train
normal_00135,normal,train
normal_00136,normal,validation
normal_00137,normal,train
normal_00138,normal,train
normal_00139,normal,train
normal_00140,normal,train
normal_00141,normal,validation
normal_00142,normal,train
normal_00143,normal,train
normal_00144,normal,train
normal_00145,normal,train
normal_00146,normal,train
normal_00147,normal,train
normal_00148,normal,train
normal_00149,normal,train
normal_00150,normal,train
normal_00151,normal,train
normal_00152,normal,train
normal_00153,normal,train
normal_00154,normal,train
normal_00155,normal,train
normal_00156,normal,train
normal_00157,normal,train
normal_00158,normal,train
normal_00159,normal,test
normal_00160,normal,validation
normal_00161,normal,train
normal_00162,normal,validation
normal_00163,normal,train
normal_00164,normal,test
normal_00165,normal,train
normal_00166,normal,train
normal_00167,normal,train
normal_00168,normal,train
normal_00169,normal,train
normal_00170,normal,train
normal_00171,normal,train
normal_00172,normal,train
normal_00173,normal,validation
normal_00174,normal,train
normal_00175,normal,train
normal_00176,normal,train
normal_00177,normal,train
normal_00178,normal,train
normal_00179,normal,train
normal_00180,normal,train
normal_00181,normal,train
normal_00182,normal,validation
normal_00183,normal,train
normal_00184,normal,train
normal_00185,normal,validation
normal_00186,normal,train
normal_00187,normal,train
normal_00188,normal,train
normal_00189,normal,train
normal_00190,normal,train
normal_00191,normal,test
normal_00192,normal,train
normal_00193,normal,test
normal_00194,normal,test
normal_00195,normal,train
normal_00196,normal,validation
normal_00197,normal,train
normal_00198,normal,train
normal_00199,normal,train
normal_00200,normal,train
normal_00201,normal,validation
normal_00202,normal,validation
normal_00203,normal,train
normal_00204,normal,validation
normal_00205,normal,train
normal_00206,normal,train
normal_00207,normal,train
normal_00208,normal,train
normal_00209,normal,validation
normal_00210,normal,train
normal_00211,normal,train
normal_00212,normal,validation
normal_00213,normal,train
normal_00214,normal,train
normal_00215,normal,train
normal_00216,normal,train
normal_00217,normal,train
normal_00218,normal,validation
normal_00219,normal,train
normal_00220,normal,train
normal_00221,normal,train
normal_00222,normal,test
normal_00223,normal,train
normal_00224,normal,train
normal_00225,normal,validation
normal_00226,normal,test
normal_00227,normal,train
normal_00228,normal,train
normal_00229,normal,validation
normal_00230,normal,train
normal_00231,normal,train
normal_00232,normal,validation
normal_00233,normal,test
normal_00234,normal,validation
normal_00235,normal,train
normal_00236,normal,test
normal_00237,normal,train
normal_00238,normal,train
normal_00239,normal,validation
normal_00240,normal,train
normal_00241,normal,train
normal_00242,normal,test
normal_00243,normal,train
normal_00244,normal,train
normal_00245,normal,train
normal_00246,normal,train
normal_00247,normal,train
normal_00248,normal,train
normal_00249,normal,test
normal_00250,normal,train
normal_00251,normal,train
normal_00252,normal,validation
normal_00253,normal,train
normal_00254,normal,test
normal_00255,normal,test
normal_00256,normal,validation
normal_00257,normal,train
normal_00258,normal,train
normal_00259,normal,validation
normal_00260,normal,train
normal_00261,normal,train
normal_00262,normal,train
normal_00263,normal,train
normal_00264,normal,validation
normal_00265,normal,train
normal_00266,normal,train
normal_00267,normal,train
normal_00268,normal,train
normal_00269,normal,test
normal_00270,normal,train
normal_00271,normal,train
normal_00272,normal,validation
normal_00273,normal,train
normal_00274,normal,train
normal_00275,normal,train
normal_00276,normal,train
normal_00277,normal,validation
normal_00278,normal,validation
normal_00279,normal,validation
normal_00280,normal,test
normal_00281,normal,train
normal_00282,normal,validation
normal_00283,normal,validation
normal_00284,normal,train
normal_00285,normal,train
normal_00286,normal,train
normal_00287,normal,train
normal_00288,normal,train
normal_00289,normal,train
normal_00290,normal,train
normal_00291,normal,test
normal_00292,normal,train
normal_00293,normal,train
normal_00294,normal,train
normal_00295,normal,train
normal_00296,normal,train
normal_00297,normal,validation
normal_00298,normal,train
normal_00299,normal,test
normal_00300,normal,train
normal_00301,normal,train
normal_00302,normal,train
normal_00303,normal,train
normal_00304,normal,train
normal_00305,normal,train
normal_00306,normal,train
normal_00307,normal,train
normal_00308,normal,train
normal_00309,normal,train
normal_00310,normal,train
normal_00311,normal,test
normal_00312,normal,train
normal_00313,normal,test
normal_00314,normal,train
normal_00315,normal,validation
normal_00316,normal,train
normal_00317,normal,train
normal_00318,normal,train
normal_00319,normal,validation
normal_00320,normal,train
normal_00321,normal,validation
normal_00322,normal,train
normal_00323,normal,test
normal_00324,normal,train
normal_00325,normal,validation
normal_00326,normal,train
normal_00327,normal,train
normal_00328,normal,train
normal_00329,normal,train
normal_00330,normal,train
normal_00331,normal,validation
normal_00332,normal,validation
normal_00333,normal,train
normal_00334,normal,train
normal_00335,normal,train
normal_00336,normal,train
normal_00337,normal,train
normal_00338,normal,train
normal_00339,normal,train
normal_00340,normal,train
normal_00341,normal,train
normal_00342,normal,train
normal_00343,normal,train
normal_00344,normal,train
normal_00345,normal,train
normal_00346,normal,train
normal_00347,normal,train
normal_00348,normal,train
normal_00349,normal,train
normal_00350,normal,train
normal_00351,normal,train
normal_00352,normal,validation
normal_00353,normal,train
normal_00354,normal,train
normal_00355,normal,test
normal_00356,normal,train
normal_00357,normal,train
normal_00358,normal,train
normal_00359,normal,train
normal_00360,normal,train
normal_00361,normal,train
normal_00362,normal,validation
normal_00363,normal,train
normal_00364,normal,train
normal_00365,normal,train
normal_00366,normal,train
normal_00367,normal,train
normal_00368,normal,train
normal_00369,normal,train
normal_00370,normal,train
normal_00371,normal,train
normal_00372,normal,train
normal_00373,normal,train
normal_00374,normal,train
normal_00375,normal,train
normal_00376,normal,train
normal_00377,normal,train
normal_00378,normal,validation
normal_00379,normal,validation
normal_00380,normal,test
normal_00381,normal,train
normal_00382,normal,train
normal_00383,normal,validation
normal_00384,normal,train
normal_00385,normal,train
normal_00386,normal,train
normal_00387,normal,train
normal_00388,normal,test
normal_00389,normal,validation
normal_00390,normal,validation
normal_00391,normal,test
normal_00392,normal,train
normal_00393,normal,train
normal_00394,normal,test
normal_00395,normal,train
normal_00396,normal,test
normal_00397,normal,train
normal_00398,normal,validation
normal_00399,normal,train
normal_00400,normal,train
normal_00401,normal,train
normal_00402,normal,validation
normal_00403,normal,test
normal_00404,normal,train
normal_00405,normal,train
normal_00406,normal,train
normal_00407,normal,test
normal_00408,normal,train
normal_00409,normal,test
normal_00410,normal,train
normal_00411,normal,train
normal_00412,normal,train
normal_00413,normal,train
normal_00414,normal,validation
normal_00415,normal,test
normal_00416,normal,train
normal_00417,normal,train
normal_00418,normal,train
normal_00419,normal,train
normal_00420,normal,train
normal_00421,normal,train
normal_00422,normal,train
normal_00423,normal,test
normal_00424,normal,train
normal_00425,normal,train
normal_00426,normal,train
normal_00427,normal,train
normal_00428,normal,test
normal_00429,normal,train
normal_00430,normal,train
normal_00431,normal,train
normal_00432,normal,test
normal_00433,normal,train
normal_00434,normal,train
normal_00435,normal,validation
normal_00436,normal,train
normal_00437,normal,test
normal_00438,normal,train
normal_00439,normal,train
normal_00440,normal,train
normal_00441,normal,train
normal_00442,normal,train
normal_00443,normal,train
normal_00444,normal,train
normal_00445,normal,train
normal_00446,normal,train
normal_00447,normal,validation
normal_00448,normal,validation
normal_00449,normal,train
normal_00450,normal,train
normal_00451,normal,test
normal_00452,normal,train
normal_00453,normal,train
normal_00454,normal,train
normal_00455,normal,validation
normal_00456,normal,train
normal_00457,normal,test
normal_00458,normal,validation
normal_00459,normal,train
normal_00460,normal,train
normal_00461,normal,train
normal_00462,normal,train
normal_00463,normal,test
normal_00464,normal,train
normal_00465,normal,train
normal_00466,normal,train
normal_00467,normal,train
normal_00468,normal,train
normal_00469,normal,train
normal_00470,normal,validation
normal_00471,normal,validation
normal_00472,normal,train
normal_00473,normal,test
normal_00474,normal,train
normal_00475,normal,train
normal_00476,normal,train
normal_00477,normal,validation
normal_00478,normal,validation
normal_00479,normal,test
normal_00480,normal,train
normal_00481,normal,train
normal_00482,normal,train
normal_00483,normal,train
normal_00484,normal,test
normal_00485,normal,test
normal_00486,normal,test
normal_00487,normal,test
normal_00488,normal,test
normal_00489,normal,validation
normal_00490,normal,test
normal_00491,normal,train
normal_00492,normal,test
normal_00493,normal,train
normal_00494,normal,train
normal_00495,normal,train
normal_00496,normal,train
normal_00497,normal,validation
normal_00498,normal,train
normal_00499,normal,train
normal_00500,normal,validation
normal_00501,normal,train
normal_00502,normal,train
normal_00503,normal,test
normal_00504,normal,train
normal_00505,normal,train
normal_00506,normal,train
normal_00507,normal,train
normal_00508,normal,test
normal_00509,normal,test
normal_00510,normal,test
normal_00511,normal,train
normal_00512,normal,train
normal_00513,normal,train
normal_00514,normal,train
normal_00515,normal,test
normal_00516,normal,train
normal_00517,normal,train
normal_00518,normal,validation
normal_00519,normal,train
normal_00520,normal,test
normal_00521,normal,test
normal_00522,normal,train
normal_00523,normal,train
normal_00524,normal,train
normal_00525,normal,test
normal_00526,normal,train
normal_00527,normal,train
normal_00528,normal,validation
normal_00529,normal,train
normal_00530,normal,train
normal_00531,normal,test
normal_00532,normal,train
normal_00533,normal,train
normal_00534,normal,validation
normal_00535,normal,train
normal_00536,normal,train
normal_00537,normal,validation
normal_00538,normal,test
normal_00539,normal,train
normal_00540,normal,train
normal_00541,normal,validation
normal_00542,normal,train
normal_00543,normal,train
normal_00544,normal,train
normal_00545,normal,train
normal_00546,normal,validation
normal_00547,normal,validation
normal_00548,normal,validation
normal_00549,normal,train
normal_00550,normal,validation
normal_00551,normal,train
normal_00552,normal,train
normal_00553,normal,train
normal_00554,normal,train
normal_00555,normal,train
normal_00556,normal,train
normal_00557,normal,train
normal_00558,normal,train
normal_00559,normal,train
normal_00560,normal,train
normal_00561,normal,train
normal_00562,normal,train
normal_00563,normal,train
normal_00564,normal,train
normal_00565,normal,train
normal_00566,normal,train
normal_00567,normal,train
normal_00568,normal,train
normal_00569,normal,train
normal_00570,normal,train
normal_00571,normal,train
normal_00572,normal,train
normal_00573,normal,validation
normal_00574,normal,train
normal_00575,normal,train
normal_00576,normal,train
normal_00577,normal,train
normal_00578,normal,train
normal_00579,normal,train
normal_00580,normal,validation
normal_00581,normal,train
normal_00582,normal,train
normal_00583,normal,train
normal_00584,normal,validation
normal_00585,normal,train
normal_00586,normal,train
normal_00587,normal,train
normal_00588,normal,train
normal_00589,normal,test
normal_00590,normal,test
normal_00591,normal,test
normal_00592,normal,train
normal_00593,normal,validation
normal_00594,normal,train
normal_00595,normal,train
normal_00596,normal,validation
normal_00597,normal,test
normal_00598,normal,train
normal_00599,normal,test
normal_00600,normal,train
normal_00601,normal,validation
normal_00602,normal,train
normal_00603,normal,train
normal_00604,normal,train
normal_00605,normal,train
normal_00606,normal,test
normal_00607,normal,train
normal_00608,normal,validation
normal_00609,normal,train
normal_00610,normal,train
normal_00611,normal,train
normal_00612,normal,validation
normal_00613,normal,train
normal_00614,normal,train
normal_00615,normal,validation
normal_00616,normal,test
normal_00617,normal,train
normal_00618,normal,train
normal_00619,normal,train
normal_00620,normal,train
normal_00621,normal,validation
normal_00622,normal,train
normal_00623,normal,test
normal_00624,normal,train
normal_00625,normal,train
normal_00626,normal,train
normal_00627,normal,test
normal_00628,normal,train
normal_00629,normal,validation
normal_00630,normal,train
normal_00631,normal,train
normal_00632,normal,train
normal_00633,normal,train
normal_00634,normal,train
normal_00635,normal,train
normal_00636,normal,test
normal_00637,normal,train
normal_00638,normal,validation
normal_00639,normal,validation
normal_00640,normal,train
normal_00641,normal,validation
normal_00642,normal,train
normal_00643,normal,train
normal_00644,normal,train
normal_00645,normal,train
normal_00646,normal,train
normal_00647,normal,train
normal_00648,normal,train
normal_00649,normal,train
normal_00650,normal,test
normal_00651,normal,train
normal_00652,normal,train
normal_00653,normal,train
normal_00654,normal,validation
normal_00655,normal,validation
normal_00656,normal,train
normal_00657,normal,test
normal_00658,normal,train
normal_00659,normal,train
normal_00660,normal,validation
normal_00661,normal,train
normal_00662,normal,validation
normal_00663,normal,validation
normal_00664,normal,train
normal_00665,normal,test
normal_00666,normal,test
normal_00667,normal,train
normal_00668,normal,train
normal_00669,normal,validation
normal_00670,normal,train
normal_00671,normal,test
normal_00672,normal,train
normal_00673,normal,train
normal_00674,normal,train
normal_00675,normal,train
normal_00676,normal,train
normal_00677,normal,train
normal_00678,normal,train
normal_00679,normal,train
normal_00680,normal,train
normal_00681,normal,train
normal_00682,normal,train
normal_00683,normal,train
normal_00684,normal,train
normal_00685,normal,train
normal_00686,normal,validation
normal_00687,normal,validation
normal_00688,normal,train
normal_00689,normal,train
normal_00690,normal,train
normal_00691,normal,train
normal_00692,normal,train
normal_00693,normal,train
normal_00694,normal,test
normal_00695,normal,train
normal_00696,normal,train
normal_00697,normal,train
normal_00698,normal,train
normal_00699,normal,test
normal_00700,normal,train
normal_00701,normal,train
normal_00702,normal,train
normal_00703,normal,train
normal_00704,normal,train
normal_00705,normal,train
normal_00706,normal,train
normal_00707,normal,train
normal_00708,normal,train
normal_00709,normal,train
normal_00710,normal,validation
normal_00711,normal,train
normal_00712,normal,train
normal_00713,normal,train
normal_00714,normal,train
normal_00715,normal,train
normal_00716,normal,train
normal_00717,normal,train
normal_00718,normal,test
normal_00719,normal,validation
normal_00720,normal,train
normal_00721,normal,validation
normal_00722,normal,train
normal_00723,normal,train
normal_00724,normal,train
normal_00725,normal,validation
normal_00726,normal,validation
normal_00727,normal,train
normal_00728,normal,test
normal_00729,normal,train
normal_00730,normal,train
normal_00731,normal,train
normal_00732,normal,train
normal_00733,normal,train
normal_00734,normal,train
normal_00735,normal,train
normal_00736,normal,train
normal_00737,normal,train
normal_00738,normal,train
normal_00739,normal,test
normal_00740,normal,train
normal_00741,normal,train
normal_00742,normal,train
normal_00743,normal,train
normal_00744,normal,train
normal_00745,normal,train
normal_00746,normal,validation
normal_00747,normal,train
normal_00748,normal,train
normal_00749,normal,test
normal_00750,normal,test
normal_00751,normal,train
normal_00752,normal,test
normal_00753,normal,validation
normal_00754,normal,train
normal_00755,normal,validation
normal_00756,normal,test
normal_00757,normal,test
normal_00758,normal,test
normal_00759,normal,test
normal_00760,normal,validation
normal_00761,normal,train
normal_00762,normal,test
normal_00763,normal,train
normal_00764,normal,train
normal_00765,normal,train
normal_00766,normal,train
normal_00767,normal,train
normal_00768,normal,validation
normal_00769,normal,train
normal_00770,normal,train
normal_00771,normal,test
normal_00772,normal,train
normal_00773,normal,train
normal_00774,normal,test
normal_00775,normal,train
normal_00776,normal,validation
normal_00777,normal,train
normal_00778,normal,train
normal_00779,normal,train
normal_00780,normal,train
normal_00781,normal,train
normal_00782,normal,train
normal_00783,normal,train
normal_00784,normal,train
normal_00785,normal,train
normal_00786,normal,train
normal_00787,normal,train
normal_00788,normal,train
normal_00789,normal,train
normal_00790,normal,train
normal_00791,normal,train
normal_00792,normal,test
normal_00793,normal,test
normal_00794,normal,validation
normal_00795,normal,train
normal_00796,normal,validation
normal_00797,normal,train
normal_00798,normal,train
normal_00799,normal,train
normal_00800,normal,train
normal_00801,normal,train
normal_00802,normal,test
normal_00803,normal,train
normal_00804,normal,train
normal_00805,normal,validation
normal_00806,normal,test
normal_00807,normal,train
normal_00808,normal,train
normal_00809,normal,validation
normal_00810,normal,train
normal_00811,normal,test
normal_00812,normal,validation
normal_00813,normal,test
normal_00814,normal,test
normal_00815,normal,train
normal_00816,normal,train
normal_00817,normal,train
normal_00818,normal,train
normal_00819,normal,train
normal_00820,normal,train
normal_00821,normal,validation
normal_00822,normal,train
normal_00823,normal,train
normal_00824,normal,train
normal_00825,normal,validation
normal_00826,normal,train
normal_00827,normal,train
normal_00828,normal,train
normal_00829,normal,validation
normal_00830,normal,train
normal_00831,normal,train
normal_00832,normal,train
normal_00833,normal,test
normal_00834,normal,train
normal_00835,normal,validation
normal_00836,normal,train
normal_00837,normal,test
normal_00838,normal,test
normal_00839,normal,train
normal_00840,normal,train
normal_00841,normal,validation
normal_00842,normal,train
normal_00843,normal,train
normal_00844,normal,train
normal_00845,normal,test
normal_00846,normal,train
normal_00847,normal,train
normal_00848,normal,train
normal_00849,normal,test
normal_00850,normal,validation
normal_00851,normal,train
normal_00852,normal,train
normal_00853,normal,train
normal_00854,normal,train
normal_00855,normal,validation
normal_00856,normal,train
normal_00857,normal,test
normal_00858,normal,train
normal_00859,normal,validation
normal_00860,normal,train
normal_00861,normal,validation
normal_00862,normal,train
normal_00863,normal,train
normal_00864,normal,train
normal_00865,normal,train
normal_00866,normal,test
normal_00867,normal,test
normal_00868,normal,train
normal_00869,normal,validation
normal_00870,normal,validation
normal_00871,normal,train
normal_00872,normal,train
normal_00873,normal,validation
normal_00874,normal,train
normal_00875,normal,train
normal_00876,normal,train
normal_00877,normal,validation
normal_00878,normal,train
normal_00879,normal,train
normal_00880,normal,train
normal_00881,normal,train
normal_00882,normal,train
normal_00883,normal,test
normal_00884,normal,validation
normal_00885,normal,train
normal_00886,normal,train
normal_00887,normal,train
normal_00888,normal,train
normal_00889,normal,train
normal_00890,normal,test
normal_00891,normal,train
normal_00892,normal,train
normal_00893,normal,train
normal_00894,normal,train
normal_00895,normal,train
normal_00896,normal,train
normal_00897,normal,train
normal_00898,normal,train
normal_00899,normal,train
normal_00900,normal,train
normal_00901,normal,train
normal_00902,normal,train
normal_00903,normal,train
normal_00904,normal,train
normal_00905,normal,train
normal_00906,normal,train
normal_00907,normal,train
normal_00908,normal,train
normal_00909,normal,train
normal_00910,normal,train
normal_00911,normal,train
normal_00912,normal,train
normal_00913,normal,train
normal_00914,normal,train
normal_00915,normal,validation
normal_00916,normal,test
normal_00917,normal,train
normal_00918,normal,train
normal_00919,normal,test
normal_00920,normal,validation
normal_00921,normal,test
normal_00922,normal,train
normal_00923,normal,train
normal_00924,normal,validation
normal_00925,normal,train
normal_00926,normal,train
normal_00927,normal,test
normal_00928,normal,train
normal_00929,normal,train
normal_00930,normal,train
normal_00931,normal,train
normal_00932,normal,train
normal_00933,normal,train
normal_00934,normal,train
normal_00935,normal,validation
normal_00936,normal,train
normal_00937,normal,train
normal_00938,normal,train
normal_00939,normal,train
normal_00940,normal,train
normal_00941,normal,train
normal_00942,normal,train
normal_00943,normal,train
normal_00944,normal,train
normal_00945,normal,train
normal_00946,normal,train
normal_00947,normal,train
normal_00948,normal,train
normal_00949,normal,train
normal_00950,normal,train
normal_00951,normal,train
normal_00952,normal,test
normal_00953,normal,train
normal_00954,normal,train
normal_00955,normal,train
normal_00956,normal,validation
normal_00957,normal,train
normal_00958,normal,train
normal_00959,normal,test
normal_00960,normal,train
normal_00961,normal,validation
normal_00962,normal,train
normal_00963,normal,train
normal_00964,normal,train
normal_00965,normal,train
normal_00966,normal,test
normal_00967,normal,train
normal_00968,normal,test
normal_00969,normal,train
normal_00970,normal,train
normal_00971,normal,train
normal_00972,normal,train
normal_00973,normal,test
normal_00974,normal,validation
normal_00975,normal,train
normal_00976,normal,validation
normal_00977,normal,train
normal_00978,normal,train
normal_00979,normal,train
normal_00980,normal,validation
normal_00981,normal,train
normal_00982,normal,train
normal_00983,normal,train
normal_00984,normal,train
normal_00985,normal,train
normal_00986,normal,train
normal_00987,normal,train
normal_00988,normal,train
normal_00989,normal,train
normal_00990,normal,train
normal_00991,normal,train
normal_00992,normal,train
normal_00993,normal,test
normal_00994,normal,validation
normal_00995,normal,train
normal_00996,normal,validation
normal_00997,normal,validation
normal_00998,normal,train
normal_00999,normal,train
normal_01000,normal,train
normal_01001,normal,test
normal_01002,normal,train
normal_01003,normal,train
normal_01004,normal,train
normal_01005,normal,train
normal_01006,normal,train
normal_01007,normal,train
normal_01008,normal,train
normal_01009,normal,train
normal_01010,normal,train
normal_01011,normal,train
normal_01012,normal,train
normal_01013,normal,test
normal_01014,normal,validation
normal_01015,normal,train
normal_01016,normal,train
normal_01017,normal,train
normal_01018,normal,train
normal_01019,normal,validation
normal_01020,normal,train
normal_01021,normal,test
normal_01022,normal,test
normal_01023,normal,train
normal_01024,normal,train
normal_01025,normal,train
normal_01026,normal,test
normal_01027,normal,train
normal_01028,normal,train
normal_01029,normal,train
normal_01030,normal,train
normal_01031,normal,train
normal_01032,normal,train
normal_01033,normal,train
normal_01034,normal,train
normal_01035,normal,train
normal_01036,normal,validation
normal_01037,normal,train
normal_01038,normal,train
normal_01039,normal,validation
normal_01040,normal,train
normal_01041,normal,train
normal_01042,normal,train
normal_01043,normal,validation
normal_01044,normal,train
normal_01045,normal,train
normal_01046,normal,test
normal_01047,normal,validation
normal_01048,normal,train
normal_01049,normal,train
normal_01050,normal,train
normal_01051,normal,train
normal_01052,normal,train
normal_01053,normal,train
normal_01054,normal,train
normal_01055,normal,train
normal_01056,normal,test
normal_01057,normal,test
normal_01058,normal,train
normal_01059,normal,validation
normal_01060,normal,validation
normal_01061,normal,train
normal_01062,normal,validation
normal_01063,normal,train
normal_01064,normal,validation
normal_01065,normal,validation
normal_01066,normal,train
normal_01067,normal,train
normal_01068,normal,train
normal_01069,normal,train
normal_01070,normal,train
normal_01071,normal,train
normal_01072,normal,train
normal_01073,normal,train
normal_01074,normal,train
normal_01075,normal,train
normal_01076,normal,train
normal_01077,normal,train
normal_01078,normal,train
normal_01079,normal,train
normal_01080,normal,train
normal_01081,normal,train
normal_01082,normal,train
normal_01083,normal,train
normal_01084,normal,train
normal_01085,normal,train
normal_01086,normal,validation
normal_01087,normal,train
normal_01088,normal,train
normal_01089,normal,test
normal_01090,normal,validation
normal_01091,normal,train
normal_01092,normal,train
normal_01093,normal,train
normal_01094,normal,validation
normal_01095,normal,train
normal_01096,normal,validation
normal_01097,normal,train
normal_01098,normal,test
normal_01099,normal,validation
normal_01100,normal,train
normal_01101,normal,train
normal_01102,normal,train
normal_01103,normal,train
normal_01104,normal,train
normal_01105,normal,train
normal_01106,normal,train
normal_01107,normal,train
normal_01108,normal,test
normal_01109,normal,train
normal_01110,normal,train
normal_01111,normal,train
normal_01112,normal,train
normal_01113,normal,train
normal_01114,normal,train
normal_01115,normal,train
normal_01116,normal,validation
normal_01117,normal,train
normal_01118,normal,train
normal_01119,normal,train
normal_01120,normal,train
normal_01121,normal,train
normal_01122,normal,train
normal_01123,normal,test
normal_01124,normal,train
normal_01125,normal,test
normal_01126,normal,train
normal_01127,normal,validation
normal_01128,normal,train
normal_01129,normal,train
normal_01130,normal,train
normal_01131,normal,train
normal_01132,normal,train
normal_01133,normal,validation
normal_01134,normal,train
normal_01135,normal,train
normal_01136,normal,validation
normal_01137,normal,test
normal_01138,normal,train
normal_01139,normal,train
normal_01140,normal,train
normal_01141,normal,train
normal_01142,normal,train
normal_01143,normal,train
normal_01144,normal,train
normal_01145,normal,train
normal_01146,normal,train
normal_01147,normal,test
normal_01148,normal,train
normal_01149,normal,train
normal_01150,normal,train
normal_01151,normal,train
normal_01152,normal,train
normal_01153,normal,train
normal_01154,normal,test
normal_01155,normal,train
normal_01156,normal,train
normal_01157,normal,train
normal_01158,normal,train
normal_01159,normal,train
normal_01160,normal,train
normal_01161,normal,test
normal_01162,normal,train
normal_01163,normal,train
normal_01164,normal,train
normal_01165,normal,validation
normal_01166,normal,train
normal_01167,normal,train
normal_01168,normal,test
normal_01169,normal,train
normal_01170,normal,train
normal_01171,normal,train
normal_01172,normal,train
normal_01173,normal,train
normal_01174,normal,train
normal_01175,normal,validation
normal_01176,normal,train
normal_01177,normal,train
normal_01178,normal,train
normal_01179,normal,test
normal_01180,normal,validation
normal_01181,normal,train
normal_01182,normal,train
normal_01183,normal,test
normal_01184,normal,train
normal_01185,normal,train
normal_01186,normal,train
normal_01187,normal,test
normal_01188,normal,test
normal_01189,normal,train
normal_01190,normal,validation
normal_01191,normal,train
normal_01192,normal,train
normal_01193,normal,train
normal_01194,normal,validation
normal_01195,normal,test
normal_01196,normal,train
normal_01197,normal,train
normal_01198,normal,test
normal_01199,normal,test
normal_01200,normal,validation
normal_01201,normal,train
normal_01202,normal,test
normal_01203,normal,test
normal_01204,normal,train
normal_01205,normal,validation
normal_01206,normal,train
normal_01207,normal,train
normal_01208,normal,test
normal_01209,normal,validation
normal_01210,normal,validation
normal_01211,normal,train
normal_01212,normal,train
normal_01213,normal,test
normal_01214,normal,train
normal_01215,normal,test
normal_01216,normal,train
normal_01217,normal,train
normal_01218,normal,test
normal_01219,normal,validation
normal_01220,normal,train
normal_01221,normal,train
normal_01222,normal,train
normal_01223,normal,train
normal_01224,normal,test
normal_01225,normal,train
normal_01226,normal,train
normal_01227,normal,train
normal_01228,normal,test
normal_01229,normal,train
normal_01230,normal,test
normal_01231,normal,train
normal_01232,normal,train
normal_01233,normal,validation
normal_01234,normal,validation
normal_01235,normal,train
normal_01236,normal,train
normal_01237,normal,train
normal_01238,normal,train
normal_01239,normal,train
normal_01240,normal,train
normal_01241,normal,validation
normal_01242,normal,train
normal_01243,normal,train
normal_01244,normal,train
normal_01245,normal,test
normal_01246,normal,train
normal_01247,normal,train
normal_01248,normal,train
normal_01249,normal,train
normal_01250,normal,train
normal_01251,normal,train
normal_01252,normal,test
normal_01253,normal,validation
normal_01254,normal,validation
normal_01255,normal,train
normal_01256,normal,validation
normal_01257,normal,test
normal_01258,normal,train
normal_01259,normal,train
normal_01260,normal,train
normal_01261,normal,train
normal_01262,normal,train
normal_01263,normal,test
normal_01264,normal,test
normal_01265,normal,train
normal_01266,normal,train
normal_01267,normal,train
normal_01268,normal,train
normal_01269,normal,test
normal_01270,normal,train
normal_01271,normal,train
normal_01272,normal,train
normal_01273,normal,train
normal_01274,normal,train
normal_01275,normal,validation
normal_01276,normal,train
normal_01277,normal,validation
normal_01278,normal,validation
normal_01279,normal,test
normal_01280,normal,train
normal_01281,normal,test
normal_01282,normal,train
normal_01283,normal,train
normal_01284,normal,train
normal_01285,normal,train
normal_01286,normal,validation
normal_01287,normal,train
normal_01288,normal,validation
normal_01289,normal,validation
normal_01290,normal,train
normal_01291,normal,test
normal_01292,normal,train
normal_01293,normal,validation
normal_01294,normal,train
normal_01295,normal,train
normal_01296,normal,train
normal_01297,normal,test
normal_01298,normal,train
normal_01299,normal,train
normal_01300,normal,train
normal_01301,normal,train
normal_01302,normal,train
normal_01303,normal,validation
normal_01304,normal,train
normal_01305,normal,train
normal_01306,normal,train
normal_01307,normal,train
normal_01308,normal,train
normal_01309,normal,train
normal_01310,normal,train
normal_01311,normal,train
normal_01312,normal,validation
normal_01313,normal,train
normal_01314,normal,validation
normal_01315,normal,train
normal_01316,normal,test
normal_01317,normal,train
normal_01318,normal,validation
normal_01319,normal,train
normal_01320,normal,train
normal_01321,normal,train
normal_01322,normal,train
normal_01323,normal,train
normal_01324,normal,train
normal_01325,normal,validation
normal_01326,normal,train
normal_01327,normal,test
normal_01328,normal,train
normal_01329,normal,train
normal_01330,normal,validation
normal_01331,normal,train
normal_01332,normal,train
normal_01333,normal,train
normal_01334,normal,train
normal_01335,normal,train
normal_01336,normal,train
normal_01337,normal,train
normal_01338,normal,train
normal_01339,normal,train
normal_01340,normal,train
normal_01341,normal,test
normal_01342,normal,train
normal_01343,normal,validation
normal_01344,normal,train
normal_01345,normal,test
normal_01346,normal,train
normal_01347,normal,test
normal_01348,normal,train
normal_01349,normal,train
normal_01350,normal,train
normal_01351,normal,validation
normal_01352,normal,train
normal_01353,normal,test
normal_01354,normal,train
normal_01355,normal,train
normal_01356,normal,test
normal_01357,normal,train
normal_01358,normal,train
normal_01359,normal,validation
normal_01360,normal,train
normal_01361,normal,train
normal_01362,normal,test
normal_01363,normal,train
normal_01364,normal,train
normal_01365,normal,train
normal_01366,normal,train
normal_01367,normal,validation
normal_01368,normal,train
normal_01369,normal,train
normal_01370,normal,train
normal_01371,normal,train
normal_01372,normal,train
normal_01373,normal,train
normal_01374,normal,train
normal_01375,normal,train
normal_01376,normal,validation
normal_01377,normal,train
normal_01378,normal,test
normal_01379,normal,train
normal_01380,normal,test
normal_01381,normal,train
normal_01382,normal,train
normal_01383,normal,train
normal_01384,normal,train
normal_01385,normal,train
normal_01386,normal,train
normal_01387,normal,validation
normal_01388,normal,train
normal_01389,normal,train
normal_01390,normal,test
normal_01391,normal,test
normal_01392,normal,train
normal_01393,normal,validation
normal_01394,normal,train
normal_01395,normal,test
normal_01396,normal,test
normal_01397,normal,train
normal_01398,normal,train
normal_01399,normal,train
normal_01400,normal,train
normal_01401,normal,train
normal_01402,normal,train
normal_01403,normal,train
normal_01404,normal,train
normal_01405,normal,test
normal_01406,normal,train
normal_01407,normal,test
normal_01408,normal,train
normal_01409,normal,train
normal_01410,normal,train
normal_01411,normal,train
normal_01412,normal,test
normal_01413,normal,validation
normal_01414,normal,train
normal_01415,normal,train
normal_01416,normal,train
normal_01417,normal,train
normal_01418,normal,train
normal_01419,normal,train
normal_01420,normal,validation
normal_01421,normal,test
normal_01422,normal,train
normal_01423,normal,train
normal_01424,normal,train
normal_01425,normal,test
normal_01426,normal,train
normal_01427,normal,train
normal_01428,normal,test
normal_01429,normal,validation
normal_01430,normal,validation
normal_01431,normal,validation
normal_01432,normal,train
normal_01433,normal,test
normal_01434,normal,train
normal_01435,normal,train
normal_01436,normal,test
normal_01437,normal,train
normal_01438,normal,train
normal_01439,normal,train
normal_01440,normal,test
normal_01441,normal,train
normal_01442,normal,test
normal_01443,normal,train
normal_01444,normal,train
normal_01445,normal,train
normal_01446,normal,train
normal_01447,normal,train
normal_01448,normal,train
normal_01449,normal,test
normal_01450,normal,train
normal_01451,normal,train
normal_01452,normal,test
normal_01453,normal,train
normal_01454,normal,train
normal_01455,normal,train
normal_01456,normal,test
normal_01457,normal,train
normal_01458,normal,validation
normal_01459,normal,train
normal_01460,normal,validation
normal_01461,normal,train
normal_01462,normal,validation
normal_01463,normal,train
normal_01464,normal,validation
normal_01465,normal,train
normal_01466,normal,train
normal_01467,normal,train
normal_01468,normal,train
normal_01469,normal,train
normal_01470,normal,train
normal_01471,normal,train
normal_01472,normal,train
normal_01473,normal,train
normal_01474,normal,train
normal_01475,normal,test
normal_01476,normal,train
normal_01477,normal,test
normal_01478,normal,train
normal_01479,normal,validation
normal_01480,normal,train
normal_01481,normal,validation
normal_01482,normal,test
normal_01483,normal,train
normal_01484,normal,train
normal_01485,normal,validation
normal_01486,normal,train
normal_01487,normal,test
normal_01488,normal,train
normal_01489,normal,train
normal_01490,normal,train
normal_01491,normal,test
normal_01492,normal,train
normal_01493,normal,train
normal_01494,normal,train
normal_01495,normal,train
normal_01496,normal,train
normal_01497,normal,train
normal_01498,normal,train
normal_01499,normal,validation
normal_01500,normal,train
normal_01501,normal,train
normal_01502,normal,train
normal_01503,normal,validation
normal_01504,normal,train
normal_01505,normal,train
normal_01506,normal,train
normal_01507,normal,train
normal_01508,normal,test
normal_01509,normal,train
normal_01510,normal,train
normal_01511,normal,train
normal_01512,normal,train
normal_01513,normal,test
normal_01514,normal,train
normal_01515,normal,train
normal_01516,normal,train
normal_01517,normal,train
normal_01518,normal,train
normal_01519,normal,train
normal_01520,normal,train
normal_01521,normal,train
normal_01522,normal,test
normal_01523,normal,train
normal_01524,normal,test
normal_01525,normal,validation
normal_01526,normal,test
normal_01527,normal,validation
normal_01528,normal,train
normal_01529,normal,train
normal_01530,normal,train
normal_01531,normal,train
normal_01532,normal,test
normal_01533,normal,test
normal_01534,normal,train
normal_01535,normal,train
normal_01536,normal,test
normal_01537,normal,test
normal_01538,normal,train
normal_01539,normal,test
normal_01540,normal,validation
normal_01541,normal,train
normal_01542,normal,test
normal_01543,normal,train
normal_01544,normal,test
normal_01545,normal,train
normal_01546,normal,train
normal_01547,normal,train
normal_01548,normal,train
normal_01549,normal,train
normal_01550,normal,train
normal_01551,normal,train
normal_01552,normal,test
normal_01553,normal,validation
normal_01554,normal,train
normal_01555,normal,train
normal_01556,normal,train
normal_01557,normal,test
normal_01558,normal,train
normal_01559,normal,train
normal_01560,normal,train
normal_01561,normal,test
normal_01562,normal,train
normal_01563,normal,train
normal_01564,normal,test
normal_01565,normal,validation
normal_01566,normal,train
normal_01567,normal,validation
normal_01568,normal,validation
normal_01569,normal,train
normal_01570,normal,train
normal_01571,normal,train
normal_01572,normal,test
normal_01573,normal,train
normal_01574,normal,train
normal_01575,normal,test
normal_01576,normal,train
normal_01577,normal,validation
normal_01578,normal,train
normal_01579,normal,train
normal_01580,normal,test
normal_01581,normal,train
normal_01582,normal,train
normal_01583,normal,train
normal_01584,normal,train
normal_01585,normal,test
normal_01586,normal,test
normal_01587,normal,test
normal_01588,normal,train
normal_01589,normal,train
normal_01590,normal,train
normal_01591,normal,test
normal_01592,normal,train
normal_01593,normal,test
normal_01594,normal,validation
normal_01595,normal,train
normal_01596,normal,train
normal_01597,normal,train
normal_01598,normal,train
normal_01599,normal,test
normal_01600,normal,train
normal_01601,normal,validation
normal_01602,normal,test
normal_01603,normal,train
normal_01604,normal,train
normal_01605,normal,validation
normal_01606,normal,train
normal_01607,normal,train
normal_01608,normal,train
normal_01609,normal,train
normal_01610,normal,train
normal_01611,normal,train
normal_01612,normal,train
normal_01613,normal,train
normal_01614,normal,train
normal_01615,normal,train
normal_01616,normal,train
normal_01617,normal,train
normal_01618,normal,train
normal_01619,normal,train
normal_01620,normal,train
normal_01621,normal,test
normal_01622,normal,train
normal_01623,normal,train
normal_01624,normal,train
normal_01625,normal,validation
normal_01626,normal,train
normal_01627,normal,train
normal_01628,normal,train
normal_01629,normal,train
normal_01630,normal,train
normal_01631,normal,validation
normal_01632,normal,train
normal_01633,normal,train
normal_01634,normal,train
normal_01635,normal,train
normal_01636,normal,train
normal_01637,normal,validation
normal_01638,normal,train
normal_01639,normal,train
normal_01640,normal,train
normal_01641,normal,test
normal_01642,normal,validation
normal_01643,normal,train
normal_01644,normal,test
normal_01645,normal,train
normal_01646,normal,test
normal_01647,normal,train
normal_01648,normal,test
normal_01649,normal,train
normal_01650,normal,train
normal_01651,normal,validation
normal_01652,normal,train
normal_01653,normal,test
normal_01654,normal,train
normal_01655,normal,test
normal_01656,normal,test
normal_01657,normal,train
normal_01658,normal,validation
normal_01659,normal,validation
normal_01660,normal,train
normal_01661,normal,train
normal_01662,normal,train
normal_01663,normal,train
normal_01664,normal,test
normal_01665,normal,train
normal_01666,normal,train
normal_01667,normal,train
normal_01668,normal,validation
normal_01669,normal,train
normal_01670,normal,validation
normal_01671,normal,train
normal_01672,normal,validation
normal_01673,normal,test
normal_01674,normal,test
normal_01675,normal,test
normal_01676,normal,train
normal_01677,normal,train
normal_01678,normal,test
normal_01679,normal,train
normal_01680,normal,train
normal_01681,normal,validation
normal_01682,normal,train
normal_01683,normal,test
normal_01684,normal,validation
normal_01685,normal,train
normal_01686,normal,train
normal_01687,normal,train
normal_01688,normal,test
normal_01689,normal,train
normal_01690,normal,train
normal_01691,normal,train
normal_01692,normal,train
normal_01693,normal,test
normal_01694,normal,train
normal_01695,normal,train
normal_01696,normal,train
normal_01697,normal,train
normal_01698,normal,train
normal_01699,normal,test
normal_01700,normal,train
normal_01701,normal,validation
normal_01702,normal,train
normal_01703,normal,train
normal_01704,normal,validation
normal_01705,normal,train
normal_01706,normal,test
normal_01707,normal,train
normal_01708,normal,train
normal_01709,normal,train
normal_01710,normal,train
normal_01711,normal,validation
normal_01712,normal,train
normal_01713,normal,train
normal_01714,normal,train
normal_01715,normal,train
normal_01716,normal,train
normal_01717,normal,validation
normal_01718,normal,train
normal_01719,normal,test
normal_01720,normal,train
normal_01721,normal,validation
normal_01722,normal,validation
normal_01723,normal,train
normal_01724,normal,train
normal_01725,normal,train
normal_01726,normal,train
normal_01727,normal,train
normal_01728,normal,train
normal_01729,normal,train
normal_01730,normal,validation
normal_01731,normal,train
normal_01732,normal,train
normal_01733,normal,validation
normal_01734,normal,test
normal_01735,normal,train
normal_01736,normal,train
normal_01737,normal,train
normal_01738,normal,test
normal_01739,normal,train
normal_01740,normal,train
normal_01741,normal,train
normal_01742,normal,train
normal_01743,normal,train
normal_01744,normal,validation
normal_01745,normal,train
normal_01746,normal,train
normal_01747,normal,validation
normal_01748,normal,train
normal_01749,normal,train
normal_01750,normal,train
normal_01751,normal,train
normal_01752,normal,train
normal_01753,normal,train
normal_01754,normal,train
normal_01755,normal,validation
normal_01756,normal,validation
normal_01757,normal,train
normal_01758,normal,test
normal_01759,normal,validation
normal_01760,normal,train
normal_01761,normal,test
normal_01762,normal,validation
normal_01763,normal,train
normal_01764,normal,train
normal_01765,normal,train
normal_01766,normal,train
normal_01767,normal,train
normal_01768,normal,train
normal_01769,normal,train
normal_01770,normal,train
normal_01771,normal,train
normal_01772,normal,train
normal_01773,normal,train
normal_01774,normal,train
normal_01775,normal,validation
normal_01776,normal,train
normal_01777,normal,train
normal_01778,normal,train
normal_01779,normal,validation
normal_01780,normal,validation
normal_01781,normal,validation
normal_01782,normal,validation
normal_01783,normal,validation
normal_01784,normal,train
normal_01785,normal,train
normal_01786,normal,test
normal_01787,normal,train
normal_01788,normal,train
normal_01789,normal,validation
normal_01790,normal,train
normal_01791,normal,train
normal_01792,normal,train
normal_01793,normal,train
normal_01794,normal,test
normal_01795,normal,train
normal_01796,normal,train
normal_01797,normal,train
normal_01798,normal,validation
normal_01799,normal,train
normal_01800,normal,train
normal_01801,normal,train
normal_01802,normal,train
normal_01803,normal,train
normal_01804,normal,validation
normal_01805,normal,train
normal_01806,normal,train
normal_01807,normal,train
normal_01808,normal,validation
normal_01809,normal,train
normal_01810,normal,train
normal_01811,normal,test
normal_01812,normal,train
normal_01813,normal,train
normal_01814,normal,train
normal_01815,normal,train
normal_01816,normal,train
normal_01817,normal,train
normal_01818,normal,train
normal_01819,normal,test
normal_01820,normal,train
normal_01821,normal,train
normal_01822,normal,train
normal_01823,normal,train
normal_01824,normal,train
normal_01825,normal,train
normal_01826,normal,train
normal_01827,normal,validation
normal_01828,normal,train
normal_01829,normal,train
normal_01830,normal,train
normal_01831,normal,test
normal_01832,normal,validation
normal_01833,normal,train
normal_01834,normal,train
normal_01835,normal,train
normal_01836,normal,validation
normal_01837,normal,train
normal_01838,normal,validation
normal_01839,normal,train
normal_01840,normal,test
normal_01841,normal,train
normal_01842,normal,train
normal_01843,normal,train
normal_01844,normal,test
normal_01845,normal,train
normal_01846,normal,train
normal_01847,normal,validation
normal_01848,normal,train
normal_01849,normal,train
normal_01850,normal,test
normal_01851,normal,validation
normal_01852,normal,train
normal_01853,normal,train
normal_01854,normal,train
normal_01855,normal,train
normal_01856,normal,validation
normal_01857,normal,train
normal_01858,normal,train
normal_01859,normal,test
normal_01860,normal,train
normal_01861,normal,train
normal_01862,normal,validation
normal_01863,normal,train
normal_01864,normal,train
normal_01865,normal,train
normal_01866,normal,train
normal_01867,normal,train
normal_01868,normal,train
normal_01869,normal,train
normal_01870,normal,train
normal_01871,normal,validation
normal_01872,normal,validation
normal_01873,normal,train
normal_01874,normal,train
normal_01875,normal,train
normal_01876,normal,train
normal_01877,normal,train
normal_01878,normal,train
normal_01879,normal,train
normal_01880,normal,validation
normal_01881,normal,train
normal_01882,normal,validation
normal_01883,normal,train
normal_01884,normal,train
normal_01885,normal,train
normal_01886,normal,train
normal_01887,normal,train
normal_01888,normal,train
normal_01889,normal,train
normal_01890,normal,validation
normal_01891,normal,validation
normal_01892,normal,train
normal_01893,normal,test
normal_01894,normal,test
normal_01895,normal,train
normal_01896,normal,test
normal_01897,normal,validation
normal_01898,normal,test
normal_01899,normal,validation
normal_01900,normal,train
normal_01901,normal,train
normal_01902,normal,train
normal_01903,normal,train
normal_01904,normal,test
normal_01905,normal,train
normal_01906,normal,train
normal_01907,normal,train
normal_01908,normal,train
normal_01909,normal,train
normal_01910,normal,train
normal_01911,normal,test
normal_01912,normal,train
normal_01913,normal,train
normal_01914,normal,train
normal_01915,normal,train
normal_01916,normal,validation
normal_01917,normal,train
normal_01918,normal,train
normal_01919,normal,train
normal_01920,normal,train
normal_01921,normal,train
normal_01922,normal,train
normal_01923,normal,train
normal_01924,normal,test
normal_01925,normal,train
normal_01926,normal,train
normal_01927,normal,train
normal_01928,normal,train
normal_01929,normal,test
normal_01930,normal,train
normal_01931,normal,train
normal_01932,normal,test
normal_01933,normal,train
normal_01934,normal,train
normal_01935,normal,train
normal_01936,normal,test
normal_01937,normal,train
normal_01938,normal,train
normal_01939,normal,train
normal_01940,normal,test
normal_01941,normal,train
normal_01942,normal,test
normal_01943,normal,train
normal_01944,normal,test
normal_01945,normal,train
normal_01946,normal,train
normal_01947,normal,train
normal_01948,normal,train
normal_01949,normal,train
normal_01950,normal,test
normal_01951,normal,train
normal_01952,normal,train
normal_01953,normal,train
normal_01954,normal,test
normal_01955,normal,test
normal_01956,normal,test
normal_01957,normal,train
normal_01958,normal,train
normal_01959,normal,train
normal_01960,normal,train
normal_01961,normal,test
normal_01962,normal,validation
normal_01963,normal,train
normal_01964,normal,train
normal_01965,normal,train
normal_01966,normal,train
normal_01967,normal,train
normal_01968,normal,train
normal_01969,normal,test
normal_01970,normal,train
normal_01971,normal,train
normal_01972,normal,train
normal_01973,normal,validation
normal_01974,normal,train
normal_01975,normal,test
normal_01976,normal,train
normal_01977,normal,test
normal_01978,normal,train
normal_01979,normal,validation
normal_01980,normal,train
normal_01981,normal,train
normal_01982,normal,train
normal_01983,normal,train
normal_01984,normal,test
normal_01985,normal,train
normal_01986,normal,train
normal_01987,normal,validation
normal_01988,normal,train
normal_01989,normal,train
normal_01990,normal,train
normal_01991,normal,test
normal_01992,normal,train
normal_01993,normal,test
normal_01994,normal,train
normal_01995,normal,train
normal_01996,normal,train
normal_01997,normal,train
normal_01998,normal,train
normal_01999,normal,train
normal_02000,normal,train
normal_02001,normal,train
normal_02002,normal,train
normal_02003,normal,test
normal_02004,normal,train
normal_02005,normal,train
normal_02006,normal,test
normal_02007,normal,train
normal_02008,normal,train
normal_02009,normal,validation
normal_02010,normal,train
normal_02011,normal,train
normal_02012,normal,train
normal_02013,normal,validation
normal_02014,normal,train
normal_02015,normal,train
normal_02016,normal,validation
normal_02017,normal,train
normal_02018,normal,test
normal_02019,normal,validation
normal_02020,normal,validation
normal_02021,normal,test
normal_02022,normal,train
normal_02023,normal,train
normal_02024,normal,validation
normal_02025,normal,test
normal_02026,normal,train
normal_02027,normal,train
normal_02028,normal,validation
normal_02029,normal,train
normal_02030,normal,validation
normal_02031,normal,validation
normal_02032,normal,train
normal_02033,normal,train
normal_02034,normal,train
normal_02035,normal,train
normal_02036,normal,test
normal_02037,normal,train
normal_02038,normal,train
normal_02039,normal,train
normal_02040,normal,train
normal_02041,normal,validation
normal_02042,normal,train
normal_02043,normal,test
normal_02044,normal,validation
normal_02045,normal,train
normal_02046,normal,train
normal_02047,normal,train
normal_02048,normal,test
normal_02049,normal,train
normal_02050,normal,train
normal_02051,normal,train
normal_02052,normal,test
normal_02053,normal,train
normal_02054,normal,train
normal_02055,normal,test
normal_02056,normal,train
normal_02057,normal,test
normal_02058,normal,test
normal_02059,normal,train
normal_02060,normal,train
normal_02061,normal,train
normal_02062,normal,train
normal_02063,normal,test
normal_02064,normal,train
normal_02065,normal,train
normal_02066,normal,train
normal_02067,normal,train
normal_02068,normal,train
normal_02069,normal,train
normal_02070,normal,validation
normal_02071,normal,test
normal_02072,normal,train
normal_02073,normal,train
normal_02074,normal,train
normal_02075,normal,test
normal_02076,normal,train
normal_02077,normal,validation
normal_02078,normal,validation
normal_02079,normal,train
normal_02080,normal,train
normal_02081,normal,validation
normal_02082,normal,train
normal_02083,normal,train
normal_02084,normal,train
normal_02085,normal,train
normal_02086,normal,test
normal_02087,normal,train
normal_02088,normal,train
normal_02089,normal,validation
normal_02090,normal,validation
normal_02091,normal,validation
normal_02092,normal,train
normal_02093,normal,validation
normal_02094,normal,train
normal_02095,normal,train
normal_02096,normal,train
normal_02097,normal,train
normal_02098,normal,validation
normal_02099,normal,train
normal_02100,normal,train
normal_02101,normal,test
normal_02102,normal,train
normal_02103,normal,train
normal_02104,normal,train
normal_02105,normal,train
normal_02106,normal,validation
normal_02107,normal,train
normal_02108,normal,test
normal_02109,normal,train
normal_02110,normal,train
normal_02111,normal,train
normal_02112,normal,train
normal_02113,normal,validation
normal_02114,normal,train
normal_02115,normal,validation
normal_02116,normal,train
normal_02117,normal,train
normal_02118,normal,train
normal_02119,normal,validation
normal_02120,normal,train
normal_02121,normal,train
normal_02122,normal,train
normal_02123,normal,train
normal_02124,normal,test
normal_02125,normal,train
normal_02126,normal,validation
normal_02127,normal,test
normal_02128,normal,train
normal_02129,normal,train
normal_02130,normal,test
normal_02131,normal,train
normal_02132,normal,train
normal_02133,normal,validation
normal_02134,normal,train
normal_02135,normal,train
normal_02136,normal,test
normal_02137,normal,validation
normal_02138,normal,validation
normal_02139,normal,train
normal_02140,normal,train
normal_02141,normal,train
normal_02142,normal,train
normal_02143,normal,train
normal_02144,normal,train
normal_02145,normal,test
normal_02146,normal,test
normal_02147,normal,train
normal_02148,normal,test
normal_02149,normal,train
normal_02150,normal,train
normal_02151,normal,train
normal_02152,normal,train
normal_02153,normal,train
normal_02154,normal,train
normal_02155,normal,train
normal_02156,normal,validation
normal_02157,normal,train
normal_02158,normal,train
normal_02159,normal,train
normal_02160,normal,train
normal_02161,normal,train
normal_02162,normal,train
normal_02163,normal,train
normal_02164,normal,train
normal_02165,normal,train
normal_02166,normal,train
normal_02167,normal,train
normal_02168,normal,train
normal_02169,normal,train
normal_02170,normal,test
normal_02171,normal,train
normal_02172,normal,train
normal_02173,normal,train
normal_02174,normal,train
normal_02175,normal,train
normal_02176,normal,train
normal_02177,normal,train
normal_02178,normal,train
normal_02179,normal,validation
normal_02180,normal,train
normal_02181,normal,train
normal_02182,normal,train
normal_02183,normal,train
normal_02184,normal,train
normal_02185,normal,train
normal_02186,normal,train
normal_02187,normal,train
normal_02188,normal,validation
normal_02189,normal,train
normal_02190,normal,train
normal_02191,normal,train
normal_02192,normal,train
normal_02193,normal,validation
normal_02194,normal,validation
normal_02195,normal,test
normal_02196,normal,test
normal_02197,normal,train
normal_02198,normal,train
normal_02199,normal,validation
normal_02200,normal,test
normal_02201,normal,validation
normal_02202,normal,train
normal_02203,normal,train
normal_02204,normal,train
normal_02205,normal,train
normal_02206,normal,train
normal_02207,normal,test
normal_02208,normal,train
normal_02209,normal,train
normal_02210,normal,train
normal_02211,normal,train
normal_02212,normal,train
normal_02213,normal,train
normal_02214,normal,test
normal_02215,normal,train
normal_02216,normal,validation
normal_02217,normal,train
normal_02218,normal,train
normal_02219,normal,test
normal_02220,normal,train
normal_02221,normal,validation
normal_02222,normal,test
normal_02223,normal,train
normal_02224,normal,validation
normal_02225,normal,train
normal_02226,normal,test
normal_02227,normal,train
normal_02228,normal,train
normal_02229,normal,validation
normal_02230,normal,validation
normal_02231,normal,train
normal_02232,normal,train
normal_02233,normal,train
normal_02234,normal,train
normal_02235,normal,train
normal_02236,normal,train
normal_02237,normal,train
normal_02238,normal,train
normal_02239,normal,train
normal_02240,normal,test
normal_02241,normal,validation
normal_02242,normal,train
normal_02243,normal,train
normal_02244,normal,validation
normal_02245,normal,test
normal_02246,normal,train
normal_02247,normal,validation
normal_02248,normal,train
normal_02249,normal,train
normal_02250,normal,test
normal_02251,normal,test
normal_02252,normal,validation
normal_02253,normal,train
normal_02254,normal,train
normal_02255,normal,train
normal_02256,normal,train
normal_02257,normal,test
normal_02258,normal,train
normal_02259,normal,train
normal_02260,normal,train
normal_02261,normal,validation
normal_02262,normal,train
normal_02263,normal,train
normal_02264,normal,train
normal_02265,normal,validation
normal_02266,normal,train
normal_02267,normal,train
normal_02268,normal,train
normal_02269,normal,train
normal_02270,normal,train
normal_02271,normal,train
normal_02272,normal,validation
normal_02273,normal,validation
normal_02274,normal,train
normal_02275,normal,train
normal_02276,normal,validation
normal_02277,normal,train
normal_02278,normal,train
normal_02279,normal,train
normal_02280,normal,validation
normal_02281,normal,train
normal_02282,normal,validation
normal_02283,normal,train
normal_02284,normal,test
normal_02285,normal,train
normal_02286,normal,train
normal_02287,normal,validation
normal_02288,normal,train
normal_02289,normal,train
normal_02290,normal,test
normal_02291,normal,train
normal_02292,normal,test
normal_02293,normal,test
normal_02294,normal,train
normal_02295,normal,train
normal_02296,normal,test
normal_02297,normal,validation
normal_02298,normal,validation
normal_02299,normal,train
normal_02300,normal,train
normal_02301,normal,train
normal_02302,normal,train
normal_02303,normal,train
normal_02304,normal,train
normal_02305,normal,test
normal_02306,normal,train
normal_02307,normal,train
normal_02308,normal,train
normal_02309,normal,test
normal_02310,normal,train
normal_02311,normal,validation
normal_02312,normal,train
normal_02313,normal,validation
normal_02314,normal,train
normal_02315,normal,validation
normal_02316,normal,train
normal_02317,normal,train
normal_02318,normal,test
normal_02319,normal,validation
normal_02320,normal,train
normal_02321,normal,train
normal_02322,normal,train
normal_02323,normal,test
normal_02324,normal,train
normal_02325,normal,train
normal_02326,normal,validation
normal_02327,normal,train
normal_02328,normal,train
normal_02329,normal,test
normal_02330,normal,train
normal_02331,normal,validation
normal_02332,normal,train
normal_02333,normal,train
normal_02334,normal,train
normal_02335,normal,train
normal_02336,normal,train
normal_02337,normal,validation
normal_02338,normal,test
normal_02339,normal,train
normal_02340,normal,train
normal_02341,normal,train
normal_02342,normal,test
normal_02343,normal,train
normal_02344,normal,train
normal_02345,normal,train
normal_02346,normal,validation
normal_02347,normal,test
normal_02348,normal,train
normal_02349,normal,validation
normal_02350,normal,validation
normal_02351,normal,train
normal_02352,normal,validation
normal_02353,normal,train
normal_02354,normal,validation
normal_02355,normal,validation
normal_02356,normal,test
normal_02357,normal,train
normal_02358,normal,validation
normal_02359,normal,train
normal_02360,normal,train
normal_02361,normal,test
normal_02362,normal,train
normal_02363,normal,train
normal_02364,normal,train
normal_02365,normal,validation
normal_02366,normal,train
normal_02367,normal,test
normal_02368,normal,train
normal_02369,normal,train
normal_02370,normal,validation
normal_02371,normal,train
normal_02372,normal,train
normal_02373,normal,train
normal_02374,normal,train
normal_02375,normal,test
normal_02376,normal,train
normal_02377,normal,train
normal_02378,normal,train
normal_02379,normal,train
normal_02380,normal,train
normal_02381,normal,train
normal_02382,normal,train
normal_02383,normal,train
normal_02384,normal,validation
normal_02385,normal,train
normal_02386,normal,train
normal_02387,normal,train
normal_02388,normal,train
normal_02389,normal,train
normal_02390,normal,test
normal_02391,normal,train
normal_02392,normal,test
normal_02393,normal,train
normal_02394,normal,train
normal_02395,normal,train
normal_02396,normal,train
normal_02397,normal,train
normal_02398,normal,train
normal_02399,normal,train
normal_02400,normal,train
normal_02401,normal,train
normal_02402,normal,train
normal_02403,normal,train
normal_02404,normal,train
normal_02405,normal,train
normal_02406,normal,train
normal_02407,normal,train
normal_02408,normal,train
normal_02409,normal,train
normal_02410,normal,validation
normal_02411,normal,train
normal_02412,normal,train
normal_02413,normal,train
normal_02414,normal,validation
normal_02415,normal,train
normal_02416,normal,train
normal_02417,normal,validation
normal_02418,normal,test
normal_02419,normal,train
normal_02420,normal,train
normal_02421,normal,train
normal_02422,normal,test
normal_02423,normal,train
normal_02424,normal,train
normal_02425,normal,train
normal_02426,normal,train
normal_02427,normal,train
normal_02428,normal,train
normal_02429,normal,train
normal_02430,normal,train
normal_02431,normal,test
normal_02432,normal,train
normal_02433,normal,validation
normal_02434,normal,validation
normal_02435,normal,train
normal_02436,normal,train
normal_02437,normal,train
normal_02438,normal,train
normal_02439,normal,train
normal_02440,normal,train
normal_02441,normal,train
normal_02442,normal,train
normal_02443,normal,train
normal_02444,normal,train
normal_02445,normal,train
normal_02446,normal,train
normal_02447,normal,train
normal_02448,normal,test
normal_02449,normal,train
normal_02450,normal,train
normal_02451,normal,train
normal_02452,normal,validation
normal_02453,normal,train
normal_02454,normal,validation
normal_02455,normal,train
normal_02456,normal,validation
normal_02457,normal,validation
normal_02458,normal,train
normal_02459,normal,test
normal_02460,normal,train
normal_02461,normal,train
normal_02462,normal,train
normal_02463,normal,validation
normal_02464,normal,test
normal_02465,normal,train
normal_02466,normal,test
normal_02467,normal,train
normal_02468,normal,train
normal_02469,normal,train
normal_02470,normal,train
normal_02471,normal,train
normal_02472,normal,train
normal_02473,normal,train
normal_02474,normal,train
normal_02475,normal,train
normal_02476,normal,validation
normal_02477,normal,train
normal_02478,normal,validation
normal_02479,normal,train
normal_02480,normal,train
normal_02481,normal,train
normal_02482,normal,train
normal_02483,normal,train
normal_02484,normal,validation
normal_02485,normal,train
normal_02486,normal,test
normal_02487,normal,train
normal_02488,normal,train
normal_02489,normal,test
normal_02490,normal,train
normal_02491,normal,validation
normal_02492,normal,validation
normal_02493,normal,train
normal_02494,normal,train
normal_02495,normal,validation
normal_02496,normal,train
normal_02497,normal,train
normal_02498,normal,validation
normal_02499,normal,train
normal_02500,normal,train
normal_02501,normal,train
normal_02502,normal,train
normal_02503,normal,test
normal_02504,normal,train
normal_02505,normal,train
normal_02506,normal,test
normal_02507,normal,train
normal_02508,normal,validation
normal_02509,normal,validation
normal_02510,normal,train
normal_02511,normal,train
normal_02512,normal,train
normal_02513,normal,train
normal_02514,normal,train
normal_02515,normal,train
normal_02516,normal,test
normal_02517,normal,train
normal_02518,normal,validation
normal_02519,normal,train
normal_02520,normal,train
normal_02521,normal,validation
normal_02522,normal,test
normal_02523,normal,train
normal_02524,normal,train
normal_02525,normal,train
normal_02526,normal,validation
normal_02527,normal,train
normal_02528,normal,train
normal_02529,normal,validation
normal_02530,normal,test
normal_02531,normal,train
normal_02532,normal,train
normal_02533,normal,train
normal_02534,normal,train
normal_02535,normal,train
normal_02536,normal,train
normal_02537,normal,train
normal_02538,normal,train
normal_02539,normal,train
normal_02540,normal,train
normal_02541,normal,train
normal_02542,normal,train
normal_02543,normal,train
normal_02544,normal,train
normal_02545,normal,train
normal_02546,normal,test
normal_02547,normal,train
normal_02548,normal,train
normal_02549,normal,train
normal_02550,normal,validation
normal_02551,normal,test
normal_02552,normal,test
normal_02553,normal,train
normal_02554,normal,test
normal_02555,normal,train
normal_02556,normal,validation
normal_02557,normal,test
normal_02558,normal,train
normal_02559,normal,test
normal_02560,normal,train
normal_02561,normal,train
normal_02562,normal,train
normal_02563,normal,train
normal_02564,normal,train
normal_02565,normal,validation
normal_02566,normal,train
normal_02567,normal,train
normal_02568,normal,train
normal_02569,normal,train
normal_02570,normal,train
normal_02571,normal,train
normal_02572,normal,train
normal_02573,normal,train
normal_02574,normal,train
normal_02575,normal,validation
normal_02576,normal,train
normal_02577,normal,validation
normal_02578,normal,train
normal_02579,normal,test
normal_02580,normal,test
normal_02581,normal,validation
normal_02582,normal,train
normal_02583,normal,train
normal_02584,normal,train
normal_02585,normal,validation
normal_02586,normal,train
normal_02587,normal,test
normal_02588,normal,test
normal_02589,normal,train
normal_02590,normal,train
normal_02591,normal,train
normal_02592,normal,train
normal_02593,normal,train
normal_02594,normal,train
normal_02595,normal,test
normal_02596,normal,train
normal_02597,normal,train
normal_02598,normal,validation
normal_02599,normal,train
normal_02600,normal,train
normal_02601,normal,validation
normal_02602,normal,test
normal_02603,normal,validation
normal_02604,normal,validation
normal_02605,normal,train
normal_02606,normal,train
normal_02607,normal,train
normal_02608,normal,validation
normal_02609,normal,train
normal_02610,normal,train
normal_02611,normal,train
normal_02612,normal,train
normal_02613,normal,validation
normal_02614,normal,validation
normal_02615,normal,train
normal_02616,normal,train
normal_02617,normal,test
normal_02618,normal,train
normal_02619,normal,train
normal_02620,normal,train
normal_02621,normal,train
normal_02622,normal,train
normal_02623,normal,train
normal_02624,normal,train
normal_02625,normal,train
normal_02626,normal,test
normal_02627,normal,train
normal_02628,normal,train
normal_02629,normal,test
normal_02630,normal,train
normal_02631,normal,train
normal_02632,normal,train
normal_02633,normal,test
normal_02634,normal,train
normal_02635,normal,train
normal_02636,normal,train
normal_02637,normal,train
normal_02638,normal,train
normal_02639,normal,train
normal_02640,normal,train
normal_02641,normal,train
normal_02642,normal,train
normal_02643,normal,train
normal_02644,normal,train
normal_02645,normal,train
normal_02646,normal,train
normal_02647,normal,train
normal_02648,normal,test
normal_02649,normal,train
normal_02650,normal,test
normal_02651,normal,train
normal_02652,normal,validation
normal_02653,normal,train
normal_02654,normal,train
normal_02655,normal,train
normal_02656,normal,train
normal_02657,normal,train
normal_02658,normal,train
normal_02659,normal,train
normal_02660,normal,train
normal_02661,normal,train
normal_02662,normal,test
normal_02663,normal,validation
normal_02664,normal,train
normal_02665,normal,train
normal_02666,normal,train
normal_02667,normal,train
normal_02668,normal,train
normal_02669,normal,train
normal_02670,normal,train
normal_02671,normal,train
normal_02672,normal,train
normal_02673,normal,train
normal_02674,normal,train
normal_02675,normal,validation
normal_02676,normal,train
normal_02677,normal,train
normal_02678,normal,validation
normal_02679,normal,validation
normal_02680,normal,train
normal_02681,normal,test
normal_02682,normal,train
normal_02683,normal,validation
normal_02684,normal,train
normal_02685,normal,train
normal_02686,normal,train
normal_02687,normal,test
normal_02688,normal,test
normal_02689,normal,test
normal_02690,normal,validation
normal_02691,normal,train
normal_02692,normal,test
normal_02693,normal,train
normal_02694,normal,train
normal_02695,normal,test
normal_02696,normal,train
normal_02697,normal,train
normal_02698,normal,train
normal_02699,normal,train
normal_02700,normal,train
normal_02701,normal,validation
normal_02702,normal,train
normal_02703,normal,train
normal_02704,normal,test
normal_02705,normal,train
normal_02706,normal,validation
normal_02707,normal,train
normal_02708,normal,train
normal_02709,normal,test
normal_02710,normal,validation
normal_02711,normal,validation
normal_02712,normal,train
normal_02713,normal,train
normal_02714,normal,test
normal_02715,normal,test
normal_02716,normal,train
normal_02717,normal,train
normal_02718,normal,test
normal_02719,normal,test
normal_02720,normal,train
normal_02721,normal,train
normal_02722,normal,train
normal_02723,normal,train
normal_02724,normal,validation
normal_02725,normal,train
normal_02726,normal,test
normal_02727,normal,validation
normal_02728,normal,test
normal_02729,normal,train
normal_02730,normal,train
normal_02731,normal,train
normal_02732,normal,test
normal_02733,normal,train
normal_02734,normal,train
normal_02735,normal,train
normal_02736,normal,train
normal_02737,normal,validation
normal_02738,normal,train
normal_02739,normal,validation
normal_02740,normal,train
normal_02741,normal,train
normal_02742,normal,test
normal_02743,normal,test
normal_02744,normal,train
normal_02745,normal,train
normal_02746,normal,train
normal_02747,normal,train
normal_02748,normal,train
normal_02749,normal,train
normal_02750,normal,train
normal_02751,normal,train
normal_02752,normal,train
normal_02753,normal,test
normal_02754,normal,test
normal_02755,normal,test
normal_02756,normal,validation
normal_02757,normal,validation
normal_02758,normal,validation
normal_02759,normal,train
normal_02760,normal,train
normal_02761,normal,validation
normal_02762,normal,train
normal_02763,normal,test
normal_02764,normal,train
normal_02765,normal,train
normal_02766,normal,train
normal_02767,normal,train
normal_02768,normal,train
normal_02769,normal,train
normal_02770,normal,test
normal_02771,normal,validation
normal_02772,normal,train
normal_02773,normal,train
normal_02774,normal,test
normal_02775,normal,train
normal_02776,normal,train
normal_02777,normal,test
normal_02778,normal,validation
normal_02779,normal,train
normal_02780,normal,train
normal_02781,normal,train
normal_02782,normal,train
normal_02783,normal,train
normal_02784,normal,train
normal_02785,normal,train
normal_02786,normal,train
normal_02787,normal,train
normal_02788,normal,validation
normal_02789,normal,train
normal_02790,normal,test
normal_02791,normal,train
normal_02792,normal,train
normal_02793,normal,train
normal_02794,normal,test
normal_02795,normal,train
normal_02796,normal,train
normal_02797,normal,validation
normal_02798,normal,train
normal_02799,normal,test
normal_02800,normal,test
normal_02801,normal,test
normal_02802,normal,train
normal_02803,normal,train
normal_02804,normal,train
normal_02805,normal,train
normal_02806,normal,train
normal_02807,normal,train
normal_02808,normal,train
normal_02809,normal,test
normal_02810,normal,test
normal_02811,normal,train
normal_02812,normal,train
normal_02813,normal,train
normal_02814,normal,train
normal_02815,normal,train
normal_02816,normal,validation
normal_02817,normal,train
normal_02818,normal,test
normal_02819,normal,validation
normal_02820,normal,train
normal_02821,normal,train
normal_02822,normal,train
normal_02823,normal,train
normal_02824,normal,test
normal_02825,normal,train
normal_02826,normal,train
normal_02827,normal,test
normal_02828,normal,test
normal_02829,normal,train
normal_02830,normal,test
normal_02831,normal,test
normal_02832,normal,train
normal_02833,normal,validation
normal_02834,normal,train
normal_02835,normal,train
normal_02836,normal,train
normal_02837,normal,validation
normal_02838,normal,test
normal_02839,normal,train
normal_02840,normal,test
normal_02841,normal,train
normal_02842,normal,train
normal_02843,normal,test
normal_02844,normal,train
normal_02845,normal,train
normal_02846,normal,train
normal_02847,normal,train
normal_02848,normal,train
normal_02849,normal,validation
normal_02850,normal,train
normal_02851,normal,validation
normal_02852,normal,train
normal_02853,normal,train
normal_02854,normal,train
normal_02855,normal,train
normal_02856,normal,test
normal_02857,normal,train
normal_02858,normal,train
normal_02859,normal,train
normal_02860,normal,train
normal_02861,normal,test
normal_02862,normal,train
normal_02863,normal,train
normal_02864,normal,train
normal_02865,normal,train
normal_02866,normal,train
normal_02867,normal,validation
normal_02868,normal,train
normal_02869,normal,train
normal_02870,normal,train
normal_02871,normal,train
normal_02872,normal,test
normal_02873,normal,validation
normal_02874,normal,train
normal_02875,normal,train
normal_02876,normal,train
normal_02877,normal,train
normal_02878,normal,train
normal_02879,normal,train
normal_02880,normal,test
normal_02881,normal,validation
normal_02882,normal,train
normal_02883,normal,validation
normal_02884,normal,train
normal_02885,normal,validation
normal_02886,normal,train
normal_02887,normal,validation
normal_02888,normal,train
normal_02889,normal,train
normal_02890,normal,train
normal_02891,normal,train
normal_02892,normal,validation
normal_02893,normal,train
normal_02894,normal,train
normal_02895,normal,test
normal_02896,normal,train
normal_02897,normal,train
normal_02898,normal,train
normal_02899,normal,train
normal_02900,normal,train
normal_02901,normal,train
normal_02902,normal,train
normal_02903,normal,train
normal_02904,normal,test
normal_02905,normal,train
normal_02906,normal,test
normal_02907,normal,test
normal_02908,normal,train
normal_02909,normal,validation
normal_02910,normal,train
normal_02911,normal,train
normal_02912,normal,test
normal_02913,normal,train
normal_02914,normal,train
normal_02915,normal,test
normal_02916,normal,train
normal_02917,normal,train
normal_02918,normal,train
normal_02919,normal,train
normal_02920,normal,train
normal_02921,normal,train
normal_02922,normal,train
normal_02923,normal,train
normal_02924,normal,train
normal_02925,normal,train
normal_02926,normal,validation
normal_02927,normal,validation
normal_02928,normal,train
normal_02929,normal,train
normal_02930,normal,train
normal_02931,normal,train
normal_02932,normal,test
normal_02933,normal,validation
normal_02934,normal,validation
normal_02935,normal,test
normal_02936,normal,train
normal_02937,normal,test
normal_02938,normal,train
normal_02939,normal,test
normal_02940,normal,train
normal_02941,normal,train
normal_02942,normal,train
normal_02943,normal,train
normal_02944,normal,train
normal_02945,normal,test
normal_02946,normal,train
normal_02947,normal,train
normal_02948,normal,train
normal_02949,normal,train
normal_02950,normal,validation
normal_02951,normal,train
normal_02952,normal,train
normal_02953,normal,validation
normal_02954,normal,train
normal_02955,normal,test
normal_02956,normal,train
normal_02957,normal,train
normal_02958,normal,train
normal_02959,normal,validation
normal_02960,normal,test
normal_02961,normal,train
normal_02962,normal,train
normal_02963,normal,train
normal_02964,normal,train
normal_02965,normal,train
normal_02966,normal,train
normal_02967,normal,train
normal_02968,normal,train
normal_02969,normal,validation
normal_02970,normal,validation
normal_02971,normal,test
normal_02972,normal,validation
normal_02973,normal,train
normal_02974,normal,train
normal_02975,normal,train
normal_02976,normal,test
normal_02977,normal,train
normal_02978,normal,validation
normal_02979,normal,validation
normal_02980,normal,train
normal_02981,normal,train
normal_02982,normal,test
normal_02983,normal,validation
normal_02984,normal,train
normal_02985,normal,train
normal_02986,normal,test
normal_02987,normal,train
normal_02988,normal,train
normal_02989,normal,train
normal_02990,normal,test
normal_02991,normal,train
normal_02992,normal,train
normal_02993,normal,train
normal_02994,normal,train
normal_02995,normal,train
normal_02996,normal,train
normal_02997,normal,test
normal_02998,normal,train
normal_02999,normal,validation
