device_id,fold
dev_0000002,0
dev_0000003,2
dev_0000006,1
dev_0000007,0
dev_0000008,4
dev_0000009,1
dev_0000012,2
dev_0000013,1
dev_0000014,0
dev_0000015,2
dev_0000016,0
dev_0000017,3
dev_0000018,4
dev_0000019,0
dev_0000020,4
dev_0000021,0
dev_0000022,3
dev_0000023,4
dev_0000024,2
dev_0000026,4
dev_0000027,2
dev_0000029,2
dev_0000030,0
dev_0000031,3
dev_0000033,1
dev_0000035,0
dev_0000036,1
dev_0000037,1
dev_0000039,3
dev_0000041,1
dev_0000042,2
dev_0000043,2
dev_0000044,1
dev_0000046,1
dev_0000048,3
dev_0000049,4
dev_0000050,3
dev_0000051,2
dev_0000052,0
dev_0000053,3
dev_0000055,3
dev_0000056,4
dev_0000057,2
dev_0000058,3
dev_0000059,1
dev_0000060,0
dev_0000062,1
dev_0000063,0
dev_0000065,0
dev_0000066,2
dev_0000067,3
dev_0000068,0
dev_0000069,1
dev_0000071,0
dev_0000072,0
dev_0000073,3
dev_0000074,3
dev_0000075,1
dev_0000076,3
dev_0000077,3
dev_0000079,1
dev_0000080,1
dev_0000083,0
dev_0000084,4
dev_0000085,4
dev_0000086,2
dev_0000087,1
dev_0000088,3
dev_0000090,0
dev_0000091,1
dev_0000092,0
dev_0000093,1
dev_0000094,3
dev_0000095,1
dev_0000096,4
dev_0000097,2
dev_0000100,2
dev_0000102,1
dev_0000103,0
dev_0000104,2
dev_0000105,0
dev_0000107,0
dev_0000108,0
dev_0000109,2
dev_0000111,0
dev_0000112,1
dev_0000113,2
dev_0000115,4
dev_0000116,1
dev_0000117,4
dev_0000118,3
dev_0000119,3
dev_0000121,1
dev_0000122,4
dev_0000123,4
dev_0000124,3
dev_0000126,1
dev_0000127,4
dev_0000128,3
dev_0000129,2
dev_0000130,3
dev_0000132,3
dev_0000133,1
dev_0000134,2
dev_0000135,2
dev_0000140,3
dev_0000141,2
dev_0000142,0
dev_0000143,2
dev_0000144,4
dev_0000145,4
dev_0000146,2
dev_0000147,1
dev_0000148,4
dev_0000149,1
dev_0000150,0
dev_0000151,2
dev_0000153,4
dev_0000154,0
dev_0000155,2
dev_0000156,2
dev_0000157,4
dev_0000158,0
dev_0000159,0
dev_0000160,2
dev_0000161,2
dev_0000162,3
dev_0000164,1
dev_0000165,3
dev_0000166,3
dev_0000167,2
dev_0000168,0
dev_0000169,0
dev_0000170,2
dev_0000171,1
dev_0000172,0
dev_0000173,0
dev_0000174,1
dev_0000175,1
dev_0000176,2
dev_0000178,1
dev_0000179,0
dev_0000180,4
dev_0000181,3
dev_0000182,0
dev_0000183,1
dev_0000184,3
dev_0000185,3
dev_0000186,1
dev_0000187,2
dev_0000188,4
dev_0000189,0
dev_0000191,0
dev_0000192,2
dev_0000193,3
dev_0000194,4
dev_0000195,2
dev_0000196,1
dev_0000197,3
dev_0000198,1
dev_0000200,0
dev_0000201,0
dev_0000202,4
dev_0000203,4
dev_0000205,3
dev_0000206,0
dev_0000207,0
dev_0000208,0
dev_0000209,3
dev_0000210,0
dev_0000211,0
dev_0000212,0
dev_0000213,1
dev_0000214,0
dev_0000215,2
dev_0000216,3
dev_0000217,4
dev_0000218,2
dev_0000219,0
dev_0000220,4
dev_0000222,0
dev_0000223,4
dev_0000224,0
dev_0000225,2
dev_0000226,1
dev_0000227,4
dev_0000228,1
dev_0000229,3
dev_0000230,2
dev_0000231,0
dev_0000232,0
dev_0000233,1
dev_0000234,2
dev_0000235,1
dev_0000237,4
dev_0000238,0
dev_0000239,4
dev_0000240,3
dev_0000241,1
dev_0000242,3
dev_0000243,1
dev_0000246,2
dev_0000247,0
dev_0000249,3
dev_0000250,4
dev_0000252,2
dev_0000253,4
dev_0000254,4
dev_0000255,4
dev_0000256,1
dev_0000257,4
dev_0000258,4
dev_0000259,3
dev_0000260,0
dev_0000261,1
dev_0000262,1
dev_0000263,2
dev_0000264,0
dev_0000265,0
dev_0000266,3
dev_0000267,3
dev_0000268,3
dev_0000269,0
dev_0000270,4
dev_0000271,4
dev_0000272,4
dev_0000274,0
dev_0000275,0
dev_0000276,3
dev_0000277,3
dev_0000278,3
dev_0000279,3
dev_0000280,0
dev_0000281,3
dev_0000283,1
dev_0000285,2
dev_0000286,3
dev_0000287,1
dev_0000288,2
dev_0000289,1
dev_0000290,1
dev_0000291,0
dev_0000292,1
dev_0000293,0
dev_0000294,2
dev_0000295,0
dev_0000296,1
dev_0000297,3
dev_0000298,4
dev_0000299,4
dev_0000302,4
dev_0000304,0
dev_0000306,1
dev_0000308,3
dev_0000310,0
dev_0000311,1
dev_0000312,3
dev_0000313,3
dev_0000314,3
dev_0000315,3
dev_0000318,1
dev_0000320,2
dev_0000321,4
dev_0000324,4
dev_0000326,4
dev_0000328,0
dev_0000329,1
dev_0000330,0
dev_0000331,1
dev_0000333,1
dev_0000334,2
dev_0000337,2
dev_0000339,0
dev_0000341,2
dev_0000342,3
dev_0000344,3
dev_0000345,2
dev_0000346,2
dev_0000347,2
dev_0000348,2
dev_0000349,0
dev_0000351,2
dev_0000353,4
dev_0000354,0
dev_0000356,3
dev_0000357,3
dev_0000358,4
dev_0000359,2
dev_0000360,0
dev_0000361,2
dev_0000362,0
dev_0000363,1
dev_0000365,1
dev_0000367,4
dev_0000368,3
dev_0000370,2
dev_0000371,2
dev_0000372,4
dev_0000373,1
dev_0000374,1
dev_0000376,1
dev_0000377,4
dev_0000379,1
dev_0000381,0
dev_0000382,1
dev_0000383,2
dev_0000384,3
dev_0000385,2
dev_0000387,1
dev_0000388,0
dev_0000389,4
dev_0000391,3
dev_0000392,4
dev_0000393,1
dev_0000394,4
dev_0000395,4
dev_0000396,0
dev_0000397,0
dev_0000398,1
dev_0000399,1
dev_0000400,4
dev_0000401,0
dev_0000402,0
dev_0000403,4
dev_0000405,4
dev_0000407,1
dev_0000408,4
dev_0000409,2
dev_0000410,2
dev_0000411,2
dev_0000412,0
dev_0000413,4
dev_0000414,2
dev_0000415,0
dev_0000418,4
dev_0000421,0
dev_0000422,4
dev_0000423,4
dev_0000424,2
dev_0000426,2
dev_0000427,2
dev_0000428,3
dev_0000429,4
dev_0000430,2
dev_0000431,1
dev_0000433,1
dev_0000434,4
dev_0000435,0
dev_0000436,2
dev_0000437,2
dev_0000438,1
dev_0000439,2
dev_0000440,4
dev_0000441,4
dev_0000442,4
dev_0000443,0
dev_0000444,0
dev_0000445,1
dev_0000446,4
dev_0000447,0
dev_0000448,2
dev_0000449,4
dev_0000451,2
dev_0000452,3
dev_0000453,0
dev_0000454,3
dev_0000456,3
dev_0000457,1
dev_0000458,4
dev_0000460,0
dev_0000461,4
dev_0000462,2
dev_0000463,0
dev_0000464,2
dev_0000465,1
dev_0000466,2
dev_0000467,0
dev_0000469,3
dev_0000472,3
dev_0000474,1
dev_0000475,3
dev_0000476,2
dev_0000477,0
dev_0000478,1
dev_0000480,4
dev_0000481,2
dev_0000482,1
dev_0000483,3
dev_0000485,0
dev_0000487,0
dev_0000488,1
dev_0000489,1
dev_0000491,2
dev_0000492,2
dev_0000496,3
dev_0000497,0
dev_0000498,2
dev_0000499,3
dev_0000501,1
dev_0000502,2
dev_0000503,2
dev_0000504,2
dev_0000505,3
dev_0000506,1
dev_0000507,0
dev_0000508,4
dev_0000509,0
dev_0000510,1
dev_0000512,3
dev_0000513,0
dev_0000515,1
dev_0000516,4
dev_0000517,2
dev_0000519,4
dev_0000520,1
dev_0000522,2
dev_0000524,2
dev_0000525,2
dev_0000526,2
dev_0000527,3
dev_0000528,4
dev_0000529,2
dev_0000530,2
dev_0000531,3
dev_0000532,4
dev_0000533,2
dev_0000536,2
dev_0000537,3
dev_0000539,4
dev_0000540,0
dev_0000541,1
dev_0000542,4
dev_0000543,3
dev_0000546,2
dev_0000547,2
dev_0000548,3
dev_0000549,3
dev_0000550,4
dev_0000551,1
dev_0000552,0
dev_0000553,3
dev_0000554,1
dev_0000555,4
dev_0000556,2
dev_0000557,4
dev_0000558,3
dev_0000560,1
dev_0000561,3
dev_0000566,1
dev_0000567,2
dev_0000568,2
dev_0000569,2
dev_0000572,4
dev_0000573,4
dev_0000574,3
dev_0000575,1
dev_0000576,0
dev_0000578,3
dev_0000579,0
dev_0000580,4
dev_0000581,4
dev_0000583,4
dev_0000584,1
dev_0000587,3
dev_0000589,1
dev_0000591,3
dev_0000592,1
dev_0000593,3
dev_0000595,4
dev_0000596,2
dev_0000598,1
dev_0000600,0
dev_0000601,0
dev_0000602,2
dev_0000603,4
dev_0000604,4
dev_0000605,4
dev_0000607,3
dev_0000608,2
dev_0000609,4
dev_0000610,3
dev_0000611,2
dev_0000612,0
dev_0000613,0
dev_0000614,1
dev_0000615,4
dev_0000616,3
dev_0000617,0
dev_0000618,0
dev_0000619,0
dev_0000620,0
dev_0000621,2
dev_0000622,0
dev_0000624,0
dev_0000625,0
dev_0000626,4
dev_0000627,4
dev_0000628,3
dev_0000629,4
dev_0000631,1
dev_0000632,4
dev_0000633,4
dev_0000635,3
dev_0000636,0
dev_0000637,2
dev_0000638,0
dev_0000639,4
dev_0000640,0
dev_0000641,0
dev_0000642,0
dev_0000644,0
dev_0000645,0
dev_0000647,2
dev_0000648,1
dev_0000650,3
dev_0000651,0
dev_0000652,1
dev_0000653,2
dev_0000655,2
dev_0000656,2
dev_0000657,1
dev_0000659,1
dev_0000660,3
dev_0000661,3
dev_0000662,0
dev_0000663,0
dev_0000664,2
dev_0000665,0
dev_0000666,3
dev_0000668,2
dev_0000670,2
dev_0000671,3
dev_0000672,0
dev_0000673,0
dev_0000674,3
dev_0000676,4
dev_0000677,1
dev_0000678,2
dev_0000679,1
dev_0000680,2
dev_0000681,4
dev_0000682,0
dev_0000683,1
dev_0000686,0
dev_0000687,1
dev_0000688,0
dev_0000689,2
dev_0000691,4
dev_0000692,2
dev_0000693,2
dev_0000694,0
dev_0000695,4
dev_0000696,4
dev_0000697,1
dev_0000698,0
dev_0000700,3
dev_0000701,3
dev_0000702,4
dev_0000703,3
dev_0000704,1
dev_0000705,3
dev_0000707,4
dev_0000708,2
dev_0000709,4
dev_0000710,1
dev_0000711,3
dev_0000712,4
dev_0000714,4
dev_0000715,4
dev_0000716,2
dev_0000718,4
dev_0000719,0
dev_0000720,1
dev_0000721,2
dev_0000723,4
dev_0000724,0
dev_0000725,1
dev_0000726,4
dev_0000727,4
dev_0000728,0
dev_0000729,3
dev_0000730,3
dev_0000731,1
dev_0000734,3
dev_0000735,1
dev_0000736,4
dev_0000737,0
dev_0000741,3
dev_0000742,1
dev_0000743,4
dev_0000744,1
dev_0000745,0
dev_0000747,3
dev_0000748,1
dev_0000749,4
dev_0000750,3
dev_0000752,3
dev_0000753,3
dev_0000756,4
dev_0000757,1
dev_0000758,1
dev_0000759,2
dev_0000761,0
dev_0000762,0
dev_0000763,1
dev_0000764,3
dev_0000765,4
dev_0000767,1
dev_0000768,1
dev_0000769,0
dev_0000770,1
dev_0000772,2
dev_0000773,2
dev_0000774,0
dev_0000775,0
dev_0000777,4
dev_0000778,2
dev_0000779,2
dev_0000782,0
dev_0000783,0
dev_0000784,1
dev_0000786,0
dev_0000788,1
dev_0000789,3
dev_0000790,0
dev_0000792,2
dev_0000794,2
dev_0000795,4
dev_0000796,4
dev_0000797,2
dev_0000798,0
dev_0000799,4
dev_0000800,0
dev_0000801,0
dev_0000803,3
dev_0000805,2
dev_0000808,3
dev_0000810,3
dev_0000811,4
dev_0000812,1
dev_0000814,2
dev_0000815,3
dev_0000817,3
dev_0000821,0
dev_0000822,4
dev_0000823,1
dev_0000824,2
dev_0000825,3
dev_0000827,3
dev_0000829,3
dev_0000832,4
dev_0000833,4
dev_0000834,1
dev_0000835,2
dev_0000838,1
dev_0000841,0
dev_0000843,0
dev_0000844,4
dev_0000846,1
dev_0000847,4
dev_0000848,2
dev_0000849,2
dev_0000850,2
dev_0000851,0
dev_0000852,4
dev_0000853,0
dev_0000854,1
dev_0000855,0
dev_0000857,4
dev_0000858,4
dev_0000859,2
dev_0000860,1
dev_0000861,1
dev_0000862,1
dev_0000864,3
dev_0000865,4
dev_0000866,3
dev_0000867,1
dev_0000868,0
dev_0000869,3
dev_0000870,1
dev_0000873,1
dev_0000875,2
dev_0000876,0
dev_0000877,0
dev_0000878,3
dev_0000880,1
dev_0000881,1
dev_0000882,0
dev_0000883,2
dev_0000884,0
dev_0000885,4
dev_0000886,0
dev_0000887,4
dev_0000888,0
dev_0000889,2
dev_0000890,3
dev_0000891,2
dev_0000892,0
dev_0000893,3
dev_0000894,1
dev_0000895,3
dev_0000897,3
dev_0000898,3
dev_0000899,3
dev_0000900,2
dev_0000902,3
dev_0000903,1
dev_0000905,2
dev_0000907,4
dev_0000908,0
dev_0000909,3
dev_0000910,2
dev_0000911,0
dev_0000912,0
dev_0000913,3
dev_0000914,4
dev_0000916,4
dev_0000917,4
dev_0000918,2
dev_0000919,2
dev_0000920,0
dev_0000921,2
dev_0000922,4
dev_0000923,2
dev_0000924,2
dev_0000926,3
dev_0000928,0
dev_0000929,3
dev_0000931,4
dev_0000932,2
dev_0000934,3
dev_0000935,0
dev_0000936,0
dev_0000938,1
dev_0000939,4
dev_0000940,2
dev_0000941,1
dev_0000942,2
dev_0000943,2
dev_0000944,3
dev_0000948,3
dev_0000949,3
dev_0000950,4
dev_0000951,4
dev_0000952,2
dev_0000955,4
dev_0000957,3
dev_0000958,0
dev_0000959,4
dev_0000960,0
dev_0000962,2
dev_0000964,0
dev_0000965,1
dev_0000966,0
dev_0000967,1
dev_0000969,2
dev_0000971,4
dev_0000972,1
dev_0000973,4
dev_0000974,3
dev_0000975,1
dev_0000976,1
dev_0000977,4
dev_0000979,2
dev_0000980,4
dev_0000981,4
dev_0000982,1
dev_0000983,0
dev_0000985,0
dev_0000986,1
dev_0000987,1
dev_0000988,1
dev_0000989,0
dev_0000990,1
dev_0000991,0
dev_0000993,4
dev_0000994,1
dev_0000995,3
dev_0000997,0
dev_0000998,0
dev_0000999,0
dev_0001000,0
dev_0001002,2
dev_0001003,3
dev_0001004,4
dev_0001008,0
dev_0001009,4
dev_0001010,3
dev_0001011,3
dev_0001012,4
dev_0001013,2
dev_0001014,1
dev_0001015,1
dev_0001016,3
dev_0001017,1
dev_0001018,2
dev_0001019,2
dev_0001020,0
dev_0001022,3
dev_0001023,4
dev_0001024,2
dev_0001025,0
dev_0001026,1
dev_0001028,4
dev_0001029,2
dev_0001032,2
dev_0001033,4
dev_0001034,2
dev_0001035,2
dev_0001036,3
dev_0001038,0
dev_0001040,3
dev_0001041,4
dev_0001042,0
dev_0001044,1
dev_0001045,3
dev_0001047,0
dev_0001048,3
dev_0001049,2
dev_0001050,1
dev_0001051,3
dev_0001053,4
dev_0001054,4
dev_0001055,4
dev_0001056,2
dev_0001057,2
dev_0001059,0
dev_0001060,1
dev_0001061,4
dev_0001062,0
dev_0001063,4
dev_0001064,1
dev_0001065,1
dev_0001066,2
dev_0001068,2
dev_0001069,2
dev_0001070,4
dev_0001071,4
dev_0001072,2
dev_0001074,4
dev_0001076,0
dev_0001077,1
dev_0001078,2
dev_0001079,3
dev_0001080,1
dev_0001081,0
dev_0001082,3
dev_0001083,1
dev_0001084,2
dev_0001085,2
dev_0001086,3
dev_0001087,4
dev_0001088,1
dev_0001089,3
dev_0001090,1
dev_0001091,2
dev_0001093,1
dev_0001095,1
dev_0001096,3
dev_0001098,1
dev_0001099,0
dev_0001100,4
dev_0001101,4
dev_0001102,0
dev_0001104,2
dev_0001105,0
dev_0001106,2
dev_0001107,0
dev_0001108,1
dev_0001109,3
dev_0001110,3
dev_0001111,1
dev_0001112,2
dev_0001114,4
dev_0001115,0
dev_0001116,2
dev_0001117,3
dev_0001118,3
dev_0001120,1
dev_0001121,1
dev_0001122,4
dev_0001123,4
dev_0001124,3
dev_0001126,1
dev_0001127,1
dev_0001129,2
dev_0001131,2
dev_0001132,2
dev_0001133,4
dev_0001134,4
dev_0001135,4
dev_0001136,4
dev_0001137,0
dev_0001138,2
dev_0001139,2
dev_0001140,2
dev_0001141,4
dev_0001142,0
dev_0001143,3
dev_0001144,1
dev_0001145,4
dev_0001146,1
dev_0001148,4
dev_0001149,1
dev_0001150,3
dev_0001151,4
dev_0001152,2
dev_0001153,4
dev_0001154,3
dev_0001155,2
dev_0001157,0
dev_0001159,2
dev_0001160,1
dev_0001162,4
dev_0001163,3
dev_0001164,0
dev_0001165,3
dev_0001166,1
dev_0001167,1
dev_0001168,1
dev_0001169,2
dev_0001170,4
dev_0001171,4
dev_0001172,1
dev_0001173,2
dev_0001174,0
dev_0001175,1
dev_0001176,4
dev_0001177,1
dev_0001178,2
dev_0001179,4
dev_0001180,1
dev_0001181,4
dev_0001183,2
dev_0001184,1
dev_0001185,2
dev_0001186,1
dev_0001187,4
dev_0001188,1
dev_0001189,4
dev_0001192,1
dev_0001193,0
dev_0001195,1
dev_0001196,2
dev_0001197,0
dev_0001198,1
dev_0001200,2
dev_0001201,0
dev_0001202,3
dev_0001203,3
dev_0001204,3
dev_0001205,2
dev_0001206,2
dev_0001207,1
dev_0001208,4
dev_0001209,0
dev_0001211,3
dev_0001215,0
dev_0001216,3
dev_0001217,3
dev_0001218,0
dev_0001219,1
dev_0001220,3
dev_0001221,3
dev_0001222,4
dev_0001223,2
dev_0001224,4
dev_0001226,1
dev_0001228,4
dev_0001229,3
dev_0001230,4
dev_0001231,0
dev_0001233,2
dev_0001234,0
dev_0001236,2
dev_0001237,1
dev_0001238,2
dev_0001239,2
dev_0001241,1
dev_0001242,1
dev_0001243,1
dev_0001244,1
dev_0001245,4
dev_0001246,4
dev_0001247,4
dev_0001248,3
dev_0001249,4
dev_0001250,3
dev_0001251,2
dev_0001252,2
dev_0001254,3
dev_0001255,2
dev_0001256,4
dev_0001257,0
dev_0001258,1
dev_0001260,2
dev_0001261,3
dev_0001262,1
dev_0001263,1
dev_0001264,3
dev_0001266,3
dev_0001267,3
dev_0001268,0
dev_0001270,2
dev_0001272,0
dev_0001273,3
dev_0001274,1
dev_0001275,4
dev_0001276,1
dev_0001278,3
dev_0001279,2
dev_0001280,4
dev_0001282,1
dev_0001283,0
dev_0001284,4
dev_0001286,1
dev_0001287,3
dev_0001288,4
dev_0001289,3
dev_0001290,2
dev_0001291,0
dev_0001292,4
dev_0001293,4
dev_0001294,2
dev_0001295,1
dev_0001296,1
dev_0001297,3
dev_0001299,4
dev_0001300,3
dev_0001301,2
dev_0001302,3
dev_0001304,4
dev_0001305,2
dev_0001306,2
dev_0001307,2
dev_0001308,4
dev_0001309,3
dev_0001311,4
dev_0001312,3
dev_0001313,3
dev_0001315,0
dev_0001316,0
dev_0001317,2
dev_0001318,1
dev_0001319,0
dev_0001321,2
dev_0001322,2
dev_0001325,3
dev_0001326,3
dev_0001328,2
dev_0001330,1
dev_0001331,1
dev_0001332,3
dev_0001333,0
dev_0001335,4
dev_0001336,1
dev_0001337,0
dev_0001340,2
dev_0001341,2
dev_0001342,3
dev_0001343,0
dev_0001344,4
dev_0001345,2
dev_0001346,0
dev_0001347,0
dev_0001348,3
dev_0001351,3
dev_0001352,0
dev_0001353,3
dev_0001354,3
dev_0001355,1
dev_0001356,4
dev_0001357,0
dev_0001358,0
dev_0001359,2
dev_0001360,0
dev_0001361,1
dev_0001362,2
dev_0001363,0
dev_0001365,4
dev_0001366,2
dev_0001368,0
dev_0001369,0
dev_0001371,3
dev_0001372,0
dev_0001373,4
dev_0001374,3
dev_0001375,3
dev_0001376,0
dev_0001377,2
dev_0001378,2
dev_0001379,2
dev_0001380,0
dev_0001382,0
dev_0001383,4
dev_0001385,2
dev_0001386,0
dev_0001387,4
dev_0001388,3
dev_0001389,4
dev_0001392,1
dev_0001393,2
dev_0001395,4
dev_0001396,0
dev_0001397,2
dev_0001398,2
dev_0001399,2
dev_0001400,2
dev_0001402,1
dev_0001403,2
dev_0001404,0
dev_0001405,4
dev_0001406,4
dev_0001407,0
dev_0001408,2
dev_0001410,3
dev_0001412,2
dev_0001413,4
dev_0001414,4
dev_0001415,1
dev_0001416,1
dev_0001417,1
dev_0001419,2
dev_0001420,1
dev_0001422,0
dev_0001423,2
dev_0001424,3
dev_0001425,1
dev_0001427,2
dev_0001428,1
dev_0001429,0
dev_0001430,0
dev_0001431,3
dev_0001432,1
dev_0001434,1
dev_0001436,1
dev_0001437,2
dev_0001438,1
dev_0001439,3
dev_0001440,2
dev_0001441,1
dev_0001442,1
dev_0001443,3
dev_0001444,4
dev_0001445,4
dev_0001446,1
dev_0001449,2
dev_0001451,3
dev_0001453,4
dev_0001454,1
dev_0001455,3
dev_0001457,2
dev_0001460,0
dev_0001461,0
dev_0001462,3
dev_0001463,1
dev_0001464,0
dev_0001465,2
dev_0001466,0
dev_0001467,2
dev_0001468,2
dev_0001471,2
dev_0001472,3
dev_0001473,3
dev_0001475,2
dev_0001476,4
dev_0001477,0
dev_0001478,3
dev_0001479,4
dev_0001480,0
dev_0001481,3
dev_0001483,4
dev_0001484,0
dev_0001485,1
dev_0001486,3
dev_0001487,2
dev_0001488,3
dev_0001489,4
dev_0001491,3
dev_0001493,3
dev_0001494,2
dev_0001495,0
dev_0001496,3
dev_0001497,4
dev_0001499,1
dev_0001500,3
dev_0001501,2
dev_0001503,3
dev_0001504,3
dev_0001506,1
dev_0001507,0
dev_0001508,3
dev_0001510,3
dev_0001511,4
dev_0001512,4
dev_0001513,1
dev_0001514,3
dev_0001515,2
dev_0001516,2
dev_0001517,4
dev_0001518,0
dev_0001519,4
dev_0001520,2
dev_0001521,4
dev_0001522,4
dev_0001523,3
dev_0001524,2
dev_0001526,3
dev_0001528,2
dev_0001529,3
dev_0001530,4
dev_0001532,1
dev_0001533,4
dev_0001535,1
dev_0001536,2
dev_0001537,0
dev_0001538,2
dev_0001539,1
dev_0001541,3
dev_0001542,1
dev_0001544,3
dev_0001545,1
dev_0001546,0
dev_0001547,4
dev_0001549,0
dev_0001550,1
dev_0001551,4
dev_0001553,3
dev_0001554,0
dev_0001555,3
dev_0001556,1
dev_0001557,0
dev_0001558,1
dev_0001559,4
dev_0001560,1
dev_0001563,1
dev_0001564,3
dev_0001565,1
dev_0001567,2
dev_0001568,2
dev_0001569,3
dev_0001570,2
dev_0001571,1
dev_0001572,4
dev_0001573,2
dev_0001574,0
dev_0001575,3
dev_0001576,3
dev_0001577,3
dev_0001578,0
dev_0001581,1
dev_0001582,4
dev_0001583,0
dev_0001585,1
dev_0001586,2
dev_0001588,0
dev_0001589,1
dev_0001590,2
dev_0001591,1
dev_0001592,0
dev_0001593,4
dev_0001594,3
dev_0001595,2
dev_0001597,2
dev_0001598,4
dev_0001599,3
dev_0001601,1
dev_0001602,1
dev_0001604,2
dev_0001605,4
dev_0001606,3
dev_0001607,0
dev_0001609,1
dev_0001610,4
dev_0001611,0
dev_0001612,0
dev_0001613,4
dev_0001615,4
dev_0001616,0
dev_0001617,0
dev_0001618,2
dev_0001620,4
dev_0001622,0
dev_0001625,0
dev_0001627,2
dev_0001628,3
dev_0001630,4
dev_0001631,2
dev_0001632,0
dev_0001634,0
dev_0001635,0
dev_0001636,2
dev_0001637,3
dev_0001639,4
dev_0001641,1
dev_0001642,1
dev_0001643,4
dev_0001645,2
dev_0001647,4
dev_0001649,3
dev_0001651,3
dev_0001653,1
dev_0001655,4
dev_0001656,0
dev_0001657,4
dev_0001659,1
dev_0001660,2
dev_0001661,4
dev_0001662,4
dev_0001663,4
dev_0001664,3
dev_0001665,4
dev_0001666,1
dev_0001667,2
dev_0001668,4
dev_0001669,3
dev_0001670,3
dev_0001673,3
dev_0001674,4
dev_0001675,2
dev_0001676,1
dev_0001677,1
dev_0001678,2
dev_0001679,4
dev_0001680,0
dev_0001681,3
dev_0001682,1
dev_0001683,2
dev_0001684,4
dev_0001685,4
dev_0001686,2
dev_0001687,4
dev_0001689,4
dev_0001690,3
dev_0001691,4
dev_0001692,4
dev_0001693,0
dev_0001694,2
dev_0001695,1
dev_0001696,0
dev_0001697,2
dev_0001698,4
dev_0001699,0
dev_0001700,1
dev_0001701,0
dev_0001702,1
dev_0001703,3
dev_0001704,4
dev_0001705,1
dev_0001707,0
dev_0001708,4
dev_0001709,4
dev_0001710,1
dev_0001711,4
dev_0001712,4
dev_0001713,4
dev_0001714,1
dev_0001715,3
dev_0001716,3
dev_0001717,0
dev_0001718,2
dev_0001719,4
dev_0001721,1
dev_0001723,3
dev_0001724,3
dev_0001725,0
dev_0001726,0
dev_0001727,4
dev_0001728,0
dev_0001729,3
dev_0001731,0
dev_0001732,2
dev_0001733,4
dev_0001734,3
dev_0001736,4
dev_0001739,4
dev_0001741,4
dev_0001742,4
dev_0001743,1
dev_0001744,0
dev_0001745,0
dev_0001746,0
dev_0001747,3
dev_0001748,0
dev_0001749,1
dev_0001750,1
dev_0001751,0
dev_0001752,0
dev_0001754,2
dev_0001755,0
dev_0001757,2
dev_0001758,2
dev_0001759,1
dev_0001760,4
dev_0001761,0
dev_0001762,2
dev_0001764,4
dev_0001765,3
dev_0001766,4
dev_0001767,1
dev_0001768,3
dev_0001769,2
dev_0001770,0
dev_0001771,4
dev_0001772,4
dev_0001774,2
dev_0001775,1
dev_0001776,1
dev_0001778,1
dev_0001779,2
dev_0001780,1
dev_0001781,3
dev_0001782,3
dev_0001783,1
dev_0001784,1
dev_0001788,1
dev_0001789,1
dev_0001790,1
dev_0001791,4
dev_0001792,2
dev_0001793,4
dev_0001794,1
dev_0001795,0
dev_0001796,1
dev_0001797,1
dev_0001798,4
dev_0001799,4
dev_0001800,3
dev_0001801,0
dev_0001802,4
dev_0001805,0
dev_0001806,3
dev_0001807,1
dev_0001808,2
dev_0001809,2
dev_0001810,0
dev_0001811,2
dev_0001813,0
dev_0001814,2
dev_0001815,0
dev_0001816,4
dev_0001817,1
dev_0001819,3
dev_0001820,4
dev_0001821,2
dev_0001822,3
dev_0001824,2
dev_0001826,2
dev_0001827,4
dev_0001828,1
dev_0001829,4
dev_0001831,3
dev_0001832,2
dev_0001833,1
dev_0001834,3
dev_0001835,1
dev_0001836,3
dev_0001837,2
dev_0001839,2
dev_0001840,1
dev_0001841,0
dev_0001842,4
dev_0001844,2
dev_0001846,2
dev_0001847,3
dev_0001848,4
dev_0001850,4
dev_0001851,3
dev_0001852,2
dev_0001854,3
dev_0001855,1
dev_0001856,0
dev_0001858,2
dev_0001859,0
dev_0001860,0
dev_0001861,1
dev_0001862,3
dev_0001863,0
dev_0001865,1
dev_0001866,1
dev_0001867,4
dev_0001868,3
dev_0001869,3
dev_0001870,3
dev_0001871,0
dev_0001872,4
dev_0001873,4
dev_0001874,1
dev_0001875,0
dev_0001878,3
dev_0001879,4
dev_0001880,1
dev_0001881,3
dev_0001883,2
dev_0001885,2
dev_0001886,2
dev_0001887,2
dev_0001890,3
dev_0001891,4
dev_0001892,2
dev_0001894,4
dev_0001895,1
dev_0001896,3
dev_0001897,4
dev_0001898,4
dev_0001900,3
dev_0001901,3
dev_0001902,4
dev_0001903,2
dev_0001904,0
dev_0001905,0
dev_0001906,3
dev_0001907,3
dev_0001908,1
dev_0001909,0
dev_0001910,1
dev_0001911,4
dev_0001912,3
dev_0001913,4
dev_0001914,1
dev_0001915,1
dev_0001916,1
dev_0001917,3
dev_0001918,3
dev_0001919,4
dev_0001920,4
dev_0001921,3
dev_0001924,0
dev_0001925,3
dev_0001926,0
dev_0001927,3
dev_0001928,0
dev_0001930,2
dev_0001931,4
dev_0001932,4
dev_0001933,0
dev_0001934,4
dev_0001935,4
dev_0001937,3
dev_0001938,1
dev_0001940,1
dev_0001941,1
dev_0001942,1
dev_0001943,3
dev_0001944,3
dev_0001945,3
dev_0001946,1
dev_0001947,0
dev_0001948,0
dev_0001949,2
dev_0001950,2
dev_0001951,2
dev_0001952,2
dev_0001953,4
dev_0001954,4
dev_0001955,2
dev_0001956,0
dev_0001957,2
dev_0001959,3
dev_0001960,1
dev_0001961,3
dev_0001962,2
dev_0001963,4
dev_0001965,0
dev_0001967,0
dev_0001968,0
dev_0001969,1
dev_0001970,0
dev_0001971,1
dev_0001973,1
dev_0001974,3
dev_0001975,0
dev_0001977,4
dev_0001979,2
dev_0001980,3
dev_0001981,1
dev_0001984,3
dev_0001986,3
dev_0001987,0
dev_0001988,3
dev_0001989,1
dev_0001990,3
dev_0001991,4
dev_0001993,0
dev_0001994,4
dev_0001996,2
dev_0001997,3
dev_0001998,3
dev_0001999,1
dev_0002000,3
dev_0002001,0
dev_0002002,0
dev_0002004,3
dev_0002005,4
dev_0002007,3
dev_0002008,3
dev_0002009,3
dev_0002010,1
dev_0002011,0
dev_0002012,3
dev_0002013,0
dev_0002014,0
dev_0002016,1
dev_0002017,4
dev_0002019,1
dev_0002022,0
dev_0002023,4
dev_0002024,4
dev_0002025,2
dev_0002029,0
dev_0002030,3
dev_0002032,1
dev_0002033,1
dev_0002034,3
dev_0002035,3
dev_0002036,3
dev_0002037,2
dev_0002039,4
dev_0002040,0
dev_0002041,4
dev_0002042,4
dev_0002043,4
dev_0002044,0
dev_0002045,0
dev_0002046,2
dev_0002048,2
dev_0002049,3
dev_0002051,1
dev_0002052,1
dev_0002055,3
dev_0002056,4
dev_0002057,2
dev_0002058,3
dev_0002059,3
dev_0002060,2
dev_0002061,1
dev_0002062,1
dev_0002064,1
dev_0002066,4
dev_0002068,2
dev_0002069,4
dev_0002070,4
dev_0002071,0
dev_0002072,3
dev_0002073,4
dev_0002074,0
dev_0002075,4
dev_0002076,0
dev_0002077,0
dev_0002079,3
dev_0002080,2
dev_0002081,0
dev_0002082,2
dev_0002083,4
dev_0002087,2
dev_0002088,2
dev_0002089,4
dev_0002090,2
dev_0002092,0
dev_0002095,0
dev_0002096,3
dev_0002097,2
dev_0002098,1
dev_0002100,2
dev_0002101,1
dev_0002102,4
dev_0002103,4
dev_0002104,0
dev_0002105,0
dev_0002106,3
dev_0002107,3
dev_0002108,2
dev_0002110,1
dev_0002111,4
dev_0002112,1
dev_0002113,0
dev_0002114,4
dev_0002116,0
dev_0002117,1
dev_0002118,0
dev_0002119,1
dev_0002120,0
dev_0002121,4
dev_0002122,2
dev_0002123,0
dev_0002124,0
dev_0002125,0
dev_0002126,2
dev_0002127,1
dev_0002128,3
dev_0002129,2
dev_0002130,0
dev_0002131,1
dev_0002132,4
dev_0002133,3
dev_0002134,3
dev_0002135,0
dev_0002136,3
dev_0002137,4
dev_0002138,4
dev_0002139,0
dev_0002141,0
dev_0002142,2
dev_0002143,2
dev_0002144,1
dev_0002149,4
dev_0002150,2
dev_0002151,0
dev_0002152,2
dev_0002153,2
dev_0002154,2
dev_0002155,2
dev_0002156,0
dev_0002157,0
dev_0002159,2
dev_0002160,0
dev_0002161,0
dev_0002162,2
dev_0002163,0
dev_0002164,1
dev_0002165,1
dev_0002166,2
dev_0002168,1
dev_0002169,2
dev_0002170,3
dev_0002171,4
dev_0002172,0
dev_0002173,4
dev_0002174,2
dev_0002175,1
dev_0002176,0
dev_0002177,4
dev_0002178,0
dev_0002180,4
dev_0002181,4
dev_0002182,2
dev_0002183,2
dev_0002184,1
dev_0002185,4
dev_0002186,1
dev_0002187,1
dev_0002188,3
dev_0002189,1
dev_0002190,2
dev_0002191,1
dev_0002192,3
dev_0002193,2
dev_0002194,3
dev_0002197,4
dev_0002198,3
dev_0002200,2
dev_0002201,2
dev_0002202,2
dev_0002203,4
dev_0002204,0
dev_0002205,2
dev_0002206,3
dev_0002207,3
dev_0002208,3
dev_0002209,1
dev_0002210,0
dev_0002212,0
dev_0002213,1
dev_0002214,0
dev_0002215,2
dev_0002217,3
dev_0002218,1
dev_0002219,1
dev_0002220,0
dev_0002221,0
dev_0002223,0
dev_0002224,2
dev_0002225,0
dev_0002227,2
dev_0002230,2
dev_0002231,1
dev_0002232,1
dev_0002233,2
dev_0002234,4
dev_0002236,0
dev_0002238,1
dev_0002240,3
dev_0002241,2
dev_0002242,2
dev_0002243,2
dev_0002244,3
dev_0002245,2
dev_0002246,4
dev_0002249,3
dev_0002251,4
dev_0002254,3
dev_0002255,1
dev_0002257,4
dev_0002258,2
dev_0002260,0
dev_0002261,2
dev_0002262,3
dev_0002263,0
dev_0002264,2
dev_0002265,3
dev_0002266,2
dev_0002267,4
dev_0002270,1
dev_0002271,4
dev_0002272,1
dev_0002273,0
dev_0002274,4
dev_0002275,1
dev_0002277,1
dev_0002278,4
dev_0002279,3
dev_0002280,0
dev_0002281,1
dev_0002283,3
dev_0002284,1
dev_0002285,0
dev_0002286,4
dev_0002287,0
dev_0002288,1
dev_0002289,1
dev_0002290,4
dev_0002291,2
dev_0002293,3
dev_0002294,0
dev_0002295,3
dev_0002296,4
dev_0002297,0
dev_0002298,3
dev_0002299,0
dev_0002300,3
dev_0002301,1
dev_0002302,2
dev_0002303,0
dev_0002304,3
dev_0002305,1
dev_0002306,1
dev_0002307,3
dev_0002308,1
dev_0002309,0
dev_0002310,3
dev_0002311,3
dev_0002312,1
dev_0002313,3
dev_0002314,4
dev_0002316,3
dev_0002318,1
dev_0002319,3
dev_0002320,1
dev_0002321,0
dev_0002322,3
dev_0002323,0
dev_0002324,1
dev_0002325,3
dev_0002326,0
dev_0002327,3
dev_0002328,0
dev_0002329,4
dev_0002330,1
dev_0002331,0
dev_0002332,2
dev_0002333,1
dev_0002334,1
dev_0002335,1
dev_0002336,4
dev_0002337,3
dev_0002338,1
dev_0002340,2
dev_0002341,3
dev_0002343,4
dev_0002344,2
dev_0002345,3
dev_0002346,1
dev_0002348,0
dev_0002349,0
dev_0002350,1
dev_0002352,0
dev_0002354,1
dev_0002356,4
dev_0002357,2
dev_0002358,4
dev_0002359,0
dev_0002361,3
dev_0002362,1
dev_0002364,2
dev_0002365,3
dev_0002366,4
dev_0002367,0
dev_0002368,1
dev_0002369,3
dev_0002370,2
dev_0002372,3
dev_0002373,4
dev_0002374,2
dev_0002375,3
dev_0002376,4
dev_0002377,3
dev_0002378,4
dev_0002381,1
dev_0002382,4
dev_0002383,3
dev_0002385,1
dev_0002387,1
dev_0002388,1
dev_0002389,4
dev_0002390,3
dev_0002391,1
dev_0002392,4
dev_0002393,4
dev_0002394,3
dev_0002395,4
dev_0002396,2
dev_0002397,2
dev_0002398,4
dev_0002399,3
dev_0002403,2
dev_0002404,4
dev_0002405,1
dev_0002411,2
dev_0002413,1
dev_0002416,3
dev_0002417,4
dev_0002419,3
dev_0002420,0
dev_0002423,4
dev_0002426,2
dev_0002427,2
dev_0002428,3
dev_0002429,4
dev_0002430,1
dev_0002431,2
dev_0002432,1
dev_0002433,3
dev_0002434,0
dev_0002435,2
dev_0002436,3
dev_0002437,3
dev_0002438,1
dev_0002439,3
dev_0002440,1
dev_0002441,4
dev_0002442,2
dev_0002443,3
dev_0002445,0
dev_0002446,3
dev_0002449,2
dev_0002451,2
dev_0002452,3
dev_0002454,2
dev_0002455,4
dev_0002456,1
dev_0002457,0
dev_0002458,4
dev_0002459,3
dev_0002460,3
dev_0002461,1
dev_0002462,3
dev_0002463,1
dev_0002464,1
dev_0002465,4
dev_0002466,1
dev_0002467,0
dev_0002469,2
dev_0002470,3
dev_0002471,0
dev_0002472,0
dev_0002477,1
dev_0002478,1
dev_0002480,0
dev_0002481,0
dev_0002483,1
dev_0002484,2
dev_0002485,0
dev_0002487,1
dev_0002488,0
dev_0002489,1
dev_0002490,4
dev_0002492,1
dev_0002493,2
dev_0002494,2
dev_0002495,2
dev_0002496,0
dev_0002497,4
dev_0002498,0
dev_0002500,3
dev_0002501,3
dev_0002502,2
dev_0002504,2
dev_0002505,1
dev_0002506,2
dev_0002508,1
dev_0002509,2
dev_0002510,4
dev_0002511,2
dev_0002512,2
dev_0002514,0
dev_0002515,1
dev_0002516,1
dev_0002517,2
dev_0002519,3
dev_0002520,3
dev_0002522,1
dev_0002523,3
dev_0002524,2
dev_0002525,0
dev_0002526,4
dev_0002527,2
dev_0002528,3
dev_0002530,1
dev_0002532,2
dev_0002533,2
dev_0002534,0
dev_0002535,4
dev_0002536,2
dev_0002538,0
dev_0002540,4
dev_0002541,4
dev_0002542,3
dev_0002543,2
dev_0002545,4
dev_0002546,2
dev_0002547,1
dev_0002549,3
dev_0002550,2
dev_0002551,2
dev_0002552,0
dev_0002553,4
dev_0002554,3
dev_0002555,1
dev_0002556,2
dev_0002557,0
dev_0002558,4
dev_0002559,1
dev_0002560,0
dev_0002561,2
dev_0002564,4
dev_0002567,1
dev_0002568,1
dev_0002569,1
dev_0002571,1
dev_0002572,1
dev_0002574,2
dev_0002575,4
dev_0002576,2
dev_0002577,0
dev_0002578,3
dev_0002581,1
dev_0002582,1
dev_0002583,0
dev_0002586,4
dev_0002587,1
dev_0002588,1
dev_0002589,2
dev_0002591,0
dev_0002592,1
dev_0002593,4
dev_0002594,2
dev_0002595,3
dev_0002598,0
dev_0002600,0
dev_0002601,4
dev_0002602,4
dev_0002603,4
dev_0002604,2
dev_0002605,3
dev_0002606,2
dev_0002607,4
dev_0002608,4
dev_0002609,3
dev_0002610,4
dev_0002611,4
dev_0002612,1
dev_0002613,0
dev_0002614,1
dev_0002615,3
dev_0002617,0
dev_0002619,1
dev_0002620,1
dev_0002621,3
dev_0002622,3
dev_0002624,2
dev_0002626,0
dev_0002627,3
dev_0002628,3
dev_0002629,4
dev_0002631,2
dev_0002632,3
dev_0002633,4
dev_0002634,3
dev_0002635,1
dev_0002636,3
dev_0002637,1
dev_0002638,3
dev_0002640,4
dev_0002641,3
dev_0002642,1
dev_0002643,0
dev_0002644,2
dev_0002645,1
dev_0002649,0
dev_0002650,4
dev_0002651,2
dev_0002652,2
dev_0002653,2
dev_0002654,2
dev_0002655,1
dev_0002657,2
dev_0002658,4
dev_0002659,1
dev_0002660,0
dev_0002661,0
dev_0002662,0
dev_0002663,0
dev_0002664,4
dev_0002666,0
dev_0002667,3
dev_0002668,2
dev_0002669,4
dev_0002670,4
dev_0002671,4
dev_0002672,3
dev_0002673,1
dev_0002674,0
dev_0002675,0
dev_0002676,2
dev_0002677,0
dev_0002678,4
dev_0002679,2
dev_0002680,3
dev_0002681,4
dev_0002683,1
dev_0002685,2
dev_0002686,3
dev_0002687,0
dev_0002688,2
dev_0002689,0
dev_0002690,4
dev_0002691,0
dev_0002693,1
dev_0002694,0
dev_0002697,4
dev_0002698,3
dev_0002699,4
dev_0002700,1
dev_0002701,4
dev_0002702,4
dev_0002703,2
dev_0002705,3
dev_0002706,0
dev_0002709,1
dev_0002710,4
dev_0002711,3
dev_0002712,3
dev_0002713,0
dev_0002714,3
dev_0002718,2
dev_0002719,0
dev_0002722,1
dev_0002723,1
dev_0002725,3
dev_0002726,1
dev_0002727,4
dev_0002728,0
dev_0002729,1
dev_0002730,3
dev_0002731,3
dev_0002732,0
dev_0002733,2
dev_0002734,4
dev_0002736,3
dev_0002737,3
dev_0002738,2
dev_0002739,1
dev_0002740,2
dev_0002741,0
dev_0002742,3
dev_0002743,2
dev_0002744,0
dev_0002746,1
dev_0002748,1
dev_0002749,2
dev_0002751,2
dev_0002752,4
dev_0002753,1
dev_0002754,2
dev_0002755,4
dev_0002756,4
dev_0002759,1
dev_0002760,1
dev_0002763,4
dev_0002764,1
dev_0002767,0
dev_0002768,2
dev_0002769,4
dev_0002770,2
dev_0002772,0
dev_0002773,3
dev_0002774,3
dev_0002775,0
dev_0002776,1
dev_0002777,3
dev_0002778,1
dev_0002779,4
dev_0002780,1
dev_0002781,2
dev_0002783,1
dev_0002785,0
dev_0002786,3
dev_0002787,2
dev_0002788,3
dev_0002790,0
dev_0002791,2
dev_0002793,4
dev_0002794,0
dev_0002796,2
dev_0002797,0
dev_0002798,1
dev_0002799,0
dev_0002800,1
dev_0002801,2
dev_0002803,2
dev_0002804,4
dev_0002806,3
dev_0002807,0
dev_0002808,3
dev_0002809,0
dev_0002810,0
dev_0002811,2
dev_0002813,4
dev_0002814,4
dev_0002816,3
dev_0002817,2
dev_0002821,4
dev_0002822,3
dev_0002823,1
dev_0002824,3
dev_0002825,1
dev_0002827,1
dev_0002828,4
dev_0002829,1
dev_0002830,2
dev_0002831,0
dev_0002832,2
dev_0002834,0
dev_0002835,1
dev_0002836,3
dev_0002837,1
dev_0002838,4
dev_0002839,3
dev_0002840,4
dev_0002841,0
dev_0002842,0
dev_0002843,3
dev_0002845,0
dev_0002846,0
dev_0002847,4
dev_0002848,2
dev_0002849,0
dev_0002850,0
dev_0002851,4
dev_0002852,4
dev_0002853,2
dev_0002854,3
dev_0002855,1
dev_0002856,0
dev_0002858,1
dev_0002859,3
dev_0002860,0
dev_0002861,1
dev_0002863,0
dev_0002864,1
dev_0002865,0
dev_0002866,4
dev_0002868,4
dev_0002869,2
dev_0002871,0
dev_0002872,0
dev_0002874,4
dev_0002876,2
dev_0002878,0
dev_0002879,4
dev_0002880,4
dev_0002881,1
dev_0002882,0
dev_0002883,1
dev_0002885,1
dev_0002886,3
dev_0002888,4
dev_0002890,1
dev_0002891,3
dev_0002892,1
dev_0002893,1
dev_0002895,1
dev_0002896,1
dev_0002899,2
dev_0002900,4
dev_0002901,2
dev_0002902,1
dev_0002903,0
dev_0002904,0
dev_0002905,0
dev_0002906,1
dev_0002907,3
dev_0002908,2
dev_0002909,4
dev_0002911,2
dev_0002912,0
dev_0002913,3
dev_0002915,0
dev_0002917,2
dev_0002919,1
dev_0002920,1
dev_0002921,1
dev_0002922,0
dev_0002923,0
dev_0002924,1
dev_0002925,4
dev_0002927,4
dev_0002928,0
dev_0002929,2
dev_0002930,3
dev_0002931,0
dev_0002933,0
dev_0002934,2
dev_0002937,1
dev_0002938,2
dev_0002939,4
dev_0002940,4
dev_0002941,4
dev_0002942,3
dev_0002943,2
dev_0002944,2
dev_0002945,1
dev_0002946,4
dev_0002948,0
dev_0002949,3
dev_0002951,0
dev_0002952,2
dev_0002953,1
dev_0002955,1
dev_0002958,2
dev_0002959,0
dev_0002960,2
dev_0002961,2
dev_0002962,4
dev_0002963,2
dev_0002964,0
dev_0002965,3
dev_0002967,3
dev_0002968,1
dev_0002969,1
dev_0002970,4
dev_0002971,1
dev_0002972,0
dev_0002973,3
dev_0002974,0
dev_0002975,3
dev_0002976,2
dev_0002977,3
dev_0002979,3
dev_0002981,3
dev_0002982,2
dev_0002983,4
dev_0002984,4
dev_0002985,1
dev_0002987,2
dev_0002988,2
dev_0002992,0
dev_0002993,3
dev_0002994,4
dev_0002996,3
dev_0002997,3
dev_0002998,1
dev_0002999,4
dev_0003000,4
dev_0003002,2
dev_0003003,2
dev_0003004,4
dev_0003005,0
dev_0003006,1
dev_0003007,0
dev_0003008,1
dev_0003009,3
dev_0003010,2
dev_0003011,1
dev_0003012,1
dev_0003013,3
dev_0003014,2
dev_0003015,2
dev_0003016,0
dev_0003017,0
dev_0003018,1
dev_0003019,2
dev_0003020,0
dev_0003021,1
dev_0003024,4
dev_0003025,0
dev_0003026,2
dev_0003027,2
dev_0003028,4
dev_0003030,3
dev_0003031,0
dev_0003032,3
dev_0003033,0
dev_0003034,2
dev_0003035,2
dev_0003036,4
dev_0003037,2
dev_0003038,0
dev_0003039,1
dev_0003040,3
dev_0003042,2
dev_0003043,3
dev_0003044,1
dev_0003045,0
dev_0003046,4
dev_0003047,4
dev_0003048,0
dev_0003049,0
dev_0003050,3
dev_0003051,3
dev_0003052,2
dev_0003053,0
dev_0003054,0
dev_0003055,0
dev_0003057,0
dev_0003058,3
dev_0003060,3
dev_0003061,2
dev_0003063,0
dev_0003064,4
dev_0003065,3
dev_0003067,3
dev_0003068,3
dev_0003069,1
dev_0003070,3
dev_0003071,2
dev_0003072,4
dev_0003073,0
dev_0003074,0
dev_0003076,4
dev_0003077,2
dev_0003078,3
dev_0003079,3
dev_0003080,3
dev_0003081,1
dev_0003082,4
dev_0003084,2
dev_0003085,1
dev_0003087,0
dev_0003088,1
dev_0003089,4
dev_0003090,0
dev_0003091,1
dev_0003092,3
dev_0003093,2
dev_0003094,4
dev_0003095,1
dev_0003096,2
dev_0003099,1
dev_0003100,0
dev_0003101,0
dev_0003102,1
dev_0003103,1
dev_0003104,0
dev_0003105,4
dev_0003106,2
dev_0003107,3
dev_0003108,1
dev_0003110,2
dev_0003111,3
dev_0003113,4
dev_0003115,3
dev_0003116,3
dev_0003117,1
dev_0003118,4
dev_0003119,2
dev_0003120,0
dev_0003121,4
dev_0003122,4
dev_0003123,1
dev_0003124,0
dev_0003125,2
dev_0003128,3
dev_0003129,4
dev_0003130,2
dev_0003131,1
dev_0003132,2
dev_0003133,4
dev_0003134,4
dev_0003135,4
dev_0003136,2
dev_0003137,0
dev_0003139,0
dev_0003140,0
dev_0003141,0
dev_0003142,2
dev_0003143,4
dev_0003145,2
dev_0003146,0
dev_0003147,1
dev_0003149,2
dev_0003150,3
dev_0003151,3
dev_0003152,3
dev_0003154,2
dev_0003156,0
dev_0003157,2
dev_0003159,1
dev_0003160,0
dev_0003161,4
dev_0003162,3
dev_0003164,4
dev_0003165,0
dev_0003166,3
dev_0003167,4
dev_0003168,4
dev_0003169,1
dev_0003171,4
dev_0003172,2
dev_0003173,4
dev_0003174,0
dev_0003175,3
dev_0003176,0
dev_0003177,0
dev_0003178,1
dev_0003179,2
dev_0003180,0
dev_0003181,3
dev_0003182,2
dev_0003183,3
dev_0003184,2
dev_0003185,2
dev_0003186,1
dev_0003187,3
dev_0003188,3
dev_0003189,0
dev_0003191,1
dev_0003192,0
dev_0003193,2
dev_0003194,1
dev_0003196,1
dev_0003197,4
dev_0003199,2
dev_0003200,4
dev_0003201,0
dev_0003202,3
dev_0003203,2
dev_0003204,0
dev_0003205,3
dev_0003206,0
dev_0003208,3
dev_0003209,1
dev_0003210,3
dev_0003212,3
dev_0003213,3
dev_0003215,3
dev_0003218,1
dev_0003219,4
dev_0003220,0
dev_0003222,3
dev_0003223,0
dev_0003225,2
dev_0003226,3
dev_0003227,1
dev_0003228,1
dev_0003230,4
dev_0003231,3
dev_0003232,4
dev_0003233,3
dev_0003234,2
dev_0003235,3
dev_0003236,1
dev_0003237,2
dev_0003239,1
dev_0003240,0
dev_0003241,0
dev_0003242,2
dev_0003243,1
dev_0003244,3
dev_0003245,1
dev_0003246,3
dev_0003247,1
dev_0003248,0
dev_0003249,2
dev_0003250,3
dev_0003251,3
dev_0003252,2
dev_0003253,1
dev_0003254,0
dev_0003255,4
dev_0003256,3
dev_0003259,2
dev_0003260,0
dev_0003261,3
dev_0003262,2
dev_0003263,1
dev_0003266,4
dev_0003267,3
dev_0003269,4
dev_0003271,0
dev_0003273,0
dev_0003274,4
dev_0003275,0
dev_0003277,0
dev_0003278,3
dev_0003281,4
dev_0003282,4
dev_0003283,2
dev_0003284,3
dev_0003285,4
dev_0003286,3
dev_0003287,2
dev_0003288,3
dev_0003289,4
dev_0003290,4
dev_0003293,1
dev_0003294,2
dev_0003295,2
dev_0003298,0
dev_0003299,2
dev_0003300,4
dev_0003301,2
dev_0003302,2
dev_0003303,2
dev_0003305,1
dev_0003306,3
dev_0003308,3
dev_0003309,4
dev_0003310,3
dev_0003311,2
dev_0003312,4
dev_0003314,3
dev_0003318,4
dev_0003319,2
dev_0003321,2
dev_0003322,3
dev_0003323,2
dev_0003325,0
dev_0003326,0
dev_0003327,0
dev_0003328,2
dev_0003329,0
dev_0003330,2
dev_0003332,4
dev_0003333,4
dev_0003335,2
dev_0003336,3
dev_0003337,2
dev_0003338,3
dev_0003339,4
dev_0003340,3
dev_0003341,4
dev_0003342,2
dev_0003344,1
dev_0003345,2
dev_0003346,0
dev_0003347,4
dev_0003348,3
dev_0003349,0
dev_0003351,0
dev_0003352,2
dev_0003353,0
dev_0003354,0
dev_0003357,2
dev_0003358,0
dev_0003359,3
dev_0003360,2
dev_0003361,3
dev_0003362,2
dev_0003363,3
dev_0003365,3
dev_0003366,0
dev_0003367,4
dev_0003369,0
dev_0003370,3
dev_0003371,3
dev_0003373,4
dev_0003374,2
dev_0003376,0
dev_0003377,4
dev_0003378,1
dev_0003379,2
dev_0003380,2
dev_0003381,2
dev_0003382,4
dev_0003383,3
dev_0003384,1
dev_0003386,0
dev_0003387,4
dev_0003388,0
dev_0003389,3
dev_0003390,1
dev_0003391,4
dev_0003392,0
dev_0003393,2
dev_0003394,4
dev_0003395,1
dev_0003398,0
dev_0003399,2
dev_0003402,0
dev_0003403,2
dev_0003404,2
dev_0003405,0
dev_0003407,3
dev_0003408,1
dev_0003409,3
dev_0003410,1
dev_0003411,4
dev_0003412,2
dev_0003413,4
dev_0003414,2
dev_0003415,3
dev_0003417,4
dev_0003418,2
dev_0003420,4
dev_0003421,0
dev_0003422,1
dev_0003423,4
dev_0003424,4
dev_0003426,1
dev_0003427,4
dev_0003428,1
dev_0003429,1
dev_0003430,4
dev_0003431,2
dev_0003433,0
dev_0003434,1
dev_0003436,2
dev_0003437,3
dev_0003438,0
dev_0003439,0
dev_0003440,3
dev_0003441,2
dev_0003442,0
dev_0003444,1
dev_0003446,1
dev_0003447,3
dev_0003448,3
dev_0003449,3
dev_0003450,3
dev_0003451,0
dev_0003453,1
dev_0003454,1
dev_0003455,4
dev_0003456,4
dev_0003458,2
dev_0003459,2
dev_0003460,4
dev_0003461,0
dev_0003463,1
dev_0003465,2
dev_0003466,1
dev_0003468,3
dev_0003469,1
dev_0003472,1
dev_0003474,1
dev_0003475,0
dev_0003476,4
dev_0003477,1
dev_0003478,0
dev_0003479,0
dev_0003481,1
dev_0003482,3
dev_0003483,1
dev_0003484,4
dev_0003485,4
dev_0003486,0
dev_0003487,2
dev_0003488,0
dev_0003489,2
dev_0003493,4
dev_0003494,4
dev_0003495,3
dev_0003498,0
dev_0003499,2
dev_0003500,3
dev_0003501,3
dev_0003502,1
dev_0003503,2
dev_0003504,3
dev_0003505,0
dev_0003506,1
dev_0003507,1
dev_0003509,3
dev_0003510,1
dev_0003511,2
dev_0003512,1
dev_0003516,3
dev_0003517,4
dev_0003519,3
dev_0003520,0
dev_0003521,1
dev_0003522,1
dev_0003523,1
dev_0003524,1
dev_0003525,4
dev_0003526,1
dev_0003528,3
dev_0003529,3
dev_0003530,3
dev_0003531,4
dev_0003532,3
dev_0003533,1
dev_0003534,3
dev_0003535,3
dev_0003536,0
dev_0003537,4
dev_0003538,1
dev_0003540,0
dev_0003541,2
dev_0003542,2
dev_0003543,3
dev_0003544,2
dev_0003545,0
dev_0003546,4
dev_0003547,1
dev_0003548,3
dev_0003549,3
dev_0003550,3
dev_0003551,0
dev_0003552,3
dev_0003553,3
dev_0003554,0
dev_0003555,4
dev_0003556,1
dev_0003557,4
dev_0003558,3
dev_0003559,1
dev_0003560,0
dev_0003563,1
dev_0003565,4
dev_0003566,4
dev_0003567,0
dev_0003568,3
dev_0003569,3
dev_0003572,4
dev_0003575,4
dev_0003576,4
dev_0003577,3
dev_0003579,0
dev_0003580,1
dev_0003581,4
dev_0003583,0
dev_0003584,2
dev_0003585,1
dev_0003586,0
dev_0003587,4
dev_0003588,0
dev_0003589,2
dev_0003590,4
dev_0003591,2
dev_0003592,2
dev_0003593,2
dev_0003596,1
dev_0003597,2
dev_0003598,2
dev_0003599,1
dev_0003600,3
dev_0003601,3
dev_0003602,3
dev_0003603,2
dev_0003604,1
dev_0003605,0
dev_0003606,2
dev_0003607,4
dev_0003608,4
dev_0003611,0
dev_0003612,0
dev_0003613,1
dev_0003614,1
dev_0003616,2
dev_0003617,1
dev_0003619,4
dev_0003620,3
dev_0003621,4
dev_0003622,0
dev_0003623,2
dev_0003624,4
dev_0003625,0
dev_0003626,3
dev_0003627,1
dev_0003629,2
dev_0003631,4
dev_0003632,4
dev_0003633,3
dev_0003635,4
dev_0003636,3
dev_0003637,3
dev_0003638,0
dev_0003639,1
dev_0003640,4
dev_0003641,2
dev_0003642,0
dev_0003643,3
dev_0003645,2
dev_0003646,0
dev_0003647,4
dev_0003648,2
dev_0003649,3
dev_0003650,0
dev_0003651,3
dev_0003652,1
dev_0003653,0
dev_0003654,1
dev_0003656,3
dev_0003657,2
dev_0003659,1
dev_0003660,4
dev_0003661,4
dev_0003662,1
dev_0003663,0
dev_0003664,1
dev_0003666,2
dev_0003668,3
dev_0003669,3
dev_0003670,3
dev_0003671,4
dev_0003672,0
dev_0003673,4
dev_0003674,1
dev_0003675,4
dev_0003677,1
dev_0003678,4
dev_0003680,1
dev_0003681,4
dev_0003682,3
dev_0003684,1
dev_0003685,2
dev_0003687,2
dev_0003688,4
dev_0003689,4
dev_0003690,4
dev_0003691,0
dev_0003692,1
dev_0003693,0
dev_0003694,1
dev_0003695,4
dev_0003696,0
dev_0003697,4
dev_0003698,4
dev_0003699,4
dev_0003702,0
dev_0003704,2
dev_0003706,2
dev_0003708,3
dev_0003709,0
dev_0003710,3
dev_0003711,4
dev_0003712,1
dev_0003713,2
dev_0003714,0
dev_0003715,4
dev_0003717,1
dev_0003718,3
dev_0003719,3
dev_0003721,2
dev_0003722,3
dev_0003723,0
dev_0003726,0
dev_0003728,2
dev_0003729,1
dev_0003730,2
dev_0003732,4
dev_0003733,1
dev_0003734,3
dev_0003737,2
dev_0003738,3
dev_0003740,4
dev_0003741,4
dev_0003742,3
dev_0003743,4
dev_0003744,1
dev_0003745,0
dev_0003746,2
dev_0003748,3
dev_0003749,0
dev_0003750,3
dev_0003751,3
dev_0003752,4
dev_0003753,1
dev_0003754,2
dev_0003755,4
dev_0003756,0
dev_0003760,0
dev_0003761,2
dev_0003762,0
dev_0003763,0
dev_0003765,3
dev_0003766,1
dev_0003767,3
dev_0003768,3
dev_0003769,3
dev_0003770,1
dev_0003772,0
dev_0003773,0
dev_0003775,1
dev_0003776,0
dev_0003777,3
dev_0003778,4
dev_0003779,0
dev_0003780,4
dev_0003781,0
dev_0003782,1
dev_0003783,3
dev_0003784,1
dev_0003785,0
dev_0003786,1
dev_0003787,0
dev_0003788,1
dev_0003789,4
dev_0003791,0
dev_0003792,0
dev_0003793,3
dev_0003794,3
dev_0003795,3
dev_0003796,3
dev_0003797,1
dev_0003798,0
dev_0003799,3
dev_0003800,2
dev_0003801,0
dev_0003803,1
dev_0003804,2
dev_0003805,2
dev_0003806,3
dev_0003807,2
dev_0003808,3
dev_0003810,4
dev_0003812,3
dev_0003813,1
dev_0003814,4
dev_0003815,1
dev_0003816,1
dev_0003817,0
dev_0003819,3
dev_0003820,0
dev_0003821,3
dev_0003822,0
dev_0003823,2
dev_0003824,3
dev_0003825,4
dev_0003827,2
dev_0003829,2
dev_0003830,0
dev_0003831,3
dev_0003832,3
dev_0003833,2
dev_0003834,3
dev_0003835,4
dev_0003836,4
dev_0003837,1
dev_0003838,3
dev_0003839,3
dev_0003840,2
dev_0003841,3
dev_0003842,0
dev_0003843,1
dev_0003844,2
dev_0003845,1
dev_0003846,4
dev_0003847,4
dev_0003848,2
dev_0003849,4
dev_0003850,1
dev_0003851,2
dev_0003852,2
dev_0003853,1
dev_0003854,3
dev_0003855,2
dev_0003856,2
dev_0003857,2
dev_0003858,1
dev_0003859,2
dev_0003860,3
dev_0003861,1
dev_0003862,0
dev_0003865,3
dev_0003867,1
dev_0003868,4
dev_0003870,4
dev_0003871,2
dev_0003872,2
dev_0003873,4
dev_0003874,0
dev_0003875,0
dev_0003876,2
dev_0003877,4
dev_0003878,0
dev_0003879,3
dev_0003880,3
dev_0003884,0
dev_0003885,4
dev_0003886,4
dev_0003888,3
dev_0003889,0
dev_0003890,1
dev_0003891,1
dev_0003892,3
dev_0003893,1
dev_0003895,0
dev_0003896,2
dev_0003897,2
dev_0003898,4
dev_0003899,4
dev_0003900,0
dev_0003901,2
dev_0003902,4
dev_0003903,3
dev_0003904,3
dev_0003905,4
dev_0003906,1
dev_0003907,3
dev_0003908,3
dev_0003909,1
dev_0003910,0
dev_0003911,4
dev_0003912,4
dev_0003913,0
dev_0003915,0
dev_0003916,1
dev_0003917,1
dev_0003918,2
dev_0003919,2
dev_0003920,3
dev_0003921,4
dev_0003922,2
dev_0003924,2
dev_0003925,0
dev_0003926,2
dev_0003927,2
dev_0003928,4
dev_0003929,4
dev_0003930,2
dev_0003931,3
dev_0003932,1
dev_0003933,4
dev_0003934,1
dev_0003935,2
dev_0003936,1
dev_0003937,3
dev_0003938,0
dev_0003939,3
dev_0003940,1
dev_0003941,0
dev_0003942,2
dev_0003943,1
dev_0003946,2
dev_0003947,4
dev_0003949,1
dev_0003950,4
dev_0003951,1
dev_0003952,0
dev_0003953,3
dev_0003954,4
dev_0003955,0
dev_0003956,2
dev_0003958,3
dev_0003959,4
dev_0003960,0
dev_0003961,0
dev_0003962,1
dev_0003963,3
dev_0003965,4
dev_0003966,1
dev_0003968,3
dev_0003969,3
dev_0003970,4
dev_0003971,3
dev_0003972,4
dev_0003973,3
dev_0003974,2
dev_0003975,3
dev_0003976,4
dev_0003977,3
dev_0003978,0
dev_0003979,3
dev_0003981,2
dev_0003982,1
dev_0003983,3
dev_0003986,1
dev_0003987,2
dev_0003988,3
dev_0003989,3
dev_0003990,3
dev_0003991,1
dev_0003992,4
dev_0003994,4
dev_0003995,2
dev_0003996,4
dev_0003998,4
dev_0003999,4
dev_0004000,0
dev_0004002,3
dev_0004003,3
dev_0004004,0
dev_0004005,3
dev_0004006,1
dev_0004007,0
dev_0004008,1
dev_0004009,2
dev_0004010,3
dev_0004011,4
dev_0004012,0
dev_0004013,0
dev_0004014,0
dev_0004015,4
dev_0004016,4
dev_0004017,0
dev_0004018,3
dev_0004019,0
dev_0004020,4
dev_0004022,3
dev_0004023,2
dev_0004024,4
dev_0004025,0
dev_0004026,0
dev_0004029,1
dev_0004030,4
dev_0004031,2
dev_0004032,0
dev_0004033,0
dev_0004035,3
dev_0004036,3
dev_0004038,1
dev_0004039,0
dev_0004040,4
dev_0004042,2
dev_0004043,1
dev_0004044,1
dev_0004045,2
dev_0004047,4
dev_0004048,0
dev_0004049,3
dev_0004050,4
dev_0004051,0
dev_0004052,1
dev_0004053,1
dev_0004054,2
dev_0004055,0
dev_0004056,1
dev_0004058,4
dev_0004059,0
dev_0004060,1
dev_0004061,3
dev_0004062,1
dev_0004063,4
dev_0004064,4
dev_0004065,1
dev_0004066,2
dev_0004067,3
dev_0004068,1
dev_0004069,2
dev_0004070,4
dev_0004071,3
dev_0004072,3
dev_0004073,0
dev_0004074,3
dev_0004075,0
dev_0004076,4
dev_0004077,2
dev_0004079,3
dev_0004080,4
dev_0004081,3
dev_0004082,0
dev_0004084,0
dev_0004085,3
dev_0004086,0
dev_0004087,0
dev_0004088,3
dev_0004089,2
dev_0004090,2
dev_0004092,1
dev_0004093,3
dev_0004094,2
dev_0004095,0
dev_0004096,4
dev_0004097,3
dev_0004098,4
dev_0004099,0
dev_0004100,2
dev_0004101,3
dev_0004102,0
dev_0004104,0
dev_0004105,4
dev_0004107,4
dev_0004108,2
dev_0004109,2
dev_0004110,0
dev_0004111,0
dev_0004112,3
dev_0004113,2
dev_0004114,0
dev_0004116,2
dev_0004117,4
dev_0004118,2
dev_0004119,4
dev_0004120,2
dev_0004122,0
dev_0004124,2
dev_0004125,2
dev_0004126,1
dev_0004127,0
dev_0004128,0
dev_0004129,1
dev_0004130,1
dev_0004131,0
dev_0004132,0
dev_0004134,0
dev_0004135,4
dev_0004136,4
dev_0004137,4
dev_0004138,0
dev_0004140,0
dev_0004142,1
dev_0004143,2
dev_0004144,1
dev_0004145,0
dev_0004146,3
dev_0004148,2
dev_0004149,3
dev_0004151,3
dev_0004152,3
dev_0004155,1
dev_0004156,1
dev_0004159,1
dev_0004160,4
dev_0004162,1
dev_0004163,2
dev_0004164,0
dev_0004165,1
dev_0004166,3
dev_0004167,2
dev_0004168,0
dev_0004170,4
dev_0004171,4
dev_0004172,1
dev_0004173,1
dev_0004175,2
dev_0004176,3
dev_0004177,3
dev_0004178,3
dev_0004179,3
dev_0004180,4
dev_0004184,2
dev_0004186,2
dev_0004187,3
dev_0004189,0
dev_0004190,3
dev_0004191,4
dev_0004192,1
dev_0004193,1
dev_0004194,2
dev_0004196,2
dev_0004197,3
dev_0004198,0
dev_0004199,4
dev_0004201,3
dev_0004202,3
dev_0004206,2
dev_0004207,0
dev_0004209,0
dev_0004211,0
dev_0004212,4
dev_0004213,4
dev_0004214,2
dev_0004215,3
dev_0004216,4
dev_0004218,3
dev_0004219,4
dev_0004221,3
dev_0004222,1
dev_0004223,4
dev_0004224,1
dev_0004225,2
dev_0004226,2
dev_0004227,0
dev_0004228,4
dev_0004229,3
dev_0004230,0
dev_0004231,2
dev_0004232,4
dev_0004233,1
dev_0004234,2
dev_0004235,0
dev_0004236,1
dev_0004238,4
dev_0004239,1
dev_0004240,2
dev_0004241,3
dev_0004242,0
dev_0004243,2
dev_0004244,2
dev_0004245,1
dev_0004246,4
dev_0004247,2
dev_0004248,3
dev_0004249,1
dev_0004251,0
dev_0004253,0
dev_0004254,1
dev_0004255,1
dev_0004256,0
dev_0004257,3
dev_0004259,4
dev_0004260,0
dev_0004262,0
dev_0004263,3
dev_0004264,0
dev_0004265,4
dev_0004266,3
dev_0004267,3
dev_0004268,4
dev_0004269,2
dev_0004270,4
dev_0004272,0
dev_0004273,2
dev_0004274,3
dev_0004275,0
dev_0004276,4
dev_0004277,2
dev_0004278,1
dev_0004279,1
dev_0004280,4
dev_0004281,2
dev_0004282,0
dev_0004283,0
dev_0004284,0
dev_0004285,1
dev_0004288,1
dev_0004289,2
dev_0004291,1
dev_0004292,2
dev_0004294,2
dev_0004295,3
dev_0004296,4
dev_0004297,4
dev_0004299,0
dev_0004300,1
dev_0004301,4
dev_0004302,0
dev_0004303,3
dev_0004305,3
dev_0004306,4
dev_0004307,2
dev_0004308,4
dev_0004309,1
dev_0004310,3
dev_0004311,2
dev_0004312,2
dev_0004314,2
dev_0004315,1
dev_0004316,0
dev_0004317,0
dev_0004318,4
dev_0004319,2
dev_0004320,3
dev_0004321,1
dev_0004322,0
dev_0004323,0
dev_0004324,0
dev_0004325,1
dev_0004326,0
dev_0004327,4
dev_0004328,1
dev_0004329,0
dev_0004330,2
dev_0004332,2
dev_0004334,0
dev_0004335,0
dev_0004336,4
dev_0004337,3
dev_0004338,3
dev_0004339,4
dev_0004340,4
dev_0004341,2
dev_0004343,0
dev_0004346,0
dev_0004347,3
dev_0004348,3
dev_0004351,1
dev_0004353,0
dev_0004355,3
dev_0004356,3
dev_0004358,2
dev_0004359,0
dev_0004360,2
dev_0004361,4
dev_0004363,1
dev_0004365,0
dev_0004366,3
dev_0004369,0
dev_0004370,0
dev_0004371,3
dev_0004372,2
dev_0004373,4
dev_0004374,0
dev_0004375,1
dev_0004376,1
dev_0004377,1
dev_0004379,0
dev_0004380,4
dev_0004381,2
dev_0004382,1
dev_0004383,1
dev_0004384,0
dev_0004385,4
dev_0004386,3
dev_0004387,3
dev_0004388,1
dev_0004389,0
dev_0004390,4
dev_0004391,0
dev_0004392,1
dev_0004393,1
dev_0004394,4
dev_0004396,4
dev_0004397,0
dev_0004398,0
dev_0004399,0
dev_0004400,1
dev_0004401,4
dev_0004402,2
dev_0004403,4
dev_0004404,1
dev_0004405,1
dev_0004406,2
dev_0004407,3
dev_0004408,2
dev_0004411,2
dev_0004412,3
dev_0004413,1
dev_0004414,1
dev_0004415,3
dev_0004416,2
dev_0004417,0
dev_0004418,3
dev_0004419,4
dev_0004420,0
dev_0004421,4
dev_0004423,4
dev_0004424,4
dev_0004425,4
dev_0004426,2
dev_0004428,0
dev_0004429,0
dev_0004430,3
dev_0004432,2
dev_0004433,2
dev_0004434,2
dev_0004436,2
dev_0004437,3
dev_0004438,3
dev_0004439,2
dev_0004441,4
dev_0004442,1
dev_0004443,4
dev_0004444,4
dev_0004445,2
dev_0004446,1
dev_0004447,3
dev_0004448,4
dev_0004449,3
dev_0004450,0
dev_0004452,2
dev_0004454,4
dev_0004455,4
dev_0004457,2
dev_0004458,3
dev_0004459,3
dev_0004460,2
dev_0004462,4
dev_0004463,1
dev_0004464,4
dev_0004465,0
dev_0004466,1
dev_0004467,3
dev_0004468,2
dev_0004469,4
dev_0004470,2
dev_0004472,1
dev_0004473,3
dev_0004474,0
dev_0004477,2
dev_0004478,1
dev_0004479,4
dev_0004481,2
dev_0004482,2
dev_0004484,1
dev_0004485,1
dev_0004486,3
dev_0004487,1
dev_0004488,2
dev_0004490,1
dev_0004492,2
dev_0004493,0
dev_0004494,3
dev_0004495,1
dev_0004496,2
dev_0004497,0
dev_0004498,3
dev_0004499,2
dev_0004500,0
dev_0004502,3
dev_0004503,1
dev_0004504,1
dev_0004507,0
dev_0004509,3
dev_0004510,2
dev_0004511,4
dev_0004512,0
dev_0004513,4
dev_0004514,2
dev_0004515,3
dev_0004516,3
dev_0004518,1
dev_0004519,0
dev_0004520,3
dev_0004523,4
dev_0004524,0
dev_0004525,2
dev_0004526,0
dev_0004527,2
dev_0004528,3
dev_0004530,0
dev_0004531,1
dev_0004532,3
dev_0004533,1
dev_0004534,0
dev_0004535,3
dev_0004536,4
dev_0004537,3
dev_0004538,2
dev_0004539,3
dev_0004540,1
dev_0004541,1
dev_0004542,4
dev_0004543,3
dev_0004544,2
dev_0004545,0
dev_0004546,4
dev_0004547,3
dev_0004549,3
dev_0004550,4
dev_0004551,0
dev_0004552,1
dev_0004553,1
dev_0004554,3
dev_0004555,1
dev_0004556,2
dev_0004557,2
dev_0004559,4
dev_0004560,1
dev_0004561,0
dev_0004563,1
dev_0004564,3
dev_0004567,4
dev_0004568,2
dev_0004569,3
dev_0004571,4
dev_0004575,1
dev_0004576,4
dev_0004577,3
dev_0004578,4
dev_0004579,0
dev_0004581,0
dev_0004582,0
dev_0004583,4
dev_0004585,3
dev_0004590,0
dev_0004591,4
dev_0004593,0
dev_0004594,4
dev_0004595,3
dev_0004596,3
dev_0004599,0
dev_0004600,0
dev_0004601,4
dev_0004602,0
dev_0004603,4
dev_0004604,4
dev_0004605,2
dev_0004607,2
dev_0004608,0
dev_0004609,3
dev_0004610,3
dev_0004611,4
dev_0004613,0
dev_0004614,1
dev_0004615,2
dev_0004619,2
dev_0004620,2
dev_0004622,0
dev_0004624,3
dev_0004628,4
dev_0004630,3
dev_0004631,4
dev_0004632,1
dev_0004633,2
dev_0004634,2
dev_0004635,1
dev_0004636,3
dev_0004637,4
dev_0004638,4
dev_0004639,4
dev_0004640,1
dev_0004641,4
dev_0004645,4
dev_0004646,4
dev_0004647,3
dev_0004648,3
dev_0004649,3
dev_0004650,0
dev_0004651,2
dev_0004652,2
dev_0004653,4
dev_0004655,3
dev_0004656,0
dev_0004658,4
dev_0004659,2
dev_0004660,0
dev_0004662,1
dev_0004665,2
dev_0004666,4
dev_0004667,4
dev_0004668,1
dev_0004669,1
dev_0004670,2
dev_0004671,2
dev_0004672,4
dev_0004673,1
dev_0004674,2
dev_0004675,0
dev_0004676,3
dev_0004677,4
dev_0004678,2
dev_0004679,4
dev_0004680,1
dev_0004682,2
dev_0004684,4
dev_0004686,4
dev_0004687,0
dev_0004688,2
dev_0004689,1
dev_0004690,3
dev_0004691,2
dev_0004692,4
dev_0004695,2
dev_0004696,1
dev_0004697,2
dev_0004699,4
dev_0004700,4
dev_0004701,1
dev_0004702,4
dev_0004703,2
dev_0004704,2
dev_0004705,4
dev_0004706,4
dev_0004708,4
dev_0004709,2
dev_0004710,4
dev_0004712,1
dev_0004713,2
dev_0004716,0
dev_0004717,0
dev_0004718,3
dev_0004719,0
dev_0004720,0
dev_0004721,0
dev_0004723,4
dev_0004724,1
dev_0004725,4
dev_0004726,0
dev_0004728,1
dev_0004729,0
dev_0004730,3
dev_0004731,4
dev_0004732,1
dev_0004733,1
dev_0004734,0
dev_0004735,4
dev_0004736,1
dev_0004737,2
dev_0004739,4
dev_0004740,0
dev_0004741,2
dev_0004743,1
dev_0004744,3
dev_0004746,4
dev_0004747,3
dev_0004748,3
dev_0004749,0
dev_0004750,0
dev_0004752,4
dev_0004753,4
dev_0004754,4
dev_0004755,4
dev_0004756,3
dev_0004757,0
dev_0004758,4
dev_0004759,1
dev_0004761,3
dev_0004763,3
dev_0004766,2
dev_0004767,3
dev_0004769,4
dev_0004770,1
dev_0004771,3
dev_0004772,4
dev_0004773,2
dev_0004776,4
dev_0004777,3
dev_0004778,3
dev_0004779,2
dev_0004780,0
dev_0004782,3
dev_0004783,4
dev_0004784,4
dev_0004785,0
dev_0004787,1
dev_0004788,2
dev_0004789,2
dev_0004790,4
dev_0004791,1
dev_0004792,4
dev_0004794,1
dev_0004795,4
dev_0004796,2
dev_0004797,1
dev_0004798,0
dev_0004799,4
dev_0004800,2
dev_0004802,2
dev_0004803,2
dev_0004804,1
dev_0004805,4
dev_0004806,3
dev_0004807,3
dev_0004808,2
dev_0004809,4
dev_0004810,1
dev_0004812,3
dev_0004813,1
dev_0004815,4
dev_0004816,3
dev_0004817,2
dev_0004818,0
dev_0004821,1
dev_0004822,4
dev_0004823,1
dev_0004824,4
dev_0004825,1
dev_0004826,2
dev_0004828,3
dev_0004829,4
dev_0004830,3
dev_0004831,3
dev_0004832,2
dev_0004833,1
dev_0004834,0
dev_0004835,4
dev_0004836,4
dev_0004837,1
dev_0004838,1
dev_0004840,1
dev_0004843,1
dev_0004844,0
dev_0004845,2
dev_0004846,3
dev_0004847,1
dev_0004849,0
dev_0004850,3
dev_0004851,0
dev_0004852,1
dev_0004853,4
dev_0004854,4
dev_0004855,0
dev_0004856,2
dev_0004857,3
dev_0004858,3
dev_0004860,3
dev_0004861,2
dev_0004863,1
dev_0004864,3
dev_0004865,2
dev_0004866,1
dev_0004867,1
dev_0004868,3
dev_0004869,0
dev_0004870,1
dev_0004872,1
dev_0004874,4
dev_0004875,3
dev_0004876,0
dev_0004877,3
dev_0004878,2
dev_0004879,3
dev_0004881,0
dev_0004882,2
dev_0004883,0
dev_0004884,1
dev_0004885,1
dev_0004886,1
dev_0004887,4
dev_0004888,2
dev_0004889,3
dev_0004892,1
dev_0004893,4
dev_0004894,4
dev_0004896,2
dev_0004897,2
dev_0004898,4
dev_0004899,1
dev_0004900,3
dev_0004901,3
dev_0004902,1
dev_0004903,1
dev_0004905,3
dev_0004906,4
dev_0004907,1
dev_0004908,0
dev_0004909,0
dev_0004910,2
dev_0004912,4
dev_0004913,0
dev_0004914,2
dev_0004915,2
dev_0004916,4
dev_0004917,1
dev_0004918,3
dev_0004919,1
dev_0004920,3
dev_0004921,2
dev_0004922,3
dev_0004923,4
dev_0004924,1
dev_0004926,3
dev_0004927,3
dev_0004928,0
dev_0004929,0
dev_0004931,3
dev_0004932,2
dev_0004933,1
dev_0004934,0
dev_0004935,2
dev_0004936,3
dev_0004937,4
dev_0004938,2
dev_0004939,3
dev_0004941,0
dev_0004942,1
dev_0004943,2
dev_0004944,4
dev_0004945,0
dev_0004946,1
dev_0004947,0
dev_0004948,2
dev_0004949,3
dev_0004950,4
dev_0004951,4
dev_0004952,2
dev_0004954,2
dev_0004955,1
dev_0004956,1
dev_0004957,4
dev_0004958,4
dev_0004959,0
dev_0004961,1
dev_0004962,1
dev_0004963,4
dev_0004965,1
dev_0004967,3
dev_0004969,0
dev_0004970,1
dev_0004971,0
dev_0004972,0
dev_0004973,1
dev_0004974,0
dev_0004975,4
dev_0004976,0
dev_0004977,2
dev_0004978,3
dev_0004979,4
dev_0004980,0
dev_0004981,4
dev_0004982,3
dev_0004983,2
dev_0004984,0
dev_0004985,4
dev_0004986,0
dev_0004988,2
dev_0004989,2
dev_0004991,1
dev_0004993,4
dev_0004994,1
dev_0004995,0
dev_0004997,1
dev_0004998,4
dev_0004999,3
dev_0005000,3
dev_0005001,1
dev_0005002,4
dev_0005003,0
dev_0005004,2
dev_0005005,1
dev_0005006,4
dev_0005007,1
dev_0005008,1
dev_0005010,4
dev_0005011,2
dev_0005013,1
dev_0005014,3
dev_0005015,0
dev_0005016,3
dev_0005017,2
dev_0005019,4
dev_0005020,2
dev_0005021,2
dev_0005022,4
dev_0005023,1
dev_0005024,2
dev_0005025,0
dev_0005027,3
dev_0005028,0
dev_0005029,3
dev_0005030,0
dev_0005032,4
dev_0005033,2
dev_0005034,1
dev_0005037,4
dev_0005038,4
dev_0005039,1
dev_0005040,4
dev_0005041,3
dev_0005042,1
dev_0005043,4
dev_0005044,0
dev_0005046,2
dev_0005048,0
dev_0005049,3
dev_0005050,2
dev_0005051,1
dev_0005052,4
dev_0005053,4
dev_0005054,3
dev_0005055,0
dev_0005056,0
dev_0005057,3
dev_0005059,0
dev_0005061,3
dev_0005062,1
dev_0005063,2
dev_0005064,1
dev_0005066,0
dev_0005067,3
dev_0005068,4
dev_0005071,0
dev_0005072,0
dev_0005073,2
dev_0005074,3
dev_0005077,1
dev_0005078,1
dev_0005080,2
dev_0005081,3
dev_0005082,4
dev_0005084,2
dev_0005085,2
dev_0005086,4
dev_0005088,4
dev_0005089,2
dev_0005090,0
dev_0005091,0
dev_0005092,2
dev_0005093,3
dev_0005094,1
dev_0005095,3
dev_0005096,2
dev_0005098,2
dev_0005099,4
dev_0005100,2
dev_0005101,0
dev_0005102,4
dev_0005103,1
dev_0005104,1
dev_0005105,0
dev_0005106,0
dev_0005107,0
dev_0005108,2
dev_0005109,0
dev_0005110,4
dev_0005111,1
dev_0005115,2
dev_0005116,2
dev_0005117,1
dev_0005118,3
dev_0005119,1
dev_0005120,0
dev_0005121,3
dev_0005122,3
dev_0005123,2
dev_0005124,0
dev_0005125,2
dev_0005126,4
dev_0005127,4
dev_0005128,2
dev_0005131,4
dev_0005133,3
dev_0005134,3
dev_0005135,2
dev_0005136,0
dev_0005137,3
dev_0005139,2
dev_0005140,0
dev_0005141,2
dev_0005142,1
dev_0005144,0
dev_0005145,1
dev_0005147,1
dev_0005149,0
dev_0005150,2
dev_0005151,4
dev_0005153,1
dev_0005155,3
dev_0005156,0
dev_0005157,4
dev_0005158,0
dev_0005159,0
dev_0005161,0
dev_0005162,0
dev_0005163,3
dev_0005164,1
dev_0005165,0
dev_0005166,1
dev_0005168,2
dev_0005169,2
dev_0005170,2
dev_0005171,1
dev_0005172,2
dev_0005173,1
dev_0005175,1
dev_0005176,3
dev_0005177,1
dev_0005178,2
dev_0005179,0
dev_0005181,4
dev_0005182,2
dev_0005183,3
dev_0005184,2
dev_0005186,4
dev_0005187,1
dev_0005188,4
dev_0005190,1
dev_0005191,3
dev_0005192,2
dev_0005193,2
dev_0005194,0
dev_0005195,3
dev_0005196,4
dev_0005197,0
dev_0005199,4
dev_0005200,2
dev_0005201,4
dev_0005203,4
dev_0005204,4
dev_0005205,1
dev_0005206,1
dev_0005207,2
dev_0005208,2
dev_0005209,2
dev_0005210,0
dev_0005211,4
dev_0005212,1
dev_0005213,0
dev_0005215,3
dev_0005216,1
dev_0005217,1
dev_0005219,4
dev_0005220,0
dev_0005221,1
dev_0005222,0
dev_0005225,4
dev_0005226,4
dev_0005227,2
dev_0005229,3
dev_0005232,2
dev_0005233,2
dev_0005234,3
dev_0005235,3
dev_0005236,1
dev_0005237,3
dev_0005238,2
dev_0005240,4
dev_0005241,2
dev_0005242,2
dev_0005243,0
dev_0005244,4
dev_0005245,4
dev_0005247,1
dev_0005248,0
dev_0005249,1
dev_0005250,1
dev_0005252,0
dev_0005255,3
dev_0005256,1
dev_0005257,4
dev_0005258,3
dev_0005260,4
dev_0005261,4
dev_0005262,4
dev_0005263,0
dev_0005264,2
dev_0005266,3
dev_0005267,0
dev_0005270,1
dev_0005271,2
dev_0005272,3
dev_0005273,1
dev_0005274,4
dev_0005275,4
dev_0005276,1
dev_0005277,4
dev_0005278,4
dev_0005280,1
dev_0005281,3
dev_0005282,1
dev_0005283,2
dev_0005284,0
dev_0005286,1
dev_0005288,0
dev_0005289,1
dev_0005290,3
dev_0005291,0
dev_0005292,4
dev_0005294,3
dev_0005295,2
dev_0005296,0
dev_0005297,2
dev_0005299,4
dev_0005300,1
dev_0005301,2
dev_0005302,0
dev_0005303,0
dev_0005304,3
dev_0005305,4
dev_0005306,1
dev_0005307,1
dev_0005308,2
dev_0005310,3
dev_0005311,1
dev_0005312,1
dev_0005314,3
dev_0005315,0
dev_0005316,0
dev_0005317,2
dev_0005318,3
dev_0005319,0
dev_0005320,1
dev_0005321,4
dev_0005322,3
dev_0005323,4
dev_0005324,0
dev_0005326,4
dev_0005327,2
dev_0005329,1
dev_0005330,1
dev_0005331,1
dev_0005332,2
dev_0005333,2
dev_0005334,2
dev_0005336,1
dev_0005337,2
dev_0005338,2
dev_0005340,0
dev_0005341,1
dev_0005342,3
dev_0005344,2
dev_0005345,2
dev_0005346,1
dev_0005347,0
dev_0005348,1
dev_0005349,1
dev_0005351,4
dev_0005352,1
dev_0005353,0
dev_0005355,4
dev_0005356,4
dev_0005358,4
dev_0005359,1
dev_0005361,2
dev_0005363,4
dev_0005364,3
dev_0005365,3
dev_0005367,0
dev_0005368,4
dev_0005369,3
dev_0005370,2
dev_0005371,3
dev_0005372,1
dev_0005373,0
dev_0005374,1
dev_0005376,2
dev_0005377,0
dev_0005378,2
dev_0005379,4
dev_0005380,2
dev_0005381,4
dev_0005382,4
dev_0005383,1
dev_0005384,4
dev_0005385,2
dev_0005386,1
dev_0005388,1
dev_0005389,1
dev_0005391,1
dev_0005392,3
dev_0005394,4
dev_0005395,0
dev_0005396,2
dev_0005397,3
dev_0005399,3
dev_0005400,2
dev_0005401,0
dev_0005402,2
dev_0005403,4
dev_0005404,0
dev_0005405,3
dev_0005406,0
dev_0005407,3
dev_0005409,2
dev_0005411,0
dev_0005412,1
dev_0005413,0
dev_0005414,2
dev_0005416,3
dev_0005417,1
dev_0005418,2
dev_0005419,0
dev_0005420,3
dev_0005421,1
dev_0005422,1
dev_0005424,1
dev_0005425,3
dev_0005426,0
dev_0005427,1
dev_0005429,3
dev_0005430,3
dev_0005431,3
dev_0005432,4
dev_0005434,4
dev_0005437,4
dev_0005438,2
dev_0005439,3
dev_0005440,2
dev_0005441,1
dev_0005442,0
dev_0005443,2
dev_0005444,1
dev_0005445,2
dev_0005447,0
dev_0005449,3
dev_0005450,0
dev_0005451,2
dev_0005452,3
dev_0005453,1
dev_0005454,1
dev_0005455,3
dev_0005456,1
dev_0005457,1
dev_0005459,0
dev_0005460,2
dev_0005461,4
dev_0005462,3
dev_0005463,3
dev_0005464,3
dev_0005465,1
dev_0005467,4
dev_0005468,3
dev_0005471,0
dev_0005472,1
dev_0005474,2
dev_0005475,1
dev_0005478,0
dev_0005479,1
dev_0005480,0
dev_0005481,0
dev_0005483,2
dev_0005484,2
dev_0005485,0
dev_0005487,2
dev_0005489,4
dev_0005490,1
dev_0005492,3
dev_0005493,4
dev_0005494,0
dev_0005495,0
dev_0005497,0
dev_0005498,3
dev_0005499,3
dev_0005501,2
dev_0005502,2
dev_0005503,2
dev_0005504,2
dev_0005505,2
dev_0005506,2
dev_0005507,4
dev_0005508,4
dev_0005509,4
dev_0005510,0
dev_0005512,4
dev_0005514,4
dev_0005515,1
dev_0005516,4
dev_0005517,1
dev_0005519,0
dev_0005521,1
dev_0005522,3
dev_0005523,0
dev_0005525,3
dev_0005526,2
dev_0005527,3
dev_0005528,2
dev_0005530,3
dev_0005531,4
dev_0005532,1
dev_0005533,4
dev_0005534,4
dev_0005535,1
dev_0005537,1
dev_0005538,0
dev_0005540,3
dev_0005541,0
dev_0005542,4
dev_0005543,2
dev_0005544,1
dev_0005545,4
dev_0005547,1
dev_0005549,1
dev_0005550,1
dev_0005551,0
dev_0005552,4
dev_0005553,3
dev_0005555,0
dev_0005556,0
dev_0005557,1
dev_0005558,2
dev_0005559,3
dev_0005560,1
dev_0005561,0
dev_0005563,2
dev_0005566,1
dev_0005569,3
dev_0005570,3
dev_0005571,4
dev_0005572,4
dev_0005573,1
dev_0005574,1
dev_0005575,2
dev_0005576,3
dev_0005577,3
dev_0005578,1
dev_0005579,0
dev_0005580,4
dev_0005582,1
dev_0005583,2
dev_0005584,4
dev_0005585,3
dev_0005587,2
dev_0005589,1
dev_0005590,4
dev_0005591,0
dev_0005592,2
dev_0005593,4
dev_0005594,2
dev_0005596,1
dev_0005597,4
dev_0005598,1
dev_0005600,2
dev_0005601,3
dev_0005602,0
dev_0005603,3
dev_0005607,3
dev_0005609,1
dev_0005610,2
dev_0005611,4
dev_0005613,3
dev_0005614,2
dev_0005615,1
dev_0005617,0
dev_0005618,4
dev_0005619,4
dev_0005620,0
dev_0005621,2
dev_0005622,0
dev_0005623,0
dev_0005624,4
dev_0005628,0
dev_0005630,3
dev_0005631,2
dev_0005632,0
dev_0005633,3
dev_0005634,2
dev_0005636,0
dev_0005637,1
dev_0005638,0
dev_0005639,3
dev_0005641,2
dev_0005642,3
dev_0005643,3
dev_0005644,1
dev_0005645,4
dev_0005647,2
dev_0005648,3
dev_0005649,2
dev_0005650,3
dev_0005651,3
dev_0005652,0
dev_0005654,1
dev_0005656,3
dev_0005657,3
dev_0005658,3
dev_0005661,3
dev_0005662,1
dev_0005663,1
dev_0005664,2
dev_0005665,0
dev_0005666,4
dev_0005667,4
dev_0005668,4
dev_0005669,3
dev_0005670,0
dev_0005671,4
dev_0005672,0
dev_0005673,2
dev_0005674,3
dev_0005675,2
dev_0005678,3
dev_0005681,1
dev_0005682,0
dev_0005684,4
dev_0005686,0
dev_0005687,1
dev_0005688,4
dev_0005689,3
dev_0005690,2
dev_0005692,2
dev_0005693,3
dev_0005694,0
dev_0005695,3
dev_0005696,0
dev_0005697,3
dev_0005698,3
dev_0005699,1
dev_0005700,4
dev_0005701,4
dev_0005702,4
dev_0005703,2
dev_0005704,2
dev_0005705,1
dev_0005706,1
dev_0005707,1
dev_0005708,4
dev_0005709,4
dev_0005710,3
dev_0005711,4
dev_0005712,3
dev_0005713,4
dev_0005714,0
dev_0005715,1
dev_0005717,1
dev_0005718,2
dev_0005719,1
dev_0005721,3
dev_0005722,2
dev_0005723,3
dev_0005724,0
dev_0005725,2
dev_0005726,2
dev_0005727,2
dev_0005728,4
dev_0005730,4
dev_0005731,2
dev_0005732,1
dev_0005733,1
dev_0005735,2
dev_0005736,3
dev_0005738,0
dev_0005739,4
dev_0005740,4
dev_0005741,4
dev_0005742,4
dev_0005743,3
dev_0005744,2
dev_0005746,1
dev_0005747,4
dev_0005748,3
dev_0005749,0
dev_0005750,1
dev_0005751,2
dev_0005752,3
dev_0005753,0
dev_0005755,4
dev_0005756,3
dev_0005757,1
dev_0005758,1
dev_0005759,0
dev_0005760,4
dev_0005761,3
dev_0005762,1
dev_0005763,2
dev_0005764,2
dev_0005765,3
dev_0005767,0
dev_0005768,3
dev_0005769,2
dev_0005770,0
dev_0005771,3
dev_0005772,1
dev_0005773,4
dev_0005774,3
dev_0005777,1
dev_0005778,4
dev_0005779,1
dev_0005780,4
dev_0005781,3
dev_0005782,2
dev_0005783,3
dev_0005784,1
dev_0005785,3
dev_0005786,1
dev_0005787,3
dev_0005788,3
dev_0005789,3
dev_0005790,0
dev_0005791,0
dev_0005792,1
dev_0005793,3
dev_0005794,3
dev_0005796,2
dev_0005797,4
dev_0005798,0
dev_0005799,1
dev_0005800,4
dev_0005801,4
dev_0005803,2
dev_0005804,1
dev_0005805,1
dev_0005806,2
dev_0005809,2
dev_0005810,4
dev_0005811,3
dev_0005812,2
dev_0005813,1
dev_0005814,2
dev_0005815,4
dev_0005817,1
dev_0005818,3
dev_0005819,4
dev_0005821,2
dev_0005822,0
dev_0005823,2
dev_0005824,4
dev_0005825,1
dev_0005826,2
dev_0005828,4
dev_0005829,2
dev_0005831,3
dev_0005832,1
dev_0005834,4
dev_0005835,0
dev_0005836,0
dev_0005837,2
dev_0005838,2
dev_0005839,3
dev_0005840,1
dev_0005842,3
dev_0005843,4
dev_0005844,1
dev_0005845,0
dev_0005846,0
dev_0005847,1
dev_0005848,0
dev_0005849,2
dev_0005850,1
dev_0005851,2
dev_0005852,0
dev_0005854,0
dev_0005855,4
dev_0005856,1
dev_0005858,1
dev_0005859,1
dev_0005860,1
dev_0005861,0
dev_0005862,0
dev_0005863,1
dev_0005865,4
dev_0005866,1
dev_0005868,3
dev_0005871,4
dev_0005872,1
dev_0005873,3
dev_0005875,4
dev_0005876,1
dev_0005877,4
dev_0005878,0
dev_0005879,2
dev_0005880,2
dev_0005881,2
dev_0005882,2
dev_0005884,3
dev_0005885,0
dev_0005887,0
dev_0005888,3
dev_0005889,0
dev_0005890,3
dev_0005891,4
dev_0005892,4
dev_0005893,4
dev_0005894,1
dev_0005895,0
dev_0005896,2
dev_0005897,1
dev_0005898,1
dev_0005899,3
dev_0005901,2
dev_0005902,3
dev_0005905,2
dev_0005906,0
dev_0005907,0
dev_0005909,0
dev_0005910,3
dev_0005912,1
dev_0005914,1
dev_0005915,3
dev_0005916,2
dev_0005917,3
dev_0005918,0
dev_0005919,3
dev_0005920,3
dev_0005921,4
dev_0005922,0
dev_0005923,3
dev_0005925,2
dev_0005927,2
dev_0005928,4
dev_0005929,4
dev_0005930,2
dev_0005931,2
dev_0005932,4
dev_0005933,0
dev_0005934,3
dev_0005936,1
dev_0005938,1
dev_0005940,2
dev_0005942,3
dev_0005943,0
dev_0005944,3
dev_0005945,0
dev_0005946,0
dev_0005947,2
dev_0005948,4
dev_0005949,0
dev_0005950,1
dev_0005951,4
dev_0005952,3
dev_0005953,2
dev_0005954,4
dev_0005955,1
dev_0005956,4
dev_0005959,1
dev_0005962,0
dev_0005963,0
dev_0005964,4
dev_0005965,3
dev_0005966,2
dev_0005969,0
dev_0005970,1
dev_0005971,3
dev_0005972,3
dev_0005973,0
dev_0005974,4
dev_0005975,3
dev_0005977,0
dev_0005978,0
dev_0005979,2
dev_0005980,3
dev_0005981,4
dev_0005982,4
dev_0005983,0
dev_0005984,0
dev_0005986,1
dev_0005988,3
dev_0005989,2
dev_0005991,2
dev_0005993,1
dev_0005994,4
dev_0005995,4
dev_0005996,3
dev_0005998,2
dev_0005999,3
dev_0006000,1
dev_0006001,0
dev_0006002,1
dev_0006004,3
dev_0006005,3
dev_0006006,0
dev_0006007,3
dev_0006008,1
dev_0006009,2
dev_0006010,0
dev_0006012,1
dev_0006013,4
dev_0006014,3
dev_0006016,0
dev_0006017,2
dev_0006018,1
dev_0006019,3
dev_0006020,1
dev_0006021,4
dev_0006022,0
dev_0006023,4
dev_0006025,2
dev_0006026,4
dev_0006027,2
dev_0006028,2
dev_0006029,2
dev_0006030,3
dev_0006031,1
dev_0006032,4
dev_0006033,0
dev_0006034,4
dev_0006035,0
dev_0006036,2
dev_0006037,3
dev_0006038,0
dev_0006039,4
dev_0006040,2
dev_0006041,3
dev_0006043,1
dev_0006044,1
dev_0006045,2
dev_0006046,0
dev_0006047,2
dev_0006048,2
dev_0006049,2
dev_0006050,3
dev_0006051,3
dev_0006052,1
dev_0006053,3
dev_0006054,2
dev_0006055,1
dev_0006058,0
dev_0006059,1
dev_0006063,3
dev_0006064,0
dev_0006065,1
dev_0006066,3
dev_0006067,1
dev_0006070,2
dev_0006072,4
dev_0006073,2
dev_0006075,2
dev_0006077,4
dev_0006078,3
dev_0006079,0
dev_0006081,1
dev_0006082,3
dev_0006083,1
dev_0006084,2
dev_0006085,2
dev_0006087,1
dev_0006088,2
dev_0006089,3
dev_0006090,4
dev_0006091,1
dev_0006092,3
dev_0006093,2
dev_0006094,2
dev_0006095,0
dev_0006096,4
dev_0006097,4
dev_0006099,1
dev_0006100,0
dev_0006101,0
dev_0006103,0
dev_0006104,2
dev_0006105,0
dev_0006106,2
dev_0006108,4
dev_0006109,4
dev_0006110,0
dev_0006111,3
dev_0006112,2
dev_0006113,1
dev_0006115,1
dev_0006116,4
dev_0006117,3
dev_0006118,0
dev_0006120,0
dev_0006121,2
dev_0006122,4
dev_0006124,0
dev_0006126,0
dev_0006128,4
dev_0006129,0
dev_0006130,1
dev_0006132,4
dev_0006133,4
dev_0006134,0
dev_0006135,4
dev_0006138,4
dev_0006139,3
dev_0006142,0
dev_0006143,2
dev_0006144,2
dev_0006145,3
dev_0006146,2
dev_0006147,1
dev_0006148,2
dev_0006149,0
dev_0006150,0
dev_0006151,2
dev_0006153,1
dev_0006154,4
dev_0006156,4
dev_0006157,2
dev_0006159,0
dev_0006160,2
dev_0006162,1
dev_0006163,4
dev_0006164,3
dev_0006166,4
dev_0006168,3
dev_0006169,4
dev_0006170,4
dev_0006171,4
dev_0006172,2
dev_0006173,0
dev_0006174,4
dev_0006175,3
dev_0006176,0
dev_0006177,1
dev_0006178,2
dev_0006179,4
dev_0006180,4
dev_0006181,1
dev_0006182,2
dev_0006183,1
dev_0006185,1
dev_0006186,4
dev_0006187,4
dev_0006189,0
dev_0006190,0
dev_0006191,2
dev_0006192,1
dev_0006193,0
dev_0006194,4
dev_0006195,2
dev_0006196,0
dev_0006197,1
dev_0006198,1
dev_0006199,2
dev_0006200,1
dev_0006202,1
dev_0006203,1
dev_0006204,3
dev_0006205,1
dev_0006206,1
dev_0006208,2
dev_0006209,3
dev_0006210,1
dev_0006211,0
dev_0006212,1
dev_0006213,2
dev_0006214,1
dev_0006216,4
dev_0006217,1
dev_0006218,3
dev_0006219,1
dev_0006223,2
dev_0006225,2
dev_0006226,3
dev_0006227,4
dev_0006228,1
dev_0006229,2
dev_0006230,4
dev_0006231,4
dev_0006233,1
dev_0006234,1
dev_0006235,3
dev_0006236,3
dev_0006237,1
dev_0006238,4
dev_0006239,2
dev_0006240,1
dev_0006241,0
dev_0006242,1
dev_0006243,3
dev_0006245,2
dev_0006246,2
dev_0006247,1
dev_0006249,0
dev_0006251,3
dev_0006252,3
dev_0006253,4
dev_0006254,3
dev_0006255,3
dev_0006256,0
dev_0006257,1
dev_0006258,4
dev_0006259,1
dev_0006260,1
dev_0006261,0
dev_0006262,1
dev_0006263,1
dev_0006264,0
dev_0006265,2
dev_0006266,4
dev_0006267,0
dev_0006269,4
dev_0006270,4
dev_0006271,0
dev_0006272,0
dev_0006274,3
dev_0006275,4
dev_0006276,4
dev_0006277,2
dev_0006278,3
dev_0006279,0
dev_0006280,2
dev_0006281,0
dev_0006283,2
dev_0006284,4
dev_0006285,1
dev_0006286,1
dev_0006287,3
dev_0006290,4
dev_0006291,0
dev_0006292,2
dev_0006293,2
dev_0006294,3
dev_0006295,3
dev_0006296,1
dev_0006298,4
dev_0006299,3
dev_0006301,1
dev_0006302,2
dev_0006303,1
dev_0006304,3
dev_0006306,2
dev_0006307,2
dev_0006309,0
dev_0006311,0
dev_0006313,0
dev_0006314,0
dev_0006316,4
dev_0006318,1
dev_0006319,0
dev_0006320,4
dev_0006321,4
dev_0006322,0
dev_0006323,1
dev_0006324,3
dev_0006325,2
dev_0006327,3
dev_0006328,0
dev_0006329,4
dev_0006330,4
dev_0006332,3
dev_0006333,3
dev_0006334,0
dev_0006336,3
dev_0006337,2
dev_0006338,3
dev_0006340,0
dev_0006341,1
dev_0006342,3
dev_0006343,0
dev_0006345,2
dev_0006346,0
dev_0006347,3
dev_0006348,3
dev_0006349,1
dev_0006351,4
dev_0006352,0
dev_0006353,4
dev_0006354,2
dev_0006355,4
dev_0006357,4
dev_0006358,4
dev_0006359,3
dev_0006360,3
dev_0006362,1
dev_0006364,0
dev_0006365,0
dev_0006366,3
dev_0006368,2
dev_0006369,3
dev_0006370,4
dev_0006371,1
dev_0006372,1
dev_0006373,2
dev_0006374,4
dev_0006378,2
dev_0006379,1
dev_0006380,1
dev_0006381,3
dev_0006382,1
dev_0006383,3
dev_0006384,2
dev_0006385,3
dev_0006386,4
dev_0006387,4
dev_0006388,0
dev_0006390,2
dev_0006391,1
dev_0006392,2
dev_0006393,3
dev_0006394,4
dev_0006395,3
dev_0006396,4
dev_0006397,4
dev_0006399,3
dev_0006400,1
dev_0006401,3
dev_0006402,2
dev_0006403,4
dev_0006406,1
dev_0006407,0
dev_0006408,0
dev_0006409,3
dev_0006411,3
dev_0006412,3
dev_0006413,1
dev_0006415,2
dev_0006418,4
dev_0006419,4
dev_0006420,0
dev_0006421,0
dev_0006422,2
dev_0006423,3
dev_0006424,0
dev_0006425,1
dev_0006426,4
dev_0006427,4
dev_0006428,0
dev_0006429,2
dev_0006430,3
dev_0006431,0
dev_0006432,4
dev_0006433,2
dev_0006435,1
dev_0006436,4
dev_0006437,3
dev_0006438,3
dev_0006441,0
dev_0006442,3
dev_0006443,1
dev_0006444,3
dev_0006445,0
dev_0006446,3
dev_0006447,2
dev_0006448,3
dev_0006449,0
dev_0006450,3
dev_0006453,3
dev_0006454,2
dev_0006455,4
dev_0006456,2
dev_0006457,3
dev_0006459,0
dev_0006461,0
dev_0006462,2
dev_0006464,3
dev_0006466,2
dev_0006467,1
dev_0006469,4
dev_0006470,0
dev_0006471,0
dev_0006472,2
dev_0006474,4
dev_0006475,2
dev_0006476,0
dev_0006477,0
dev_0006480,3
dev_0006481,0
dev_0006483,4
dev_0006485,1
dev_0006487,3
dev_0006489,2
dev_0006490,2
dev_0006491,0
dev_0006492,4
dev_0006493,4
dev_0006494,1
dev_0006495,1
dev_0006496,1
dev_0006497,4
dev_0006498,0
dev_0006499,2
dev_0006500,3
dev_0006502,0
dev_0006503,0
dev_0006504,2
dev_0006505,0
dev_0006507,4
dev_0006508,3
dev_0006509,2
dev_0006510,0
dev_0006511,3
dev_0006512,4
dev_0006513,0
dev_0006515,4
dev_0006516,4
dev_0006517,1
dev_0006519,1
dev_0006520,0
dev_0006522,2
dev_0006524,0
dev_0006525,2
dev_0006529,2
dev_0006531,0
dev_0006532,3
dev_0006533,1
dev_0006534,0
dev_0006535,1
dev_0006537,3
dev_0006538,0
dev_0006539,4
dev_0006540,1
dev_0006541,0
dev_0006542,3
dev_0006543,3
dev_0006544,0
dev_0006545,4
dev_0006546,1
dev_0006547,1
dev_0006548,1
dev_0006549,3
dev_0006550,4
dev_0006552,1
dev_0006553,2
dev_0006554,1
dev_0006555,3
dev_0006556,1
dev_0006557,0
dev_0006558,2
dev_0006559,2
dev_0006560,0
dev_0006561,0
dev_0006562,0
dev_0006563,1
dev_0006564,0
dev_0006565,0
dev_0006566,0
dev_0006567,3
dev_0006569,0
dev_0006570,3
dev_0006572,1
dev_0006573,1
dev_0006574,2
dev_0006577,0
dev_0006579,0
dev_0006581,4
dev_0006582,4
dev_0006583,1
dev_0006584,1
dev_0006585,3
dev_0006586,0
dev_0006588,0
dev_0006592,1
dev_0006595,2
dev_0006596,3
dev_0006597,0
dev_0006598,2
dev_0006599,2
dev_0006601,4
dev_0006604,3
dev_0006605,0
dev_0006607,4
dev_0006608,0
dev_0006609,2
dev_0006610,3
dev_0006611,1
dev_0006612,2
dev_0006613,2
dev_0006614,0
dev_0006616,2
dev_0006617,1
dev_0006618,3
dev_0006620,2
dev_0006621,3
dev_0006622,1
dev_0006623,2
dev_0006624,3
dev_0006625,1
dev_0006626,2
dev_0006627,3
dev_0006628,2
dev_0006629,1
dev_0006630,3
dev_0006631,4
dev_0006632,4
dev_0006633,4
dev_0006634,4
dev_0006635,2
dev_0006636,0
dev_0006638,2
dev_0006641,1
dev_0006642,3
dev_0006643,4
dev_0006644,2
dev_0006645,2
dev_0006646,2
dev_0006647,0
dev_0006648,2
dev_0006649,0
dev_0006650,3
dev_0006651,0
dev_0006653,3
dev_0006654,3
dev_0006655,2
dev_0006656,1
dev_0006657,1
dev_0006658,3
dev_0006659,2
dev_0006660,2
dev_0006661,1
dev_0006662,1
dev_0006664,3
dev_0006665,3
dev_0006666,4
dev_0006667,2
dev_0006668,4
dev_0006669,1
dev_0006670,3
dev_0006671,1
dev_0006672,4
dev_0006673,1
dev_0006674,2
dev_0006676,0
dev_0006678,4
dev_0006679,3
dev_0006680,3
dev_0006681,0
dev_0006682,3
dev_0006684,0
dev_0006685,0
dev_0006686,3
dev_0006687,3
dev_0006688,1
dev_0006690,4
dev_0006691,0
dev_0006695,2
dev_0006697,0
dev_0006698,3
dev_0006699,2
dev_0006702,1
dev_0006703,0
dev_0006704,4
dev_0006705,2
dev_0006706,2
dev_0006707,2
dev_0006708,4
dev_0006709,2
dev_0006711,4
dev_0006713,0
dev_0006715,3
dev_0006716,3
dev_0006717,2
dev_0006718,4
dev_0006719,2
dev_0006720,0
dev_0006721,1
dev_0006722,2
dev_0006724,4
dev_0006725,4
dev_0006726,0
dev_0006727,1
dev_0006728,2
dev_0006730,2
dev_0006733,0
dev_0006734,2
dev_0006735,2
dev_0006736,3
dev_0006737,3
dev_0006738,4
dev_0006739,4
dev_0006740,1
dev_0006741,3
dev_0006743,2
dev_0006744,4
dev_0006745,4
dev_0006746,2
dev_0006747,1
dev_0006748,2
dev_0006749,4
dev_0006750,2
dev_0006751,2
dev_0006752,1
dev_0006754,4
dev_0006755,0
dev_0006756,3
dev_0006757,1
dev_0006758,4
dev_0006759,0
dev_0006760,3
dev_0006761,4
dev_0006763,3
dev_0006764,3
dev_0006767,4
dev_0006768,2
dev_0006769,2
dev_0006771,0
dev_0006772,1
dev_0006774,2
dev_0006775,3
dev_0006776,1
dev_0006777,2
dev_0006778,3
dev_0006779,2
dev_0006780,2
dev_0006781,1
dev_0006782,3
dev_0006783,0
dev_0006785,0
dev_0006786,3
dev_0006789,1
dev_0006790,2
dev_0006791,1
dev_0006793,2
dev_0006794,3
dev_0006795,3
dev_0006796,2
dev_0006797,1
dev_0006799,2
dev_0006800,4
dev_0006802,4
dev_0006803,3
dev_0006804,3
dev_0006805,1
dev_0006806,1
dev_0006807,3
dev_0006808,2
dev_0006809,2
dev_0006810,0
dev_0006811,4
dev_0006813,2
dev_0006815,4
dev_0006816,1
dev_0006817,1
dev_0006819,3
dev_0006820,3
dev_0006821,2
dev_0006822,4
dev_0006824,3
dev_0006825,3
dev_0006826,2
dev_0006828,0
dev_0006829,0
dev_0006830,3
dev_0006831,3
dev_0006832,0
dev_0006833,2
dev_0006834,2
dev_0006836,3
dev_0006838,4
dev_0006839,2
dev_0006841,0
dev_0006842,0
dev_0006843,3
dev_0006844,3
dev_0006845,1
dev_0006846,3
dev_0006847,1
dev_0006848,1
dev_0006850,1
dev_0006851,1
dev_0006852,4
dev_0006853,1
dev_0006854,0
dev_0006855,3
dev_0006857,3
dev_0006858,1
dev_0006861,3
dev_0006863,3
dev_0006864,3
dev_0006865,4
dev_0006866,3
dev_0006867,2
dev_0006868,0
dev_0006869,4
dev_0006870,0
dev_0006871,4
dev_0006872,1
dev_0006873,0
dev_0006875,3
dev_0006876,1
dev_0006877,4
dev_0006879,2
dev_0006881,3
dev_0006882,3
dev_0006883,2
dev_0006886,1
dev_0006887,1
dev_0006888,3
dev_0006889,3
dev_0006890,1
dev_0006891,3
dev_0006892,0
dev_0006893,4
dev_0006894,0
dev_0006895,3
dev_0006896,4
dev_0006897,4
dev_0006898,2
dev_0006899,0
dev_0006902,0
dev_0006903,1
dev_0006906,0
dev_0006907,0
dev_0006910,3
dev_0006913,3
dev_0006915,2
dev_0006916,3
dev_0006917,0
dev_0006918,4
dev_0006919,4
dev_0006920,2
dev_0006921,1
dev_0006922,2
dev_0006923,4
dev_0006924,3
dev_0006925,3
dev_0006927,3
dev_0006928,1
dev_0006930,4
dev_0006931,0
dev_0006933,4
dev_0006935,2
dev_0006936,4
dev_0006938,2
dev_0006939,4
dev_0006940,4
dev_0006941,3
dev_0006942,3
dev_0006943,4
dev_0006944,4
dev_0006945,2
dev_0006946,2
dev_0006947,0
dev_0006949,4
dev_0006950,4
dev_0006951,3
dev_0006953,1
dev_0006954,0
dev_0006955,2
dev_0006958,4
dev_0006959,2
dev_0006960,4
dev_0006961,4
dev_0006962,3
dev_0006963,0
dev_0006964,3
dev_0006965,0
dev_0006966,4
dev_0006968,4
dev_0006969,3
dev_0006970,1
dev_0006971,2
dev_0006972,3
dev_0006973,4
dev_0006974,3
dev_0006975,4
dev_0006976,0
dev_0006977,4
dev_0006978,3
dev_0006979,4
dev_0006980,0
dev_0006981,2
dev_0006982,4
dev_0006983,3
dev_0006984,1
dev_0006985,2
dev_0006986,4
dev_0006987,1
dev_0006990,0
dev_0006991,1
dev_0006992,2
dev_0006993,1
dev_0006994,1
dev_0006995,1
dev_0006996,3
dev_0006997,1
dev_0006999,2
dev_0007000,3
dev_0007001,4
dev_0007002,0
dev_0007003,1
dev_0007004,4
dev_0007005,2
dev_0007006,3
dev_0007007,4
dev_0007008,3
dev_0007009,4
dev_0007010,3
dev_0007012,3
dev_0007013,2
dev_0007014,2
dev_0007015,4
dev_0007017,3
dev_0007018,1
dev_0007019,2
dev_0007020,3
dev_0007022,1
dev_0007023,0
dev_0007024,4
dev_0007025,1
dev_0007026,2
dev_0007027,0
dev_0007028,2
dev_0007029,4
dev_0007030,4
dev_0007031,3
dev_0007032,0
dev_0007033,2
dev_0007034,3
dev_0007035,3
dev_0007037,0
dev_0007038,3
dev_0007039,0
dev_0007040,4
dev_0007041,0
dev_0007043,0
dev_0007045,2
dev_0007046,0
dev_0007047,4
dev_0007048,0
dev_0007049,1
dev_0007050,1
dev_0007051,1
dev_0007053,4
dev_0007055,2
dev_0007057,0
dev_0007058,4
dev_0007060,3
dev_0007061,3
dev_0007062,1
dev_0007063,4
dev_0007064,4
dev_0007065,4
dev_0007066,0
dev_0007067,4
dev_0007068,0
dev_0007069,0
dev_0007072,0
dev_0007073,1
dev_0007074,3
dev_0007075,2
dev_0007076,1
dev_0007077,3
dev_0007078,2
dev_0007079,1
dev_0007081,3
dev_0007082,4
dev_0007083,0
dev_0007084,3
dev_0007085,1
dev_0007086,3
dev_0007087,1
dev_0007088,4
dev_0007090,1
dev_0007091,2
dev_0007092,4
dev_0007093,4
dev_0007094,3
dev_0007096,3
dev_0007097,0
dev_0007098,1
dev_0007099,3
dev_0007101,4
dev_0007102,1
dev_0007106,1
dev_0007107,3
dev_0007108,3
dev_0007109,1
dev_0007110,4
dev_0007111,0
dev_0007112,1
dev_0007113,4
dev_0007116,4
dev_0007118,0
dev_0007119,3
dev_0007121,0
dev_0007122,2
dev_0007123,1
dev_0007124,4
dev_0007125,2
dev_0007126,0
dev_0007127,2
dev_0007128,2
dev_0007129,3
dev_0007130,4
dev_0007131,0
dev_0007132,4
dev_0007133,0
dev_0007135,1
dev_0007137,3
dev_0007138,0
dev_0007139,1
dev_0007140,4
dev_0007141,1
dev_0007142,3
dev_0007143,0
dev_0007144,0
dev_0007145,3
dev_0007146,0
dev_0007147,4
dev_0007148,4
dev_0007149,2
dev_0007150,0
dev_0007151,4
dev_0007152,2
dev_0007153,2
dev_0007154,3
dev_0007155,0
dev_0007156,4
dev_0007157,4
dev_0007158,1
dev_0007159,2
dev_0007160,2
dev_0007161,1
dev_0007162,4
dev_0007163,2
dev_0007164,0
dev_0007165,2
dev_0007166,0
dev_0007167,1
dev_0007170,3
dev_0007171,0
dev_0007172,0
dev_0007173,3
dev_0007174,4
dev_0007175,4
dev_0007176,1
dev_0007178,2
dev_0007179,1
dev_0007181,2
dev_0007183,2
dev_0007184,1
dev_0007188,4
dev_0007189,4
dev_0007191,1
dev_0007192,0
dev_0007193,4
dev_0007194,2
dev_0007197,4
dev_0007200,2
dev_0007201,1
dev_0007202,0
dev_0007203,0
dev_0007204,1
dev_0007205,3
dev_0007206,0
dev_0007207,0
dev_0007209,0
dev_0007210,1
dev_0007211,3
dev_0007212,4
dev_0007214,4
dev_0007215,4
dev_0007217,2
dev_0007218,2
dev_0007220,0
dev_0007221,1
dev_0007222,0
dev_0007224,3
dev_0007226,1
dev_0007227,0
dev_0007228,4
dev_0007229,4
dev_0007230,2
dev_0007231,3
dev_0007233,4
dev_0007237,1
dev_0007238,3
dev_0007239,0
dev_0007240,1
dev_0007241,2
dev_0007242,2
dev_0007245,3
dev_0007246,3
dev_0007247,0
dev_0007248,1
dev_0007249,0
dev_0007250,1
dev_0007251,1
dev_0007252,3
dev_0007253,1
dev_0007254,1
dev_0007255,3
dev_0007256,0
dev_0007258,3
dev_0007261,4
dev_0007262,0
dev_0007263,4
dev_0007264,1
dev_0007265,2
dev_0007266,0
dev_0007267,0
dev_0007268,2
dev_0007269,4
dev_0007270,2
dev_0007271,2
dev_0007273,4
dev_0007274,3
dev_0007275,2
dev_0007279,3
dev_0007280,2
dev_0007281,0
dev_0007282,4
dev_0007284,4
dev_0007285,3
dev_0007286,3
dev_0007287,4
dev_0007288,0
dev_0007291,0
dev_0007292,3
dev_0007294,3
dev_0007296,2
dev_0007298,3
dev_0007299,1
dev_0007303,4
dev_0007305,4
dev_0007307,4
dev_0007308,0
dev_0007309,2
dev_0007310,2
dev_0007311,1
dev_0007313,4
dev_0007314,1
dev_0007316,2
dev_0007317,3
dev_0007318,2
dev_0007319,2
dev_0007320,2
dev_0007321,3
dev_0007322,1
dev_0007323,3
dev_0007324,0
dev_0007325,0
dev_0007327,1
dev_0007328,3
dev_0007330,2
dev_0007331,0
dev_0007332,2
dev_0007333,0
dev_0007334,2
dev_0007335,4
dev_0007336,3
dev_0007338,4
dev_0007339,4
dev_0007341,0
dev_0007343,0
dev_0007344,4
dev_0007345,4
dev_0007346,2
dev_0007347,2
dev_0007348,0
dev_0007349,2
dev_0007350,4
dev_0007351,0
dev_0007352,3
dev_0007354,0
dev_0007355,0
dev_0007356,2
dev_0007357,1
dev_0007358,2
dev_0007360,4
dev_0007361,3
dev_0007362,1
dev_0007363,2
dev_0007364,1
dev_0007365,4
dev_0007366,2
dev_0007369,4
dev_0007370,3
dev_0007371,4
dev_0007372,2
dev_0007373,3
dev_0007374,4
dev_0007376,0
dev_0007377,3
dev_0007379,1
dev_0007380,4
dev_0007381,4
dev_0007382,3
dev_0007383,4
dev_0007384,3
dev_0007385,1
dev_0007386,1
dev_0007388,3
dev_0007389,4
dev_0007390,1
dev_0007391,3
dev_0007394,1
dev_0007395,0
dev_0007396,0
dev_0007397,1
dev_0007399,4
dev_0007400,1
dev_0007401,3
dev_0007402,3
dev_0007403,1
dev_0007404,4
dev_0007405,4
dev_0007406,2
dev_0007407,4
dev_0007408,0
dev_0007409,2
dev_0007410,2
dev_0007412,3
dev_0007413,3
dev_0007414,4
dev_0007416,2
dev_0007417,3
dev_0007418,2
dev_0007419,2
dev_0007420,0
dev_0007422,1
dev_0007423,4
dev_0007424,3
dev_0007425,1
dev_0007426,0
dev_0007427,1
dev_0007428,0
dev_0007430,4
dev_0007431,0
dev_0007432,3
dev_0007433,3
dev_0007434,2
dev_0007435,1
dev_0007436,4
dev_0007437,1
dev_0007438,3
dev_0007440,2
dev_0007441,4
dev_0007442,4
dev_0007443,2
dev_0007444,0
dev_0007445,1
dev_0007446,0
dev_0007447,3
dev_0007448,4
dev_0007449,1
dev_0007450,1
dev_0007451,1
dev_0007453,2
dev_0007455,3
dev_0007456,4
dev_0007457,4
dev_0007458,2
dev_0007459,3
dev_0007460,0
dev_0007461,0
dev_0007462,4
dev_0007463,1
dev_0007464,0
dev_0007465,4
dev_0007466,4
dev_0007467,4
dev_0007468,0
dev_0007469,0
dev_0007471,2
dev_0007472,3
dev_0007473,0
dev_0007474,0
dev_0007475,0
dev_0007476,0
dev_0007477,0
dev_0007478,4
dev_0007479,1
dev_0007480,3
dev_0007483,4
dev_0007484,1
dev_0007486,1
dev_0007487,2
dev_0007488,3
dev_0007489,1
dev_0007490,4
dev_0007491,0
dev_0007492,1
dev_0007493,1
dev_0007494,0
dev_0007495,2
dev_0007496,1
dev_0007497,1
dev_0007498,1
dev_0007499,0
dev_0007502,1
dev_0007503,3
dev_0007504,3
dev_0007505,3
dev_0007506,3
dev_0007507,3
dev_0007508,2
dev_0007509,3
dev_0007510,4
dev_0007511,1
dev_0007514,2
dev_0007515,0
dev_0007516,0
dev_0007517,0
dev_0007518,1
dev_0007519,1
dev_0007520,4
dev_0007521,0
dev_0007522,0
dev_0007523,2
dev_0007524,3
dev_0007528,2
dev_0007529,1
dev_0007530,4
dev_0007532,1
dev_0007534,1
dev_0007536,0
dev_0007537,0
dev_0007538,0
dev_0007540,4
dev_0007541,3
dev_0007542,0
dev_0007543,4
dev_0007544,2
dev_0007545,2
dev_0007546,1
dev_0007547,4
dev_0007550,0
dev_0007551,1
dev_0007552,2
dev_0007554,4
dev_0007555,1
dev_0007557,1
dev_0007558,4
dev_0007559,1
dev_0007560,0
dev_0007561,1
dev_0007562,1
dev_0007563,0
dev_0007564,3
dev_0007565,4
dev_0007566,3
dev_0007567,3
dev_0007569,1
dev_0007570,2
dev_0007572,4
dev_0007573,2
dev_0007574,2
dev_0007575,3
dev_0007576,3
dev_0007577,1
dev_0007578,2
dev_0007579,1
dev_0007580,2
dev_0007581,4
dev_0007583,0
dev_0007584,3
dev_0007585,2
dev_0007586,3
dev_0007587,3
dev_0007588,3
dev_0007589,4
dev_0007590,0
dev_0007591,1
dev_0007592,2
dev_0007593,0
dev_0007595,1
dev_0007596,0
dev_0007597,3
dev_0007598,1
dev_0007599,2
dev_0007600,3
dev_0007601,3
dev_0007602,1
dev_0007603,3
dev_0007604,4
dev_0007605,2
dev_0007606,0
dev_0007609,3
dev_0007611,2
dev_0007612,1
dev_0007614,0
dev_0007616,2
dev_0007617,2
dev_0007618,4
dev_0007621,4
dev_0007623,4
dev_0007624,2
dev_0007625,1
dev_0007626,3
dev_0007628,4
dev_0007630,2
dev_0007631,0
dev_0007632,2
dev_0007635,1
dev_0007636,0
dev_0007638,1
dev_0007639,3
dev_0007640,0
dev_0007641,0
dev_0007642,1
dev_0007644,2
dev_0007645,1
dev_0007647,2
dev_0007648,0
dev_0007649,2
dev_0007650,2
dev_0007651,1
dev_0007652,1
dev_0007653,0
dev_0007654,4
dev_0007655,1
dev_0007656,1
dev_0007657,3
dev_0007658,2
dev_0007659,2
dev_0007660,4
dev_0007661,0
dev_0007662,0
dev_0007664,3
dev_0007665,4
dev_0007666,1
dev_0007667,4
dev_0007671,3
dev_0007672,0
dev_0007673,1
dev_0007674,4
dev_0007675,3
dev_0007676,0
dev_0007677,2
dev_0007678,0
dev_0007679,4
dev_0007680,3
dev_0007681,4
dev_0007682,3
dev_0007683,4
dev_0007684,0
dev_0007685,2
dev_0007687,1
dev_0007688,1
dev_0007689,4
dev_0007690,3
dev_0007693,2
dev_0007694,4
dev_0007695,2
dev_0007696,0
dev_0007697,1
dev_0007699,4
dev_0007700,2
dev_0007701,0
dev_0007702,3
dev_0007703,3
dev_0007704,0
dev_0007705,0
dev_0007706,4
dev_0007707,1
dev_0007709,1
dev_0007710,2
dev_0007711,2
dev_0007712,1
dev_0007714,4
dev_0007716,4
dev_0007717,3
dev_0007719,4
dev_0007720,4
dev_0007721,2
dev_0007722,3
dev_0007723,3
dev_0007724,0
dev_0007725,0
dev_0007727,2
dev_0007728,3
dev_0007729,1
dev_0007730,0
dev_0007731,0
dev_0007732,1
dev_0007733,1
dev_0007734,0
dev_0007735,0
dev_0007736,0
dev_0007738,3
dev_0007739,1
dev_0007740,4
dev_0007741,2
dev_0007742,1
dev_0007744,3
dev_0007746,2
dev_0007747,2
dev_0007750,1
dev_0007752,3
dev_0007754,0
dev_0007755,3
dev_0007757,1
dev_0007758,1
dev_0007761,2
dev_0007762,4
dev_0007763,3
dev_0007764,2
dev_0007765,1
dev_0007766,2
dev_0007767,1
dev_0007768,2
dev_0007769,4
dev_0007770,4
dev_0007771,3
dev_0007772,4
dev_0007773,4
dev_0007774,1
dev_0007775,1
dev_0007777,3
dev_0007780,3
dev_0007782,0
dev_0007783,3
dev_0007784,1
dev_0007785,2
dev_0007786,1
dev_0007787,2
dev_0007788,0
dev_0007789,3
dev_0007790,0
dev_0007793,2
dev_0007794,0
dev_0007795,2
dev_0007799,1
dev_0007800,2
dev_0007802,1
dev_0007803,4
dev_0007808,4
dev_0007809,3
dev_0007810,4
dev_0007811,0
dev_0007812,4
dev_0007815,4
dev_0007816,0
dev_0007817,2
dev_0007818,2
dev_0007819,2
dev_0007820,1
dev_0007822,4
dev_0007823,1
dev_0007825,2
dev_0007826,3
dev_0007827,3
dev_0007828,3
dev_0007829,2
dev_0007830,0
dev_0007831,3
dev_0007832,2
dev_0007833,3
dev_0007835,3
dev_0007836,4
dev_0007837,4
dev_0007838,0
dev_0007840,1
dev_0007841,1
dev_0007842,2
dev_0007843,3
dev_0007845,1
dev_0007846,4
dev_0007847,0
dev_0007848,3
dev_0007850,0
dev_0007853,4
dev_0007854,2
dev_0007855,4
dev_0007856,0
dev_0007858,3
dev_0007859,1
dev_0007861,1
dev_0007862,1
dev_0007863,0
dev_0007865,3
dev_0007867,3
dev_0007868,2
dev_0007869,3
dev_0007870,3
dev_0007871,2
dev_0007872,2
dev_0007873,1
dev_0007874,4
dev_0007875,0
dev_0007876,1
dev_0007877,1
dev_0007880,2
dev_0007881,2
dev_0007882,0
dev_0007883,3
dev_0007884,1
dev_0007885,1
dev_0007886,0
dev_0007888,4
dev_0007889,3
dev_0007890,4
dev_0007891,4
dev_0007892,1
dev_0007893,1
dev_0007894,1
dev_0007895,3
dev_0007896,2
dev_0007897,4
dev_0007898,0
dev_0007899,4
dev_0007900,1
dev_0007901,1
dev_0007902,0
dev_0007904,3
dev_0007905,3
dev_0007906,0
dev_0007907,4
dev_0007908,2
dev_0007909,4
dev_0007910,0
dev_0007911,0
dev_0007912,2
dev_0007913,2
dev_0007914,4
dev_0007915,2
dev_0007917,1
dev_0007918,1
dev_0007919,0
dev_0007920,2
dev_0007921,2
dev_0007922,2
dev_0007923,4
dev_0007924,3
dev_0007925,4
dev_0007926,2
dev_0007927,0
dev_0007929,2
dev_0007930,4
dev_0007931,1
dev_0007932,4
dev_0007933,4
dev_0007934,2
dev_0007935,0
dev_0007936,0
dev_0007937,2
dev_0007938,4
dev_0007939,2
dev_0007940,3
dev_0007941,0
dev_0007942,2
dev_0007943,3
dev_0007944,1
dev_0007945,1
dev_0007946,4
dev_0007947,1
dev_0007948,2
dev_0007949,4
dev_0007950,1
dev_0007951,3
dev_0007952,1
dev_0007953,2
dev_0007955,0
dev_0007957,2
dev_0007958,1
dev_0007959,4
dev_0007960,0
dev_0007961,0
dev_0007962,0
dev_0007964,0
dev_0007965,0
dev_0007966,1
dev_0007967,4
dev_0007968,0
dev_0007969,4
dev_0007970,4
dev_0007971,1
dev_0007973,4
dev_0007974,4
dev_0007975,0
dev_0007976,0
dev_0007977,2
dev_0007978,1
dev_0007979,1
dev_0007980,2
dev_0007981,2
dev_0007983,0
dev_0007984,3
dev_0007985,1
dev_0007986,4
dev_0007988,0
dev_0007989,0
dev_0007990,1
dev_0007991,4
dev_0007994,2
dev_0007995,0
dev_0007996,0
dev_0007997,3
dev_0007998,1
dev_0007999,2
dev_0008000,1
dev_0008001,4
dev_0008004,0
dev_0008005,0
dev_0008006,0
dev_0008007,0
dev_0008008,1
dev_0008010,1
dev_0008012,3
dev_0008013,3
dev_0008014,4
dev_0008015,3
dev_0008016,1
dev_0008018,2
dev_0008019,1
dev_0008020,3
dev_0008021,3
dev_0008022,3
dev_0008023,2
dev_0008025,2
dev_0008027,2
dev_0008028,1
dev_0008029,1
dev_0008030,1
dev_0008031,2
dev_0008032,3
dev_0008033,2
dev_0008034,4
dev_0008035,4
dev_0008036,0
dev_0008038,0
dev_0008039,1
dev_0008040,3
dev_0008042,1
dev_0008043,4
dev_0008044,4
dev_0008045,4
dev_0008046,1
dev_0008047,1
dev_0008048,1
dev_0008049,3
dev_0008050,2
dev_0008051,2
dev_0008052,1
dev_0008053,0
dev_0008054,0
dev_0008055,0
dev_0008056,1
dev_0008057,4
dev_0008059,4
dev_0008060,0
dev_0008062,3
dev_0008063,2
dev_0008064,2
dev_0008065,2
dev_0008068,2
dev_0008069,4
dev_0008071,2
dev_0008072,4
dev_0008073,0
dev_0008075,4
dev_0008076,2
dev_0008077,3
dev_0008078,0
dev_0008079,4
dev_0008081,3
dev_0008082,0
dev_0008085,3
dev_0008086,3
dev_0008087,3
dev_0008088,4
dev_0008089,2
dev_0008090,3
dev_0008091,1
dev_0008092,1
dev_0008093,2
dev_0008094,0
dev_0008097,1
dev_0008098,1
dev_0008099,4
dev_0008100,3
dev_0008101,3
dev_0008102,2
dev_0008103,3
dev_0008104,3
dev_0008105,3
dev_0008106,4
dev_0008107,2
dev_0008109,1
dev_0008110,1
dev_0008111,3
dev_0008112,0
dev_0008113,2
dev_0008114,0
dev_0008115,2
dev_0008116,4
dev_0008117,3
dev_0008119,4
dev_0008120,3
dev_0008121,4
dev_0008122,0
dev_0008123,2
dev_0008124,2
dev_0008126,0
dev_0008128,1
dev_0008129,3
dev_0008131,0
dev_0008132,3
dev_0008133,1
dev_0008134,2
dev_0008135,1
dev_0008137,3
dev_0008138,1
dev_0008139,2
dev_0008140,0
dev_0008141,4
dev_0008142,4
dev_0008143,4
dev_0008144,4
dev_0008146,2
dev_0008147,1
dev_0008148,0
dev_0008149,1
dev_0008150,0
dev_0008151,4
dev_0008152,2
dev_0008153,2
dev_0008154,4
dev_0008156,3
dev_0008157,0
dev_0008158,1
dev_0008160,2
dev_0008161,3
dev_0008162,0
dev_0008163,4
dev_0008165,1
dev_0008166,0
dev_0008167,3
dev_0008169,2
dev_0008170,0
dev_0008171,4
dev_0008172,4
dev_0008173,3
dev_0008174,2
dev_0008175,2
dev_0008178,2
dev_0008179,3
dev_0008180,1
dev_0008181,4
dev_0008182,1
dev_0008183,1
dev_0008184,2
dev_0008185,4
dev_0008186,0
dev_0008187,2
dev_0008188,1
dev_0008189,0
dev_0008190,0
dev_0008193,0
dev_0008194,2
dev_0008196,2
dev_0008198,1
dev_0008199,1
dev_0008200,1
dev_0008201,4
dev_0008203,1
dev_0008204,0
dev_0008205,1
dev_0008206,3
dev_0008207,4
dev_0008209,2
dev_0008210,1
dev_0008211,2
dev_0008212,4
dev_0008213,2
dev_0008214,2
dev_0008215,2
dev_0008216,0
dev_0008217,3
dev_0008219,4
dev_0008220,0
dev_0008222,3
dev_0008224,4
dev_0008225,3
dev_0008228,3
dev_0008229,1
dev_0008230,4
dev_0008231,3
dev_0008232,0
dev_0008234,2
dev_0008236,1
dev_0008238,1
dev_0008239,2
dev_0008240,0
dev_0008242,3
dev_0008243,3
dev_0008244,3
dev_0008245,2
dev_0008246,2
dev_0008247,2
dev_0008249,2
dev_0008250,1
dev_0008251,1
dev_0008252,3
dev_0008254,2
dev_0008255,4
dev_0008256,3
dev_0008258,4
dev_0008259,1
dev_0008261,4
dev_0008262,4
dev_0008264,0
dev_0008265,0
dev_0008266,0
dev_0008267,4
dev_0008271,0
dev_0008272,0
dev_0008273,3
dev_0008274,2
dev_0008275,4
dev_0008276,3
dev_0008277,0
dev_0008278,3
dev_0008279,0
dev_0008280,0
dev_0008281,2
dev_0008282,4
dev_0008283,4
dev_0008284,4
dev_0008285,3
dev_0008286,0
dev_0008289,2
dev_0008290,3
dev_0008291,2
dev_0008293,2
dev_0008295,0
dev_0008296,4
dev_0008297,1
dev_0008298,0
dev_0008299,3
dev_0008300,0
dev_0008301,1
dev_0008302,1
dev_0008303,1
dev_0008305,2
dev_0008306,1
dev_0008307,2
dev_0008308,4
dev_0008309,3
dev_0008310,0
dev_0008311,1
dev_0008312,1
dev_0008313,2
dev_0008314,1
dev_0008315,4
dev_0008316,4
dev_0008317,1
dev_0008318,1
dev_0008319,2
dev_0008321,3
dev_0008322,1
dev_0008323,2
dev_0008325,0
dev_0008326,3
dev_0008327,1
dev_0008331,3
dev_0008333,4
dev_0008334,0
dev_0008335,4
dev_0008337,3
dev_0008338,3
dev_0008340,3
dev_0008343,2
dev_0008345,2
dev_0008346,2
dev_0008347,2
dev_0008348,3
dev_0008349,0
dev_0008352,3
dev_0008354,0
dev_0008355,2
dev_0008356,4
dev_0008357,2
dev_0008358,0
dev_0008359,3
dev_0008360,1
dev_0008361,0
dev_0008362,2
dev_0008364,4
dev_0008365,1
dev_0008366,1
dev_0008367,3
dev_0008368,2
dev_0008369,0
dev_0008370,1
dev_0008371,2
dev_0008372,1
dev_0008373,3
dev_0008374,4
dev_0008375,1
dev_0008376,3
dev_0008378,0
dev_0008379,2
dev_0008380,2
dev_0008381,1
dev_0008382,1
dev_0008383,0
dev_0008384,4
dev_0008385,0
dev_0008386,1
dev_0008388,3
dev_0008389,3
dev_0008390,3
dev_0008391,3
dev_0008392,4
dev_0008393,1
dev_0008394,0
dev_0008395,0
dev_0008396,3
dev_0008397,0
dev_0008398,1
dev_0008399,4
dev_0008400,1
dev_0008402,3
dev_0008404,0
dev_0008405,0
dev_0008406,4
dev_0008407,2
dev_0008408,3
dev_0008409,0
dev_0008410,0
dev_0008412,1
dev_0008414,0
dev_0008415,1
dev_0008416,0
dev_0008417,4
dev_0008418,0
dev_0008422,4
dev_0008423,1
dev_0008425,2
dev_0008426,0
dev_0008427,4
dev_0008428,4
dev_0008430,2
dev_0008431,0
dev_0008432,4
dev_0008433,3
dev_0008434,4
dev_0008435,4
dev_0008436,3
dev_0008437,2
dev_0008438,1
dev_0008439,2
dev_0008440,4
dev_0008442,4
dev_0008444,4
dev_0008445,0
dev_0008446,1
dev_0008447,1
dev_0008448,4
dev_0008449,1
dev_0008450,3
dev_0008451,3
dev_0008452,4
dev_0008453,4
dev_0008454,1
dev_0008457,3
dev_0008458,0
dev_0008460,4
dev_0008461,4
dev_0008462,0
dev_0008463,0
dev_0008465,1
dev_0008466,4
dev_0008470,0
dev_0008471,2
dev_0008472,3
dev_0008473,2
dev_0008474,4
dev_0008475,4
dev_0008476,4
dev_0008477,2
dev_0008478,3
dev_0008480,1
dev_0008482,0
dev_0008483,1
dev_0008484,4
dev_0008485,2
dev_0008486,2
dev_0008487,3
dev_0008488,3
dev_0008489,4
dev_0008490,1
dev_0008491,0
dev_0008492,2
dev_0008493,3
dev_0008494,3
dev_0008495,0
dev_0008496,0
dev_0008499,4
dev_0008500,0
dev_0008501,3
dev_0008504,3
dev_0008505,1
dev_0008506,3
dev_0008507,0
dev_0008508,1
dev_0008509,1
dev_0008510,0
dev_0008511,3
dev_0008513,1
dev_0008514,1
dev_0008515,4
dev_0008517,3
dev_0008518,1
dev_0008519,2
dev_0008520,3
dev_0008521,4
dev_0008523,4
dev_0008524,1
dev_0008526,2
dev_0008527,2
dev_0008529,2
dev_0008530,2
dev_0008531,2
dev_0008532,1
dev_0008534,1
dev_0008535,2
dev_0008536,0
dev_0008537,0
dev_0008538,3
dev_0008540,2
dev_0008541,2
dev_0008542,4
dev_0008543,3
dev_0008545,4
dev_0008546,0
dev_0008548,2
dev_0008549,0
dev_0008551,1
dev_0008552,4
dev_0008553,2
dev_0008554,2
dev_0008556,0
dev_0008557,0
dev_0008558,0
dev_0008559,1
dev_0008560,3
dev_0008564,4
dev_0008565,2
dev_0008566,1
dev_0008567,2
dev_0008569,4
dev_0008570,0
dev_0008571,1
dev_0008574,2
dev_0008575,3
dev_0008577,0
dev_0008578,2
dev_0008579,2
dev_0008580,1
dev_0008581,4
dev_0008582,3
dev_0008584,4
dev_0008585,2
dev_0008586,0
dev_0008587,0
dev_0008588,2
dev_0008589,2
dev_0008591,4
dev_0008592,2
dev_0008594,0
dev_0008595,0
dev_0008596,3
dev_0008597,1
dev_0008598,2
dev_0008599,0
dev_0008600,2
dev_0008601,1
dev_0008602,1
dev_0008603,2
dev_0008604,3
dev_0008607,4
dev_0008609,3
dev_0008610,4
dev_0008611,3
dev_0008612,3
dev_0008613,4
dev_0008614,1
dev_0008615,2
dev_0008616,3
dev_0008617,3
dev_0008619,0
dev_0008620,4
dev_0008621,3
dev_0008622,1
dev_0008623,0
dev_0008624,0
dev_0008625,3
dev_0008626,4
dev_0008629,4
dev_0008630,0
dev_0008631,2
dev_0008632,3
dev_0008634,1
dev_0008635,4
dev_0008636,1
dev_0008637,2
dev_0008639,0
dev_0008640,1
dev_0008642,1
dev_0008643,1
dev_0008645,4
dev_0008646,1
dev_0008647,0
dev_0008648,3
dev_0008649,2
dev_0008650,3
dev_0008651,4
dev_0008654,2
dev_0008655,4
dev_0008657,2
dev_0008659,1
dev_0008660,4
dev_0008662,4
dev_0008663,1
dev_0008664,2
dev_0008665,0
dev_0008666,4
dev_0008667,4
dev_0008668,0
dev_0008669,4
dev_0008670,4
dev_0008671,1
dev_0008672,1
dev_0008673,2
dev_0008674,0
dev_0008675,2
dev_0008676,0
dev_0008677,3
dev_0008678,0
dev_0008679,4
dev_0008680,1
dev_0008682,2
dev_0008683,0
dev_0008684,4
dev_0008685,3
dev_0008686,3
dev_0008688,1
dev_0008690,3
dev_0008691,3
dev_0008692,1
dev_0008693,4
dev_0008695,3
dev_0008696,1
dev_0008697,4
dev_0008700,0
dev_0008701,0
dev_0008702,0
dev_0008703,1
dev_0008704,3
dev_0008705,1
dev_0008707,3
dev_0008709,0
dev_0008710,2
dev_0008711,3
dev_0008712,3
dev_0008713,2
dev_0008716,1
dev_0008717,4
dev_0008718,3
dev_0008721,4
dev_0008722,2
dev_0008723,0
dev_0008724,0
dev_0008725,3
dev_0008726,2
dev_0008727,0
dev_0008728,3
dev_0008729,0
dev_0008730,4
dev_0008731,1
dev_0008732,1
dev_0008733,2
dev_0008735,2
dev_0008736,0
dev_0008737,3
dev_0008738,3
dev_0008739,4
dev_0008740,0
dev_0008741,2
dev_0008742,4
dev_0008743,4
dev_0008744,1
dev_0008745,3
dev_0008746,0
dev_0008748,1
dev_0008749,0
dev_0008750,2
dev_0008751,2
dev_0008753,2
dev_0008754,0
dev_0008755,2
dev_0008756,0
dev_0008758,1
dev_0008759,3
dev_0008760,2
dev_0008762,2
dev_0008763,4
dev_0008764,1
dev_0008765,1
dev_0008766,2
dev_0008767,3
dev_0008769,2
dev_0008771,0
dev_0008772,0
dev_0008773,1
dev_0008774,4
dev_0008775,4
dev_0008776,4
dev_0008777,2
dev_0008778,0
dev_0008779,4
dev_0008780,1
dev_0008781,4
dev_0008783,0
dev_0008784,0
dev_0008786,4
dev_0008788,4
dev_0008789,1
dev_0008791,2
dev_0008794,2
dev_0008795,2
dev_0008796,4
dev_0008797,2
dev_0008798,3
dev_0008799,1
dev_0008800,3
dev_0008801,4
dev_0008802,1
dev_0008804,3
dev_0008805,3
dev_0008806,1
dev_0008807,3
dev_0008809,4
dev_0008811,4
dev_0008812,4
dev_0008813,4
dev_0008815,1
dev_0008817,3
dev_0008818,0
dev_0008819,2
dev_0008821,0
dev_0008822,0
dev_0008823,4
dev_0008824,1
dev_0008825,2
dev_0008826,1
dev_0008827,0
dev_0008828,0
dev_0008829,0
dev_0008830,1
dev_0008831,0
dev_0008832,1
dev_0008834,2
dev_0008835,3
dev_0008836,0
dev_0008837,0
dev_0008838,4
dev_0008839,2
dev_0008840,0
dev_0008841,1
dev_0008842,0
dev_0008843,2
dev_0008848,0
dev_0008850,1
dev_0008851,3
dev_0008852,0
dev_0008854,3
dev_0008855,3
dev_0008857,3
dev_0008860,1
dev_0008861,0
dev_0008862,4
dev_0008863,4
dev_0008864,3
dev_0008865,1
dev_0008866,2
dev_0008867,3
dev_0008868,2
dev_0008869,3
dev_0008870,3
dev_0008872,2
dev_0008873,0
dev_0008874,0
dev_0008875,4
dev_0008876,1
dev_0008877,1
dev_0008878,1
dev_0008879,4
dev_0008881,4
dev_0008882,3
dev_0008883,1
dev_0008884,0
dev_0008886,2
dev_0008887,4
dev_0008888,2
dev_0008889,2
dev_0008890,0
dev_0008891,1
dev_0008892,1
dev_0008895,2
dev_0008897,3
dev_0008898,0
dev_0008900,3
dev_0008901,2
dev_0008902,3
dev_0008903,0
dev_0008904,1
dev_0008905,3
dev_0008907,0
dev_0008908,4
dev_0008911,2
dev_0008912,0
dev_0008913,0
dev_0008915,0
dev_0008916,4
dev_0008917,4
dev_0008918,0
dev_0008919,4
dev_0008920,1
dev_0008921,2
dev_0008922,1
dev_0008923,3
dev_0008924,3
dev_0008925,1
dev_0008926,0
dev_0008927,4
dev_0008929,0
dev_0008930,2
dev_0008931,1
dev_0008932,2
dev_0008933,0
dev_0008934,3
dev_0008935,2
dev_0008936,2
dev_0008937,4
dev_0008938,1
dev_0008939,3
dev_0008940,4
dev_0008942,1
dev_0008943,1
dev_0008945,4
dev_0008946,4
dev_0008947,3
dev_0008951,4
dev_0008952,2
dev_0008953,3
dev_0008954,1
dev_0008955,2
dev_0008956,0
dev_0008957,4
dev_0008958,4
dev_0008959,4
dev_0008960,3
dev_0008961,0
dev_0008962,0
dev_0008963,1
dev_0008964,3
dev_0008965,1
dev_0008966,1
dev_0008967,2
dev_0008968,4
dev_0008970,3
dev_0008971,4
dev_0008972,2
dev_0008974,3
dev_0008976,2
dev_0008977,4
dev_0008978,3
dev_0008979,3
dev_0008980,1
dev_0008981,1
dev_0008982,1
dev_0008983,0
dev_0008984,3
dev_0008985,0
dev_0008986,3
dev_0008987,3
dev_0008988,1
dev_0008989,2
dev_0008990,3
dev_0008991,3
dev_0008992,4
dev_0008993,3
dev_0008994,3
dev_0008996,0
dev_0008998,4
dev_0008999,1
dev_0009001,2
dev_0009002,4
dev_0009003,2
dev_0009004,2
dev_0009005,0
dev_0009006,1
dev_0009007,4
dev_0009008,2
dev_0009009,2
dev_0009010,2
dev_0009011,4
dev_0009012,1
dev_0009013,4
dev_0009014,4
dev_0009015,4
dev_0009016,4
dev_0009017,0
dev_0009018,4
dev_0009019,0
dev_0009020,3
dev_0009023,0
dev_0009024,3
dev_0009026,3
dev_0009027,2
dev_0009028,2
dev_0009030,3
dev_0009031,2
dev_0009032,3
dev_0009033,0
dev_0009035,1
dev_0009036,4
dev_0009037,3
dev_0009038,1
dev_0009039,3
dev_0009040,4
dev_0009041,1
dev_0009042,2
dev_0009043,2
dev_0009046,1
dev_0009047,3
dev_0009048,4
dev_0009049,3
dev_0009050,3
dev_0009052,0
dev_0009053,4
dev_0009054,4
dev_0009055,1
dev_0009058,4
dev_0009059,0
dev_0009061,2
dev_0009063,1
dev_0009064,4
dev_0009065,0
dev_0009066,1
dev_0009068,0
dev_0009069,3
dev_0009070,1
dev_0009071,4
dev_0009072,4
dev_0009074,2
dev_0009075,2
dev_0009076,0
dev_0009077,3
dev_0009078,3
dev_0009079,3
dev_0009080,1
dev_0009081,0
dev_0009082,1
dev_0009083,2
dev_0009084,0
dev_0009085,0
dev_0009086,2
dev_0009088,1
dev_0009090,1
dev_0009091,0
dev_0009092,3
dev_0009093,1
dev_0009094,4
dev_0009095,4
dev_0009096,0
dev_0009099,3
dev_0009100,2
dev_0009101,4
dev_0009102,3
dev_0009103,3
dev_0009104,2
dev_0009106,0
dev_0009108,3
dev_0009109,2
dev_0009110,4
dev_0009111,0
dev_0009112,0
dev_0009113,1
dev_0009114,4
dev_0009115,0
dev_0009116,1
dev_0009117,4
dev_0009118,2
dev_0009121,1
dev_0009122,1
dev_0009123,2
dev_0009124,4
dev_0009125,2
dev_0009127,2
dev_0009128,0
dev_0009130,0
dev_0009131,2
dev_0009133,1
dev_0009134,2
dev_0009135,1
dev_0009137,3
dev_0009138,1
dev_0009139,1
dev_0009140,1
dev_0009141,0
dev_0009142,3
dev_0009144,4
dev_0009145,4
dev_0009146,4
dev_0009147,3
dev_0009148,4
dev_0009149,3
dev_0009150,0
dev_0009151,4
dev_0009152,1
dev_0009153,1
dev_0009154,4
dev_0009155,1
dev_0009156,3
dev_0009157,2
dev_0009158,1
dev_0009159,0
dev_0009161,4
dev_0009162,1
dev_0009163,1
dev_0009166,3
dev_0009167,4
dev_0009168,2
dev_0009169,4
dev_0009170,4
dev_0009174,3
dev_0009175,0
dev_0009176,2
dev_0009179,2
dev_0009180,3
dev_0009181,2
dev_0009182,3
dev_0009183,3
dev_0009184,4
dev_0009185,1
dev_0009187,2
dev_0009188,0
dev_0009189,4
dev_0009190,1
dev_0009192,0
dev_0009193,3
dev_0009196,0
dev_0009197,1
dev_0009198,2
dev_0009199,4
dev_0009200,4
dev_0009201,4
dev_0009202,4
dev_0009203,1
dev_0009204,1
dev_0009205,3
dev_0009208,2
dev_0009209,3
dev_0009211,2
dev_0009214,1
dev_0009215,1
dev_0009216,3
dev_0009217,0
dev_0009218,1
dev_0009220,0
dev_0009221,1
dev_0009222,2
dev_0009223,3
dev_0009224,3
dev_0009225,4
dev_0009226,3
dev_0009227,0
dev_0009229,0
dev_0009230,4
dev_0009231,3
dev_0009232,3
dev_0009233,0
dev_0009234,3
dev_0009235,4
dev_0009236,1
dev_0009237,1
dev_0009238,0
dev_0009239,4
dev_0009240,0
dev_0009241,1
dev_0009242,2
dev_0009243,3
dev_0009245,0
dev_0009246,2
dev_0009247,4
dev_0009248,0
dev_0009249,1
dev_0009250,1
dev_0009251,2
dev_0009252,0
dev_0009253,1
dev_0009254,4
dev_0009255,3
dev_0009256,2
dev_0009257,2
dev_0009258,2
dev_0009261,1
dev_0009262,4
dev_0009263,3
dev_0009264,1
dev_0009266,1
dev_0009267,4
dev_0009268,0
dev_0009269,4
dev_0009271,3
dev_0009272,4
dev_0009273,2
dev_0009274,0
dev_0009275,0
dev_0009276,2
dev_0009277,2
dev_0009278,1
dev_0009279,2
dev_0009280,4
dev_0009281,1
dev_0009282,2
dev_0009284,3
dev_0009285,3
dev_0009286,1
dev_0009290,1
dev_0009291,0
dev_0009292,3
dev_0009293,3
dev_0009294,1
dev_0009295,3
dev_0009296,3
dev_0009298,1
dev_0009299,2
dev_0009300,0
dev_0009301,1
dev_0009302,4
dev_0009303,1
dev_0009304,1
dev_0009305,2
dev_0009306,4
dev_0009307,4
dev_0009309,3
dev_0009310,4
dev_0009311,0
dev_0009312,4
dev_0009313,4
dev_0009314,1
dev_0009315,1
dev_0009316,2
dev_0009317,4
dev_0009318,1
dev_0009319,3
dev_0009320,4
dev_0009321,0
dev_0009322,2
dev_0009323,0
dev_0009324,2
dev_0009325,4
dev_0009326,0
dev_0009328,1
dev_0009330,4
dev_0009331,2
dev_0009333,2
dev_0009334,0
dev_0009335,2
dev_0009336,2
dev_0009337,0
dev_0009338,2
dev_0009340,2
dev_0009341,2
dev_0009343,2
dev_0009344,3
dev_0009345,3
dev_0009347,4
dev_0009348,4
dev_0009349,1
dev_0009351,4
dev_0009352,2
dev_0009353,0
dev_0009354,2
dev_0009355,4
dev_0009356,2
dev_0009357,0
dev_0009358,3
dev_0009359,0
dev_0009360,4
dev_0009363,4
dev_0009364,1
dev_0009365,0
dev_0009366,2
dev_0009367,1
dev_0009369,4
dev_0009370,0
dev_0009371,1
dev_0009373,0
dev_0009374,3
dev_0009375,3
dev_0009376,4
dev_0009377,0
dev_0009378,0
dev_0009379,3
dev_0009380,2
dev_0009381,1
dev_0009382,0
dev_0009387,3
dev_0009388,0
dev_0009389,4
dev_0009390,1
dev_0009391,1
dev_0009392,2
dev_0009393,1
dev_0009394,2
dev_0009395,3
dev_0009396,3
dev_0009397,3
dev_0009401,2
dev_0009402,2
dev_0009404,3
dev_0009405,3
dev_0009406,1
dev_0009407,3
dev_0009408,3
dev_0009409,2
dev_0009410,1
dev_0009411,1
dev_0009412,3
dev_0009413,3
dev_0009414,4
dev_0009415,0
dev_0009416,2
dev_0009418,4
dev_0009419,1
dev_0009421,4
dev_0009422,1
dev_0009423,2
dev_0009425,0
dev_0009427,0
dev_0009429,2
dev_0009430,0
dev_0009431,2
dev_0009433,3
dev_0009434,4
dev_0009437,1
dev_0009438,1
dev_0009439,0
dev_0009440,2
dev_0009441,0
dev_0009442,2
dev_0009443,0
dev_0009444,0
dev_0009446,0
dev_0009447,1
dev_0009448,4
dev_0009449,3
dev_0009450,2
dev_0009451,1
dev_0009452,2
dev_0009454,0
dev_0009456,3
dev_0009457,3
dev_0009458,4
dev_0009459,0
dev_0009460,0
dev_0009462,0
dev_0009463,1
dev_0009464,2
dev_0009466,3
dev_0009467,4
dev_0009468,4
dev_0009472,1
dev_0009473,3
dev_0009475,3
dev_0009476,0
dev_0009478,2
dev_0009479,0
dev_0009480,4
dev_0009481,2
dev_0009483,4
dev_0009484,1
dev_0009485,0
dev_0009486,2
dev_0009487,0
dev_0009488,0
dev_0009489,4
dev_0009490,3
dev_0009491,2
dev_0009492,3
dev_0009493,2
dev_0009495,3
dev_0009496,3
dev_0009497,1
dev_0009500,1
dev_0009501,2
dev_0009502,3
dev_0009503,1
dev_0009504,0
dev_0009505,2
dev_0009506,1
dev_0009507,4
dev_0009508,0
dev_0009510,2
dev_0009512,3
dev_0009513,1
dev_0009514,1
dev_0009517,4
dev_0009518,3
dev_0009519,3
dev_0009521,3
dev_0009522,4
dev_0009524,3
dev_0009525,0
dev_0009527,4
dev_0009529,4
dev_0009530,2
dev_0009531,0
dev_0009532,0
dev_0009533,3
dev_0009534,3
dev_0009536,3
dev_0009537,2
dev_0009538,0
dev_0009539,0
dev_0009540,4
dev_0009541,4
dev_0009542,3
dev_0009543,2
dev_0009545,4
dev_0009546,0
dev_0009547,4
dev_0009548,0
dev_0009549,0
dev_0009550,4
dev_0009551,4
dev_0009552,1
dev_0009553,2
dev_0009554,0
dev_0009556,2
dev_0009557,4
dev_0009558,2
dev_0009559,3
dev_0009560,4
dev_0009561,4
dev_0009562,0
dev_0009563,1
dev_0009564,2
dev_0009565,4
dev_0009568,0
dev_0009570,3
dev_0009571,0
dev_0009572,3
dev_0009574,3
dev_0009575,3
dev_0009576,0
dev_0009577,4
dev_0009580,2
dev_0009581,4
dev_0009582,0
dev_0009583,3
dev_0009584,4
dev_0009585,4
dev_0009586,1
dev_0009587,3
dev_0009588,2
dev_0009589,3
dev_0009590,0
dev_0009592,3
dev_0009593,4
dev_0009595,1
dev_0009596,2
dev_0009597,1
dev_0009598,4
dev_0009600,1
dev_0009601,1
dev_0009603,3
dev_0009604,4
dev_0009606,2
dev_0009607,0
dev_0009608,1
dev_0009609,3
dev_0009610,4
dev_0009611,4
dev_0009612,0
dev_0009613,1
dev_0009615,3
dev_0009618,2
dev_0009619,0
dev_0009620,0
dev_0009621,2
dev_0009624,3
dev_0009625,1
dev_0009626,2
dev_0009627,4
dev_0009628,2
dev_0009629,2
dev_0009630,2
dev_0009631,1
dev_0009632,3
dev_0009633,0
dev_0009634,1
dev_0009635,3
dev_0009636,1
dev_0009637,1
dev_0009638,4
dev_0009639,2
dev_0009640,2
dev_0009641,2
dev_0009644,1
dev_0009645,3
dev_0009646,0
dev_0009647,3
dev_0009648,2
dev_0009649,2
dev_0009651,3
dev_0009652,3
dev_0009654,0
dev_0009655,4
dev_0009660,3
dev_0009661,0
dev_0009662,2
dev_0009663,1
dev_0009664,1
dev_0009665,1
dev_0009666,1
dev_0009667,2
dev_0009669,3
dev_0009670,2
dev_0009671,4
dev_0009672,1
dev_0009673,3
dev_0009674,1
dev_0009675,2
dev_0009676,4
dev_0009678,3
dev_0009679,0
dev_0009680,0
dev_0009681,2
dev_0009682,1
dev_0009683,1
dev_0009684,2
dev_0009685,1
dev_0009686,3
dev_0009687,4
dev_0009688,4
dev_0009689,3
dev_0009690,3
dev_0009691,4
dev_0009692,4
dev_0009693,1
dev_0009695,3
dev_0009696,2
dev_0009698,3
dev_0009699,0
dev_0009700,4
dev_0009701,0
dev_0009702,1
dev_0009703,1
dev_0009704,2
dev_0009705,4
dev_0009706,2
dev_0009707,1
dev_0009708,1
dev_0009709,1
dev_0009710,3
dev_0009711,1
dev_0009712,3
dev_0009713,2
dev_0009714,1
dev_0009715,0
dev_0009717,4
dev_0009721,1
dev_0009723,4
dev_0009724,0
dev_0009725,4
dev_0009728,4
dev_0009729,4
dev_0009732,3
dev_0009733,2
dev_0009734,2
dev_0009736,2
dev_0009737,4
dev_0009738,0
dev_0009739,2
dev_0009740,0
dev_0009741,3
dev_0009742,2
dev_0009743,2
dev_0009745,0
dev_0009746,3
dev_0009747,1
dev_0009748,2
dev_0009750,0
dev_0009752,4
dev_0009753,3
dev_0009754,3
dev_0009755,0
dev_0009756,4
dev_0009757,1
dev_0009758,2
dev_0009759,4
dev_0009760,2
dev_0009762,2
dev_0009763,4
dev_0009764,4
dev_0009765,4
dev_0009766,0
dev_0009767,0
dev_0009769,1
dev_0009770,2
dev_0009771,0
dev_0009772,4
dev_0009773,4
dev_0009774,4
dev_0009775,4
dev_0009776,4
dev_0009778,2
dev_0009779,4
dev_0009780,2
dev_0009781,4
dev_0009782,1
dev_0009783,4
dev_0009784,2
dev_0009786,2
dev_0009787,3
dev_0009788,1
dev_0009789,0
dev_0009791,2
dev_0009793,4
dev_0009794,1
dev_0009795,2
dev_0009796,0
dev_0009797,3
dev_0009798,2
dev_0009799,0
dev_0009800,0
dev_0009801,2
dev_0009803,1
dev_0009804,3
dev_0009805,3
dev_0009806,0
dev_0009807,0
dev_0009808,0
dev_0009809,2
dev_0009810,3
dev_0009811,0
dev_0009812,1
dev_0009813,0
dev_0009814,1
dev_0009815,2
dev_0009816,0
dev_0009817,4
dev_0009818,3
dev_0009820,4
dev_0009822,0
dev_0009823,2
dev_0009824,2
dev_0009825,0
dev_0009826,1
dev_0009827,2
dev_0009828,1
dev_0009829,1
dev_0009830,4
dev_0009831,3
dev_0009834,4
dev_0009835,4
dev_0009837,0
dev_0009838,0
dev_0009840,4
dev_0009842,3
dev_0009843,0
dev_0009844,3
dev_0009846,4
dev_0009847,2
dev_0009848,0
dev_0009849,3
dev_0009852,1
dev_0009853,3
dev_0009856,0
dev_0009857,1
dev_0009859,1
dev_0009860,0
dev_0009861,4
dev_0009862,0
dev_0009863,1
dev_0009864,3
dev_0009865,2
dev_0009866,0
dev_0009867,1
dev_0009868,3
dev_0009871,0
dev_0009872,3
dev_0009873,4
dev_0009874,3
dev_0009875,2
dev_0009877,3
dev_0009879,0
dev_0009880,0
dev_0009882,1
dev_0009884,1
dev_0009885,0
dev_0009886,0
dev_0009887,1
dev_0009888,1
dev_0009889,2
dev_0009890,3
dev_0009891,4
dev_0009893,0
dev_0009894,2
dev_0009895,1
dev_0009896,0
dev_0009898,1
dev_0009900,2
dev_0009901,4
dev_0009902,3
dev_0009903,4
dev_0009904,0
dev_0009905,1
dev_0009907,4
dev_0009908,1
dev_0009909,3
dev_0009911,1
dev_0009912,4
dev_0009913,3
dev_0009914,0
dev_0009915,4
dev_0009916,0
dev_0009917,4
dev_0009918,3
dev_0009922,0
dev_0009923,3
dev_0009924,2
dev_0009925,3
dev_0009928,0
dev_0009929,3
dev_0009930,1
dev_0009931,2
dev_0009932,1
dev_0009934,1
dev_0009935,0
dev_0009936,4
dev_0009937,3
dev_0009938,4
dev_0009939,1
dev_0009942,2
dev_0009943,3
dev_0009945,1
dev_0009946,1
dev_0009950,3
dev_0009951,2
dev_0009952,1
dev_0009953,2
dev_0009954,1
dev_0009955,0
dev_0009956,3
dev_0009957,0
dev_0009958,2
dev_0009959,2
dev_0009960,0
dev_0009962,0
dev_0009963,0
dev_0009964,4
dev_0009966,2
dev_0009967,4
dev_0009968,2
dev_0009969,4
dev_0009970,0
dev_0009971,1
dev_0009972,3
dev_0009973,3
dev_0009974,3
dev_0009975,0
dev_0009976,4
dev_0009977,3
dev_0009978,4
dev_0009980,1
dev_0009981,3
dev_0009982,1
dev_0009983,3
dev_0009984,2
dev_0009985,2
dev_0009987,0
dev_0009988,4
dev_0009989,1
dev_0009990,2
dev_0009991,0
dev_0009992,0
dev_0009993,4
dev_0009994,1
dev_0009995,4
dev_0009996,3
dev_0009997,2
dev_0009998,3
dev_0010000,3
