device_id,population,attack_subtype,scenario_tag,label
blind_20260828_dev_0000001,normal,,normal_standard,0
blind_20260828_dev_0000002,normal,,normal_standard,0
blind_20260828_dev_0000003,normal,,normal_standard,0
blind_20260828_dev_0000004,normal,,normal_standard,0
blind_20260828_dev_0000005,normal,,normal_standard,0
blind_20260828_dev_0000006,normal,,normal_standard,0
blind_20260828_dev_0000007,normal,,normal_standard,0
blind_20260828_dev_0000008,normal,,normal_standard,0
blind_20260828_dev_0000009,normal,,normal_standard,0
blind_20260828_dev_0000010,normal,,normal_standard,0
blind_20260828_dev_0000011,normal,,normal_standard,0
blind_20260828_dev_0000012,normal,,normal_standard,0
blind_20260828_dev_0000013,normal,,normal_standard,0
blind_20260828_dev_0000014,normal,,normal_standard,0
blind_20260828_dev_0000015,normal,,normal_standard,0
blind_20260828_dev_0000016,normal,,normal_standard,0
blind_20260828_dev_0000017,normal,,normal_standard,0
blind_20260828_dev_0000018,normal,,normal_standard,0
blind_20260828_dev_0000019,normal,,normal_standard,0
blind_20260828_dev_0000020,normal,,normal_standard,0
blind_20260828_dev_0000021,normal,,normal_standard,0
blind_20260828_dev_0000022,normal,,normal_standard,0
blind_20260828_dev_0000023,normal,,normal_standard,0
blind_20260828_dev_0000024,normal,,normal_standard,0
blind_20260828_dev_0000025,normal,,normal_standard,0
blind_20260828_dev_0000026,normal,,normal_standard,0
blind_20260828_dev_0000027,normal,,normal_standard,0
blind_20260828_dev_0000028,normal,,normal_standard,0
blind_20260828_dev_0000029,normal,,normal_standard,0
blind_20260828_dev_0000030,normal,,normal_standard,0
blind_20260828_dev_0000031,normal,,normal_standard,0
blind_20260828_dev_0000032,normal,,normal_standard,0
blind_20260828_dev_0000033,normal,,normal_standard,0
blind_20260828_dev_0000034,normal,,normal_standard,0
blind_20260828_dev_0000035,normal,,normal_standard,0
blind_20260828_dev_0000036,normal,,normal_standard,0
blind_20260828_dev_0000037,normal,,normal_standard,0
blind_20260828_dev_0000038,normal,,normal_standard,0
blind_20260828_dev_0000039,normal,,normal_standard,0
blind_20260828_dev_0000040,normal,,normal_standard,0
blind_20260828_dev_0000041,normal,,normal_standard,0
blind_20260828_dev_0000042,normal,,normal_standard,0
blind_20260828_dev_0000043,normal,,normal_standard,0
blind_20260828_dev_0000044,normal,,normal_standard,0
blind_20260828_dev_0000045,normal,,normal_standard,0
blind_20260828_dev_0000046,normal,,normal_standard,0
blind_20260828_dev_0000047,normal,,normal_standard,0
blind_20260828_dev_0000048,normal,,normal_standard,0
blind_20260828_dev_0000049,normal,,normal_standard,0
blind_20260828_dev_0000050,normal,,normal_standard,0
blind_20260828_dev_0000051,normal,,normal_standard,0
blind_20260828_dev_0000052,normal,,normal_standard,0
blind_20260828_dev_0000053,normal,,normal_standard,0
blind_20260828_dev_0000054,normal,,normal_standard,0
blind_20260828_dev_0000055,normal,,normal_standard,0
blind_20260828_dev_0000056,normal,,normal_standard,0
blind_20260828_dev_0000057,normal,,normal_standard,0
blind_20260828_dev_0000058,normal,,normal_standard,0
blind_20260828_dev_0000059,normal,,normal_standard,0
blind_20260828_dev_0000060,normal,,normal_standard,0
blind_20260828_dev_0000061,normal,,normal_standard,0
blind_20260828_dev_0000062,normal,,normal_standard,0
blind_20260828_dev_0000063,normal,,normal_standard,0
blind_20260828_dev_0000064,normal,,normal_standard,0
blind_20260828_dev_0000065,normal,,normal_standard,0
blind_20260828_dev_0000066,normal,,normal_standard,0
blind_20260828_dev_0000067,normal,,normal_standard,0
blind_20260828_dev_0000068,normal,,normal_standard,0
blind_20260828_dev_0000069,normal,,normal_standard,0
blind_20260828_dev_0000070,normal,,normal_standard,0
blind_20260828_dev_0000071,normal,,normal_standard,0
blind_20260828_dev_0000072,normal,,normal_standard,0
blind_20260828_dev_0000073,normal,,normal_standard,0
blind_20260828_dev_0000074,normal,,normal_standard,0
blind_20260828_dev_0000075,normal,,normal_standard,0
blind_20260828_dev_0000076,normal,,normal_standard,0
blind_20260828_dev_0000077,normal,,normal_standard,0
blind_20260828_dev_0000078,normal,,normal_standard,0
blind_20260828_dev_0000079,normal,,normal_standard,0
blind_20260828_dev_0000080,normal,,normal_standard,0
blind_20260828_dev_0000081,normal,,normal_standard,0
blind_20260828_dev_0000082,normal,,normal_standard,0
blind_20260828_dev_0000083,normal,,normal_standard,0
blind_20260828_dev_0000084,normal,,normal_standard,0
blind_20260828_dev_0000085,normal,,normal_standard,0
blind_20260828_dev_0000086,normal,,normal_standard,0
blind_20260828_dev_0000087,normal,,normal_standard,0
blind_20260828_dev_0000088,normal,,normal_standard,0
blind_20260828_dev_0000089,normal,,normal_standard,0
blind_20260828_dev_0000090,normal,,normal_standard,0
blind_20260828_dev_0000091,normal,,normal_standard,0
blind_20260828_dev_0000092,normal,,normal_standard,0
blind_20260828_dev_0000093,normal,,normal_standard,0
blind_20260828_dev_0000094,normal,,normal_standard,0
blind_20260828_dev_0000095,normal,,normal_standard,0
blind_20260828_dev_0000096,normal,,normal_standard,0
blind_20260828_dev_0000097,normal,,normal_standard,0
blind_20260828_dev_0000098,normal,,normal_standard,0
blind_20260828_dev_0000099,normal,,normal_standard,0
blind_20260828_dev_0000100,normal,,normal_standard,0
blind_20260828_dev_0000101,normal,,normal_standard,0
blind_20260828_dev_0000102,normal,,normal_standard,0
blind_20260828_dev_0000103,normal,,normal_standard,0
blind_20260828_dev_0000104,normal,,normal_standard,0
blind_20260828_dev_0000105,normal,,normal_standard,0
blind_20260828_dev_0000106,normal,,normal_standard,0
blind_20260828_dev_0000107,normal,,normal_standard,0
blind_20260828_dev_0000108,normal,,normal_standard,0
blind_20260828_dev_0000109,normal,,normal_standard,0
blind_20260828_dev_0000110,normal,,normal_standard,0
blind_20260828_dev_0000111,normal,,normal_standard,0
blind_20260828_dev_0000112,normal,,normal_standard,0
blind_20260828_dev_0000113,normal,,normal_standard,0
blind_20260828_dev_0000114,normal,,normal_standard,0
blind_20260828_dev_0000115,normal,,normal_standard,0
blind_20260828_dev_0000116,normal,,normal_standard,0
blind_20260828_dev_0000117,normal,,normal_standard,0
blind_20260828_dev_0000118,normal,,normal_standard,0
blind_20260828_dev_0000119,normal,,normal_standard,0
blind_20260828_dev_0000120,normal,,normal_standard,0
blind_20260828_dev_0000121,normal,,normal_standard,0
blind_20260828_dev_0000122,normal,,normal_standard,0
blind_20260828_dev_0000123,normal,,normal_standard,0
blind_20260828_dev_0000124,normal,,normal_standard,0
blind_20260828_dev_0000125,normal,,normal_standard,0
blind_20260828_dev_0000126,normal,,normal_standard,0
blind_20260828_dev_0000127,normal,,normal_standard,0
blind_20260828_dev_0000128,normal,,normal_standard,0
blind_20260828_dev_0000129,normal,,normal_standard,0
blind_20260828_dev_0000130,normal,,normal_standard,0
blind_20260828_dev_0000131,normal,,normal_standard,0
blind_20260828_dev_0000132,normal,,normal_standard,0
blind_20260828_dev_0000133,normal,,normal_standard,0
blind_20260828_dev_0000134,normal,,normal_standard,0
blind_20260828_dev_0000135,normal,,normal_standard,0
blind_20260828_dev_0000136,normal,,normal_standard,0
blind_20260828_dev_0000137,normal,,normal_standard,0
blind_20260828_dev_0000138,normal,,normal_standard,0
blind_20260828_dev_0000139,normal,,normal_standard,0
blind_20260828_dev_0000140,normal,,normal_standard,0
blind_20260828_dev_0000141,normal,,normal_standard,0
blind_20260828_dev_0000142,normal,,normal_standard,0
blind_20260828_dev_0000143,normal,,normal_standard,0
blind_20260828_dev_0000144,normal,,normal_standard,0
blind_20260828_dev_0000145,normal,,normal_standard,0
blind_20260828_dev_0000146,normal,,normal_standard,0
blind_20260828_dev_0000147,normal,,normal_standard,0
blind_20260828_dev_0000148,normal,,normal_standard,0
blind_20260828_dev_0000149,normal,,normal_standard,0
blind_20260828_dev_0000150,normal,,normal_standard,0
blind_20260828_dev_0000151,normal,,normal_standard,0
blind_20260828_dev_0000152,normal,,normal_standard,0
blind_20260828_dev_0000153,normal,,normal_standard,0
blind_20260828_dev_0000154,normal,,normal_standard,0
blind_20260828_dev_0000155,normal,,normal_standard,0
blind_20260828_dev_0000156,normal,,normal_standard,0
blind_20260828_dev_0000157,normal,,normal_standard,0
blind_20260828_dev_0000158,normal,,normal_standard,0
blind_20260828_dev_0000159,normal,,normal_standard,0
blind_20260828_dev_0000160,normal,,normal_standard,0
blind_20260828_dev_0000161,normal,,normal_standard,0
blind_20260828_dev_0000162,normal,,normal_standard,0
blind_20260828_dev_0000163,normal,,normal_standard,0
blind_20260828_dev_0000164,normal,,normal_standard,0
blind_20260828_dev_0000165,normal,,normal_standard,0
blind_20260828_dev_0000166,normal,,normal_standard,0
blind_20260828_dev_0000167,normal,,normal_standard,0
blind_20260828_dev_0000168,normal,,normal_standard,0
blind_20260828_dev_0000169,normal,,normal_standard,0
blind_20260828_dev_0000170,normal,,normal_standard,0
blind_20260828_dev_0000171,normal,,normal_standard,0
blind_20260828_dev_0000172,normal,,normal_standard,0
blind_20260828_dev_0000173,normal,,normal_standard,0
blind_20260828_dev_0000174,normal,,normal_standard,0
blind_20260828_dev_0000175,normal,,normal_standard,0
blind_20260828_dev_0000176,normal,,normal_standard,0
blind_20260828_dev_0000177,normal,,normal_standard,0
blind_20260828_dev_0000178,normal,,normal_standard,0
blind_20260828_dev_0000179,normal,,normal_standard,0
blind_20260828_dev_0000180,normal,,normal_standard,0
blind_20260828_dev_0000181,normal,,normal_standard,0
blind_20260828_dev_0000182,normal,,normal_standard,0
blind_20260828_dev_0000183,normal,,normal_standard,0
blind_20260828_dev_0000184,normal,,normal_standard,0
blind_20260828_dev_0000185,normal,,normal_standard,0
blind_20260828_dev_0000186,normal,,normal_standard,0
blind_20260828_dev_0000187,normal,,normal_standard,0
blind_20260828_dev_0000188,normal,,normal_standard,0
blind_20260828_dev_0000189,normal,,normal_standard,0
blind_20260828_dev_0000190,normal,,normal_standard,0
blind_20260828_dev_0000191,normal,,normal_standard,0
blind_20260828_dev_0000192,normal,,normal_standard,0
blind_20260828_dev_0000193,normal,,normal_standard,0
blind_20260828_dev_0000194,normal,,normal_standard,0
blind_20260828_dev_0000195,normal,,normal_standard,0
blind_20260828_dev_0000196,normal,,normal_standard,0
blind_20260828_dev_0000197,normal,,normal_standard,0
blind_20260828_dev_0000198,normal,,normal_standard,0
blind_20260828_dev_0000199,normal,,normal_standard,0
blind_20260828_dev_0000200,normal,,normal_standard,0
blind_20260828_dev_0000201,normal,,normal_standard,0
blind_20260828_dev_0000202,normal,,normal_standard,0
blind_20260828_dev_0000203,normal,,normal_standard,0
blind_20260828_dev_0000204,normal,,normal_standard,0
blind_20260828_dev_0000205,normal,,normal_standard,0
blind_20260828_dev_0000206,normal,,normal_standard,0
blind_20260828_dev_0000207,normal,,normal_standard,0
blind_20260828_dev_0000208,normal,,normal_standard,0
blind_20260828_dev_0000209,normal,,normal_standard,0
blind_20260828_dev_0000210,normal,,normal_standard,0
blind_20260828_dev_0000211,normal,,normal_standard,0
blind_20260828_dev_0000212,normal,,normal_standard,0
blind_20260828_dev_0000213,normal,,normal_standard,0
blind_20260828_dev_0000214,normal,,normal_standard,0
blind_20260828_dev_0000215,normal,,normal_standard,0
blind_20260828_dev_0000216,normal,,normal_standard,0
blind_20260828_dev_0000217,normal,,normal_standard,0
blind_20260828_dev_0000218,normal,,normal_standard,0
blind_20260828_dev_0000219,normal,,normal_standard,0
blind_20260828_dev_0000220,normal,,normal_standard,0
blind_20260828_dev_0000221,normal,,normal_standard,0
blind_20260828_dev_0000222,normal,,normal_standard,0
blind_20260828_dev_0000223,normal,,normal_standard,0
blind_20260828_dev_0000224,normal,,normal_standard,0
blind_20260828_dev_0000225,normal,,normal_standard,0
blind_20260828_dev_0000226,normal,,normal_standard,0
blind_20260828_dev_0000227,normal,,normal_standard,0
blind_20260828_dev_0000228,normal,,normal_standard,0
blind_20260828_dev_0000229,normal,,normal_standard,0
blind_20260828_dev_0000230,normal,,normal_standard,0
blind_20260828_dev_0000231,normal,,normal_standard,0
blind_20260828_dev_0000232,normal,,normal_standard,0
blind_20260828_dev_0000233,normal,,normal_standard,0
blind_20260828_dev_0000234,normal,,normal_standard,0
blind_20260828_dev_0000235,normal,,normal_standard,0
blind_20260828_dev_0000236,normal,,normal_standard,0
blind_20260828_dev_0000237,normal,,normal_standard,0
blind_20260828_dev_0000238,normal,,normal_standard,0
blind_20260828_dev_0000239,normal,,normal_standard,0
blind_20260828_dev_0000240,normal,,normal_standard,0
blind_20260828_dev_0000241,normal,,normal_standard,0
blind_20260828_dev_0000242,normal,,normal_standard,0
blind_20260828_dev_0000243,normal,,normal_standard,0
blind_20260828_dev_0000244,normal,,normal_standard,0
blind_20260828_dev_0000245,normal,,normal_standard,0
blind_20260828_dev_0000246,normal,,normal_standard,0
blind_20260828_dev_0000247,normal,,normal_standard,0
blind_20260828_dev_0000248,normal,,normal_standard,0
blind_20260828_dev_0000249,normal,,normal_standard,0
blind_20260828_dev_0000250,normal,,normal_standard,0
blind_20260828_dev_0000251,normal,,normal_standard,0
blind_20260828_dev_0000252,normal,,normal_standard,0
blind_20260828_dev_0000253,normal,,normal_standard,0
blind_20260828_dev_0000254,normal,,normal_standard,0
blind_20260828_dev_0000255,normal,,normal_standard,0
blind_20260828_dev_0000256,normal,,normal_standard,0
blind_20260828_dev_0000257,normal,,normal_standard,0
blind_20260828_dev_0000258,normal,,normal_standard,0
blind_20260828_dev_0000259,normal,,normal_standard,0
blind_20260828_dev_0000260,normal,,normal_standard,0
blind_20260828_dev_0000261,normal,,normal_standard,0
blind_20260828_dev_0000262,normal,,normal_standard,0
blind_20260828_dev_0000263,normal,,normal_standard,0
blind_20260828_dev_0000264,normal,,normal_standard,0
blind_20260828_dev_0000265,normal,,normal_standard,0
blind_20260828_dev_0000266,normal,,normal_standard,0
blind_20260828_dev_0000267,normal,,normal_standard,0
blind_20260828_dev_0000268,normal,,normal_standard,0
blind_20260828_dev_0000269,normal,,normal_standard,0
blind_20260828_dev_0000270,normal,,normal_standard,0
blind_20260828_dev_0000271,normal,,normal_standard,0
blind_20260828_dev_0000272,normal,,normal_standard,0
blind_20260828_dev_0000273,normal,,normal_standard,0
blind_20260828_dev_0000274,normal,,normal_standard,0
blind_20260828_dev_0000275,normal,,normal_standard,0
blind_20260828_dev_0000276,normal,,normal_standard,0
blind_20260828_dev_0000277,normal,,normal_standard,0
blind_20260828_dev_0000278,normal,,normal_standard,0
blind_20260828_dev_0000279,normal,,normal_standard,0
blind_20260828_dev_0000280,normal,,normal_standard,0
blind_20260828_dev_0000281,normal,,normal_standard,0
blind_20260828_dev_0000282,normal,,normal_standard,0
blind_20260828_dev_0000283,normal,,normal_standard,0
blind_20260828_dev_0000284,normal,,normal_standard,0
blind_20260828_dev_0000285,normal,,normal_standard,0
blind_20260828_dev_0000286,normal,,normal_standard,0
blind_20260828_dev_0000287,normal,,normal_standard,0
blind_20260828_dev_0000288,normal,,normal_standard,0
blind_20260828_dev_0000289,normal,,normal_standard,0
blind_20260828_dev_0000290,normal,,normal_standard,0
blind_20260828_dev_0000291,normal,,normal_standard,0
blind_20260828_dev_0000292,normal,,normal_standard,0
blind_20260828_dev_0000293,normal,,normal_standard,0
blind_20260828_dev_0000294,normal,,normal_standard,0
blind_20260828_dev_0000295,normal,,normal_standard,0
blind_20260828_dev_0000296,normal,,normal_standard,0
blind_20260828_dev_0000297,normal,,normal_standard,0
blind_20260828_dev_0000298,normal,,normal_standard,0
blind_20260828_dev_0000299,normal,,normal_standard,0
blind_20260828_dev_0000300,normal,,normal_standard,0
blind_20260828_dev_0000301,normal,,normal_standard,0
blind_20260828_dev_0000302,normal,,normal_standard,0
blind_20260828_dev_0000303,normal,,normal_standard,0
blind_20260828_dev_0000304,normal,,normal_standard,0
blind_20260828_dev_0000305,normal,,normal_standard,0
blind_20260828_dev_0000306,normal,,normal_standard,0
blind_20260828_dev_0000307,normal,,normal_standard,0
blind_20260828_dev_0000308,normal,,normal_standard,0
blind_20260828_dev_0000309,normal,,normal_standard,0
blind_20260828_dev_0000310,normal,,normal_standard,0
blind_20260828_dev_0000311,normal,,normal_standard,0
blind_20260828_dev_0000312,normal,,normal_standard,0
blind_20260828_dev_0000313,normal,,normal_standard,0
blind_20260828_dev_0000314,normal,,normal_standard,0
blind_20260828_dev_0000315,normal,,normal_standard,0
blind_20260828_dev_0000316,normal,,normal_standard,0
blind_20260828_dev_0000317,normal,,normal_standard,0
blind_20260828_dev_0000318,normal,,normal_standard,0
blind_20260828_dev_0000319,normal,,normal_standard,0
blind_20260828_dev_0000320,normal,,normal_standard,0
blind_20260828_dev_0000321,normal,,normal_standard,0
blind_20260828_dev_0000322,normal,,normal_standard,0
blind_20260828_dev_0000323,normal,,normal_standard,0
blind_20260828_dev_0000324,normal,,normal_standard,0
blind_20260828_dev_0000325,normal,,normal_standard,0
blind_20260828_dev_0000326,normal,,normal_standard,0
blind_20260828_dev_0000327,normal,,normal_standard,0
blind_20260828_dev_0000328,normal,,normal_standard,0
blind_20260828_dev_0000329,normal,,normal_standard,0
blind_20260828_dev_0000330,normal,,normal_standard,0
blind_20260828_dev_0000331,normal,,normal_standard,0
blind_20260828_dev_0000332,normal,,normal_standard,0
blind_20260828_dev_0000333,normal,,normal_standard,0
blind_20260828_dev_0000334,normal,,normal_standard,0
blind_20260828_dev_0000335,normal,,normal_standard,0
blind_20260828_dev_0000336,normal,,normal_standard,0
blind_20260828_dev_0000337,normal,,normal_standard,0
blind_20260828_dev_0000338,normal,,normal_standard,0
blind_20260828_dev_0000339,normal,,normal_standard,0
blind_20260828_dev_0000340,normal,,normal_standard,0
blind_20260828_dev_0000341,normal,,normal_standard,0
blind_20260828_dev_0000342,normal,,normal_standard,0
blind_20260828_dev_0000343,normal,,normal_standard,0
blind_20260828_dev_0000344,normal,,normal_standard,0
blind_20260828_dev_0000345,normal,,normal_standard,0
blind_20260828_dev_0000346,normal,,normal_standard,0
blind_20260828_dev_0000347,normal,,normal_standard,0
blind_20260828_dev_0000348,normal,,normal_standard,0
blind_20260828_dev_0000349,normal,,normal_standard,0
blind_20260828_dev_0000350,normal,,normal_standard,0
blind_20260828_dev_0000351,normal,,normal_standard,0
blind_20260828_dev_0000352,normal,,normal_standard,0
blind_20260828_dev_0000353,normal,,normal_standard,0
blind_20260828_dev_0000354,normal,,normal_standard,0
blind_20260828_dev_0000355,normal,,normal_standard,0
blind_20260828_dev_0000356,normal,,normal_standard,0
blind_20260828_dev_0000357,normal,,normal_standard,0
blind_20260828_dev_0000358,normal,,normal_standard,0
blind_20260828_dev_0000359,normal,,normal_standard,0
blind_20260828_dev_0000360,normal,,normal_standard,0
blind_20260828_dev_0000361,normal,,normal_standard,0
blind_20260828_dev_0000362,normal,,normal_standard,0
blind_20260828_dev_0000363,normal,,normal_standard,0
blind_20260828_dev_0000364,normal,,normal_standard,0
blind_20260828_dev_0000365,normal,,normal_standard,0
blind_20260828_dev_0000366,normal,,normal_standard,0
blind_20260828_dev_0000367,normal,,normal_standard,0
blind_20260828_dev_0000368,normal,,normal_standard,0
blind_20260828_dev_0000369,normal,,normal_standard,0
blind_20260828_dev_0000370,normal,,normal_standard,0
blind_20260828_dev_0000371,normal,,normal_standard,0
blind_20260828_dev_0000372,normal,,normal_standard,0
blind_20260828_dev_0000373,normal,,normal_standard,0
blind_20260828_dev_0000374,normal,,normal_standard,0
blind_20260828_dev_0000375,normal,,normal_standard,0
blind_20260828_dev_0000376,normal,,normal_standard,0
blind_20260828_dev_0000377,normal,,normal_standard,0
blind_20260828_dev_0000378,normal,,normal_standard,0
blind_20260828_dev_0000379,normal,,normal_standard,0
blind_20260828_dev_0000380,normal,,normal_standard,0
blind_20260828_dev_0000381,normal,,normal_standard,0
blind_20260828_dev_0000382,normal,,normal_standard,0
blind_20260828_dev_0000383,normal,,normal_standard,0
blind_20260828_dev_0000384,normal,,normal_standard,0
blind_20260828_dev_0000385,normal,,normal_standard,0
blind_20260828_dev_0000386,normal,,normal_standard,0
blind_20260828_dev_0000387,normal,,normal_standard,0
blind_20260828_dev_0000388,normal,,normal_standard,0
blind_20260828_dev_0000389,normal,,normal_standard,0
blind_20260828_dev_0000390,normal,,normal_standard,0
blind_20260828_dev_0000391,normal,,normal_standard,0
blind_20260828_dev_0000392,normal,,normal_standard,0
blind_20260828_dev_0000393,normal,,normal_standard,0
blind_20260828_dev_0000394,normal,,normal_standard,0
blind_20260828_dev_0000395,normal,,normal_standard,0
blind_20260828_dev_0000396,normal,,normal_standard,0
blind_20260828_dev_0000397,normal,,normal_standard,0
blind_20260828_dev_0000398,normal,,normal_standard,0
blind_20260828_dev_0000399,normal,,normal_standard,0
blind_20260828_dev_0000400,normal,,normal_standard,0
blind_20260828_dev_0000401,normal,,normal_standard,0
blind_20260828_dev_0000402,normal,,normal_standard,0
blind_20260828_dev_0000403,normal,,normal_standard,0
blind_20260828_dev_0000404,normal,,normal_standard,0
blind_20260828_dev_0000405,normal,,normal_standard,0
blind_20260828_dev_0000406,normal,,normal_standard,0
blind_20260828_dev_0000407,normal,,normal_standard,0
blind_20260828_dev_0000408,normal,,normal_standard,0
blind_20260828_dev_0000409,normal,,normal_standard,0
blind_20260828_dev_0000410,normal,,normal_standard,0
blind_20260828_dev_0000411,normal,,normal_standard,0
blind_20260828_dev_0000412,normal,,normal_standard,0
blind_20260828_dev_0000413,normal,,normal_standard,0
blind_20260828_dev_0000414,normal,,normal_standard,0
blind_20260828_dev_0000415,normal,,normal_standard,0
blind_20260828_dev_0000416,normal,,normal_standard,0
blind_20260828_dev_0000417,normal,,normal_standard,0
blind_20260828_dev_0000418,normal,,normal_standard,0
blind_20260828_dev_0000419,normal,,normal_standard,0
blind_20260828_dev_0000420,normal,,normal_standard,0
blind_20260828_dev_0000421,normal,,normal_standard,0
blind_20260828_dev_0000422,normal,,normal_standard,0
blind_20260828_dev_0000423,normal,,normal_standard,0
blind_20260828_dev_0000424,normal,,normal_standard,0
blind_20260828_dev_0000425,normal,,normal_standard,0
blind_20260828_dev_0000426,normal,,normal_standard,0
blind_20260828_dev_0000427,normal,,normal_standard,0
blind_20260828_dev_0000428,normal,,normal_standard,0
blind_20260828_dev_0000429,normal,,normal_standard,0
blind_20260828_dev_0000430,normal,,normal_standard,0
blind_20260828_dev_0000431,normal,,normal_standard,0
blind_20260828_dev_0000432,normal,,normal_standard,0
blind_20260828_dev_0000433,normal,,normal_standard,0
blind_20260828_dev_0000434,normal,,normal_standard,0
blind_20260828_dev_0000435,normal,,normal_standard,0
blind_20260828_dev_0000436,normal,,normal_standard,0
blind_20260828_dev_0000437,normal,,normal_standard,0
blind_20260828_dev_0000438,normal,,normal_standard,0
blind_20260828_dev_0000439,normal,,normal_standard,0
blind_20260828_dev_0000440,normal,,normal_standard,0
blind_20260828_dev_0000441,normal,,normal_standard,0
blind_20260828_dev_0000442,normal,,normal_standard,0
blind_20260828_dev_0000443,normal,,normal_standard,0
blind_20260828_dev_0000444,normal,,normal_standard,0
blind_20260828_dev_0000445,normal,,normal_standard,0
blind_20260828_dev_0000446,normal,,normal_standard,0
blind_20260828_dev_0000447,normal,,normal_standard,0
blind_20260828_dev_0000448,normal,,normal_standard,0
blind_20260828_dev_0000449,normal,,normal_standard,0
blind_20260828_dev_0000450,normal,,normal_standard,0
blind_20260828_dev_0000451,normal,,normal_standard,0
blind_20260828_dev_0000452,normal,,normal_standard,0
blind_20260828_dev_0000453,normal,,normal_standard,0
blind_20260828_dev_0000454,normal,,normal_standard,0
blind_20260828_dev_0000455,normal,,normal_standard,0
blind_20260828_dev_0000456,normal,,normal_standard,0
blind_20260828_dev_0000457,normal,,normal_standard,0
blind_20260828_dev_0000458,normal,,normal_standard,0
blind_20260828_dev_0000459,normal,,normal_standard,0
blind_20260828_dev_0000460,normal,,normal_standard,0
blind_20260828_dev_0000461,normal,,normal_standard,0
blind_20260828_dev_0000462,normal,,normal_standard,0
blind_20260828_dev_0000463,normal,,normal_standard,0
blind_20260828_dev_0000464,normal,,normal_standard,0
blind_20260828_dev_0000465,normal,,normal_standard,0
blind_20260828_dev_0000466,normal,,normal_standard,0
blind_20260828_dev_0000467,normal,,normal_standard,0
blind_20260828_dev_0000468,normal,,normal_standard,0
blind_20260828_dev_0000469,normal,,normal_standard,0
blind_20260828_dev_0000470,normal,,normal_standard,0
blind_20260828_dev_0000471,normal,,normal_standard,0
blind_20260828_dev_0000472,normal,,normal_standard,0
blind_20260828_dev_0000473,normal,,normal_standard,0
blind_20260828_dev_0000474,normal,,normal_standard,0
blind_20260828_dev_0000475,normal,,normal_standard,0
blind_20260828_dev_0000476,normal,,normal_standard,0
blind_20260828_dev_0000477,normal,,normal_standard,0
blind_20260828_dev_0000478,normal,,normal_standard,0
blind_20260828_dev_0000479,normal,,normal_standard,0
blind_20260828_dev_0000480,normal,,normal_standard,0
blind_20260828_dev_0000481,normal,,normal_standard,0
blind_20260828_dev_0000482,normal,,normal_standard,0
blind_20260828_dev_0000483,normal,,normal_standard,0
blind_20260828_dev_0000484,normal,,normal_standard,0
blind_20260828_dev_0000485,normal,,normal_standard,0
blind_20260828_dev_0000486,normal,,normal_standard,0
blind_20260828_dev_0000487,normal,,normal_standard,0
blind_20260828_dev_0000488,normal,,normal_standard,0
blind_20260828_dev_0000489,normal,,normal_standard,0
blind_20260828_dev_0000490,normal,,normal_standard,0
blind_20260828_dev_0000491,normal,,normal_standard,0
blind_20260828_dev_0000492,normal,,normal_standard,0
blind_20260828_dev_0000493,normal,,normal_standard,0
blind_20260828_dev_0000494,normal,,normal_standard,0
blind_20260828_dev_0000495,normal,,normal_standard,0
blind_20260828_dev_0000496,normal,,normal_standard,0
blind_20260828_dev_0000497,normal,,normal_standard,0
blind_20260828_dev_0000498,normal,,normal_standard,0
blind_20260828_dev_0000499,normal,,normal_standard,0
blind_20260828_dev_0000500,normal,,normal_standard,0
blind_20260828_dev_0000501,normal,,normal_standard,0
blind_20260828_dev_0000502,normal,,normal_standard,0
blind_20260828_dev_0000503,normal,,normal_standard,0
blind_20260828_dev_0000504,normal,,normal_standard,0
blind_20260828_dev_0000505,normal,,normal_standard,0
blind_20260828_dev_0000506,normal,,normal_standard,0
blind_20260828_dev_0000507,normal,,normal_standard,0
blind_20260828_dev_0000508,normal,,normal_standard,0
blind_20260828_dev_0000509,normal,,normal_standard,0
blind_20260828_dev_0000510,normal,,normal_standard,0
blind_20260828_dev_0000511,normal,,normal_standard,0
blind_20260828_dev_0000512,normal,,normal_standard,0
blind_20260828_dev_0000513,normal,,normal_standard,0
blind_20260828_dev_0000514,normal,,normal_standard,0
blind_20260828_dev_0000515,normal,,normal_standard,0
blind_20260828_dev_0000516,normal,,normal_standard,0
blind_20260828_dev_0000517,normal,,normal_standard,0
blind_20260828_dev_0000518,normal,,normal_standard,0
blind_20260828_dev_0000519,normal,,normal_standard,0
blind_20260828_dev_0000520,normal,,normal_standard,0
blind_20260828_dev_0000521,normal,,normal_standard,0
blind_20260828_dev_0000522,normal,,normal_standard,0
blind_20260828_dev_0000523,normal,,normal_standard,0
blind_20260828_dev_0000524,normal,,normal_standard,0
blind_20260828_dev_0000525,normal,,normal_standard,0
blind_20260828_dev_0000526,normal,,normal_standard,0
blind_20260828_dev_0000527,normal,,normal_standard,0
blind_20260828_dev_0000528,normal,,normal_standard,0
blind_20260828_dev_0000529,normal,,normal_standard,0
blind_20260828_dev_0000530,normal,,normal_standard,0
blind_20260828_dev_0000531,normal,,normal_standard,0
blind_20260828_dev_0000532,normal,,normal_standard,0
blind_20260828_dev_0000533,normal,,normal_standard,0
blind_20260828_dev_0000534,normal,,normal_standard,0
blind_20260828_dev_0000535,normal,,normal_standard,0
blind_20260828_dev_0000536,normal,,normal_standard,0
blind_20260828_dev_0000537,normal,,normal_standard,0
blind_20260828_dev_0000538,normal,,normal_standard,0
blind_20260828_dev_0000539,normal,,normal_standard,0
blind_20260828_dev_0000540,normal,,normal_standard,0
blind_20260828_dev_0000541,normal,,normal_standard,0
blind_20260828_dev_0000542,normal,,normal_standard,0
blind_20260828_dev_0000543,normal,,normal_standard,0
blind_20260828_dev_0000544,normal,,normal_standard,0
blind_20260828_dev_0000545,normal,,normal_standard,0
blind_20260828_dev_0000546,normal,,normal_standard,0
blind_20260828_dev_0000547,normal,,normal_standard,0
blind_20260828_dev_0000548,normal,,normal_standard,0
blind_20260828_dev_0000549,normal,,normal_standard,0
blind_20260828_dev_0000550,normal,,normal_standard,0
blind_20260828_dev_0000551,normal,,normal_standard,0
blind_20260828_dev_0000552,normal,,normal_standard,0
blind_20260828_dev_0000553,normal,,normal_standard,0
blind_20260828_dev_0000554,normal,,normal_standard,0
blind_20260828_dev_0000555,normal,,normal_standard,0
blind_20260828_dev_0000556,normal,,normal_standard,0
blind_20260828_dev_0000557,normal,,normal_standard,0
blind_20260828_dev_0000558,normal,,normal_standard,0
blind_20260828_dev_0000559,normal,,normal_standard,0
blind_20260828_dev_0000560,normal,,normal_standard,0
blind_20260828_dev_0000561,normal,,normal_standard,0
blind_20260828_dev_0000562,normal,,normal_standard,0
blind_20260828_dev_0000563,normal,,normal_standard,0
blind_20260828_dev_0000564,normal,,normal_standard,0
blind_20260828_dev_0000565,normal,,normal_standard,0
blind_20260828_dev_0000566,normal,,normal_standard,0
blind_20260828_dev_0000567,normal,,normal_standard,0
blind_20260828_dev_0000568,normal,,normal_standard,0
blind_20260828_dev_0000569,normal,,normal_standard,0
blind_20260828_dev_0000570,normal,,normal_standard,0
blind_20260828_dev_0000571,normal,,normal_standard,0
blind_20260828_dev_0000572,normal,,normal_standard,0
blind_20260828_dev_0000573,normal,,normal_standard,0
blind_20260828_dev_0000574,normal,,normal_standard,0
blind_20260828_dev_0000575,normal,,normal_standard,0
blind_20260828_dev_0000576,normal,,normal_standard,0
blind_20260828_dev_0000577,normal,,normal_standard,0
blind_20260828_dev_0000578,normal,,normal_standard,0
blind_20260828_dev_0000579,normal,,normal_standard,0
blind_20260828_dev_0000580,normal,,normal_standard,0
blind_20260828_dev_0000581,normal,,normal_standard,0
blind_20260828_dev_0000582,normal,,normal_standard,0
blind_20260828_dev_0000583,normal,,normal_standard,0
blind_20260828_dev_0000584,normal,,normal_standard,0
blind_20260828_dev_0000585,normal,,normal_standard,0
blind_20260828_dev_0000586,normal,,normal_standard,0
blind_20260828_dev_0000587,normal,,normal_standard,0
blind_20260828_dev_0000588,normal,,normal_standard,0
blind_20260828_dev_0000589,normal,,normal_standard,0
blind_20260828_dev_0000590,normal,,normal_standard,0
blind_20260828_dev_0000591,normal,,normal_standard,0
blind_20260828_dev_0000592,normal,,normal_standard,0
blind_20260828_dev_0000593,normal,,normal_standard,0
blind_20260828_dev_0000594,normal,,normal_standard,0
blind_20260828_dev_0000595,normal,,normal_standard,0
blind_20260828_dev_0000596,normal,,normal_standard,0
blind_20260828_dev_0000597,normal,,normal_standard,0
blind_20260828_dev_0000598,normal,,normal_standard,0
blind_20260828_dev_0000599,normal,,normal_standard,0
blind_20260828_dev_0000600,normal,,normal_standard,0
blind_20260828_dev_0000601,normal,,normal_standard,0
blind_20260828_dev_0000602,normal,,normal_standard,0
blind_20260828_dev_0000603,normal,,normal_standard,0
blind_20260828_dev_0000604,normal,,normal_standard,0
blind_20260828_dev_0000605,normal,,normal_standard,0
blind_20260828_dev_0000606,normal,,normal_standard,0
blind_20260828_dev_0000607,normal,,normal_standard,0
blind_20260828_dev_0000608,normal,,normal_standard,0
blind_20260828_dev_0000609,normal,,normal_standard,0
blind_20260828_dev_0000610,normal,,normal_standard,0
blind_20260828_dev_0000611,normal,,normal_standard,0
blind_20260828_dev_0000612,normal,,normal_standard,0
blind_20260828_dev_0000613,normal,,normal_standard,0
blind_20260828_dev_0000614,normal,,normal_standard,0
blind_20260828_dev_0000615,normal,,normal_standard,0
blind_20260828_dev_0000616,normal,,normal_standard,0
blind_20260828_dev_0000617,normal,,normal_standard,0
blind_20260828_dev_0000618,normal,,normal_standard,0
blind_20260828_dev_0000619,normal,,normal_standard,0
blind_20260828_dev_0000620,normal,,normal_standard,0
blind_20260828_dev_0000621,normal,,normal_standard,0
blind_20260828_dev_0000622,normal,,normal_standard,0
blind_20260828_dev_0000623,normal,,normal_standard,0
blind_20260828_dev_0000624,normal,,normal_standard,0
blind_20260828_dev_0000625,normal,,normal_standard,0
blind_20260828_dev_0000626,normal,,normal_standard,0
blind_20260828_dev_0000627,normal,,normal_standard,0
blind_20260828_dev_0000628,normal,,normal_standard,0
blind_20260828_dev_0000629,normal,,normal_standard,0
blind_20260828_dev_0000630,normal,,normal_standard,0
blind_20260828_dev_0000631,normal,,normal_standard,0
blind_20260828_dev_0000632,normal,,normal_standard,0
blind_20260828_dev_0000633,normal,,normal_standard,0
blind_20260828_dev_0000634,normal,,normal_standard,0
blind_20260828_dev_0000635,normal,,normal_standard,0
blind_20260828_dev_0000636,normal,,normal_standard,0
blind_20260828_dev_0000637,normal,,normal_standard,0
blind_20260828_dev_0000638,normal,,normal_standard,0
blind_20260828_dev_0000639,normal,,normal_standard,0
blind_20260828_dev_0000640,normal,,normal_standard,0
blind_20260828_dev_0000641,normal,,normal_standard,0
blind_20260828_dev_0000642,normal,,normal_standard,0
blind_20260828_dev_0000643,normal,,normal_standard,0
blind_20260828_dev_0000644,normal,,normal_standard,0
blind_20260828_dev_0000645,normal,,normal_standard,0
blind_20260828_dev_0000646,normal,,normal_standard,0
blind_20260828_dev_0000647,normal,,normal_standard,0
blind_20260828_dev_0000648,normal,,normal_standard,0
blind_20260828_dev_0000649,normal,,normal_standard,0
blind_20260828_dev_0000650,normal,,normal_standard,0
blind_20260828_dev_0000651,normal,,normal_standard,0
blind_20260828_dev_0000652,normal,,normal_standard,0
blind_20260828_dev_0000653,normal,,normal_standard,0
blind_20260828_dev_0000654,normal,,normal_standard,0
blind_20260828_dev_0000655,normal,,normal_standard,0
blind_20260828_dev_0000656,normal,,normal_standard,0
blind_20260828_dev_0000657,normal,,normal_standard,0
blind_20260828_dev_0000658,normal,,normal_standard,0
blind_20260828_dev_0000659,normal,,normal_standard,0
blind_20260828_dev_0000660,normal,,normal_standard,0
blind_20260828_dev_0000661,normal,,normal_standard,0
blind_20260828_dev_0000662,normal,,normal_standard,0
blind_20260828_dev_0000663,normal,,normal_standard,0
blind_20260828_dev_0000664,normal,,normal_standard,0
blind_20260828_dev_0000665,normal,,normal_standard,0
blind_20260828_dev_0000666,normal,,normal_standard,0
blind_20260828_dev_0000667,normal,,normal_standard,0
blind_20260828_dev_0000668,normal,,normal_standard,0
blind_20260828_dev_0000669,normal,,normal_standard,0
blind_20260828_dev_0000670,normal,,normal_standard,0
blind_20260828_dev_0000671,normal,,normal_standard,0
blind_20260828_dev_0000672,normal,,normal_standard,0
blind_20260828_dev_0000673,normal,,normal_standard,0
blind_20260828_dev_0000674,normal,,normal_standard,0
blind_20260828_dev_0000675,normal,,normal_standard,0
blind_20260828_dev_0000676,normal,,normal_standard,0
blind_20260828_dev_0000677,normal,,normal_standard,0
blind_20260828_dev_0000678,normal,,normal_standard,0
blind_20260828_dev_0000679,normal,,normal_standard,0
blind_20260828_dev_0000680,normal,,normal_standard,0
blind_20260828_dev_0000681,normal,,normal_standard,0
blind_20260828_dev_0000682,normal,,normal_standard,0
blind_20260828_dev_0000683,normal,,normal_standard,0
blind_20260828_dev_0000684,normal,,normal_standard,0
blind_20260828_dev_0000685,normal,,normal_standard,0
blind_20260828_dev_0000686,normal,,normal_standard,0
blind_20260828_dev_0000687,normal,,normal_standard,0
blind_20260828_dev_0000688,normal,,normal_standard,0
blind_20260828_dev_0000689,normal,,normal_standard,0
blind_20260828_dev_0000690,normal,,normal_standard,0
blind_20260828_dev_0000691,normal,,normal_standard,0
blind_20260828_dev_0000692,normal,,normal_standard,0
blind_20260828_dev_0000693,normal,,normal_standard,0
blind_20260828_dev_0000694,normal,,normal_standard,0
blind_20260828_dev_0000695,normal,,normal_standard,0
blind_20260828_dev_0000696,normal,,normal_standard,0
blind_20260828_dev_0000697,normal,,normal_standard,0
blind_20260828_dev_0000698,normal,,normal_standard,0
blind_20260828_dev_0000699,normal,,normal_standard,0
blind_20260828_dev_0000700,normal,,normal_standard,0
blind_20260828_dev_0000701,normal,,normal_standard,0
blind_20260828_dev_0000702,normal,,normal_standard,0
blind_20260828_dev_0000703,normal,,normal_standard,0
blind_20260828_dev_0000704,normal,,normal_standard,0
blind_20260828_dev_0000705,normal,,normal_standard,0
blind_20260828_dev_0000706,normal,,normal_standard,0
blind_20260828_dev_0000707,normal,,normal_standard,0
blind_20260828_dev_0000708,normal,,normal_standard,0
blind_20260828_dev_0000709,normal,,normal_standard,0
blind_20260828_dev_0000710,normal,,normal_standard,0
blind_20260828_dev_0000711,normal,,normal_standard,0
blind_20260828_dev_0000712,normal,,normal_standard,0
blind_20260828_dev_0000713,normal,,normal_standard,0
blind_20260828_dev_0000714,normal,,normal_standard,0
blind_20260828_dev_0000715,normal,,normal_standard,0
blind_20260828_dev_0000716,normal,,normal_standard,0
blind_20260828_dev_0000717,normal,,normal_standard,0
blind_20260828_dev_0000718,normal,,normal_standard,0
blind_20260828_dev_0000719,normal,,normal_standard,0
blind_20260828_dev_0000720,normal,,normal_standard,0
blind_20260828_dev_0000721,normal,,normal_standard,0
blind_20260828_dev_0000722,normal,,normal_standard,0
blind_20260828_dev_0000723,normal,,normal_standard,0
blind_20260828_dev_0000724,normal,,normal_standard,0
blind_20260828_dev_0000725,normal,,normal_standard,0
blind_20260828_dev_0000726,normal,,normal_standard,0
blind_20260828_dev_0000727,normal,,normal_standard,0
blind_20260828_dev_0000728,normal,,normal_standard,0
blind_20260828_dev_0000729,normal,,normal_standard,0
blind_20260828_dev_0000730,normal,,normal_standard,0
blind_20260828_dev_0000731,normal,,normal_standard,0
blind_20260828_dev_0000732,normal,,normal_standard,0
blind_20260828_dev_0000733,normal,,normal_standard,0
blind_20260828_dev_0000734,normal,,normal_standard,0
blind_20260828_dev_0000735,normal,,normal_standard,0
blind_20260828_dev_0000736,normal,,normal_standard,0
blind_20260828_dev_0000737,normal,,normal_standard,0
blind_20260828_dev_0000738,normal,,normal_standard,0
blind_20260828_dev_0000739,normal,,normal_standard,0
blind_20260828_dev_0000740,normal,,normal_standard,0
blind_20260828_dev_0000741,normal,,normal_standard,0
blind_20260828_dev_0000742,normal,,normal_standard,0
blind_20260828_dev_0000743,normal,,normal_standard,0
blind_20260828_dev_0000744,normal,,normal_standard,0
blind_20260828_dev_0000745,normal,,normal_standard,0
blind_20260828_dev_0000746,normal,,normal_standard,0
blind_20260828_dev_0000747,normal,,normal_standard,0
blind_20260828_dev_0000748,normal,,normal_standard,0
blind_20260828_dev_0000749,normal,,normal_standard,0
blind_20260828_dev_0000750,normal,,normal_standard,0
blind_20260828_dev_0000751,normal,,normal_standard,0
blind_20260828_dev_0000752,normal,,normal_standard,0
blind_20260828_dev_0000753,normal,,normal_standard,0
blind_20260828_dev_0000754,normal,,normal_standard,0
blind_20260828_dev_0000755,normal,,normal_standard,0
blind_20260828_dev_0000756,normal,,normal_standard,0
blind_20260828_dev_0000757,normal,,normal_standard,0
blind_20260828_dev_0000758,normal,,normal_standard,0
blind_20260828_dev_0000759,normal,,normal_standard,0
blind_20260828_dev_0000760,normal,,normal_standard,0
blind_20260828_dev_0000761,normal,,normal_standard,0
blind_20260828_dev_0000762,normal,,normal_standard,0
blind_20260828_dev_0000763,normal,,normal_standard,0
blind_20260828_dev_0000764,normal,,normal_standard,0
blind_20260828_dev_0000765,normal,,normal_standard,0
blind_20260828_dev_0000766,normal,,normal_standard,0
blind_20260828_dev_0000767,normal,,normal_standard,0
blind_20260828_dev_0000768,normal,,normal_standard,0
blind_20260828_dev_0000769,normal,,normal_standard,0
blind_20260828_dev_0000770,normal,,normal_standard,0
blind_20260828_dev_0000771,normal,,normal_standard,0
blind_20260828_dev_0000772,normal,,normal_standard,0
blind_20260828_dev_0000773,normal,,normal_standard,0
blind_20260828_dev_0000774,normal,,normal_standard,0
blind_20260828_dev_0000775,normal,,normal_standard,0
blind_20260828_dev_0000776,normal,,normal_standard,0
blind_20260828_dev_0000777,normal,,normal_standard,0
blind_20260828_dev_0000778,normal,,normal_standard,0
blind_20260828_dev_0000779,normal,,normal_standard,0
blind_20260828_dev_0000780,normal,,normal_standard,0
blind_20260828_dev_0000781,normal,,normal_standard,0
blind_20260828_dev_0000782,normal,,normal_standard,0
blind_20260828_dev_0000783,normal,,normal_standard,0
blind_20260828_dev_0000784,normal,,normal_standard,0
blind_20260828_dev_0000785,normal,,normal_standard,0
blind_20260828_dev_0000786,normal,,normal_standard,0
blind_20260828_dev_0000787,normal,,normal_standard,0
blind_20260828_dev_0000788,normal,,normal_standard,0
blind_20260828_dev_0000789,normal,,normal_standard,0
blind_20260828_dev_0000790,normal,,normal_standard,0
blind_20260828_dev_0000791,normal,,normal_standard,0
blind_20260828_dev_0000792,normal,,normal_standard,0
blind_20260828_dev_0000793,normal,,normal_standard,0
blind_20260828_dev_0000794,normal,,normal_standard,0
blind_20260828_dev_0000795,normal,,normal_standard,0
blind_20260828_dev_0000796,normal,,normal_standard,0
blind_20260828_dev_0000797,normal,,normal_standard,0
blind_20260828_dev_0000798,normal,,normal_standard,0
blind_20260828_dev_0000799,normal,,normal_standard,0
blind_20260828_dev_0000800,normal,,normal_standard,0
blind_20260828_dev_0000801,normal,,normal_standard,0
blind_20260828_dev_0000802,normal,,normal_standard,0
blind_20260828_dev_0000803,normal,,normal_standard,0
blind_20260828_dev_0000804,normal,,normal_standard,0
blind_20260828_dev_0000805,normal,,normal_standard,0
blind_20260828_dev_0000806,normal,,normal_standard,0
blind_20260828_dev_0000807,normal,,normal_standard,0
blind_20260828_dev_0000808,normal,,normal_standard,0
blind_20260828_dev_0000809,normal,,normal_standard,0
blind_20260828_dev_0000810,normal,,normal_standard,0
blind_20260828_dev_0000811,normal,,normal_standard,0
blind_20260828_dev_0000812,normal,,normal_standard,0
blind_20260828_dev_0000813,normal,,normal_standard,0
blind_20260828_dev_0000814,normal,,normal_standard,0
blind_20260828_dev_0000815,normal,,normal_standard,0
blind_20260828_dev_0000816,normal,,normal_standard,0
blind_20260828_dev_0000817,normal,,normal_standard,0
blind_20260828_dev_0000818,normal,,normal_standard,0
blind_20260828_dev_0000819,normal,,normal_standard,0
blind_20260828_dev_0000820,normal,,normal_standard,0
blind_20260828_dev_0000821,normal,,normal_standard,0
blind_20260828_dev_0000822,normal,,normal_standard,0
blind_20260828_dev_0000823,normal,,normal_standard,0
blind_20260828_dev_0000824,normal,,normal_standard,0
blind_20260828_dev_0000825,normal,,normal_standard,0
blind_20260828_dev_0000826,normal,,normal_standard,0
blind_20260828_dev_0000827,normal,,normal_standard,0
blind_20260828_dev_0000828,normal,,normal_standard,0
blind_20260828_dev_0000829,normal,,normal_standard,0
blind_20260828_dev_0000830,normal,,normal_standard,0
blind_20260828_dev_0000831,normal,,normal_standard,0
blind_20260828_dev_0000832,normal,,normal_standard,0
blind_20260828_dev_0000833,normal,,normal_standard,0
blind_20260828_dev_0000834,normal,,normal_standard,0
blind_20260828_dev_0000835,normal,,normal_standard,0
blind_20260828_dev_0000836,normal,,normal_standard,0
blind_20260828_dev_0000837,normal,,normal_standard,0
blind_20260828_dev_0000838,normal,,normal_standard,0
blind_20260828_dev_0000839,normal,,normal_standard,0
blind_20260828_dev_0000840,normal,,normal_standard,0
blind_20260828_dev_0000841,normal,,normal_standard,0
blind_20260828_dev_0000842,normal,,normal_standard,0
blind_20260828_dev_0000843,normal,,normal_standard,0
blind_20260828_dev_0000844,normal,,normal_standard,0
blind_20260828_dev_0000845,normal,,normal_standard,0
blind_20260828_dev_0000846,normal,,normal_standard,0
blind_20260828_dev_0000847,normal,,normal_standard,0
blind_20260828_dev_0000848,normal,,normal_standard,0
blind_20260828_dev_0000849,normal,,normal_standard,0
blind_20260828_dev_0000850,normal,,normal_standard,0
blind_20260828_dev_0000851,normal,,normal_standard,0
blind_20260828_dev_0000852,normal,,normal_standard,0
blind_20260828_dev_0000853,normal,,normal_standard,0
blind_20260828_dev_0000854,normal,,normal_standard,0
blind_20260828_dev_0000855,normal,,normal_standard,0
blind_20260828_dev_0000856,normal,,normal_standard,0
blind_20260828_dev_0000857,normal,,normal_standard,0
blind_20260828_dev_0000858,normal,,normal_standard,0
blind_20260828_dev_0000859,normal,,normal_standard,0
blind_20260828_dev_0000860,normal,,normal_standard,0
blind_20260828_dev_0000861,normal,,normal_standard,0
blind_20260828_dev_0000862,normal,,normal_standard,0
blind_20260828_dev_0000863,normal,,normal_standard,0
blind_20260828_dev_0000864,normal,,normal_standard,0
blind_20260828_dev_0000865,normal,,normal_standard,0
blind_20260828_dev_0000866,normal,,normal_standard,0
blind_20260828_dev_0000867,normal,,normal_standard,0
blind_20260828_dev_0000868,normal,,normal_standard,0
blind_20260828_dev_0000869,normal,,normal_standard,0
blind_20260828_dev_0000870,normal,,normal_standard,0
blind_20260828_dev_0000871,normal,,normal_standard,0
blind_20260828_dev_0000872,normal,,normal_standard,0
blind_20260828_dev_0000873,normal,,normal_standard,0
blind_20260828_dev_0000874,normal,,normal_standard,0
blind_20260828_dev_0000875,normal,,normal_standard,0
blind_20260828_dev_0000876,normal,,normal_standard,0
blind_20260828_dev_0000877,normal,,normal_standard,0
blind_20260828_dev_0000878,normal,,normal_standard,0
blind_20260828_dev_0000879,normal,,normal_standard,0
blind_20260828_dev_0000880,normal,,normal_standard,0
blind_20260828_dev_0000881,normal,,normal_standard,0
blind_20260828_dev_0000882,normal,,normal_standard,0
blind_20260828_dev_0000883,normal,,normal_standard,0
blind_20260828_dev_0000884,normal,,normal_standard,0
blind_20260828_dev_0000885,normal,,normal_standard,0
blind_20260828_dev_0000886,normal,,normal_standard,0
blind_20260828_dev_0000887,normal,,normal_standard,0
blind_20260828_dev_0000888,normal,,normal_standard,0
blind_20260828_dev_0000889,normal,,normal_standard,0
blind_20260828_dev_0000890,normal,,normal_standard,0
blind_20260828_dev_0000891,normal,,normal_standard,0
blind_20260828_dev_0000892,normal,,normal_standard,0
blind_20260828_dev_0000893,normal,,normal_standard,0
blind_20260828_dev_0000894,normal,,normal_standard,0
blind_20260828_dev_0000895,normal,,normal_standard,0
blind_20260828_dev_0000896,normal,,normal_standard,0
blind_20260828_dev_0000897,normal,,normal_standard,0
blind_20260828_dev_0000898,normal,,normal_standard,0
blind_20260828_dev_0000899,normal,,normal_standard,0
blind_20260828_dev_0000900,normal,,normal_standard,0
blind_20260828_dev_0000901,normal,,normal_standard,0
blind_20260828_dev_0000902,normal,,normal_standard,0
blind_20260828_dev_0000903,normal,,normal_standard,0
blind_20260828_dev_0000904,normal,,normal_standard,0
blind_20260828_dev_0000905,normal,,normal_standard,0
blind_20260828_dev_0000906,normal,,normal_standard,0
blind_20260828_dev_0000907,normal,,normal_standard,0
blind_20260828_dev_0000908,normal,,normal_standard,0
blind_20260828_dev_0000909,normal,,normal_standard,0
blind_20260828_dev_0000910,normal,,normal_standard,0
blind_20260828_dev_0000911,normal,,normal_standard,0
blind_20260828_dev_0000912,normal,,normal_standard,0
blind_20260828_dev_0000913,normal,,normal_standard,0
blind_20260828_dev_0000914,normal,,normal_standard,0
blind_20260828_dev_0000915,normal,,normal_standard,0
blind_20260828_dev_0000916,normal,,normal_standard,0
blind_20260828_dev_0000917,normal,,normal_standard,0
blind_20260828_dev_0000918,normal,,normal_standard,0
blind_20260828_dev_0000919,normal,,normal_standard,0
blind_20260828_dev_0000920,normal,,normal_standard,0
blind_20260828_dev_0000921,normal,,normal_standard,0
blind_20260828_dev_0000922,normal,,normal_standard,0
blind_20260828_dev_0000923,normal,,normal_standard,0
blind_20260828_dev_0000924,normal,,normal_standard,0
blind_20260828_dev_0000925,normal,,normal_standard,0
blind_20260828_dev_0000926,normal,,normal_standard,0
blind_20260828_dev_0000927,normal,,normal_standard,0
blind_20260828_dev_0000928,normal,,normal_standard,0
blind_20260828_dev_0000929,normal,,normal_standard,0
blind_20260828_dev_0000930,normal,,normal_standard,0
blind_20260828_dev_0000931,normal,,normal_standard,0
blind_20260828_dev_0000932,normal,,normal_standard,0
blind_20260828_dev_0000933,normal,,normal_standard,0
blind_20260828_dev_0000934,normal,,normal_standard,0
blind_20260828_dev_0000935,normal,,normal_standard,0
blind_20260828_dev_0000936,normal,,normal_standard,0
blind_20260828_dev_0000937,normal,,normal_standard,0
blind_20260828_dev_0000938,normal,,normal_standard,0
blind_20260828_dev_0000939,normal,,normal_standard,0
blind_20260828_dev_0000940,normal,,normal_standard,0
blind_20260828_dev_0000941,normal,,normal_standard,0
blind_20260828_dev_0000942,normal,,normal_standard,0
blind_20260828_dev_0000943,normal,,normal_standard,0
blind_20260828_dev_0000944,normal,,normal_standard,0
blind_20260828_dev_0000945,normal,,normal_standard,0
blind_20260828_dev_0000946,normal,,normal_standard,0
blind_20260828_dev_0000947,normal,,normal_standard,0
blind_20260828_dev_0000948,normal,,normal_standard,0
blind_20260828_dev_0000949,normal,,normal_standard,0
blind_20260828_dev_0000950,normal,,normal_standard,0
blind_20260828_dev_0000951,normal,,normal_standard,0
blind_20260828_dev_0000952,normal,,normal_standard,0
blind_20260828_dev_0000953,normal,,normal_standard,0
blind_20260828_dev_0000954,normal,,normal_standard,0
blind_20260828_dev_0000955,normal,,normal_standard,0
blind_20260828_dev_0000956,normal,,normal_standard,0
blind_20260828_dev_0000957,normal,,normal_standard,0
blind_20260828_dev_0000958,normal,,normal_standard,0
blind_20260828_dev_0000959,normal,,normal_standard,0
blind_20260828_dev_0000960,normal,,normal_standard,0
blind_20260828_dev_0000961,normal,,normal_standard,0
blind_20260828_dev_0000962,normal,,normal_standard,0
blind_20260828_dev_0000963,normal,,normal_standard,0
blind_20260828_dev_0000964,normal,,normal_standard,0
blind_20260828_dev_0000965,normal,,normal_standard,0
blind_20260828_dev_0000966,normal,,normal_standard,0
blind_20260828_dev_0000967,normal,,normal_standard,0
blind_20260828_dev_0000968,normal,,normal_standard,0
blind_20260828_dev_0000969,normal,,normal_standard,0
blind_20260828_dev_0000970,normal,,normal_standard,0
blind_20260828_dev_0000971,normal,,normal_standard,0
blind_20260828_dev_0000972,normal,,normal_standard,0
blind_20260828_dev_0000973,normal,,normal_standard,0
blind_20260828_dev_0000974,normal,,normal_standard,0
blind_20260828_dev_0000975,normal,,normal_standard,0
blind_20260828_dev_0000976,normal,,normal_standard,0
blind_20260828_dev_0000977,normal,,normal_standard,0
blind_20260828_dev_0000978,normal,,normal_standard,0
blind_20260828_dev_0000979,normal,,normal_standard,0
blind_20260828_dev_0000980,normal,,normal_standard,0
blind_20260828_dev_0000981,normal,,normal_standard,0
blind_20260828_dev_0000982,normal,,normal_standard,0
blind_20260828_dev_0000983,normal,,normal_standard,0
blind_20260828_dev_0000984,normal,,normal_standard,0
blind_20260828_dev_0000985,normal,,normal_standard,0
blind_20260828_dev_0000986,normal,,normal_standard,0
blind_20260828_dev_0000987,normal,,normal_standard,0
blind_20260828_dev_0000988,normal,,normal_standard,0
blind_20260828_dev_0000989,normal,,normal_standard,0
blind_20260828_dev_0000990,normal,,normal_standard,0
blind_20260828_dev_0000991,normal,,normal_standard,0
blind_20260828_dev_0000992,normal,,normal_standard,0
blind_20260828_dev_0000993,normal,,normal_standard,0
blind_20260828_dev_0000994,normal,,normal_standard,0
blind_20260828_dev_0000995,normal,,normal_standard,0
blind_20260828_dev_0000996,normal,,normal_standard,0
blind_20260828_dev_0000997,normal,,normal_standard,0
blind_20260828_dev_0000998,normal,,normal_standard,0
blind_20260828_dev_0000999,normal,,normal_standard,0
blind_20260828_dev_0001000,normal,,normal_standard,0
blind_20260828_dev_0001001,normal,,normal_standard,0
blind_20260828_dev_0001002,normal,,normal_standard,0
blind_20260828_dev_0001003,normal,,normal_standard,0
blind_20260828_dev_0001004,normal,,normal_standard,0
blind_20260828_dev_0001005,normal,,normal_standard,0
blind_20260828_dev_0001006,normal,,normal_standard,0
blind_20260828_dev_0001007,normal,,normal_standard,0
blind_20260828_dev_0001008,normal,,normal_standard,0
blind_20260828_dev_0001009,normal,,normal_standard,0
blind_20260828_dev_0001010,normal,,normal_standard,0
blind_20260828_dev_0001011,normal,,normal_standard,0
blind_20260828_dev_0001012,normal,,normal_standard,0
blind_20260828_dev_0001013,normal,,normal_standard,0
blind_20260828_dev_0001014,normal,,normal_standard,0
blind_20260828_dev_0001015,normal,,normal_standard,0
blind_20260828_dev_0001016,normal,,normal_standard,0
blind_20260828_dev_0001017,normal,,normal_standard,0
blind_20260828_dev_0001018,normal,,normal_standard,0
blind_20260828_dev_0001019,normal,,normal_standard,0
blind_20260828_dev_0001020,normal,,normal_standard,0
blind_20260828_dev_0001021,normal,,normal_standard,0
blind_20260828_dev_0001022,normal,,normal_standard,0
blind_20260828_dev_0001023,normal,,normal_standard,0
blind_20260828_dev_0001024,normal,,normal_standard,0
blind_20260828_dev_0001025,normal,,normal_standard,0
blind_20260828_dev_0001026,normal,,normal_standard,0
blind_20260828_dev_0001027,normal,,normal_standard,0
blind_20260828_dev_0001028,normal,,normal_standard,0
blind_20260828_dev_0001029,normal,,normal_standard,0
blind_20260828_dev_0001030,normal,,normal_standard,0
blind_20260828_dev_0001031,normal,,normal_standard,0
blind_20260828_dev_0001032,normal,,normal_standard,0
blind_20260828_dev_0001033,normal,,normal_standard,0
blind_20260828_dev_0001034,normal,,normal_standard,0
blind_20260828_dev_0001035,normal,,normal_standard,0
blind_20260828_dev_0001036,normal,,normal_standard,0
blind_20260828_dev_0001037,normal,,normal_standard,0
blind_20260828_dev_0001038,normal,,normal_standard,0
blind_20260828_dev_0001039,normal,,normal_standard,0
blind_20260828_dev_0001040,normal,,normal_standard,0
blind_20260828_dev_0001041,normal,,normal_standard,0
blind_20260828_dev_0001042,normal,,normal_standard,0
blind_20260828_dev_0001043,normal,,normal_standard,0
blind_20260828_dev_0001044,normal,,normal_standard,0
blind_20260828_dev_0001045,normal,,normal_standard,0
blind_20260828_dev_0001046,normal,,normal_standard,0
blind_20260828_dev_0001047,normal,,normal_standard,0
blind_20260828_dev_0001048,normal,,normal_standard,0
blind_20260828_dev_0001049,normal,,normal_standard,0
blind_20260828_dev_0001050,normal,,normal_standard,0
blind_20260828_dev_0001051,normal,,normal_standard,0
blind_20260828_dev_0001052,normal,,normal_standard,0
blind_20260828_dev_0001053,normal,,normal_standard,0
blind_20260828_dev_0001054,normal,,normal_standard,0
blind_20260828_dev_0001055,normal,,normal_standard,0
blind_20260828_dev_0001056,normal,,normal_standard,0
blind_20260828_dev_0001057,normal,,normal_standard,0
blind_20260828_dev_0001058,normal,,normal_standard,0
blind_20260828_dev_0001059,normal,,normal_standard,0
blind_20260828_dev_0001060,normal,,normal_standard,0
blind_20260828_dev_0001061,normal,,normal_standard,0
blind_20260828_dev_0001062,normal,,normal_standard,0
blind_20260828_dev_0001063,normal,,normal_standard,0
blind_20260828_dev_0001064,normal,,normal_standard,0
blind_20260828_dev_0001065,normal,,normal_standard,0
blind_20260828_dev_0001066,normal,,normal_standard,0
blind_20260828_dev_0001067,normal,,normal_standard,0
blind_20260828_dev_0001068,normal,,normal_standard,0
blind_20260828_dev_0001069,normal,,normal_standard,0
blind_20260828_dev_0001070,normal,,normal_standard,0
blind_20260828_dev_0001071,normal,,normal_standard,0
blind_20260828_dev_0001072,normal,,normal_standard,0
blind_20260828_dev_0001073,normal,,normal_standard,0
blind_20260828_dev_0001074,normal,,normal_standard,0
blind_20260828_dev_0001075,normal,,normal_standard,0
blind_20260828_dev_0001076,normal,,normal_standard,0
blind_20260828_dev_0001077,normal,,normal_standard,0
blind_20260828_dev_0001078,normal,,normal_standard,0
blind_20260828_dev_0001079,normal,,normal_standard,0
blind_20260828_dev_0001080,normal,,normal_standard,0
blind_20260828_dev_0001081,normal,,normal_standard,0
blind_20260828_dev_0001082,normal,,normal_standard,0
blind_20260828_dev_0001083,normal,,normal_standard,0
blind_20260828_dev_0001084,normal,,normal_standard,0
blind_20260828_dev_0001085,normal,,normal_standard,0
blind_20260828_dev_0001086,normal,,normal_standard,0
blind_20260828_dev_0001087,normal,,normal_standard,0
blind_20260828_dev_0001088,normal,,normal_standard,0
blind_20260828_dev_0001089,normal,,normal_standard,0
blind_20260828_dev_0001090,normal,,normal_standard,0
blind_20260828_dev_0001091,normal,,normal_standard,0
blind_20260828_dev_0001092,normal,,normal_standard,0
blind_20260828_dev_0001093,normal,,normal_standard,0
blind_20260828_dev_0001094,normal,,normal_standard,0
blind_20260828_dev_0001095,normal,,normal_standard,0
blind_20260828_dev_0001096,normal,,normal_standard,0
blind_20260828_dev_0001097,normal,,normal_standard,0
blind_20260828_dev_0001098,normal,,normal_standard,0
blind_20260828_dev_0001099,normal,,normal_standard,0
blind_20260828_dev_0001100,normal,,normal_standard,0
blind_20260828_dev_0001101,normal,,normal_standard,0
blind_20260828_dev_0001102,normal,,normal_standard,0
blind_20260828_dev_0001103,normal,,normal_standard,0
blind_20260828_dev_0001104,normal,,normal_standard,0
blind_20260828_dev_0001105,normal,,normal_standard,0
blind_20260828_dev_0001106,normal,,normal_standard,0
blind_20260828_dev_0001107,normal,,normal_standard,0
blind_20260828_dev_0001108,normal,,normal_standard,0
blind_20260828_dev_0001109,normal,,normal_standard,0
blind_20260828_dev_0001110,normal,,normal_standard,0
blind_20260828_dev_0001111,normal,,normal_standard,0
blind_20260828_dev_0001112,normal,,normal_standard,0
blind_20260828_dev_0001113,normal,,normal_standard,0
blind_20260828_dev_0001114,normal,,normal_standard,0
blind_20260828_dev_0001115,normal,,normal_standard,0
blind_20260828_dev_0001116,normal,,normal_standard,0
blind_20260828_dev_0001117,normal,,normal_standard,0
blind_20260828_dev_0001118,normal,,normal_standard,0
blind_20260828_dev_0001119,normal,,normal_standard,0
blind_20260828_dev_0001120,normal,,normal_standard,0
blind_20260828_dev_0001121,normal,,normal_standard,0
blind_20260828_dev_0001122,normal,,normal_standard,0
blind_20260828_dev_0001123,normal,,normal_standard,0
blind_20260828_dev_0001124,normal,,normal_standard,0
blind_20260828_dev_0001125,normal,,normal_standard,0
blind_20260828_dev_0001126,normal,,normal_standard,0
blind_20260828_dev_0001127,normal,,normal_standard,0
blind_20260828_dev_0001128,normal,,normal_standard,0
blind_20260828_dev_0001129,normal,,normal_standard,0
blind_20260828_dev_0001130,normal,,normal_standard,0
blind_20260828_dev_0001131,normal,,normal_standard,0
blind_20260828_dev_0001132,normal,,normal_standard,0
blind_20260828_dev_0001133,normal,,normal_standard,0
blind_20260828_dev_0001134,normal,,normal_standard,0
blind_20260828_dev_0001135,normal,,normal_standard,0
blind_20260828_dev_0001136,normal,,normal_standard,0
blind_20260828_dev_0001137,normal,,normal_standard,0
blind_20260828_dev_0001138,normal,,normal_standard,0
blind_20260828_dev_0001139,normal,,normal_standard,0
blind_20260828_dev_0001140,normal,,normal_standard,0
blind_20260828_dev_0001141,normal,,normal_standard,0
blind_20260828_dev_0001142,normal,,normal_standard,0
blind_20260828_dev_0001143,normal,,normal_standard,0
blind_20260828_dev_0001144,normal,,normal_standard,0
blind_20260828_dev_0001145,normal,,normal_standard,0
blind_20260828_dev_0001146,normal,,normal_standard,0
blind_20260828_dev_0001147,normal,,normal_standard,0
blind_20260828_dev_0001148,normal,,normal_standard,0
blind_20260828_dev_0001149,normal,,normal_standard,0
blind_20260828_dev_0001150,normal,,normal_standard,0
blind_20260828_dev_0001151,normal,,normal_standard,0
blind_20260828_dev_0001152,normal,,normal_standard,0
blind_20260828_dev_0001153,normal,,normal_standard,0
blind_20260828_dev_0001154,normal,,normal_standard,0
blind_20260828_dev_0001155,normal,,normal_standard,0
blind_20260828_dev_0001156,normal,,normal_standard,0
blind_20260828_dev_0001157,normal,,normal_standard,0
blind_20260828_dev_0001158,normal,,normal_standard,0
blind_20260828_dev_0001159,normal,,normal_standard,0
blind_20260828_dev_0001160,normal,,normal_standard,0
blind_20260828_dev_0001161,normal,,normal_standard,0
blind_20260828_dev_0001162,normal,,normal_standard,0
blind_20260828_dev_0001163,normal,,normal_standard,0
blind_20260828_dev_0001164,normal,,normal_standard,0
blind_20260828_dev_0001165,normal,,normal_standard,0
blind_20260828_dev_0001166,normal,,normal_standard,0
blind_20260828_dev_0001167,normal,,normal_standard,0
blind_20260828_dev_0001168,normal,,normal_standard,0
blind_20260828_dev_0001169,normal,,normal_standard,0
blind_20260828_dev_0001170,normal,,normal_standard,0
blind_20260828_dev_0001171,normal,,normal_standard,0
blind_20260828_dev_0001172,normal,,normal_standard,0
blind_20260828_dev_0001173,normal,,normal_standard,0
blind_20260828_dev_0001174,normal,,normal_standard,0
blind_20260828_dev_0001175,normal,,normal_standard,0
blind_20260828_dev_0001176,normal,,normal_standard,0
blind_20260828_dev_0001177,normal,,normal_standard,0
blind_20260828_dev_0001178,normal,,normal_standard,0
blind_20260828_dev_0001179,normal,,normal_standard,0
blind_20260828_dev_0001180,normal,,normal_standard,0
blind_20260828_dev_0001181,normal,,normal_standard,0
blind_20260828_dev_0001182,normal,,normal_standard,0
blind_20260828_dev_0001183,normal,,normal_standard,0
blind_20260828_dev_0001184,normal,,normal_standard,0
blind_20260828_dev_0001185,normal,,normal_standard,0
blind_20260828_dev_0001186,normal,,normal_standard,0
blind_20260828_dev_0001187,normal,,normal_standard,0
blind_20260828_dev_0001188,normal,,normal_standard,0
blind_20260828_dev_0001189,normal,,normal_standard,0
blind_20260828_dev_0001190,normal,,normal_standard,0
blind_20260828_dev_0001191,normal,,normal_standard,0
blind_20260828_dev_0001192,normal,,normal_standard,0
blind_20260828_dev_0001193,normal,,normal_standard,0
blind_20260828_dev_0001194,normal,,normal_standard,0
blind_20260828_dev_0001195,normal,,normal_standard,0
blind_20260828_dev_0001196,normal,,normal_standard,0
blind_20260828_dev_0001197,normal,,normal_standard,0
blind_20260828_dev_0001198,normal,,normal_standard,0
blind_20260828_dev_0001199,normal,,normal_standard,0
blind_20260828_dev_0001200,normal,,normal_standard,0
blind_20260828_dev_0001201,normal,,normal_bad_luck,0
blind_20260828_dev_0001202,normal,,normal_bad_luck,0
blind_20260828_dev_0001203,normal,,normal_bad_luck,0
blind_20260828_dev_0001204,normal,,normal_bad_luck,0
blind_20260828_dev_0001205,normal,,normal_bad_luck,0
blind_20260828_dev_0001206,normal,,normal_bad_luck,0
blind_20260828_dev_0001207,normal,,normal_bad_luck,0
blind_20260828_dev_0001208,normal,,normal_bad_luck,0
blind_20260828_dev_0001209,normal,,normal_bad_luck,0
blind_20260828_dev_0001210,normal,,normal_bad_luck,0
blind_20260828_dev_0001211,normal,,normal_bad_luck,0
blind_20260828_dev_0001212,normal,,normal_bad_luck,0
blind_20260828_dev_0001213,normal,,normal_bad_luck,0
blind_20260828_dev_0001214,normal,,normal_bad_luck,0
blind_20260828_dev_0001215,normal,,normal_bad_luck,0
blind_20260828_dev_0001216,normal,,normal_bad_luck,0
blind_20260828_dev_0001217,normal,,normal_bad_luck,0
blind_20260828_dev_0001218,normal,,normal_bad_luck,0
blind_20260828_dev_0001219,normal,,normal_bad_luck,0
blind_20260828_dev_0001220,normal,,normal_bad_luck,0
blind_20260828_dev_0001221,normal,,normal_bad_luck,0
blind_20260828_dev_0001222,normal,,normal_bad_luck,0
blind_20260828_dev_0001223,normal,,normal_bad_luck,0
blind_20260828_dev_0001224,normal,,normal_bad_luck,0
blind_20260828_dev_0001225,normal,,normal_bad_luck,0
blind_20260828_dev_0001226,normal,,normal_bad_luck,0
blind_20260828_dev_0001227,normal,,normal_bad_luck,0
blind_20260828_dev_0001228,normal,,normal_bad_luck,0
blind_20260828_dev_0001229,normal,,normal_bad_luck,0
blind_20260828_dev_0001230,normal,,normal_bad_luck,0
blind_20260828_dev_0001231,normal,,normal_bad_luck,0
blind_20260828_dev_0001232,normal,,normal_bad_luck,0
blind_20260828_dev_0001233,normal,,normal_bad_luck,0
blind_20260828_dev_0001234,normal,,normal_bad_luck,0
blind_20260828_dev_0001235,normal,,normal_bad_luck,0
blind_20260828_dev_0001236,normal,,normal_bad_luck,0
blind_20260828_dev_0001237,normal,,normal_bad_luck,0
blind_20260828_dev_0001238,normal,,normal_bad_luck,0
blind_20260828_dev_0001239,normal,,normal_bad_luck,0
blind_20260828_dev_0001240,normal,,normal_bad_luck,0
blind_20260828_dev_0001241,normal,,normal_bad_luck,0
blind_20260828_dev_0001242,normal,,normal_bad_luck,0
blind_20260828_dev_0001243,normal,,normal_bad_luck,0
blind_20260828_dev_0001244,normal,,normal_bad_luck,0
blind_20260828_dev_0001245,normal,,normal_bad_luck,0
blind_20260828_dev_0001246,normal,,normal_bad_luck,0
blind_20260828_dev_0001247,normal,,normal_bad_luck,0
blind_20260828_dev_0001248,normal,,normal_bad_luck,0
blind_20260828_dev_0001249,normal,,normal_bad_luck,0
blind_20260828_dev_0001250,normal,,normal_bad_luck,0
blind_20260828_dev_0001251,normal,,normal_bad_luck,0
blind_20260828_dev_0001252,normal,,normal_bad_luck,0
blind_20260828_dev_0001253,normal,,normal_bad_luck,0
blind_20260828_dev_0001254,normal,,normal_bad_luck,0
blind_20260828_dev_0001255,normal,,normal_bad_luck,0
blind_20260828_dev_0001256,normal,,normal_bad_luck,0
blind_20260828_dev_0001257,normal,,normal_bad_luck,0
blind_20260828_dev_0001258,normal,,normal_bad_luck,0
blind_20260828_dev_0001259,normal,,normal_bad_luck,0
blind_20260828_dev_0001260,normal,,normal_bad_luck,0
blind_20260828_dev_0001261,normal,,normal_bad_luck,0
blind_20260828_dev_0001262,normal,,normal_bad_luck,0
blind_20260828_dev_0001263,normal,,normal_bad_luck,0
blind_20260828_dev_0001264,normal,,normal_bad_luck,0
blind_20260828_dev_0001265,normal,,normal_bad_luck,0
blind_20260828_dev_0001266,normal,,normal_bad_luck,0
blind_20260828_dev_0001267,normal,,normal_bad_luck,0
blind_20260828_dev_0001268,normal,,normal_bad_luck,0
blind_20260828_dev_0001269,normal,,normal_bad_luck,0
blind_20260828_dev_0001270,normal,,normal_bad_luck,0
blind_20260828_dev_0001271,normal,,normal_bad_luck,0
blind_20260828_dev_0001272,normal,,normal_bad_luck,0
blind_20260828_dev_0001273,normal,,normal_bad_luck,0
blind_20260828_dev_0001274,normal,,normal_bad_luck,0
blind_20260828_dev_0001275,normal,,normal_bad_luck,0
blind_20260828_dev_0001276,normal,,normal_bad_luck,0
blind_20260828_dev_0001277,normal,,normal_bad_luck,0
blind_20260828_dev_0001278,normal,,normal_bad_luck,0
blind_20260828_dev_0001279,normal,,normal_bad_luck,0
blind_20260828_dev_0001280,normal,,normal_bad_luck,0
blind_20260828_dev_0001281,normal,,normal_bad_luck,0
blind_20260828_dev_0001282,normal,,normal_bad_luck,0
blind_20260828_dev_0001283,normal,,normal_bad_luck,0
blind_20260828_dev_0001284,normal,,normal_bad_luck,0
blind_20260828_dev_0001285,normal,,normal_bad_luck,0
blind_20260828_dev_0001286,normal,,normal_bad_luck,0
blind_20260828_dev_0001287,normal,,normal_bad_luck,0
blind_20260828_dev_0001288,normal,,normal_bad_luck,0
blind_20260828_dev_0001289,normal,,normal_bad_luck,0
blind_20260828_dev_0001290,normal,,normal_bad_luck,0
blind_20260828_dev_0001291,normal,,normal_bad_luck,0
blind_20260828_dev_0001292,normal,,normal_bad_luck,0
blind_20260828_dev_0001293,normal,,normal_bad_luck,0
blind_20260828_dev_0001294,normal,,normal_bad_luck,0
blind_20260828_dev_0001295,normal,,normal_bad_luck,0
blind_20260828_dev_0001296,normal,,normal_bad_luck,0
blind_20260828_dev_0001297,normal,,normal_bad_luck,0
blind_20260828_dev_0001298,normal,,normal_bad_luck,0
blind_20260828_dev_0001299,normal,,normal_bad_luck,0
blind_20260828_dev_0001300,normal,,normal_bad_luck,0
blind_20260828_dev_0001301,flash_sale,,flash_standard,0
blind_20260828_dev_0001302,flash_sale,,flash_standard,0
blind_20260828_dev_0001303,flash_sale,,flash_standard,0
blind_20260828_dev_0001304,flash_sale,,flash_standard,0
blind_20260828_dev_0001305,flash_sale,,flash_standard,0
blind_20260828_dev_0001306,flash_sale,,flash_standard,0
blind_20260828_dev_0001307,flash_sale,,flash_standard,0
blind_20260828_dev_0001308,flash_sale,,flash_standard,0
blind_20260828_dev_0001309,flash_sale,,flash_standard,0
blind_20260828_dev_0001310,flash_sale,,flash_standard,0
blind_20260828_dev_0001311,flash_sale,,flash_standard,0
blind_20260828_dev_0001312,flash_sale,,flash_standard,0
blind_20260828_dev_0001313,flash_sale,,flash_standard,0
blind_20260828_dev_0001314,flash_sale,,flash_standard,0
blind_20260828_dev_0001315,flash_sale,,flash_standard,0
blind_20260828_dev_0001316,flash_sale,,flash_standard,0
blind_20260828_dev_0001317,flash_sale,,flash_standard,0
blind_20260828_dev_0001318,flash_sale,,flash_standard,0
blind_20260828_dev_0001319,flash_sale,,flash_standard,0
blind_20260828_dev_0001320,flash_sale,,flash_standard,0
blind_20260828_dev_0001321,flash_sale,,flash_standard,0
blind_20260828_dev_0001322,flash_sale,,flash_standard,0
blind_20260828_dev_0001323,flash_sale,,flash_standard,0
blind_20260828_dev_0001324,flash_sale,,flash_standard,0
blind_20260828_dev_0001325,flash_sale,,flash_standard,0
blind_20260828_dev_0001326,flash_sale,,flash_standard,0
blind_20260828_dev_0001327,flash_sale,,flash_standard,0
blind_20260828_dev_0001328,flash_sale,,flash_standard,0
blind_20260828_dev_0001329,flash_sale,,flash_standard,0
blind_20260828_dev_0001330,flash_sale,,flash_standard,0
blind_20260828_dev_0001331,flash_sale,,flash_standard,0
blind_20260828_dev_0001332,flash_sale,,flash_standard,0
blind_20260828_dev_0001333,flash_sale,,flash_standard,0
blind_20260828_dev_0001334,flash_sale,,flash_standard,0
blind_20260828_dev_0001335,flash_sale,,flash_standard,0
blind_20260828_dev_0001336,flash_sale,,flash_standard,0
blind_20260828_dev_0001337,flash_sale,,flash_standard,0
blind_20260828_dev_0001338,flash_sale,,flash_standard,0
blind_20260828_dev_0001339,flash_sale,,flash_standard,0
blind_20260828_dev_0001340,flash_sale,,flash_standard,0
blind_20260828_dev_0001341,flash_sale,,flash_standard,0
blind_20260828_dev_0001342,flash_sale,,flash_standard,0
blind_20260828_dev_0001343,flash_sale,,flash_standard,0
blind_20260828_dev_0001344,flash_sale,,flash_standard,0
blind_20260828_dev_0001345,flash_sale,,flash_standard,0
blind_20260828_dev_0001346,flash_sale,,flash_standard,0
blind_20260828_dev_0001347,flash_sale,,flash_standard,0
blind_20260828_dev_0001348,flash_sale,,flash_standard,0
blind_20260828_dev_0001349,flash_sale,,flash_standard,0
blind_20260828_dev_0001350,flash_sale,,flash_standard,0
blind_20260828_dev_0001351,flash_sale,,flash_standard,0
blind_20260828_dev_0001352,flash_sale,,flash_standard,0
blind_20260828_dev_0001353,flash_sale,,flash_standard,0
blind_20260828_dev_0001354,flash_sale,,flash_standard,0
blind_20260828_dev_0001355,flash_sale,,flash_standard,0
blind_20260828_dev_0001356,flash_sale,,flash_standard,0
blind_20260828_dev_0001357,flash_sale,,flash_standard,0
blind_20260828_dev_0001358,flash_sale,,flash_standard,0
blind_20260828_dev_0001359,flash_sale,,flash_standard,0
blind_20260828_dev_0001360,flash_sale,,flash_standard,0
blind_20260828_dev_0001361,flash_sale,,flash_standard,0
blind_20260828_dev_0001362,flash_sale,,flash_standard,0
blind_20260828_dev_0001363,flash_sale,,flash_standard,0
blind_20260828_dev_0001364,flash_sale,,flash_standard,0
blind_20260828_dev_0001365,flash_sale,,flash_standard,0
blind_20260828_dev_0001366,flash_sale,,flash_standard,0
blind_20260828_dev_0001367,flash_sale,,flash_standard,0
blind_20260828_dev_0001368,flash_sale,,flash_standard,0
blind_20260828_dev_0001369,flash_sale,,flash_standard,0
blind_20260828_dev_0001370,flash_sale,,flash_standard,0
blind_20260828_dev_0001371,flash_sale,,flash_standard,0
blind_20260828_dev_0001372,flash_sale,,flash_standard,0
blind_20260828_dev_0001373,flash_sale,,flash_standard,0
blind_20260828_dev_0001374,flash_sale,,flash_standard,0
blind_20260828_dev_0001375,flash_sale,,flash_standard,0
blind_20260828_dev_0001376,flash_sale,,flash_standard,0
blind_20260828_dev_0001377,flash_sale,,flash_standard,0
blind_20260828_dev_0001378,flash_sale,,flash_standard,0
blind_20260828_dev_0001379,flash_sale,,flash_standard,0
blind_20260828_dev_0001380,flash_sale,,flash_standard,0
blind_20260828_dev_0001381,flash_sale,,flash_standard,0
blind_20260828_dev_0001382,flash_sale,,flash_standard,0
blind_20260828_dev_0001383,flash_sale,,flash_standard,0
blind_20260828_dev_0001384,flash_sale,,flash_standard,0
blind_20260828_dev_0001385,flash_sale,,flash_standard,0
blind_20260828_dev_0001386,flash_sale,,flash_standard,0
blind_20260828_dev_0001387,flash_sale,,flash_standard,0
blind_20260828_dev_0001388,flash_sale,,flash_standard,0
blind_20260828_dev_0001389,flash_sale,,flash_standard,0
blind_20260828_dev_0001390,flash_sale,,flash_standard,0
blind_20260828_dev_0001391,flash_sale,,flash_standard,0
blind_20260828_dev_0001392,flash_sale,,flash_standard,0
blind_20260828_dev_0001393,flash_sale,,flash_standard,0
blind_20260828_dev_0001394,flash_sale,,flash_standard,0
blind_20260828_dev_0001395,flash_sale,,flash_standard,0
blind_20260828_dev_0001396,flash_sale,,flash_standard,0
blind_20260828_dev_0001397,flash_sale,,flash_standard,0
blind_20260828_dev_0001398,flash_sale,,flash_standard,0
blind_20260828_dev_0001399,flash_sale,,flash_standard,0
blind_20260828_dev_0001400,flash_sale,,flash_standard,0
blind_20260828_dev_0001401,flash_sale,,flash_standard,0
blind_20260828_dev_0001402,flash_sale,,flash_standard,0
blind_20260828_dev_0001403,flash_sale,,flash_standard,0
blind_20260828_dev_0001404,flash_sale,,flash_standard,0
blind_20260828_dev_0001405,flash_sale,,flash_standard,0
blind_20260828_dev_0001406,flash_sale,,flash_standard,0
blind_20260828_dev_0001407,flash_sale,,flash_standard,0
blind_20260828_dev_0001408,flash_sale,,flash_standard,0
blind_20260828_dev_0001409,flash_sale,,flash_standard,0
blind_20260828_dev_0001410,flash_sale,,flash_standard,0
blind_20260828_dev_0001411,flash_sale,,flash_standard,0
blind_20260828_dev_0001412,flash_sale,,flash_standard,0
blind_20260828_dev_0001413,flash_sale,,flash_standard,0
blind_20260828_dev_0001414,flash_sale,,flash_standard,0
blind_20260828_dev_0001415,flash_sale,,flash_standard,0
blind_20260828_dev_0001416,flash_sale,,flash_standard,0
blind_20260828_dev_0001417,flash_sale,,flash_standard,0
blind_20260828_dev_0001418,flash_sale,,flash_standard,0
blind_20260828_dev_0001419,flash_sale,,flash_standard,0
blind_20260828_dev_0001420,flash_sale,,flash_standard,0
blind_20260828_dev_0001421,flash_sale,,flash_standard,0
blind_20260828_dev_0001422,flash_sale,,flash_standard,0
blind_20260828_dev_0001423,flash_sale,,flash_standard,0
blind_20260828_dev_0001424,flash_sale,,flash_standard,0
blind_20260828_dev_0001425,flash_sale,,flash_standard,0
blind_20260828_dev_0001426,flash_sale,,flash_standard,0
blind_20260828_dev_0001427,flash_sale,,flash_standard,0
blind_20260828_dev_0001428,flash_sale,,flash_standard,0
blind_20260828_dev_0001429,flash_sale,,flash_standard,0
blind_20260828_dev_0001430,flash_sale,,flash_standard,0
blind_20260828_dev_0001431,flash_sale,,flash_standard,0
blind_20260828_dev_0001432,flash_sale,,flash_standard,0
blind_20260828_dev_0001433,flash_sale,,flash_standard,0
blind_20260828_dev_0001434,flash_sale,,flash_standard,0
blind_20260828_dev_0001435,flash_sale,,flash_standard,0
blind_20260828_dev_0001436,flash_sale,,flash_standard,0
blind_20260828_dev_0001437,flash_sale,,flash_standard,0
blind_20260828_dev_0001438,flash_sale,,flash_standard,0
blind_20260828_dev_0001439,flash_sale,,flash_standard,0
blind_20260828_dev_0001440,flash_sale,,flash_standard,0
blind_20260828_dev_0001441,flash_sale,,flash_standard,0
blind_20260828_dev_0001442,flash_sale,,flash_standard,0
blind_20260828_dev_0001443,flash_sale,,flash_standard,0
blind_20260828_dev_0001444,flash_sale,,flash_standard,0
blind_20260828_dev_0001445,flash_sale,,flash_standard,0
blind_20260828_dev_0001446,flash_sale,,flash_standard,0
blind_20260828_dev_0001447,flash_sale,,flash_standard,0
blind_20260828_dev_0001448,flash_sale,,flash_standard,0
blind_20260828_dev_0001449,flash_sale,,flash_standard,0
blind_20260828_dev_0001450,flash_sale,,flash_standard,0
blind_20260828_dev_0001451,flash_sale,,flash_standard,0
blind_20260828_dev_0001452,flash_sale,,flash_standard,0
blind_20260828_dev_0001453,flash_sale,,flash_standard,0
blind_20260828_dev_0001454,flash_sale,,flash_standard,0
blind_20260828_dev_0001455,flash_sale,,flash_standard,0
blind_20260828_dev_0001456,flash_sale,,flash_standard,0
blind_20260828_dev_0001457,flash_sale,,flash_standard,0
blind_20260828_dev_0001458,flash_sale,,flash_standard,0
blind_20260828_dev_0001459,flash_sale,,flash_standard,0
blind_20260828_dev_0001460,flash_sale,,flash_standard,0
blind_20260828_dev_0001461,flash_sale,,flash_standard,0
blind_20260828_dev_0001462,flash_sale,,flash_standard,0
blind_20260828_dev_0001463,flash_sale,,flash_standard,0
blind_20260828_dev_0001464,flash_sale,,flash_standard,0
blind_20260828_dev_0001465,flash_sale,,flash_standard,0
blind_20260828_dev_0001466,flash_sale,,flash_standard,0
blind_20260828_dev_0001467,flash_sale,,flash_standard,0
blind_20260828_dev_0001468,flash_sale,,flash_standard,0
blind_20260828_dev_0001469,flash_sale,,flash_standard,0
blind_20260828_dev_0001470,flash_sale,,flash_standard,0
blind_20260828_dev_0001471,flash_sale,,flash_standard,0
blind_20260828_dev_0001472,flash_sale,,flash_standard,0
blind_20260828_dev_0001473,flash_sale,,flash_standard,0
blind_20260828_dev_0001474,flash_sale,,flash_standard,0
blind_20260828_dev_0001475,flash_sale,,flash_standard,0
blind_20260828_dev_0001476,flash_sale,,flash_standard,0
blind_20260828_dev_0001477,flash_sale,,flash_standard,0
blind_20260828_dev_0001478,flash_sale,,flash_standard,0
blind_20260828_dev_0001479,flash_sale,,flash_standard,0
blind_20260828_dev_0001480,flash_sale,,flash_standard,0
blind_20260828_dev_0001481,flash_sale,,flash_standard,0
blind_20260828_dev_0001482,flash_sale,,flash_standard,0
blind_20260828_dev_0001483,flash_sale,,flash_standard,0
blind_20260828_dev_0001484,flash_sale,,flash_standard,0
blind_20260828_dev_0001485,flash_sale,,flash_standard,0
blind_20260828_dev_0001486,flash_sale,,flash_standard,0
blind_20260828_dev_0001487,flash_sale,,flash_standard,0
blind_20260828_dev_0001488,flash_sale,,flash_standard,0
blind_20260828_dev_0001489,flash_sale,,flash_standard,0
blind_20260828_dev_0001490,flash_sale,,flash_standard,0
blind_20260828_dev_0001491,flash_sale,,flash_standard,0
blind_20260828_dev_0001492,flash_sale,,flash_standard,0
blind_20260828_dev_0001493,flash_sale,,flash_standard,0
blind_20260828_dev_0001494,flash_sale,,flash_standard,0
blind_20260828_dev_0001495,flash_sale,,flash_standard,0
blind_20260828_dev_0001496,flash_sale,,flash_standard,0
blind_20260828_dev_0001497,flash_sale,,flash_standard,0
blind_20260828_dev_0001498,flash_sale,,flash_standard,0
blind_20260828_dev_0001499,flash_sale,,flash_standard,0
blind_20260828_dev_0001500,flash_sale,,flash_standard,0
blind_20260828_dev_0001501,flash_sale,,flash_standard,0
blind_20260828_dev_0001502,flash_sale,,flash_standard,0
blind_20260828_dev_0001503,flash_sale,,flash_standard,0
blind_20260828_dev_0001504,flash_sale,,flash_standard,0
blind_20260828_dev_0001505,flash_sale,,flash_standard,0
blind_20260828_dev_0001506,flash_sale,,flash_standard,0
blind_20260828_dev_0001507,flash_sale,,flash_standard,0
blind_20260828_dev_0001508,flash_sale,,flash_standard,0
blind_20260828_dev_0001509,flash_sale,,flash_standard,0
blind_20260828_dev_0001510,flash_sale,,flash_standard,0
blind_20260828_dev_0001511,flash_sale,,flash_standard,0
blind_20260828_dev_0001512,flash_sale,,flash_standard,0
blind_20260828_dev_0001513,flash_sale,,flash_standard,0
blind_20260828_dev_0001514,flash_sale,,flash_standard,0
blind_20260828_dev_0001515,flash_sale,,flash_standard,0
blind_20260828_dev_0001516,flash_sale,,flash_standard,0
blind_20260828_dev_0001517,flash_sale,,flash_standard,0
blind_20260828_dev_0001518,flash_sale,,flash_standard,0
blind_20260828_dev_0001519,flash_sale,,flash_standard,0
blind_20260828_dev_0001520,flash_sale,,flash_standard,0
blind_20260828_dev_0001521,flash_sale,,flash_standard,0
blind_20260828_dev_0001522,flash_sale,,flash_standard,0
blind_20260828_dev_0001523,flash_sale,,flash_standard,0
blind_20260828_dev_0001524,flash_sale,,flash_standard,0
blind_20260828_dev_0001525,flash_sale,,flash_standard,0
blind_20260828_dev_0001526,flash_sale,,flash_standard,0
blind_20260828_dev_0001527,flash_sale,,flash_standard,0
blind_20260828_dev_0001528,flash_sale,,flash_standard,0
blind_20260828_dev_0001529,flash_sale,,flash_standard,0
blind_20260828_dev_0001530,flash_sale,,flash_standard,0
blind_20260828_dev_0001531,flash_sale,,flash_standard,0
blind_20260828_dev_0001532,flash_sale,,flash_standard,0
blind_20260828_dev_0001533,flash_sale,,flash_standard,0
blind_20260828_dev_0001534,flash_sale,,flash_standard,0
blind_20260828_dev_0001535,flash_sale,,flash_standard,0
blind_20260828_dev_0001536,flash_sale,,flash_standard,0
blind_20260828_dev_0001537,flash_sale,,flash_standard,0
blind_20260828_dev_0001538,flash_sale,,flash_standard,0
blind_20260828_dev_0001539,flash_sale,,flash_standard,0
blind_20260828_dev_0001540,flash_sale,,flash_standard,0
blind_20260828_dev_0001541,flash_sale,,flash_standard,0
blind_20260828_dev_0001542,flash_sale,,flash_standard,0
blind_20260828_dev_0001543,flash_sale,,flash_standard,0
blind_20260828_dev_0001544,flash_sale,,flash_standard,0
blind_20260828_dev_0001545,flash_sale,,flash_standard,0
blind_20260828_dev_0001546,flash_sale,,flash_standard,0
blind_20260828_dev_0001547,flash_sale,,flash_standard,0
blind_20260828_dev_0001548,flash_sale,,flash_standard,0
blind_20260828_dev_0001549,flash_sale,,flash_standard,0
blind_20260828_dev_0001550,flash_sale,,flash_standard,0
blind_20260828_dev_0001551,flash_sale,,flash_standard,0
blind_20260828_dev_0001552,flash_sale,,flash_standard,0
blind_20260828_dev_0001553,flash_sale,,flash_standard,0
blind_20260828_dev_0001554,flash_sale,,flash_standard,0
blind_20260828_dev_0001555,flash_sale,,flash_standard,0
blind_20260828_dev_0001556,flash_sale,,flash_standard,0
blind_20260828_dev_0001557,flash_sale,,flash_standard,0
blind_20260828_dev_0001558,flash_sale,,flash_standard,0
blind_20260828_dev_0001559,flash_sale,,flash_standard,0
blind_20260828_dev_0001560,flash_sale,,flash_standard,0
blind_20260828_dev_0001561,flash_sale,,flash_standard,0
blind_20260828_dev_0001562,flash_sale,,flash_standard,0
blind_20260828_dev_0001563,flash_sale,,flash_standard,0
blind_20260828_dev_0001564,flash_sale,,flash_standard,0
blind_20260828_dev_0001565,flash_sale,,flash_standard,0
blind_20260828_dev_0001566,flash_sale,,flash_standard,0
blind_20260828_dev_0001567,flash_sale,,flash_standard,0
blind_20260828_dev_0001568,flash_sale,,flash_standard,0
blind_20260828_dev_0001569,flash_sale,,flash_standard,0
blind_20260828_dev_0001570,flash_sale,,flash_standard,0
blind_20260828_dev_0001571,flash_sale,,flash_standard,0
blind_20260828_dev_0001572,flash_sale,,flash_standard,0
blind_20260828_dev_0001573,flash_sale,,flash_standard,0
blind_20260828_dev_0001574,flash_sale,,flash_standard,0
blind_20260828_dev_0001575,flash_sale,,flash_standard,0
blind_20260828_dev_0001576,flash_sale,,flash_standard,0
blind_20260828_dev_0001577,flash_sale,,flash_standard,0
blind_20260828_dev_0001578,flash_sale,,flash_standard,0
blind_20260828_dev_0001579,flash_sale,,flash_standard,0
blind_20260828_dev_0001580,flash_sale,,flash_standard,0
blind_20260828_dev_0001581,flash_sale,,flash_standard,0
blind_20260828_dev_0001582,flash_sale,,flash_standard,0
blind_20260828_dev_0001583,flash_sale,,flash_standard,0
blind_20260828_dev_0001584,flash_sale,,flash_standard,0
blind_20260828_dev_0001585,flash_sale,,flash_standard,0
blind_20260828_dev_0001586,flash_sale,,flash_standard,0
blind_20260828_dev_0001587,flash_sale,,flash_standard,0
blind_20260828_dev_0001588,flash_sale,,flash_standard,0
blind_20260828_dev_0001589,flash_sale,,flash_standard,0
blind_20260828_dev_0001590,flash_sale,,flash_standard,0
blind_20260828_dev_0001591,flash_sale,,flash_standard,0
blind_20260828_dev_0001592,flash_sale,,flash_standard,0
blind_20260828_dev_0001593,flash_sale,,flash_standard,0
blind_20260828_dev_0001594,flash_sale,,flash_standard,0
blind_20260828_dev_0001595,flash_sale,,flash_standard,0
blind_20260828_dev_0001596,flash_sale,,flash_standard,0
blind_20260828_dev_0001597,flash_sale,,flash_standard,0
blind_20260828_dev_0001598,flash_sale,,flash_standard,0
blind_20260828_dev_0001599,flash_sale,,flash_standard,0
blind_20260828_dev_0001600,flash_sale,,flash_standard,0
blind_20260828_dev_0001601,flash_sale,,flash_hard_retry,0
blind_20260828_dev_0001602,flash_sale,,flash_hard_retry,0
blind_20260828_dev_0001603,flash_sale,,flash_hard_retry,0
blind_20260828_dev_0001604,flash_sale,,flash_hard_retry,0
blind_20260828_dev_0001605,flash_sale,,flash_hard_retry,0
blind_20260828_dev_0001606,flash_sale,,flash_hard_retry,0
blind_20260828_dev_0001607,flash_sale,,flash_hard_retry,0
blind_20260828_dev_0001608,flash_sale,,flash_hard_retry,0
blind_20260828_dev_0001609,flash_sale,,flash_hard_retry,0
blind_20260828_dev_0001610,flash_sale,,flash_hard_retry,0
blind_20260828_dev_0001611,flash_sale,,flash_hard_retry,0
blind_20260828_dev_0001612,flash_sale,,flash_hard_retry,0
blind_20260828_dev_0001613,flash_sale,,flash_hard_retry,0
blind_20260828_dev_0001614,flash_sale,,flash_hard_retry,0
blind_20260828_dev_0001615,flash_sale,,flash_hard_retry,0
blind_20260828_dev_0001616,flash_sale,,flash_hard_retry,0
blind_20260828_dev_0001617,flash_sale,,flash_hard_retry,0
blind_20260828_dev_0001618,flash_sale,,flash_hard_retry,0
blind_20260828_dev_0001619,flash_sale,,flash_hard_retry,0
blind_20260828_dev_0001620,flash_sale,,flash_hard_retry,0
blind_20260828_dev_0001621,flash_sale,,flash_hard_retry,0
blind_20260828_dev_0001622,flash_sale,,flash_hard_retry,0
blind_20260828_dev_0001623,flash_sale,,flash_hard_retry,0
blind_20260828_dev_0001624,flash_sale,,flash_hard_retry,0
blind_20260828_dev_0001625,flash_sale,,flash_hard_retry,0
blind_20260828_dev_0001626,flash_sale,,flash_hard_retry,0
blind_20260828_dev_0001627,flash_sale,,flash_hard_retry,0
blind_20260828_dev_0001628,flash_sale,,flash_hard_retry,0
blind_20260828_dev_0001629,flash_sale,,flash_hard_retry,0
blind_20260828_dev_0001630,flash_sale,,flash_hard_retry,0
blind_20260828_dev_0001631,flash_sale,,flash_hard_retry,0
blind_20260828_dev_0001632,flash_sale,,flash_hard_retry,0
blind_20260828_dev_0001633,flash_sale,,flash_hard_retry,0
blind_20260828_dev_0001634,flash_sale,,flash_hard_retry,0
blind_20260828_dev_0001635,flash_sale,,flash_hard_retry,0
blind_20260828_dev_0001636,flash_sale,,flash_hard_retry,0
blind_20260828_dev_0001637,flash_sale,,flash_hard_retry,0
blind_20260828_dev_0001638,flash_sale,,flash_hard_retry,0
blind_20260828_dev_0001639,flash_sale,,flash_hard_retry,0
blind_20260828_dev_0001640,flash_sale,,flash_hard_retry,0
blind_20260828_dev_0001641,flash_sale,,flash_hard_retry,0
blind_20260828_dev_0001642,flash_sale,,flash_hard_retry,0
blind_20260828_dev_0001643,flash_sale,,flash_hard_retry,0
blind_20260828_dev_0001644,flash_sale,,flash_hard_retry,0
blind_20260828_dev_0001645,flash_sale,,flash_hard_retry,0
blind_20260828_dev_0001646,flash_sale,,flash_hard_retry,0
blind_20260828_dev_0001647,flash_sale,,flash_hard_retry,0
blind_20260828_dev_0001648,flash_sale,,flash_hard_retry,0
blind_20260828_dev_0001649,flash_sale,,flash_hard_retry,0
blind_20260828_dev_0001650,flash_sale,,flash_hard_retry,0
blind_20260828_dev_0001651,flash_sale,,flash_hard_retry,0
blind_20260828_dev_0001652,flash_sale,,flash_hard_retry,0
blind_20260828_dev_0001653,flash_sale,,flash_hard_retry,0
blind_20260828_dev_0001654,flash_sale,,flash_hard_retry,0
blind_20260828_dev_0001655,flash_sale,,flash_hard_retry,0
blind_20260828_dev_0001656,flash_sale,,flash_hard_retry,0
blind_20260828_dev_0001657,flash_sale,,flash_hard_retry,0
blind_20260828_dev_0001658,flash_sale,,flash_hard_retry,0
blind_20260828_dev_0001659,flash_sale,,flash_hard_retry,0
blind_20260828_dev_0001660,flash_sale,,flash_hard_retry,0
blind_20260828_dev_0001661,flash_sale,,flash_hard_retry,0
blind_20260828_dev_0001662,flash_sale,,flash_hard_retry,0
blind_20260828_dev_0001663,flash_sale,,flash_hard_retry,0
blind_20260828_dev_0001664,flash_sale,,flash_hard_retry,0
blind_20260828_dev_0001665,flash_sale,,flash_hard_retry,0
blind_20260828_dev_0001666,flash_sale,,flash_hard_retry,0
blind_20260828_dev_0001667,flash_sale,,flash_hard_retry,0
blind_20260828_dev_0001668,flash_sale,,flash_hard_retry,0
blind_20260828_dev_0001669,flash_sale,,flash_hard_retry,0
blind_20260828_dev_0001670,flash_sale,,flash_hard_retry,0
blind_20260828_dev_0001671,flash_sale,,flash_hard_retry,0
blind_20260828_dev_0001672,flash_sale,,flash_hard_retry,0
blind_20260828_dev_0001673,flash_sale,,flash_hard_retry,0
blind_20260828_dev_0001674,flash_sale,,flash_hard_retry,0
blind_20260828_dev_0001675,flash_sale,,flash_hard_retry,0
blind_20260828_dev_0001676,flash_sale,,flash_hard_retry,0
blind_20260828_dev_0001677,flash_sale,,flash_hard_retry,0
blind_20260828_dev_0001678,flash_sale,,flash_hard_retry,0
blind_20260828_dev_0001679,flash_sale,,flash_hard_retry,0
blind_20260828_dev_0001680,flash_sale,,flash_hard_retry,0
blind_20260828_dev_0001681,flash_sale,,flash_hard_retry,0
blind_20260828_dev_0001682,flash_sale,,flash_hard_retry,0
blind_20260828_dev_0001683,flash_sale,,flash_hard_retry,0
blind_20260828_dev_0001684,flash_sale,,flash_hard_retry,0
blind_20260828_dev_0001685,flash_sale,,flash_hard_retry,0
blind_20260828_dev_0001686,flash_sale,,flash_hard_retry,0
blind_20260828_dev_0001687,flash_sale,,flash_hard_retry,0
blind_20260828_dev_0001688,flash_sale,,flash_hard_retry,0
blind_20260828_dev_0001689,flash_sale,,flash_hard_retry,0
blind_20260828_dev_0001690,flash_sale,,flash_hard_retry,0
blind_20260828_dev_0001691,flash_sale,,flash_hard_retry,0
blind_20260828_dev_0001692,flash_sale,,flash_hard_retry,0
blind_20260828_dev_0001693,flash_sale,,flash_hard_retry,0
blind_20260828_dev_0001694,flash_sale,,flash_hard_retry,0
blind_20260828_dev_0001695,flash_sale,,flash_hard_retry,0
blind_20260828_dev_0001696,flash_sale,,flash_hard_retry,0
blind_20260828_dev_0001697,flash_sale,,flash_hard_retry,0
blind_20260828_dev_0001698,flash_sale,,flash_hard_retry,0
blind_20260828_dev_0001699,flash_sale,,flash_hard_retry,0
blind_20260828_dev_0001700,flash_sale,,flash_hard_retry,0
blind_20260828_dev_0001701,attack,burst,attack_burst,1
blind_20260828_dev_0001702,attack,burst,attack_burst,1
blind_20260828_dev_0001703,attack,burst,attack_burst,1
blind_20260828_dev_0001704,attack,burst,attack_burst,1
blind_20260828_dev_0001705,attack,burst,attack_burst,1
blind_20260828_dev_0001706,attack,burst,attack_burst,1
blind_20260828_dev_0001707,attack,burst,attack_burst,1
blind_20260828_dev_0001708,attack,burst,attack_burst,1
blind_20260828_dev_0001709,attack,burst,attack_burst,1
blind_20260828_dev_0001710,attack,burst,attack_burst,1
blind_20260828_dev_0001711,attack,burst,attack_burst,1
blind_20260828_dev_0001712,attack,burst,attack_burst,1
blind_20260828_dev_0001713,attack,burst,attack_burst,1
blind_20260828_dev_0001714,attack,burst,attack_burst,1
blind_20260828_dev_0001715,attack,burst,attack_burst,1
blind_20260828_dev_0001716,attack,burst,attack_burst,1
blind_20260828_dev_0001717,attack,burst,attack_burst,1
blind_20260828_dev_0001718,attack,burst,attack_burst,1
blind_20260828_dev_0001719,attack,burst,attack_burst,1
blind_20260828_dev_0001720,attack,burst,attack_burst,1
blind_20260828_dev_0001721,attack,burst,attack_burst,1
blind_20260828_dev_0001722,attack,burst,attack_burst,1
blind_20260828_dev_0001723,attack,burst,attack_burst,1
blind_20260828_dev_0001724,attack,burst,attack_burst,1
blind_20260828_dev_0001725,attack,burst,attack_burst,1
blind_20260828_dev_0001726,attack,burst,attack_burst,1
blind_20260828_dev_0001727,attack,burst,attack_burst,1
blind_20260828_dev_0001728,attack,burst,attack_burst,1
blind_20260828_dev_0001729,attack,burst,attack_burst,1
blind_20260828_dev_0001730,attack,burst,attack_burst,1
blind_20260828_dev_0001731,attack,burst,attack_burst,1
blind_20260828_dev_0001732,attack,burst,attack_burst,1
blind_20260828_dev_0001733,attack,burst,attack_burst,1
blind_20260828_dev_0001734,attack,burst,attack_burst,1
blind_20260828_dev_0001735,attack,burst,attack_burst,1
blind_20260828_dev_0001736,attack,burst,attack_burst,1
blind_20260828_dev_0001737,attack,burst,attack_burst,1
blind_20260828_dev_0001738,attack,burst,attack_burst,1
blind_20260828_dev_0001739,attack,burst,attack_burst,1
blind_20260828_dev_0001740,attack,burst,attack_burst,1
blind_20260828_dev_0001741,attack,burst,attack_burst,1
blind_20260828_dev_0001742,attack,burst,attack_burst,1
blind_20260828_dev_0001743,attack,burst,attack_burst,1
blind_20260828_dev_0001744,attack,burst,attack_burst,1
blind_20260828_dev_0001745,attack,burst,attack_burst,1
blind_20260828_dev_0001746,attack,burst,attack_burst,1
blind_20260828_dev_0001747,attack,burst,attack_burst,1
blind_20260828_dev_0001748,attack,burst,attack_burst,1
blind_20260828_dev_0001749,attack,burst,attack_burst,1
blind_20260828_dev_0001750,attack,burst,attack_burst,1
blind_20260828_dev_0001751,attack,burst,attack_burst,1
blind_20260828_dev_0001752,attack,burst,attack_burst,1
blind_20260828_dev_0001753,attack,burst,attack_burst,1
blind_20260828_dev_0001754,attack,burst,attack_burst,1
blind_20260828_dev_0001755,attack,burst,attack_burst,1
blind_20260828_dev_0001756,attack,burst,attack_burst,1
blind_20260828_dev_0001757,attack,burst,attack_burst,1
blind_20260828_dev_0001758,attack,burst,attack_burst,1
blind_20260828_dev_0001759,attack,burst,attack_burst,1
blind_20260828_dev_0001760,attack,burst,attack_burst,1
blind_20260828_dev_0001761,attack,burst,attack_burst,1
blind_20260828_dev_0001762,attack,burst,attack_burst,1
blind_20260828_dev_0001763,attack,burst,attack_burst,1
blind_20260828_dev_0001764,attack,burst,attack_burst,1
blind_20260828_dev_0001765,attack,burst,attack_burst,1
blind_20260828_dev_0001766,attack,burst,attack_burst,1
blind_20260828_dev_0001767,attack,burst,attack_burst,1
blind_20260828_dev_0001768,attack,burst,attack_burst,1
blind_20260828_dev_0001769,attack,burst,attack_burst,1
blind_20260828_dev_0001770,attack,burst,attack_burst,1
blind_20260828_dev_0001771,attack,burst,attack_burst,1
blind_20260828_dev_0001772,attack,burst,attack_burst,1
blind_20260828_dev_0001773,attack,burst,attack_burst,1
blind_20260828_dev_0001774,attack,burst,attack_burst,1
blind_20260828_dev_0001775,attack,burst,attack_burst,1
blind_20260828_dev_0001776,attack,burst,attack_burst,1
blind_20260828_dev_0001777,attack,burst,attack_burst,1
blind_20260828_dev_0001778,attack,burst,attack_burst,1
blind_20260828_dev_0001779,attack,burst,attack_burst,1
blind_20260828_dev_0001780,attack,burst,attack_burst,1
blind_20260828_dev_0001781,attack,burst,attack_burst,1
blind_20260828_dev_0001782,attack,burst,attack_burst,1
blind_20260828_dev_0001783,attack,burst,attack_burst,1
blind_20260828_dev_0001784,attack,burst,attack_burst,1
blind_20260828_dev_0001785,attack,burst,attack_burst,1
blind_20260828_dev_0001786,attack,burst,attack_burst,1
blind_20260828_dev_0001787,attack,burst,attack_burst,1
blind_20260828_dev_0001788,attack,burst,attack_burst,1
blind_20260828_dev_0001789,attack,burst,attack_burst,1
blind_20260828_dev_0001790,attack,burst,attack_burst,1
blind_20260828_dev_0001791,attack,burst,attack_burst,1
blind_20260828_dev_0001792,attack,burst,attack_burst,1
blind_20260828_dev_0001793,attack,burst,attack_burst,1
blind_20260828_dev_0001794,attack,burst,attack_burst,1
blind_20260828_dev_0001795,attack,burst,attack_burst,1
blind_20260828_dev_0001796,attack,burst,attack_burst,1
blind_20260828_dev_0001797,attack,burst,attack_burst,1
blind_20260828_dev_0001798,attack,burst,attack_burst,1
blind_20260828_dev_0001799,attack,burst,attack_burst,1
blind_20260828_dev_0001800,attack,burst,attack_burst,1
blind_20260828_dev_0001801,attack,burst,attack_burst,1
blind_20260828_dev_0001802,attack,burst,attack_burst,1
blind_20260828_dev_0001803,attack,burst,attack_burst,1
blind_20260828_dev_0001804,attack,burst,attack_burst,1
blind_20260828_dev_0001805,attack,burst,attack_burst,1
blind_20260828_dev_0001806,attack,burst,attack_burst,1
blind_20260828_dev_0001807,attack,burst,attack_burst,1
blind_20260828_dev_0001808,attack,burst,attack_burst,1
blind_20260828_dev_0001809,attack,burst,attack_burst,1
blind_20260828_dev_0001810,attack,burst,attack_burst,1
blind_20260828_dev_0001811,attack,burst,attack_burst,1
blind_20260828_dev_0001812,attack,burst,attack_burst,1
blind_20260828_dev_0001813,attack,burst,attack_burst,1
blind_20260828_dev_0001814,attack,burst,attack_burst,1
blind_20260828_dev_0001815,attack,burst,attack_burst,1
blind_20260828_dev_0001816,attack,burst,attack_burst,1
blind_20260828_dev_0001817,attack,burst,attack_burst,1
blind_20260828_dev_0001818,attack,burst,attack_burst,1
blind_20260828_dev_0001819,attack,burst,attack_burst,1
blind_20260828_dev_0001820,attack,burst,attack_burst,1
blind_20260828_dev_0001821,attack,evasive,attack_evasive,1
blind_20260828_dev_0001822,attack,evasive,attack_evasive,1
blind_20260828_dev_0001823,attack,evasive,attack_evasive,1
blind_20260828_dev_0001824,attack,evasive,attack_evasive,1
blind_20260828_dev_0001825,attack,evasive,attack_evasive,1
blind_20260828_dev_0001826,attack,evasive,attack_evasive,1
blind_20260828_dev_0001827,attack,evasive,attack_evasive,1
blind_20260828_dev_0001828,attack,evasive,attack_evasive,1
blind_20260828_dev_0001829,attack,evasive,attack_evasive,1
blind_20260828_dev_0001830,attack,evasive,attack_evasive,1
blind_20260828_dev_0001831,attack,evasive,attack_evasive,1
blind_20260828_dev_0001832,attack,evasive,attack_evasive,1
blind_20260828_dev_0001833,attack,evasive,attack_evasive,1
blind_20260828_dev_0001834,attack,evasive,attack_evasive,1
blind_20260828_dev_0001835,attack,evasive,attack_evasive,1
blind_20260828_dev_0001836,attack,evasive,attack_evasive,1
blind_20260828_dev_0001837,attack,evasive,attack_evasive,1
blind_20260828_dev_0001838,attack,evasive,attack_evasive,1
blind_20260828_dev_0001839,attack,evasive,attack_evasive,1
blind_20260828_dev_0001840,attack,evasive,attack_evasive,1
blind_20260828_dev_0001841,attack,evasive,attack_evasive,1
blind_20260828_dev_0001842,attack,evasive,attack_evasive,1
blind_20260828_dev_0001843,attack,evasive,attack_evasive,1
blind_20260828_dev_0001844,attack,evasive,attack_evasive,1
blind_20260828_dev_0001845,attack,evasive,attack_evasive,1
blind_20260828_dev_0001846,attack,evasive,attack_evasive,1
blind_20260828_dev_0001847,attack,evasive,attack_evasive,1
blind_20260828_dev_0001848,attack,evasive,attack_evasive,1
blind_20260828_dev_0001849,attack,evasive,attack_evasive,1
blind_20260828_dev_0001850,attack,evasive,attack_evasive,1
blind_20260828_dev_0001851,attack,evasive,attack_evasive,1
blind_20260828_dev_0001852,attack,evasive,attack_evasive,1
blind_20260828_dev_0001853,attack,evasive,attack_evasive,1
blind_20260828_dev_0001854,attack,evasive,attack_evasive,1
blind_20260828_dev_0001855,attack,evasive,attack_evasive,1
blind_20260828_dev_0001856,attack,evasive,attack_evasive,1
blind_20260828_dev_0001857,attack,evasive,attack_evasive,1
blind_20260828_dev_0001858,attack,evasive,attack_evasive,1
blind_20260828_dev_0001859,attack,evasive,attack_evasive,1
blind_20260828_dev_0001860,attack,evasive,attack_evasive,1
blind_20260828_dev_0001861,attack,evasive,attack_evasive,1
blind_20260828_dev_0001862,attack,evasive,attack_evasive,1
blind_20260828_dev_0001863,attack,evasive,attack_evasive,1
blind_20260828_dev_0001864,attack,evasive,attack_evasive,1
blind_20260828_dev_0001865,attack,evasive,attack_evasive,1
blind_20260828_dev_0001866,attack,evasive,attack_evasive,1
blind_20260828_dev_0001867,attack,evasive,attack_evasive,1
blind_20260828_dev_0001868,attack,evasive,attack_evasive,1
blind_20260828_dev_0001869,attack,evasive,attack_evasive,1
blind_20260828_dev_0001870,attack,evasive,attack_evasive,1
blind_20260828_dev_0001871,attack,evasive,attack_evasive,1
blind_20260828_dev_0001872,attack,evasive,attack_evasive,1
blind_20260828_dev_0001873,attack,evasive,attack_evasive,1
blind_20260828_dev_0001874,attack,evasive,attack_evasive,1
blind_20260828_dev_0001875,attack,evasive,attack_evasive,1
blind_20260828_dev_0001876,attack,evasive,attack_evasive,1
blind_20260828_dev_0001877,attack,evasive,attack_evasive,1
blind_20260828_dev_0001878,attack,evasive,attack_evasive,1
blind_20260828_dev_0001879,attack,evasive,attack_evasive,1
blind_20260828_dev_0001880,attack,evasive,attack_evasive,1
blind_20260828_dev_0001881,attack,evasive,attack_evasive,1
blind_20260828_dev_0001882,attack,evasive,attack_evasive,1
blind_20260828_dev_0001883,attack,evasive,attack_evasive,1
blind_20260828_dev_0001884,attack,evasive,attack_evasive,1
blind_20260828_dev_0001885,attack,evasive,attack_evasive,1
blind_20260828_dev_0001886,attack,evasive,attack_evasive,1
blind_20260828_dev_0001887,attack,evasive,attack_evasive,1
blind_20260828_dev_0001888,attack,evasive,attack_evasive,1
blind_20260828_dev_0001889,attack,evasive,attack_evasive,1
blind_20260828_dev_0001890,attack,evasive,attack_evasive,1
blind_20260828_dev_0001891,attack,evasive,attack_evasive,1
blind_20260828_dev_0001892,attack,evasive,attack_evasive,1
blind_20260828_dev_0001893,attack,evasive,attack_evasive,1
blind_20260828_dev_0001894,attack,evasive,attack_evasive,1
blind_20260828_dev_0001895,attack,evasive,attack_evasive,1
blind_20260828_dev_0001896,attack,evasive,attack_evasive,1
blind_20260828_dev_0001897,attack,evasive,attack_evasive,1
blind_20260828_dev_0001898,attack,evasive,attack_evasive,1
blind_20260828_dev_0001899,attack,evasive,attack_evasive,1
blind_20260828_dev_0001900,attack,evasive,attack_evasive,1
blind_20260828_dev_0001901,attack,evasive,attack_evasive,1
blind_20260828_dev_0001902,attack,evasive,attack_evasive,1
blind_20260828_dev_0001903,attack,evasive,attack_evasive,1
blind_20260828_dev_0001904,attack,evasive,attack_evasive,1
blind_20260828_dev_0001905,attack,evasive,attack_evasive,1
blind_20260828_dev_0001906,attack,evasive,attack_evasive,1
blind_20260828_dev_0001907,attack,evasive,attack_evasive,1
blind_20260828_dev_0001908,attack,evasive,attack_evasive,1
blind_20260828_dev_0001909,attack,evasive,attack_evasive,1
blind_20260828_dev_0001910,attack,evasive,attack_evasive,1
blind_20260828_dev_0001911,attack,patient,attack_patient,1
blind_20260828_dev_0001912,attack,patient,attack_patient,1
blind_20260828_dev_0001913,attack,patient,attack_patient,1
blind_20260828_dev_0001914,attack,patient,attack_patient,1
blind_20260828_dev_0001915,attack,patient,attack_patient,1
blind_20260828_dev_0001916,attack,patient,attack_patient,1
blind_20260828_dev_0001917,attack,patient,attack_patient,1
blind_20260828_dev_0001918,attack,patient,attack_patient,1
blind_20260828_dev_0001919,attack,patient,attack_patient,1
blind_20260828_dev_0001920,attack,patient,attack_patient,1
blind_20260828_dev_0001921,attack,patient,attack_patient,1
blind_20260828_dev_0001922,attack,patient,attack_patient,1
blind_20260828_dev_0001923,attack,patient,attack_patient,1
blind_20260828_dev_0001924,attack,patient,attack_patient,1
blind_20260828_dev_0001925,attack,patient,attack_patient,1
blind_20260828_dev_0001926,attack,patient,attack_patient,1
blind_20260828_dev_0001927,attack,patient,attack_patient,1
blind_20260828_dev_0001928,attack,patient,attack_patient,1
blind_20260828_dev_0001929,attack,patient,attack_patient,1
blind_20260828_dev_0001930,attack,patient,attack_patient,1
blind_20260828_dev_0001931,attack,patient,attack_patient,1
blind_20260828_dev_0001932,attack,patient,attack_patient,1
blind_20260828_dev_0001933,attack,patient,attack_patient,1
blind_20260828_dev_0001934,attack,patient,attack_patient,1
blind_20260828_dev_0001935,attack,patient,attack_patient,1
blind_20260828_dev_0001936,attack,patient,attack_patient,1
blind_20260828_dev_0001937,attack,patient,attack_patient,1
blind_20260828_dev_0001938,attack,patient,attack_patient,1
blind_20260828_dev_0001939,attack,patient,attack_patient,1
blind_20260828_dev_0001940,attack,patient,attack_patient,1
blind_20260828_dev_0001941,attack,patient,attack_patient,1
blind_20260828_dev_0001942,attack,patient,attack_patient,1
blind_20260828_dev_0001943,attack,patient,attack_patient,1
blind_20260828_dev_0001944,attack,patient,attack_patient,1
blind_20260828_dev_0001945,attack,patient,attack_patient,1
blind_20260828_dev_0001946,attack,patient,attack_patient,1
blind_20260828_dev_0001947,attack,patient,attack_patient,1
blind_20260828_dev_0001948,attack,patient,attack_patient,1
blind_20260828_dev_0001949,attack,patient,attack_patient,1
blind_20260828_dev_0001950,attack,patient,attack_patient,1
blind_20260828_dev_0001951,attack,patient,attack_patient,1
blind_20260828_dev_0001952,attack,patient,attack_patient,1
blind_20260828_dev_0001953,attack,patient,attack_patient,1
blind_20260828_dev_0001954,attack,patient,attack_patient,1
blind_20260828_dev_0001955,attack,patient,attack_patient,1
blind_20260828_dev_0001956,attack,patient,attack_patient,1
blind_20260828_dev_0001957,attack,patient,attack_patient,1
blind_20260828_dev_0001958,attack,patient,attack_patient,1
blind_20260828_dev_0001959,attack,patient,attack_patient,1
blind_20260828_dev_0001960,attack,patient,attack_patient,1
blind_20260828_dev_0001961,attack,patient,attack_patient,1
blind_20260828_dev_0001962,attack,patient,attack_patient,1
blind_20260828_dev_0001963,attack,patient,attack_patient,1
blind_20260828_dev_0001964,attack,patient,attack_patient,1
blind_20260828_dev_0001965,attack,patient,attack_patient,1
blind_20260828_dev_0001966,attack,patient,attack_patient,1
blind_20260828_dev_0001967,attack,patient,attack_patient,1
blind_20260828_dev_0001968,attack,patient,attack_patient,1
blind_20260828_dev_0001969,attack,patient,attack_patient,1
blind_20260828_dev_0001970,attack,patient,attack_patient,1
blind_20260828_dev_0001971,attack,patient,attack_patient,1
blind_20260828_dev_0001972,attack,patient,attack_patient,1
blind_20260828_dev_0001973,attack,patient,attack_patient,1
blind_20260828_dev_0001974,attack,patient,attack_patient,1
blind_20260828_dev_0001975,attack,patient,attack_patient,1
blind_20260828_dev_0001976,attack,patient,attack_patient,1
blind_20260828_dev_0001977,attack,patient,attack_patient,1
blind_20260828_dev_0001978,attack,patient,attack_patient,1
blind_20260828_dev_0001979,attack,patient,attack_patient,1
blind_20260828_dev_0001980,attack,patient,attack_patient,1
blind_20260828_dev_0001981,attack,patient,attack_patient,1
blind_20260828_dev_0001982,attack,patient,attack_patient,1
blind_20260828_dev_0001983,attack,patient,attack_patient,1
blind_20260828_dev_0001984,attack,patient,attack_patient,1
blind_20260828_dev_0001985,attack,patient,attack_patient,1
blind_20260828_dev_0001986,attack,patient,attack_patient,1
blind_20260828_dev_0001987,attack,patient,attack_patient,1
blind_20260828_dev_0001988,attack,patient,attack_patient,1
blind_20260828_dev_0001989,attack,patient,attack_patient,1
blind_20260828_dev_0001990,attack,patient,attack_patient,1
blind_20260828_dev_0001991,attack,patient,attack_patient,1
blind_20260828_dev_0001992,attack,patient,attack_patient,1
blind_20260828_dev_0001993,attack,patient,attack_patient,1
blind_20260828_dev_0001994,attack,patient,attack_patient,1
blind_20260828_dev_0001995,attack,patient,attack_patient,1
blind_20260828_dev_0001996,attack,patient,attack_patient,1
blind_20260828_dev_0001997,attack,patient,attack_patient,1
blind_20260828_dev_0001998,attack,patient,attack_patient,1
blind_20260828_dev_0001999,attack,patient,attack_patient,1
blind_20260828_dev_0002000,attack,patient,attack_patient,1
