device_id,label,population,attack_subtype,scenario_tag,request_index,first_request_time,review_or_higher,blocked,first_action,first_review_or_higher_request,first_block_request,requests_scored_through_first_action,authorizations_processed_before_first_action,distinct_cards_requested_through_first_action,distinct_cards_processed_before_first_action,seconds_to_first_review,seconds_to_first_block,potentially_preventable_later_requests_upper_bound,fold
dev_0000002,0,normal,,normal_standard,1,2026-01-21 14:19:42+00:00,False,False,never,,,1,1,,,,,0,0
dev_0000003,0,normal,,normal_standard,1,2026-01-20 15:49:24+00:00,False,False,never,,,1,1,,,,,0,2
dev_0000006,0,normal,,normal_standard,1,2026-01-09 09:36:27+00:00,False,False,never,,,1,1,,,,,0,1
dev_0000007,0,normal,,normal_standard,1,2026-01-17 20:05:42+00:00,False,False,never,,,1,1,,,,,0,0
dev_0000008,0,normal,,normal_standard,2,2026-01-06 22:43:45+00:00,False,False,never,,,2,2,,,,,0,4
dev_0000009,0,normal,,normal_standard,2,2026-01-19 18:05:43+00:00,False,False,never,,,2,2,,,,,0,1
dev_0000012,0,normal,,normal_standard,1,2026-01-15 23:01:03+00:00,False,False,never,,,1,1,,,,,0,2
dev_0000013,0,normal,,normal_standard,1,2026-01-24 12:04:37+00:00,False,False,never,,,1,1,,,,,0,1
dev_0000014,0,normal,,normal_standard,1,2026-01-04 18:54:38+00:00,False,False,never,,,1,1,,,,,0,0
dev_0000015,0,normal,,normal_standard,1,2026-01-05 08:05:00+00:00,False,False,never,,,1,1,,,,,0,2
dev_0000016,0,normal,,normal_standard,1,2026-01-17 14:01:48+00:00,False,False,never,,,1,1,,,,,0,0
dev_0000017,0,normal,,normal_standard,1,2026-01-26 20:00:19+00:00,False,False,never,,,1,1,,,,,0,3
dev_0000018,0,normal,,normal_standard,2,2026-01-01 16:01:10+00:00,False,False,never,,,2,2,,,,,0,4
dev_0000019,0,normal,,normal_standard,1,2026-01-21 13:25:21+00:00,False,False,never,,,1,1,,,,,0,0
dev_0000020,0,normal,,normal_standard,1,2026-01-29 00:53:41+00:00,False,False,never,,,1,1,,,,,0,4
dev_0000021,0,normal,,normal_standard,1,2026-01-29 17:02:48+00:00,False,False,never,,,1,1,,,,,0,0
dev_0000022,0,normal,,normal_standard,1,2026-01-28 02:44:45+00:00,False,False,never,,,1,1,,,,,0,3
dev_0000023,0,normal,,normal_standard,2,2026-01-28 01:29:58+00:00,False,False,never,,,2,2,,,,,0,4
dev_0000024,0,normal,,normal_standard,1,2026-01-15 04:31:32+00:00,False,False,never,,,1,1,,,,,0,2
dev_0000026,0,normal,,normal_standard,1,2026-01-15 08:44:57+00:00,False,False,never,,,1,1,,,,,0,4
dev_0000027,0,normal,,normal_standard,1,2026-01-05 17:07:58+00:00,False,False,never,,,1,1,,,,,0,2
dev_0000029,0,normal,,normal_standard,1,2026-01-10 19:38:59+00:00,False,False,never,,,1,1,,,,,0,2
dev_0000030,0,normal,,normal_standard,1,2026-01-30 16:23:07+00:00,False,False,never,,,1,1,,,,,0,0
dev_0000031,0,normal,,normal_standard,1,2026-01-01 15:06:08+00:00,False,False,never,,,1,1,,,,,0,3
dev_0000033,0,normal,,normal_standard,1,2026-01-15 09:59:38+00:00,False,False,never,,,1,1,,,,,0,1
dev_0000035,0,normal,,normal_standard,1,2026-01-20 06:50:32+00:00,False,False,never,,,1,1,,,,,0,0
dev_0000036,0,normal,,normal_standard,1,2026-01-22 17:44:02+00:00,False,False,never,,,1,1,,,,,0,1
dev_0000037,0,normal,,normal_standard,1,2026-01-03 06:31:20+00:00,False,False,never,,,1,1,,,,,0,1
dev_0000039,0,normal,,normal_standard,1,2026-01-05 19:26:39+00:00,False,False,never,,,1,1,,,,,0,3
dev_0000041,0,normal,,normal_standard,1,2026-01-16 20:27:04+00:00,False,False,never,,,1,1,,,,,0,1
dev_0000042,0,normal,,normal_standard,1,2026-01-17 21:17:43+00:00,False,False,never,,,1,1,,,,,0,2
dev_0000043,0,normal,,normal_standard,1,2026-01-11 08:08:37+00:00,False,False,never,,,1,1,,,,,0,2
dev_0000044,0,normal,,normal_standard,1,2026-01-15 14:49:37+00:00,False,False,never,,,1,1,,,,,0,1
dev_0000046,0,normal,,normal_standard,1,2026-01-28 07:49:30+00:00,False,False,never,,,1,1,,,,,0,1
dev_0000048,0,normal,,normal_standard,2,2026-01-26 21:10:41+00:00,False,False,never,,,2,2,,,,,0,3
dev_0000049,0,normal,,normal_standard,2,2026-01-25 06:22:07+00:00,False,False,never,,,2,2,,,,,0,4
dev_0000050,0,normal,,normal_standard,1,2026-01-04 15:03:52+00:00,False,False,never,,,1,1,,,,,0,3
dev_0000051,0,normal,,normal_standard,1,2026-01-07 16:20:37+00:00,False,False,never,,,1,1,,,,,0,2
dev_0000052,0,normal,,normal_standard,1,2026-01-15 09:08:59+00:00,False,False,never,,,1,1,,,,,0,0
dev_0000053,0,normal,,normal_standard,1,2026-01-03 23:48:36+00:00,False,False,never,,,1,1,,,,,0,3
dev_0000055,0,normal,,normal_standard,1,2026-01-28 22:04:51+00:00,False,False,never,,,1,1,,,,,0,3
dev_0000056,0,normal,,normal_standard,1,2026-01-05 12:27:43+00:00,False,False,never,,,1,1,,,,,0,4
dev_0000057,0,normal,,normal_standard,2,2026-01-11 01:05:10+00:00,False,False,never,,,2,2,,,,,0,2
dev_0000058,0,normal,,normal_standard,1,2026-01-10 22:08:12+00:00,False,False,never,,,1,1,,,,,0,3
dev_0000059,0,normal,,normal_standard,1,2026-01-28 05:12:34+00:00,False,False,never,,,1,1,,,,,0,1
dev_0000060,0,normal,,normal_standard,1,2026-01-18 16:25:17+00:00,False,False,never,,,1,1,,,,,0,0
dev_0000062,0,normal,,normal_standard,1,2026-01-27 14:21:33+00:00,False,False,never,,,1,1,,,,,0,1
dev_0000063,0,normal,,normal_standard,1,2026-01-28 05:57:34+00:00,False,False,never,,,1,1,,,,,0,0
dev_0000065,0,normal,,normal_standard,1,2026-01-14 21:21:43+00:00,False,False,never,,,1,1,,,,,0,0
dev_0000066,0,normal,,normal_standard,1,2026-01-11 06:36:38+00:00,False,False,never,,,1,1,,,,,0,2
dev_0000067,0,normal,,normal_standard,1,2026-01-20 13:46:34+00:00,False,False,never,,,1,1,,,,,0,3
dev_0000068,0,normal,,normal_standard,1,2026-01-12 01:49:45+00:00,False,False,never,,,1,1,,,,,0,0
dev_0000069,0,normal,,normal_standard,5,2026-01-27 02:58:22+00:00,False,False,never,,,5,5,,,,,0,1
dev_0000071,0,normal,,normal_standard,1,2026-01-29 11:39:51+00:00,False,False,never,,,1,1,,,,,0,0
dev_0000072,0,normal,,normal_standard,1,2026-01-28 10:28:38+00:00,False,False,never,,,1,1,,,,,0,0
dev_0000073,0,normal,,normal_standard,2,2026-01-20 03:56:52+00:00,False,False,never,,,2,2,,,,,0,3
dev_0000074,0,normal,,normal_standard,1,2026-01-11 21:56:58+00:00,False,False,never,,,1,1,,,,,0,3
dev_0000075,0,normal,,normal_standard,1,2026-01-23 17:20:21+00:00,False,False,never,,,1,1,,,,,0,1
dev_0000076,0,normal,,normal_standard,1,2026-01-22 17:42:31+00:00,False,False,never,,,1,1,,,,,0,3
dev_0000077,0,normal,,normal_standard,1,2026-01-15 22:24:16+00:00,False,False,never,,,1,1,,,,,0,3
dev_0000079,0,normal,,normal_standard,1,2026-01-17 00:13:22+00:00,False,False,never,,,1,1,,,,,0,1
dev_0000080,0,normal,,normal_standard,3,2026-01-07 02:38:30+00:00,False,False,never,,,3,3,,,,,0,1
dev_0000083,0,normal,,normal_standard,1,2026-01-27 18:04:56+00:00,False,False,never,,,1,1,,,,,0,0
dev_0000084,0,normal,,normal_standard,2,2026-01-28 15:40:47+00:00,False,False,never,,,2,2,,,,,0,4
dev_0000085,0,normal,,normal_standard,1,2026-01-03 03:56:11+00:00,False,False,never,,,1,1,,,,,0,4
dev_0000086,0,normal,,normal_standard,1,2026-01-28 20:39:32+00:00,False,False,never,,,1,1,,,,,0,2
dev_0000087,0,normal,,normal_standard,2,2026-01-03 21:59:40+00:00,False,False,never,,,2,2,,,,,0,1
dev_0000088,0,normal,,normal_standard,1,2026-01-08 04:50:14+00:00,False,False,never,,,1,1,,,,,0,3
dev_0000090,0,normal,,normal_standard,2,2026-01-06 05:53:35+00:00,False,False,never,,,2,2,,,,,0,0
dev_0000091,0,normal,,normal_standard,1,2026-01-13 14:10:20+00:00,False,False,never,,,1,1,,,,,0,1
dev_0000092,0,normal,,normal_standard,2,2026-01-21 06:31:43+00:00,False,False,never,,,2,2,,,,,0,0
dev_0000093,0,normal,,normal_standard,2,2026-01-16 04:06:58+00:00,False,False,never,,,2,2,,,,,0,1
dev_0000094,0,normal,,normal_standard,1,2026-01-29 04:29:05+00:00,False,False,never,,,1,1,,,,,0,3
dev_0000095,0,normal,,normal_standard,3,2026-01-15 02:55:52+00:00,False,False,never,,,3,3,,,,,0,1
dev_0000096,0,normal,,normal_standard,1,2026-01-07 21:43:14+00:00,False,False,never,,,1,1,,,,,0,4
dev_0000097,0,normal,,normal_standard,1,2026-01-29 21:41:21+00:00,False,False,never,,,1,1,,,,,0,2
dev_0000100,0,normal,,normal_standard,1,2026-01-28 07:30:09+00:00,False,False,never,,,1,1,,,,,0,2
dev_0000102,0,normal,,normal_standard,1,2026-01-16 07:39:47+00:00,False,False,never,,,1,1,,,,,0,1
dev_0000103,0,normal,,normal_standard,1,2026-01-22 14:30:47+00:00,False,False,never,,,1,1,,,,,0,0
dev_0000104,0,normal,,normal_standard,1,2026-01-22 22:16:34+00:00,False,False,never,,,1,1,,,,,0,2
dev_0000105,0,normal,,normal_standard,1,2026-01-16 11:46:45+00:00,False,False,never,,,1,1,,,,,0,0
dev_0000107,0,normal,,normal_standard,1,2026-01-06 04:29:48+00:00,False,False,never,,,1,1,,,,,0,0
dev_0000108,0,normal,,normal_standard,1,2026-01-01 15:02:27+00:00,False,False,never,,,1,1,,,,,0,0
dev_0000109,0,normal,,normal_standard,1,2026-01-01 06:16:47+00:00,False,False,never,,,1,1,,,,,0,2
dev_0000111,0,normal,,normal_standard,1,2026-01-08 16:54:39+00:00,False,False,never,,,1,1,,,,,0,0
dev_0000112,0,normal,,normal_standard,2,2026-01-29 11:00:13+00:00,False,False,never,,,2,2,,,,,0,1
dev_0000113,0,normal,,normal_standard,1,2026-01-07 20:48:18+00:00,False,False,never,,,1,1,,,,,0,2
dev_0000115,0,normal,,normal_standard,1,2026-01-09 04:24:14+00:00,False,False,never,,,1,1,,,,,0,4
dev_0000116,0,normal,,normal_standard,1,2026-01-20 21:50:33+00:00,False,False,never,,,1,1,,,,,0,1
dev_0000117,0,normal,,normal_standard,1,2026-01-22 05:25:54+00:00,False,False,never,,,1,1,,,,,0,4
dev_0000118,0,normal,,normal_standard,1,2026-01-23 11:57:00+00:00,False,False,never,,,1,1,,,,,0,3
dev_0000119,0,normal,,normal_standard,1,2026-01-30 17:46:14+00:00,False,False,never,,,1,1,,,,,0,3
dev_0000121,0,normal,,normal_standard,1,2026-01-21 08:31:39+00:00,False,False,never,,,1,1,,,,,0,1
dev_0000122,0,normal,,normal_standard,1,2026-01-19 15:38:23+00:00,False,False,never,,,1,1,,,,,0,4
dev_0000123,0,normal,,normal_standard,2,2026-01-08 01:48:41+00:00,False,False,never,,,2,2,,,,,0,4
dev_0000124,0,normal,,normal_standard,1,2026-01-03 17:50:17+00:00,False,False,never,,,1,1,,,,,0,3
dev_0000126,0,normal,,normal_standard,1,2026-01-17 22:20:11+00:00,False,False,never,,,1,1,,,,,0,1
dev_0000127,0,normal,,normal_standard,1,2026-01-25 05:47:52+00:00,False,False,never,,,1,1,,,,,0,4
dev_0000128,0,normal,,normal_standard,2,2026-01-17 12:37:31+00:00,False,False,never,,,2,2,,,,,0,3
dev_0000129,0,normal,,normal_standard,1,2026-01-21 22:48:37+00:00,False,False,never,,,1,1,,,,,0,2
dev_0000130,0,normal,,normal_standard,1,2026-01-02 02:52:56+00:00,False,False,never,,,1,1,,,,,0,3
dev_0000132,0,normal,,normal_standard,1,2026-01-20 02:25:46+00:00,False,False,never,,,1,1,,,,,0,3
dev_0000133,0,normal,,normal_standard,2,2026-01-09 05:30:17+00:00,False,False,never,,,2,2,,,,,0,1
dev_0000134,0,normal,,normal_standard,1,2026-01-23 03:25:11+00:00,False,False,never,,,1,1,,,,,0,2
dev_0000135,0,normal,,normal_standard,1,2026-01-09 15:40:32+00:00,False,False,never,,,1,1,,,,,0,2
dev_0000140,0,normal,,normal_standard,2,2026-01-19 04:28:18+00:00,False,False,never,,,2,2,,,,,0,3
dev_0000141,0,normal,,normal_standard,1,2026-01-16 22:55:23+00:00,False,False,never,,,1,1,,,,,0,2
dev_0000142,0,normal,,normal_standard,1,2026-01-20 18:01:46+00:00,False,False,never,,,1,1,,,,,0,0
dev_0000143,0,normal,,normal_standard,1,2026-01-17 14:01:58+00:00,False,False,never,,,1,1,,,,,0,2
dev_0000144,0,normal,,normal_standard,1,2026-01-25 23:04:45+00:00,False,False,never,,,1,1,,,,,0,4
dev_0000145,0,normal,,normal_standard,1,2026-01-03 01:39:58+00:00,False,False,never,,,1,1,,,,,0,4
dev_0000146,0,normal,,normal_standard,1,2026-01-12 00:13:20+00:00,False,False,never,,,1,1,,,,,0,2
dev_0000147,0,normal,,normal_standard,1,2026-01-30 17:02:16+00:00,False,False,never,,,1,1,,,,,0,1
dev_0000148,0,normal,,normal_standard,2,2026-01-05 03:37:03+00:00,False,False,never,,,2,2,,,,,0,4
dev_0000149,0,normal,,normal_standard,1,2026-01-16 06:23:52+00:00,False,False,never,,,1,1,,,,,0,1
dev_0000150,0,normal,,normal_standard,2,2026-01-06 07:09:32+00:00,False,False,never,,,2,2,,,,,0,0
dev_0000151,0,normal,,normal_standard,2,2026-01-24 14:44:31+00:00,False,False,never,,,2,2,,,,,0,2
dev_0000153,0,normal,,normal_standard,1,2026-01-01 22:38:10+00:00,False,False,never,,,1,1,,,,,0,4
dev_0000154,0,normal,,normal_standard,1,2026-01-20 12:15:33+00:00,False,False,never,,,1,1,,,,,0,0
dev_0000155,0,normal,,normal_standard,2,2026-01-15 02:10:47+00:00,False,False,never,,,2,2,,,,,0,2
dev_0000156,0,normal,,normal_standard,1,2026-01-30 18:03:26+00:00,False,False,never,,,1,1,,,,,0,2
dev_0000157,0,normal,,normal_standard,1,2026-01-17 06:05:00+00:00,False,False,never,,,1,1,,,,,0,4
dev_0000158,0,normal,,normal_standard,3,2026-01-25 02:42:26+00:00,False,False,never,,,3,3,,,,,0,0
dev_0000159,0,normal,,normal_standard,3,2026-01-18 16:00:11+00:00,False,False,never,,,3,3,,,,,0,0
dev_0000160,0,normal,,normal_standard,1,2026-01-09 03:53:55+00:00,False,False,never,,,1,1,,,,,0,2
dev_0000161,0,normal,,normal_standard,1,2026-01-28 05:21:52+00:00,False,False,never,,,1,1,,,,,0,2
dev_0000162,0,normal,,normal_standard,1,2026-01-02 06:49:39+00:00,False,False,never,,,1,1,,,,,0,3
dev_0000164,0,normal,,normal_standard,1,2026-01-13 01:21:41+00:00,False,False,never,,,1,1,,,,,0,1
dev_0000165,0,normal,,normal_standard,1,2026-01-10 03:56:49+00:00,False,False,never,,,1,1,,,,,0,3
dev_0000166,0,normal,,normal_standard,1,2026-01-14 22:33:24+00:00,False,False,never,,,1,1,,,,,0,3
dev_0000167,0,normal,,normal_standard,1,2026-01-30 23:03:46+00:00,False,False,never,,,1,1,,,,,0,2
dev_0000168,0,normal,,normal_standard,1,2026-01-05 23:20:59+00:00,False,False,never,,,1,1,,,,,0,0
dev_0000169,0,normal,,normal_standard,2,2026-01-30 06:48:01+00:00,False,False,never,,,2,2,,,,,0,0
dev_0000170,0,normal,,normal_standard,1,2026-01-15 11:05:15+00:00,False,False,never,,,1,1,,,,,0,2
dev_0000171,0,normal,,normal_standard,1,2026-01-08 19:01:47+00:00,False,False,never,,,1,1,,,,,0,1
dev_0000172,0,normal,,normal_standard,1,2026-01-27 07:21:21+00:00,False,False,never,,,1,1,,,,,0,0
dev_0000173,0,normal,,normal_standard,1,2026-01-08 05:48:25+00:00,False,False,never,,,1,1,,,,,0,0
dev_0000174,0,normal,,normal_standard,1,2026-01-02 09:24:19+00:00,False,False,never,,,1,1,,,,,0,1
dev_0000175,0,normal,,normal_standard,1,2026-01-30 19:07:09+00:00,False,False,never,,,1,1,,,,,0,1
dev_0000176,0,normal,,normal_standard,3,2026-01-03 11:54:25+00:00,False,False,never,,,3,3,,,,,0,2
dev_0000178,0,normal,,normal_standard,1,2026-01-23 22:42:14+00:00,False,False,never,,,1,1,,,,,0,1
dev_0000179,0,normal,,normal_standard,1,2026-01-14 21:44:15+00:00,False,False,never,,,1,1,,,,,0,0
dev_0000180,0,normal,,normal_standard,1,2026-01-17 15:13:34+00:00,False,False,never,,,1,1,,,,,0,4
dev_0000181,0,normal,,normal_standard,1,2026-01-29 01:38:26+00:00,False,False,never,,,1,1,,,,,0,3
dev_0000182,0,normal,,normal_standard,1,2026-01-10 17:13:31+00:00,False,False,never,,,1,1,,,,,0,0
dev_0000183,0,normal,,normal_standard,1,2026-01-01 13:20:37+00:00,False,False,never,,,1,1,,,,,0,1
dev_0000184,0,normal,,normal_standard,1,2026-01-24 16:48:14+00:00,False,False,never,,,1,1,,,,,0,3
dev_0000185,0,normal,,normal_standard,1,2026-01-14 05:21:31+00:00,False,False,never,,,1,1,,,,,0,3
dev_0000186,0,normal,,normal_standard,1,2026-01-10 02:59:25+00:00,False,False,never,,,1,1,,,,,0,1
dev_0000187,0,normal,,normal_standard,1,2026-01-13 23:09:50+00:00,False,False,never,,,1,1,,,,,0,2
dev_0000188,0,normal,,normal_standard,1,2026-01-01 20:48:43+00:00,False,False,never,,,1,1,,,,,0,4
dev_0000189,0,normal,,normal_standard,1,2026-01-29 11:28:50+00:00,False,False,never,,,1,1,,,,,0,0
dev_0000191,0,normal,,normal_standard,1,2026-01-30 15:05:47+00:00,False,False,never,,,1,1,,,,,0,0
dev_0000192,0,normal,,normal_standard,2,2026-01-27 08:30:04+00:00,False,False,never,,,2,2,,,,,0,2
dev_0000193,0,normal,,normal_standard,1,2026-01-07 08:33:33+00:00,False,False,never,,,1,1,,,,,0,3
dev_0000194,0,normal,,normal_standard,1,2026-01-22 10:46:42+00:00,False,False,never,,,1,1,,,,,0,4
dev_0000195,0,normal,,normal_standard,1,2026-01-10 02:05:46+00:00,False,False,never,,,1,1,,,,,0,2
dev_0000196,0,normal,,normal_standard,1,2026-01-29 10:42:31+00:00,False,False,never,,,1,1,,,,,0,1
dev_0000197,0,normal,,normal_standard,1,2026-01-23 17:43:24+00:00,False,False,never,,,1,1,,,,,0,3
dev_0000198,0,normal,,normal_standard,1,2026-01-15 08:31:00+00:00,False,False,never,,,1,1,,,,,0,1
dev_0000200,0,normal,,normal_standard,1,2026-01-24 06:04:05+00:00,False,False,never,,,1,1,,,,,0,0
dev_0000201,0,normal,,normal_standard,1,2026-01-23 07:33:30+00:00,False,False,never,,,1,1,,,,,0,0
dev_0000202,0,normal,,normal_standard,1,2026-01-09 22:16:41+00:00,False,False,never,,,1,1,,,,,0,4
dev_0000203,0,normal,,normal_standard,1,2026-01-14 04:48:20+00:00,False,False,never,,,1,1,,,,,0,4
dev_0000205,0,normal,,normal_standard,3,2026-01-22 03:16:20+00:00,False,False,never,,,3,3,,,,,0,3
dev_0000206,0,normal,,normal_standard,1,2026-01-10 15:22:01+00:00,False,False,never,,,1,1,,,,,0,0
dev_0000207,0,normal,,normal_standard,1,2026-01-28 21:34:36+00:00,False,False,never,,,1,1,,,,,0,0
dev_0000208,0,normal,,normal_standard,1,2026-01-04 15:53:16+00:00,False,False,never,,,1,1,,,,,0,0
dev_0000209,0,normal,,normal_standard,2,2026-01-10 11:59:02+00:00,False,False,never,,,2,2,,,,,0,3
dev_0000210,0,normal,,normal_standard,4,2026-01-23 10:48:53+00:00,False,False,never,,,4,4,,,,,0,0
dev_0000211,0,normal,,normal_standard,2,2026-01-17 09:18:39+00:00,False,False,never,,,2,2,,,,,0,0
dev_0000212,0,normal,,normal_standard,2,2026-01-24 18:03:24+00:00,False,False,never,,,2,2,,,,,0,0
dev_0000213,0,normal,,normal_standard,1,2026-01-18 19:18:29+00:00,False,False,never,,,1,1,,,,,0,1
dev_0000214,0,normal,,normal_standard,2,2026-01-22 10:41:25+00:00,False,False,never,,,2,2,,,,,0,0
dev_0000215,0,normal,,normal_standard,2,2026-01-14 01:40:55+00:00,False,False,never,,,2,2,,,,,0,2
dev_0000216,0,normal,,normal_standard,1,2026-01-02 23:44:28+00:00,False,False,never,,,1,1,,,,,0,3
dev_0000217,0,normal,,normal_standard,1,2026-01-01 01:49:32+00:00,False,False,never,,,1,1,,,,,0,4
dev_0000218,0,normal,,normal_standard,1,2026-01-01 10:40:56+00:00,False,False,never,,,1,1,,,,,0,2
dev_0000219,0,normal,,normal_standard,1,2026-01-17 00:20:42+00:00,False,False,never,,,1,1,,,,,0,0
dev_0000220,0,normal,,normal_standard,2,2026-01-19 13:03:32+00:00,False,False,never,,,2,2,,,,,0,4
dev_0000222,0,normal,,normal_standard,1,2026-01-01 19:24:52+00:00,False,False,never,,,1,1,,,,,0,0
dev_0000223,0,normal,,normal_standard,2,2026-01-01 14:34:42+00:00,False,False,never,,,2,2,,,,,0,4
dev_0000224,0,normal,,normal_standard,1,2026-01-23 18:58:48+00:00,False,False,never,,,1,1,,,,,0,0
dev_0000225,0,normal,,normal_standard,1,2026-01-25 10:37:42+00:00,False,False,never,,,1,1,,,,,0,2
dev_0000226,0,normal,,normal_standard,1,2026-01-24 12:06:40+00:00,False,False,never,,,1,1,,,,,0,1
dev_0000227,0,normal,,normal_standard,3,2026-01-04 15:55:19+00:00,False,False,never,,,3,3,,,,,0,4
dev_0000228,0,normal,,normal_standard,1,2026-01-30 04:49:24+00:00,False,False,never,,,1,1,,,,,0,1
dev_0000229,0,normal,,normal_standard,1,2026-01-23 05:50:50+00:00,False,False,never,,,1,1,,,,,0,3
dev_0000230,0,normal,,normal_standard,1,2026-01-09 12:08:01+00:00,False,False,never,,,1,1,,,,,0,2
dev_0000231,0,normal,,normal_standard,2,2026-01-03 13:08:19+00:00,False,False,never,,,2,2,,,,,0,0
dev_0000232,0,normal,,normal_standard,2,2026-01-27 05:19:34+00:00,False,False,never,,,2,2,,,,,0,0
dev_0000233,0,normal,,normal_standard,1,2026-01-13 01:31:47+00:00,False,False,never,,,1,1,,,,,0,1
dev_0000234,0,normal,,normal_standard,1,2026-01-15 09:32:41+00:00,False,False,never,,,1,1,,,,,0,2
dev_0000235,0,normal,,normal_standard,1,2026-01-29 10:29:52+00:00,False,False,never,,,1,1,,,,,0,1
dev_0000237,0,normal,,normal_standard,1,2026-01-12 04:00:39+00:00,False,False,never,,,1,1,,,,,0,4
dev_0000238,0,normal,,normal_standard,1,2026-01-15 12:21:47+00:00,False,False,never,,,1,1,,,,,0,0
dev_0000239,0,normal,,normal_standard,1,2026-01-05 23:21:39+00:00,False,False,never,,,1,1,,,,,0,4
dev_0000240,0,normal,,normal_standard,1,2026-01-29 06:43:25+00:00,False,False,never,,,1,1,,,,,0,3
dev_0000241,0,normal,,normal_standard,1,2026-01-29 01:27:33+00:00,False,False,never,,,1,1,,,,,0,1
dev_0000242,0,normal,,normal_standard,1,2026-01-27 17:24:57+00:00,False,False,never,,,1,1,,,,,0,3
dev_0000243,0,normal,,normal_standard,1,2026-01-15 02:40:42+00:00,False,False,never,,,1,1,,,,,0,1
dev_0000246,0,normal,,normal_standard,1,2026-01-27 20:51:32+00:00,False,False,never,,,1,1,,,,,0,2
dev_0000247,0,normal,,normal_standard,1,2026-01-23 18:07:30+00:00,False,False,never,,,1,1,,,,,0,0
dev_0000249,0,normal,,normal_standard,1,2026-01-29 22:40:49+00:00,False,False,never,,,1,1,,,,,0,3
dev_0000250,0,normal,,normal_standard,2,2026-01-13 13:20:50+00:00,False,False,never,,,2,2,,,,,0,4
dev_0000252,0,normal,,normal_standard,1,2026-01-14 17:14:49+00:00,False,False,never,,,1,1,,,,,0,2
dev_0000253,0,normal,,normal_standard,1,2026-01-17 11:08:15+00:00,False,False,never,,,1,1,,,,,0,4
dev_0000254,0,normal,,normal_standard,3,2026-01-27 00:36:46+00:00,False,False,never,,,3,3,,,,,0,4
dev_0000255,0,normal,,normal_standard,1,2026-01-16 03:51:10+00:00,False,False,never,,,1,1,,,,,0,4
dev_0000256,0,normal,,normal_standard,1,2026-01-09 13:52:51+00:00,False,False,never,,,1,1,,,,,0,1
dev_0000257,0,normal,,normal_standard,1,2026-01-12 20:26:48+00:00,False,False,never,,,1,1,,,,,0,4
dev_0000258,0,normal,,normal_standard,1,2026-01-17 00:16:57+00:00,False,False,never,,,1,1,,,,,0,4
dev_0000259,0,normal,,normal_standard,1,2026-01-26 09:34:53+00:00,False,False,never,,,1,1,,,,,0,3
dev_0000260,0,normal,,normal_standard,3,2026-01-26 05:47:09+00:00,False,False,never,,,3,3,,,,,0,0
dev_0000261,0,normal,,normal_standard,1,2026-01-05 14:52:47+00:00,False,False,never,,,1,1,,,,,0,1
dev_0000262,0,normal,,normal_standard,1,2026-01-30 17:06:01+00:00,False,False,never,,,1,1,,,,,0,1
dev_0000263,0,normal,,normal_standard,1,2026-01-15 07:57:52+00:00,False,False,never,,,1,1,,,,,0,2
dev_0000264,0,normal,,normal_standard,2,2026-01-08 05:33:44+00:00,False,False,never,,,2,2,,,,,0,0
dev_0000265,0,normal,,normal_standard,2,2026-01-18 04:44:55+00:00,False,False,never,,,2,2,,,,,0,0
dev_0000266,0,normal,,normal_standard,2,2026-01-14 05:20:35+00:00,False,False,never,,,2,2,,,,,0,3
dev_0000267,0,normal,,normal_standard,1,2026-01-11 02:00:46+00:00,False,False,never,,,1,1,,,,,0,3
dev_0000268,0,normal,,normal_standard,1,2026-01-05 06:23:32+00:00,False,False,never,,,1,1,,,,,0,3
dev_0000269,0,normal,,normal_standard,1,2026-01-27 02:01:48+00:00,False,False,never,,,1,1,,,,,0,0
dev_0000270,0,normal,,normal_standard,2,2026-01-25 13:41:42+00:00,False,False,never,,,2,2,,,,,0,4
dev_0000271,0,normal,,normal_standard,1,2026-01-07 12:52:40+00:00,False,False,never,,,1,1,,,,,0,4
dev_0000272,0,normal,,normal_standard,3,2026-01-15 10:35:05+00:00,False,False,never,,,3,3,,,,,0,4
dev_0000274,0,normal,,normal_standard,1,2026-01-20 09:17:51+00:00,False,False,never,,,1,1,,,,,0,0
dev_0000275,0,normal,,normal_standard,1,2026-01-25 17:18:31+00:00,False,False,never,,,1,1,,,,,0,0
dev_0000276,0,normal,,normal_standard,1,2026-01-26 04:07:56+00:00,False,False,never,,,1,1,,,,,0,3
dev_0000277,0,normal,,normal_standard,1,2026-01-17 16:46:51+00:00,False,False,never,,,1,1,,,,,0,3
dev_0000278,0,normal,,normal_standard,1,2026-01-22 00:01:26+00:00,False,False,never,,,1,1,,,,,0,3
dev_0000279,0,normal,,normal_standard,1,2026-01-02 12:57:16+00:00,False,False,never,,,1,1,,,,,0,3
dev_0000280,0,normal,,normal_standard,1,2026-01-20 18:22:18+00:00,False,False,never,,,1,1,,,,,0,0
dev_0000281,0,normal,,normal_standard,1,2026-01-18 14:34:23+00:00,False,False,never,,,1,1,,,,,0,3
dev_0000283,0,normal,,normal_standard,1,2026-01-18 15:58:36+00:00,False,False,never,,,1,1,,,,,0,1
dev_0000285,0,normal,,normal_standard,1,2026-01-14 13:51:57+00:00,False,False,never,,,1,1,,,,,0,2
dev_0000286,0,normal,,normal_standard,1,2026-01-02 12:09:46+00:00,False,False,never,,,1,1,,,,,0,3
dev_0000287,0,normal,,normal_standard,1,2026-01-21 18:29:58+00:00,False,False,never,,,1,1,,,,,0,1
dev_0000288,0,normal,,normal_standard,1,2026-01-13 13:11:33+00:00,False,False,never,,,1,1,,,,,0,2
dev_0000289,0,normal,,normal_standard,1,2026-01-06 04:46:15+00:00,False,False,never,,,1,1,,,,,0,1
dev_0000290,0,normal,,normal_standard,1,2026-01-24 04:07:44+00:00,False,False,never,,,1,1,,,,,0,1
dev_0000291,0,normal,,normal_standard,1,2026-01-18 07:47:37+00:00,False,False,never,,,1,1,,,,,0,0
dev_0000292,0,normal,,normal_standard,1,2026-01-10 16:48:45+00:00,False,False,never,,,1,1,,,,,0,1
dev_0000293,0,normal,,normal_standard,1,2026-01-30 10:38:37+00:00,False,False,never,,,1,1,,,,,0,0
dev_0000294,0,normal,,normal_standard,1,2026-01-20 03:38:37+00:00,False,False,never,,,1,1,,,,,0,2
dev_0000295,0,normal,,normal_standard,4,2026-01-26 14:08:36+00:00,False,False,never,,,4,4,,,,,0,0
dev_0000296,0,normal,,normal_standard,1,2026-01-18 03:43:16+00:00,False,False,never,,,1,1,,,,,0,1
dev_0000297,0,normal,,normal_standard,1,2026-01-29 01:12:26+00:00,False,False,never,,,1,1,,,,,0,3
dev_0000298,0,normal,,normal_standard,1,2026-01-21 08:50:12+00:00,False,False,never,,,1,1,,,,,0,4
dev_0000299,0,normal,,normal_standard,1,2026-01-23 00:39:00+00:00,False,False,never,,,1,1,,,,,0,4
dev_0000302,0,normal,,normal_standard,3,2026-01-26 00:10:07+00:00,False,False,never,,,3,3,,,,,0,4
dev_0000304,0,normal,,normal_standard,1,2026-01-08 23:24:33+00:00,False,False,never,,,1,1,,,,,0,0
dev_0000306,0,normal,,normal_standard,1,2026-01-02 18:13:02+00:00,False,False,never,,,1,1,,,,,0,1
dev_0000308,0,normal,,normal_standard,1,2026-01-04 22:29:47+00:00,False,False,never,,,1,1,,,,,0,3
dev_0000310,0,normal,,normal_standard,1,2026-01-04 18:31:37+00:00,False,False,never,,,1,1,,,,,0,0
dev_0000311,0,normal,,normal_standard,2,2026-01-23 11:12:51+00:00,False,False,never,,,2,2,,,,,0,1
dev_0000312,0,normal,,normal_standard,1,2026-01-22 07:24:54+00:00,False,False,never,,,1,1,,,,,0,3
dev_0000313,0,normal,,normal_standard,1,2026-01-23 13:58:42+00:00,False,False,never,,,1,1,,,,,0,3
dev_0000314,0,normal,,normal_standard,1,2026-01-18 06:57:23+00:00,False,False,never,,,1,1,,,,,0,3
dev_0000315,0,normal,,normal_standard,1,2026-01-16 14:50:51+00:00,False,False,never,,,1,1,,,,,0,3
dev_0000318,0,normal,,normal_standard,2,2026-01-10 19:39:45+00:00,False,False,never,,,2,2,,,,,0,1
dev_0000320,0,normal,,normal_standard,1,2026-01-16 13:20:25+00:00,False,False,never,,,1,1,,,,,0,2
dev_0000321,0,normal,,normal_standard,1,2026-01-09 03:25:36+00:00,False,False,never,,,1,1,,,,,0,4
dev_0000324,0,normal,,normal_standard,1,2026-01-17 13:20:35+00:00,False,False,never,,,1,1,,,,,0,4
dev_0000326,0,normal,,normal_standard,1,2026-01-25 11:20:33+00:00,False,False,never,,,1,1,,,,,0,4
dev_0000328,0,normal,,normal_standard,1,2026-01-17 16:20:00+00:00,False,False,never,,,1,1,,,,,0,0
dev_0000329,0,normal,,normal_standard,1,2026-01-25 07:46:02+00:00,False,False,never,,,1,1,,,,,0,1
dev_0000330,0,normal,,normal_standard,1,2026-01-15 07:36:57+00:00,False,False,never,,,1,1,,,,,0,0
dev_0000331,0,normal,,normal_standard,1,2026-01-02 18:43:10+00:00,False,False,never,,,1,1,,,,,0,1
dev_0000333,0,normal,,normal_standard,1,2026-01-13 21:33:08+00:00,False,False,never,,,1,1,,,,,0,1
dev_0000334,0,normal,,normal_standard,1,2026-01-15 19:18:27+00:00,False,False,never,,,1,1,,,,,0,2
dev_0000337,0,normal,,normal_standard,2,2026-01-09 20:48:29+00:00,False,False,never,,,2,2,,,,,0,2
dev_0000339,0,normal,,normal_standard,1,2026-01-21 07:25:50+00:00,False,False,never,,,1,1,,,,,0,0
dev_0000341,0,normal,,normal_standard,4,2026-01-24 01:08:04+00:00,False,False,never,,,4,4,,,,,0,2
dev_0000342,0,normal,,normal_standard,1,2026-01-07 03:48:52+00:00,False,False,never,,,1,1,,,,,0,3
dev_0000344,0,normal,,normal_standard,1,2026-01-22 23:31:56+00:00,False,False,never,,,1,1,,,,,0,3
dev_0000345,0,normal,,normal_standard,1,2026-01-09 01:22:31+00:00,False,False,never,,,1,1,,,,,0,2
dev_0000346,0,normal,,normal_standard,1,2026-01-14 17:59:29+00:00,False,False,never,,,1,1,,,,,0,2
dev_0000347,0,normal,,normal_standard,1,2026-01-30 08:10:40+00:00,False,False,never,,,1,1,,,,,0,2
dev_0000348,0,normal,,normal_standard,1,2026-01-05 00:05:00+00:00,False,False,never,,,1,1,,,,,0,2
dev_0000349,0,normal,,normal_standard,1,2026-01-01 22:40:31+00:00,False,False,never,,,1,1,,,,,0,0
dev_0000351,0,normal,,normal_standard,1,2026-01-27 15:48:51+00:00,False,False,never,,,1,1,,,,,0,2
dev_0000353,0,normal,,normal_standard,1,2026-01-09 02:23:57+00:00,False,False,never,,,1,1,,,,,0,4
dev_0000354,0,normal,,normal_standard,1,2026-01-12 06:55:25+00:00,False,False,never,,,1,1,,,,,0,0
dev_0000356,0,normal,,normal_standard,2,2026-01-27 01:56:58+00:00,False,False,never,,,2,2,,,,,0,3
dev_0000357,0,normal,,normal_standard,1,2026-01-05 21:07:55+00:00,False,False,never,,,1,1,,,,,0,3
dev_0000358,0,normal,,normal_standard,1,2026-01-07 13:53:29+00:00,False,False,never,,,1,1,,,,,0,4
dev_0000359,0,normal,,normal_standard,1,2026-01-17 22:42:52+00:00,False,False,never,,,1,1,,,,,0,2
dev_0000360,0,normal,,normal_standard,1,2026-01-14 14:35:24+00:00,False,False,never,,,1,1,,,,,0,0
dev_0000361,0,normal,,normal_standard,1,2026-01-08 04:10:02+00:00,False,False,never,,,1,1,,,,,0,2
dev_0000362,0,normal,,normal_standard,1,2026-01-09 02:42:43+00:00,False,False,never,,,1,1,,,,,0,0
dev_0000363,0,normal,,normal_standard,2,2026-01-28 17:13:51+00:00,False,False,never,,,2,2,,,,,0,1
dev_0000365,0,normal,,normal_standard,1,2026-01-30 01:26:11+00:00,False,False,never,,,1,1,,,,,0,1
dev_0000367,0,normal,,normal_standard,1,2026-01-07 07:57:26+00:00,False,False,never,,,1,1,,,,,0,4
dev_0000368,0,normal,,normal_standard,1,2026-01-17 17:32:25+00:00,False,False,never,,,1,1,,,,,0,3
dev_0000370,0,normal,,normal_standard,1,2026-01-28 10:46:16+00:00,False,False,never,,,1,1,,,,,0,2
dev_0000371,0,normal,,normal_standard,1,2026-01-07 04:04:15+00:00,False,False,never,,,1,1,,,,,0,2
dev_0000372,0,normal,,normal_standard,1,2026-01-20 23:12:25+00:00,False,False,never,,,1,1,,,,,0,4
dev_0000373,0,normal,,normal_standard,3,2026-01-29 22:04:47+00:00,False,False,never,,,3,3,,,,,0,1
dev_0000374,0,normal,,normal_standard,1,2026-01-20 00:05:56+00:00,False,False,never,,,1,1,,,,,0,1
dev_0000376,0,normal,,normal_standard,1,2026-01-18 10:31:53+00:00,False,False,never,,,1,1,,,,,0,1
dev_0000377,0,normal,,normal_standard,2,2026-01-23 07:55:46+00:00,False,False,never,,,2,2,,,,,0,4
dev_0000379,0,normal,,normal_standard,2,2026-01-22 10:07:35+00:00,False,False,never,,,2,2,,,,,0,1
dev_0000381,0,normal,,normal_standard,1,2026-01-11 16:39:23+00:00,False,False,never,,,1,1,,,,,0,0
dev_0000382,0,normal,,normal_standard,2,2026-01-10 12:54:49+00:00,False,False,never,,,2,2,,,,,0,1
dev_0000383,0,normal,,normal_standard,1,2026-01-22 12:49:43+00:00,False,False,never,,,1,1,,,,,0,2
dev_0000384,0,normal,,normal_standard,1,2026-01-16 05:55:57+00:00,False,False,never,,,1,1,,,,,0,3
dev_0000385,0,normal,,normal_standard,2,2026-01-04 18:40:37+00:00,False,False,never,,,2,2,,,,,0,2
dev_0000387,0,normal,,normal_standard,1,2026-01-04 17:38:43+00:00,False,False,never,,,1,1,,,,,0,1
dev_0000388,0,normal,,normal_standard,1,2026-01-23 22:46:32+00:00,False,False,never,,,1,1,,,,,0,0
dev_0000389,0,normal,,normal_standard,1,2026-01-21 07:09:28+00:00,False,False,never,,,1,1,,,,,0,4
dev_0000391,0,normal,,normal_standard,1,2026-01-14 23:19:42+00:00,False,False,never,,,1,1,,,,,0,3
dev_0000392,0,normal,,normal_standard,2,2026-01-21 12:13:39+00:00,False,False,never,,,2,2,,,,,0,4
dev_0000393,0,normal,,normal_standard,1,2026-01-30 18:57:09+00:00,False,False,never,,,1,1,,,,,0,1
dev_0000394,0,normal,,normal_standard,1,2026-01-08 05:27:47+00:00,False,False,never,,,1,1,,,,,0,4
dev_0000395,0,normal,,normal_standard,1,2026-01-24 13:46:45+00:00,False,False,never,,,1,1,,,,,0,4
dev_0000396,0,normal,,normal_standard,1,2026-01-26 10:34:39+00:00,False,False,never,,,1,1,,,,,0,0
dev_0000397,0,normal,,normal_standard,1,2026-01-26 09:28:39+00:00,False,False,never,,,1,1,,,,,0,0
dev_0000398,0,normal,,normal_standard,1,2026-01-17 10:40:07+00:00,False,False,never,,,1,1,,,,,0,1
dev_0000399,0,normal,,normal_standard,1,2026-01-17 16:39:37+00:00,False,False,never,,,1,1,,,,,0,1
dev_0000400,0,normal,,normal_standard,1,2026-01-07 03:14:37+00:00,False,False,never,,,1,1,,,,,0,4
dev_0000401,0,normal,,normal_standard,1,2026-01-09 23:46:36+00:00,False,False,never,,,1,1,,,,,0,0
dev_0000402,0,normal,,normal_standard,1,2026-01-10 15:03:33+00:00,False,False,never,,,1,1,,,,,0,0
dev_0000403,0,normal,,normal_standard,2,2026-01-15 19:39:29+00:00,False,False,never,,,2,2,,,,,0,4
dev_0000405,0,normal,,normal_standard,3,2026-01-30 17:12:39+00:00,False,False,never,,,3,3,,,,,0,4
dev_0000407,0,normal,,normal_standard,1,2026-01-27 03:23:56+00:00,False,False,never,,,1,1,,,,,0,1
dev_0000408,0,normal,,normal_standard,1,2026-01-19 16:52:20+00:00,False,False,never,,,1,1,,,,,0,4
dev_0000409,0,normal,,normal_standard,1,2026-01-08 18:32:05+00:00,False,False,never,,,1,1,,,,,0,2
dev_0000410,0,normal,,normal_standard,1,2026-01-22 23:45:01+00:00,False,False,never,,,1,1,,,,,0,2
dev_0000411,0,normal,,normal_standard,2,2026-01-17 03:12:00+00:00,False,False,never,,,2,2,,,,,0,2
dev_0000412,0,normal,,normal_standard,2,2026-01-22 23:40:47+00:00,False,False,never,,,2,2,,,,,0,0
dev_0000413,0,normal,,normal_standard,1,2026-01-30 02:13:23+00:00,False,False,never,,,1,1,,,,,0,4
dev_0000414,0,normal,,normal_standard,3,2026-01-03 21:05:15+00:00,False,False,never,,,3,3,,,,,0,2
dev_0000415,0,normal,,normal_standard,1,2026-01-20 17:10:41+00:00,False,False,never,,,1,1,,,,,0,0
dev_0000418,0,normal,,normal_standard,1,2026-01-10 13:31:26+00:00,False,False,never,,,1,1,,,,,0,4
dev_0000421,0,normal,,normal_standard,2,2026-01-26 22:28:54+00:00,False,False,never,,,2,2,,,,,0,0
dev_0000422,0,normal,,normal_standard,1,2026-01-10 10:19:40+00:00,False,False,never,,,1,1,,,,,0,4
dev_0000423,0,normal,,normal_standard,1,2026-01-05 04:24:55+00:00,False,False,never,,,1,1,,,,,0,4
dev_0000424,0,normal,,normal_standard,1,2026-01-22 12:58:53+00:00,False,False,never,,,1,1,,,,,0,2
dev_0000426,0,normal,,normal_standard,1,2026-01-23 06:12:01+00:00,False,False,never,,,1,1,,,,,0,2
dev_0000427,0,normal,,normal_standard,2,2026-01-18 08:09:04+00:00,False,False,never,,,2,2,,,,,0,2
dev_0000428,0,normal,,normal_standard,1,2026-01-24 10:21:06+00:00,False,False,never,,,1,1,,,,,0,3
dev_0000429,0,normal,,normal_standard,1,2026-01-30 19:36:52+00:00,False,False,never,,,1,1,,,,,0,4
dev_0000430,0,normal,,normal_standard,2,2026-01-18 13:46:23+00:00,False,False,never,,,2,2,,,,,0,2
dev_0000431,0,normal,,normal_standard,1,2026-01-09 04:08:20+00:00,False,False,never,,,1,1,,,,,0,1
dev_0000433,0,normal,,normal_standard,1,2026-01-18 10:41:52+00:00,False,False,never,,,1,1,,,,,0,1
dev_0000434,0,normal,,normal_standard,1,2026-01-03 10:24:07+00:00,False,False,never,,,1,1,,,,,0,4
dev_0000435,0,normal,,normal_standard,1,2026-01-17 22:10:18+00:00,False,False,never,,,1,1,,,,,0,0
dev_0000436,0,normal,,normal_standard,1,2026-01-06 06:51:44+00:00,False,False,never,,,1,1,,,,,0,2
dev_0000437,0,normal,,normal_standard,1,2026-01-06 19:03:45+00:00,False,False,never,,,1,1,,,,,0,2
dev_0000438,0,normal,,normal_standard,1,2026-01-28 06:57:48+00:00,False,False,never,,,1,1,,,,,0,1
dev_0000439,0,normal,,normal_standard,2,2026-01-06 10:10:37+00:00,False,False,never,,,2,2,,,,,0,2
dev_0000440,0,normal,,normal_standard,1,2026-01-12 05:03:52+00:00,False,False,never,,,1,1,,,,,0,4
dev_0000441,0,normal,,normal_standard,1,2026-01-01 10:13:39+00:00,False,False,never,,,1,1,,,,,0,4
dev_0000442,0,normal,,normal_standard,1,2026-01-17 12:49:41+00:00,False,False,never,,,1,1,,,,,0,4
dev_0000443,0,normal,,normal_standard,2,2026-01-14 07:27:27+00:00,False,False,never,,,2,2,,,,,0,0
dev_0000444,0,normal,,normal_standard,2,2026-01-05 21:39:16+00:00,False,False,never,,,2,2,,,,,0,0
dev_0000445,0,normal,,normal_standard,1,2026-01-24 04:02:51+00:00,False,False,never,,,1,1,,,,,0,1
dev_0000446,0,normal,,normal_standard,1,2026-01-10 04:10:19+00:00,False,False,never,,,1,1,,,,,0,4
dev_0000447,0,normal,,normal_standard,1,2026-01-05 11:28:33+00:00,False,False,never,,,1,1,,,,,0,0
dev_0000448,0,normal,,normal_standard,1,2026-01-25 06:11:50+00:00,False,False,never,,,1,1,,,,,0,2
dev_0000449,0,normal,,normal_standard,1,2026-01-28 23:08:45+00:00,False,False,never,,,1,1,,,,,0,4
dev_0000451,0,normal,,normal_standard,1,2026-01-13 16:33:28+00:00,False,False,never,,,1,1,,,,,0,2
dev_0000452,0,normal,,normal_standard,1,2026-01-29 17:05:47+00:00,False,False,never,,,1,1,,,,,0,3
dev_0000453,0,normal,,normal_standard,1,2026-01-25 23:52:53+00:00,False,False,never,,,1,1,,,,,0,0
dev_0000454,0,normal,,normal_standard,1,2026-01-12 05:57:27+00:00,False,False,never,,,1,1,,,,,0,3
dev_0000456,0,normal,,normal_standard,1,2026-01-01 10:50:26+00:00,False,False,never,,,1,1,,,,,0,3
dev_0000457,0,normal,,normal_standard,1,2026-01-22 14:32:46+00:00,False,False,never,,,1,1,,,,,0,1
dev_0000458,0,normal,,normal_standard,1,2026-01-11 12:19:38+00:00,False,False,never,,,1,1,,,,,0,4
dev_0000460,0,normal,,normal_standard,1,2026-01-15 03:08:19+00:00,False,False,never,,,1,1,,,,,0,0
dev_0000461,0,normal,,normal_standard,1,2026-01-18 15:14:16+00:00,False,False,never,,,1,1,,,,,0,4
dev_0000462,0,normal,,normal_standard,1,2026-01-15 02:06:57+00:00,False,False,never,,,1,1,,,,,0,2
dev_0000463,0,normal,,normal_standard,1,2026-01-03 03:39:25+00:00,False,False,never,,,1,1,,,,,0,0
dev_0000464,0,normal,,normal_standard,2,2026-01-13 08:23:21+00:00,False,False,never,,,2,2,,,,,0,2
dev_0000465,0,normal,,normal_standard,2,2026-01-18 06:50:48+00:00,False,False,never,,,2,2,,,,,0,1
dev_0000466,0,normal,,normal_standard,3,2026-01-11 22:29:01+00:00,False,False,never,,,3,3,,,,,0,2
dev_0000467,0,normal,,normal_standard,1,2026-01-29 19:28:00+00:00,False,False,never,,,1,1,,,,,0,0
dev_0000469,0,normal,,normal_standard,1,2026-01-03 14:02:32+00:00,False,False,never,,,1,1,,,,,0,3
dev_0000472,0,normal,,normal_standard,1,2026-01-15 23:05:56+00:00,False,False,never,,,1,1,,,,,0,3
dev_0000474,0,normal,,normal_standard,1,2026-01-26 23:27:01+00:00,False,False,never,,,1,1,,,,,0,1
dev_0000475,0,normal,,normal_standard,3,2026-01-12 17:39:04+00:00,False,False,never,,,3,3,,,,,0,3
dev_0000476,0,normal,,normal_standard,1,2026-01-13 15:27:32+00:00,False,False,never,,,1,1,,,,,0,2
dev_0000477,0,normal,,normal_standard,3,2026-01-01 10:27:37+00:00,False,False,never,,,3,3,,,,,0,0
dev_0000478,0,normal,,normal_standard,2,2026-01-13 20:29:54+00:00,False,False,never,,,2,2,,,,,0,1
dev_0000480,0,normal,,normal_standard,2,2026-01-06 05:08:48+00:00,False,False,never,,,2,2,,,,,0,4
dev_0000481,0,normal,,normal_standard,1,2026-01-04 11:25:28+00:00,False,False,never,,,1,1,,,,,0,2
dev_0000482,0,normal,,normal_standard,1,2026-01-05 01:24:49+00:00,False,False,never,,,1,1,,,,,0,1
dev_0000483,0,normal,,normal_standard,1,2026-01-03 15:14:26+00:00,False,False,never,,,1,1,,,,,0,3
dev_0000485,0,normal,,normal_standard,1,2026-01-10 09:50:23+00:00,False,False,never,,,1,1,,,,,0,0
dev_0000487,0,normal,,normal_standard,1,2026-01-10 15:07:26+00:00,False,False,never,,,1,1,,,,,0,0
dev_0000488,0,normal,,normal_standard,1,2026-01-09 21:24:53+00:00,False,False,never,,,1,1,,,,,0,1
dev_0000489,0,normal,,normal_standard,1,2026-01-17 18:37:53+00:00,False,False,never,,,1,1,,,,,0,1
dev_0000491,0,normal,,normal_standard,1,2026-01-16 23:51:18+00:00,False,False,never,,,1,1,,,,,0,2
dev_0000492,0,normal,,normal_standard,1,2026-01-29 20:32:46+00:00,False,False,never,,,1,1,,,,,0,2
dev_0000496,0,normal,,normal_standard,1,2026-01-16 22:14:38+00:00,False,False,never,,,1,1,,,,,0,3
dev_0000497,0,normal,,normal_standard,1,2026-01-30 16:47:38+00:00,False,False,never,,,1,1,,,,,0,0
dev_0000498,0,normal,,normal_standard,1,2026-01-03 16:50:13+00:00,False,False,never,,,1,1,,,,,0,2
dev_0000499,0,normal,,normal_standard,1,2026-01-15 12:51:54+00:00,False,False,never,,,1,1,,,,,0,3
dev_0000501,0,normal,,normal_standard,1,2026-01-15 21:59:54+00:00,False,False,never,,,1,1,,,,,0,1
dev_0000502,0,normal,,normal_standard,2,2026-01-07 06:57:45+00:00,False,False,never,,,2,2,,,,,0,2
dev_0000503,0,normal,,normal_standard,1,2026-01-21 07:03:10+00:00,False,False,never,,,1,1,,,,,0,2
dev_0000504,0,normal,,normal_standard,1,2026-01-10 07:45:52+00:00,False,False,never,,,1,1,,,,,0,2
dev_0000505,0,normal,,normal_standard,1,2026-01-24 20:47:22+00:00,False,False,never,,,1,1,,,,,0,3
dev_0000506,0,normal,,normal_standard,3,2026-01-06 18:50:33+00:00,False,False,never,,,3,3,,,,,0,1
dev_0000507,0,normal,,normal_standard,1,2026-01-17 18:51:52+00:00,False,False,never,,,1,1,,,,,0,0
dev_0000508,0,normal,,normal_standard,1,2026-01-09 20:27:16+00:00,False,False,never,,,1,1,,,,,0,4
dev_0000509,0,normal,,normal_standard,1,2026-01-23 13:37:08+00:00,False,False,never,,,1,1,,,,,0,0
dev_0000510,0,normal,,normal_standard,1,2026-01-06 06:35:37+00:00,False,False,never,,,1,1,,,,,0,1
dev_0000512,0,normal,,normal_standard,1,2026-01-18 17:29:04+00:00,False,False,never,,,1,1,,,,,0,3
dev_0000513,0,normal,,normal_standard,1,2026-01-30 20:42:34+00:00,False,False,never,,,1,1,,,,,0,0
dev_0000515,0,normal,,normal_standard,2,2026-01-27 18:19:49+00:00,False,False,never,,,2,2,,,,,0,1
dev_0000516,0,normal,,normal_standard,1,2026-01-18 10:07:25+00:00,False,False,never,,,1,1,,,,,0,4
dev_0000517,0,normal,,normal_standard,1,2026-01-10 20:39:48+00:00,False,False,never,,,1,1,,,,,0,2
dev_0000519,0,normal,,normal_standard,1,2026-01-24 21:20:06+00:00,False,False,never,,,1,1,,,,,0,4
dev_0000520,0,normal,,normal_standard,1,2026-01-18 23:52:34+00:00,False,False,never,,,1,1,,,,,0,1
dev_0000522,0,normal,,normal_standard,1,2026-01-22 02:04:20+00:00,False,False,never,,,1,1,,,,,0,2
dev_0000524,0,normal,,normal_standard,1,2026-01-05 07:08:20+00:00,False,False,never,,,1,1,,,,,0,2
dev_0000525,0,normal,,normal_standard,3,2026-01-03 19:15:37+00:00,False,False,never,,,3,3,,,,,0,2
dev_0000526,0,normal,,normal_standard,3,2026-01-25 19:29:25+00:00,False,False,never,,,3,3,,,,,0,2
dev_0000527,0,normal,,normal_standard,1,2026-01-16 11:31:42+00:00,False,False,never,,,1,1,,,,,0,3
dev_0000528,0,normal,,normal_standard,1,2026-01-30 19:08:17+00:00,False,False,never,,,1,1,,,,,0,4
dev_0000529,0,normal,,normal_standard,3,2026-01-19 07:04:20+00:00,False,False,never,,,3,3,,,,,0,2
dev_0000530,0,normal,,normal_standard,1,2026-01-28 10:30:38+00:00,False,False,never,,,1,1,,,,,0,2
dev_0000531,0,normal,,normal_standard,1,2026-01-03 16:09:56+00:00,False,False,never,,,1,1,,,,,0,3
dev_0000532,0,normal,,normal_standard,1,2026-01-22 01:31:28+00:00,False,False,never,,,1,1,,,,,0,4
dev_0000533,0,normal,,normal_standard,1,2026-01-21 19:56:24+00:00,False,False,never,,,1,1,,,,,0,2
dev_0000536,0,normal,,normal_standard,1,2026-01-22 12:39:13+00:00,False,False,never,,,1,1,,,,,0,2
dev_0000537,0,normal,,normal_standard,1,2026-01-16 20:44:16+00:00,False,False,never,,,1,1,,,,,0,3
dev_0000539,0,normal,,normal_standard,1,2026-01-05 03:24:13+00:00,False,False,never,,,1,1,,,,,0,4
dev_0000540,0,normal,,normal_standard,1,2026-01-23 11:46:36+00:00,False,False,never,,,1,1,,,,,0,0
dev_0000541,0,normal,,normal_standard,1,2026-01-20 04:01:43+00:00,False,False,never,,,1,1,,,,,0,1
dev_0000542,0,normal,,normal_standard,1,2026-01-15 09:47:25+00:00,False,False,never,,,1,1,,,,,0,4
dev_0000543,0,normal,,normal_standard,2,2026-01-02 15:58:07+00:00,False,False,never,,,2,2,,,,,0,3
dev_0000546,0,normal,,normal_standard,1,2026-01-08 10:34:34+00:00,False,False,never,,,1,1,,,,,0,2
dev_0000547,0,normal,,normal_standard,2,2026-01-25 16:15:33+00:00,False,False,never,,,2,2,,,,,0,2
dev_0000548,0,normal,,normal_standard,1,2026-01-17 04:20:54+00:00,False,False,never,,,1,1,,,,,0,3
dev_0000549,0,normal,,normal_standard,3,2026-01-21 12:01:28+00:00,False,False,never,,,3,3,,,,,0,3
dev_0000550,0,normal,,normal_standard,1,2026-01-12 13:00:22+00:00,False,False,never,,,1,1,,,,,0,4
dev_0000551,0,normal,,normal_standard,1,2026-01-08 09:59:31+00:00,False,False,never,,,1,1,,,,,0,1
dev_0000552,0,normal,,normal_standard,1,2026-01-04 20:29:49+00:00,False,False,never,,,1,1,,,,,0,0
dev_0000553,0,normal,,normal_standard,2,2026-01-03 07:17:46+00:00,False,False,never,,,2,2,,,,,0,3
dev_0000554,0,normal,,normal_standard,1,2026-01-08 03:04:15+00:00,False,False,never,,,1,1,,,,,0,1
dev_0000555,0,normal,,normal_standard,1,2026-01-26 03:26:30+00:00,False,False,never,,,1,1,,,,,0,4
dev_0000556,0,normal,,normal_standard,2,2026-01-17 18:42:34+00:00,False,False,never,,,2,2,,,,,0,2
dev_0000557,0,normal,,normal_standard,1,2026-01-29 01:03:35+00:00,False,False,never,,,1,1,,,,,0,4
dev_0000558,0,normal,,normal_standard,2,2026-01-06 21:58:02+00:00,False,False,never,,,2,2,,,,,0,3
dev_0000560,0,normal,,normal_standard,1,2026-01-27 23:34:00+00:00,False,False,never,,,1,1,,,,,0,1
dev_0000561,0,normal,,normal_standard,1,2026-01-12 23:10:46+00:00,False,False,never,,,1,1,,,,,0,3
dev_0000566,0,normal,,normal_standard,1,2026-01-01 10:51:37+00:00,False,False,never,,,1,1,,,,,0,1
dev_0000567,0,normal,,normal_standard,1,2026-01-07 15:30:58+00:00,False,False,never,,,1,1,,,,,0,2
dev_0000568,0,normal,,normal_standard,1,2026-01-13 23:34:56+00:00,False,False,never,,,1,1,,,,,0,2
dev_0000569,0,normal,,normal_standard,1,2026-01-20 17:58:54+00:00,False,False,never,,,1,1,,,,,0,2
dev_0000572,0,normal,,normal_standard,1,2026-01-16 04:06:10+00:00,False,False,never,,,1,1,,,,,0,4
dev_0000573,0,normal,,normal_standard,1,2026-01-10 01:50:56+00:00,False,False,never,,,1,1,,,,,0,4
dev_0000574,0,normal,,normal_standard,1,2026-01-20 20:49:59+00:00,False,False,never,,,1,1,,,,,0,3
dev_0000575,0,normal,,normal_standard,2,2026-01-10 02:59:39+00:00,False,False,never,,,2,2,,,,,0,1
dev_0000576,0,normal,,normal_standard,1,2026-01-10 01:28:58+00:00,False,False,never,,,1,1,,,,,0,0
dev_0000578,0,normal,,normal_standard,2,2026-01-04 10:40:33+00:00,False,False,never,,,2,2,,,,,0,3
dev_0000579,0,normal,,normal_standard,1,2026-01-20 16:54:50+00:00,False,False,never,,,1,1,,,,,0,0
dev_0000580,0,normal,,normal_standard,1,2026-01-20 10:47:46+00:00,False,False,never,,,1,1,,,,,0,4
dev_0000581,0,normal,,normal_standard,1,2026-01-23 06:27:26+00:00,False,False,never,,,1,1,,,,,0,4
dev_0000583,0,normal,,normal_standard,1,2026-01-16 01:13:12+00:00,False,False,never,,,1,1,,,,,0,4
dev_0000584,0,normal,,normal_standard,1,2026-01-17 19:29:14+00:00,False,False,never,,,1,1,,,,,0,1
dev_0000587,0,normal,,normal_standard,2,2026-01-23 16:39:14+00:00,False,False,never,,,2,2,,,,,0,3
dev_0000589,0,normal,,normal_standard,1,2026-01-14 07:51:57+00:00,False,False,never,,,1,1,,,,,0,1
dev_0000591,0,normal,,normal_standard,1,2026-01-20 22:46:28+00:00,False,False,never,,,1,1,,,,,0,3
dev_0000592,0,normal,,normal_standard,1,2026-01-04 01:58:55+00:00,False,False,never,,,1,1,,,,,0,1
dev_0000593,0,normal,,normal_standard,1,2026-01-21 01:22:30+00:00,False,False,never,,,1,1,,,,,0,3
dev_0000595,0,normal,,normal_standard,1,2026-01-08 14:50:57+00:00,False,False,never,,,1,1,,,,,0,4
dev_0000596,0,normal,,normal_standard,1,2026-01-08 12:06:18+00:00,False,False,never,,,1,1,,,,,0,2
dev_0000598,0,normal,,normal_standard,2,2026-01-28 16:09:41+00:00,False,False,never,,,2,2,,,,,0,1
dev_0000600,0,normal,,normal_standard,1,2026-01-02 11:47:58+00:00,False,False,never,,,1,1,,,,,0,0
dev_0000601,0,normal,,normal_standard,1,2026-01-22 15:17:06+00:00,False,False,never,,,1,1,,,,,0,0
dev_0000602,0,normal,,normal_standard,2,2026-01-05 19:17:08+00:00,False,False,never,,,2,2,,,,,0,2
dev_0000603,0,normal,,normal_standard,1,2026-01-05 02:47:20+00:00,False,False,never,,,1,1,,,,,0,4
dev_0000604,0,normal,,normal_standard,1,2026-01-11 14:01:34+00:00,False,False,never,,,1,1,,,,,0,4
dev_0000605,0,normal,,normal_standard,1,2026-01-28 12:11:38+00:00,False,False,never,,,1,1,,,,,0,4
dev_0000607,0,normal,,normal_standard,1,2026-01-16 13:54:31+00:00,False,False,never,,,1,1,,,,,0,3
dev_0000608,0,normal,,normal_standard,1,2026-01-16 18:41:49+00:00,False,False,never,,,1,1,,,,,0,2
dev_0000609,0,normal,,normal_standard,1,2026-01-10 20:59:59+00:00,False,False,never,,,1,1,,,,,0,4
dev_0000610,0,normal,,normal_standard,1,2026-01-04 03:10:53+00:00,False,False,never,,,1,1,,,,,0,3
dev_0000611,0,normal,,normal_standard,1,2026-01-24 11:37:18+00:00,False,False,never,,,1,1,,,,,0,2
dev_0000612,0,normal,,normal_standard,1,2026-01-14 23:46:47+00:00,False,False,never,,,1,1,,,,,0,0
dev_0000613,0,normal,,normal_standard,1,2026-01-02 05:48:24+00:00,False,False,never,,,1,1,,,,,0,0
dev_0000614,0,normal,,normal_standard,1,2026-01-17 07:42:12+00:00,False,False,never,,,1,1,,,,,0,1
dev_0000615,0,normal,,normal_standard,1,2026-01-11 10:17:56+00:00,False,False,never,,,1,1,,,,,0,4
dev_0000616,0,normal,,normal_standard,1,2026-01-26 05:57:26+00:00,False,False,never,,,1,1,,,,,0,3
dev_0000617,0,normal,,normal_standard,1,2026-01-12 14:14:39+00:00,False,False,never,,,1,1,,,,,0,0
dev_0000618,0,normal,,normal_standard,1,2026-01-23 09:01:28+00:00,False,False,never,,,1,1,,,,,0,0
dev_0000619,0,normal,,normal_standard,2,2026-01-12 08:47:07+00:00,False,False,never,,,2,2,,,,,0,0
dev_0000620,0,normal,,normal_standard,1,2026-01-21 09:11:46+00:00,False,False,never,,,1,1,,,,,0,0
dev_0000621,0,normal,,normal_standard,2,2026-01-14 02:58:49+00:00,False,False,never,,,2,2,,,,,0,2
dev_0000622,0,normal,,normal_standard,1,2026-01-26 03:32:09+00:00,False,False,never,,,1,1,,,,,0,0
dev_0000624,0,normal,,normal_standard,1,2026-01-17 08:04:57+00:00,False,False,never,,,1,1,,,,,0,0
dev_0000625,0,normal,,normal_standard,1,2026-01-25 22:10:24+00:00,False,False,never,,,1,1,,,,,0,0
dev_0000626,0,normal,,normal_standard,2,2026-01-29 03:09:57+00:00,False,False,never,,,2,2,,,,,0,4
dev_0000627,0,normal,,normal_standard,1,2026-01-24 23:25:49+00:00,False,False,never,,,1,1,,,,,0,4
dev_0000628,0,normal,,normal_standard,1,2026-01-07 10:55:40+00:00,False,False,never,,,1,1,,,,,0,3
dev_0000629,0,normal,,normal_standard,4,2026-01-23 08:39:28+00:00,False,False,never,,,4,4,,,,,0,4
dev_0000631,0,normal,,normal_standard,1,2026-01-09 21:07:19+00:00,False,False,never,,,1,1,,,,,0,1
dev_0000632,0,normal,,normal_standard,1,2026-01-09 02:49:53+00:00,False,False,never,,,1,1,,,,,0,4
dev_0000633,0,normal,,normal_standard,2,2026-01-01 03:09:10+00:00,False,False,never,,,2,2,,,,,0,4
dev_0000635,0,normal,,normal_standard,1,2026-01-27 10:49:26+00:00,False,False,never,,,1,1,,,,,0,3
dev_0000636,0,normal,,normal_standard,1,2026-01-01 06:17:40+00:00,False,False,never,,,1,1,,,,,0,0
dev_0000637,0,normal,,normal_standard,1,2026-01-06 12:58:57+00:00,False,False,never,,,1,1,,,,,0,2
dev_0000638,0,normal,,normal_standard,1,2026-01-15 10:47:20+00:00,False,False,never,,,1,1,,,,,0,0
dev_0000639,0,normal,,normal_standard,1,2026-01-15 12:20:11+00:00,False,False,never,,,1,1,,,,,0,4
dev_0000640,0,normal,,normal_standard,1,2026-01-13 13:33:47+00:00,False,False,never,,,1,1,,,,,0,0
dev_0000641,0,normal,,normal_standard,1,2026-01-02 10:51:26+00:00,False,False,never,,,1,1,,,,,0,0
dev_0000642,0,normal,,normal_standard,1,2026-01-15 20:44:55+00:00,False,False,never,,,1,1,,,,,0,0
dev_0000644,0,normal,,normal_standard,1,2026-01-29 11:01:24+00:00,False,False,never,,,1,1,,,,,0,0
dev_0000645,0,normal,,normal_standard,1,2026-01-10 16:39:58+00:00,False,False,never,,,1,1,,,,,0,0
dev_0000647,0,normal,,normal_standard,3,2026-01-30 19:12:54+00:00,False,False,never,,,3,3,,,,,0,2
dev_0000648,0,normal,,normal_standard,1,2026-01-15 14:26:42+00:00,False,False,never,,,1,1,,,,,0,1
dev_0000650,0,normal,,normal_standard,1,2026-01-27 08:38:53+00:00,False,False,never,,,1,1,,,,,0,3
dev_0000651,0,normal,,normal_standard,1,2026-01-04 11:02:15+00:00,False,False,never,,,1,1,,,,,0,0
dev_0000652,0,normal,,normal_standard,1,2026-01-25 16:51:16+00:00,False,False,never,,,1,1,,,,,0,1
dev_0000653,0,normal,,normal_standard,1,2026-01-09 15:08:03+00:00,False,False,never,,,1,1,,,,,0,2
dev_0000655,0,normal,,normal_standard,1,2026-01-16 18:02:57+00:00,False,False,never,,,1,1,,,,,0,2
dev_0000656,0,normal,,normal_standard,1,2026-01-08 10:14:36+00:00,False,False,never,,,1,1,,,,,0,2
dev_0000657,0,normal,,normal_standard,1,2026-01-18 00:44:40+00:00,False,False,never,,,1,1,,,,,0,1
dev_0000659,0,normal,,normal_standard,1,2026-01-15 16:59:20+00:00,False,False,never,,,1,1,,,,,0,1
dev_0000660,0,normal,,normal_standard,1,2026-01-26 13:26:44+00:00,False,False,never,,,1,1,,,,,0,3
dev_0000661,0,normal,,normal_standard,2,2026-01-27 09:18:19+00:00,False,False,never,,,2,2,,,,,0,3
dev_0000662,0,normal,,normal_standard,1,2026-01-21 21:11:11+00:00,False,False,never,,,1,1,,,,,0,0
dev_0000663,0,normal,,normal_standard,1,2026-01-01 00:07:59+00:00,False,False,never,,,1,1,,,,,0,0
dev_0000664,0,normal,,normal_standard,1,2026-01-06 08:17:56+00:00,False,False,never,,,1,1,,,,,0,2
dev_0000665,0,normal,,normal_standard,1,2026-01-04 06:10:41+00:00,False,False,never,,,1,1,,,,,0,0
dev_0000666,0,normal,,normal_standard,1,2026-01-20 15:54:43+00:00,False,False,never,,,1,1,,,,,0,3
dev_0000668,0,normal,,normal_standard,1,2026-01-14 06:42:53+00:00,False,False,never,,,1,1,,,,,0,2
dev_0000670,0,normal,,normal_standard,1,2026-01-29 14:40:16+00:00,False,False,never,,,1,1,,,,,0,2
dev_0000671,0,normal,,normal_standard,1,2026-01-23 05:45:28+00:00,False,False,never,,,1,1,,,,,0,3
dev_0000672,0,normal,,normal_standard,1,2026-01-03 10:33:39+00:00,False,False,never,,,1,1,,,,,0,0
dev_0000673,0,normal,,normal_standard,2,2026-01-27 09:52:35+00:00,False,False,never,,,2,2,,,,,0,0
dev_0000674,0,normal,,normal_standard,1,2026-01-08 16:12:04+00:00,False,False,never,,,1,1,,,,,0,3
dev_0000676,0,normal,,normal_standard,1,2026-01-11 21:34:51+00:00,False,False,never,,,1,1,,,,,0,4
dev_0000677,0,normal,,normal_standard,1,2026-01-07 06:01:36+00:00,False,False,never,,,1,1,,,,,0,1
dev_0000678,0,normal,,normal_standard,1,2026-01-29 13:08:32+00:00,False,False,never,,,1,1,,,,,0,2
dev_0000679,0,normal,,normal_standard,1,2026-01-02 01:55:26+00:00,False,False,never,,,1,1,,,,,0,1
dev_0000680,0,normal,,normal_standard,1,2026-01-06 20:45:26+00:00,False,False,never,,,1,1,,,,,0,2
dev_0000681,0,normal,,normal_standard,1,2026-01-21 23:53:47+00:00,False,False,never,,,1,1,,,,,0,4
dev_0000682,0,normal,,normal_standard,1,2026-01-01 06:13:52+00:00,False,False,never,,,1,1,,,,,0,0
dev_0000683,0,normal,,normal_standard,1,2026-01-02 22:18:33+00:00,False,False,never,,,1,1,,,,,0,1
dev_0000686,0,normal,,normal_standard,2,2026-01-12 02:18:46+00:00,False,False,never,,,2,2,,,,,0,0
dev_0000687,0,normal,,normal_standard,1,2026-01-06 21:11:54+00:00,False,False,never,,,1,1,,,,,0,1
dev_0000688,0,normal,,normal_standard,1,2026-01-12 18:07:23+00:00,False,False,never,,,1,1,,,,,0,0
dev_0000689,0,normal,,normal_standard,1,2026-01-03 23:37:52+00:00,False,False,never,,,1,1,,,,,0,2
dev_0000691,0,normal,,normal_standard,2,2026-01-01 12:16:32+00:00,False,False,never,,,2,2,,,,,0,4
dev_0000692,0,normal,,normal_standard,1,2026-01-14 12:53:12+00:00,False,False,never,,,1,1,,,,,0,2
dev_0000693,0,normal,,normal_standard,1,2026-01-21 06:43:39+00:00,False,False,never,,,1,1,,,,,0,2
dev_0000694,0,normal,,normal_standard,1,2026-01-08 06:25:38+00:00,False,False,never,,,1,1,,,,,0,0
dev_0000695,0,normal,,normal_standard,1,2026-01-21 04:00:54+00:00,False,False,never,,,1,1,,,,,0,4
dev_0000696,0,normal,,normal_standard,1,2026-01-15 13:55:38+00:00,False,False,never,,,1,1,,,,,0,4
dev_0000697,0,normal,,normal_standard,2,2026-01-16 08:10:28+00:00,False,False,never,,,2,2,,,,,0,1
dev_0000698,0,normal,,normal_standard,1,2026-01-17 15:42:43+00:00,False,False,never,,,1,1,,,,,0,0
dev_0000700,0,normal,,normal_standard,1,2026-01-20 11:25:41+00:00,False,False,never,,,1,1,,,,,0,3
dev_0000701,0,normal,,normal_standard,2,2026-01-26 21:14:49+00:00,False,False,never,,,2,2,,,,,0,3
dev_0000702,0,normal,,normal_standard,1,2026-01-15 05:39:50+00:00,False,False,never,,,1,1,,,,,0,4
dev_0000703,0,normal,,normal_standard,1,2026-01-09 11:23:07+00:00,False,False,never,,,1,1,,,,,0,3
dev_0000704,0,normal,,normal_standard,1,2026-01-25 22:16:01+00:00,False,False,never,,,1,1,,,,,0,1
dev_0000705,0,normal,,normal_standard,1,2026-01-13 11:51:06+00:00,False,False,never,,,1,1,,,,,0,3
dev_0000707,0,normal,,normal_standard,2,2026-01-11 10:18:15+00:00,False,False,never,,,2,2,,,,,0,4
dev_0000708,0,normal,,normal_standard,2,2026-01-04 10:49:25+00:00,False,False,never,,,2,2,,,,,0,2
dev_0000709,0,normal,,normal_standard,2,2026-01-11 06:27:35+00:00,False,False,never,,,2,2,,,,,0,4
dev_0000710,0,normal,,normal_standard,1,2026-01-08 20:48:13+00:00,False,False,never,,,1,1,,,,,0,1
dev_0000711,0,normal,,normal_standard,1,2026-01-20 04:07:31+00:00,False,False,never,,,1,1,,,,,0,3
dev_0000712,0,normal,,normal_standard,1,2026-01-09 23:34:48+00:00,False,False,never,,,1,1,,,,,0,4
dev_0000714,0,normal,,normal_standard,1,2026-01-30 18:22:06+00:00,False,False,never,,,1,1,,,,,0,4
dev_0000715,0,normal,,normal_standard,1,2026-01-09 16:41:31+00:00,False,False,never,,,1,1,,,,,0,4
dev_0000716,0,normal,,normal_standard,3,2026-01-07 20:00:36+00:00,False,False,never,,,3,3,,,,,0,2
dev_0000718,0,normal,,normal_standard,1,2026-01-11 05:14:00+00:00,False,False,never,,,1,1,,,,,0,4
dev_0000719,0,normal,,normal_standard,1,2026-01-04 08:00:41+00:00,False,False,never,,,1,1,,,,,0,0
dev_0000720,0,normal,,normal_standard,1,2026-01-16 20:31:58+00:00,False,False,never,,,1,1,,,,,0,1
dev_0000721,0,normal,,normal_standard,1,2026-01-14 00:19:18+00:00,False,False,never,,,1,1,,,,,0,2
dev_0000723,0,normal,,normal_standard,1,2026-01-05 20:51:01+00:00,False,False,never,,,1,1,,,,,0,4
dev_0000724,0,normal,,normal_standard,1,2026-01-15 02:59:59+00:00,False,False,never,,,1,1,,,,,0,0
dev_0000725,0,normal,,normal_standard,1,2026-01-06 21:31:20+00:00,False,False,never,,,1,1,,,,,0,1
dev_0000726,0,normal,,normal_standard,1,2026-01-17 03:51:20+00:00,False,False,never,,,1,1,,,,,0,4
dev_0000727,0,normal,,normal_standard,1,2026-01-26 08:22:44+00:00,False,False,never,,,1,1,,,,,0,4
dev_0000728,0,normal,,normal_standard,2,2026-01-15 21:03:37+00:00,False,False,never,,,2,2,,,,,0,0
dev_0000729,0,normal,,normal_standard,1,2026-01-11 11:09:35+00:00,False,False,never,,,1,1,,,,,0,3
dev_0000730,0,normal,,normal_standard,1,2026-01-01 11:30:38+00:00,False,False,never,,,1,1,,,,,0,3
dev_0000731,0,normal,,normal_standard,1,2026-01-29 20:16:16+00:00,False,False,never,,,1,1,,,,,0,1
dev_0000734,0,normal,,normal_standard,1,2026-01-10 18:14:47+00:00,False,False,never,,,1,1,,,,,0,3
dev_0000735,0,normal,,normal_standard,2,2026-01-10 02:43:51+00:00,False,False,never,,,2,2,,,,,0,1
dev_0000736,0,normal,,normal_standard,1,2026-01-23 01:02:50+00:00,False,False,never,,,1,1,,,,,0,4
dev_0000737,0,normal,,normal_standard,1,2026-01-19 06:46:22+00:00,False,False,never,,,1,1,,,,,0,0
dev_0000741,0,normal,,normal_standard,3,2026-01-07 16:55:33+00:00,False,False,never,,,3,3,,,,,0,3
dev_0000742,0,normal,,normal_standard,1,2026-01-30 12:19:00+00:00,False,False,never,,,1,1,,,,,0,1
dev_0000743,0,normal,,normal_standard,1,2026-01-05 19:03:08+00:00,False,False,never,,,1,1,,,,,0,4
dev_0000744,0,normal,,normal_standard,1,2026-01-25 04:05:41+00:00,False,False,never,,,1,1,,,,,0,1
dev_0000745,0,normal,,normal_standard,1,2026-01-27 01:54:48+00:00,False,False,never,,,1,1,,,,,0,0
dev_0000747,0,normal,,normal_standard,1,2026-01-24 02:05:17+00:00,False,False,never,,,1,1,,,,,0,3
dev_0000748,0,normal,,normal_standard,2,2026-01-16 01:03:39+00:00,False,False,never,,,2,2,,,,,0,1
dev_0000749,0,normal,,normal_standard,1,2026-01-09 12:25:38+00:00,False,False,never,,,1,1,,,,,0,4
dev_0000750,0,normal,,normal_standard,1,2026-01-26 09:32:55+00:00,False,False,never,,,1,1,,,,,0,3
dev_0000752,0,normal,,normal_standard,1,2026-01-02 06:44:35+00:00,False,False,never,,,1,1,,,,,0,3
dev_0000753,0,normal,,normal_standard,1,2026-01-05 18:14:48+00:00,False,False,never,,,1,1,,,,,0,3
dev_0000756,0,normal,,normal_standard,1,2026-01-03 09:03:28+00:00,False,False,never,,,1,1,,,,,0,4
dev_0000757,0,normal,,normal_standard,1,2026-01-19 23:56:15+00:00,False,False,never,,,1,1,,,,,0,1
dev_0000758,0,normal,,normal_standard,1,2026-01-09 03:58:58+00:00,False,False,never,,,1,1,,,,,0,1
dev_0000759,0,normal,,normal_standard,1,2026-01-22 10:09:18+00:00,False,False,never,,,1,1,,,,,0,2
dev_0000761,0,normal,,normal_standard,1,2026-01-14 12:55:50+00:00,False,False,never,,,1,1,,,,,0,0
dev_0000762,0,normal,,normal_standard,1,2026-01-13 02:19:39+00:00,False,False,never,,,1,1,,,,,0,0
dev_0000763,0,normal,,normal_standard,1,2026-01-28 09:35:14+00:00,False,False,never,,,1,1,,,,,0,1
dev_0000764,0,normal,,normal_standard,1,2026-01-17 23:21:46+00:00,False,False,never,,,1,1,,,,,0,3
dev_0000765,0,normal,,normal_standard,2,2026-01-13 03:04:03+00:00,False,False,never,,,2,2,,,,,0,4
dev_0000767,0,normal,,normal_standard,1,2026-01-22 01:54:24+00:00,False,False,never,,,1,1,,,,,0,1
dev_0000768,0,normal,,normal_standard,1,2026-01-15 04:51:33+00:00,False,False,never,,,1,1,,,,,0,1
dev_0000769,0,normal,,normal_standard,1,2026-01-12 03:11:43+00:00,False,False,never,,,1,1,,,,,0,0
dev_0000770,0,normal,,normal_standard,2,2026-01-08 01:47:57+00:00,False,False,never,,,2,2,,,,,0,1
dev_0000772,0,normal,,normal_standard,1,2026-01-24 22:42:54+00:00,False,False,never,,,1,1,,,,,0,2
dev_0000773,0,normal,,normal_standard,1,2026-01-22 08:31:24+00:00,False,False,never,,,1,1,,,,,0,2
dev_0000774,0,normal,,normal_standard,2,2026-01-13 01:11:08+00:00,False,False,never,,,2,2,,,,,0,0
dev_0000775,0,normal,,normal_standard,1,2026-01-26 06:16:09+00:00,False,False,never,,,1,1,,,,,0,0
dev_0000777,0,normal,,normal_standard,1,2026-01-13 15:10:58+00:00,False,False,never,,,1,1,,,,,0,4
dev_0000778,0,normal,,normal_standard,1,2026-01-22 19:56:50+00:00,False,False,never,,,1,1,,,,,0,2
dev_0000779,0,normal,,normal_standard,1,2026-01-02 12:14:59+00:00,False,False,never,,,1,1,,,,,0,2
dev_0000782,0,normal,,normal_standard,1,2026-01-30 03:11:44+00:00,False,False,never,,,1,1,,,,,0,0
dev_0000783,0,normal,,normal_standard,1,2026-01-16 11:19:25+00:00,False,False,never,,,1,1,,,,,0,0
dev_0000784,0,normal,,normal_standard,1,2026-01-03 12:12:55+00:00,False,False,never,,,1,1,,,,,0,1
dev_0000786,0,normal,,normal_standard,1,2026-01-15 13:33:37+00:00,False,False,never,,,1,1,,,,,0,0
dev_0000788,0,normal,,normal_standard,4,2026-01-21 01:37:03+00:00,False,False,never,,,4,4,,,,,0,1
dev_0000789,0,normal,,normal_standard,1,2026-01-21 11:58:30+00:00,False,False,never,,,1,1,,,,,0,3
dev_0000790,0,normal,,normal_standard,1,2026-01-20 21:46:36+00:00,False,False,never,,,1,1,,,,,0,0
dev_0000792,0,normal,,normal_standard,1,2026-01-18 03:47:50+00:00,False,False,never,,,1,1,,,,,0,2
dev_0000794,0,normal,,normal_standard,1,2026-01-23 05:06:47+00:00,False,False,never,,,1,1,,,,,0,2
dev_0000795,0,normal,,normal_standard,3,2026-01-15 00:12:27+00:00,False,False,never,,,3,3,,,,,0,4
dev_0000796,0,normal,,normal_standard,1,2026-01-16 06:11:53+00:00,False,False,never,,,1,1,,,,,0,4
dev_0000797,0,normal,,normal_standard,1,2026-01-19 10:58:51+00:00,False,False,never,,,1,1,,,,,0,2
dev_0000798,0,normal,,normal_standard,1,2026-01-04 11:23:30+00:00,False,False,never,,,1,1,,,,,0,0
dev_0000799,0,normal,,normal_standard,1,2026-01-14 19:31:59+00:00,False,False,never,,,1,1,,,,,0,4
dev_0000800,0,normal,,normal_standard,1,2026-01-14 12:52:15+00:00,False,False,never,,,1,1,,,,,0,0
dev_0000801,0,normal,,normal_standard,1,2026-01-14 02:47:53+00:00,False,False,never,,,1,1,,,,,0,0
dev_0000803,0,normal,,normal_standard,1,2026-01-04 21:07:36+00:00,False,False,never,,,1,1,,,,,0,3
dev_0000805,0,normal,,normal_standard,1,2026-01-19 16:37:50+00:00,False,False,never,,,1,1,,,,,0,2
dev_0000808,0,normal,,normal_standard,1,2026-01-07 02:08:57+00:00,False,False,never,,,1,1,,,,,0,3
dev_0000810,0,normal,,normal_standard,2,2026-01-03 20:56:21+00:00,False,False,never,,,2,2,,,,,0,3
dev_0000811,0,normal,,normal_standard,1,2026-01-10 00:03:23+00:00,False,False,never,,,1,1,,,,,0,4
dev_0000812,0,normal,,normal_standard,4,2026-01-07 08:52:50+00:00,False,False,never,,,4,4,,,,,0,1
dev_0000814,0,normal,,normal_standard,1,2026-01-28 23:47:48+00:00,False,False,never,,,1,1,,,,,0,2
dev_0000815,0,normal,,normal_standard,2,2026-01-28 08:01:53+00:00,False,False,never,,,2,2,,,,,0,3
dev_0000817,0,normal,,normal_standard,1,2026-01-09 02:50:57+00:00,False,False,never,,,1,1,,,,,0,3
dev_0000821,0,normal,,normal_standard,1,2026-01-07 13:41:42+00:00,False,False,never,,,1,1,,,,,0,0
dev_0000822,0,normal,,normal_standard,1,2026-01-15 18:55:35+00:00,False,False,never,,,1,1,,,,,0,4
dev_0000823,0,normal,,normal_standard,1,2026-01-18 01:11:11+00:00,False,False,never,,,1,1,,,,,0,1
dev_0000824,0,normal,,normal_standard,1,2026-01-21 22:16:38+00:00,False,False,never,,,1,1,,,,,0,2
dev_0000825,0,normal,,normal_standard,1,2026-01-06 15:29:57+00:00,False,False,never,,,1,1,,,,,0,3
dev_0000827,0,normal,,normal_standard,1,2026-01-15 06:41:21+00:00,False,False,never,,,1,1,,,,,0,3
dev_0000829,0,normal,,normal_standard,1,2026-01-17 20:10:48+00:00,False,False,never,,,1,1,,,,,0,3
dev_0000832,0,normal,,normal_standard,1,2026-01-14 18:19:00+00:00,False,False,never,,,1,1,,,,,0,4
dev_0000833,0,normal,,normal_standard,1,2026-01-21 23:50:35+00:00,False,False,never,,,1,1,,,,,0,4
dev_0000834,0,normal,,normal_standard,1,2026-01-12 19:54:13+00:00,False,False,never,,,1,1,,,,,0,1
dev_0000835,0,normal,,normal_standard,1,2026-01-29 19:29:57+00:00,False,False,never,,,1,1,,,,,0,2
dev_0000838,0,normal,,normal_standard,1,2026-01-16 21:28:55+00:00,False,False,never,,,1,1,,,,,0,1
dev_0000841,0,normal,,normal_standard,1,2026-01-12 22:45:24+00:00,False,False,never,,,1,1,,,,,0,0
dev_0000843,0,normal,,normal_standard,1,2026-01-14 00:14:23+00:00,False,False,never,,,1,1,,,,,0,0
dev_0000844,0,normal,,normal_standard,3,2026-01-22 01:30:07+00:00,False,False,never,,,3,3,,,,,0,4
dev_0000846,0,normal,,normal_standard,1,2026-01-15 12:31:47+00:00,False,False,never,,,1,1,,,,,0,1
dev_0000847,0,normal,,normal_standard,1,2026-01-16 09:43:12+00:00,False,False,never,,,1,1,,,,,0,4
dev_0000848,0,normal,,normal_standard,2,2026-01-26 21:34:23+00:00,False,False,never,,,2,2,,,,,0,2
dev_0000849,0,normal,,normal_standard,1,2026-01-20 15:13:31+00:00,False,False,never,,,1,1,,,,,0,2
dev_0000850,0,normal,,normal_standard,1,2026-01-04 16:38:08+00:00,False,False,never,,,1,1,,,,,0,2
dev_0000851,0,normal,,normal_standard,1,2026-01-16 00:09:50+00:00,False,False,never,,,1,1,,,,,0,0
dev_0000852,0,normal,,normal_standard,1,2026-01-28 18:14:31+00:00,False,False,never,,,1,1,,,,,0,4
dev_0000853,0,normal,,normal_standard,1,2026-01-22 21:35:43+00:00,False,False,never,,,1,1,,,,,0,0
dev_0000854,0,normal,,normal_standard,1,2026-01-10 11:50:53+00:00,False,False,never,,,1,1,,,,,0,1
dev_0000855,0,normal,,normal_standard,1,2026-01-05 12:01:28+00:00,False,False,never,,,1,1,,,,,0,0
dev_0000857,0,normal,,normal_standard,1,2026-01-21 20:44:22+00:00,False,False,never,,,1,1,,,,,0,4
dev_0000858,0,normal,,normal_standard,2,2026-01-02 14:59:58+00:00,False,False,never,,,2,2,,,,,0,4
dev_0000859,0,normal,,normal_standard,1,2026-01-26 04:37:43+00:00,False,False,never,,,1,1,,,,,0,2
dev_0000860,0,normal,,normal_standard,1,2026-01-15 15:56:44+00:00,False,False,never,,,1,1,,,,,0,1
dev_0000861,0,normal,,normal_standard,1,2026-01-28 14:06:27+00:00,False,False,never,,,1,1,,,,,0,1
dev_0000862,0,normal,,normal_standard,1,2026-01-06 12:49:51+00:00,False,False,never,,,1,1,,,,,0,1
dev_0000864,0,normal,,normal_standard,1,2026-01-13 11:49:28+00:00,False,False,never,,,1,1,,,,,0,3
dev_0000865,0,normal,,normal_standard,2,2026-01-02 09:07:31+00:00,False,False,never,,,2,2,,,,,0,4
dev_0000866,0,normal,,normal_standard,1,2026-01-11 16:42:11+00:00,False,False,never,,,1,1,,,,,0,3
dev_0000867,0,normal,,normal_standard,1,2026-01-21 04:09:12+00:00,False,False,never,,,1,1,,,,,0,1
dev_0000868,0,normal,,normal_standard,3,2026-01-08 18:35:15+00:00,False,False,never,,,3,3,,,,,0,0
dev_0000869,0,normal,,normal_standard,1,2026-01-05 17:45:31+00:00,False,False,never,,,1,1,,,,,0,3
dev_0000870,0,normal,,normal_standard,1,2026-01-14 01:14:44+00:00,False,False,never,,,1,1,,,,,0,1
dev_0000873,0,normal,,normal_standard,1,2026-01-30 17:34:47+00:00,False,False,never,,,1,1,,,,,0,1
dev_0000875,0,normal,,normal_standard,1,2026-01-15 12:34:24+00:00,False,False,never,,,1,1,,,,,0,2
dev_0000876,0,normal,,normal_standard,1,2026-01-03 16:22:57+00:00,False,False,never,,,1,1,,,,,0,0
dev_0000877,0,normal,,normal_standard,1,2026-01-02 07:38:51+00:00,False,False,never,,,1,1,,,,,0,0
dev_0000878,0,normal,,normal_standard,1,2026-01-01 04:06:48+00:00,False,False,never,,,1,1,,,,,0,3
dev_0000880,0,normal,,normal_standard,2,2026-01-20 18:39:14+00:00,False,False,never,,,2,2,,,,,0,1
dev_0000881,0,normal,,normal_standard,2,2026-01-01 20:53:49+00:00,False,False,never,,,2,2,,,,,0,1
dev_0000882,0,normal,,normal_standard,1,2026-01-09 12:13:28+00:00,False,False,never,,,1,1,,,,,0,0
dev_0000883,0,normal,,normal_standard,1,2026-01-20 10:17:45+00:00,False,False,never,,,1,1,,,,,0,2
dev_0000884,0,normal,,normal_standard,1,2026-01-13 07:35:57+00:00,False,False,never,,,1,1,,,,,0,0
dev_0000885,0,normal,,normal_standard,4,2026-01-13 17:37:37+00:00,False,False,never,,,4,4,,,,,0,4
dev_0000886,0,normal,,normal_standard,1,2026-01-25 15:16:57+00:00,False,False,never,,,1,1,,,,,0,0
dev_0000887,0,normal,,normal_standard,1,2026-01-27 00:17:09+00:00,False,False,never,,,1,1,,,,,0,4
dev_0000888,0,normal,,normal_standard,1,2026-01-14 23:26:23+00:00,False,False,never,,,1,1,,,,,0,0
dev_0000889,0,normal,,normal_standard,1,2026-01-28 02:29:02+00:00,False,False,never,,,1,1,,,,,0,2
dev_0000890,0,normal,,normal_standard,1,2026-01-26 17:35:53+00:00,False,False,never,,,1,1,,,,,0,3
dev_0000891,0,normal,,normal_standard,1,2026-01-21 18:59:30+00:00,False,False,never,,,1,1,,,,,0,2
dev_0000892,0,normal,,normal_standard,1,2026-01-27 18:55:08+00:00,False,False,never,,,1,1,,,,,0,0
dev_0000893,0,normal,,normal_standard,2,2026-01-07 18:17:03+00:00,False,False,never,,,2,2,,,,,0,3
dev_0000894,0,normal,,normal_standard,1,2026-01-02 20:37:07+00:00,False,False,never,,,1,1,,,,,0,1
dev_0000895,0,normal,,normal_standard,1,2026-01-16 02:04:38+00:00,False,False,never,,,1,1,,,,,0,3
dev_0000897,0,normal,,normal_standard,1,2026-01-30 10:07:36+00:00,False,False,never,,,1,1,,,,,0,3
dev_0000898,0,normal,,normal_standard,1,2026-01-02 01:06:51+00:00,False,False,never,,,1,1,,,,,0,3
dev_0000899,0,normal,,normal_standard,1,2026-01-20 21:23:56+00:00,False,False,never,,,1,1,,,,,0,3
dev_0000900,0,normal,,normal_standard,2,2026-01-25 04:35:10+00:00,False,False,never,,,2,2,,,,,0,2
dev_0000902,0,normal,,normal_standard,1,2026-01-19 17:33:02+00:00,False,False,never,,,1,1,,,,,0,3
dev_0000903,0,normal,,normal_standard,1,2026-01-08 21:19:39+00:00,False,False,never,,,1,1,,,,,0,1
dev_0000905,0,normal,,normal_standard,1,2026-01-26 20:47:45+00:00,False,False,never,,,1,1,,,,,0,2
dev_0000907,0,normal,,normal_standard,1,2026-01-01 23:13:32+00:00,False,False,never,,,1,1,,,,,0,4
dev_0000908,0,normal,,normal_standard,1,2026-01-18 00:58:23+00:00,False,False,never,,,1,1,,,,,0,0
dev_0000909,0,normal,,normal_standard,1,2026-01-01 01:11:47+00:00,False,False,never,,,1,1,,,,,0,3
dev_0000910,0,normal,,normal_standard,1,2026-01-29 08:53:52+00:00,False,False,never,,,1,1,,,,,0,2
dev_0000911,0,normal,,normal_standard,1,2026-01-29 11:00:26+00:00,False,False,never,,,1,1,,,,,0,0
dev_0000912,0,normal,,normal_standard,1,2026-01-07 17:15:45+00:00,False,False,never,,,1,1,,,,,0,0
dev_0000913,0,normal,,normal_standard,1,2026-01-13 21:02:48+00:00,False,False,never,,,1,1,,,,,0,3
dev_0000914,0,normal,,normal_standard,1,2026-01-25 02:27:01+00:00,False,False,never,,,1,1,,,,,0,4
dev_0000916,0,normal,,normal_standard,1,2026-01-07 18:10:27+00:00,False,False,never,,,1,1,,,,,0,4
dev_0000917,0,normal,,normal_standard,1,2026-01-11 16:31:04+00:00,False,False,never,,,1,1,,,,,0,4
dev_0000918,0,normal,,normal_standard,1,2026-01-25 05:31:16+00:00,False,False,never,,,1,1,,,,,0,2
dev_0000919,0,normal,,normal_standard,2,2026-01-21 12:29:39+00:00,False,False,never,,,2,2,,,,,0,2
dev_0000920,0,normal,,normal_standard,3,2026-01-04 06:52:23+00:00,False,False,never,,,3,3,,,,,0,0
dev_0000921,0,normal,,normal_standard,1,2026-01-26 04:38:06+00:00,False,False,never,,,1,1,,,,,0,2
dev_0000922,0,normal,,normal_standard,1,2026-01-01 06:50:38+00:00,False,False,never,,,1,1,,,,,0,4
dev_0000923,0,normal,,normal_standard,2,2026-01-10 14:36:58+00:00,False,False,never,,,2,2,,,,,0,2
dev_0000924,0,normal,,normal_standard,1,2026-01-12 14:00:49+00:00,False,False,never,,,1,1,,,,,0,2
dev_0000926,0,normal,,normal_standard,1,2026-01-26 07:23:23+00:00,False,False,never,,,1,1,,,,,0,3
dev_0000928,0,normal,,normal_standard,1,2026-01-13 11:49:33+00:00,False,False,never,,,1,1,,,,,0,0
dev_0000929,0,normal,,normal_standard,1,2026-01-06 08:18:56+00:00,False,False,never,,,1,1,,,,,0,3
dev_0000931,0,normal,,normal_standard,1,2026-01-13 12:01:26+00:00,False,False,never,,,1,1,,,,,0,4
dev_0000932,0,normal,,normal_standard,2,2026-01-14 18:58:41+00:00,False,False,never,,,2,2,,,,,0,2
dev_0000934,0,normal,,normal_standard,1,2026-01-07 14:51:39+00:00,False,False,never,,,1,1,,,,,0,3
dev_0000935,0,normal,,normal_standard,1,2026-01-08 12:13:42+00:00,False,False,never,,,1,1,,,,,0,0
dev_0000936,0,normal,,normal_standard,1,2026-01-04 06:45:57+00:00,False,False,never,,,1,1,,,,,0,0
dev_0000938,0,normal,,normal_standard,1,2026-01-01 19:36:49+00:00,False,False,never,,,1,1,,,,,0,1
dev_0000939,0,normal,,normal_standard,1,2026-01-01 19:43:26+00:00,False,False,never,,,1,1,,,,,0,4
dev_0000940,0,normal,,normal_standard,1,2026-01-08 14:34:19+00:00,False,False,never,,,1,1,,,,,0,2
dev_0000941,0,normal,,normal_standard,1,2026-01-21 13:52:44+00:00,False,False,never,,,1,1,,,,,0,1
dev_0000942,0,normal,,normal_standard,1,2026-01-10 06:01:29+00:00,False,False,never,,,1,1,,,,,0,2
dev_0000943,0,normal,,normal_standard,1,2026-01-08 13:27:47+00:00,False,False,never,,,1,1,,,,,0,2
dev_0000944,0,normal,,normal_standard,1,2026-01-25 03:54:29+00:00,False,False,never,,,1,1,,,,,0,3
dev_0000948,0,normal,,normal_standard,1,2026-01-20 00:05:30+00:00,False,False,never,,,1,1,,,,,0,3
dev_0000949,0,normal,,normal_standard,2,2026-01-24 09:53:26+00:00,False,False,never,,,2,2,,,,,0,3
dev_0000950,0,normal,,normal_standard,1,2026-01-02 22:05:18+00:00,False,False,never,,,1,1,,,,,0,4
dev_0000951,0,normal,,normal_standard,1,2026-01-29 18:53:55+00:00,False,False,never,,,1,1,,,,,0,4
dev_0000952,0,normal,,normal_standard,1,2026-01-22 13:04:26+00:00,False,False,never,,,1,1,,,,,0,2
dev_0000955,0,normal,,normal_standard,1,2026-01-30 08:43:11+00:00,False,False,never,,,1,1,,,,,0,4
dev_0000957,0,normal,,normal_standard,2,2026-01-09 16:42:08+00:00,False,False,never,,,2,2,,,,,0,3
dev_0000958,0,normal,,normal_standard,2,2026-01-15 15:13:08+00:00,False,False,never,,,2,2,,,,,0,0
dev_0000959,0,normal,,normal_standard,1,2026-01-20 18:44:48+00:00,False,False,never,,,1,1,,,,,0,4
dev_0000960,0,normal,,normal_standard,1,2026-01-03 15:21:09+00:00,False,False,never,,,1,1,,,,,0,0
dev_0000962,0,normal,,normal_standard,1,2026-01-14 19:10:50+00:00,False,False,never,,,1,1,,,,,0,2
dev_0000964,0,normal,,normal_standard,1,2026-01-12 21:13:22+00:00,False,False,never,,,1,1,,,,,0,0
dev_0000965,0,normal,,normal_standard,1,2026-01-26 13:04:23+00:00,False,False,never,,,1,1,,,,,0,1
dev_0000966,0,normal,,normal_standard,1,2026-01-19 08:38:30+00:00,False,False,never,,,1,1,,,,,0,0
dev_0000967,0,normal,,normal_standard,1,2026-01-09 21:41:21+00:00,False,False,never,,,1,1,,,,,0,1
dev_0000969,0,normal,,normal_standard,1,2026-01-17 20:03:02+00:00,False,False,never,,,1,1,,,,,0,2
dev_0000971,0,normal,,normal_standard,1,2026-01-14 06:02:30+00:00,False,False,never,,,1,1,,,,,0,4
dev_0000972,0,normal,,normal_standard,2,2026-01-02 04:19:03+00:00,False,False,never,,,2,2,,,,,0,1
dev_0000973,0,normal,,normal_standard,1,2026-01-07 11:36:35+00:00,False,False,never,,,1,1,,,,,0,4
dev_0000974,0,normal,,normal_standard,1,2026-01-09 19:22:00+00:00,False,False,never,,,1,1,,,,,0,3
dev_0000975,0,normal,,normal_standard,1,2026-01-19 11:01:50+00:00,False,False,never,,,1,1,,,,,0,1
dev_0000976,0,normal,,normal_standard,1,2026-01-14 07:57:06+00:00,False,False,never,,,1,1,,,,,0,1
dev_0000977,0,normal,,normal_standard,1,2026-01-04 04:25:51+00:00,False,False,never,,,1,1,,,,,0,4
dev_0000979,0,normal,,normal_standard,1,2026-01-13 23:48:29+00:00,False,False,never,,,1,1,,,,,0,2
dev_0000980,0,normal,,normal_standard,4,2026-01-14 11:12:49+00:00,False,False,never,,,4,4,,,,,0,4
dev_0000981,0,normal,,normal_standard,1,2026-01-21 11:22:28+00:00,False,False,never,,,1,1,,,,,0,4
dev_0000982,0,normal,,normal_standard,1,2026-01-25 02:56:27+00:00,False,False,never,,,1,1,,,,,0,1
dev_0000983,0,normal,,normal_standard,1,2026-01-15 12:30:03+00:00,False,False,never,,,1,1,,,,,0,0
dev_0000985,0,normal,,normal_standard,1,2026-01-16 09:53:23+00:00,False,False,never,,,1,1,,,,,0,0
dev_0000986,0,normal,,normal_standard,1,2026-01-27 21:16:43+00:00,False,False,never,,,1,1,,,,,0,1
dev_0000987,0,normal,,normal_standard,1,2026-01-11 15:55:24+00:00,False,False,never,,,1,1,,,,,0,1
dev_0000988,0,normal,,normal_standard,1,2026-01-18 07:35:17+00:00,False,False,never,,,1,1,,,,,0,1
dev_0000989,0,normal,,normal_standard,1,2026-01-25 02:04:38+00:00,False,False,never,,,1,1,,,,,0,0
dev_0000990,0,normal,,normal_standard,1,2026-01-29 14:23:45+00:00,False,False,never,,,1,1,,,,,0,1
dev_0000991,0,normal,,normal_standard,2,2026-01-18 21:32:20+00:00,False,False,never,,,2,2,,,,,0,0
dev_0000993,0,normal,,normal_standard,1,2026-01-12 04:53:04+00:00,False,False,never,,,1,1,,,,,0,4
dev_0000994,0,normal,,normal_standard,1,2026-01-23 22:26:49+00:00,False,False,never,,,1,1,,,,,0,1
dev_0000995,0,normal,,normal_standard,1,2026-01-05 14:03:51+00:00,False,False,never,,,1,1,,,,,0,3
dev_0000997,0,normal,,normal_standard,1,2026-01-14 03:54:46+00:00,False,False,never,,,1,1,,,,,0,0
dev_0000998,0,normal,,normal_standard,1,2026-01-02 22:10:19+00:00,False,False,never,,,1,1,,,,,0,0
dev_0000999,0,normal,,normal_standard,1,2026-01-27 11:43:30+00:00,False,False,never,,,1,1,,,,,0,0
dev_0001000,0,normal,,normal_standard,1,2026-01-09 23:07:46+00:00,False,False,never,,,1,1,,,,,0,0
dev_0001002,0,normal,,normal_standard,1,2026-01-11 04:22:16+00:00,False,False,never,,,1,1,,,,,0,2
dev_0001003,0,normal,,normal_standard,1,2026-01-30 19:02:33+00:00,False,False,never,,,1,1,,,,,0,3
dev_0001004,0,normal,,normal_standard,1,2026-01-04 15:11:57+00:00,False,False,never,,,1,1,,,,,0,4
dev_0001008,0,normal,,normal_standard,2,2026-01-21 23:26:43+00:00,False,False,never,,,2,2,,,,,0,0
dev_0001009,0,normal,,normal_standard,1,2026-01-09 23:56:08+00:00,False,False,never,,,1,1,,,,,0,4
dev_0001010,0,normal,,normal_standard,1,2026-01-29 20:46:40+00:00,False,False,never,,,1,1,,,,,0,3
dev_0001011,0,normal,,normal_standard,1,2026-01-19 04:10:48+00:00,False,False,never,,,1,1,,,,,0,3
dev_0001012,0,normal,,normal_standard,2,2026-01-18 15:24:09+00:00,False,False,never,,,2,2,,,,,0,4
dev_0001013,0,normal,,normal_standard,1,2026-01-09 04:01:25+00:00,False,False,never,,,1,1,,,,,0,2
dev_0001014,0,normal,,normal_standard,1,2026-01-11 02:07:49+00:00,False,False,never,,,1,1,,,,,0,1
dev_0001015,0,normal,,normal_standard,1,2026-01-08 03:41:35+00:00,False,False,never,,,1,1,,,,,0,1
dev_0001016,0,normal,,normal_standard,2,2026-01-13 23:26:54+00:00,False,False,never,,,2,2,,,,,0,3
dev_0001017,0,normal,,normal_standard,1,2026-01-23 09:40:32+00:00,False,False,never,,,1,1,,,,,0,1
dev_0001018,0,normal,,normal_standard,3,2026-01-27 14:40:53+00:00,False,False,never,,,3,3,,,,,0,2
dev_0001019,0,normal,,normal_standard,2,2026-01-03 23:18:39+00:00,False,False,never,,,2,2,,,,,0,2
dev_0001020,0,normal,,normal_standard,2,2026-01-19 05:00:12+00:00,False,False,never,,,2,2,,,,,0,0
dev_0001022,0,normal,,normal_standard,2,2026-01-28 08:03:48+00:00,False,False,never,,,2,2,,,,,0,3
dev_0001023,0,normal,,normal_standard,1,2026-01-05 06:20:43+00:00,False,False,never,,,1,1,,,,,0,4
dev_0001024,0,normal,,normal_standard,1,2026-01-04 22:23:16+00:00,False,False,never,,,1,1,,,,,0,2
dev_0001025,0,normal,,normal_standard,1,2026-01-09 18:59:41+00:00,False,False,never,,,1,1,,,,,0,0
dev_0001026,0,normal,,normal_standard,2,2026-01-17 04:32:39+00:00,False,False,never,,,2,2,,,,,0,1
dev_0001028,0,normal,,normal_standard,1,2026-01-11 20:25:31+00:00,False,False,never,,,1,1,,,,,0,4
dev_0001029,0,normal,,normal_standard,1,2026-01-14 00:06:48+00:00,False,False,never,,,1,1,,,,,0,2
dev_0001032,0,normal,,normal_standard,1,2026-01-16 23:32:30+00:00,False,False,never,,,1,1,,,,,0,2
dev_0001033,0,normal,,normal_standard,1,2026-01-26 20:30:05+00:00,False,False,never,,,1,1,,,,,0,4
dev_0001034,0,normal,,normal_standard,2,2026-01-10 12:25:04+00:00,False,False,never,,,2,2,,,,,0,2
dev_0001035,0,normal,,normal_standard,1,2026-01-21 21:04:10+00:00,False,False,never,,,1,1,,,,,0,2
dev_0001036,0,normal,,normal_standard,1,2026-01-14 09:42:15+00:00,False,False,never,,,1,1,,,,,0,3
dev_0001038,0,normal,,normal_standard,1,2026-01-26 13:28:32+00:00,False,False,never,,,1,1,,,,,0,0
dev_0001040,0,normal,,normal_standard,1,2026-01-28 14:34:04+00:00,False,False,never,,,1,1,,,,,0,3
dev_0001041,0,normal,,normal_standard,1,2026-01-04 12:30:58+00:00,False,False,never,,,1,1,,,,,0,4
dev_0001042,0,normal,,normal_standard,2,2026-01-30 07:27:53+00:00,False,False,never,,,2,2,,,,,0,0
dev_0001044,0,normal,,normal_standard,1,2026-01-26 14:38:40+00:00,False,False,never,,,1,1,,,,,0,1
dev_0001045,0,normal,,normal_standard,1,2026-01-11 16:47:51+00:00,False,False,never,,,1,1,,,,,0,3
dev_0001047,0,normal,,normal_standard,1,2026-01-05 06:54:22+00:00,False,False,never,,,1,1,,,,,0,0
dev_0001048,0,normal,,normal_standard,2,2026-01-29 10:10:25+00:00,False,False,never,,,2,2,,,,,0,3
dev_0001049,0,normal,,normal_standard,1,2026-01-22 15:13:30+00:00,False,False,never,,,1,1,,,,,0,2
dev_0001050,0,normal,,normal_standard,1,2026-01-11 21:01:03+00:00,False,False,never,,,1,1,,,,,0,1
dev_0001051,0,normal,,normal_standard,1,2026-01-01 05:07:13+00:00,False,False,never,,,1,1,,,,,0,3
dev_0001053,0,normal,,normal_standard,1,2026-01-10 17:12:55+00:00,False,False,never,,,1,1,,,,,0,4
dev_0001054,0,normal,,normal_standard,1,2026-01-13 23:59:51+00:00,False,False,never,,,1,1,,,,,0,4
dev_0001055,0,normal,,normal_standard,1,2026-01-13 22:10:30+00:00,False,False,never,,,1,1,,,,,0,4
dev_0001056,0,normal,,normal_standard,1,2026-01-19 04:48:06+00:00,False,False,never,,,1,1,,,,,0,2
dev_0001057,0,normal,,normal_standard,2,2026-01-09 17:22:19+00:00,False,False,never,,,2,2,,,,,0,2
dev_0001059,0,normal,,normal_standard,1,2026-01-20 04:05:31+00:00,False,False,never,,,1,1,,,,,0,0
dev_0001060,0,normal,,normal_standard,1,2026-01-14 20:37:26+00:00,False,False,never,,,1,1,,,,,0,1
dev_0001061,0,normal,,normal_standard,1,2026-01-21 07:46:41+00:00,False,False,never,,,1,1,,,,,0,4
dev_0001062,0,normal,,normal_standard,1,2026-01-20 10:27:15+00:00,False,False,never,,,1,1,,,,,0,0
dev_0001063,0,normal,,normal_standard,1,2026-01-02 04:23:55+00:00,False,False,never,,,1,1,,,,,0,4
dev_0001064,0,normal,,normal_standard,1,2026-01-10 13:27:28+00:00,False,False,never,,,1,1,,,,,0,1
dev_0001065,0,normal,,normal_standard,1,2026-01-07 18:04:00+00:00,False,False,never,,,1,1,,,,,0,1
dev_0001066,0,normal,,normal_standard,1,2026-01-30 01:43:09+00:00,False,False,never,,,1,1,,,,,0,2
dev_0001068,0,normal,,normal_standard,1,2026-01-17 15:05:27+00:00,False,False,never,,,1,1,,,,,0,2
dev_0001069,0,normal,,normal_standard,2,2026-01-22 05:46:00+00:00,False,False,never,,,2,2,,,,,0,2
dev_0001070,0,normal,,normal_standard,1,2026-01-04 04:37:35+00:00,False,False,never,,,1,1,,,,,0,4
dev_0001071,0,normal,,normal_standard,1,2026-01-10 22:15:21+00:00,False,False,never,,,1,1,,,,,0,4
dev_0001072,0,normal,,normal_standard,1,2026-01-13 01:50:57+00:00,False,False,never,,,1,1,,,,,0,2
dev_0001074,0,normal,,normal_standard,1,2026-01-17 23:03:32+00:00,False,False,never,,,1,1,,,,,0,4
dev_0001076,0,normal,,normal_standard,1,2026-01-05 00:01:54+00:00,False,False,never,,,1,1,,,,,0,0
dev_0001077,0,normal,,normal_standard,1,2026-01-13 11:06:36+00:00,False,False,never,,,1,1,,,,,0,1
dev_0001078,0,normal,,normal_standard,3,2026-01-23 23:05:24+00:00,False,False,never,,,3,3,,,,,0,2
dev_0001079,0,normal,,normal_standard,1,2026-01-22 21:12:34+00:00,False,False,never,,,1,1,,,,,0,3
dev_0001080,0,normal,,normal_standard,3,2026-01-30 01:57:11+00:00,False,False,never,,,3,3,,,,,0,1
dev_0001081,0,normal,,normal_standard,2,2026-01-17 18:45:43+00:00,False,False,never,,,2,2,,,,,0,0
dev_0001082,0,normal,,normal_standard,2,2026-01-15 22:00:51+00:00,False,False,never,,,2,2,,,,,0,3
dev_0001083,0,normal,,normal_standard,1,2026-01-08 20:59:52+00:00,False,False,never,,,1,1,,,,,0,1
dev_0001084,0,normal,,normal_standard,1,2026-01-09 22:52:45+00:00,False,False,never,,,1,1,,,,,0,2
dev_0001085,0,normal,,normal_standard,1,2026-01-16 04:36:34+00:00,False,False,never,,,1,1,,,,,0,2
dev_0001086,0,normal,,normal_standard,1,2026-01-26 23:30:51+00:00,False,False,never,,,1,1,,,,,0,3
dev_0001087,0,normal,,normal_standard,1,2026-01-26 16:04:06+00:00,False,False,never,,,1,1,,,,,0,4
dev_0001088,0,normal,,normal_standard,1,2026-01-07 01:55:51+00:00,False,False,never,,,1,1,,,,,0,1
dev_0001089,0,normal,,normal_standard,1,2026-01-11 21:49:46+00:00,False,False,never,,,1,1,,,,,0,3
dev_0001090,0,normal,,normal_standard,1,2026-01-19 02:39:37+00:00,False,False,never,,,1,1,,,,,0,1
dev_0001091,0,normal,,normal_standard,1,2026-01-09 15:41:14+00:00,False,False,never,,,1,1,,,,,0,2
dev_0001093,0,normal,,normal_standard,1,2026-01-05 02:45:50+00:00,False,False,never,,,1,1,,,,,0,1
dev_0001095,0,normal,,normal_standard,1,2026-01-21 10:14:50+00:00,False,False,never,,,1,1,,,,,0,1
dev_0001096,0,normal,,normal_standard,1,2026-01-26 22:19:36+00:00,False,False,never,,,1,1,,,,,0,3
dev_0001098,0,normal,,normal_standard,1,2026-01-29 12:49:36+00:00,False,False,never,,,1,1,,,,,0,1
dev_0001099,0,normal,,normal_standard,1,2026-01-21 16:23:13+00:00,False,False,never,,,1,1,,,,,0,0
dev_0001100,0,normal,,normal_standard,1,2026-01-21 01:47:58+00:00,False,False,never,,,1,1,,,,,0,4
dev_0001101,0,normal,,normal_standard,1,2026-01-17 23:35:28+00:00,False,False,never,,,1,1,,,,,0,4
dev_0001102,0,normal,,normal_standard,1,2026-01-23 07:48:46+00:00,False,False,never,,,1,1,,,,,0,0
dev_0001104,0,normal,,normal_standard,1,2026-01-06 10:38:12+00:00,False,False,never,,,1,1,,,,,0,2
dev_0001105,0,normal,,normal_standard,1,2026-01-28 21:54:02+00:00,False,False,never,,,1,1,,,,,0,0
dev_0001106,0,normal,,normal_standard,1,2026-01-24 15:18:24+00:00,False,False,never,,,1,1,,,,,0,2
dev_0001107,0,normal,,normal_standard,1,2026-01-19 11:33:34+00:00,False,False,never,,,1,1,,,,,0,0
dev_0001108,0,normal,,normal_standard,2,2026-01-26 02:31:23+00:00,False,False,never,,,2,2,,,,,0,1
dev_0001109,0,normal,,normal_standard,1,2026-01-24 02:41:35+00:00,False,False,never,,,1,1,,,,,0,3
dev_0001110,0,normal,,normal_standard,1,2026-01-10 09:03:41+00:00,False,False,never,,,1,1,,,,,0,3
dev_0001111,0,normal,,normal_standard,1,2026-01-19 08:20:41+00:00,False,False,never,,,1,1,,,,,0,1
dev_0001112,0,normal,,normal_standard,1,2026-01-08 07:44:31+00:00,False,False,never,,,1,1,,,,,0,2
dev_0001114,0,normal,,normal_standard,1,2026-01-24 21:10:40+00:00,False,False,never,,,1,1,,,,,0,4
dev_0001115,0,normal,,normal_standard,1,2026-01-16 13:37:49+00:00,False,False,never,,,1,1,,,,,0,0
dev_0001116,0,normal,,normal_standard,1,2026-01-17 12:12:40+00:00,False,False,never,,,1,1,,,,,0,2
dev_0001117,0,normal,,normal_standard,1,2026-01-30 09:20:24+00:00,False,False,never,,,1,1,,,,,0,3
dev_0001118,0,normal,,normal_standard,1,2026-01-25 22:43:54+00:00,False,False,never,,,1,1,,,,,0,3
dev_0001120,0,normal,,normal_standard,1,2026-01-21 17:22:55+00:00,False,False,never,,,1,1,,,,,0,1
dev_0001121,0,normal,,normal_standard,1,2026-01-28 07:14:40+00:00,False,False,never,,,1,1,,,,,0,1
dev_0001122,0,normal,,normal_standard,1,2026-01-03 22:47:43+00:00,False,False,never,,,1,1,,,,,0,4
dev_0001123,0,normal,,normal_standard,1,2026-01-23 12:41:50+00:00,False,False,never,,,1,1,,,,,0,4
dev_0001124,0,normal,,normal_standard,2,2026-01-16 03:16:31+00:00,False,False,never,,,2,2,,,,,0,3
dev_0001126,0,normal,,normal_standard,1,2026-01-15 08:24:27+00:00,False,False,never,,,1,1,,,,,0,1
dev_0001127,0,normal,,normal_standard,1,2026-01-22 08:47:43+00:00,False,False,never,,,1,1,,,,,0,1
dev_0001129,0,normal,,normal_standard,1,2026-01-14 20:51:00+00:00,False,False,never,,,1,1,,,,,0,2
dev_0001131,0,normal,,normal_standard,1,2026-01-21 14:14:33+00:00,False,False,never,,,1,1,,,,,0,2
dev_0001132,0,normal,,normal_standard,1,2026-01-12 12:26:32+00:00,False,False,never,,,1,1,,,,,0,2
dev_0001133,0,normal,,normal_standard,1,2026-01-25 04:54:28+00:00,False,False,never,,,1,1,,,,,0,4
dev_0001134,0,normal,,normal_standard,1,2026-01-21 23:04:17+00:00,False,False,never,,,1,1,,,,,0,4
dev_0001135,0,normal,,normal_standard,1,2026-01-29 10:32:21+00:00,False,False,never,,,1,1,,,,,0,4
dev_0001136,0,normal,,normal_standard,1,2026-01-08 16:36:30+00:00,False,False,never,,,1,1,,,,,0,4
dev_0001137,0,normal,,normal_standard,1,2026-01-18 20:51:12+00:00,False,False,never,,,1,1,,,,,0,0
dev_0001138,0,normal,,normal_standard,1,2026-01-11 11:26:48+00:00,False,False,never,,,1,1,,,,,0,2
dev_0001139,0,normal,,normal_standard,1,2026-01-26 11:30:23+00:00,False,False,never,,,1,1,,,,,0,2
dev_0001140,0,normal,,normal_standard,1,2026-01-06 23:39:19+00:00,False,False,never,,,1,1,,,,,0,2
dev_0001141,0,normal,,normal_standard,3,2026-01-23 04:27:51+00:00,False,False,never,,,3,3,,,,,0,4
dev_0001142,0,normal,,normal_standard,1,2026-01-27 08:39:36+00:00,False,False,never,,,1,1,,,,,0,0
dev_0001143,0,normal,,normal_standard,1,2026-01-02 07:37:37+00:00,False,False,never,,,1,1,,,,,0,3
dev_0001144,0,normal,,normal_standard,1,2026-01-13 01:34:44+00:00,False,False,never,,,1,1,,,,,0,1
dev_0001145,0,normal,,normal_standard,1,2026-01-07 00:05:55+00:00,False,False,never,,,1,1,,,,,0,4
dev_0001146,0,normal,,normal_standard,2,2026-01-25 01:45:57+00:00,False,False,never,,,2,2,,,,,0,1
dev_0001148,0,normal,,normal_standard,1,2026-01-25 00:12:38+00:00,False,False,never,,,1,1,,,,,0,4
dev_0001149,0,normal,,normal_standard,1,2026-01-23 23:36:43+00:00,False,False,never,,,1,1,,,,,0,1
dev_0001150,0,normal,,normal_standard,1,2026-01-12 13:19:21+00:00,False,False,never,,,1,1,,,,,0,3
dev_0001151,0,normal,,normal_standard,1,2026-01-29 22:56:59+00:00,False,False,never,,,1,1,,,,,0,4
dev_0001152,0,normal,,normal_standard,1,2026-01-22 10:19:10+00:00,False,False,never,,,1,1,,,,,0,2
dev_0001153,0,normal,,normal_standard,1,2026-01-16 09:26:58+00:00,False,False,never,,,1,1,,,,,0,4
dev_0001154,0,normal,,normal_standard,2,2026-01-25 22:05:00+00:00,False,False,never,,,2,2,,,,,0,3
dev_0001155,0,normal,,normal_standard,1,2026-01-13 16:18:27+00:00,False,False,never,,,1,1,,,,,0,2
dev_0001157,0,normal,,normal_standard,1,2026-01-13 05:10:56+00:00,False,False,never,,,1,1,,,,,0,0
dev_0001159,0,normal,,normal_standard,1,2026-01-30 17:25:24+00:00,False,False,never,,,1,1,,,,,0,2
dev_0001160,0,normal,,normal_standard,1,2026-01-13 07:08:41+00:00,False,False,never,,,1,1,,,,,0,1
dev_0001162,0,normal,,normal_standard,1,2026-01-07 06:29:11+00:00,False,False,never,,,1,1,,,,,0,4
dev_0001163,0,normal,,normal_standard,1,2026-01-01 07:12:32+00:00,False,False,never,,,1,1,,,,,0,3
dev_0001164,0,normal,,normal_standard,2,2026-01-11 19:18:15+00:00,False,False,never,,,2,2,,,,,0,0
dev_0001165,0,normal,,normal_standard,1,2026-01-27 00:03:50+00:00,False,False,never,,,1,1,,,,,0,3
dev_0001166,0,normal,,normal_standard,1,2026-01-25 00:43:11+00:00,False,False,never,,,1,1,,,,,0,1
dev_0001167,0,normal,,normal_standard,1,2026-01-04 21:41:43+00:00,False,False,never,,,1,1,,,,,0,1
dev_0001168,0,normal,,normal_standard,1,2026-01-14 17:56:31+00:00,False,False,never,,,1,1,,,,,0,1
dev_0001169,0,normal,,normal_standard,1,2026-01-10 11:41:13+00:00,False,False,never,,,1,1,,,,,0,2
dev_0001170,0,normal,,normal_standard,1,2026-01-06 03:14:16+00:00,False,False,never,,,1,1,,,,,0,4
dev_0001171,0,normal,,normal_standard,1,2026-01-09 15:50:35+00:00,False,False,never,,,1,1,,,,,0,4
dev_0001172,0,normal,,normal_standard,1,2026-01-16 07:18:16+00:00,False,False,never,,,1,1,,,,,0,1
dev_0001173,0,normal,,normal_standard,2,2026-01-25 00:35:41+00:00,False,False,never,,,2,2,,,,,0,2
dev_0001174,0,normal,,normal_standard,1,2026-01-16 03:01:03+00:00,False,False,never,,,1,1,,,,,0,0
dev_0001175,0,normal,,normal_standard,1,2026-01-02 15:32:34+00:00,False,False,never,,,1,1,,,,,0,1
dev_0001176,0,normal,,normal_standard,1,2026-01-17 08:47:04+00:00,False,False,never,,,1,1,,,,,0,4
dev_0001177,0,normal,,normal_standard,1,2026-01-12 01:33:24+00:00,False,False,never,,,1,1,,,,,0,1
dev_0001178,0,normal,,normal_standard,1,2026-01-18 09:11:36+00:00,False,False,never,,,1,1,,,,,0,2
dev_0001179,0,normal,,normal_standard,1,2026-01-24 05:27:24+00:00,False,False,never,,,1,1,,,,,0,4
dev_0001180,0,normal,,normal_standard,1,2026-01-23 20:36:36+00:00,False,False,never,,,1,1,,,,,0,1
dev_0001181,0,normal,,normal_standard,1,2026-01-06 14:33:10+00:00,False,False,never,,,1,1,,,,,0,4
dev_0001183,0,normal,,normal_standard,2,2026-01-09 12:36:35+00:00,False,False,never,,,2,2,,,,,0,2
dev_0001184,0,normal,,normal_standard,2,2026-01-27 16:18:07+00:00,False,False,never,,,2,2,,,,,0,1
dev_0001185,0,normal,,normal_standard,1,2026-01-05 01:21:48+00:00,False,False,never,,,1,1,,,,,0,2
dev_0001186,0,normal,,normal_standard,1,2026-01-07 23:05:36+00:00,False,False,never,,,1,1,,,,,0,1
dev_0001187,0,normal,,normal_standard,1,2026-01-02 06:32:01+00:00,False,False,never,,,1,1,,,,,0,4
dev_0001188,0,normal,,normal_standard,2,2026-01-15 00:24:33+00:00,False,False,never,,,2,2,,,,,0,1
dev_0001189,0,normal,,normal_standard,1,2026-01-15 12:43:58+00:00,False,False,never,,,1,1,,,,,0,4
dev_0001192,0,normal,,normal_standard,1,2026-01-10 00:11:13+00:00,False,False,never,,,1,1,,,,,0,1
dev_0001193,0,normal,,normal_standard,2,2026-01-24 09:00:18+00:00,False,False,never,,,2,2,,,,,0,0
dev_0001195,0,normal,,normal_standard,1,2026-01-15 00:52:22+00:00,False,False,never,,,1,1,,,,,0,1
dev_0001196,0,normal,,normal_standard,2,2026-01-29 06:45:09+00:00,False,False,never,,,2,2,,,,,0,2
dev_0001197,0,normal,,normal_standard,1,2026-01-12 15:23:16+00:00,False,False,never,,,1,1,,,,,0,0
dev_0001198,0,normal,,normal_standard,1,2026-01-18 08:37:14+00:00,False,False,never,,,1,1,,,,,0,1
dev_0001200,0,normal,,normal_standard,1,2026-01-24 10:33:15+00:00,False,False,never,,,1,1,,,,,0,2
dev_0001201,0,normal,,normal_standard,1,2026-01-15 05:51:04+00:00,False,False,never,,,1,1,,,,,0,0
dev_0001202,0,normal,,normal_standard,1,2026-01-14 06:28:09+00:00,False,False,never,,,1,1,,,,,0,3
dev_0001203,0,normal,,normal_standard,2,2026-01-26 23:56:49+00:00,False,False,never,,,2,2,,,,,0,3
dev_0001204,0,normal,,normal_standard,1,2026-01-26 10:16:24+00:00,False,False,never,,,1,1,,,,,0,3
dev_0001205,0,normal,,normal_standard,1,2026-01-10 23:34:45+00:00,False,False,never,,,1,1,,,,,0,2
dev_0001206,0,normal,,normal_standard,3,2026-01-18 22:17:03+00:00,False,False,never,,,3,3,,,,,0,2
dev_0001207,0,normal,,normal_standard,1,2026-01-12 12:54:08+00:00,False,False,never,,,1,1,,,,,0,1
dev_0001208,0,normal,,normal_standard,1,2026-01-23 06:08:12+00:00,False,False,never,,,1,1,,,,,0,4
dev_0001209,0,normal,,normal_standard,2,2026-01-10 10:07:17+00:00,False,False,never,,,2,2,,,,,0,0
dev_0001211,0,normal,,normal_standard,2,2026-01-18 19:39:24+00:00,False,False,never,,,2,2,,,,,0,3
dev_0001215,0,normal,,normal_standard,1,2026-01-03 00:55:58+00:00,False,False,never,,,1,1,,,,,0,0
dev_0001216,0,normal,,normal_standard,1,2026-01-13 17:25:28+00:00,False,False,never,,,1,1,,,,,0,3
dev_0001217,0,normal,,normal_standard,1,2026-01-06 01:28:49+00:00,False,False,never,,,1,1,,,,,0,3
dev_0001218,0,normal,,normal_standard,1,2026-01-03 09:40:37+00:00,False,False,never,,,1,1,,,,,0,0
dev_0001219,0,normal,,normal_standard,3,2026-01-30 09:52:29+00:00,False,False,never,,,3,3,,,,,0,1
dev_0001220,0,normal,,normal_standard,1,2026-01-02 17:50:45+00:00,False,False,never,,,1,1,,,,,0,3
dev_0001221,0,normal,,normal_standard,1,2026-01-26 05:58:33+00:00,False,False,never,,,1,1,,,,,0,3
dev_0001222,0,normal,,normal_standard,1,2026-01-07 11:21:47+00:00,False,False,never,,,1,1,,,,,0,4
dev_0001223,0,normal,,normal_standard,1,2026-01-11 08:27:56+00:00,False,False,never,,,1,1,,,,,0,2
dev_0001224,0,normal,,normal_standard,2,2026-01-04 07:29:21+00:00,False,False,never,,,2,2,,,,,0,4
dev_0001226,0,normal,,normal_standard,1,2026-01-10 18:37:10+00:00,False,False,never,,,1,1,,,,,0,1
dev_0001228,0,normal,,normal_standard,1,2026-01-02 22:12:20+00:00,False,False,never,,,1,1,,,,,0,4
dev_0001229,0,normal,,normal_standard,3,2026-01-12 01:44:24+00:00,False,False,never,,,3,3,,,,,0,3
dev_0001230,0,normal,,normal_standard,1,2026-01-05 04:52:45+00:00,False,False,never,,,1,1,,,,,0,4
dev_0001231,0,normal,,normal_standard,1,2026-01-04 23:02:35+00:00,False,False,never,,,1,1,,,,,0,0
dev_0001233,0,normal,,normal_standard,1,2026-01-21 13:21:25+00:00,False,False,never,,,1,1,,,,,0,2
dev_0001234,0,normal,,normal_standard,3,2026-01-08 01:11:20+00:00,False,False,never,,,3,3,,,,,0,0
dev_0001236,0,normal,,normal_standard,2,2026-01-24 02:01:24+00:00,False,False,never,,,2,2,,,,,0,2
dev_0001237,0,normal,,normal_standard,1,2026-01-02 01:36:16+00:00,False,False,never,,,1,1,,,,,0,1
dev_0001238,0,normal,,normal_standard,1,2026-01-30 13:09:37+00:00,False,False,never,,,1,1,,,,,0,2
dev_0001239,0,normal,,normal_standard,1,2026-01-19 05:24:16+00:00,False,False,never,,,1,1,,,,,0,2
dev_0001241,0,normal,,normal_standard,2,2026-01-16 12:39:45+00:00,False,False,never,,,2,2,,,,,0,1
dev_0001242,0,normal,,normal_standard,3,2026-01-22 01:42:29+00:00,False,False,never,,,3,3,,,,,0,1
dev_0001243,0,normal,,normal_standard,1,2026-01-26 09:46:24+00:00,False,False,never,,,1,1,,,,,0,1
dev_0001244,0,normal,,normal_standard,1,2026-01-07 04:47:06+00:00,False,False,never,,,1,1,,,,,0,1
dev_0001245,0,normal,,normal_standard,4,2026-01-09 00:26:27+00:00,False,False,never,,,4,4,,,,,0,4
dev_0001246,0,normal,,normal_standard,1,2026-01-14 10:36:47+00:00,False,False,never,,,1,1,,,,,0,4
dev_0001247,0,normal,,normal_standard,1,2026-01-22 07:43:46+00:00,False,False,never,,,1,1,,,,,0,4
dev_0001248,0,normal,,normal_standard,1,2026-01-28 11:21:39+00:00,False,False,never,,,1,1,,,,,0,3
dev_0001249,0,normal,,normal_standard,1,2026-01-12 03:25:22+00:00,False,False,never,,,1,1,,,,,0,4
dev_0001250,0,normal,,normal_standard,1,2026-01-09 03:42:49+00:00,False,False,never,,,1,1,,,,,0,3
dev_0001251,0,normal,,normal_standard,1,2026-01-18 14:22:39+00:00,False,False,never,,,1,1,,,,,0,2
dev_0001252,0,normal,,normal_standard,1,2026-01-20 04:21:45+00:00,False,False,never,,,1,1,,,,,0,2
dev_0001254,0,normal,,normal_standard,2,2026-01-12 12:42:53+00:00,False,False,never,,,2,2,,,,,0,3
dev_0001255,0,normal,,normal_standard,2,2026-01-08 19:43:14+00:00,False,False,never,,,2,2,,,,,0,2
dev_0001256,0,normal,,normal_standard,2,2026-01-26 08:55:57+00:00,False,False,never,,,2,2,,,,,0,4
dev_0001257,0,normal,,normal_standard,1,2026-01-02 18:37:03+00:00,False,False,never,,,1,1,,,,,0,0
dev_0001258,0,normal,,normal_standard,2,2026-01-23 16:12:12+00:00,False,False,never,,,2,2,,,,,0,1
dev_0001260,0,normal,,normal_standard,1,2026-01-20 18:57:11+00:00,False,False,never,,,1,1,,,,,0,2
dev_0001261,0,normal,,normal_standard,4,2026-01-02 03:12:58+00:00,False,False,never,,,4,4,,,,,0,3
dev_0001262,0,normal,,normal_standard,1,2026-01-11 01:01:59+00:00,False,False,never,,,1,1,,,,,0,1
dev_0001263,0,normal,,normal_standard,2,2026-01-21 12:59:13+00:00,False,False,never,,,2,2,,,,,0,1
dev_0001264,0,normal,,normal_standard,1,2026-01-20 00:27:00+00:00,False,False,never,,,1,1,,,,,0,3
dev_0001266,0,normal,,normal_standard,1,2026-01-27 19:27:54+00:00,False,False,never,,,1,1,,,,,0,3
dev_0001267,0,normal,,normal_standard,2,2026-01-18 19:33:55+00:00,False,False,never,,,2,2,,,,,0,3
dev_0001268,0,normal,,normal_standard,2,2026-01-16 21:31:05+00:00,False,False,never,,,2,2,,,,,0,0
dev_0001270,0,normal,,normal_standard,1,2026-01-11 22:16:26+00:00,False,False,never,,,1,1,,,,,0,2
dev_0001272,0,normal,,normal_standard,1,2026-01-02 07:40:35+00:00,False,False,never,,,1,1,,,,,0,0
dev_0001273,0,normal,,normal_standard,2,2026-01-13 07:27:06+00:00,False,False,never,,,2,2,,,,,0,3
dev_0001274,0,normal,,normal_standard,1,2026-01-18 19:38:17+00:00,False,False,never,,,1,1,,,,,0,1
dev_0001275,0,normal,,normal_standard,2,2026-01-20 01:15:43+00:00,False,False,never,,,2,2,,,,,0,4
dev_0001276,0,normal,,normal_standard,1,2026-01-09 10:31:43+00:00,False,False,never,,,1,1,,,,,0,1
dev_0001278,0,normal,,normal_standard,3,2026-01-04 21:48:37+00:00,False,False,never,,,3,3,,,,,0,3
dev_0001279,0,normal,,normal_standard,1,2026-01-11 05:29:42+00:00,False,False,never,,,1,1,,,,,0,2
dev_0001280,0,normal,,normal_standard,1,2026-01-09 16:37:37+00:00,False,False,never,,,1,1,,,,,0,4
dev_0001282,0,normal,,normal_standard,1,2026-01-14 20:20:30+00:00,False,False,never,,,1,1,,,,,0,1
dev_0001283,0,normal,,normal_standard,1,2026-01-24 18:24:07+00:00,False,False,never,,,1,1,,,,,0,0
dev_0001284,0,normal,,normal_standard,1,2026-01-18 10:32:22+00:00,False,False,never,,,1,1,,,,,0,4
dev_0001286,0,normal,,normal_standard,1,2026-01-05 05:11:05+00:00,False,False,never,,,1,1,,,,,0,1
dev_0001287,0,normal,,normal_standard,1,2026-01-15 09:33:23+00:00,False,False,never,,,1,1,,,,,0,3
dev_0001288,0,normal,,normal_standard,1,2026-01-17 21:17:58+00:00,False,False,never,,,1,1,,,,,0,4
dev_0001289,0,normal,,normal_standard,1,2026-01-17 03:20:35+00:00,False,False,never,,,1,1,,,,,0,3
dev_0001290,0,normal,,normal_standard,1,2026-01-03 10:19:56+00:00,False,False,never,,,1,1,,,,,0,2
dev_0001291,0,normal,,normal_standard,1,2026-01-18 01:08:25+00:00,False,False,never,,,1,1,,,,,0,0
dev_0001292,0,normal,,normal_standard,1,2026-01-16 21:42:07+00:00,False,False,never,,,1,1,,,,,0,4
dev_0001293,0,normal,,normal_standard,1,2026-01-05 11:56:53+00:00,False,False,never,,,1,1,,,,,0,4
dev_0001294,0,normal,,normal_standard,1,2026-01-14 02:50:59+00:00,False,False,never,,,1,1,,,,,0,2
dev_0001295,0,normal,,normal_standard,1,2026-01-09 21:34:23+00:00,False,False,never,,,1,1,,,,,0,1
dev_0001296,0,normal,,normal_standard,1,2026-01-12 05:07:41+00:00,False,False,never,,,1,1,,,,,0,1
dev_0001297,0,normal,,normal_standard,1,2026-01-04 08:46:41+00:00,False,False,never,,,1,1,,,,,0,3
dev_0001299,0,normal,,normal_standard,1,2026-01-26 05:10:06+00:00,False,False,never,,,1,1,,,,,0,4
dev_0001300,0,normal,,normal_standard,1,2026-01-05 13:24:28+00:00,False,False,never,,,1,1,,,,,0,3
dev_0001301,0,normal,,normal_standard,1,2026-01-28 02:06:25+00:00,False,False,never,,,1,1,,,,,0,2
dev_0001302,0,normal,,normal_standard,1,2026-01-18 08:10:26+00:00,False,False,never,,,1,1,,,,,0,3
dev_0001304,0,normal,,normal_standard,1,2026-01-19 17:47:43+00:00,False,False,never,,,1,1,,,,,0,4
dev_0001305,0,normal,,normal_standard,1,2026-01-20 17:28:15+00:00,False,False,never,,,1,1,,,,,0,2
dev_0001306,0,normal,,normal_standard,1,2026-01-04 21:37:25+00:00,False,False,never,,,1,1,,,,,0,2
dev_0001307,0,normal,,normal_standard,1,2026-01-01 00:21:16+00:00,False,False,never,,,1,1,,,,,0,2
dev_0001308,0,normal,,normal_standard,3,2026-01-23 10:41:09+00:00,False,False,never,,,3,3,,,,,0,4
dev_0001309,0,normal,,normal_standard,1,2026-01-21 00:18:47+00:00,False,False,never,,,1,1,,,,,0,3
dev_0001311,0,normal,,normal_standard,1,2026-01-01 10:42:20+00:00,False,False,never,,,1,1,,,,,0,4
dev_0001312,0,normal,,normal_standard,1,2026-01-30 15:27:50+00:00,False,False,never,,,1,1,,,,,0,3
dev_0001313,0,normal,,normal_standard,1,2026-01-13 06:05:31+00:00,False,False,never,,,1,1,,,,,0,3
dev_0001315,0,normal,,normal_standard,1,2026-01-23 14:42:38+00:00,False,False,never,,,1,1,,,,,0,0
dev_0001316,0,normal,,normal_standard,2,2026-01-23 16:13:56+00:00,False,False,never,,,2,2,,,,,0,0
dev_0001317,0,normal,,normal_standard,1,2026-01-24 11:59:26+00:00,False,False,never,,,1,1,,,,,0,2
dev_0001318,0,normal,,normal_standard,1,2026-01-22 02:43:08+00:00,False,False,never,,,1,1,,,,,0,1
dev_0001319,0,normal,,normal_standard,1,2026-01-18 08:40:03+00:00,False,False,never,,,1,1,,,,,0,0
dev_0001321,0,normal,,normal_standard,1,2026-01-27 18:49:54+00:00,False,False,never,,,1,1,,,,,0,2
dev_0001322,0,normal,,normal_standard,1,2026-01-28 03:33:56+00:00,False,False,never,,,1,1,,,,,0,2
dev_0001325,0,normal,,normal_standard,1,2026-01-23 04:27:42+00:00,False,False,never,,,1,1,,,,,0,3
dev_0001326,0,normal,,normal_standard,1,2026-01-25 15:28:39+00:00,False,False,never,,,1,1,,,,,0,3
dev_0001328,0,normal,,normal_standard,3,2026-01-11 19:58:44+00:00,False,False,never,,,3,3,,,,,0,2
dev_0001330,0,normal,,normal_standard,3,2026-01-23 01:36:04+00:00,False,False,never,,,3,3,,,,,0,1
dev_0001331,0,normal,,normal_standard,3,2026-01-22 07:13:34+00:00,False,False,never,,,3,3,,,,,0,1
dev_0001332,0,normal,,normal_standard,1,2026-01-27 15:32:58+00:00,False,False,never,,,1,1,,,,,0,3
dev_0001333,0,normal,,normal_standard,1,2026-01-22 20:15:33+00:00,False,False,never,,,1,1,,,,,0,0
dev_0001335,0,normal,,normal_standard,1,2026-01-02 14:13:46+00:00,False,False,never,,,1,1,,,,,0,4
dev_0001336,0,normal,,normal_standard,2,2026-01-12 23:26:32+00:00,False,False,never,,,2,2,,,,,0,1
dev_0001337,0,normal,,normal_standard,2,2026-01-25 04:36:09+00:00,False,False,never,,,2,2,,,,,0,0
dev_0001340,0,normal,,normal_standard,1,2026-01-07 14:40:29+00:00,False,False,never,,,1,1,,,,,0,2
dev_0001341,0,normal,,normal_standard,1,2026-01-05 19:50:47+00:00,False,False,never,,,1,1,,,,,0,2
dev_0001342,0,normal,,normal_standard,1,2026-01-17 22:56:25+00:00,False,False,never,,,1,1,,,,,0,3
dev_0001343,0,normal,,normal_standard,1,2026-01-26 09:41:36+00:00,False,False,never,,,1,1,,,,,0,0
dev_0001344,0,normal,,normal_standard,1,2026-01-24 03:24:35+00:00,False,False,never,,,1,1,,,,,0,4
dev_0001345,0,normal,,normal_standard,1,2026-01-04 23:48:08+00:00,False,False,never,,,1,1,,,,,0,2
dev_0001346,0,normal,,normal_standard,1,2026-01-24 14:01:43+00:00,False,False,never,,,1,1,,,,,0,0
dev_0001347,0,normal,,normal_standard,1,2026-01-07 22:59:17+00:00,False,False,never,,,1,1,,,,,0,0
dev_0001348,0,normal,,normal_standard,2,2026-01-24 21:44:31+00:00,False,False,never,,,2,2,,,,,0,3
dev_0001351,0,normal,,normal_standard,1,2026-01-15 21:33:17+00:00,False,False,never,,,1,1,,,,,0,3
dev_0001352,0,normal,,normal_standard,1,2026-01-30 16:31:58+00:00,False,False,never,,,1,1,,,,,0,0
dev_0001353,0,normal,,normal_standard,1,2026-01-16 19:26:34+00:00,False,False,never,,,1,1,,,,,0,3
dev_0001354,0,normal,,normal_standard,1,2026-01-16 15:46:12+00:00,False,False,never,,,1,1,,,,,0,3
dev_0001355,0,normal,,normal_standard,1,2026-01-17 15:26:39+00:00,False,False,never,,,1,1,,,,,0,1
dev_0001356,0,normal,,normal_standard,2,2026-01-08 20:23:56+00:00,False,False,never,,,2,2,,,,,0,4
dev_0001357,0,normal,,normal_standard,1,2026-01-12 05:48:33+00:00,False,False,never,,,1,1,,,,,0,0
dev_0001358,0,normal,,normal_standard,1,2026-01-27 23:49:38+00:00,False,False,never,,,1,1,,,,,0,0
dev_0001359,0,normal,,normal_standard,3,2026-01-08 11:07:28+00:00,False,False,never,,,3,3,,,,,0,2
dev_0001360,0,normal,,normal_standard,1,2026-01-23 01:58:50+00:00,False,False,never,,,1,1,,,,,0,0
dev_0001361,0,normal,,normal_standard,1,2026-01-05 14:10:03+00:00,False,False,never,,,1,1,,,,,0,1
dev_0001362,0,normal,,normal_standard,2,2026-01-15 21:52:39+00:00,False,False,never,,,2,2,,,,,0,2
dev_0001363,0,normal,,normal_standard,1,2026-01-26 00:27:55+00:00,False,False,never,,,1,1,,,,,0,0
dev_0001365,0,normal,,normal_standard,1,2026-01-19 04:34:48+00:00,False,False,never,,,1,1,,,,,0,4
dev_0001366,0,normal,,normal_standard,2,2026-01-06 17:35:25+00:00,False,False,never,,,2,2,,,,,0,2
dev_0001368,0,normal,,normal_standard,1,2026-01-02 02:57:08+00:00,False,False,never,,,1,1,,,,,0,0
dev_0001369,0,normal,,normal_standard,1,2026-01-26 02:22:06+00:00,False,False,never,,,1,1,,,,,0,0
dev_0001371,0,normal,,normal_standard,1,2026-01-02 01:54:41+00:00,False,False,never,,,1,1,,,,,0,3
dev_0001372,0,normal,,normal_standard,1,2026-01-22 14:13:07+00:00,False,False,never,,,1,1,,,,,0,0
dev_0001373,0,normal,,normal_standard,2,2026-01-27 18:01:53+00:00,False,False,never,,,2,2,,,,,0,4
dev_0001374,0,normal,,normal_standard,1,2026-01-20 08:14:50+00:00,False,False,never,,,1,1,,,,,0,3
dev_0001375,0,normal,,normal_standard,1,2026-01-23 19:47:01+00:00,False,False,never,,,1,1,,,,,0,3
dev_0001376,0,normal,,normal_standard,1,2026-01-02 22:02:41+00:00,False,False,never,,,1,1,,,,,0,0
dev_0001377,0,normal,,normal_standard,3,2026-01-24 00:35:25+00:00,False,False,never,,,3,3,,,,,0,2
dev_0001378,0,normal,,normal_standard,1,2026-01-16 05:42:08+00:00,False,False,never,,,1,1,,,,,0,2
dev_0001379,0,normal,,normal_standard,2,2026-01-18 19:50:36+00:00,False,False,never,,,2,2,,,,,0,2
dev_0001380,0,normal,,normal_standard,1,2026-01-30 22:13:16+00:00,False,False,never,,,1,1,,,,,0,0
dev_0001382,0,normal,,normal_standard,1,2026-01-11 07:41:51+00:00,False,False,never,,,1,1,,,,,0,0
dev_0001383,0,normal,,normal_standard,1,2026-01-08 05:07:06+00:00,False,False,never,,,1,1,,,,,0,4
dev_0001385,0,normal,,normal_standard,1,2026-01-16 18:14:52+00:00,False,False,never,,,1,1,,,,,0,2
dev_0001386,0,normal,,normal_standard,1,2026-01-24 14:33:32+00:00,False,False,never,,,1,1,,,,,0,0
dev_0001387,0,normal,,normal_standard,1,2026-01-28 23:10:41+00:00,False,False,never,,,1,1,,,,,0,4
dev_0001388,0,normal,,normal_standard,1,2026-01-22 19:18:22+00:00,False,False,never,,,1,1,,,,,0,3
dev_0001389,0,normal,,normal_standard,1,2026-01-11 21:54:59+00:00,False,False,never,,,1,1,,,,,0,4
dev_0001392,0,normal,,normal_standard,1,2026-01-14 19:55:41+00:00,False,False,never,,,1,1,,,,,0,1
dev_0001393,0,normal,,normal_standard,2,2026-01-17 03:21:22+00:00,False,False,never,,,2,2,,,,,0,2
dev_0001395,0,normal,,normal_standard,3,2026-01-01 20:23:33+00:00,False,False,never,,,3,3,,,,,0,4
dev_0001396,0,normal,,normal_standard,1,2026-01-30 02:00:01+00:00,False,False,never,,,1,1,,,,,0,0
dev_0001397,0,normal,,normal_standard,1,2026-01-20 08:58:04+00:00,False,False,never,,,1,1,,,,,0,2
dev_0001398,0,normal,,normal_standard,2,2026-01-20 03:41:09+00:00,False,False,never,,,2,2,,,,,0,2
dev_0001399,0,normal,,normal_standard,1,2026-01-20 09:19:30+00:00,False,False,never,,,1,1,,,,,0,2
dev_0001400,0,normal,,normal_standard,2,2026-01-13 06:22:29+00:00,False,False,never,,,2,2,,,,,0,2
dev_0001402,0,normal,,normal_standard,1,2026-01-20 05:02:04+00:00,False,False,never,,,1,1,,,,,0,1
dev_0001403,0,normal,,normal_standard,1,2026-01-08 02:58:46+00:00,False,False,never,,,1,1,,,,,0,2
dev_0001404,0,normal,,normal_standard,2,2026-01-03 08:03:10+00:00,False,False,never,,,2,2,,,,,0,0
dev_0001405,0,normal,,normal_standard,2,2026-01-25 19:16:12+00:00,False,False,never,,,2,2,,,,,0,4
dev_0001406,0,normal,,normal_standard,1,2026-01-29 00:33:46+00:00,False,False,never,,,1,1,,,,,0,4
dev_0001407,0,normal,,normal_standard,1,2026-01-26 13:31:02+00:00,False,False,never,,,1,1,,,,,0,0
dev_0001408,0,normal,,normal_standard,1,2026-01-16 16:12:43+00:00,False,False,never,,,1,1,,,,,0,2
dev_0001410,0,normal,,normal_standard,1,2026-01-08 18:40:50+00:00,False,False,never,,,1,1,,,,,0,3
dev_0001412,0,normal,,normal_standard,1,2026-01-21 18:23:39+00:00,False,False,never,,,1,1,,,,,0,2
dev_0001413,0,normal,,normal_standard,1,2026-01-06 02:36:01+00:00,False,False,never,,,1,1,,,,,0,4
dev_0001414,0,normal,,normal_standard,2,2026-01-29 00:55:14+00:00,False,False,never,,,2,2,,,,,0,4
dev_0001415,0,normal,,normal_standard,2,2026-01-25 14:32:38+00:00,False,False,never,,,2,2,,,,,0,1
dev_0001416,0,normal,,normal_standard,2,2026-01-29 08:19:06+00:00,False,False,never,,,2,2,,,,,0,1
dev_0001417,0,normal,,normal_standard,1,2026-01-06 21:16:32+00:00,False,False,never,,,1,1,,,,,0,1
dev_0001419,0,normal,,normal_standard,1,2026-01-04 23:58:39+00:00,False,False,never,,,1,1,,,,,0,2
dev_0001420,0,normal,,normal_standard,1,2026-01-12 20:32:33+00:00,False,False,never,,,1,1,,,,,0,1
dev_0001422,0,normal,,normal_standard,1,2026-01-29 18:43:04+00:00,False,False,never,,,1,1,,,,,0,0
dev_0001423,0,normal,,normal_standard,1,2026-01-28 10:29:41+00:00,False,False,never,,,1,1,,,,,0,2
dev_0001424,0,normal,,normal_standard,1,2026-01-14 21:41:44+00:00,False,False,never,,,1,1,,,,,0,3
dev_0001425,0,normal,,normal_standard,1,2026-01-13 10:44:07+00:00,False,False,never,,,1,1,,,,,0,1
dev_0001427,0,normal,,normal_standard,1,2026-01-20 15:17:02+00:00,False,False,never,,,1,1,,,,,0,2
dev_0001428,0,normal,,normal_standard,3,2026-01-13 03:29:04+00:00,False,False,never,,,3,3,,,,,0,1
dev_0001429,0,normal,,normal_standard,1,2026-01-19 14:00:54+00:00,False,False,never,,,1,1,,,,,0,0
dev_0001430,0,normal,,normal_standard,1,2026-01-05 16:20:28+00:00,False,False,never,,,1,1,,,,,0,0
dev_0001431,0,normal,,normal_standard,1,2026-01-07 00:49:18+00:00,False,False,never,,,1,1,,,,,0,3
dev_0001432,0,normal,,normal_standard,2,2026-01-25 23:26:45+00:00,False,False,never,,,2,2,,,,,0,1
dev_0001434,0,normal,,normal_standard,1,2026-01-15 21:33:49+00:00,False,False,never,,,1,1,,,,,0,1
dev_0001436,0,normal,,normal_standard,4,2026-01-28 07:55:39+00:00,False,False,never,,,4,4,,,,,0,1
dev_0001437,0,normal,,normal_standard,2,2026-01-28 08:48:54+00:00,False,False,never,,,2,2,,,,,0,2
dev_0001438,0,normal,,normal_standard,1,2026-01-06 17:22:47+00:00,False,False,never,,,1,1,,,,,0,1
dev_0001439,0,normal,,normal_standard,1,2026-01-06 03:42:52+00:00,False,False,never,,,1,1,,,,,0,3
dev_0001440,0,normal,,normal_standard,1,2026-01-23 13:54:22+00:00,False,False,never,,,1,1,,,,,0,2
dev_0001441,0,normal,,normal_standard,1,2026-01-06 13:22:46+00:00,False,False,never,,,1,1,,,,,0,1
dev_0001442,0,normal,,normal_standard,1,2026-01-20 16:03:39+00:00,False,False,never,,,1,1,,,,,0,1
dev_0001443,0,normal,,normal_standard,1,2026-01-09 09:57:44+00:00,False,False,never,,,1,1,,,,,0,3
dev_0001444,0,normal,,normal_standard,1,2026-01-03 23:53:27+00:00,False,False,never,,,1,1,,,,,0,4
dev_0001445,0,normal,,normal_standard,1,2026-01-03 09:11:46+00:00,False,False,never,,,1,1,,,,,0,4
dev_0001446,0,normal,,normal_standard,1,2026-01-25 00:49:43+00:00,False,False,never,,,1,1,,,,,0,1
dev_0001449,0,normal,,normal_standard,1,2026-01-07 20:18:43+00:00,False,False,never,,,1,1,,,,,0,2
dev_0001451,0,normal,,normal_standard,1,2026-01-12 15:50:38+00:00,False,False,never,,,1,1,,,,,0,3
dev_0001453,0,normal,,normal_standard,1,2026-01-05 21:45:38+00:00,False,False,never,,,1,1,,,,,0,4
dev_0001454,0,normal,,normal_standard,1,2026-01-12 19:17:30+00:00,False,False,never,,,1,1,,,,,0,1
dev_0001455,0,normal,,normal_standard,1,2026-01-21 15:02:01+00:00,False,False,never,,,1,1,,,,,0,3
dev_0001457,0,normal,,normal_standard,1,2026-01-11 05:10:21+00:00,False,False,never,,,1,1,,,,,0,2
dev_0001460,0,normal,,normal_standard,1,2026-01-08 12:41:19+00:00,False,False,never,,,1,1,,,,,0,0
dev_0001461,0,normal,,normal_standard,1,2026-01-18 17:15:25+00:00,False,False,never,,,1,1,,,,,0,0
dev_0001462,0,normal,,normal_standard,1,2026-01-04 04:00:36+00:00,False,False,never,,,1,1,,,,,0,3
dev_0001463,0,normal,,normal_standard,2,2026-01-01 10:16:51+00:00,False,False,never,,,2,2,,,,,0,1
dev_0001464,0,normal,,normal_standard,2,2026-01-30 20:35:26+00:00,False,False,never,,,2,2,,,,,0,0
dev_0001465,0,normal,,normal_standard,1,2026-01-21 13:03:37+00:00,False,False,never,,,1,1,,,,,0,2
dev_0001466,0,normal,,normal_standard,1,2026-01-26 08:44:07+00:00,False,False,never,,,1,1,,,,,0,0
dev_0001467,0,normal,,normal_standard,1,2026-01-19 00:20:37+00:00,False,False,never,,,1,1,,,,,0,2
dev_0001468,0,normal,,normal_standard,1,2026-01-02 18:40:49+00:00,False,False,never,,,1,1,,,,,0,2
dev_0001471,0,normal,,normal_standard,1,2026-01-08 12:58:30+00:00,False,False,never,,,1,1,,,,,0,2
dev_0001472,0,normal,,normal_standard,1,2026-01-24 05:07:03+00:00,False,False,never,,,1,1,,,,,0,3
dev_0001473,0,normal,,normal_standard,1,2026-01-09 20:47:39+00:00,False,False,never,,,1,1,,,,,0,3
dev_0001475,0,normal,,normal_standard,1,2026-01-04 09:55:16+00:00,False,False,never,,,1,1,,,,,0,2
dev_0001476,0,normal,,normal_standard,1,2026-01-04 06:38:24+00:00,False,False,never,,,1,1,,,,,0,4
dev_0001477,0,normal,,normal_standard,2,2026-01-22 11:13:07+00:00,False,False,never,,,2,2,,,,,0,0
dev_0001478,0,normal,,normal_standard,1,2026-01-09 06:23:39+00:00,False,False,never,,,1,1,,,,,0,3
dev_0001479,0,normal,,normal_standard,1,2026-01-03 21:19:50+00:00,False,False,never,,,1,1,,,,,0,4
dev_0001480,0,normal,,normal_standard,1,2026-01-24 02:09:15+00:00,False,False,never,,,1,1,,,,,0,0
dev_0001481,0,normal,,normal_standard,1,2026-01-18 17:55:28+00:00,False,False,never,,,1,1,,,,,0,3
dev_0001483,0,normal,,normal_standard,1,2026-01-16 01:52:13+00:00,False,False,never,,,1,1,,,,,0,4
dev_0001484,0,normal,,normal_standard,1,2026-01-16 16:28:46+00:00,False,False,never,,,1,1,,,,,0,0
dev_0001485,0,normal,,normal_standard,1,2026-01-13 05:04:51+00:00,False,False,never,,,1,1,,,,,0,1
dev_0001486,0,normal,,normal_standard,1,2026-01-02 23:02:52+00:00,False,False,never,,,1,1,,,,,0,3
dev_0001487,0,normal,,normal_standard,1,2026-01-09 09:27:22+00:00,False,False,never,,,1,1,,,,,0,2
dev_0001488,0,normal,,normal_standard,1,2026-01-18 16:48:47+00:00,False,False,never,,,1,1,,,,,0,3
dev_0001489,0,normal,,normal_standard,1,2026-01-05 09:23:00+00:00,False,False,never,,,1,1,,,,,0,4
dev_0001491,0,normal,,normal_standard,1,2026-01-25 03:56:17+00:00,False,False,never,,,1,1,,,,,0,3
dev_0001493,0,normal,,normal_standard,2,2026-01-25 13:08:54+00:00,False,False,never,,,2,2,,,,,0,3
dev_0001494,0,normal,,normal_standard,2,2026-01-28 02:32:24+00:00,False,False,never,,,2,2,,,,,0,2
dev_0001495,0,normal,,normal_standard,1,2026-01-11 04:24:35+00:00,False,False,never,,,1,1,,,,,0,0
dev_0001496,0,normal,,normal_standard,1,2026-01-06 09:58:54+00:00,False,False,never,,,1,1,,,,,0,3
dev_0001497,0,normal,,normal_standard,1,2026-01-07 02:16:03+00:00,False,False,never,,,1,1,,,,,0,4
dev_0001499,0,normal,,normal_standard,1,2026-01-15 10:28:24+00:00,False,False,never,,,1,1,,,,,0,1
dev_0001500,0,normal,,normal_standard,1,2026-01-29 00:56:41+00:00,False,False,never,,,1,1,,,,,0,3
dev_0001501,0,normal,,normal_standard,2,2026-01-11 07:49:00+00:00,False,False,never,,,2,2,,,,,0,2
dev_0001503,0,normal,,normal_standard,1,2026-01-13 09:31:08+00:00,False,False,never,,,1,1,,,,,0,3
dev_0001504,0,normal,,normal_standard,1,2026-01-11 12:52:53+00:00,False,False,never,,,1,1,,,,,0,3
dev_0001506,0,normal,,normal_standard,2,2026-01-20 00:37:31+00:00,False,False,never,,,2,2,,,,,0,1
dev_0001507,0,normal,,normal_standard,1,2026-01-02 09:48:24+00:00,False,False,never,,,1,1,,,,,0,0
dev_0001508,0,normal,,normal_standard,2,2026-01-17 16:00:00+00:00,False,False,never,,,2,2,,,,,0,3
dev_0001510,0,normal,,normal_standard,1,2026-01-21 01:06:31+00:00,False,False,never,,,1,1,,,,,0,3
dev_0001511,0,normal,,normal_standard,1,2026-01-01 00:49:10+00:00,False,False,never,,,1,1,,,,,0,4
dev_0001512,0,normal,,normal_standard,1,2026-01-24 06:43:36+00:00,False,False,never,,,1,1,,,,,0,4
dev_0001513,0,normal,,normal_standard,1,2026-01-02 16:36:16+00:00,False,False,never,,,1,1,,,,,0,1
dev_0001514,0,normal,,normal_standard,1,2026-01-11 20:40:52+00:00,False,False,never,,,1,1,,,,,0,3
dev_0001515,0,normal,,normal_standard,1,2026-01-17 20:13:18+00:00,False,False,never,,,1,1,,,,,0,2
dev_0001516,0,normal,,normal_standard,2,2026-01-21 13:15:28+00:00,False,False,never,,,2,2,,,,,0,2
dev_0001517,0,normal,,normal_standard,1,2026-01-28 14:14:40+00:00,False,False,never,,,1,1,,,,,0,4
dev_0001518,0,normal,,normal_standard,1,2026-01-08 07:59:32+00:00,False,False,never,,,1,1,,,,,0,0
dev_0001519,0,normal,,normal_standard,2,2026-01-04 01:31:03+00:00,False,False,never,,,2,2,,,,,0,4
dev_0001520,0,normal,,normal_standard,1,2026-01-10 19:30:58+00:00,False,False,never,,,1,1,,,,,0,2
dev_0001521,0,normal,,normal_standard,2,2026-01-28 17:45:47+00:00,False,False,never,,,2,2,,,,,0,4
dev_0001522,0,normal,,normal_standard,1,2026-01-01 08:08:09+00:00,False,False,never,,,1,1,,,,,0,4
dev_0001523,0,normal,,normal_standard,3,2026-01-24 11:05:08+00:00,False,False,never,,,3,3,,,,,0,3
dev_0001524,0,normal,,normal_standard,1,2026-01-27 17:25:40+00:00,False,False,never,,,1,1,,,,,0,2
dev_0001526,0,normal,,normal_standard,1,2026-01-10 15:45:13+00:00,False,False,never,,,1,1,,,,,0,3
dev_0001528,0,normal,,normal_standard,1,2026-01-18 15:52:32+00:00,False,False,never,,,1,1,,,,,0,2
dev_0001529,0,normal,,normal_standard,1,2026-01-28 17:58:03+00:00,False,False,never,,,1,1,,,,,0,3
dev_0001530,0,normal,,normal_standard,1,2026-01-15 01:21:36+00:00,False,False,never,,,1,1,,,,,0,4
dev_0001532,0,normal,,normal_standard,1,2026-01-13 00:39:09+00:00,False,False,never,,,1,1,,,,,0,1
dev_0001533,0,normal,,normal_standard,1,2026-01-28 17:52:02+00:00,False,False,never,,,1,1,,,,,0,4
dev_0001535,0,normal,,normal_standard,1,2026-01-01 03:38:57+00:00,False,False,never,,,1,1,,,,,0,1
dev_0001536,0,normal,,normal_standard,1,2026-01-17 16:18:39+00:00,False,False,never,,,1,1,,,,,0,2
dev_0001537,0,normal,,normal_standard,1,2026-01-14 05:09:45+00:00,False,False,never,,,1,1,,,,,0,0
dev_0001538,0,normal,,normal_standard,2,2026-01-21 16:32:04+00:00,False,False,never,,,2,2,,,,,0,2
dev_0001539,0,normal,,normal_standard,1,2026-01-04 08:41:36+00:00,False,False,never,,,1,1,,,,,0,1
dev_0001541,0,normal,,normal_standard,1,2026-01-05 22:31:39+00:00,False,False,never,,,1,1,,,,,0,3
dev_0001542,0,normal,,normal_standard,1,2026-01-05 16:39:27+00:00,False,False,never,,,1,1,,,,,0,1
dev_0001544,0,normal,,normal_standard,1,2026-01-18 20:39:56+00:00,False,False,never,,,1,1,,,,,0,3
dev_0001545,0,normal,,normal_standard,1,2026-01-15 10:27:52+00:00,False,False,never,,,1,1,,,,,0,1
dev_0001546,0,normal,,normal_standard,2,2026-01-25 23:07:18+00:00,False,False,never,,,2,2,,,,,0,0
dev_0001547,0,normal,,normal_standard,1,2026-01-12 08:23:28+00:00,False,False,never,,,1,1,,,,,0,4
dev_0001549,0,normal,,normal_standard,1,2026-01-20 23:23:54+00:00,False,False,never,,,1,1,,,,,0,0
dev_0001550,0,normal,,normal_standard,2,2026-01-08 02:43:17+00:00,False,False,never,,,2,2,,,,,0,1
dev_0001551,0,normal,,normal_standard,1,2026-01-25 05:28:52+00:00,False,False,never,,,1,1,,,,,0,4
dev_0001553,0,normal,,normal_standard,1,2026-01-14 08:22:08+00:00,False,False,never,,,1,1,,,,,0,3
dev_0001554,0,normal,,normal_standard,1,2026-01-05 00:31:36+00:00,False,False,never,,,1,1,,,,,0,0
dev_0001555,0,normal,,normal_standard,3,2026-01-03 05:46:25+00:00,False,False,never,,,3,3,,,,,0,3
dev_0001556,0,normal,,normal_standard,1,2026-01-11 22:58:40+00:00,False,False,never,,,1,1,,,,,0,1
dev_0001557,0,normal,,normal_standard,1,2026-01-12 16:28:44+00:00,False,False,never,,,1,1,,,,,0,0
dev_0001558,0,normal,,normal_standard,1,2026-01-13 12:01:56+00:00,False,False,never,,,1,1,,,,,0,1
dev_0001559,0,normal,,normal_standard,1,2026-01-08 23:58:51+00:00,False,False,never,,,1,1,,,,,0,4
dev_0001560,0,normal,,normal_standard,3,2026-01-14 09:12:16+00:00,False,False,never,,,3,3,,,,,0,1
dev_0001563,0,normal,,normal_standard,2,2026-01-25 11:54:19+00:00,False,False,never,,,2,2,,,,,0,1
dev_0001564,0,normal,,normal_standard,1,2026-01-12 12:57:38+00:00,False,False,never,,,1,1,,,,,0,3
dev_0001565,0,normal,,normal_standard,1,2026-01-10 07:47:27+00:00,False,False,never,,,1,1,,,,,0,1
dev_0001567,0,normal,,normal_standard,1,2026-01-02 02:43:48+00:00,False,False,never,,,1,1,,,,,0,2
dev_0001568,0,normal,,normal_standard,2,2026-01-09 05:40:37+00:00,False,False,never,,,2,2,,,,,0,2
dev_0001569,0,normal,,normal_standard,1,2026-01-12 14:25:20+00:00,False,False,never,,,1,1,,,,,0,3
dev_0001570,0,normal,,normal_standard,1,2026-01-03 00:25:52+00:00,False,False,never,,,1,1,,,,,0,2
dev_0001571,0,normal,,normal_standard,1,2026-01-05 19:14:41+00:00,False,False,never,,,1,1,,,,,0,1
dev_0001572,0,normal,,normal_standard,1,2026-01-18 08:07:53+00:00,False,False,never,,,1,1,,,,,0,4
dev_0001573,0,normal,,normal_standard,1,2026-01-09 23:56:33+00:00,False,False,never,,,1,1,,,,,0,2
dev_0001574,0,normal,,normal_standard,1,2026-01-02 02:00:37+00:00,False,False,never,,,1,1,,,,,0,0
dev_0001575,0,normal,,normal_standard,1,2026-01-23 22:08:57+00:00,False,False,never,,,1,1,,,,,0,3
dev_0001576,0,normal,,normal_standard,1,2026-01-22 19:52:42+00:00,False,False,never,,,1,1,,,,,0,3
dev_0001577,0,normal,,normal_standard,1,2026-01-02 07:26:46+00:00,False,False,never,,,1,1,,,,,0,3
dev_0001578,0,normal,,normal_standard,1,2026-01-16 10:58:23+00:00,False,False,never,,,1,1,,,,,0,0
dev_0001581,0,normal,,normal_standard,1,2026-01-21 08:42:52+00:00,False,False,never,,,1,1,,,,,0,1
dev_0001582,0,normal,,normal_standard,1,2026-01-29 06:54:22+00:00,False,False,never,,,1,1,,,,,0,4
dev_0001583,0,normal,,normal_standard,1,2026-01-18 16:10:54+00:00,False,False,never,,,1,1,,,,,0,0
dev_0001585,0,normal,,normal_standard,1,2026-01-29 20:11:56+00:00,False,False,never,,,1,1,,,,,0,1
dev_0001586,0,normal,,normal_standard,1,2026-01-16 23:26:02+00:00,False,False,never,,,1,1,,,,,0,2
dev_0001588,0,normal,,normal_standard,1,2026-01-25 18:53:27+00:00,False,False,never,,,1,1,,,,,0,0
dev_0001589,0,normal,,normal_standard,1,2026-01-10 22:33:50+00:00,False,False,never,,,1,1,,,,,0,1
dev_0001590,0,normal,,normal_standard,1,2026-01-13 11:30:54+00:00,False,False,never,,,1,1,,,,,0,2
dev_0001591,0,normal,,normal_standard,1,2026-01-04 20:27:14+00:00,False,False,never,,,1,1,,,,,0,1
dev_0001592,0,normal,,normal_standard,2,2026-01-26 02:34:49+00:00,False,False,never,,,2,2,,,,,0,0
dev_0001593,0,normal,,normal_standard,1,2026-01-08 01:38:43+00:00,False,False,never,,,1,1,,,,,0,4
dev_0001594,0,normal,,normal_standard,1,2026-01-04 10:57:07+00:00,False,False,never,,,1,1,,,,,0,3
dev_0001595,0,normal,,normal_standard,1,2026-01-27 16:14:01+00:00,False,False,never,,,1,1,,,,,0,2
dev_0001597,0,normal,,normal_standard,1,2026-01-21 04:15:24+00:00,False,False,never,,,1,1,,,,,0,2
dev_0001598,0,normal,,normal_standard,3,2026-01-12 18:23:32+00:00,False,False,never,,,3,3,,,,,0,4
dev_0001599,0,normal,,normal_standard,1,2026-01-28 05:34:54+00:00,False,False,never,,,1,1,,,,,0,3
dev_0001601,0,normal,,normal_standard,1,2026-01-06 09:43:46+00:00,False,False,never,,,1,1,,,,,0,1
dev_0001602,0,normal,,normal_standard,1,2026-01-16 08:40:25+00:00,False,False,never,,,1,1,,,,,0,1
dev_0001604,0,normal,,normal_standard,2,2026-01-21 01:49:15+00:00,False,False,never,,,2,2,,,,,0,2
dev_0001605,0,normal,,normal_standard,1,2026-01-24 10:47:33+00:00,False,False,never,,,1,1,,,,,0,4
dev_0001606,0,normal,,normal_standard,1,2026-01-15 21:42:47+00:00,False,False,never,,,1,1,,,,,0,3
dev_0001607,0,normal,,normal_standard,3,2026-01-05 00:15:11+00:00,False,False,never,,,3,3,,,,,0,0
dev_0001609,0,normal,,normal_standard,1,2026-01-01 16:10:06+00:00,False,False,never,,,1,1,,,,,0,1
dev_0001610,0,normal,,normal_standard,1,2026-01-13 03:17:50+00:00,False,False,never,,,1,1,,,,,0,4
dev_0001611,0,normal,,normal_standard,2,2026-01-03 18:04:12+00:00,False,False,never,,,2,2,,,,,0,0
dev_0001612,0,normal,,normal_standard,1,2026-01-27 04:26:33+00:00,False,False,never,,,1,1,,,,,0,0
dev_0001613,0,normal,,normal_standard,2,2026-01-12 00:25:14+00:00,False,False,never,,,2,2,,,,,0,4
dev_0001615,0,normal,,normal_standard,1,2026-01-17 20:09:46+00:00,False,False,never,,,1,1,,,,,0,4
dev_0001616,0,normal,,normal_standard,2,2026-01-12 08:56:24+00:00,False,False,never,,,2,2,,,,,0,0
dev_0001617,0,normal,,normal_standard,1,2026-01-05 12:39:34+00:00,False,False,never,,,1,1,,,,,0,0
dev_0001618,0,normal,,normal_standard,1,2026-01-20 10:44:56+00:00,False,False,never,,,1,1,,,,,0,2
dev_0001620,0,normal,,normal_standard,1,2026-01-23 00:05:59+00:00,False,False,never,,,1,1,,,,,0,4
dev_0001622,0,normal,,normal_standard,2,2026-01-21 13:11:28+00:00,False,False,never,,,2,2,,,,,0,0
dev_0001625,0,normal,,normal_standard,2,2026-01-04 21:00:51+00:00,False,False,never,,,2,2,,,,,0,0
dev_0001627,0,normal,,normal_standard,1,2026-01-13 07:35:54+00:00,False,False,never,,,1,1,,,,,0,2
dev_0001628,0,normal,,normal_standard,1,2026-01-21 07:11:48+00:00,False,False,never,,,1,1,,,,,0,3
dev_0001630,0,normal,,normal_standard,2,2026-01-16 22:27:08+00:00,False,False,never,,,2,2,,,,,0,4
dev_0001631,0,normal,,normal_standard,2,2026-01-24 19:35:40+00:00,False,False,never,,,2,2,,,,,0,2
dev_0001632,0,normal,,normal_standard,1,2026-01-11 01:11:37+00:00,False,False,never,,,1,1,,,,,0,0
dev_0001634,0,normal,,normal_standard,1,2026-01-04 20:16:15+00:00,False,False,never,,,1,1,,,,,0,0
dev_0001635,0,normal,,normal_standard,1,2026-01-01 23:07:09+00:00,False,False,never,,,1,1,,,,,0,0
dev_0001636,0,normal,,normal_standard,1,2026-01-11 04:25:54+00:00,False,False,never,,,1,1,,,,,0,2
dev_0001637,0,normal,,normal_standard,1,2026-01-13 07:30:56+00:00,False,False,never,,,1,1,,,,,0,3
dev_0001639,0,normal,,normal_standard,1,2026-01-22 20:55:23+00:00,False,False,never,,,1,1,,,,,0,4
dev_0001641,0,normal,,normal_standard,1,2026-01-06 01:04:57+00:00,False,False,never,,,1,1,,,,,0,1
dev_0001642,0,normal,,normal_standard,1,2026-01-23 13:11:22+00:00,False,False,never,,,1,1,,,,,0,1
dev_0001643,0,normal,,normal_standard,1,2026-01-07 01:39:27+00:00,False,False,never,,,1,1,,,,,0,4
dev_0001645,0,normal,,normal_standard,1,2026-01-28 14:39:41+00:00,False,False,never,,,1,1,,,,,0,2
dev_0001647,0,normal,,normal_standard,1,2026-01-03 09:18:23+00:00,False,False,never,,,1,1,,,,,0,4
dev_0001649,0,normal,,normal_standard,1,2026-01-02 17:43:29+00:00,False,False,never,,,1,1,,,,,0,3
dev_0001651,0,normal,,normal_standard,4,2026-01-23 20:47:56+00:00,False,False,never,,,4,4,,,,,0,3
dev_0001653,0,normal,,normal_standard,1,2026-01-23 04:10:19+00:00,False,False,never,,,1,1,,,,,0,1
dev_0001655,0,normal,,normal_standard,1,2026-01-14 17:17:35+00:00,False,False,never,,,1,1,,,,,0,4
dev_0001656,0,normal,,normal_standard,2,2026-01-24 17:02:50+00:00,False,False,never,,,2,2,,,,,0,0
dev_0001657,0,normal,,normal_standard,1,2026-01-30 08:05:31+00:00,False,False,never,,,1,1,,,,,0,4
dev_0001659,0,normal,,normal_standard,1,2026-01-26 08:41:32+00:00,False,False,never,,,1,1,,,,,0,1
dev_0001660,0,normal,,normal_standard,1,2026-01-14 00:33:33+00:00,False,False,never,,,1,1,,,,,0,2
dev_0001661,0,normal,,normal_standard,1,2026-01-13 01:03:38+00:00,False,False,never,,,1,1,,,,,0,4
dev_0001662,0,normal,,normal_standard,1,2026-01-10 15:27:53+00:00,False,False,never,,,1,1,,,,,0,4
dev_0001663,0,normal,,normal_standard,1,2026-01-05 01:38:31+00:00,False,False,never,,,1,1,,,,,0,4
dev_0001664,0,normal,,normal_standard,2,2026-01-17 08:35:18+00:00,False,False,never,,,2,2,,,,,0,3
dev_0001665,0,normal,,normal_standard,1,2026-01-29 21:47:52+00:00,False,False,never,,,1,1,,,,,0,4
dev_0001666,0,normal,,normal_standard,1,2026-01-13 19:31:23+00:00,False,False,never,,,1,1,,,,,0,1
dev_0001667,0,normal,,normal_standard,1,2026-01-22 20:27:51+00:00,False,False,never,,,1,1,,,,,0,2
dev_0001668,0,normal,,normal_standard,1,2026-01-17 17:30:45+00:00,False,False,never,,,1,1,,,,,0,4
dev_0001669,0,normal,,normal_standard,1,2026-01-10 12:50:10+00:00,False,False,never,,,1,1,,,,,0,3
dev_0001670,0,normal,,normal_standard,1,2026-01-30 06:01:49+00:00,False,False,never,,,1,1,,,,,0,3
dev_0001673,0,normal,,normal_standard,1,2026-01-19 14:57:42+00:00,False,False,never,,,1,1,,,,,0,3
dev_0001674,0,normal,,normal_standard,1,2026-01-16 23:26:22+00:00,False,False,never,,,1,1,,,,,0,4
dev_0001675,0,normal,,normal_standard,2,2026-01-19 08:15:00+00:00,False,False,never,,,2,2,,,,,0,2
dev_0001676,0,normal,,normal_standard,2,2026-01-08 07:04:58+00:00,False,False,never,,,2,2,,,,,0,1
dev_0001677,0,normal,,normal_standard,1,2026-01-09 01:25:11+00:00,False,False,never,,,1,1,,,,,0,1
dev_0001678,0,normal,,normal_standard,1,2026-01-11 07:01:48+00:00,False,False,never,,,1,1,,,,,0,2
dev_0001679,0,normal,,normal_standard,1,2026-01-11 12:46:26+00:00,False,False,never,,,1,1,,,,,0,4
dev_0001680,0,normal,,normal_standard,1,2026-01-05 18:56:35+00:00,False,False,never,,,1,1,,,,,0,0
dev_0001681,0,normal,,normal_standard,1,2026-01-19 16:06:55+00:00,False,False,never,,,1,1,,,,,0,3
dev_0001682,0,normal,,normal_standard,1,2026-01-22 04:06:37+00:00,False,False,never,,,1,1,,,,,0,1
dev_0001683,0,normal,,normal_standard,1,2026-01-27 17:36:49+00:00,False,False,never,,,1,1,,,,,0,2
dev_0001684,0,normal,,normal_standard,1,2026-01-23 07:37:02+00:00,False,False,never,,,1,1,,,,,0,4
dev_0001685,0,normal,,normal_standard,1,2026-01-03 09:39:30+00:00,False,False,never,,,1,1,,,,,0,4
dev_0001686,0,normal,,normal_standard,1,2026-01-01 22:32:14+00:00,False,False,never,,,1,1,,,,,0,2
dev_0001687,0,normal,,normal_standard,1,2026-01-03 15:22:40+00:00,False,False,never,,,1,1,,,,,0,4
dev_0001689,0,normal,,normal_standard,1,2026-01-30 14:28:18+00:00,False,False,never,,,1,1,,,,,0,4
dev_0001690,0,normal,,normal_standard,1,2026-01-29 03:59:24+00:00,False,False,never,,,1,1,,,,,0,3
dev_0001691,0,normal,,normal_standard,1,2026-01-05 00:43:57+00:00,False,False,never,,,1,1,,,,,0,4
dev_0001692,0,normal,,normal_standard,2,2026-01-15 18:48:39+00:00,False,False,never,,,2,2,,,,,0,4
dev_0001693,0,normal,,normal_standard,2,2026-01-23 14:37:46+00:00,False,False,never,,,2,2,,,,,0,0
dev_0001694,0,normal,,normal_standard,1,2026-01-30 23:27:33+00:00,False,False,never,,,1,1,,,,,0,2
dev_0001695,0,normal,,normal_standard,1,2026-01-27 06:06:15+00:00,False,False,never,,,1,1,,,,,0,1
dev_0001696,0,normal,,normal_standard,1,2026-01-02 12:33:46+00:00,False,False,never,,,1,1,,,,,0,0
dev_0001697,0,normal,,normal_standard,1,2026-01-20 08:48:37+00:00,False,False,never,,,1,1,,,,,0,2
dev_0001698,0,normal,,normal_standard,1,2026-01-26 15:31:26+00:00,False,False,never,,,1,1,,,,,0,4
dev_0001699,0,normal,,normal_standard,1,2026-01-22 07:02:47+00:00,False,False,never,,,1,1,,,,,0,0
dev_0001700,0,normal,,normal_standard,1,2026-01-22 06:07:01+00:00,False,False,never,,,1,1,,,,,0,1
dev_0001701,0,normal,,normal_standard,1,2026-01-20 01:14:21+00:00,False,False,never,,,1,1,,,,,0,0
dev_0001702,0,normal,,normal_standard,3,2026-01-15 09:26:30+00:00,False,False,never,,,3,3,,,,,0,1
dev_0001703,0,normal,,normal_standard,1,2026-01-09 22:41:56+00:00,False,False,never,,,1,1,,,,,0,3
dev_0001704,0,normal,,normal_standard,1,2026-01-01 05:31:53+00:00,False,False,never,,,1,1,,,,,0,4
dev_0001705,0,normal,,normal_standard,1,2026-01-13 16:06:21+00:00,False,False,never,,,1,1,,,,,0,1
dev_0001707,0,normal,,normal_standard,2,2026-01-10 22:21:04+00:00,False,False,never,,,2,2,,,,,0,0
dev_0001708,0,normal,,normal_standard,1,2026-01-21 22:44:21+00:00,False,False,never,,,1,1,,,,,0,4
dev_0001709,0,normal,,normal_standard,2,2026-01-21 21:23:34+00:00,False,False,never,,,2,2,,,,,0,4
dev_0001710,0,normal,,normal_standard,1,2026-01-12 22:45:10+00:00,False,False,never,,,1,1,,,,,0,1
dev_0001711,0,normal,,normal_standard,2,2026-01-02 07:20:31+00:00,False,False,never,,,2,2,,,,,0,4
dev_0001712,0,normal,,normal_standard,1,2026-01-27 20:25:12+00:00,False,False,never,,,1,1,,,,,0,4
dev_0001713,0,normal,,normal_standard,2,2026-01-05 20:56:02+00:00,False,False,never,,,2,2,,,,,0,4
dev_0001714,0,normal,,normal_standard,1,2026-01-06 18:56:08+00:00,False,False,never,,,1,1,,,,,0,1
dev_0001715,0,normal,,normal_standard,2,2026-01-17 09:31:32+00:00,False,False,never,,,2,2,,,,,0,3
dev_0001716,0,normal,,normal_standard,1,2026-01-28 09:41:58+00:00,False,False,never,,,1,1,,,,,0,3
dev_0001717,0,normal,,normal_standard,1,2026-01-06 23:19:21+00:00,False,False,never,,,1,1,,,,,0,0
dev_0001718,0,normal,,normal_standard,1,2026-01-17 15:02:46+00:00,False,False,never,,,1,1,,,,,0,2
dev_0001719,0,normal,,normal_standard,1,2026-01-04 00:41:35+00:00,False,False,never,,,1,1,,,,,0,4
dev_0001721,0,normal,,normal_standard,1,2026-01-23 23:30:18+00:00,False,False,never,,,1,1,,,,,0,1
dev_0001723,0,normal,,normal_standard,1,2026-01-05 21:41:16+00:00,False,False,never,,,1,1,,,,,0,3
dev_0001724,0,normal,,normal_standard,1,2026-01-12 20:35:04+00:00,False,False,never,,,1,1,,,,,0,3
dev_0001725,0,normal,,normal_standard,1,2026-01-20 21:38:23+00:00,False,False,never,,,1,1,,,,,0,0
dev_0001726,0,normal,,normal_standard,3,2026-01-21 18:04:28+00:00,False,False,never,,,3,3,,,,,0,0
dev_0001727,0,normal,,normal_standard,2,2026-01-29 11:06:24+00:00,False,False,never,,,2,2,,,,,0,4
dev_0001728,0,normal,,normal_standard,1,2026-01-01 18:09:40+00:00,False,False,never,,,1,1,,,,,0,0
dev_0001729,0,normal,,normal_standard,1,2026-01-26 00:11:41+00:00,False,False,never,,,1,1,,,,,0,3
dev_0001731,0,normal,,normal_standard,1,2026-01-04 03:19:25+00:00,False,False,never,,,1,1,,,,,0,0
dev_0001732,0,normal,,normal_standard,1,2026-01-10 21:10:50+00:00,False,False,never,,,1,1,,,,,0,2
dev_0001733,0,normal,,normal_standard,3,2026-01-05 14:47:49+00:00,False,False,never,,,3,3,,,,,0,4
dev_0001734,0,normal,,normal_standard,1,2026-01-05 06:15:49+00:00,False,False,never,,,1,1,,,,,0,3
dev_0001736,0,normal,,normal_standard,1,2026-01-14 21:28:21+00:00,False,False,never,,,1,1,,,,,0,4
dev_0001739,0,normal,,normal_standard,1,2026-01-26 13:08:22+00:00,False,False,never,,,1,1,,,,,0,4
dev_0001741,0,normal,,normal_standard,3,2026-01-20 05:00:35+00:00,False,False,never,,,3,3,,,,,0,4
dev_0001742,0,normal,,normal_standard,1,2026-01-11 16:47:43+00:00,False,False,never,,,1,1,,,,,0,4
dev_0001743,0,normal,,normal_standard,1,2026-01-18 10:57:24+00:00,False,False,never,,,1,1,,,,,0,1
dev_0001744,0,normal,,normal_standard,1,2026-01-10 12:10:55+00:00,False,False,never,,,1,1,,,,,0,0
dev_0001745,0,normal,,normal_standard,1,2026-01-25 10:10:39+00:00,False,False,never,,,1,1,,,,,0,0
dev_0001746,0,normal,,normal_standard,1,2026-01-17 20:57:37+00:00,False,False,never,,,1,1,,,,,0,0
dev_0001747,0,normal,,normal_standard,1,2026-01-08 15:20:45+00:00,False,False,never,,,1,1,,,,,0,3
dev_0001748,0,normal,,normal_standard,1,2026-01-06 00:59:44+00:00,False,False,never,,,1,1,,,,,0,0
dev_0001749,0,normal,,normal_standard,1,2026-01-22 23:17:18+00:00,False,False,never,,,1,1,,,,,0,1
dev_0001750,0,normal,,normal_standard,1,2026-01-30 21:26:01+00:00,False,False,never,,,1,1,,,,,0,1
dev_0001751,0,normal,,normal_standard,1,2026-01-18 12:49:15+00:00,False,False,never,,,1,1,,,,,0,0
dev_0001752,0,normal,,normal_standard,1,2026-01-16 11:58:35+00:00,False,False,never,,,1,1,,,,,0,0
dev_0001754,0,normal,,normal_standard,1,2026-01-30 15:42:35+00:00,False,False,never,,,1,1,,,,,0,2
dev_0001755,0,normal,,normal_standard,1,2026-01-14 06:57:37+00:00,False,False,never,,,1,1,,,,,0,0
dev_0001757,0,normal,,normal_standard,1,2026-01-26 17:55:07+00:00,False,False,never,,,1,1,,,,,0,2
dev_0001758,0,normal,,normal_standard,3,2026-01-19 04:12:03+00:00,False,False,never,,,3,3,,,,,0,2
dev_0001759,0,normal,,normal_standard,1,2026-01-24 14:36:30+00:00,False,False,never,,,1,1,,,,,0,1
dev_0001760,0,normal,,normal_standard,1,2026-01-08 09:05:41+00:00,False,False,never,,,1,1,,,,,0,4
dev_0001761,0,normal,,normal_standard,1,2026-01-06 14:11:31+00:00,False,False,never,,,1,1,,,,,0,0
dev_0001762,0,normal,,normal_standard,1,2026-01-13 21:27:07+00:00,False,False,never,,,1,1,,,,,0,2
dev_0001764,0,normal,,normal_standard,1,2026-01-16 02:54:25+00:00,False,False,never,,,1,1,,,,,0,4
dev_0001765,0,normal,,normal_standard,2,2026-01-28 15:10:12+00:00,False,False,never,,,2,2,,,,,0,3
dev_0001766,0,normal,,normal_standard,1,2026-01-06 02:00:33+00:00,False,False,never,,,1,1,,,,,0,4
dev_0001767,0,normal,,normal_standard,1,2026-01-12 13:04:27+00:00,False,False,never,,,1,1,,,,,0,1
dev_0001768,0,normal,,normal_standard,1,2026-01-24 20:31:23+00:00,False,False,never,,,1,1,,,,,0,3
dev_0001769,0,normal,,normal_standard,1,2026-01-13 05:35:57+00:00,False,False,never,,,1,1,,,,,0,2
dev_0001770,0,normal,,normal_standard,2,2026-01-01 15:33:26+00:00,False,False,never,,,2,2,,,,,0,0
dev_0001771,0,normal,,normal_standard,1,2026-01-13 10:47:31+00:00,False,False,never,,,1,1,,,,,0,4
dev_0001772,0,normal,,normal_standard,2,2026-01-24 13:07:25+00:00,False,False,never,,,2,2,,,,,0,4
dev_0001774,0,normal,,normal_standard,2,2026-01-08 11:56:43+00:00,False,False,never,,,2,2,,,,,0,2
dev_0001775,0,normal,,normal_standard,1,2026-01-15 15:48:20+00:00,False,False,never,,,1,1,,,,,0,1
dev_0001776,0,normal,,normal_standard,2,2026-01-20 09:59:34+00:00,False,False,never,,,2,2,,,,,0,1
dev_0001778,0,normal,,normal_standard,1,2026-01-26 12:53:03+00:00,False,False,never,,,1,1,,,,,0,1
dev_0001779,0,normal,,normal_standard,1,2026-01-12 13:38:41+00:00,False,False,never,,,1,1,,,,,0,2
dev_0001780,0,normal,,normal_standard,1,2026-01-06 19:34:56+00:00,False,False,never,,,1,1,,,,,0,1
dev_0001781,0,normal,,normal_standard,1,2026-01-11 22:51:03+00:00,False,False,never,,,1,1,,,,,0,3
dev_0001782,0,normal,,normal_standard,1,2026-01-19 06:03:07+00:00,False,False,never,,,1,1,,,,,0,3
dev_0001783,0,normal,,normal_standard,1,2026-01-13 23:00:40+00:00,False,False,never,,,1,1,,,,,0,1
dev_0001784,0,normal,,normal_standard,1,2026-01-27 09:00:46+00:00,False,False,never,,,1,1,,,,,0,1
dev_0001788,0,normal,,normal_standard,2,2026-01-20 03:26:04+00:00,False,False,never,,,2,2,,,,,0,1
dev_0001789,0,normal,,normal_standard,4,2026-01-09 09:30:53+00:00,False,False,never,,,4,4,,,,,0,1
dev_0001790,0,normal,,normal_standard,1,2026-01-22 01:43:43+00:00,False,False,never,,,1,1,,,,,0,1
dev_0001791,0,normal,,normal_standard,2,2026-01-03 12:52:56+00:00,False,False,never,,,2,2,,,,,0,4
dev_0001792,0,normal,,normal_standard,1,2026-01-14 20:22:28+00:00,False,False,never,,,1,1,,,,,0,2
dev_0001793,0,normal,,normal_standard,1,2026-01-22 18:43:37+00:00,False,False,never,,,1,1,,,,,0,4
dev_0001794,0,normal,,normal_standard,1,2026-01-07 03:24:41+00:00,False,False,never,,,1,1,,,,,0,1
dev_0001795,0,normal,,normal_standard,1,2026-01-27 03:04:27+00:00,False,False,never,,,1,1,,,,,0,0
dev_0001796,0,normal,,normal_standard,1,2026-01-08 03:02:22+00:00,False,False,never,,,1,1,,,,,0,1
dev_0001797,0,normal,,normal_standard,1,2026-01-11 18:52:11+00:00,False,False,never,,,1,1,,,,,0,1
dev_0001798,0,normal,,normal_standard,1,2026-01-06 15:06:42+00:00,False,False,never,,,1,1,,,,,0,4
dev_0001799,0,normal,,normal_standard,1,2026-01-07 03:58:00+00:00,False,False,never,,,1,1,,,,,0,4
dev_0001800,0,normal,,normal_standard,3,2026-01-07 00:42:43+00:00,False,False,never,,,3,3,,,,,0,3
dev_0001801,0,normal,,normal_standard,1,2026-01-09 12:36:53+00:00,False,False,never,,,1,1,,,,,0,0
dev_0001802,0,normal,,normal_standard,2,2026-01-15 04:38:34+00:00,False,False,never,,,2,2,,,,,0,4
dev_0001805,0,normal,,normal_standard,1,2026-01-03 03:52:27+00:00,False,False,never,,,1,1,,,,,0,0
dev_0001806,0,normal,,normal_standard,1,2026-01-30 21:38:10+00:00,False,False,never,,,1,1,,,,,0,3
dev_0001807,0,normal,,normal_standard,1,2026-01-01 19:53:11+00:00,False,False,never,,,1,1,,,,,0,1
dev_0001808,0,normal,,normal_standard,1,2026-01-18 20:58:48+00:00,False,False,never,,,1,1,,,,,0,2
dev_0001809,0,normal,,normal_standard,2,2026-01-20 03:16:30+00:00,False,False,never,,,2,2,,,,,0,2
dev_0001810,0,normal,,normal_standard,1,2026-01-29 10:36:16+00:00,False,False,never,,,1,1,,,,,0,0
dev_0001811,0,normal,,normal_standard,1,2026-01-11 10:38:37+00:00,False,False,never,,,1,1,,,,,0,2
dev_0001813,0,normal,,normal_standard,1,2026-01-20 20:36:22+00:00,False,False,never,,,1,1,,,,,0,0
dev_0001814,0,normal,,normal_standard,1,2026-01-06 05:52:47+00:00,False,False,never,,,1,1,,,,,0,2
dev_0001815,0,normal,,normal_standard,1,2026-01-03 12:00:23+00:00,False,False,never,,,1,1,,,,,0,0
dev_0001816,0,normal,,normal_standard,1,2026-01-29 04:01:21+00:00,False,False,never,,,1,1,,,,,0,4
dev_0001817,0,normal,,normal_standard,1,2026-01-15 01:39:27+00:00,False,False,never,,,1,1,,,,,0,1
dev_0001819,0,normal,,normal_standard,1,2026-01-23 05:57:48+00:00,False,False,never,,,1,1,,,,,0,3
dev_0001820,0,normal,,normal_standard,1,2026-01-17 04:55:20+00:00,False,False,never,,,1,1,,,,,0,4
dev_0001821,0,normal,,normal_standard,2,2026-01-17 17:26:37+00:00,False,False,never,,,2,2,,,,,0,2
dev_0001822,0,normal,,normal_standard,1,2026-01-23 16:19:33+00:00,False,False,never,,,1,1,,,,,0,3
dev_0001824,0,normal,,normal_standard,2,2026-01-17 22:32:21+00:00,False,False,never,,,2,2,,,,,0,2
dev_0001826,0,normal,,normal_standard,1,2026-01-03 11:36:42+00:00,False,False,never,,,1,1,,,,,0,2
dev_0001827,0,normal,,normal_standard,1,2026-01-07 22:01:36+00:00,False,False,never,,,1,1,,,,,0,4
dev_0001828,0,normal,,normal_standard,2,2026-01-02 13:21:56+00:00,False,False,never,,,2,2,,,,,0,1
dev_0001829,0,normal,,normal_standard,1,2026-01-30 08:06:05+00:00,False,False,never,,,1,1,,,,,0,4
dev_0001831,0,normal,,normal_standard,1,2026-01-10 11:02:09+00:00,False,False,never,,,1,1,,,,,0,3
dev_0001832,0,normal,,normal_standard,1,2026-01-10 05:07:56+00:00,False,False,never,,,1,1,,,,,0,2
dev_0001833,0,normal,,normal_standard,2,2026-01-26 22:24:55+00:00,False,False,never,,,2,2,,,,,0,1
dev_0001834,0,normal,,normal_standard,1,2026-01-25 07:24:56+00:00,False,False,never,,,1,1,,,,,0,3
dev_0001835,0,normal,,normal_standard,1,2026-01-15 07:10:57+00:00,False,False,never,,,1,1,,,,,0,1
dev_0001836,0,normal,,normal_standard,1,2026-01-09 12:17:50+00:00,False,False,never,,,1,1,,,,,0,3
dev_0001837,0,normal,,normal_standard,1,2026-01-18 19:13:28+00:00,False,False,never,,,1,1,,,,,0,2
dev_0001839,0,normal,,normal_standard,2,2026-01-05 07:22:15+00:00,False,False,never,,,2,2,,,,,0,2
dev_0001840,0,normal,,normal_standard,2,2026-01-17 12:29:48+00:00,False,False,never,,,2,2,,,,,0,1
dev_0001841,0,normal,,normal_standard,2,2026-01-07 12:05:40+00:00,False,False,never,,,2,2,,,,,0,0
dev_0001842,0,normal,,normal_standard,1,2026-01-30 06:22:14+00:00,False,False,never,,,1,1,,,,,0,4
dev_0001844,0,normal,,normal_standard,1,2026-01-27 09:52:43+00:00,False,False,never,,,1,1,,,,,0,2
dev_0001846,0,normal,,normal_standard,1,2026-01-11 03:06:49+00:00,False,False,never,,,1,1,,,,,0,2
dev_0001847,0,normal,,normal_standard,1,2026-01-29 19:25:41+00:00,False,False,never,,,1,1,,,,,0,3
dev_0001848,0,normal,,normal_standard,1,2026-01-16 01:42:09+00:00,False,False,never,,,1,1,,,,,0,4
dev_0001850,0,normal,,normal_standard,1,2026-01-01 17:24:47+00:00,False,False,never,,,1,1,,,,,0,4
dev_0001851,0,normal,,normal_standard,1,2026-01-09 09:33:56+00:00,False,False,never,,,1,1,,,,,0,3
dev_0001852,0,normal,,normal_standard,1,2026-01-23 06:35:18+00:00,False,False,never,,,1,1,,,,,0,2
dev_0001854,0,normal,,normal_standard,1,2026-01-06 08:01:00+00:00,False,False,never,,,1,1,,,,,0,3
dev_0001855,0,normal,,normal_standard,1,2026-01-15 03:04:51+00:00,False,False,never,,,1,1,,,,,0,1
dev_0001856,0,normal,,normal_standard,1,2026-01-28 04:07:40+00:00,False,False,never,,,1,1,,,,,0,0
dev_0001858,0,normal,,normal_standard,1,2026-01-07 23:12:39+00:00,False,False,never,,,1,1,,,,,0,2
dev_0001859,0,normal,,normal_standard,1,2026-01-19 19:42:40+00:00,False,False,never,,,1,1,,,,,0,0
dev_0001860,0,normal,,normal_standard,1,2026-01-21 07:38:33+00:00,False,False,never,,,1,1,,,,,0,0
dev_0001861,0,normal,,normal_standard,1,2026-01-24 15:38:03+00:00,False,False,never,,,1,1,,,,,0,1
dev_0001862,0,normal,,normal_standard,1,2026-01-17 09:21:48+00:00,False,False,never,,,1,1,,,,,0,3
dev_0001863,0,normal,,normal_standard,1,2026-01-09 11:32:29+00:00,False,False,never,,,1,1,,,,,0,0
dev_0001865,0,normal,,normal_standard,1,2026-01-26 20:22:06+00:00,False,False,never,,,1,1,,,,,0,1
dev_0001866,0,normal,,normal_standard,1,2026-01-25 00:18:50+00:00,False,False,never,,,1,1,,,,,0,1
dev_0001867,0,normal,,normal_standard,1,2026-01-29 05:19:38+00:00,False,False,never,,,1,1,,,,,0,4
dev_0001868,0,normal,,normal_standard,1,2026-01-16 22:04:50+00:00,False,False,never,,,1,1,,,,,0,3
dev_0001869,0,normal,,normal_standard,3,2026-01-17 14:58:27+00:00,False,False,never,,,3,3,,,,,0,3
dev_0001870,0,normal,,normal_standard,1,2026-01-06 18:21:24+00:00,False,False,never,,,1,1,,,,,0,3
dev_0001871,0,normal,,normal_standard,1,2026-01-10 07:52:01+00:00,False,False,never,,,1,1,,,,,0,0
dev_0001872,0,normal,,normal_standard,1,2026-01-06 09:45:22+00:00,False,False,never,,,1,1,,,,,0,4
dev_0001873,0,normal,,normal_standard,1,2026-01-04 15:44:45+00:00,False,False,never,,,1,1,,,,,0,4
dev_0001874,0,normal,,normal_standard,1,2026-01-21 16:11:21+00:00,False,False,never,,,1,1,,,,,0,1
dev_0001875,0,normal,,normal_standard,1,2026-01-29 07:41:32+00:00,False,False,never,,,1,1,,,,,0,0
dev_0001878,0,normal,,normal_standard,2,2026-01-14 18:03:53+00:00,False,False,never,,,2,2,,,,,0,3
dev_0001879,0,normal,,normal_standard,1,2026-01-23 19:13:29+00:00,False,False,never,,,1,1,,,,,0,4
dev_0001880,0,normal,,normal_standard,1,2026-01-04 17:15:35+00:00,False,False,never,,,1,1,,,,,0,1
dev_0001881,0,normal,,normal_standard,1,2026-01-01 11:40:26+00:00,False,False,never,,,1,1,,,,,0,3
dev_0001883,0,normal,,normal_standard,1,2026-01-29 19:03:37+00:00,False,False,never,,,1,1,,,,,0,2
dev_0001885,0,normal,,normal_standard,1,2026-01-26 10:35:51+00:00,False,False,never,,,1,1,,,,,0,2
dev_0001886,0,normal,,normal_standard,1,2026-01-20 13:09:14+00:00,False,False,never,,,1,1,,,,,0,2
dev_0001887,0,normal,,normal_standard,1,2026-01-11 03:17:52+00:00,False,False,never,,,1,1,,,,,0,2
dev_0001890,0,normal,,normal_standard,1,2026-01-28 12:29:25+00:00,False,False,never,,,1,1,,,,,0,3
dev_0001891,0,normal,,normal_standard,1,2026-01-12 09:37:18+00:00,False,False,never,,,1,1,,,,,0,4
dev_0001892,0,normal,,normal_standard,2,2026-01-16 20:41:59+00:00,False,False,never,,,2,2,,,,,0,2
dev_0001894,0,normal,,normal_standard,1,2026-01-03 16:38:30+00:00,False,False,never,,,1,1,,,,,0,4
dev_0001895,0,normal,,normal_standard,1,2026-01-09 05:37:22+00:00,False,False,never,,,1,1,,,,,0,1
dev_0001896,0,normal,,normal_standard,1,2026-01-24 18:44:42+00:00,False,False,never,,,1,1,,,,,0,3
dev_0001897,0,normal,,normal_standard,1,2026-01-05 01:56:49+00:00,False,False,never,,,1,1,,,,,0,4
dev_0001898,0,normal,,normal_standard,2,2026-01-17 06:05:26+00:00,False,False,never,,,2,2,,,,,0,4
dev_0001900,0,normal,,normal_standard,2,2026-01-10 20:14:56+00:00,False,False,never,,,2,2,,,,,0,3
dev_0001901,0,normal,,normal_standard,1,2026-01-27 05:26:26+00:00,False,False,never,,,1,1,,,,,0,3
dev_0001902,0,normal,,normal_standard,1,2026-01-22 12:04:09+00:00,False,False,never,,,1,1,,,,,0,4
dev_0001903,0,normal,,normal_standard,1,2026-01-15 21:02:22+00:00,False,False,never,,,1,1,,,,,0,2
dev_0001904,0,normal,,normal_standard,1,2026-01-18 16:07:54+00:00,False,False,never,,,1,1,,,,,0,0
dev_0001905,0,normal,,normal_standard,3,2026-01-03 13:45:42+00:00,False,False,never,,,3,3,,,,,0,0
dev_0001906,0,normal,,normal_standard,2,2026-01-15 10:53:07+00:00,False,False,never,,,2,2,,,,,0,3
dev_0001907,0,normal,,normal_standard,2,2026-01-07 20:00:38+00:00,False,False,never,,,2,2,,,,,0,3
dev_0001908,0,normal,,normal_standard,1,2026-01-04 11:02:35+00:00,False,False,never,,,1,1,,,,,0,1
dev_0001909,0,normal,,normal_standard,1,2026-01-10 11:15:56+00:00,False,False,never,,,1,1,,,,,0,0
dev_0001910,0,normal,,normal_standard,2,2026-01-16 15:26:39+00:00,False,False,never,,,2,2,,,,,0,1
dev_0001911,0,normal,,normal_standard,1,2026-01-13 00:04:38+00:00,False,False,never,,,1,1,,,,,0,4
dev_0001912,0,normal,,normal_standard,1,2026-01-20 20:04:22+00:00,False,False,never,,,1,1,,,,,0,3
dev_0001913,0,normal,,normal_standard,2,2026-01-21 18:17:04+00:00,False,False,never,,,2,2,,,,,0,4
dev_0001914,0,normal,,normal_standard,1,2026-01-08 11:39:27+00:00,False,False,never,,,1,1,,,,,0,1
dev_0001915,0,normal,,normal_standard,1,2026-01-14 11:21:28+00:00,False,False,never,,,1,1,,,,,0,1
dev_0001916,0,normal,,normal_standard,1,2026-01-01 17:30:53+00:00,False,False,never,,,1,1,,,,,0,1
dev_0001917,0,normal,,normal_standard,1,2026-01-18 11:54:10+00:00,False,False,never,,,1,1,,,,,0,3
dev_0001918,0,normal,,normal_standard,1,2026-01-24 21:40:00+00:00,False,False,never,,,1,1,,,,,0,3
dev_0001919,0,normal,,normal_standard,1,2026-01-18 07:16:36+00:00,False,False,never,,,1,1,,,,,0,4
dev_0001920,0,normal,,normal_standard,2,2026-01-23 15:41:38+00:00,False,False,never,,,2,2,,,,,0,4
dev_0001921,0,normal,,normal_standard,1,2026-01-22 08:36:46+00:00,False,False,never,,,1,1,,,,,0,3
dev_0001924,0,normal,,normal_standard,1,2026-01-05 10:25:39+00:00,False,False,never,,,1,1,,,,,0,0
dev_0001925,0,normal,,normal_standard,1,2026-01-26 10:57:04+00:00,False,False,never,,,1,1,,,,,0,3
dev_0001926,0,normal,,normal_standard,1,2026-01-20 08:56:45+00:00,False,False,never,,,1,1,,,,,0,0
dev_0001927,0,normal,,normal_standard,1,2026-01-05 13:20:59+00:00,False,False,never,,,1,1,,,,,0,3
dev_0001928,0,normal,,normal_standard,1,2026-01-29 22:20:40+00:00,False,False,never,,,1,1,,,,,0,0
dev_0001930,0,normal,,normal_standard,1,2026-01-24 07:33:38+00:00,False,False,never,,,1,1,,,,,0,2
dev_0001931,0,normal,,normal_standard,1,2026-01-23 06:36:10+00:00,False,False,never,,,1,1,,,,,0,4
dev_0001932,0,normal,,normal_standard,1,2026-01-19 05:54:57+00:00,False,False,never,,,1,1,,,,,0,4
dev_0001933,0,normal,,normal_standard,1,2026-01-24 21:32:59+00:00,False,False,never,,,1,1,,,,,0,0
dev_0001934,0,normal,,normal_standard,1,2026-01-30 09:37:14+00:00,False,False,never,,,1,1,,,,,0,4
dev_0001935,0,normal,,normal_standard,1,2026-01-15 14:32:45+00:00,False,False,never,,,1,1,,,,,0,4
dev_0001937,0,normal,,normal_standard,1,2026-01-23 05:22:38+00:00,False,False,never,,,1,1,,,,,0,3
dev_0001938,0,normal,,normal_standard,1,2026-01-04 10:37:36+00:00,False,False,never,,,1,1,,,,,0,1
dev_0001940,0,normal,,normal_standard,3,2026-01-04 20:13:48+00:00,False,False,never,,,3,3,,,,,0,1
dev_0001941,0,normal,,normal_standard,1,2026-01-02 08:17:43+00:00,False,False,never,,,1,1,,,,,0,1
dev_0001942,0,normal,,normal_standard,1,2026-01-13 16:37:02+00:00,False,False,never,,,1,1,,,,,0,1
dev_0001943,0,normal,,normal_standard,1,2026-01-12 14:40:24+00:00,False,False,never,,,1,1,,,,,0,3
dev_0001944,0,normal,,normal_standard,1,2026-01-23 07:21:51+00:00,False,False,never,,,1,1,,,,,0,3
dev_0001945,0,normal,,normal_standard,1,2026-01-12 16:44:53+00:00,False,False,never,,,1,1,,,,,0,3
dev_0001946,0,normal,,normal_standard,1,2026-01-16 04:29:46+00:00,False,False,never,,,1,1,,,,,0,1
dev_0001947,0,normal,,normal_standard,1,2026-01-22 17:30:47+00:00,False,False,never,,,1,1,,,,,0,0
dev_0001948,0,normal,,normal_standard,1,2026-01-25 17:21:20+00:00,False,False,never,,,1,1,,,,,0,0
dev_0001949,0,normal,,normal_standard,1,2026-01-09 16:20:59+00:00,False,False,never,,,1,1,,,,,0,2
dev_0001950,0,normal,,normal_standard,1,2026-01-11 15:08:40+00:00,False,False,never,,,1,1,,,,,0,2
dev_0001951,0,normal,,normal_standard,1,2026-01-13 05:51:06+00:00,False,False,never,,,1,1,,,,,0,2
dev_0001952,0,normal,,normal_standard,1,2026-01-25 01:28:20+00:00,False,False,never,,,1,1,,,,,0,2
dev_0001953,0,normal,,normal_standard,1,2026-01-11 07:37:54+00:00,False,False,never,,,1,1,,,,,0,4
dev_0001954,0,normal,,normal_standard,1,2026-01-18 03:59:24+00:00,False,False,never,,,1,1,,,,,0,4
dev_0001955,0,normal,,normal_standard,1,2026-01-23 02:47:23+00:00,False,False,never,,,1,1,,,,,0,2
dev_0001956,0,normal,,normal_standard,1,2026-01-21 12:17:12+00:00,False,False,never,,,1,1,,,,,0,0
dev_0001957,0,normal,,normal_standard,1,2026-01-23 17:59:00+00:00,False,False,never,,,1,1,,,,,0,2
dev_0001959,0,normal,,normal_standard,1,2026-01-08 19:56:53+00:00,False,False,never,,,1,1,,,,,0,3
dev_0001960,0,normal,,normal_standard,2,2026-01-30 18:56:59+00:00,False,False,never,,,2,2,,,,,0,1
dev_0001961,0,normal,,normal_standard,1,2026-01-24 00:43:08+00:00,False,False,never,,,1,1,,,,,0,3
dev_0001962,0,normal,,normal_standard,1,2026-01-01 17:44:04+00:00,False,False,never,,,1,1,,,,,0,2
dev_0001963,0,normal,,normal_standard,1,2026-01-17 07:03:22+00:00,False,False,never,,,1,1,,,,,0,4
dev_0001965,0,normal,,normal_standard,1,2026-01-27 17:32:40+00:00,False,False,never,,,1,1,,,,,0,0
dev_0001967,0,normal,,normal_standard,2,2026-01-01 15:49:53+00:00,False,False,never,,,2,2,,,,,0,0
dev_0001968,0,normal,,normal_standard,1,2026-01-27 08:52:23+00:00,False,False,never,,,1,1,,,,,0,0
dev_0001969,0,normal,,normal_standard,1,2026-01-26 02:18:46+00:00,False,False,never,,,1,1,,,,,0,1
dev_0001970,0,normal,,normal_standard,1,2026-01-26 10:37:25+00:00,False,False,never,,,1,1,,,,,0,0
dev_0001971,0,normal,,normal_standard,1,2026-01-05 06:51:50+00:00,False,False,never,,,1,1,,,,,0,1
dev_0001973,0,normal,,normal_standard,1,2026-01-18 04:22:31+00:00,False,False,never,,,1,1,,,,,0,1
dev_0001974,0,normal,,normal_standard,1,2026-01-24 12:45:06+00:00,False,False,never,,,1,1,,,,,0,3
dev_0001975,0,normal,,normal_standard,1,2026-01-07 18:18:24+00:00,False,False,never,,,1,1,,,,,0,0
dev_0001977,0,normal,,normal_standard,1,2026-01-18 00:19:03+00:00,False,False,never,,,1,1,,,,,0,4
dev_0001979,0,normal,,normal_standard,1,2026-01-29 03:41:22+00:00,False,False,never,,,1,1,,,,,0,2
dev_0001980,0,normal,,normal_standard,2,2026-01-11 13:45:17+00:00,False,False,never,,,2,2,,,,,0,3
dev_0001981,0,normal,,normal_standard,1,2026-01-26 14:16:20+00:00,False,False,never,,,1,1,,,,,0,1
dev_0001984,0,normal,,normal_standard,2,2026-01-01 13:47:05+00:00,False,False,never,,,2,2,,,,,0,3
dev_0001986,0,normal,,normal_standard,1,2026-01-17 20:42:05+00:00,False,False,never,,,1,1,,,,,0,3
dev_0001987,0,normal,,normal_standard,1,2026-01-24 05:23:41+00:00,False,False,never,,,1,1,,,,,0,0
dev_0001988,0,normal,,normal_standard,1,2026-01-19 11:42:06+00:00,False,False,never,,,1,1,,,,,0,3
dev_0001989,0,normal,,normal_standard,2,2026-01-11 04:01:57+00:00,False,False,never,,,2,2,,,,,0,1
dev_0001990,0,normal,,normal_standard,1,2026-01-30 21:51:02+00:00,False,False,never,,,1,1,,,,,0,3
dev_0001991,0,normal,,normal_standard,1,2026-01-05 22:57:09+00:00,False,False,never,,,1,1,,,,,0,4
dev_0001993,0,normal,,normal_standard,2,2026-01-23 14:04:56+00:00,False,False,never,,,2,2,,,,,0,0
dev_0001994,0,normal,,normal_standard,1,2026-01-18 01:57:32+00:00,False,False,never,,,1,1,,,,,0,4
dev_0001996,0,normal,,normal_standard,1,2026-01-03 21:29:39+00:00,False,False,never,,,1,1,,,,,0,2
dev_0001997,0,normal,,normal_standard,1,2026-01-20 17:31:22+00:00,False,False,never,,,1,1,,,,,0,3
dev_0001998,0,normal,,normal_standard,1,2026-01-27 08:19:35+00:00,False,False,never,,,1,1,,,,,0,3
dev_0001999,0,normal,,normal_standard,1,2026-01-18 14:47:08+00:00,False,False,never,,,1,1,,,,,0,1
dev_0002000,0,normal,,normal_standard,1,2026-01-01 20:26:58+00:00,False,False,never,,,1,1,,,,,0,3
dev_0002001,0,normal,,normal_standard,2,2026-01-30 00:13:05+00:00,False,False,never,,,2,2,,,,,0,0
dev_0002002,0,normal,,normal_standard,2,2026-01-13 23:19:36+00:00,False,False,never,,,2,2,,,,,0,0
dev_0002004,0,normal,,normal_standard,1,2026-01-25 22:57:49+00:00,False,False,never,,,1,1,,,,,0,3
dev_0002005,0,normal,,normal_standard,1,2026-01-30 04:03:14+00:00,False,False,never,,,1,1,,,,,0,4
dev_0002007,0,normal,,normal_standard,1,2026-01-30 19:33:44+00:00,False,False,never,,,1,1,,,,,0,3
dev_0002008,0,normal,,normal_standard,1,2026-01-11 11:02:11+00:00,False,False,never,,,1,1,,,,,0,3
dev_0002009,0,normal,,normal_standard,1,2026-01-24 23:50:58+00:00,False,False,never,,,1,1,,,,,0,3
dev_0002010,0,normal,,normal_standard,1,2026-01-06 08:42:06+00:00,False,False,never,,,1,1,,,,,0,1
dev_0002011,0,normal,,normal_standard,1,2026-01-16 16:28:59+00:00,False,False,never,,,1,1,,,,,0,0
dev_0002012,0,normal,,normal_standard,1,2026-01-29 11:44:28+00:00,False,False,never,,,1,1,,,,,0,3
dev_0002013,0,normal,,normal_standard,2,2026-01-29 05:10:46+00:00,False,False,never,,,2,2,,,,,0,0
dev_0002014,0,normal,,normal_standard,1,2026-01-23 01:44:13+00:00,False,False,never,,,1,1,,,,,0,0
dev_0002016,0,normal,,normal_standard,1,2026-01-24 09:29:25+00:00,False,False,never,,,1,1,,,,,0,1
dev_0002017,0,normal,,normal_standard,1,2026-01-23 19:43:28+00:00,False,False,never,,,1,1,,,,,0,4
dev_0002019,0,normal,,normal_standard,2,2026-01-23 20:23:33+00:00,False,False,never,,,2,2,,,,,0,1
dev_0002022,0,normal,,normal_standard,2,2026-01-22 20:53:51+00:00,False,False,never,,,2,2,,,,,0,0
dev_0002023,0,normal,,normal_standard,1,2026-01-29 18:29:51+00:00,False,False,never,,,1,1,,,,,0,4
dev_0002024,0,normal,,normal_standard,1,2026-01-29 13:03:29+00:00,False,False,never,,,1,1,,,,,0,4
dev_0002025,0,normal,,normal_standard,1,2026-01-11 21:41:45+00:00,False,False,never,,,1,1,,,,,0,2
dev_0002029,0,normal,,normal_standard,2,2026-01-26 23:20:10+00:00,False,False,never,,,2,2,,,,,0,0
dev_0002030,0,normal,,normal_standard,1,2026-01-16 06:52:58+00:00,False,False,never,,,1,1,,,,,0,3
dev_0002032,0,normal,,normal_standard,2,2026-01-05 13:00:17+00:00,False,False,never,,,2,2,,,,,0,1
dev_0002033,0,normal,,normal_standard,1,2026-01-15 10:58:55+00:00,False,False,never,,,1,1,,,,,0,1
dev_0002034,0,normal,,normal_standard,1,2026-01-11 05:21:31+00:00,False,False,never,,,1,1,,,,,0,3
dev_0002035,0,normal,,normal_standard,1,2026-01-06 08:17:26+00:00,False,False,never,,,1,1,,,,,0,3
dev_0002036,0,normal,,normal_standard,1,2026-01-15 09:31:31+00:00,False,False,never,,,1,1,,,,,0,3
dev_0002037,0,normal,,normal_standard,1,2026-01-25 08:17:06+00:00,False,False,never,,,1,1,,,,,0,2
dev_0002039,0,normal,,normal_standard,2,2026-01-16 01:32:49+00:00,False,False,never,,,2,2,,,,,0,4
dev_0002040,0,normal,,normal_standard,1,2026-01-06 18:49:42+00:00,False,False,never,,,1,1,,,,,0,0
dev_0002041,0,normal,,normal_standard,1,2026-01-25 17:47:20+00:00,False,False,never,,,1,1,,,,,0,4
dev_0002042,0,normal,,normal_standard,3,2026-01-19 11:24:07+00:00,False,False,never,,,3,3,,,,,0,4
dev_0002043,0,normal,,normal_standard,1,2026-01-14 07:23:57+00:00,False,False,never,,,1,1,,,,,0,4
dev_0002044,0,normal,,normal_standard,2,2026-01-02 12:41:03+00:00,False,False,never,,,2,2,,,,,0,0
dev_0002045,0,normal,,normal_standard,1,2026-01-27 03:30:36+00:00,False,False,never,,,1,1,,,,,0,0
dev_0002046,0,normal,,normal_standard,1,2026-01-06 05:30:42+00:00,False,False,never,,,1,1,,,,,0,2
dev_0002048,0,normal,,normal_standard,1,2026-01-24 10:17:43+00:00,False,False,never,,,1,1,,,,,0,2
dev_0002049,0,normal,,normal_standard,1,2026-01-23 10:15:42+00:00,False,False,never,,,1,1,,,,,0,3
dev_0002051,0,normal,,normal_standard,1,2026-01-15 18:41:56+00:00,False,False,never,,,1,1,,,,,0,1
dev_0002052,0,normal,,normal_standard,1,2026-01-08 01:10:24+00:00,False,False,never,,,1,1,,,,,0,1
dev_0002055,0,normal,,normal_standard,2,2026-01-26 09:18:13+00:00,False,False,never,,,2,2,,,,,0,3
dev_0002056,0,normal,,normal_standard,1,2026-01-24 00:20:12+00:00,False,False,never,,,1,1,,,,,0,4
dev_0002057,0,normal,,normal_standard,1,2026-01-10 13:06:10+00:00,False,False,never,,,1,1,,,,,0,2
dev_0002058,0,normal,,normal_standard,1,2026-01-23 00:02:28+00:00,False,False,never,,,1,1,,,,,0,3
dev_0002059,0,normal,,normal_standard,1,2026-01-19 02:41:31+00:00,False,False,never,,,1,1,,,,,0,3
dev_0002060,0,normal,,normal_standard,2,2026-01-15 06:56:53+00:00,False,False,never,,,2,2,,,,,0,2
dev_0002061,0,normal,,normal_standard,1,2026-01-11 22:32:21+00:00,False,False,never,,,1,1,,,,,0,1
dev_0002062,0,normal,,normal_standard,1,2026-01-20 10:12:47+00:00,False,False,never,,,1,1,,,,,0,1
dev_0002064,0,normal,,normal_standard,1,2026-01-04 10:27:20+00:00,False,False,never,,,1,1,,,,,0,1
dev_0002066,0,normal,,normal_standard,1,2026-01-23 10:02:25+00:00,False,False,never,,,1,1,,,,,0,4
dev_0002068,0,normal,,normal_standard,1,2026-01-13 00:49:41+00:00,False,False,never,,,1,1,,,,,0,2
dev_0002069,0,normal,,normal_standard,1,2026-01-14 21:42:20+00:00,False,False,never,,,1,1,,,,,0,4
dev_0002070,0,normal,,normal_standard,1,2026-01-12 21:09:33+00:00,False,False,never,,,1,1,,,,,0,4
dev_0002071,0,normal,,normal_standard,1,2026-01-30 03:50:35+00:00,False,False,never,,,1,1,,,,,0,0
dev_0002072,0,normal,,normal_standard,1,2026-01-08 05:27:46+00:00,False,False,never,,,1,1,,,,,0,3
dev_0002073,0,normal,,normal_standard,1,2026-01-23 15:52:45+00:00,False,False,never,,,1,1,,,,,0,4
dev_0002074,0,normal,,normal_standard,2,2026-01-10 21:35:23+00:00,False,False,never,,,2,2,,,,,0,0
dev_0002075,0,normal,,normal_standard,1,2026-01-08 23:20:35+00:00,False,False,never,,,1,1,,,,,0,4
dev_0002076,0,normal,,normal_standard,1,2026-01-05 16:05:06+00:00,False,False,never,,,1,1,,,,,0,0
dev_0002077,0,normal,,normal_standard,1,2026-01-22 08:48:26+00:00,False,False,never,,,1,1,,,,,0,0
dev_0002079,0,normal,,normal_standard,3,2026-01-03 11:58:10+00:00,False,False,never,,,3,3,,,,,0,3
dev_0002080,0,normal,,normal_standard,1,2026-01-26 21:10:16+00:00,False,False,never,,,1,1,,,,,0,2
dev_0002081,0,normal,,normal_standard,2,2026-01-09 16:18:55+00:00,False,False,never,,,2,2,,,,,0,0
dev_0002082,0,normal,,normal_standard,1,2026-01-11 02:48:07+00:00,False,False,never,,,1,1,,,,,0,2
dev_0002083,0,normal,,normal_standard,1,2026-01-17 06:36:29+00:00,False,False,never,,,1,1,,,,,0,4
dev_0002087,0,normal,,normal_standard,1,2026-01-20 03:38:39+00:00,False,False,never,,,1,1,,,,,0,2
dev_0002088,0,normal,,normal_standard,1,2026-01-16 08:37:41+00:00,False,False,never,,,1,1,,,,,0,2
dev_0002089,0,normal,,normal_standard,2,2026-01-24 15:03:16+00:00,False,False,never,,,2,2,,,,,0,4
dev_0002090,0,normal,,normal_standard,1,2026-01-12 23:38:10+00:00,False,False,never,,,1,1,,,,,0,2
dev_0002092,0,normal,,normal_standard,2,2026-01-28 10:59:10+00:00,False,False,never,,,2,2,,,,,0,0
dev_0002095,0,normal,,normal_standard,2,2026-01-18 00:49:39+00:00,False,False,never,,,2,2,,,,,0,0
dev_0002096,0,normal,,normal_standard,1,2026-01-26 11:41:43+00:00,False,False,never,,,1,1,,,,,0,3
dev_0002097,0,normal,,normal_standard,2,2026-01-09 00:07:54+00:00,False,False,never,,,2,2,,,,,0,2
dev_0002098,0,normal,,normal_standard,1,2026-01-04 14:12:00+00:00,False,False,never,,,1,1,,,,,0,1
dev_0002100,0,normal,,normal_standard,1,2026-01-12 09:34:35+00:00,False,False,never,,,1,1,,,,,0,2
dev_0002101,0,normal,,normal_standard,1,2026-01-23 02:28:26+00:00,False,False,never,,,1,1,,,,,0,1
dev_0002102,0,normal,,normal_standard,2,2026-01-07 00:26:59+00:00,False,False,never,,,2,2,,,,,0,4
dev_0002103,0,normal,,normal_standard,1,2026-01-28 14:54:56+00:00,False,False,never,,,1,1,,,,,0,4
dev_0002104,0,normal,,normal_standard,1,2026-01-20 06:07:35+00:00,False,False,never,,,1,1,,,,,0,0
dev_0002105,0,normal,,normal_standard,1,2026-01-14 23:58:13+00:00,False,False,never,,,1,1,,,,,0,0
dev_0002106,0,normal,,normal_standard,1,2026-01-16 00:41:40+00:00,False,False,never,,,1,1,,,,,0,3
dev_0002107,0,normal,,normal_standard,1,2026-01-04 22:59:57+00:00,False,False,never,,,1,1,,,,,0,3
dev_0002108,0,normal,,normal_standard,1,2026-01-04 17:14:21+00:00,False,False,never,,,1,1,,,,,0,2
dev_0002110,0,normal,,normal_standard,3,2026-01-24 23:08:10+00:00,False,False,never,,,3,3,,,,,0,1
dev_0002111,0,normal,,normal_standard,2,2026-01-17 07:05:57+00:00,False,False,never,,,2,2,,,,,0,4
dev_0002112,0,normal,,normal_standard,1,2026-01-22 18:45:20+00:00,False,False,never,,,1,1,,,,,0,1
dev_0002113,0,normal,,normal_standard,1,2026-01-09 23:23:54+00:00,False,False,never,,,1,1,,,,,0,0
dev_0002114,0,normal,,normal_standard,1,2026-01-18 22:17:26+00:00,False,False,never,,,1,1,,,,,0,4
dev_0002116,0,normal,,normal_standard,1,2026-01-03 05:10:54+00:00,False,False,never,,,1,1,,,,,0,0
dev_0002117,0,normal,,normal_standard,2,2026-01-29 21:33:45+00:00,False,False,never,,,2,2,,,,,0,1
dev_0002118,0,normal,,normal_standard,1,2026-01-23 16:02:49+00:00,False,False,never,,,1,1,,,,,0,0
dev_0002119,0,normal,,normal_standard,1,2026-01-14 15:59:29+00:00,False,False,never,,,1,1,,,,,0,1
dev_0002120,0,normal,,normal_standard,1,2026-01-11 07:14:22+00:00,False,False,never,,,1,1,,,,,0,0
dev_0002121,0,normal,,normal_standard,1,2026-01-09 19:05:58+00:00,False,False,never,,,1,1,,,,,0,4
dev_0002122,0,normal,,normal_standard,1,2026-01-05 05:04:45+00:00,False,False,never,,,1,1,,,,,0,2
dev_0002123,0,normal,,normal_standard,1,2026-01-23 04:19:29+00:00,False,False,never,,,1,1,,,,,0,0
dev_0002124,0,normal,,normal_standard,1,2026-01-10 21:40:41+00:00,False,False,never,,,1,1,,,,,0,0
dev_0002125,0,normal,,normal_standard,1,2026-01-12 15:30:07+00:00,False,False,never,,,1,1,,,,,0,0
dev_0002126,0,normal,,normal_standard,1,2026-01-05 11:54:42+00:00,False,False,never,,,1,1,,,,,0,2
dev_0002127,0,normal,,normal_standard,2,2026-01-04 16:29:15+00:00,False,False,never,,,2,2,,,,,0,1
dev_0002128,0,normal,,normal_standard,1,2026-01-12 05:23:36+00:00,False,False,never,,,1,1,,,,,0,3
dev_0002129,0,normal,,normal_standard,4,2026-01-02 05:41:50+00:00,False,False,never,,,4,4,,,,,0,2
dev_0002130,0,normal,,normal_standard,1,2026-01-20 00:55:55+00:00,False,False,never,,,1,1,,,,,0,0
dev_0002131,0,normal,,normal_standard,1,2026-01-10 18:32:36+00:00,False,False,never,,,1,1,,,,,0,1
dev_0002132,0,normal,,normal_standard,1,2026-01-23 06:05:05+00:00,False,False,never,,,1,1,,,,,0,4
dev_0002133,0,normal,,normal_standard,1,2026-01-19 07:05:47+00:00,False,False,never,,,1,1,,,,,0,3
dev_0002134,0,normal,,normal_standard,2,2026-01-07 20:20:15+00:00,False,False,never,,,2,2,,,,,0,3
dev_0002135,0,normal,,normal_standard,1,2026-01-24 18:02:15+00:00,False,False,never,,,1,1,,,,,0,0
dev_0002136,0,normal,,normal_standard,1,2026-01-30 22:12:23+00:00,False,False,never,,,1,1,,,,,0,3
dev_0002137,0,normal,,normal_standard,1,2026-01-24 22:04:45+00:00,False,False,never,,,1,1,,,,,0,4
dev_0002138,0,normal,,normal_standard,2,2026-01-10 16:19:43+00:00,False,False,never,,,2,2,,,,,0,4
dev_0002139,0,normal,,normal_standard,1,2026-01-26 19:47:31+00:00,False,False,never,,,1,1,,,,,0,0
dev_0002141,0,normal,,normal_standard,1,2026-01-09 22:37:41+00:00,False,False,never,,,1,1,,,,,0,0
dev_0002142,0,normal,,normal_standard,1,2026-01-30 17:22:34+00:00,False,False,never,,,1,1,,,,,0,2
dev_0002143,0,normal,,normal_standard,1,2026-01-23 23:53:27+00:00,False,False,never,,,1,1,,,,,0,2
dev_0002144,0,normal,,normal_standard,3,2026-01-17 04:41:42+00:00,False,False,never,,,3,3,,,,,0,1
dev_0002149,0,normal,,normal_standard,2,2026-01-26 00:43:26+00:00,False,False,never,,,2,2,,,,,0,4
dev_0002150,0,normal,,normal_standard,3,2026-01-12 06:32:01+00:00,False,False,never,,,3,3,,,,,0,2
dev_0002151,0,normal,,normal_standard,2,2026-01-10 06:40:47+00:00,False,False,never,,,2,2,,,,,0,0
dev_0002152,0,normal,,normal_standard,1,2026-01-23 08:18:56+00:00,False,False,never,,,1,1,,,,,0,2
dev_0002153,0,normal,,normal_standard,1,2026-01-19 12:23:04+00:00,False,False,never,,,1,1,,,,,0,2
dev_0002154,0,normal,,normal_standard,1,2026-01-01 02:13:46+00:00,False,False,never,,,1,1,,,,,0,2
dev_0002155,0,normal,,normal_standard,2,2026-01-22 14:26:36+00:00,False,False,never,,,2,2,,,,,0,2
dev_0002156,0,normal,,normal_standard,1,2026-01-09 11:07:41+00:00,False,False,never,,,1,1,,,,,0,0
dev_0002157,0,normal,,normal_standard,3,2026-01-03 21:11:19+00:00,False,False,never,,,3,3,,,,,0,0
dev_0002159,0,normal,,normal_standard,1,2026-01-10 22:11:56+00:00,False,False,never,,,1,1,,,,,0,2
dev_0002160,0,normal,,normal_standard,2,2026-01-18 19:56:43+00:00,False,False,never,,,2,2,,,,,0,0
dev_0002161,0,normal,,normal_standard,1,2026-01-17 12:45:39+00:00,False,False,never,,,1,1,,,,,0,0
dev_0002162,0,normal,,normal_standard,1,2026-01-01 03:38:32+00:00,False,False,never,,,1,1,,,,,0,2
dev_0002163,0,normal,,normal_standard,1,2026-01-22 14:17:24+00:00,False,False,never,,,1,1,,,,,0,0
dev_0002164,0,normal,,normal_standard,1,2026-01-12 17:04:55+00:00,False,False,never,,,1,1,,,,,0,1
dev_0002165,0,normal,,normal_standard,1,2026-01-26 13:58:29+00:00,False,False,never,,,1,1,,,,,0,1
dev_0002166,0,normal,,normal_standard,3,2026-01-19 19:04:40+00:00,False,False,never,,,3,3,,,,,0,2
dev_0002168,0,normal,,normal_standard,1,2026-01-06 13:59:34+00:00,False,False,never,,,1,1,,,,,0,1
dev_0002169,0,normal,,normal_standard,1,2026-01-01 03:13:36+00:00,False,False,never,,,1,1,,,,,0,2
dev_0002170,0,normal,,normal_standard,1,2026-01-20 23:03:41+00:00,False,False,never,,,1,1,,,,,0,3
dev_0002171,0,normal,,normal_standard,1,2026-01-09 12:12:28+00:00,False,False,never,,,1,1,,,,,0,4
dev_0002172,0,normal,,normal_standard,2,2026-01-28 22:10:22+00:00,False,False,never,,,2,2,,,,,0,0
dev_0002173,0,normal,,normal_standard,1,2026-01-17 11:04:58+00:00,False,False,never,,,1,1,,,,,0,4
dev_0002174,0,normal,,normal_standard,1,2026-01-01 21:34:27+00:00,False,False,never,,,1,1,,,,,0,2
dev_0002175,0,normal,,normal_standard,1,2026-01-08 22:09:39+00:00,False,False,never,,,1,1,,,,,0,1
dev_0002176,0,normal,,normal_standard,1,2026-01-04 00:07:34+00:00,False,False,never,,,1,1,,,,,0,0
dev_0002177,0,normal,,normal_standard,1,2026-01-17 17:27:18+00:00,False,False,never,,,1,1,,,,,0,4
dev_0002178,0,normal,,normal_standard,1,2026-01-02 21:57:47+00:00,False,False,never,,,1,1,,,,,0,0
dev_0002180,0,normal,,normal_standard,1,2026-01-17 19:44:46+00:00,False,False,never,,,1,1,,,,,0,4
dev_0002181,0,normal,,normal_standard,1,2026-01-19 00:47:52+00:00,False,False,never,,,1,1,,,,,0,4
dev_0002182,0,normal,,normal_standard,1,2026-01-05 23:02:48+00:00,False,False,never,,,1,1,,,,,0,2
dev_0002183,0,normal,,normal_standard,2,2026-01-23 21:51:36+00:00,False,False,never,,,2,2,,,,,0,2
dev_0002184,0,normal,,normal_standard,1,2026-01-21 06:45:19+00:00,False,False,never,,,1,1,,,,,0,1
dev_0002185,0,normal,,normal_standard,3,2026-01-28 10:56:47+00:00,False,False,never,,,3,3,,,,,0,4
dev_0002186,0,normal,,normal_standard,1,2026-01-19 10:04:09+00:00,False,False,never,,,1,1,,,,,0,1
dev_0002187,0,normal,,normal_standard,1,2026-01-05 08:34:30+00:00,False,False,never,,,1,1,,,,,0,1
dev_0002188,0,normal,,normal_standard,1,2026-01-19 13:31:56+00:00,False,False,never,,,1,1,,,,,0,3
dev_0002189,0,normal,,normal_standard,1,2026-01-06 20:26:52+00:00,False,False,never,,,1,1,,,,,0,1
dev_0002190,0,normal,,normal_standard,2,2026-01-24 15:40:36+00:00,False,False,never,,,2,2,,,,,0,2
dev_0002191,0,normal,,normal_standard,1,2026-01-12 17:22:01+00:00,False,False,never,,,1,1,,,,,0,1
dev_0002192,0,normal,,normal_standard,1,2026-01-07 13:03:50+00:00,False,False,never,,,1,1,,,,,0,3
dev_0002193,0,normal,,normal_standard,2,2026-01-15 08:00:04+00:00,False,False,never,,,2,2,,,,,0,2
dev_0002194,0,normal,,normal_standard,1,2026-01-06 11:11:48+00:00,False,False,never,,,1,1,,,,,0,3
dev_0002197,0,normal,,normal_standard,1,2026-01-20 18:59:20+00:00,False,False,never,,,1,1,,,,,0,4
dev_0002198,0,normal,,normal_standard,1,2026-01-16 12:29:17+00:00,False,False,never,,,1,1,,,,,0,3
dev_0002200,0,normal,,normal_standard,1,2026-01-26 14:30:44+00:00,False,False,never,,,1,1,,,,,0,2
dev_0002201,0,normal,,normal_standard,1,2026-01-04 22:43:23+00:00,False,False,never,,,1,1,,,,,0,2
dev_0002202,0,normal,,normal_standard,1,2026-01-09 15:35:42+00:00,False,False,never,,,1,1,,,,,0,2
dev_0002203,0,normal,,normal_standard,1,2026-01-12 12:01:35+00:00,False,False,never,,,1,1,,,,,0,4
dev_0002204,0,normal,,normal_standard,1,2026-01-16 08:44:54+00:00,False,False,never,,,1,1,,,,,0,0
dev_0002205,0,normal,,normal_standard,1,2026-01-14 14:21:21+00:00,False,False,never,,,1,1,,,,,0,2
dev_0002206,0,normal,,normal_standard,1,2026-01-27 23:47:21+00:00,False,False,never,,,1,1,,,,,0,3
dev_0002207,0,normal,,normal_standard,1,2026-01-04 01:07:39+00:00,False,False,never,,,1,1,,,,,0,3
dev_0002208,0,normal,,normal_standard,1,2026-01-23 01:32:29+00:00,False,False,never,,,1,1,,,,,0,3
dev_0002209,0,normal,,normal_standard,1,2026-01-21 07:35:13+00:00,False,False,never,,,1,1,,,,,0,1
dev_0002210,0,normal,,normal_standard,2,2026-01-01 22:27:49+00:00,False,False,never,,,2,2,,,,,0,0
dev_0002212,0,normal,,normal_standard,1,2026-01-24 20:54:56+00:00,False,False,never,,,1,1,,,,,0,0
dev_0002213,0,normal,,normal_standard,1,2026-01-17 19:14:34+00:00,False,False,never,,,1,1,,,,,0,1
dev_0002214,0,normal,,normal_standard,1,2026-01-12 03:37:56+00:00,False,False,never,,,1,1,,,,,0,0
dev_0002215,0,normal,,normal_standard,1,2026-01-16 05:35:54+00:00,False,False,never,,,1,1,,,,,0,2
dev_0002217,0,normal,,normal_standard,1,2026-01-12 02:35:40+00:00,False,False,never,,,1,1,,,,,0,3
dev_0002218,0,normal,,normal_standard,2,2026-01-23 19:22:34+00:00,False,False,never,,,2,2,,,,,0,1
dev_0002219,0,normal,,normal_standard,1,2026-01-04 13:37:08+00:00,False,False,never,,,1,1,,,,,0,1
dev_0002220,0,normal,,normal_standard,1,2026-01-01 13:54:43+00:00,False,False,never,,,1,1,,,,,0,0
dev_0002221,0,normal,,normal_standard,2,2026-01-17 22:55:06+00:00,False,False,never,,,2,2,,,,,0,0
dev_0002223,0,normal,,normal_standard,1,2026-01-08 03:40:14+00:00,False,False,never,,,1,1,,,,,0,0
dev_0002224,0,normal,,normal_standard,1,2026-01-11 17:59:49+00:00,False,False,never,,,1,1,,,,,0,2
dev_0002225,0,normal,,normal_standard,1,2026-01-12 22:14:58+00:00,False,False,never,,,1,1,,,,,0,0
dev_0002227,0,normal,,normal_standard,1,2026-01-05 06:13:00+00:00,False,False,never,,,1,1,,,,,0,2
dev_0002230,0,normal,,normal_standard,2,2026-01-19 11:16:42+00:00,False,False,never,,,2,2,,,,,0,2
dev_0002231,0,normal,,normal_standard,1,2026-01-26 11:40:08+00:00,False,False,never,,,1,1,,,,,0,1
dev_0002232,0,normal,,normal_standard,1,2026-01-17 05:20:46+00:00,False,False,never,,,1,1,,,,,0,1
dev_0002233,0,normal,,normal_standard,1,2026-01-29 03:33:20+00:00,False,False,never,,,1,1,,,,,0,2
dev_0002234,0,normal,,normal_standard,1,2026-01-30 08:04:21+00:00,False,False,never,,,1,1,,,,,0,4
dev_0002236,0,normal,,normal_standard,1,2026-01-21 16:15:39+00:00,False,False,never,,,1,1,,,,,0,0
dev_0002238,0,normal,,normal_standard,1,2026-01-20 00:47:00+00:00,False,False,never,,,1,1,,,,,0,1
dev_0002240,0,normal,,normal_standard,1,2026-01-03 16:39:48+00:00,False,False,never,,,1,1,,,,,0,3
dev_0002241,0,normal,,normal_standard,1,2026-01-09 13:15:48+00:00,False,False,never,,,1,1,,,,,0,2
dev_0002242,0,normal,,normal_standard,1,2026-01-09 12:32:49+00:00,False,False,never,,,1,1,,,,,0,2
dev_0002243,0,normal,,normal_standard,1,2026-01-15 04:24:18+00:00,False,False,never,,,1,1,,,,,0,2
dev_0002244,0,normal,,normal_standard,1,2026-01-17 06:15:26+00:00,False,False,never,,,1,1,,,,,0,3
dev_0002245,0,normal,,normal_standard,1,2026-01-27 22:09:08+00:00,False,False,never,,,1,1,,,,,0,2
dev_0002246,0,normal,,normal_standard,2,2026-01-19 04:06:02+00:00,False,False,never,,,2,2,,,,,0,4
dev_0002249,0,normal,,normal_standard,1,2026-01-17 03:07:30+00:00,False,False,never,,,1,1,,,,,0,3
dev_0002251,0,normal,,normal_standard,1,2026-01-20 06:27:26+00:00,False,False,never,,,1,1,,,,,0,4
dev_0002254,0,normal,,normal_standard,1,2026-01-15 15:34:32+00:00,False,False,never,,,1,1,,,,,0,3
dev_0002255,0,normal,,normal_standard,1,2026-01-20 17:47:55+00:00,False,False,never,,,1,1,,,,,0,1
dev_0002257,0,normal,,normal_standard,1,2026-01-25 22:27:07+00:00,False,False,never,,,1,1,,,,,0,4
dev_0002258,0,normal,,normal_standard,2,2026-01-24 14:39:57+00:00,False,False,never,,,2,2,,,,,0,2
dev_0002260,0,normal,,normal_standard,2,2026-01-29 04:34:55+00:00,False,False,never,,,2,2,,,,,0,0
dev_0002261,0,normal,,normal_standard,1,2026-01-26 18:47:02+00:00,False,False,never,,,1,1,,,,,0,2
dev_0002262,0,normal,,normal_standard,1,2026-01-16 18:01:26+00:00,False,False,never,,,1,1,,,,,0,3
dev_0002263,0,normal,,normal_standard,1,2026-01-16 05:35:41+00:00,False,False,never,,,1,1,,,,,0,0
dev_0002264,0,normal,,normal_standard,1,2026-01-17 03:27:01+00:00,False,False,never,,,1,1,,,,,0,2
dev_0002265,0,normal,,normal_standard,1,2026-01-07 02:49:55+00:00,False,False,never,,,1,1,,,,,0,3
dev_0002266,0,normal,,normal_standard,1,2026-01-29 10:26:10+00:00,False,False,never,,,1,1,,,,,0,2
dev_0002267,0,normal,,normal_standard,1,2026-01-03 13:07:47+00:00,False,False,never,,,1,1,,,,,0,4
dev_0002270,0,normal,,normal_standard,3,2026-01-04 22:45:06+00:00,False,False,never,,,3,3,,,,,0,1
dev_0002271,0,normal,,normal_standard,1,2026-01-23 07:42:04+00:00,False,False,never,,,1,1,,,,,0,4
dev_0002272,0,normal,,normal_standard,2,2026-01-14 19:11:50+00:00,False,False,never,,,2,2,,,,,0,1
dev_0002273,0,normal,,normal_standard,1,2026-01-24 17:51:08+00:00,False,False,never,,,1,1,,,,,0,0
dev_0002274,0,normal,,normal_standard,1,2026-01-22 13:11:00+00:00,False,False,never,,,1,1,,,,,0,4
dev_0002275,0,normal,,normal_standard,3,2026-01-24 00:18:57+00:00,False,False,never,,,3,3,,,,,0,1
dev_0002277,0,normal,,normal_standard,1,2026-01-27 16:32:50+00:00,False,False,never,,,1,1,,,,,0,1
dev_0002278,0,normal,,normal_standard,1,2026-01-26 14:09:48+00:00,False,False,never,,,1,1,,,,,0,4
dev_0002279,0,normal,,normal_standard,2,2026-01-10 23:06:07+00:00,False,False,never,,,2,2,,,,,0,3
dev_0002280,0,normal,,normal_standard,2,2026-01-30 12:51:38+00:00,False,False,never,,,2,2,,,,,0,0
dev_0002281,0,normal,,normal_standard,2,2026-01-26 08:50:06+00:00,False,False,never,,,2,2,,,,,0,1
dev_0002283,0,normal,,normal_standard,1,2026-01-24 15:48:22+00:00,False,False,never,,,1,1,,,,,0,3
dev_0002284,0,normal,,normal_standard,2,2026-01-14 03:19:30+00:00,False,False,never,,,2,2,,,,,0,1
dev_0002285,0,normal,,normal_standard,1,2026-01-17 20:25:14+00:00,False,False,never,,,1,1,,,,,0,0
dev_0002286,0,normal,,normal_standard,1,2026-01-28 15:18:29+00:00,False,False,never,,,1,1,,,,,0,4
dev_0002287,0,normal,,normal_standard,1,2026-01-27 16:22:28+00:00,False,False,never,,,1,1,,,,,0,0
dev_0002288,0,normal,,normal_standard,1,2026-01-16 07:23:36+00:00,False,False,never,,,1,1,,,,,0,1
dev_0002289,0,normal,,normal_standard,1,2026-01-19 20:43:15+00:00,False,False,never,,,1,1,,,,,0,1
dev_0002290,0,normal,,normal_standard,1,2026-01-14 22:18:53+00:00,False,False,never,,,1,1,,,,,0,4
dev_0002291,0,normal,,normal_standard,1,2026-01-26 22:44:24+00:00,False,False,never,,,1,1,,,,,0,2
dev_0002293,0,normal,,normal_standard,2,2026-01-16 17:04:20+00:00,False,False,never,,,2,2,,,,,0,3
dev_0002294,0,normal,,normal_standard,1,2026-01-20 03:57:31+00:00,False,False,never,,,1,1,,,,,0,0
dev_0002295,0,normal,,normal_standard,1,2026-01-26 15:17:17+00:00,False,False,never,,,1,1,,,,,0,3
dev_0002296,0,normal,,normal_standard,2,2026-01-21 21:11:02+00:00,False,False,never,,,2,2,,,,,0,4
dev_0002297,0,normal,,normal_standard,1,2026-01-17 14:09:58+00:00,False,False,never,,,1,1,,,,,0,0
dev_0002298,0,normal,,normal_standard,1,2026-01-20 21:54:15+00:00,False,False,never,,,1,1,,,,,0,3
dev_0002299,0,normal,,normal_standard,2,2026-01-26 21:36:51+00:00,False,False,never,,,2,2,,,,,0,0
dev_0002300,0,normal,,normal_standard,1,2026-01-22 23:29:49+00:00,False,False,never,,,1,1,,,,,0,3
dev_0002301,0,normal,,normal_standard,2,2026-01-15 03:33:23+00:00,False,False,never,,,2,2,,,,,0,1
dev_0002302,0,normal,,normal_standard,1,2026-01-14 04:50:36+00:00,False,False,never,,,1,1,,,,,0,2
dev_0002303,0,normal,,normal_standard,1,2026-01-22 06:16:50+00:00,False,False,never,,,1,1,,,,,0,0
dev_0002304,0,normal,,normal_standard,1,2026-01-15 05:50:08+00:00,False,False,never,,,1,1,,,,,0,3
dev_0002305,0,normal,,normal_standard,1,2026-01-22 19:06:44+00:00,False,False,never,,,1,1,,,,,0,1
dev_0002306,0,normal,,normal_standard,1,2026-01-13 02:43:30+00:00,False,False,never,,,1,1,,,,,0,1
dev_0002307,0,normal,,normal_standard,1,2026-01-04 05:07:59+00:00,False,False,never,,,1,1,,,,,0,3
dev_0002308,0,normal,,normal_standard,2,2026-01-06 02:29:01+00:00,False,False,never,,,2,2,,,,,0,1
dev_0002309,0,normal,,normal_standard,1,2026-01-06 12:23:51+00:00,False,False,never,,,1,1,,,,,0,0
dev_0002310,0,normal,,normal_standard,1,2026-01-05 03:20:56+00:00,False,False,never,,,1,1,,,,,0,3
dev_0002311,0,normal,,normal_standard,1,2026-01-02 20:21:36+00:00,False,False,never,,,1,1,,,,,0,3
dev_0002312,0,normal,,normal_standard,2,2026-01-01 06:50:15+00:00,False,False,never,,,2,2,,,,,0,1
dev_0002313,0,normal,,normal_standard,1,2026-01-07 04:30:30+00:00,False,False,never,,,1,1,,,,,0,3
dev_0002314,0,normal,,normal_standard,1,2026-01-26 14:00:59+00:00,False,False,never,,,1,1,,,,,0,4
dev_0002316,0,normal,,normal_standard,3,2026-01-07 03:07:36+00:00,False,False,never,,,3,3,,,,,0,3
dev_0002318,0,normal,,normal_standard,1,2026-01-01 13:48:30+00:00,False,False,never,,,1,1,,,,,0,1
dev_0002319,0,normal,,normal_standard,1,2026-01-15 09:05:20+00:00,False,False,never,,,1,1,,,,,0,3
dev_0002320,0,normal,,normal_standard,1,2026-01-01 05:48:07+00:00,False,False,never,,,1,1,,,,,0,1
dev_0002321,0,normal,,normal_standard,1,2026-01-25 03:36:38+00:00,False,False,never,,,1,1,,,,,0,0
dev_0002322,0,normal,,normal_standard,2,2026-01-02 04:28:41+00:00,False,False,never,,,2,2,,,,,0,3
dev_0002323,0,normal,,normal_standard,1,2026-01-28 08:57:52+00:00,False,False,never,,,1,1,,,,,0,0
dev_0002324,0,normal,,normal_standard,1,2026-01-14 02:51:31+00:00,False,False,never,,,1,1,,,,,0,1
dev_0002325,0,normal,,normal_standard,1,2026-01-24 04:11:50+00:00,False,False,never,,,1,1,,,,,0,3
dev_0002326,0,normal,,normal_standard,1,2026-01-10 10:30:27+00:00,False,False,never,,,1,1,,,,,0,0
dev_0002327,0,normal,,normal_standard,2,2026-01-03 21:39:49+00:00,False,False,never,,,2,2,,,,,0,3
dev_0002328,0,normal,,normal_standard,1,2026-01-26 05:02:35+00:00,False,False,never,,,1,1,,,,,0,0
dev_0002329,0,normal,,normal_standard,1,2026-01-07 17:22:58+00:00,False,False,never,,,1,1,,,,,0,4
dev_0002330,0,normal,,normal_standard,3,2026-01-14 23:04:59+00:00,False,False,never,,,3,3,,,,,0,1
dev_0002331,0,normal,,normal_standard,2,2026-01-16 14:56:26+00:00,False,False,never,,,2,2,,,,,0,0
dev_0002332,0,normal,,normal_standard,1,2026-01-03 19:01:57+00:00,False,False,never,,,1,1,,,,,0,2
dev_0002333,0,normal,,normal_standard,1,2026-01-01 09:17:30+00:00,False,False,never,,,1,1,,,,,0,1
dev_0002334,0,normal,,normal_standard,2,2026-01-10 21:49:34+00:00,False,False,never,,,2,2,,,,,0,1
dev_0002335,0,normal,,normal_standard,1,2026-01-19 21:17:47+00:00,False,False,never,,,1,1,,,,,0,1
dev_0002336,0,normal,,normal_standard,1,2026-01-14 22:02:54+00:00,False,False,never,,,1,1,,,,,0,4
dev_0002337,0,normal,,normal_standard,1,2026-01-11 14:15:54+00:00,False,False,never,,,1,1,,,,,0,3
dev_0002338,0,normal,,normal_standard,2,2026-01-17 13:08:50+00:00,False,False,never,,,2,2,,,,,0,1
dev_0002340,0,normal,,normal_standard,1,2026-01-24 04:54:41+00:00,False,False,never,,,1,1,,,,,0,2
dev_0002341,0,normal,,normal_standard,1,2026-01-09 16:56:49+00:00,False,False,never,,,1,1,,,,,0,3
dev_0002343,0,normal,,normal_standard,1,2026-01-15 17:49:18+00:00,False,False,never,,,1,1,,,,,0,4
dev_0002344,0,normal,,normal_standard,1,2026-01-22 08:17:28+00:00,False,False,never,,,1,1,,,,,0,2
dev_0002345,0,normal,,normal_standard,1,2026-01-21 08:53:02+00:00,False,False,never,,,1,1,,,,,0,3
dev_0002346,0,normal,,normal_standard,1,2026-01-01 10:20:01+00:00,False,False,never,,,1,1,,,,,0,1
dev_0002348,0,normal,,normal_standard,1,2026-01-26 07:17:21+00:00,False,False,never,,,1,1,,,,,0,0
dev_0002349,0,normal,,normal_standard,1,2026-01-19 11:13:00+00:00,False,False,never,,,1,1,,,,,0,0
dev_0002350,0,normal,,normal_standard,1,2026-01-06 14:43:43+00:00,False,False,never,,,1,1,,,,,0,1
dev_0002352,0,normal,,normal_standard,1,2026-01-30 23:14:33+00:00,False,False,never,,,1,1,,,,,0,0
dev_0002354,0,normal,,normal_standard,1,2026-01-10 00:59:27+00:00,False,False,never,,,1,1,,,,,0,1
dev_0002356,0,normal,,normal_standard,1,2026-01-07 00:04:05+00:00,False,False,never,,,1,1,,,,,0,4
dev_0002357,0,normal,,normal_standard,3,2026-01-02 08:58:12+00:00,False,False,never,,,3,3,,,,,0,2
dev_0002358,0,normal,,normal_standard,2,2026-01-01 16:10:33+00:00,False,False,never,,,2,2,,,,,0,4
dev_0002359,0,normal,,normal_standard,1,2026-01-09 06:56:30+00:00,False,False,never,,,1,1,,,,,0,0
dev_0002361,0,normal,,normal_standard,1,2026-01-22 22:00:41+00:00,False,False,never,,,1,1,,,,,0,3
dev_0002362,0,normal,,normal_standard,1,2026-01-02 17:28:28+00:00,False,False,never,,,1,1,,,,,0,1
dev_0002364,0,normal,,normal_standard,2,2026-01-14 01:43:42+00:00,False,False,never,,,2,2,,,,,0,2
dev_0002365,0,normal,,normal_standard,1,2026-01-21 13:31:20+00:00,False,False,never,,,1,1,,,,,0,3
dev_0002366,0,normal,,normal_standard,2,2026-01-07 12:34:27+00:00,False,False,never,,,2,2,,,,,0,4
dev_0002367,0,normal,,normal_standard,1,2026-01-30 03:47:43+00:00,False,False,never,,,1,1,,,,,0,0
dev_0002368,0,normal,,normal_standard,1,2026-01-19 20:30:37+00:00,False,False,never,,,1,1,,,,,0,1
dev_0002369,0,normal,,normal_standard,1,2026-01-08 18:59:30+00:00,False,False,never,,,1,1,,,,,0,3
dev_0002370,0,normal,,normal_standard,1,2026-01-08 12:24:44+00:00,False,False,never,,,1,1,,,,,0,2
dev_0002372,0,normal,,normal_standard,1,2026-01-18 21:00:01+00:00,False,False,never,,,1,1,,,,,0,3
dev_0002373,0,normal,,normal_standard,2,2026-01-13 20:16:49+00:00,False,False,never,,,2,2,,,,,0,4
dev_0002374,0,normal,,normal_standard,1,2026-01-30 02:40:13+00:00,False,False,never,,,1,1,,,,,0,2
dev_0002375,0,normal,,normal_standard,1,2026-01-18 05:58:34+00:00,False,False,never,,,1,1,,,,,0,3
dev_0002376,0,normal,,normal_standard,2,2026-01-16 06:54:59+00:00,False,False,never,,,2,2,,,,,0,4
dev_0002377,0,normal,,normal_standard,1,2026-01-23 12:35:57+00:00,False,False,never,,,1,1,,,,,0,3
dev_0002378,0,normal,,normal_standard,1,2026-01-01 02:48:46+00:00,False,False,never,,,1,1,,,,,0,4
dev_0002381,0,normal,,normal_standard,1,2026-01-05 16:27:48+00:00,False,False,never,,,1,1,,,,,0,1
dev_0002382,0,normal,,normal_standard,1,2026-01-13 03:46:13+00:00,False,False,never,,,1,1,,,,,0,4
dev_0002383,0,normal,,normal_standard,1,2026-01-05 06:32:37+00:00,False,False,never,,,1,1,,,,,0,3
dev_0002385,0,normal,,normal_standard,2,2026-01-17 01:44:54+00:00,False,False,never,,,2,2,,,,,0,1
dev_0002387,0,normal,,normal_standard,1,2026-01-28 09:03:06+00:00,False,False,never,,,1,1,,,,,0,1
dev_0002388,0,normal,,normal_standard,1,2026-01-20 02:01:31+00:00,False,False,never,,,1,1,,,,,0,1
dev_0002389,0,normal,,normal_standard,1,2026-01-16 20:21:13+00:00,False,False,never,,,1,1,,,,,0,4
dev_0002390,0,normal,,normal_standard,1,2026-01-11 11:19:17+00:00,False,False,never,,,1,1,,,,,0,3
dev_0002391,0,normal,,normal_standard,1,2026-01-29 12:21:54+00:00,False,False,never,,,1,1,,,,,0,1
dev_0002392,0,normal,,normal_standard,1,2026-01-19 11:43:42+00:00,False,False,never,,,1,1,,,,,0,4
dev_0002393,0,normal,,normal_standard,1,2026-01-21 08:01:16+00:00,False,False,never,,,1,1,,,,,0,4
dev_0002394,0,normal,,normal_standard,2,2026-01-10 20:07:29+00:00,False,False,never,,,2,2,,,,,0,3
dev_0002395,0,normal,,normal_standard,1,2026-01-10 15:06:50+00:00,False,False,never,,,1,1,,,,,0,4
dev_0002396,0,normal,,normal_standard,1,2026-01-01 15:09:28+00:00,False,False,never,,,1,1,,,,,0,2
dev_0002397,0,normal,,normal_standard,2,2026-01-02 11:11:05+00:00,False,False,never,,,2,2,,,,,0,2
dev_0002398,0,normal,,normal_standard,1,2026-01-30 22:10:30+00:00,False,False,never,,,1,1,,,,,0,4
dev_0002399,0,normal,,normal_standard,3,2026-01-08 20:05:27+00:00,False,False,never,,,3,3,,,,,0,3
dev_0002403,0,normal,,normal_standard,1,2026-01-11 22:01:42+00:00,False,False,never,,,1,1,,,,,0,2
dev_0002404,0,normal,,normal_standard,1,2026-01-19 09:59:45+00:00,False,False,never,,,1,1,,,,,0,4
dev_0002405,0,normal,,normal_standard,1,2026-01-16 09:25:10+00:00,False,False,never,,,1,1,,,,,0,1
dev_0002411,0,normal,,normal_standard,1,2026-01-02 10:54:36+00:00,False,False,never,,,1,1,,,,,0,2
dev_0002413,0,normal,,normal_standard,1,2026-01-17 16:22:11+00:00,False,False,never,,,1,1,,,,,0,1
dev_0002416,0,normal,,normal_standard,1,2026-01-16 03:03:16+00:00,False,False,never,,,1,1,,,,,0,3
dev_0002417,0,normal,,normal_standard,2,2026-01-10 04:39:38+00:00,False,False,never,,,2,2,,,,,0,4
dev_0002419,0,normal,,normal_standard,2,2026-01-11 18:58:42+00:00,False,False,never,,,2,2,,,,,0,3
dev_0002420,0,normal,,normal_standard,1,2026-01-02 09:24:42+00:00,False,False,never,,,1,1,,,,,0,0
dev_0002423,0,normal,,normal_standard,1,2026-01-09 20:10:32+00:00,False,False,never,,,1,1,,,,,0,4
dev_0002426,0,normal,,normal_standard,1,2026-01-28 16:58:22+00:00,False,False,never,,,1,1,,,,,0,2
dev_0002427,0,normal,,normal_standard,1,2026-01-14 12:16:11+00:00,False,False,never,,,1,1,,,,,0,2
dev_0002428,0,normal,,normal_standard,1,2026-01-24 03:18:56+00:00,False,False,never,,,1,1,,,,,0,3
dev_0002429,0,normal,,normal_standard,1,2026-01-07 01:35:05+00:00,False,False,never,,,1,1,,,,,0,4
dev_0002430,0,normal,,normal_standard,1,2026-01-05 15:38:34+00:00,False,False,never,,,1,1,,,,,0,1
dev_0002431,0,normal,,normal_standard,1,2026-01-22 14:54:47+00:00,False,False,never,,,1,1,,,,,0,2
dev_0002432,0,normal,,normal_standard,1,2026-01-12 08:36:15+00:00,False,False,never,,,1,1,,,,,0,1
dev_0002433,0,normal,,normal_standard,1,2026-01-05 20:55:37+00:00,False,False,never,,,1,1,,,,,0,3
dev_0002434,0,normal,,normal_standard,1,2026-01-28 22:04:38+00:00,False,False,never,,,1,1,,,,,0,0
dev_0002435,0,normal,,normal_standard,1,2026-01-05 15:32:03+00:00,False,False,never,,,1,1,,,,,0,2
dev_0002436,0,normal,,normal_standard,1,2026-01-11 23:54:29+00:00,False,False,never,,,1,1,,,,,0,3
dev_0002437,0,normal,,normal_standard,1,2026-01-24 08:24:42+00:00,False,False,never,,,1,1,,,,,0,3
dev_0002438,0,normal,,normal_standard,2,2026-01-20 19:30:46+00:00,False,False,never,,,2,2,,,,,0,1
dev_0002439,0,normal,,normal_standard,1,2026-01-10 10:12:55+00:00,False,False,never,,,1,1,,,,,0,3
dev_0002440,0,normal,,normal_standard,1,2026-01-06 23:45:26+00:00,False,False,never,,,1,1,,,,,0,1
dev_0002441,0,normal,,normal_standard,1,2026-01-03 04:55:06+00:00,False,False,never,,,1,1,,,,,0,4
dev_0002442,0,normal,,normal_standard,1,2026-01-28 08:39:46+00:00,False,False,never,,,1,1,,,,,0,2
dev_0002443,0,normal,,normal_standard,1,2026-01-12 16:42:35+00:00,False,False,never,,,1,1,,,,,0,3
dev_0002445,0,normal,,normal_standard,1,2026-01-20 23:02:53+00:00,False,False,never,,,1,1,,,,,0,0
dev_0002446,0,normal,,normal_standard,1,2026-01-27 02:10:59+00:00,False,False,never,,,1,1,,,,,0,3
dev_0002449,0,normal,,normal_standard,1,2026-01-15 10:31:41+00:00,False,False,never,,,1,1,,,,,0,2
dev_0002451,0,normal,,normal_standard,1,2026-01-01 16:05:01+00:00,False,False,never,,,1,1,,,,,0,2
dev_0002452,0,normal,,normal_standard,1,2026-01-14 06:58:53+00:00,False,False,never,,,1,1,,,,,0,3
dev_0002454,0,normal,,normal_standard,1,2026-01-04 05:07:50+00:00,False,False,never,,,1,1,,,,,0,2
dev_0002455,0,normal,,normal_standard,1,2026-01-16 10:27:44+00:00,False,False,never,,,1,1,,,,,0,4
dev_0002456,0,normal,,normal_standard,1,2026-01-28 00:02:27+00:00,False,False,never,,,1,1,,,,,0,1
dev_0002457,0,normal,,normal_standard,1,2026-01-22 20:20:59+00:00,False,False,never,,,1,1,,,,,0,0
dev_0002458,0,normal,,normal_standard,1,2026-01-10 09:52:45+00:00,False,False,never,,,1,1,,,,,0,4
dev_0002459,0,normal,,normal_standard,1,2026-01-01 05:24:19+00:00,False,False,never,,,1,1,,,,,0,3
dev_0002460,0,normal,,normal_standard,1,2026-01-16 05:08:09+00:00,False,False,never,,,1,1,,,,,0,3
dev_0002461,0,normal,,normal_standard,1,2026-01-02 11:49:11+00:00,False,False,never,,,1,1,,,,,0,1
dev_0002462,0,normal,,normal_standard,2,2026-01-01 10:52:29+00:00,False,False,never,,,2,2,,,,,0,3
dev_0002463,0,normal,,normal_standard,1,2026-01-11 11:28:33+00:00,False,False,never,,,1,1,,,,,0,1
dev_0002464,0,normal,,normal_standard,1,2026-01-30 07:39:19+00:00,False,False,never,,,1,1,,,,,0,1
dev_0002465,0,normal,,normal_standard,1,2026-01-23 06:00:21+00:00,False,False,never,,,1,1,,,,,0,4
dev_0002466,0,normal,,normal_standard,1,2026-01-21 14:08:52+00:00,False,False,never,,,1,1,,,,,0,1
dev_0002467,0,normal,,normal_standard,1,2026-01-21 01:11:43+00:00,False,False,never,,,1,1,,,,,0,0
dev_0002469,0,normal,,normal_standard,1,2026-01-05 03:42:34+00:00,False,False,never,,,1,1,,,,,0,2
dev_0002470,0,normal,,normal_standard,1,2026-01-02 05:13:54+00:00,False,False,never,,,1,1,,,,,0,3
dev_0002471,0,normal,,normal_standard,2,2026-01-17 04:51:45+00:00,False,False,never,,,2,2,,,,,0,0
dev_0002472,0,normal,,normal_standard,2,2026-01-07 12:56:33+00:00,False,False,never,,,2,2,,,,,0,0
dev_0002477,0,normal,,normal_standard,1,2026-01-14 14:48:52+00:00,False,False,never,,,1,1,,,,,0,1
dev_0002478,0,normal,,normal_standard,1,2026-01-01 22:32:59+00:00,False,False,never,,,1,1,,,,,0,1
dev_0002480,0,normal,,normal_standard,1,2026-01-24 15:04:17+00:00,False,False,never,,,1,1,,,,,0,0
dev_0002481,0,normal,,normal_standard,1,2026-01-21 10:00:02+00:00,False,False,never,,,1,1,,,,,0,0
dev_0002483,0,normal,,normal_standard,1,2026-01-09 01:03:17+00:00,False,False,never,,,1,1,,,,,0,1
dev_0002484,0,normal,,normal_standard,1,2026-01-02 22:14:05+00:00,False,False,never,,,1,1,,,,,0,2
dev_0002485,0,normal,,normal_standard,1,2026-01-25 18:48:51+00:00,False,False,never,,,1,1,,,,,0,0
dev_0002487,0,normal,,normal_standard,1,2026-01-19 03:36:30+00:00,False,False,never,,,1,1,,,,,0,1
dev_0002488,0,normal,,normal_standard,1,2026-01-13 00:51:06+00:00,False,False,never,,,1,1,,,,,0,0
dev_0002489,0,normal,,normal_standard,1,2026-01-25 12:26:45+00:00,False,False,never,,,1,1,,,,,0,1
dev_0002490,0,normal,,normal_standard,1,2026-01-18 01:01:18+00:00,False,False,never,,,1,1,,,,,0,4
dev_0002492,0,normal,,normal_standard,1,2026-01-24 06:27:40+00:00,False,False,never,,,1,1,,,,,0,1
dev_0002493,0,normal,,normal_standard,4,2026-01-04 16:26:51+00:00,False,False,never,,,4,4,,,,,0,2
dev_0002494,0,normal,,normal_standard,1,2026-01-29 19:10:48+00:00,False,False,never,,,1,1,,,,,0,2
dev_0002495,0,normal,,normal_standard,1,2026-01-01 02:24:55+00:00,False,False,never,,,1,1,,,,,0,2
dev_0002496,0,normal,,normal_standard,1,2026-01-12 09:58:17+00:00,False,False,never,,,1,1,,,,,0,0
dev_0002497,0,normal,,normal_standard,2,2026-01-13 11:43:23+00:00,False,False,never,,,2,2,,,,,0,4
dev_0002498,0,normal,,normal_standard,1,2026-01-27 16:52:30+00:00,False,False,never,,,1,1,,,,,0,0
dev_0002500,0,normal,,normal_standard,1,2026-01-12 00:38:08+00:00,False,False,never,,,1,1,,,,,0,3
dev_0002501,0,normal,,normal_standard,1,2026-01-28 20:48:17+00:00,False,False,never,,,1,1,,,,,0,3
dev_0002502,0,normal,,normal_standard,2,2026-01-24 04:55:26+00:00,False,False,never,,,2,2,,,,,0,2
dev_0002504,0,normal,,normal_standard,1,2026-01-11 01:16:21+00:00,False,False,never,,,1,1,,,,,0,2
dev_0002505,0,normal,,normal_standard,2,2026-01-28 00:01:37+00:00,False,False,never,,,2,2,,,,,0,1
dev_0002506,0,normal,,normal_standard,1,2026-01-08 18:53:35+00:00,False,False,never,,,1,1,,,,,0,2
dev_0002508,0,normal,,normal_standard,1,2026-01-15 12:27:16+00:00,False,False,never,,,1,1,,,,,0,1
dev_0002509,0,normal,,normal_standard,2,2026-01-13 04:13:09+00:00,False,False,never,,,2,2,,,,,0,2
dev_0002510,0,normal,,normal_standard,3,2026-01-15 17:13:25+00:00,False,False,never,,,3,3,,,,,0,4
dev_0002511,0,normal,,normal_standard,2,2026-01-25 23:18:55+00:00,False,False,never,,,2,2,,,,,0,2
dev_0002512,0,normal,,normal_standard,1,2026-01-16 08:18:15+00:00,False,False,never,,,1,1,,,,,0,2
dev_0002514,0,normal,,normal_standard,1,2026-01-30 13:09:44+00:00,False,False,never,,,1,1,,,,,0,0
dev_0002515,0,normal,,normal_standard,1,2026-01-16 17:32:54+00:00,False,False,never,,,1,1,,,,,0,1
dev_0002516,0,normal,,normal_standard,1,2026-01-15 18:45:16+00:00,False,False,never,,,1,1,,,,,0,1
dev_0002517,0,normal,,normal_standard,1,2026-01-28 16:16:27+00:00,False,False,never,,,1,1,,,,,0,2
dev_0002519,0,normal,,normal_standard,2,2026-01-14 21:00:23+00:00,False,False,never,,,2,2,,,,,0,3
dev_0002520,0,normal,,normal_standard,1,2026-01-02 23:33:51+00:00,False,False,never,,,1,1,,,,,0,3
dev_0002522,0,normal,,normal_standard,1,2026-01-17 06:25:02+00:00,False,False,never,,,1,1,,,,,0,1
dev_0002523,0,normal,,normal_standard,1,2026-01-19 00:55:57+00:00,False,False,never,,,1,1,,,,,0,3
dev_0002524,0,normal,,normal_standard,1,2026-01-18 11:56:44+00:00,False,False,never,,,1,1,,,,,0,2
dev_0002525,0,normal,,normal_standard,1,2026-01-18 17:26:35+00:00,False,False,never,,,1,1,,,,,0,0
dev_0002526,0,normal,,normal_standard,1,2026-01-11 11:15:02+00:00,False,False,never,,,1,1,,,,,0,4
dev_0002527,0,normal,,normal_standard,1,2026-01-17 10:00:33+00:00,False,False,never,,,1,1,,,,,0,2
dev_0002528,0,normal,,normal_standard,1,2026-01-22 09:57:47+00:00,False,False,never,,,1,1,,,,,0,3
dev_0002530,0,normal,,normal_standard,1,2026-01-30 20:33:04+00:00,False,False,never,,,1,1,,,,,0,1
dev_0002532,0,normal,,normal_standard,1,2026-01-03 04:07:53+00:00,False,False,never,,,1,1,,,,,0,2
dev_0002533,0,normal,,normal_standard,2,2026-01-12 21:39:37+00:00,False,False,never,,,2,2,,,,,0,2
dev_0002534,0,normal,,normal_standard,1,2026-01-14 13:51:53+00:00,False,False,never,,,1,1,,,,,0,0
dev_0002535,0,normal,,normal_standard,1,2026-01-13 16:38:00+00:00,False,False,never,,,1,1,,,,,0,4
dev_0002536,0,normal,,normal_standard,2,2026-01-27 00:38:49+00:00,False,False,never,,,2,2,,,,,0,2
dev_0002538,0,normal,,normal_standard,2,2026-01-17 17:54:21+00:00,False,False,never,,,2,2,,,,,0,0
dev_0002540,0,normal,,normal_standard,1,2026-01-27 07:20:21+00:00,False,False,never,,,1,1,,,,,0,4
dev_0002541,0,normal,,normal_standard,1,2026-01-05 18:49:22+00:00,False,False,never,,,1,1,,,,,0,4
dev_0002542,0,normal,,normal_standard,1,2026-01-27 16:50:48+00:00,False,False,never,,,1,1,,,,,0,3
dev_0002543,0,normal,,normal_standard,2,2026-01-11 16:15:06+00:00,False,False,never,,,2,2,,,,,0,2
dev_0002545,0,normal,,normal_standard,2,2026-01-06 06:20:55+00:00,False,False,never,,,2,2,,,,,0,4
dev_0002546,0,normal,,normal_standard,1,2026-01-28 16:55:42+00:00,False,False,never,,,1,1,,,,,0,2
dev_0002547,0,normal,,normal_standard,1,2026-01-03 08:59:39+00:00,False,False,never,,,1,1,,,,,0,1
dev_0002549,0,normal,,normal_standard,2,2026-01-10 21:13:23+00:00,False,False,never,,,2,2,,,,,0,3
dev_0002550,0,normal,,normal_standard,1,2026-01-07 18:04:21+00:00,False,False,never,,,1,1,,,,,0,2
dev_0002551,0,normal,,normal_standard,1,2026-01-25 06:39:00+00:00,False,False,never,,,1,1,,,,,0,2
dev_0002552,0,normal,,normal_standard,2,2026-01-03 22:16:16+00:00,False,False,never,,,2,2,,,,,0,0
dev_0002553,0,normal,,normal_standard,1,2026-01-28 11:09:25+00:00,False,False,never,,,1,1,,,,,0,4
dev_0002554,0,normal,,normal_standard,1,2026-01-10 08:10:17+00:00,False,False,never,,,1,1,,,,,0,3
dev_0002555,0,normal,,normal_standard,1,2026-01-05 21:15:09+00:00,False,False,never,,,1,1,,,,,0,1
dev_0002556,0,normal,,normal_standard,1,2026-01-15 19:56:47+00:00,False,False,never,,,1,1,,,,,0,2
dev_0002557,0,normal,,normal_standard,2,2026-01-04 09:34:58+00:00,False,False,never,,,2,2,,,,,0,0
dev_0002558,0,normal,,normal_standard,1,2026-01-16 01:09:52+00:00,False,False,never,,,1,1,,,,,0,4
dev_0002559,0,normal,,normal_standard,1,2026-01-15 15:43:59+00:00,False,False,never,,,1,1,,,,,0,1
dev_0002560,0,normal,,normal_standard,1,2026-01-04 05:26:37+00:00,False,False,never,,,1,1,,,,,0,0
dev_0002561,0,normal,,normal_standard,1,2026-01-23 09:11:29+00:00,False,False,never,,,1,1,,,,,0,2
dev_0002564,0,normal,,normal_standard,1,2026-01-12 15:21:26+00:00,False,False,never,,,1,1,,,,,0,4
dev_0002567,0,normal,,normal_standard,1,2026-01-30 02:59:35+00:00,False,False,never,,,1,1,,,,,0,1
dev_0002568,0,normal,,normal_standard,1,2026-01-07 16:30:38+00:00,False,False,never,,,1,1,,,,,0,1
dev_0002569,0,normal,,normal_standard,1,2026-01-24 23:37:39+00:00,False,False,never,,,1,1,,,,,0,1
dev_0002571,0,normal,,normal_standard,1,2026-01-29 00:07:39+00:00,False,False,never,,,1,1,,,,,0,1
dev_0002572,0,normal,,normal_standard,3,2026-01-15 16:52:54+00:00,False,False,never,,,3,3,,,,,0,1
dev_0002574,0,normal,,normal_standard,2,2026-01-26 05:10:58+00:00,False,False,never,,,2,2,,,,,0,2
dev_0002575,0,normal,,normal_standard,1,2026-01-16 10:15:19+00:00,False,False,never,,,1,1,,,,,0,4
dev_0002576,0,normal,,normal_standard,1,2026-01-14 10:23:16+00:00,False,False,never,,,1,1,,,,,0,2
dev_0002577,0,normal,,normal_standard,1,2026-01-12 15:53:27+00:00,False,False,never,,,1,1,,,,,0,0
dev_0002578,0,normal,,normal_standard,1,2026-01-29 17:53:14+00:00,False,False,never,,,1,1,,,,,0,3
dev_0002581,0,normal,,normal_standard,1,2026-01-15 21:07:39+00:00,False,False,never,,,1,1,,,,,0,1
dev_0002582,0,normal,,normal_standard,1,2026-01-13 12:39:41+00:00,False,False,never,,,1,1,,,,,0,1
dev_0002583,0,normal,,normal_standard,1,2026-01-01 21:29:23+00:00,False,False,never,,,1,1,,,,,0,0
dev_0002586,0,normal,,normal_standard,1,2026-01-14 18:43:55+00:00,False,False,never,,,1,1,,,,,0,4
dev_0002587,0,normal,,normal_standard,1,2026-01-04 23:02:10+00:00,False,False,never,,,1,1,,,,,0,1
dev_0002588,0,normal,,normal_standard,1,2026-01-24 02:38:03+00:00,False,False,never,,,1,1,,,,,0,1
dev_0002589,0,normal,,normal_standard,1,2026-01-04 14:28:13+00:00,False,False,never,,,1,1,,,,,0,2
dev_0002591,0,normal,,normal_standard,1,2026-01-25 13:11:45+00:00,False,False,never,,,1,1,,,,,0,0
dev_0002592,0,normal,,normal_standard,1,2026-01-05 13:48:50+00:00,False,False,never,,,1,1,,,,,0,1
dev_0002593,0,normal,,normal_standard,1,2026-01-21 02:44:46+00:00,False,False,never,,,1,1,,,,,0,4
dev_0002594,0,normal,,normal_standard,1,2026-01-27 03:48:57+00:00,False,False,never,,,1,1,,,,,0,2
dev_0002595,0,normal,,normal_standard,1,2026-01-13 11:49:42+00:00,False,False,never,,,1,1,,,,,0,3
dev_0002598,0,normal,,normal_standard,1,2026-01-10 10:02:39+00:00,False,False,never,,,1,1,,,,,0,0
dev_0002600,0,normal,,normal_standard,1,2026-01-06 13:22:28+00:00,False,False,never,,,1,1,,,,,0,0
dev_0002601,0,normal,,normal_standard,1,2026-01-22 21:22:17+00:00,False,False,never,,,1,1,,,,,0,4
dev_0002602,0,normal,,normal_standard,1,2026-01-19 10:11:54+00:00,False,False,never,,,1,1,,,,,0,4
dev_0002603,0,normal,,normal_standard,2,2026-01-01 03:43:25+00:00,False,False,never,,,2,2,,,,,0,4
dev_0002604,0,normal,,normal_standard,2,2026-01-25 07:15:26+00:00,False,False,never,,,2,2,,,,,0,2
dev_0002605,0,normal,,normal_standard,1,2026-01-12 20:47:19+00:00,False,False,never,,,1,1,,,,,0,3
dev_0002606,0,normal,,normal_standard,1,2026-01-20 03:45:39+00:00,False,False,never,,,1,1,,,,,0,2
dev_0002607,0,normal,,normal_standard,1,2026-01-27 17:06:46+00:00,False,False,never,,,1,1,,,,,0,4
dev_0002608,0,normal,,normal_standard,2,2026-01-11 11:17:57+00:00,False,False,never,,,2,2,,,,,0,4
dev_0002609,0,normal,,normal_standard,1,2026-01-02 22:52:38+00:00,False,False,never,,,1,1,,,,,0,3
dev_0002610,0,normal,,normal_standard,1,2026-01-29 00:25:44+00:00,False,False,never,,,1,1,,,,,0,4
dev_0002611,0,normal,,normal_standard,1,2026-01-27 22:57:46+00:00,False,False,never,,,1,1,,,,,0,4
dev_0002612,0,normal,,normal_standard,1,2026-01-10 20:34:22+00:00,False,False,never,,,1,1,,,,,0,1
dev_0002613,0,normal,,normal_standard,1,2026-01-30 07:04:59+00:00,False,False,never,,,1,1,,,,,0,0
dev_0002614,0,normal,,normal_standard,1,2026-01-15 13:25:57+00:00,False,False,never,,,1,1,,,,,0,1
dev_0002615,0,normal,,normal_standard,2,2026-01-03 10:20:18+00:00,False,False,never,,,2,2,,,,,0,3
dev_0002617,0,normal,,normal_standard,1,2026-01-06 13:14:30+00:00,False,False,never,,,1,1,,,,,0,0
dev_0002619,0,normal,,normal_standard,2,2026-01-29 05:30:48+00:00,False,False,never,,,2,2,,,,,0,1
dev_0002620,0,normal,,normal_standard,1,2026-01-15 22:19:56+00:00,False,False,never,,,1,1,,,,,0,1
dev_0002621,0,normal,,normal_standard,1,2026-01-02 01:17:28+00:00,False,False,never,,,1,1,,,,,0,3
dev_0002622,0,normal,,normal_standard,1,2026-01-13 15:49:47+00:00,False,False,never,,,1,1,,,,,0,3
dev_0002624,0,normal,,normal_standard,1,2026-01-08 13:27:34+00:00,False,False,never,,,1,1,,,,,0,2
dev_0002626,0,normal,,normal_standard,1,2026-01-14 23:56:31+00:00,False,False,never,,,1,1,,,,,0,0
dev_0002627,0,normal,,normal_standard,1,2026-01-16 21:07:32+00:00,False,False,never,,,1,1,,,,,0,3
dev_0002628,0,normal,,normal_standard,2,2026-01-29 06:25:34+00:00,False,False,never,,,2,2,,,,,0,3
dev_0002629,0,normal,,normal_standard,2,2026-01-07 11:47:14+00:00,False,False,never,,,2,2,,,,,0,4
dev_0002631,0,normal,,normal_standard,1,2026-01-07 23:28:21+00:00,False,False,never,,,1,1,,,,,0,2
dev_0002632,0,normal,,normal_standard,1,2026-01-15 07:31:18+00:00,False,False,never,,,1,1,,,,,0,3
dev_0002633,0,normal,,normal_standard,4,2026-01-22 06:57:55+00:00,False,False,never,,,4,4,,,,,0,4
dev_0002634,0,normal,,normal_standard,1,2026-01-12 08:52:50+00:00,False,False,never,,,1,1,,,,,0,3
dev_0002635,0,normal,,normal_standard,1,2026-01-07 06:40:30+00:00,False,False,never,,,1,1,,,,,0,1
dev_0002636,0,normal,,normal_standard,1,2026-01-12 21:38:40+00:00,False,False,never,,,1,1,,,,,0,3
dev_0002637,0,normal,,normal_standard,1,2026-01-19 00:53:54+00:00,False,False,never,,,1,1,,,,,0,1
dev_0002638,0,normal,,normal_standard,1,2026-01-01 07:29:38+00:00,False,False,never,,,1,1,,,,,0,3
dev_0002640,0,normal,,normal_standard,1,2026-01-05 21:10:12+00:00,False,False,never,,,1,1,,,,,0,4
dev_0002641,0,normal,,normal_standard,1,2026-01-09 04:28:52+00:00,False,False,never,,,1,1,,,,,0,3
dev_0002642,0,normal,,normal_standard,3,2026-01-23 13:29:31+00:00,False,False,never,,,3,3,,,,,0,1
dev_0002643,0,normal,,normal_standard,4,2026-01-16 11:56:42+00:00,False,False,never,,,4,4,,,,,0,0
dev_0002644,0,normal,,normal_standard,1,2026-01-15 09:49:24+00:00,False,False,never,,,1,1,,,,,0,2
dev_0002645,0,normal,,normal_standard,3,2026-01-03 23:10:48+00:00,False,False,never,,,3,3,,,,,0,1
dev_0002649,0,normal,,normal_standard,1,2026-01-27 19:59:27+00:00,False,False,never,,,1,1,,,,,0,0
dev_0002650,0,normal,,normal_standard,2,2026-01-03 17:04:22+00:00,False,False,never,,,2,2,,,,,0,4
dev_0002651,0,normal,,normal_standard,1,2026-01-26 23:31:36+00:00,False,False,never,,,1,1,,,,,0,2
dev_0002652,0,normal,,normal_standard,1,2026-01-19 01:22:28+00:00,False,False,never,,,1,1,,,,,0,2
dev_0002653,0,normal,,normal_standard,1,2026-01-26 04:53:59+00:00,False,False,never,,,1,1,,,,,0,2
dev_0002654,0,normal,,normal_standard,1,2026-01-21 04:18:29+00:00,False,False,never,,,1,1,,,,,0,2
dev_0002655,0,normal,,normal_standard,1,2026-01-29 01:24:17+00:00,False,False,never,,,1,1,,,,,0,1
dev_0002657,0,normal,,normal_standard,1,2026-01-27 06:15:39+00:00,False,False,never,,,1,1,,,,,0,2
dev_0002658,0,normal,,normal_standard,1,2026-01-06 03:01:48+00:00,False,False,never,,,1,1,,,,,0,4
dev_0002659,0,normal,,normal_standard,1,2026-01-03 13:28:04+00:00,False,False,never,,,1,1,,,,,0,1
dev_0002660,0,normal,,normal_standard,1,2026-01-30 23:28:44+00:00,False,False,never,,,1,1,,,,,0,0
dev_0002661,0,normal,,normal_standard,1,2026-01-06 17:49:22+00:00,False,False,never,,,1,1,,,,,0,0
dev_0002662,0,normal,,normal_standard,1,2026-01-29 11:53:49+00:00,False,False,never,,,1,1,,,,,0,0
dev_0002663,0,normal,,normal_standard,1,2026-01-30 02:12:03+00:00,False,False,never,,,1,1,,,,,0,0
dev_0002664,0,normal,,normal_standard,1,2026-01-28 22:58:03+00:00,False,False,never,,,1,1,,,,,0,4
dev_0002666,0,normal,,normal_standard,1,2026-01-22 20:52:20+00:00,False,False,never,,,1,1,,,,,0,0
dev_0002667,0,normal,,normal_standard,1,2026-01-05 02:34:17+00:00,False,False,never,,,1,1,,,,,0,3
dev_0002668,0,normal,,normal_standard,1,2026-01-13 13:56:52+00:00,False,False,never,,,1,1,,,,,0,2
dev_0002669,0,normal,,normal_standard,1,2026-01-04 10:49:59+00:00,False,False,never,,,1,1,,,,,0,4
dev_0002670,0,normal,,normal_standard,2,2026-01-09 04:11:43+00:00,False,False,never,,,2,2,,,,,0,4
dev_0002671,0,normal,,normal_standard,2,2026-01-12 22:50:19+00:00,False,False,never,,,2,2,,,,,0,4
dev_0002672,0,normal,,normal_standard,1,2026-01-19 14:06:17+00:00,False,False,never,,,1,1,,,,,0,3
dev_0002673,0,normal,,normal_standard,2,2026-01-22 02:56:31+00:00,False,False,never,,,2,2,,,,,0,1
dev_0002674,0,normal,,normal_standard,1,2026-01-13 16:04:42+00:00,False,False,never,,,1,1,,,,,0,0
dev_0002675,0,normal,,normal_standard,1,2026-01-10 00:36:59+00:00,False,False,never,,,1,1,,,,,0,0
dev_0002676,0,normal,,normal_standard,2,2026-01-05 15:49:27+00:00,False,False,never,,,2,2,,,,,0,2
dev_0002677,0,normal,,normal_standard,1,2026-01-01 01:42:03+00:00,False,False,never,,,1,1,,,,,0,0
dev_0002678,0,normal,,normal_standard,1,2026-01-29 07:09:57+00:00,False,False,never,,,1,1,,,,,0,4
dev_0002679,0,normal,,normal_standard,1,2026-01-28 06:09:55+00:00,False,False,never,,,1,1,,,,,0,2
dev_0002680,0,normal,,normal_standard,1,2026-01-06 21:39:49+00:00,False,False,never,,,1,1,,,,,0,3
dev_0002681,0,normal,,normal_standard,2,2026-01-06 06:55:48+00:00,False,False,never,,,2,2,,,,,0,4
dev_0002683,0,normal,,normal_standard,3,2026-01-07 09:04:22+00:00,False,False,never,,,3,3,,,,,0,1
dev_0002685,0,normal,,normal_standard,2,2026-01-17 11:43:35+00:00,False,False,never,,,2,2,,,,,0,2
dev_0002686,0,normal,,normal_standard,1,2026-01-14 13:18:39+00:00,False,False,never,,,1,1,,,,,0,3
dev_0002687,0,normal,,normal_standard,3,2026-01-02 20:11:16+00:00,False,False,never,,,3,3,,,,,0,0
dev_0002688,0,normal,,normal_standard,1,2026-01-16 07:34:42+00:00,False,False,never,,,1,1,,,,,0,2
dev_0002689,0,normal,,normal_standard,1,2026-01-17 13:24:04+00:00,False,False,never,,,1,1,,,,,0,0
dev_0002690,0,normal,,normal_standard,1,2026-01-20 15:16:23+00:00,False,False,never,,,1,1,,,,,0,4
dev_0002691,0,normal,,normal_standard,1,2026-01-10 02:47:56+00:00,False,False,never,,,1,1,,,,,0,0
dev_0002693,0,normal,,normal_standard,1,2026-01-18 11:34:49+00:00,False,False,never,,,1,1,,,,,0,1
dev_0002694,0,normal,,normal_standard,1,2026-01-28 17:27:39+00:00,False,False,never,,,1,1,,,,,0,0
dev_0002697,0,normal,,normal_standard,1,2026-01-20 14:10:15+00:00,False,False,never,,,1,1,,,,,0,4
dev_0002698,0,normal,,normal_standard,1,2026-01-12 03:37:47+00:00,False,False,never,,,1,1,,,,,0,3
dev_0002699,0,normal,,normal_standard,1,2026-01-27 14:39:59+00:00,False,False,never,,,1,1,,,,,0,4
dev_0002700,0,normal,,normal_standard,1,2026-01-23 04:07:35+00:00,False,False,never,,,1,1,,,,,0,1
dev_0002701,0,normal,,normal_standard,1,2026-01-12 01:30:41+00:00,False,False,never,,,1,1,,,,,0,4
dev_0002702,0,normal,,normal_standard,1,2026-01-13 02:06:57+00:00,False,False,never,,,1,1,,,,,0,4
dev_0002703,0,normal,,normal_standard,1,2026-01-23 23:10:23+00:00,False,False,never,,,1,1,,,,,0,2
dev_0002705,0,normal,,normal_standard,1,2026-01-08 08:19:06+00:00,False,False,never,,,1,1,,,,,0,3
dev_0002706,0,normal,,normal_standard,3,2026-01-26 03:48:50+00:00,False,False,never,,,3,3,,,,,0,0
dev_0002709,0,normal,,normal_standard,1,2026-01-15 07:28:44+00:00,False,False,never,,,1,1,,,,,0,1
dev_0002710,0,normal,,normal_standard,1,2026-01-28 20:30:24+00:00,False,False,never,,,1,1,,,,,0,4
dev_0002711,0,normal,,normal_standard,1,2026-01-09 09:27:33+00:00,False,False,never,,,1,1,,,,,0,3
dev_0002712,0,normal,,normal_standard,1,2026-01-26 09:15:44+00:00,False,False,never,,,1,1,,,,,0,3
dev_0002713,0,normal,,normal_standard,1,2026-01-10 05:51:07+00:00,False,False,never,,,1,1,,,,,0,0
dev_0002714,0,normal,,normal_standard,1,2026-01-05 08:46:53+00:00,False,False,never,,,1,1,,,,,0,3
dev_0002718,0,normal,,normal_standard,1,2026-01-10 23:54:45+00:00,False,False,never,,,1,1,,,,,0,2
dev_0002719,0,normal,,normal_standard,1,2026-01-09 09:06:10+00:00,False,False,never,,,1,1,,,,,0,0
dev_0002722,0,normal,,normal_standard,2,2026-01-19 13:07:32+00:00,False,False,never,,,2,2,,,,,0,1
dev_0002723,0,normal,,normal_standard,1,2026-01-08 18:50:28+00:00,False,False,never,,,1,1,,,,,0,1
dev_0002725,0,normal,,normal_standard,1,2026-01-23 01:19:03+00:00,False,False,never,,,1,1,,,,,0,3
dev_0002726,0,normal,,normal_standard,2,2026-01-19 07:21:26+00:00,False,False,never,,,2,2,,,,,0,1
dev_0002727,0,normal,,normal_standard,2,2026-01-20 18:28:25+00:00,False,False,never,,,2,2,,,,,0,4
dev_0002728,0,normal,,normal_standard,1,2026-01-06 01:46:41+00:00,False,False,never,,,1,1,,,,,0,0
dev_0002729,0,normal,,normal_standard,1,2026-01-24 18:10:14+00:00,False,False,never,,,1,1,,,,,0,1
dev_0002730,0,normal,,normal_standard,2,2026-01-17 23:05:28+00:00,False,False,never,,,2,2,,,,,0,3
dev_0002731,0,normal,,normal_standard,1,2026-01-04 08:44:30+00:00,False,False,never,,,1,1,,,,,0,3
dev_0002732,0,normal,,normal_standard,2,2026-01-22 10:23:13+00:00,False,False,never,,,2,2,,,,,0,0
dev_0002733,0,normal,,normal_standard,1,2026-01-29 19:38:57+00:00,False,False,never,,,1,1,,,,,0,2
dev_0002734,0,normal,,normal_standard,1,2026-01-03 16:11:58+00:00,False,False,never,,,1,1,,,,,0,4
dev_0002736,0,normal,,normal_standard,1,2026-01-17 07:36:14+00:00,False,False,never,,,1,1,,,,,0,3
dev_0002737,0,normal,,normal_standard,1,2026-01-02 12:22:34+00:00,False,False,never,,,1,1,,,,,0,3
dev_0002738,0,normal,,normal_standard,1,2026-01-03 19:13:18+00:00,False,False,never,,,1,1,,,,,0,2
dev_0002739,0,normal,,normal_standard,2,2026-01-30 22:15:52+00:00,False,False,never,,,2,2,,,,,0,1
dev_0002740,0,normal,,normal_standard,1,2026-01-25 17:11:33+00:00,False,False,never,,,1,1,,,,,0,2
dev_0002741,0,normal,,normal_standard,1,2026-01-22 12:43:31+00:00,False,False,never,,,1,1,,,,,0,0
dev_0002742,0,normal,,normal_standard,1,2026-01-15 12:52:41+00:00,False,False,never,,,1,1,,,,,0,3
dev_0002743,0,normal,,normal_standard,1,2026-01-17 09:29:38+00:00,False,False,never,,,1,1,,,,,0,2
dev_0002744,0,normal,,normal_standard,4,2026-01-30 08:40:26+00:00,False,False,never,,,4,4,,,,,0,0
dev_0002746,0,normal,,normal_standard,1,2026-01-19 21:04:21+00:00,False,False,never,,,1,1,,,,,0,1
dev_0002748,0,normal,,normal_standard,1,2026-01-20 08:11:14+00:00,False,False,never,,,1,1,,,,,0,1
dev_0002749,0,normal,,normal_standard,2,2026-01-21 13:54:10+00:00,False,False,never,,,2,2,,,,,0,2
dev_0002751,0,normal,,normal_standard,1,2026-01-18 00:47:30+00:00,False,False,never,,,1,1,,,,,0,2
dev_0002752,0,normal,,normal_standard,3,2026-01-17 04:09:37+00:00,False,False,never,,,3,3,,,,,0,4
dev_0002753,0,normal,,normal_standard,1,2026-01-16 00:20:33+00:00,False,False,never,,,1,1,,,,,0,1
dev_0002754,0,normal,,normal_standard,1,2026-01-07 14:45:57+00:00,False,False,never,,,1,1,,,,,0,2
dev_0002755,0,normal,,normal_standard,1,2026-01-25 01:58:39+00:00,False,False,never,,,1,1,,,,,0,4
dev_0002756,0,normal,,normal_standard,1,2026-01-05 17:52:22+00:00,False,False,never,,,1,1,,,,,0,4
dev_0002759,0,normal,,normal_standard,1,2026-01-13 07:54:04+00:00,False,False,never,,,1,1,,,,,0,1
dev_0002760,0,normal,,normal_standard,2,2026-01-23 23:14:26+00:00,False,False,never,,,2,2,,,,,0,1
dev_0002763,0,normal,,normal_standard,1,2026-01-21 19:58:04+00:00,False,False,never,,,1,1,,,,,0,4
dev_0002764,0,normal,,normal_standard,2,2026-01-11 08:10:44+00:00,False,False,never,,,2,2,,,,,0,1
dev_0002767,0,normal,,normal_standard,1,2026-01-13 21:51:37+00:00,False,False,never,,,1,1,,,,,0,0
dev_0002768,0,normal,,normal_standard,1,2026-01-11 01:02:09+00:00,False,False,never,,,1,1,,,,,0,2
dev_0002769,0,normal,,normal_standard,1,2026-01-17 07:18:12+00:00,False,False,never,,,1,1,,,,,0,4
dev_0002770,0,normal,,normal_standard,2,2026-01-13 20:59:44+00:00,False,False,never,,,2,2,,,,,0,2
dev_0002772,0,normal,,normal_standard,1,2026-01-18 03:23:57+00:00,False,False,never,,,1,1,,,,,0,0
dev_0002773,0,normal,,normal_standard,1,2026-01-09 07:30:40+00:00,False,False,never,,,1,1,,,,,0,3
dev_0002774,0,normal,,normal_standard,1,2026-01-20 10:54:47+00:00,False,False,never,,,1,1,,,,,0,3
dev_0002775,0,normal,,normal_standard,1,2026-01-09 04:03:30+00:00,False,False,never,,,1,1,,,,,0,0
dev_0002776,0,normal,,normal_standard,1,2026-01-12 21:11:49+00:00,False,False,never,,,1,1,,,,,0,1
dev_0002777,0,normal,,normal_standard,2,2026-01-20 07:54:03+00:00,False,False,never,,,2,2,,,,,0,3
dev_0002778,0,normal,,normal_standard,1,2026-01-06 18:37:55+00:00,False,False,never,,,1,1,,,,,0,1
dev_0002779,0,normal,,normal_standard,1,2026-01-08 20:58:29+00:00,False,False,never,,,1,1,,,,,0,4
dev_0002780,0,normal,,normal_standard,1,2026-01-04 12:53:39+00:00,False,False,never,,,1,1,,,,,0,1
dev_0002781,0,normal,,normal_standard,1,2026-01-17 17:22:23+00:00,False,False,never,,,1,1,,,,,0,2
dev_0002783,0,normal,,normal_standard,1,2026-01-03 08:31:30+00:00,False,False,never,,,1,1,,,,,0,1
dev_0002785,0,normal,,normal_standard,1,2026-01-26 13:42:02+00:00,False,False,never,,,1,1,,,,,0,0
dev_0002786,0,normal,,normal_standard,1,2026-01-02 13:19:59+00:00,False,False,never,,,1,1,,,,,0,3
dev_0002787,0,normal,,normal_standard,1,2026-01-17 19:50:31+00:00,False,False,never,,,1,1,,,,,0,2
dev_0002788,0,normal,,normal_standard,1,2026-01-05 21:56:56+00:00,False,False,never,,,1,1,,,,,0,3
dev_0002790,0,normal,,normal_standard,1,2026-01-11 10:44:52+00:00,False,False,never,,,1,1,,,,,0,0
dev_0002791,0,normal,,normal_standard,1,2026-01-14 21:42:31+00:00,False,False,never,,,1,1,,,,,0,2
dev_0002793,0,normal,,normal_standard,1,2026-01-18 21:00:40+00:00,False,False,never,,,1,1,,,,,0,4
dev_0002794,0,normal,,normal_standard,1,2026-01-04 14:32:54+00:00,False,False,never,,,1,1,,,,,0,0
dev_0002796,0,normal,,normal_standard,1,2026-01-07 23:59:17+00:00,False,False,never,,,1,1,,,,,0,2
dev_0002797,0,normal,,normal_standard,2,2026-01-06 19:51:01+00:00,False,False,never,,,2,2,,,,,0,0
dev_0002798,0,normal,,normal_standard,1,2026-01-01 00:24:03+00:00,False,False,never,,,1,1,,,,,0,1
dev_0002799,0,normal,,normal_standard,1,2026-01-13 00:52:57+00:00,False,False,never,,,1,1,,,,,0,0
dev_0002800,0,normal,,normal_standard,1,2026-01-28 04:15:54+00:00,False,False,never,,,1,1,,,,,0,1
dev_0002801,0,normal,,normal_standard,1,2026-01-26 21:32:37+00:00,False,False,never,,,1,1,,,,,0,2
dev_0002803,0,normal,,normal_standard,1,2026-01-26 11:59:18+00:00,False,False,never,,,1,1,,,,,0,2
dev_0002804,0,normal,,normal_standard,3,2026-01-24 05:49:37+00:00,False,False,never,,,3,3,,,,,0,4
dev_0002806,0,normal,,normal_standard,1,2026-01-05 13:34:00+00:00,False,False,never,,,1,1,,,,,0,3
dev_0002807,0,normal,,normal_standard,1,2026-01-18 09:01:23+00:00,False,False,never,,,1,1,,,,,0,0
dev_0002808,0,normal,,normal_standard,1,2026-01-17 03:01:08+00:00,False,False,never,,,1,1,,,,,0,3
dev_0002809,0,normal,,normal_standard,1,2026-01-27 22:59:34+00:00,False,False,never,,,1,1,,,,,0,0
dev_0002810,0,normal,,normal_standard,1,2026-01-29 20:30:43+00:00,False,False,never,,,1,1,,,,,0,0
dev_0002811,0,normal,,normal_standard,1,2026-01-24 16:50:46+00:00,False,False,never,,,1,1,,,,,0,2
dev_0002813,0,normal,,normal_standard,3,2026-01-07 13:00:41+00:00,False,False,never,,,3,3,,,,,0,4
dev_0002814,0,normal,,normal_standard,1,2026-01-04 15:39:20+00:00,False,False,never,,,1,1,,,,,0,4
dev_0002816,0,normal,,normal_standard,3,2026-01-30 17:34:33+00:00,False,False,never,,,3,3,,,,,0,3
dev_0002817,0,normal,,normal_standard,1,2026-01-01 22:37:15+00:00,False,False,never,,,1,1,,,,,0,2
dev_0002821,0,normal,,normal_standard,1,2026-01-13 05:46:47+00:00,False,False,never,,,1,1,,,,,0,4
dev_0002822,0,normal,,normal_standard,2,2026-01-02 17:11:27+00:00,False,False,never,,,2,2,,,,,0,3
dev_0002823,0,normal,,normal_standard,1,2026-01-27 11:23:56+00:00,False,False,never,,,1,1,,,,,0,1
dev_0002824,0,normal,,normal_standard,1,2026-01-23 10:27:34+00:00,False,False,never,,,1,1,,,,,0,3
dev_0002825,0,normal,,normal_standard,1,2026-01-24 17:46:57+00:00,False,False,never,,,1,1,,,,,0,1
dev_0002827,0,normal,,normal_standard,1,2026-01-02 23:51:29+00:00,False,False,never,,,1,1,,,,,0,1
dev_0002828,0,normal,,normal_standard,2,2026-01-15 09:46:33+00:00,False,False,never,,,2,2,,,,,0,4
dev_0002829,0,normal,,normal_standard,1,2026-01-22 13:51:26+00:00,False,False,never,,,1,1,,,,,0,1
dev_0002830,0,normal,,normal_standard,2,2026-01-08 17:27:40+00:00,False,False,never,,,2,2,,,,,0,2
dev_0002831,0,normal,,normal_standard,1,2026-01-19 03:26:42+00:00,False,False,never,,,1,1,,,,,0,0
dev_0002832,0,normal,,normal_standard,1,2026-01-15 18:04:05+00:00,False,False,never,,,1,1,,,,,0,2
dev_0002834,0,normal,,normal_standard,1,2026-01-08 21:25:45+00:00,False,False,never,,,1,1,,,,,0,0
dev_0002835,0,normal,,normal_standard,2,2026-01-09 04:24:54+00:00,False,False,never,,,2,2,,,,,0,1
dev_0002836,0,normal,,normal_standard,1,2026-01-25 10:32:35+00:00,False,False,never,,,1,1,,,,,0,3
dev_0002837,0,normal,,normal_standard,1,2026-01-16 21:35:43+00:00,False,False,never,,,1,1,,,,,0,1
dev_0002838,0,normal,,normal_standard,1,2026-01-03 07:18:37+00:00,False,False,never,,,1,1,,,,,0,4
dev_0002839,0,normal,,normal_standard,1,2026-01-17 17:47:25+00:00,False,False,never,,,1,1,,,,,0,3
dev_0002840,0,normal,,normal_standard,1,2026-01-02 00:11:25+00:00,False,False,never,,,1,1,,,,,0,4
dev_0002841,0,normal,,normal_standard,1,2026-01-28 10:14:01+00:00,False,False,never,,,1,1,,,,,0,0
dev_0002842,0,normal,,normal_standard,1,2026-01-13 15:32:44+00:00,False,False,never,,,1,1,,,,,0,0
dev_0002843,0,normal,,normal_standard,2,2026-01-07 21:52:34+00:00,False,False,never,,,2,2,,,,,0,3
dev_0002845,0,normal,,normal_standard,1,2026-01-16 17:17:21+00:00,False,False,never,,,1,1,,,,,0,0
dev_0002846,0,normal,,normal_standard,1,2026-01-26 09:19:41+00:00,False,False,never,,,1,1,,,,,0,0
dev_0002847,0,normal,,normal_standard,1,2026-01-03 07:04:01+00:00,False,False,never,,,1,1,,,,,0,4
dev_0002848,0,normal,,normal_standard,1,2026-01-30 02:15:25+00:00,False,False,never,,,1,1,,,,,0,2
dev_0002849,0,normal,,normal_standard,1,2026-01-13 01:28:20+00:00,False,False,never,,,1,1,,,,,0,0
dev_0002850,0,normal,,normal_standard,1,2026-01-23 03:39:28+00:00,False,False,never,,,1,1,,,,,0,0
dev_0002851,0,normal,,normal_standard,1,2026-01-07 20:15:14+00:00,False,False,never,,,1,1,,,,,0,4
dev_0002852,0,normal,,normal_standard,1,2026-01-23 19:56:37+00:00,False,False,never,,,1,1,,,,,0,4
dev_0002853,0,normal,,normal_standard,1,2026-01-09 10:56:46+00:00,False,False,never,,,1,1,,,,,0,2
dev_0002854,0,normal,,normal_standard,2,2026-01-24 17:36:59+00:00,False,False,never,,,2,2,,,,,0,3
dev_0002855,0,normal,,normal_standard,1,2026-01-12 20:21:15+00:00,False,False,never,,,1,1,,,,,0,1
dev_0002856,0,normal,,normal_standard,1,2026-01-12 16:53:49+00:00,False,False,never,,,1,1,,,,,0,0
dev_0002858,0,normal,,normal_standard,1,2026-01-24 16:58:28+00:00,False,False,never,,,1,1,,,,,0,1
dev_0002859,0,normal,,normal_standard,1,2026-01-05 08:14:39+00:00,False,False,never,,,1,1,,,,,0,3
dev_0002860,0,normal,,normal_standard,1,2026-01-28 08:34:38+00:00,False,False,never,,,1,1,,,,,0,0
dev_0002861,0,normal,,normal_standard,1,2026-01-29 10:29:54+00:00,False,False,never,,,1,1,,,,,0,1
dev_0002863,0,normal,,normal_standard,1,2026-01-30 10:33:40+00:00,False,False,never,,,1,1,,,,,0,0
dev_0002864,0,normal,,normal_standard,1,2026-01-25 05:49:21+00:00,False,False,never,,,1,1,,,,,0,1
dev_0002865,0,normal,,normal_standard,1,2026-01-28 00:34:44+00:00,False,False,never,,,1,1,,,,,0,0
dev_0002866,0,normal,,normal_standard,1,2026-01-29 21:19:14+00:00,False,False,never,,,1,1,,,,,0,4
dev_0002868,0,normal,,normal_standard,2,2026-01-06 23:12:35+00:00,False,False,never,,,2,2,,,,,0,4
dev_0002869,0,normal,,normal_standard,1,2026-01-12 12:29:46+00:00,False,False,never,,,1,1,,,,,0,2
dev_0002871,0,normal,,normal_standard,2,2026-01-10 07:49:51+00:00,False,False,never,,,2,2,,,,,0,0
dev_0002872,0,normal,,normal_standard,1,2026-01-23 15:55:24+00:00,False,False,never,,,1,1,,,,,0,0
dev_0002874,0,normal,,normal_standard,3,2026-01-11 03:50:18+00:00,False,False,never,,,3,3,,,,,0,4
dev_0002876,0,normal,,normal_standard,1,2026-01-25 21:51:26+00:00,False,False,never,,,1,1,,,,,0,2
dev_0002878,0,normal,,normal_standard,3,2026-01-14 05:03:49+00:00,False,False,never,,,3,3,,,,,0,0
dev_0002879,0,normal,,normal_standard,1,2026-01-02 06:41:28+00:00,False,False,never,,,1,1,,,,,0,4
dev_0002880,0,normal,,normal_standard,1,2026-01-15 01:19:57+00:00,False,False,never,,,1,1,,,,,0,4
dev_0002881,0,normal,,normal_standard,1,2026-01-29 16:42:57+00:00,False,False,never,,,1,1,,,,,0,1
dev_0002882,0,normal,,normal_standard,2,2026-01-07 11:20:10+00:00,False,False,never,,,2,2,,,,,0,0
dev_0002883,0,normal,,normal_standard,1,2026-01-08 22:54:55+00:00,False,False,never,,,1,1,,,,,0,1
dev_0002885,0,normal,,normal_standard,1,2026-01-28 01:32:31+00:00,False,False,never,,,1,1,,,,,0,1
dev_0002886,0,normal,,normal_standard,1,2026-01-04 16:16:23+00:00,False,False,never,,,1,1,,,,,0,3
dev_0002888,0,normal,,normal_standard,1,2026-01-27 18:37:33+00:00,False,False,never,,,1,1,,,,,0,4
dev_0002890,0,normal,,normal_standard,3,2026-01-21 19:58:14+00:00,False,False,never,,,3,3,,,,,0,1
dev_0002891,0,normal,,normal_standard,1,2026-01-05 12:39:00+00:00,False,False,never,,,1,1,,,,,0,3
dev_0002892,0,normal,,normal_standard,1,2026-01-20 01:09:58+00:00,False,False,never,,,1,1,,,,,0,1
dev_0002893,0,normal,,normal_standard,1,2026-01-15 15:11:54+00:00,False,False,never,,,1,1,,,,,0,1
dev_0002895,0,normal,,normal_standard,1,2026-01-17 21:49:24+00:00,False,False,never,,,1,1,,,,,0,1
dev_0002896,0,normal,,normal_standard,1,2026-01-18 22:15:38+00:00,False,False,never,,,1,1,,,,,0,1
dev_0002899,0,normal,,normal_standard,1,2026-01-26 08:14:21+00:00,False,False,never,,,1,1,,,,,0,2
dev_0002900,0,normal,,normal_standard,1,2026-01-21 01:20:06+00:00,False,False,never,,,1,1,,,,,0,4
dev_0002901,0,normal,,normal_standard,1,2026-01-10 06:41:36+00:00,False,False,never,,,1,1,,,,,0,2
dev_0002902,0,normal,,normal_standard,1,2026-01-08 05:07:53+00:00,False,False,never,,,1,1,,,,,0,1
dev_0002903,0,normal,,normal_standard,1,2026-01-01 14:46:23+00:00,False,False,never,,,1,1,,,,,0,0
dev_0002904,0,normal,,normal_standard,1,2026-01-05 02:28:51+00:00,False,False,never,,,1,1,,,,,0,0
dev_0002905,0,normal,,normal_standard,2,2026-01-21 12:41:31+00:00,False,False,never,,,2,2,,,,,0,0
dev_0002906,0,normal,,normal_standard,2,2026-01-09 11:37:31+00:00,False,False,never,,,2,2,,,,,0,1
dev_0002907,0,normal,,normal_standard,1,2026-01-15 12:11:23+00:00,False,False,never,,,1,1,,,,,0,3
dev_0002908,0,normal,,normal_standard,1,2026-01-23 14:40:27+00:00,False,False,never,,,1,1,,,,,0,2
dev_0002909,0,normal,,normal_standard,1,2026-01-18 21:21:19+00:00,False,False,never,,,1,1,,,,,0,4
dev_0002911,0,normal,,normal_standard,1,2026-01-21 18:24:50+00:00,False,False,never,,,1,1,,,,,0,2
dev_0002912,0,normal,,normal_standard,2,2026-01-07 18:25:07+00:00,False,False,never,,,2,2,,,,,0,0
dev_0002913,0,normal,,normal_standard,2,2026-01-07 03:42:58+00:00,False,False,never,,,2,2,,,,,0,3
dev_0002915,0,normal,,normal_standard,1,2026-01-01 03:49:54+00:00,False,False,never,,,1,1,,,,,0,0
dev_0002917,0,normal,,normal_standard,1,2026-01-28 09:47:25+00:00,False,False,never,,,1,1,,,,,0,2
dev_0002919,0,normal,,normal_standard,2,2026-01-06 01:12:54+00:00,False,False,never,,,2,2,,,,,0,1
dev_0002920,0,normal,,normal_standard,2,2026-01-21 06:32:23+00:00,False,False,never,,,2,2,,,,,0,1
dev_0002921,0,normal,,normal_standard,1,2026-01-20 14:58:04+00:00,False,False,never,,,1,1,,,,,0,1
dev_0002922,0,normal,,normal_standard,1,2026-01-09 02:54:39+00:00,False,False,never,,,1,1,,,,,0,0
dev_0002923,0,normal,,normal_standard,1,2026-01-25 07:45:01+00:00,False,False,never,,,1,1,,,,,0,0
dev_0002924,0,normal,,normal_standard,3,2026-01-28 13:13:05+00:00,False,False,never,,,3,3,,,,,0,1
dev_0002925,0,normal,,normal_standard,1,2026-01-01 11:51:12+00:00,False,False,never,,,1,1,,,,,0,4
dev_0002927,0,normal,,normal_standard,3,2026-01-02 21:23:40+00:00,False,False,never,,,3,3,,,,,0,4
dev_0002928,0,normal,,normal_standard,1,2026-01-24 03:52:38+00:00,False,False,never,,,1,1,,,,,0,0
dev_0002929,0,normal,,normal_standard,1,2026-01-17 12:06:03+00:00,False,False,never,,,1,1,,,,,0,2
dev_0002930,0,normal,,normal_standard,1,2026-01-17 18:27:23+00:00,False,False,never,,,1,1,,,,,0,3
dev_0002931,0,normal,,normal_standard,1,2026-01-28 08:31:27+00:00,False,False,never,,,1,1,,,,,0,0
dev_0002933,0,normal,,normal_standard,2,2026-01-13 01:59:10+00:00,False,False,never,,,2,2,,,,,0,0
dev_0002934,0,normal,,normal_standard,1,2026-01-18 11:02:28+00:00,False,False,never,,,1,1,,,,,0,2
dev_0002937,0,normal,,normal_standard,2,2026-01-11 00:25:48+00:00,False,False,never,,,2,2,,,,,0,1
dev_0002938,0,normal,,normal_standard,1,2026-01-30 01:27:45+00:00,False,False,never,,,1,1,,,,,0,2
dev_0002939,0,normal,,normal_standard,1,2026-01-03 00:36:44+00:00,False,False,never,,,1,1,,,,,0,4
dev_0002940,0,normal,,normal_standard,1,2026-01-01 01:04:38+00:00,False,False,never,,,1,1,,,,,0,4
dev_0002941,0,normal,,normal_standard,1,2026-01-30 14:11:18+00:00,False,False,never,,,1,1,,,,,0,4
dev_0002942,0,normal,,normal_standard,1,2026-01-06 10:00:05+00:00,False,False,never,,,1,1,,,,,0,3
dev_0002943,0,normal,,normal_standard,2,2026-01-09 02:43:28+00:00,False,False,never,,,2,2,,,,,0,2
dev_0002944,0,normal,,normal_standard,1,2026-01-27 22:46:24+00:00,False,False,never,,,1,1,,,,,0,2
dev_0002945,0,normal,,normal_standard,1,2026-01-15 03:20:49+00:00,False,False,never,,,1,1,,,,,0,1
dev_0002946,0,normal,,normal_standard,2,2026-01-12 19:11:09+00:00,False,False,never,,,2,2,,,,,0,4
dev_0002948,0,normal,,normal_standard,1,2026-01-11 11:44:22+00:00,False,False,never,,,1,1,,,,,0,0
dev_0002949,0,normal,,normal_standard,1,2026-01-10 23:13:34+00:00,False,False,never,,,1,1,,,,,0,3
dev_0002951,0,normal,,normal_standard,1,2026-01-14 07:02:10+00:00,False,False,never,,,1,1,,,,,0,0
dev_0002952,0,normal,,normal_standard,1,2026-01-30 03:26:18+00:00,False,False,never,,,1,1,,,,,0,2
dev_0002953,0,normal,,normal_standard,1,2026-01-03 21:18:15+00:00,False,False,never,,,1,1,,,,,0,1
dev_0002955,0,normal,,normal_standard,2,2026-01-16 22:36:14+00:00,False,False,never,,,2,2,,,,,0,1
dev_0002958,0,normal,,normal_standard,2,2026-01-16 15:13:51+00:00,False,False,never,,,2,2,,,,,0,2
dev_0002959,0,normal,,normal_standard,1,2026-01-30 16:10:47+00:00,False,False,never,,,1,1,,,,,0,0
dev_0002960,0,normal,,normal_standard,4,2026-01-28 02:50:20+00:00,False,False,never,,,4,4,,,,,0,2
dev_0002961,0,normal,,normal_standard,1,2026-01-04 15:20:45+00:00,False,False,never,,,1,1,,,,,0,2
dev_0002962,0,normal,,normal_standard,1,2026-01-27 03:25:20+00:00,False,False,never,,,1,1,,,,,0,4
dev_0002963,0,normal,,normal_standard,1,2026-01-14 20:05:38+00:00,False,False,never,,,1,1,,,,,0,2
dev_0002964,0,normal,,normal_standard,1,2026-01-30 13:32:03+00:00,False,False,never,,,1,1,,,,,0,0
dev_0002965,0,normal,,normal_standard,1,2026-01-18 00:12:43+00:00,False,False,never,,,1,1,,,,,0,3
dev_0002967,0,normal,,normal_standard,1,2026-01-22 17:01:55+00:00,False,False,never,,,1,1,,,,,0,3
dev_0002968,0,normal,,normal_standard,2,2026-01-11 09:39:47+00:00,False,False,never,,,2,2,,,,,0,1
dev_0002969,0,normal,,normal_standard,1,2026-01-18 21:35:22+00:00,False,False,never,,,1,1,,,,,0,1
dev_0002970,0,normal,,normal_standard,1,2026-01-08 07:01:58+00:00,False,False,never,,,1,1,,,,,0,4
dev_0002971,0,normal,,normal_standard,1,2026-01-23 16:05:54+00:00,False,False,never,,,1,1,,,,,0,1
dev_0002972,0,normal,,normal_standard,1,2026-01-04 18:25:46+00:00,False,False,never,,,1,1,,,,,0,0
dev_0002973,0,normal,,normal_standard,1,2026-01-13 23:37:40+00:00,False,False,never,,,1,1,,,,,0,3
dev_0002974,0,normal,,normal_standard,2,2026-01-24 22:37:53+00:00,False,False,never,,,2,2,,,,,0,0
dev_0002975,0,normal,,normal_standard,1,2026-01-28 03:24:55+00:00,False,False,never,,,1,1,,,,,0,3
dev_0002976,0,normal,,normal_standard,1,2026-01-29 18:50:22+00:00,False,False,never,,,1,1,,,,,0,2
dev_0002977,0,normal,,normal_standard,3,2026-01-28 10:01:41+00:00,False,False,never,,,3,3,,,,,0,3
dev_0002979,0,normal,,normal_standard,1,2026-01-01 00:35:12+00:00,False,False,never,,,1,1,,,,,0,3
dev_0002981,0,normal,,normal_standard,3,2026-01-25 04:33:34+00:00,False,False,never,,,3,3,,,,,0,3
dev_0002982,0,normal,,normal_standard,3,2026-01-08 03:18:41+00:00,False,False,never,,,3,3,,,,,0,2
dev_0002983,0,normal,,normal_standard,1,2026-01-01 19:53:41+00:00,False,False,never,,,1,1,,,,,0,4
dev_0002984,0,normal,,normal_standard,1,2026-01-08 03:22:37+00:00,False,False,never,,,1,1,,,,,0,4
dev_0002985,0,normal,,normal_standard,1,2026-01-09 00:40:29+00:00,False,False,never,,,1,1,,,,,0,1
dev_0002987,0,normal,,normal_standard,1,2026-01-29 18:37:50+00:00,False,False,never,,,1,1,,,,,0,2
dev_0002988,0,normal,,normal_standard,1,2026-01-01 05:53:59+00:00,False,False,never,,,1,1,,,,,0,2
dev_0002992,0,normal,,normal_standard,1,2026-01-05 20:39:59+00:00,False,False,never,,,1,1,,,,,0,0
dev_0002993,0,normal,,normal_standard,1,2026-01-22 14:46:36+00:00,False,False,never,,,1,1,,,,,0,3
dev_0002994,0,normal,,normal_standard,1,2026-01-25 20:53:39+00:00,False,False,never,,,1,1,,,,,0,4
dev_0002996,0,normal,,normal_standard,2,2026-01-14 11:50:23+00:00,False,False,never,,,2,2,,,,,0,3
dev_0002997,0,normal,,normal_standard,1,2026-01-24 07:34:32+00:00,False,False,never,,,1,1,,,,,0,3
dev_0002998,0,normal,,normal_standard,1,2026-01-09 00:48:07+00:00,False,False,never,,,1,1,,,,,0,1
dev_0002999,0,normal,,normal_standard,1,2026-01-21 21:58:24+00:00,False,False,never,,,1,1,,,,,0,4
dev_0003000,0,normal,,normal_standard,1,2026-01-21 20:28:56+00:00,False,False,never,,,1,1,,,,,0,4
dev_0003002,0,normal,,normal_standard,1,2026-01-06 01:51:37+00:00,False,False,never,,,1,1,,,,,0,2
dev_0003003,0,normal,,normal_standard,1,2026-01-21 07:01:41+00:00,False,False,never,,,1,1,,,,,0,2
dev_0003004,0,normal,,normal_standard,2,2026-01-25 20:02:43+00:00,False,False,never,,,2,2,,,,,0,4
dev_0003005,0,normal,,normal_standard,2,2026-01-27 19:50:56+00:00,False,False,never,,,2,2,,,,,0,0
dev_0003006,0,normal,,normal_standard,1,2026-01-20 16:27:24+00:00,False,False,never,,,1,1,,,,,0,1
dev_0003007,0,normal,,normal_standard,1,2026-01-12 12:17:41+00:00,False,False,never,,,1,1,,,,,0,0
dev_0003008,0,normal,,normal_standard,1,2026-01-23 19:37:47+00:00,False,False,never,,,1,1,,,,,0,1
dev_0003009,0,normal,,normal_standard,1,2026-01-20 13:46:43+00:00,False,False,never,,,1,1,,,,,0,3
dev_0003010,0,normal,,normal_standard,1,2026-01-19 21:57:53+00:00,False,False,never,,,1,1,,,,,0,2
dev_0003011,0,normal,,normal_standard,1,2026-01-04 03:57:30+00:00,False,False,never,,,1,1,,,,,0,1
dev_0003012,0,normal,,normal_standard,1,2026-01-14 22:17:50+00:00,False,False,never,,,1,1,,,,,0,1
dev_0003013,0,normal,,normal_standard,1,2026-01-23 16:25:25+00:00,False,False,never,,,1,1,,,,,0,3
dev_0003014,0,normal,,normal_standard,1,2026-01-16 20:42:13+00:00,False,False,never,,,1,1,,,,,0,2
dev_0003015,0,normal,,normal_standard,2,2026-01-25 08:34:29+00:00,False,False,never,,,2,2,,,,,0,2
dev_0003016,0,normal,,normal_standard,1,2026-01-23 02:08:41+00:00,False,False,never,,,1,1,,,,,0,0
dev_0003017,0,normal,,normal_standard,1,2026-01-20 07:01:21+00:00,False,False,never,,,1,1,,,,,0,0
dev_0003018,0,normal,,normal_standard,1,2026-01-26 04:15:24+00:00,False,False,never,,,1,1,,,,,0,1
dev_0003019,0,normal,,normal_standard,1,2026-01-03 10:43:28+00:00,False,False,never,,,1,1,,,,,0,2
dev_0003020,0,normal,,normal_standard,1,2026-01-08 12:29:41+00:00,False,False,never,,,1,1,,,,,0,0
dev_0003021,0,normal,,normal_standard,2,2026-01-30 19:07:54+00:00,False,False,never,,,2,2,,,,,0,1
dev_0003024,0,normal,,normal_standard,1,2026-01-03 12:09:08+00:00,False,False,never,,,1,1,,,,,0,4
dev_0003025,0,normal,,normal_standard,1,2026-01-04 19:56:20+00:00,False,False,never,,,1,1,,,,,0,0
dev_0003026,0,normal,,normal_standard,1,2026-01-30 17:26:59+00:00,False,False,never,,,1,1,,,,,0,2
dev_0003027,0,normal,,normal_standard,1,2026-01-26 17:11:47+00:00,False,False,never,,,1,1,,,,,0,2
dev_0003028,0,normal,,normal_standard,1,2026-01-12 06:49:56+00:00,False,False,never,,,1,1,,,,,0,4
dev_0003030,0,normal,,normal_standard,1,2026-01-04 02:53:41+00:00,False,False,never,,,1,1,,,,,0,3
dev_0003031,0,normal,,normal_standard,1,2026-01-22 12:50:31+00:00,False,False,never,,,1,1,,,,,0,0
dev_0003032,0,normal,,normal_standard,2,2026-01-09 15:23:05+00:00,False,False,never,,,2,2,,,,,0,3
dev_0003033,0,normal,,normal_standard,1,2026-01-10 12:31:57+00:00,False,False,never,,,1,1,,,,,0,0
dev_0003034,0,normal,,normal_standard,1,2026-01-25 07:38:37+00:00,False,False,never,,,1,1,,,,,0,2
dev_0003035,0,normal,,normal_standard,1,2026-01-17 08:23:58+00:00,False,False,never,,,1,1,,,,,0,2
dev_0003036,0,normal,,normal_standard,1,2026-01-26 22:43:57+00:00,False,False,never,,,1,1,,,,,0,4
dev_0003037,0,normal,,normal_standard,1,2026-01-26 08:35:33+00:00,False,False,never,,,1,1,,,,,0,2
dev_0003038,0,normal,,normal_standard,1,2026-01-02 10:43:05+00:00,False,False,never,,,1,1,,,,,0,0
dev_0003039,0,normal,,normal_standard,1,2026-01-20 06:26:07+00:00,False,False,never,,,1,1,,,,,0,1
dev_0003040,0,normal,,normal_standard,1,2026-01-23 15:29:44+00:00,False,False,never,,,1,1,,,,,0,3
dev_0003042,0,normal,,normal_standard,1,2026-01-05 20:50:33+00:00,False,False,never,,,1,1,,,,,0,2
dev_0003043,0,normal,,normal_standard,1,2026-01-01 14:30:22+00:00,False,False,never,,,1,1,,,,,0,3
dev_0003044,0,normal,,normal_standard,3,2026-01-30 09:44:47+00:00,False,False,never,,,3,3,,,,,0,1
dev_0003045,0,normal,,normal_standard,1,2026-01-17 22:46:14+00:00,False,False,never,,,1,1,,,,,0,0
dev_0003046,0,normal,,normal_standard,1,2026-01-17 17:22:33+00:00,False,False,never,,,1,1,,,,,0,4
dev_0003047,0,normal,,normal_standard,1,2026-01-21 13:45:40+00:00,False,False,never,,,1,1,,,,,0,4
dev_0003048,0,normal,,normal_standard,1,2026-01-08 00:38:32+00:00,False,False,never,,,1,1,,,,,0,0
dev_0003049,0,normal,,normal_standard,1,2026-01-02 06:31:44+00:00,False,False,never,,,1,1,,,,,0,0
dev_0003050,0,normal,,normal_standard,2,2026-01-03 14:44:26+00:00,False,False,never,,,2,2,,,,,0,3
dev_0003051,0,normal,,normal_standard,3,2026-01-13 20:53:54+00:00,False,False,never,,,3,3,,,,,0,3
dev_0003052,0,normal,,normal_standard,1,2026-01-08 16:03:49+00:00,False,False,never,,,1,1,,,,,0,2
dev_0003053,0,normal,,normal_standard,1,2026-01-10 18:05:30+00:00,False,False,never,,,1,1,,,,,0,0
dev_0003054,0,normal,,normal_standard,1,2026-01-21 08:40:27+00:00,False,False,never,,,1,1,,,,,0,0
dev_0003055,0,normal,,normal_standard,1,2026-01-25 18:47:34+00:00,False,False,never,,,1,1,,,,,0,0
dev_0003057,0,normal,,normal_standard,2,2026-01-15 08:43:39+00:00,False,False,never,,,2,2,,,,,0,0
dev_0003058,0,normal,,normal_standard,1,2026-01-04 18:20:49+00:00,False,False,never,,,1,1,,,,,0,3
dev_0003060,0,normal,,normal_standard,2,2026-01-13 20:35:24+00:00,False,False,never,,,2,2,,,,,0,3
dev_0003061,0,normal,,normal_standard,1,2026-01-06 14:09:24+00:00,False,False,never,,,1,1,,,,,0,2
dev_0003063,0,normal,,normal_standard,1,2026-01-27 08:54:42+00:00,False,False,never,,,1,1,,,,,0,0
dev_0003064,0,normal,,normal_standard,1,2026-01-28 15:05:37+00:00,False,False,never,,,1,1,,,,,0,4
dev_0003065,0,normal,,normal_standard,1,2026-01-10 06:36:36+00:00,False,False,never,,,1,1,,,,,0,3
dev_0003067,0,normal,,normal_standard,1,2026-01-16 09:05:48+00:00,False,False,never,,,1,1,,,,,0,3
dev_0003068,0,normal,,normal_standard,1,2026-01-28 00:33:08+00:00,False,False,never,,,1,1,,,,,0,3
dev_0003069,0,normal,,normal_standard,1,2026-01-11 03:57:05+00:00,False,False,never,,,1,1,,,,,0,1
dev_0003070,0,normal,,normal_standard,1,2026-01-07 14:31:32+00:00,False,False,never,,,1,1,,,,,0,3
dev_0003071,0,normal,,normal_standard,2,2026-01-16 01:08:25+00:00,False,False,never,,,2,2,,,,,0,2
dev_0003072,0,normal,,normal_standard,1,2026-01-08 13:29:36+00:00,False,False,never,,,1,1,,,,,0,4
dev_0003073,0,normal,,normal_standard,1,2026-01-26 03:42:52+00:00,False,False,never,,,1,1,,,,,0,0
dev_0003074,0,normal,,normal_standard,1,2026-01-17 15:55:39+00:00,False,False,never,,,1,1,,,,,0,0
dev_0003076,0,normal,,normal_standard,2,2026-01-06 14:10:54+00:00,False,False,never,,,2,2,,,,,0,4
dev_0003077,0,normal,,normal_standard,1,2026-01-25 15:35:24+00:00,False,False,never,,,1,1,,,,,0,2
dev_0003078,0,normal,,normal_standard,1,2026-01-03 19:12:30+00:00,False,False,never,,,1,1,,,,,0,3
dev_0003079,0,normal,,normal_standard,1,2026-01-28 15:07:46+00:00,False,False,never,,,1,1,,,,,0,3
dev_0003080,0,normal,,normal_standard,2,2026-01-29 10:27:25+00:00,False,False,never,,,2,2,,,,,0,3
dev_0003081,0,normal,,normal_standard,3,2026-01-23 23:13:53+00:00,False,False,never,,,3,3,,,,,0,1
dev_0003082,0,normal,,normal_standard,2,2026-01-12 14:29:26+00:00,False,False,never,,,2,2,,,,,0,4
dev_0003084,0,normal,,normal_standard,1,2026-01-01 03:36:13+00:00,False,False,never,,,1,1,,,,,0,2
dev_0003085,0,normal,,normal_standard,1,2026-01-21 14:49:51+00:00,False,False,never,,,1,1,,,,,0,1
dev_0003087,0,normal,,normal_standard,1,2026-01-12 07:41:55+00:00,False,False,never,,,1,1,,,,,0,0
dev_0003088,0,normal,,normal_standard,2,2026-01-21 02:07:02+00:00,False,False,never,,,2,2,,,,,0,1
dev_0003089,0,normal,,normal_standard,2,2026-01-26 06:52:27+00:00,False,False,never,,,2,2,,,,,0,4
dev_0003090,0,normal,,normal_standard,1,2026-01-29 02:07:49+00:00,False,False,never,,,1,1,,,,,0,0
dev_0003091,0,normal,,normal_standard,1,2026-01-08 17:22:27+00:00,False,False,never,,,1,1,,,,,0,1
dev_0003092,0,normal,,normal_standard,1,2026-01-29 20:50:44+00:00,False,False,never,,,1,1,,,,,0,3
dev_0003093,0,normal,,normal_standard,2,2026-01-23 00:16:37+00:00,False,False,never,,,2,2,,,,,0,2
dev_0003094,0,normal,,normal_standard,1,2026-01-25 16:33:20+00:00,False,False,never,,,1,1,,,,,0,4
dev_0003095,0,normal,,normal_standard,1,2026-01-08 02:04:33+00:00,False,False,never,,,1,1,,,,,0,1
dev_0003096,0,normal,,normal_standard,1,2026-01-24 08:47:54+00:00,False,False,never,,,1,1,,,,,0,2
dev_0003099,0,normal,,normal_standard,1,2026-01-25 07:54:43+00:00,False,False,never,,,1,1,,,,,0,1
dev_0003100,0,normal,,normal_standard,1,2026-01-26 14:45:12+00:00,False,False,never,,,1,1,,,,,0,0
dev_0003101,0,normal,,normal_standard,2,2026-01-07 01:40:23+00:00,False,False,never,,,2,2,,,,,0,0
dev_0003102,0,normal,,normal_standard,1,2026-01-13 19:42:39+00:00,False,False,never,,,1,1,,,,,0,1
dev_0003103,0,normal,,normal_standard,1,2026-01-24 07:28:16+00:00,False,False,never,,,1,1,,,,,0,1
dev_0003104,0,normal,,normal_standard,1,2026-01-15 13:58:41+00:00,False,False,never,,,1,1,,,,,0,0
dev_0003105,0,normal,,normal_standard,1,2026-01-05 08:53:27+00:00,False,False,never,,,1,1,,,,,0,4
dev_0003106,0,normal,,normal_standard,3,2026-01-15 14:01:51+00:00,False,False,never,,,3,3,,,,,0,2
dev_0003107,0,normal,,normal_standard,1,2026-01-10 11:53:31+00:00,False,False,never,,,1,1,,,,,0,3
dev_0003108,0,normal,,normal_standard,1,2026-01-18 11:01:02+00:00,False,False,never,,,1,1,,,,,0,1
dev_0003110,0,normal,,normal_standard,1,2026-01-03 14:35:41+00:00,False,False,never,,,1,1,,,,,0,2
dev_0003111,0,normal,,normal_standard,1,2026-01-06 03:26:53+00:00,False,False,never,,,1,1,,,,,0,3
dev_0003113,0,normal,,normal_standard,1,2026-01-24 12:51:35+00:00,False,False,never,,,1,1,,,,,0,4
dev_0003115,0,normal,,normal_standard,1,2026-01-29 00:42:54+00:00,False,False,never,,,1,1,,,,,0,3
dev_0003116,0,normal,,normal_standard,1,2026-01-08 23:21:08+00:00,False,False,never,,,1,1,,,,,0,3
dev_0003117,0,normal,,normal_standard,1,2026-01-23 12:41:55+00:00,False,False,never,,,1,1,,,,,0,1
dev_0003118,0,normal,,normal_standard,1,2026-01-10 06:49:42+00:00,False,False,never,,,1,1,,,,,0,4
dev_0003119,0,normal,,normal_standard,1,2026-01-16 00:15:33+00:00,False,False,never,,,1,1,,,,,0,2
dev_0003120,0,normal,,normal_standard,1,2026-01-25 06:42:04+00:00,False,False,never,,,1,1,,,,,0,0
dev_0003121,0,normal,,normal_standard,2,2026-01-30 00:19:51+00:00,False,False,never,,,2,2,,,,,0,4
dev_0003122,0,normal,,normal_standard,3,2026-01-24 20:37:02+00:00,False,False,never,,,3,3,,,,,0,4
dev_0003123,0,normal,,normal_standard,1,2026-01-18 01:44:48+00:00,False,False,never,,,1,1,,,,,0,1
dev_0003124,0,normal,,normal_standard,1,2026-01-10 23:23:42+00:00,False,False,never,,,1,1,,,,,0,0
dev_0003125,0,normal,,normal_standard,1,2026-01-30 13:09:46+00:00,False,False,never,,,1,1,,,,,0,2
dev_0003128,0,normal,,normal_standard,3,2026-01-12 19:25:09+00:00,False,False,never,,,3,3,,,,,0,3
dev_0003129,0,normal,,normal_standard,1,2026-01-17 06:27:27+00:00,False,False,never,,,1,1,,,,,0,4
dev_0003130,0,normal,,normal_standard,1,2026-01-29 18:59:52+00:00,False,False,never,,,1,1,,,,,0,2
dev_0003131,0,normal,,normal_standard,1,2026-01-05 23:48:32+00:00,False,False,never,,,1,1,,,,,0,1
dev_0003132,0,normal,,normal_standard,1,2026-01-30 12:56:23+00:00,False,False,never,,,1,1,,,,,0,2
dev_0003133,0,normal,,normal_standard,3,2026-01-27 19:26:21+00:00,False,False,never,,,3,3,,,,,0,4
dev_0003134,0,normal,,normal_standard,1,2026-01-20 12:43:50+00:00,False,False,never,,,1,1,,,,,0,4
dev_0003135,0,normal,,normal_standard,1,2026-01-13 13:25:05+00:00,False,False,never,,,1,1,,,,,0,4
dev_0003136,0,normal,,normal_standard,2,2026-01-26 03:53:31+00:00,False,False,never,,,2,2,,,,,0,2
dev_0003137,0,normal,,normal_standard,1,2026-01-14 17:18:38+00:00,False,False,never,,,1,1,,,,,0,0
dev_0003139,0,normal,,normal_standard,1,2026-01-25 15:28:36+00:00,False,False,never,,,1,1,,,,,0,0
dev_0003140,0,normal,,normal_standard,1,2026-01-20 01:44:56+00:00,False,False,never,,,1,1,,,,,0,0
dev_0003141,0,normal,,normal_standard,1,2026-01-09 11:53:24+00:00,False,False,never,,,1,1,,,,,0,0
dev_0003142,0,normal,,normal_standard,1,2026-01-04 23:56:06+00:00,False,False,never,,,1,1,,,,,0,2
dev_0003143,0,normal,,normal_standard,1,2026-01-10 12:00:18+00:00,False,False,never,,,1,1,,,,,0,4
dev_0003145,0,normal,,normal_standard,1,2026-01-27 15:33:30+00:00,False,False,never,,,1,1,,,,,0,2
dev_0003146,0,normal,,normal_standard,2,2026-01-04 16:17:04+00:00,False,False,never,,,2,2,,,,,0,0
dev_0003147,0,normal,,normal_standard,1,2026-01-26 14:21:49+00:00,False,False,never,,,1,1,,,,,0,1
dev_0003149,0,normal,,normal_standard,1,2026-01-17 15:24:19+00:00,False,False,never,,,1,1,,,,,0,2
dev_0003150,0,normal,,normal_standard,1,2026-01-27 23:49:45+00:00,False,False,never,,,1,1,,,,,0,3
dev_0003151,0,normal,,normal_standard,1,2026-01-13 14:23:58+00:00,False,False,never,,,1,1,,,,,0,3
dev_0003152,0,normal,,normal_standard,1,2026-01-15 22:40:54+00:00,False,False,never,,,1,1,,,,,0,3
dev_0003154,0,normal,,normal_standard,1,2026-01-06 03:12:35+00:00,False,False,never,,,1,1,,,,,0,2
dev_0003156,0,normal,,normal_standard,1,2026-01-17 23:38:25+00:00,False,False,never,,,1,1,,,,,0,0
dev_0003157,0,normal,,normal_standard,1,2026-01-05 17:44:38+00:00,False,False,never,,,1,1,,,,,0,2
dev_0003159,0,normal,,normal_standard,1,2026-01-12 00:31:28+00:00,False,False,never,,,1,1,,,,,0,1
dev_0003160,0,normal,,normal_standard,1,2026-01-08 18:24:55+00:00,False,False,never,,,1,1,,,,,0,0
dev_0003161,0,normal,,normal_standard,1,2026-01-15 20:00:41+00:00,False,False,never,,,1,1,,,,,0,4
dev_0003162,0,normal,,normal_standard,1,2026-01-08 16:48:29+00:00,False,False,never,,,1,1,,,,,0,3
dev_0003164,0,normal,,normal_standard,1,2026-01-14 22:27:57+00:00,False,False,never,,,1,1,,,,,0,4
dev_0003165,0,normal,,normal_standard,1,2026-01-26 05:43:10+00:00,False,False,never,,,1,1,,,,,0,0
dev_0003166,0,normal,,normal_standard,2,2026-01-23 08:51:51+00:00,False,False,never,,,2,2,,,,,0,3
dev_0003167,0,normal,,normal_standard,1,2026-01-13 14:55:30+00:00,False,False,never,,,1,1,,,,,0,4
dev_0003168,0,normal,,normal_standard,2,2026-01-19 10:10:54+00:00,False,False,never,,,2,2,,,,,0,4
dev_0003169,0,normal,,normal_standard,1,2026-01-20 09:47:58+00:00,False,False,never,,,1,1,,,,,0,1
dev_0003171,0,normal,,normal_standard,1,2026-01-18 09:01:35+00:00,False,False,never,,,1,1,,,,,0,4
dev_0003172,0,normal,,normal_standard,1,2026-01-20 10:37:28+00:00,False,False,never,,,1,1,,,,,0,2
dev_0003173,0,normal,,normal_standard,1,2026-01-16 22:59:33+00:00,False,False,never,,,1,1,,,,,0,4
dev_0003174,0,normal,,normal_standard,1,2026-01-15 08:51:45+00:00,False,False,never,,,1,1,,,,,0,0
dev_0003175,0,normal,,normal_standard,2,2026-01-27 04:44:35+00:00,False,False,never,,,2,2,,,,,0,3
dev_0003176,0,normal,,normal_standard,1,2026-01-30 05:20:43+00:00,False,False,never,,,1,1,,,,,0,0
dev_0003177,0,normal,,normal_standard,1,2026-01-12 08:57:58+00:00,False,False,never,,,1,1,,,,,0,0
dev_0003178,0,normal,,normal_standard,1,2026-01-15 07:56:27+00:00,False,False,never,,,1,1,,,,,0,1
dev_0003179,0,normal,,normal_standard,2,2026-01-29 15:57:12+00:00,False,False,never,,,2,2,,,,,0,2
dev_0003180,0,normal,,normal_standard,1,2026-01-16 03:05:11+00:00,False,False,never,,,1,1,,,,,0,0
dev_0003181,0,normal,,normal_standard,1,2026-01-02 16:43:43+00:00,False,False,never,,,1,1,,,,,0,3
dev_0003182,0,normal,,normal_standard,1,2026-01-27 15:09:39+00:00,False,False,never,,,1,1,,,,,0,2
dev_0003183,0,normal,,normal_standard,1,2026-01-06 17:43:49+00:00,False,False,never,,,1,1,,,,,0,3
dev_0003184,0,normal,,normal_standard,1,2026-01-07 07:26:27+00:00,False,False,never,,,1,1,,,,,0,2
dev_0003185,0,normal,,normal_standard,1,2026-01-29 10:53:45+00:00,False,False,never,,,1,1,,,,,0,2
dev_0003186,0,normal,,normal_standard,1,2026-01-17 15:54:44+00:00,False,False,never,,,1,1,,,,,0,1
dev_0003187,0,normal,,normal_standard,1,2026-01-10 19:36:25+00:00,False,False,never,,,1,1,,,,,0,3
dev_0003188,0,normal,,normal_standard,1,2026-01-17 10:08:51+00:00,False,False,never,,,1,1,,,,,0,3
dev_0003189,0,normal,,normal_standard,1,2026-01-17 05:33:36+00:00,False,False,never,,,1,1,,,,,0,0
dev_0003191,0,normal,,normal_standard,1,2026-01-28 11:31:40+00:00,False,False,never,,,1,1,,,,,0,1
dev_0003192,0,normal,,normal_standard,2,2026-01-24 15:23:08+00:00,False,False,never,,,2,2,,,,,0,0
dev_0003193,0,normal,,normal_standard,1,2026-01-25 15:44:39+00:00,False,False,never,,,1,1,,,,,0,2
dev_0003194,0,normal,,normal_standard,1,2026-01-21 09:24:24+00:00,False,False,never,,,1,1,,,,,0,1
dev_0003196,0,normal,,normal_standard,1,2026-01-22 19:45:43+00:00,False,False,never,,,1,1,,,,,0,1
dev_0003197,0,normal,,normal_standard,2,2026-01-26 03:15:24+00:00,False,False,never,,,2,2,,,,,0,4
dev_0003199,0,normal,,normal_standard,1,2026-01-30 05:07:29+00:00,False,False,never,,,1,1,,,,,0,2
dev_0003200,0,normal,,normal_standard,1,2026-01-13 17:57:25+00:00,False,False,never,,,1,1,,,,,0,4
dev_0003201,0,normal,,normal_standard,1,2026-01-17 16:39:52+00:00,False,False,never,,,1,1,,,,,0,0
dev_0003202,0,normal,,normal_standard,1,2026-01-19 22:18:46+00:00,False,False,never,,,1,1,,,,,0,3
dev_0003203,0,normal,,normal_standard,1,2026-01-17 02:52:19+00:00,False,False,never,,,1,1,,,,,0,2
dev_0003204,0,normal,,normal_standard,1,2026-01-16 01:26:39+00:00,False,False,never,,,1,1,,,,,0,0
dev_0003205,0,normal,,normal_standard,1,2026-01-11 04:51:52+00:00,False,False,never,,,1,1,,,,,0,3
dev_0003206,0,normal,,normal_standard,3,2026-01-16 15:50:55+00:00,False,False,never,,,3,3,,,,,0,0
dev_0003208,0,normal,,normal_standard,2,2026-01-09 21:43:50+00:00,False,False,never,,,2,2,,,,,0,3
dev_0003209,0,normal,,normal_standard,1,2026-01-18 06:59:01+00:00,False,False,never,,,1,1,,,,,0,1
dev_0003210,0,normal,,normal_standard,1,2026-01-28 01:53:21+00:00,False,False,never,,,1,1,,,,,0,3
dev_0003212,0,normal,,normal_standard,1,2026-01-06 13:53:10+00:00,False,False,never,,,1,1,,,,,0,3
dev_0003213,0,normal,,normal_standard,1,2026-01-02 04:09:51+00:00,False,False,never,,,1,1,,,,,0,3
dev_0003215,0,normal,,normal_standard,1,2026-01-06 08:38:09+00:00,False,False,never,,,1,1,,,,,0,3
dev_0003218,0,normal,,normal_standard,1,2026-01-28 07:43:06+00:00,False,False,never,,,1,1,,,,,0,1
dev_0003219,0,normal,,normal_standard,1,2026-01-12 16:34:43+00:00,False,False,never,,,1,1,,,,,0,4
dev_0003220,0,normal,,normal_standard,1,2026-01-22 13:05:57+00:00,False,False,never,,,1,1,,,,,0,0
dev_0003222,0,normal,,normal_standard,1,2026-01-21 19:52:19+00:00,False,False,never,,,1,1,,,,,0,3
dev_0003223,0,normal,,normal_standard,2,2026-01-30 00:05:49+00:00,False,False,never,,,2,2,,,,,0,0
dev_0003225,0,normal,,normal_standard,1,2026-01-29 23:22:48+00:00,False,False,never,,,1,1,,,,,0,2
dev_0003226,0,normal,,normal_standard,2,2026-01-28 21:21:54+00:00,False,False,never,,,2,2,,,,,0,3
dev_0003227,0,normal,,normal_standard,2,2026-01-11 12:14:35+00:00,False,False,never,,,2,2,,,,,0,1
dev_0003228,0,normal,,normal_standard,1,2026-01-21 20:33:45+00:00,False,False,never,,,1,1,,,,,0,1
dev_0003230,0,normal,,normal_standard,1,2026-01-21 22:39:40+00:00,False,False,never,,,1,1,,,,,0,4
dev_0003231,0,normal,,normal_standard,1,2026-01-19 08:25:16+00:00,False,False,never,,,1,1,,,,,0,3
dev_0003232,0,normal,,normal_standard,1,2026-01-13 08:52:32+00:00,False,False,never,,,1,1,,,,,0,4
dev_0003233,0,normal,,normal_standard,1,2026-01-26 11:37:22+00:00,False,False,never,,,1,1,,,,,0,3
dev_0003234,0,normal,,normal_standard,1,2026-01-22 22:53:28+00:00,False,False,never,,,1,1,,,,,0,2
dev_0003235,0,normal,,normal_standard,1,2026-01-07 08:43:22+00:00,False,False,never,,,1,1,,,,,0,3
dev_0003236,0,normal,,normal_standard,1,2026-01-26 12:16:45+00:00,False,False,never,,,1,1,,,,,0,1
dev_0003237,0,normal,,normal_standard,2,2026-01-09 22:14:30+00:00,False,False,never,,,2,2,,,,,0,2
dev_0003239,0,normal,,normal_standard,1,2026-01-17 21:48:06+00:00,False,False,never,,,1,1,,,,,0,1
dev_0003240,0,normal,,normal_standard,1,2026-01-25 17:38:59+00:00,False,False,never,,,1,1,,,,,0,0
dev_0003241,0,normal,,normal_standard,1,2026-01-15 22:55:50+00:00,False,False,never,,,1,1,,,,,0,0
dev_0003242,0,normal,,normal_standard,2,2026-01-13 12:27:30+00:00,False,False,never,,,2,2,,,,,0,2
dev_0003243,0,normal,,normal_standard,1,2026-01-25 07:51:58+00:00,False,False,never,,,1,1,,,,,0,1
dev_0003244,0,normal,,normal_standard,1,2026-01-18 15:11:56+00:00,False,False,never,,,1,1,,,,,0,3
dev_0003245,0,normal,,normal_standard,1,2026-01-17 13:54:58+00:00,False,False,never,,,1,1,,,,,0,1
dev_0003246,0,normal,,normal_standard,1,2026-01-06 11:55:35+00:00,False,False,never,,,1,1,,,,,0,3
dev_0003247,0,normal,,normal_standard,1,2026-01-19 05:28:44+00:00,False,False,never,,,1,1,,,,,0,1
dev_0003248,0,normal,,normal_standard,1,2026-01-14 17:30:59+00:00,False,False,never,,,1,1,,,,,0,0
dev_0003249,0,normal,,normal_standard,2,2026-01-18 17:41:49+00:00,False,False,never,,,2,2,,,,,0,2
dev_0003250,0,normal,,normal_standard,1,2026-01-14 01:39:55+00:00,False,False,never,,,1,1,,,,,0,3
dev_0003251,0,normal,,normal_standard,1,2026-01-16 13:03:22+00:00,False,False,never,,,1,1,,,,,0,3
dev_0003252,0,normal,,normal_standard,2,2026-01-22 13:28:41+00:00,False,False,never,,,2,2,,,,,0,2
dev_0003253,0,normal,,normal_standard,1,2026-01-16 05:00:16+00:00,False,False,never,,,1,1,,,,,0,1
dev_0003254,0,normal,,normal_standard,1,2026-01-01 09:14:15+00:00,False,False,never,,,1,1,,,,,0,0
dev_0003255,0,normal,,normal_standard,1,2026-01-04 01:33:19+00:00,False,False,never,,,1,1,,,,,0,4
dev_0003256,0,normal,,normal_standard,1,2026-01-15 19:18:26+00:00,False,False,never,,,1,1,,,,,0,3
dev_0003259,0,normal,,normal_standard,1,2026-01-23 07:37:14+00:00,False,False,never,,,1,1,,,,,0,2
dev_0003260,0,normal,,normal_standard,3,2026-01-10 04:32:56+00:00,False,False,never,,,3,3,,,,,0,0
dev_0003261,0,normal,,normal_standard,1,2026-01-15 16:35:19+00:00,False,False,never,,,1,1,,,,,0,3
dev_0003262,0,normal,,normal_standard,1,2026-01-10 23:43:49+00:00,False,False,never,,,1,1,,,,,0,2
dev_0003263,0,normal,,normal_standard,1,2026-01-27 20:42:30+00:00,False,False,never,,,1,1,,,,,0,1
dev_0003266,0,normal,,normal_standard,1,2026-01-03 22:25:34+00:00,False,False,never,,,1,1,,,,,0,4
dev_0003267,0,normal,,normal_standard,1,2026-01-03 06:02:50+00:00,False,False,never,,,1,1,,,,,0,3
dev_0003269,0,normal,,normal_standard,3,2026-01-21 11:05:05+00:00,False,False,never,,,3,3,,,,,0,4
dev_0003271,0,normal,,normal_standard,1,2026-01-16 10:06:09+00:00,False,False,never,,,1,1,,,,,0,0
dev_0003273,0,normal,,normal_standard,3,2026-01-06 18:37:42+00:00,False,False,never,,,3,3,,,,,0,0
dev_0003274,0,normal,,normal_standard,1,2026-01-24 10:53:25+00:00,False,False,never,,,1,1,,,,,0,4
dev_0003275,0,normal,,normal_standard,3,2026-01-01 02:16:41+00:00,False,False,never,,,3,3,,,,,0,0
dev_0003277,0,normal,,normal_standard,1,2026-01-03 03:18:24+00:00,False,False,never,,,1,1,,,,,0,0
dev_0003278,0,normal,,normal_standard,2,2026-01-19 09:39:22+00:00,False,False,never,,,2,2,,,,,0,3
dev_0003281,0,normal,,normal_standard,5,2026-01-27 01:49:54+00:00,False,False,never,,,5,5,,,,,0,4
dev_0003282,0,normal,,normal_standard,1,2026-01-25 06:05:19+00:00,False,False,never,,,1,1,,,,,0,4
dev_0003283,0,normal,,normal_standard,1,2026-01-12 11:18:57+00:00,False,False,never,,,1,1,,,,,0,2
dev_0003284,0,normal,,normal_standard,1,2026-01-08 15:13:23+00:00,False,False,never,,,1,1,,,,,0,3
dev_0003285,0,normal,,normal_standard,1,2026-01-24 10:11:17+00:00,False,False,never,,,1,1,,,,,0,4
dev_0003286,0,normal,,normal_standard,1,2026-01-29 22:23:12+00:00,False,False,never,,,1,1,,,,,0,3
dev_0003287,0,normal,,normal_standard,1,2026-01-17 03:52:32+00:00,False,False,never,,,1,1,,,,,0,2
dev_0003288,0,normal,,normal_standard,1,2026-01-02 08:18:59+00:00,False,False,never,,,1,1,,,,,0,3
dev_0003289,0,normal,,normal_standard,1,2026-01-18 22:19:34+00:00,False,False,never,,,1,1,,,,,0,4
dev_0003290,0,normal,,normal_standard,2,2026-01-01 14:13:49+00:00,False,False,never,,,2,2,,,,,0,4
dev_0003293,0,normal,,normal_standard,1,2026-01-30 08:10:54+00:00,False,False,never,,,1,1,,,,,0,1
dev_0003294,0,normal,,normal_standard,1,2026-01-28 23:32:29+00:00,False,False,never,,,1,1,,,,,0,2
dev_0003295,0,normal,,normal_standard,1,2026-01-23 15:58:27+00:00,False,False,never,,,1,1,,,,,0,2
dev_0003298,0,normal,,normal_standard,1,2026-01-16 14:15:04+00:00,False,False,never,,,1,1,,,,,0,0
dev_0003299,0,normal,,normal_standard,1,2026-01-15 05:04:17+00:00,False,False,never,,,1,1,,,,,0,2
dev_0003300,0,normal,,normal_standard,1,2026-01-13 16:15:22+00:00,False,False,never,,,1,1,,,,,0,4
dev_0003301,0,normal,,normal_standard,1,2026-01-20 19:37:03+00:00,False,False,never,,,1,1,,,,,0,2
dev_0003302,0,normal,,normal_standard,1,2026-01-12 05:23:43+00:00,False,False,never,,,1,1,,,,,0,2
dev_0003303,0,normal,,normal_standard,1,2026-01-29 13:46:53+00:00,False,False,never,,,1,1,,,,,0,2
dev_0003305,0,normal,,normal_standard,1,2026-01-19 11:24:25+00:00,False,False,never,,,1,1,,,,,0,1
dev_0003306,0,normal,,normal_standard,1,2026-01-18 19:52:31+00:00,False,False,never,,,1,1,,,,,0,3
dev_0003308,0,normal,,normal_standard,1,2026-01-02 23:11:12+00:00,False,False,never,,,1,1,,,,,0,3
dev_0003309,0,normal,,normal_standard,1,2026-01-03 22:36:36+00:00,False,False,never,,,1,1,,,,,0,4
dev_0003310,0,normal,,normal_standard,1,2026-01-27 06:22:30+00:00,False,False,never,,,1,1,,,,,0,3
dev_0003311,0,normal,,normal_standard,3,2026-01-21 02:59:38+00:00,False,False,never,,,3,3,,,,,0,2
dev_0003312,0,normal,,normal_standard,1,2026-01-17 22:26:53+00:00,False,False,never,,,1,1,,,,,0,4
dev_0003314,0,normal,,normal_standard,1,2026-01-16 16:41:20+00:00,False,False,never,,,1,1,,,,,0,3
dev_0003318,0,normal,,normal_standard,1,2026-01-26 15:59:45+00:00,False,False,never,,,1,1,,,,,0,4
dev_0003319,0,normal,,normal_standard,1,2026-01-12 20:20:31+00:00,False,False,never,,,1,1,,,,,0,2
dev_0003321,0,normal,,normal_standard,1,2026-01-12 22:59:21+00:00,False,False,never,,,1,1,,,,,0,2
dev_0003322,0,normal,,normal_standard,1,2026-01-23 17:16:17+00:00,False,False,never,,,1,1,,,,,0,3
dev_0003323,0,normal,,normal_standard,1,2026-01-18 10:17:17+00:00,False,False,never,,,1,1,,,,,0,2
dev_0003325,0,normal,,normal_standard,1,2026-01-25 18:40:33+00:00,False,False,never,,,1,1,,,,,0,0
dev_0003326,0,normal,,normal_standard,1,2026-01-16 21:54:52+00:00,False,False,never,,,1,1,,,,,0,0
dev_0003327,0,normal,,normal_standard,1,2026-01-07 13:15:42+00:00,False,False,never,,,1,1,,,,,0,0
dev_0003328,0,normal,,normal_standard,2,2026-01-05 12:35:25+00:00,False,False,never,,,2,2,,,,,0,2
dev_0003329,0,normal,,normal_standard,1,2026-01-15 21:11:21+00:00,False,False,never,,,1,1,,,,,0,0
dev_0003330,0,normal,,normal_standard,2,2026-01-13 21:47:52+00:00,False,False,never,,,2,2,,,,,0,2
dev_0003332,0,normal,,normal_standard,2,2026-01-12 23:11:25+00:00,False,False,never,,,2,2,,,,,0,4
dev_0003333,0,normal,,normal_standard,1,2026-01-29 14:04:55+00:00,False,False,never,,,1,1,,,,,0,4
dev_0003335,0,normal,,normal_standard,1,2026-01-30 11:38:53+00:00,False,False,never,,,1,1,,,,,0,2
dev_0003336,0,normal,,normal_standard,1,2026-01-30 21:22:21+00:00,False,False,never,,,1,1,,,,,0,3
dev_0003337,0,normal,,normal_standard,1,2026-01-19 00:22:02+00:00,False,False,never,,,1,1,,,,,0,2
dev_0003338,0,normal,,normal_standard,1,2026-01-16 09:16:04+00:00,False,False,never,,,1,1,,,,,0,3
dev_0003339,0,normal,,normal_standard,1,2026-01-11 14:20:27+00:00,False,False,never,,,1,1,,,,,0,4
dev_0003340,0,normal,,normal_standard,1,2026-01-10 08:17:13+00:00,False,False,never,,,1,1,,,,,0,3
dev_0003341,0,normal,,normal_standard,1,2026-01-25 15:32:53+00:00,False,False,never,,,1,1,,,,,0,4
dev_0003342,0,normal,,normal_standard,1,2026-01-29 06:13:04+00:00,False,False,never,,,1,1,,,,,0,2
dev_0003344,0,normal,,normal_standard,1,2026-01-07 05:28:11+00:00,False,False,never,,,1,1,,,,,0,1
dev_0003345,0,normal,,normal_standard,1,2026-01-09 05:45:57+00:00,False,False,never,,,1,1,,,,,0,2
dev_0003346,0,normal,,normal_standard,1,2026-01-14 04:45:48+00:00,False,False,never,,,1,1,,,,,0,0
dev_0003347,0,normal,,normal_standard,1,2026-01-07 12:44:26+00:00,False,False,never,,,1,1,,,,,0,4
dev_0003348,0,normal,,normal_standard,1,2026-01-21 10:19:13+00:00,False,False,never,,,1,1,,,,,0,3
dev_0003349,0,normal,,normal_standard,1,2026-01-14 18:37:08+00:00,False,False,never,,,1,1,,,,,0,0
dev_0003351,0,normal,,normal_standard,1,2026-01-13 10:14:29+00:00,False,False,never,,,1,1,,,,,0,0
dev_0003352,0,normal,,normal_standard,1,2026-01-05 18:11:46+00:00,False,False,never,,,1,1,,,,,0,2
dev_0003353,0,normal,,normal_standard,1,2026-01-21 01:11:41+00:00,False,False,never,,,1,1,,,,,0,0
dev_0003354,0,normal,,normal_standard,1,2026-01-26 01:09:55+00:00,False,False,never,,,1,1,,,,,0,0
dev_0003357,0,normal,,normal_standard,1,2026-01-25 19:36:25+00:00,False,False,never,,,1,1,,,,,0,2
dev_0003358,0,normal,,normal_standard,1,2026-01-18 19:12:59+00:00,False,False,never,,,1,1,,,,,0,0
dev_0003359,0,normal,,normal_standard,2,2026-01-03 22:17:59+00:00,False,False,never,,,2,2,,,,,0,3
dev_0003360,0,normal,,normal_standard,1,2026-01-10 06:06:27+00:00,False,False,never,,,1,1,,,,,0,2
dev_0003361,0,normal,,normal_standard,1,2026-01-09 23:47:18+00:00,False,False,never,,,1,1,,,,,0,3
dev_0003362,0,normal,,normal_standard,1,2026-01-08 17:22:33+00:00,False,False,never,,,1,1,,,,,0,2
dev_0003363,0,normal,,normal_standard,3,2026-01-10 04:40:02+00:00,False,False,never,,,3,3,,,,,0,3
dev_0003365,0,normal,,normal_standard,1,2026-01-14 17:45:53+00:00,False,False,never,,,1,1,,,,,0,3
dev_0003366,0,normal,,normal_standard,1,2026-01-12 18:08:27+00:00,False,False,never,,,1,1,,,,,0,0
dev_0003367,0,normal,,normal_standard,1,2026-01-19 07:13:47+00:00,False,False,never,,,1,1,,,,,0,4
dev_0003369,0,normal,,normal_standard,1,2026-01-09 19:49:15+00:00,False,False,never,,,1,1,,,,,0,0
dev_0003370,0,normal,,normal_standard,2,2026-01-05 01:15:35+00:00,False,False,never,,,2,2,,,,,0,3
dev_0003371,0,normal,,normal_standard,1,2026-01-05 10:46:57+00:00,False,False,never,,,1,1,,,,,0,3
dev_0003373,0,normal,,normal_standard,1,2026-01-02 05:47:45+00:00,False,False,never,,,1,1,,,,,0,4
dev_0003374,0,normal,,normal_standard,1,2026-01-10 20:13:09+00:00,False,False,never,,,1,1,,,,,0,2
dev_0003376,0,normal,,normal_standard,1,2026-01-08 19:53:11+00:00,False,False,never,,,1,1,,,,,0,0
dev_0003377,0,normal,,normal_standard,2,2026-01-06 04:27:20+00:00,False,False,never,,,2,2,,,,,0,4
dev_0003378,0,normal,,normal_standard,1,2026-01-20 08:45:58+00:00,False,False,never,,,1,1,,,,,0,1
dev_0003379,0,normal,,normal_standard,1,2026-01-13 13:53:37+00:00,False,False,never,,,1,1,,,,,0,2
dev_0003380,0,normal,,normal_standard,1,2026-01-11 18:04:51+00:00,False,False,never,,,1,1,,,,,0,2
dev_0003381,0,normal,,normal_standard,1,2026-01-07 12:36:50+00:00,False,False,never,,,1,1,,,,,0,2
dev_0003382,0,normal,,normal_standard,1,2026-01-22 05:17:42+00:00,False,False,never,,,1,1,,,,,0,4
dev_0003383,0,normal,,normal_standard,2,2026-01-05 21:51:53+00:00,False,False,never,,,2,2,,,,,0,3
dev_0003384,0,normal,,normal_standard,1,2026-01-26 12:00:57+00:00,False,False,never,,,1,1,,,,,0,1
dev_0003386,0,normal,,normal_standard,1,2026-01-26 03:52:02+00:00,False,False,never,,,1,1,,,,,0,0
dev_0003387,0,normal,,normal_standard,1,2026-01-15 11:57:06+00:00,False,False,never,,,1,1,,,,,0,4
dev_0003388,0,normal,,normal_standard,1,2026-01-27 00:57:53+00:00,False,False,never,,,1,1,,,,,0,0
dev_0003389,0,normal,,normal_standard,1,2026-01-09 11:14:28+00:00,False,False,never,,,1,1,,,,,0,3
dev_0003390,0,normal,,normal_standard,1,2026-01-15 22:53:30+00:00,False,False,never,,,1,1,,,,,0,1
dev_0003391,0,normal,,normal_standard,1,2026-01-22 05:11:06+00:00,False,False,never,,,1,1,,,,,0,4
dev_0003392,0,normal,,normal_standard,1,2026-01-06 23:51:10+00:00,False,False,never,,,1,1,,,,,0,0
dev_0003393,0,normal,,normal_standard,1,2026-01-09 17:56:17+00:00,False,False,never,,,1,1,,,,,0,2
dev_0003394,0,normal,,normal_standard,1,2026-01-19 11:41:33+00:00,False,False,never,,,1,1,,,,,0,4
dev_0003395,0,normal,,normal_standard,1,2026-01-21 15:37:38+00:00,False,False,never,,,1,1,,,,,0,1
dev_0003398,0,normal,,normal_standard,3,2026-01-13 06:33:23+00:00,False,False,never,,,3,3,,,,,0,0
dev_0003399,0,normal,,normal_standard,1,2026-01-18 02:13:55+00:00,False,False,never,,,1,1,,,,,0,2
dev_0003402,0,normal,,normal_standard,1,2026-01-24 04:06:20+00:00,False,False,never,,,1,1,,,,,0,0
dev_0003403,0,normal,,normal_standard,2,2026-01-11 23:10:26+00:00,False,False,never,,,2,2,,,,,0,2
dev_0003404,0,normal,,normal_standard,1,2026-01-23 10:39:27+00:00,False,False,never,,,1,1,,,,,0,2
dev_0003405,0,normal,,normal_standard,1,2026-01-01 00:20:32+00:00,False,False,never,,,1,1,,,,,0,0
dev_0003407,0,normal,,normal_standard,2,2026-01-14 11:36:40+00:00,False,False,never,,,2,2,,,,,0,3
dev_0003408,0,normal,,normal_standard,1,2026-01-09 01:11:12+00:00,False,False,never,,,1,1,,,,,0,1
dev_0003409,0,normal,,normal_standard,1,2026-01-07 10:45:56+00:00,False,False,never,,,1,1,,,,,0,3
dev_0003410,0,normal,,normal_standard,1,2026-01-07 01:46:56+00:00,False,False,never,,,1,1,,,,,0,1
dev_0003411,0,normal,,normal_standard,1,2026-01-13 22:36:08+00:00,False,False,never,,,1,1,,,,,0,4
dev_0003412,0,normal,,normal_standard,1,2026-01-08 20:46:35+00:00,False,False,never,,,1,1,,,,,0,2
dev_0003413,0,normal,,normal_standard,2,2026-01-03 18:44:49+00:00,False,False,never,,,2,2,,,,,0,4
dev_0003414,0,normal,,normal_standard,1,2026-01-06 20:25:49+00:00,False,False,never,,,1,1,,,,,0,2
dev_0003415,0,normal,,normal_standard,1,2026-01-05 06:47:44+00:00,False,False,never,,,1,1,,,,,0,3
dev_0003417,0,normal,,normal_standard,2,2026-01-14 21:20:58+00:00,False,False,never,,,2,2,,,,,0,4
dev_0003418,0,normal,,normal_standard,1,2026-01-20 23:37:14+00:00,False,False,never,,,1,1,,,,,0,2
dev_0003420,0,normal,,normal_standard,1,2026-01-12 05:51:51+00:00,False,False,never,,,1,1,,,,,0,4
dev_0003421,0,normal,,normal_standard,1,2026-01-11 14:41:38+00:00,False,False,never,,,1,1,,,,,0,0
dev_0003422,0,normal,,normal_standard,1,2026-01-04 19:35:58+00:00,False,False,never,,,1,1,,,,,0,1
dev_0003423,0,normal,,normal_standard,1,2026-01-13 13:23:31+00:00,False,False,never,,,1,1,,,,,0,4
dev_0003424,0,normal,,normal_standard,1,2026-01-17 16:46:55+00:00,False,False,never,,,1,1,,,,,0,4
dev_0003426,0,normal,,normal_standard,1,2026-01-03 09:18:42+00:00,False,False,never,,,1,1,,,,,0,1
dev_0003427,0,normal,,normal_standard,1,2026-01-13 09:37:42+00:00,False,False,never,,,1,1,,,,,0,4
dev_0003428,0,normal,,normal_standard,1,2026-01-06 09:59:31+00:00,False,False,never,,,1,1,,,,,0,1
dev_0003429,0,normal,,normal_standard,1,2026-01-18 18:28:04+00:00,False,False,never,,,1,1,,,,,0,1
dev_0003430,0,normal,,normal_standard,1,2026-01-09 07:29:29+00:00,False,False,never,,,1,1,,,,,0,4
dev_0003431,0,normal,,normal_standard,1,2026-01-14 07:11:07+00:00,False,False,never,,,1,1,,,,,0,2
dev_0003433,0,normal,,normal_standard,1,2026-01-29 08:12:52+00:00,False,False,never,,,1,1,,,,,0,0
dev_0003434,0,normal,,normal_standard,2,2026-01-05 10:00:05+00:00,False,False,never,,,2,2,,,,,0,1
dev_0003436,0,normal,,normal_standard,1,2026-01-23 00:35:35+00:00,False,False,never,,,1,1,,,,,0,2
dev_0003437,0,normal,,normal_standard,2,2026-01-08 00:30:32+00:00,False,False,never,,,2,2,,,,,0,3
dev_0003438,0,normal,,normal_standard,3,2026-01-30 08:03:11+00:00,False,False,never,,,3,3,,,,,0,0
dev_0003439,0,normal,,normal_standard,2,2026-01-24 08:59:13+00:00,False,False,never,,,2,2,,,,,0,0
dev_0003440,0,normal,,normal_standard,1,2026-01-16 03:24:55+00:00,False,False,never,,,1,1,,,,,0,3
dev_0003441,0,normal,,normal_standard,1,2026-01-16 00:47:38+00:00,False,False,never,,,1,1,,,,,0,2
dev_0003442,0,normal,,normal_standard,1,2026-01-17 05:24:22+00:00,False,False,never,,,1,1,,,,,0,0
dev_0003444,0,normal,,normal_standard,1,2026-01-04 05:57:55+00:00,False,False,never,,,1,1,,,,,0,1
dev_0003446,0,normal,,normal_standard,1,2026-01-19 18:06:23+00:00,False,False,never,,,1,1,,,,,0,1
dev_0003447,0,normal,,normal_standard,1,2026-01-10 04:02:05+00:00,False,False,never,,,1,1,,,,,0,3
dev_0003448,0,normal,,normal_standard,2,2026-01-02 04:39:27+00:00,False,False,never,,,2,2,,,,,0,3
dev_0003449,0,normal,,normal_standard,1,2026-01-06 22:40:26+00:00,False,False,never,,,1,1,,,,,0,3
dev_0003450,0,normal,,normal_standard,3,2026-01-11 12:05:01+00:00,False,False,never,,,3,3,,,,,0,3
dev_0003451,0,normal,,normal_standard,1,2026-01-26 13:06:37+00:00,False,False,never,,,1,1,,,,,0,0
dev_0003453,0,normal,,normal_standard,1,2026-01-21 09:47:54+00:00,False,False,never,,,1,1,,,,,0,1
dev_0003454,0,normal,,normal_standard,1,2026-01-17 00:21:22+00:00,False,False,never,,,1,1,,,,,0,1
dev_0003455,0,normal,,normal_standard,1,2026-01-26 12:25:34+00:00,False,False,never,,,1,1,,,,,0,4
dev_0003456,0,normal,,normal_standard,1,2026-01-02 16:10:47+00:00,False,False,never,,,1,1,,,,,0,4
dev_0003458,0,normal,,normal_standard,1,2026-01-17 21:18:48+00:00,False,False,never,,,1,1,,,,,0,2
dev_0003459,0,normal,,normal_standard,1,2026-01-18 09:16:53+00:00,False,False,never,,,1,1,,,,,0,2
dev_0003460,0,normal,,normal_standard,2,2026-01-14 19:14:37+00:00,False,False,never,,,2,2,,,,,0,4
dev_0003461,0,normal,,normal_standard,1,2026-01-10 06:11:42+00:00,False,False,never,,,1,1,,,,,0,0
dev_0003463,0,normal,,normal_standard,1,2026-01-06 10:58:34+00:00,False,False,never,,,1,1,,,,,0,1
dev_0003465,0,normal,,normal_standard,1,2026-01-07 15:19:43+00:00,False,False,never,,,1,1,,,,,0,2
dev_0003466,0,normal,,normal_standard,1,2026-01-08 03:24:16+00:00,False,False,never,,,1,1,,,,,0,1
dev_0003468,0,normal,,normal_standard,2,2026-01-19 11:25:54+00:00,False,False,never,,,2,2,,,,,0,3
dev_0003469,0,normal,,normal_standard,1,2026-01-16 10:33:37+00:00,False,False,never,,,1,1,,,,,0,1
dev_0003472,0,normal,,normal_standard,1,2026-01-07 15:17:47+00:00,False,False,never,,,1,1,,,,,0,1
dev_0003474,0,normal,,normal_standard,1,2026-01-05 22:09:55+00:00,False,False,never,,,1,1,,,,,0,1
dev_0003475,0,normal,,normal_standard,1,2026-01-11 06:29:52+00:00,False,False,never,,,1,1,,,,,0,0
dev_0003476,0,normal,,normal_standard,1,2026-01-04 02:46:58+00:00,False,False,never,,,1,1,,,,,0,4
dev_0003477,0,normal,,normal_standard,1,2026-01-18 22:19:06+00:00,False,False,never,,,1,1,,,,,0,1
dev_0003478,0,normal,,normal_standard,1,2026-01-08 23:20:34+00:00,False,False,never,,,1,1,,,,,0,0
dev_0003479,0,normal,,normal_standard,1,2026-01-07 07:02:11+00:00,False,False,never,,,1,1,,,,,0,0
dev_0003481,0,normal,,normal_standard,3,2026-01-20 12:29:05+00:00,False,False,never,,,3,3,,,,,0,1
dev_0003482,0,normal,,normal_standard,2,2026-01-26 21:12:47+00:00,False,False,never,,,2,2,,,,,0,3
dev_0003483,0,normal,,normal_standard,1,2026-01-28 05:48:40+00:00,False,False,never,,,1,1,,,,,0,1
dev_0003484,0,normal,,normal_standard,1,2026-01-22 21:01:11+00:00,False,False,never,,,1,1,,,,,0,4
dev_0003485,0,normal,,normal_standard,1,2026-01-08 02:59:36+00:00,False,False,never,,,1,1,,,,,0,4
dev_0003486,0,normal,,normal_standard,1,2026-01-13 00:37:12+00:00,False,False,never,,,1,1,,,,,0,0
dev_0003487,0,normal,,normal_standard,1,2026-01-07 07:08:31+00:00,False,False,never,,,1,1,,,,,0,2
dev_0003488,0,normal,,normal_standard,1,2026-01-24 16:19:17+00:00,False,False,never,,,1,1,,,,,0,0
dev_0003489,0,normal,,normal_standard,1,2026-01-10 02:09:32+00:00,False,False,never,,,1,1,,,,,0,2
dev_0003493,0,normal,,normal_standard,1,2026-01-04 10:55:46+00:00,False,False,never,,,1,1,,,,,0,4
dev_0003494,0,normal,,normal_standard,1,2026-01-06 09:24:08+00:00,False,False,never,,,1,1,,,,,0,4
dev_0003495,0,normal,,normal_standard,1,2026-01-18 18:59:34+00:00,False,False,never,,,1,1,,,,,0,3
dev_0003498,0,normal,,normal_standard,1,2026-01-01 22:59:51+00:00,False,False,never,,,1,1,,,,,0,0
dev_0003499,0,normal,,normal_standard,1,2026-01-05 07:47:29+00:00,False,False,never,,,1,1,,,,,0,2
dev_0003500,0,normal,,normal_standard,1,2026-01-20 13:30:22+00:00,False,False,never,,,1,1,,,,,0,3
dev_0003501,0,normal,,normal_standard,1,2026-01-13 08:20:17+00:00,False,False,never,,,1,1,,,,,0,3
dev_0003502,0,normal,,normal_standard,2,2026-01-08 10:46:54+00:00,False,False,never,,,2,2,,,,,0,1
dev_0003503,0,normal,,normal_standard,1,2026-01-16 12:53:17+00:00,False,False,never,,,1,1,,,,,0,2
dev_0003504,0,normal,,normal_standard,1,2026-01-28 10:30:51+00:00,False,False,never,,,1,1,,,,,0,3
dev_0003505,0,normal,,normal_standard,2,2026-01-20 05:08:46+00:00,False,False,never,,,2,2,,,,,0,0
dev_0003506,0,normal,,normal_standard,2,2026-01-14 07:52:15+00:00,False,False,never,,,2,2,,,,,0,1
dev_0003507,0,normal,,normal_standard,1,2026-01-24 23:51:25+00:00,False,False,never,,,1,1,,,,,0,1
dev_0003509,0,normal,,normal_standard,1,2026-01-05 02:59:46+00:00,False,False,never,,,1,1,,,,,0,3
dev_0003510,0,normal,,normal_standard,2,2026-01-04 14:15:22+00:00,False,False,never,,,2,2,,,,,0,1
dev_0003511,0,normal,,normal_standard,2,2026-01-16 19:38:36+00:00,False,False,never,,,2,2,,,,,0,2
dev_0003512,0,normal,,normal_standard,1,2026-01-08 12:57:52+00:00,False,False,never,,,1,1,,,,,0,1
dev_0003516,0,normal,,normal_standard,1,2026-01-06 17:10:26+00:00,False,False,never,,,1,1,,,,,0,3
dev_0003517,0,normal,,normal_standard,1,2026-01-17 04:12:36+00:00,False,False,never,,,1,1,,,,,0,4
dev_0003519,0,normal,,normal_standard,1,2026-01-30 23:25:44+00:00,False,False,never,,,1,1,,,,,0,3
dev_0003520,0,normal,,normal_standard,1,2026-01-18 04:04:29+00:00,False,False,never,,,1,1,,,,,0,0
dev_0003521,0,normal,,normal_standard,1,2026-01-18 09:56:20+00:00,False,False,never,,,1,1,,,,,0,1
dev_0003522,0,normal,,normal_standard,1,2026-01-06 04:21:54+00:00,False,False,never,,,1,1,,,,,0,1
dev_0003523,0,normal,,normal_standard,1,2026-01-29 03:14:37+00:00,False,False,never,,,1,1,,,,,0,1
dev_0003524,0,normal,,normal_standard,1,2026-01-01 14:35:06+00:00,False,False,never,,,1,1,,,,,0,1
dev_0003525,0,normal,,normal_standard,1,2026-01-11 20:13:02+00:00,False,False,never,,,1,1,,,,,0,4
dev_0003526,0,normal,,normal_standard,1,2026-01-26 19:39:30+00:00,False,False,never,,,1,1,,,,,0,1
dev_0003528,0,normal,,normal_standard,4,2026-01-01 16:47:52+00:00,False,False,never,,,4,4,,,,,0,3
dev_0003529,0,normal,,normal_standard,1,2026-01-13 00:32:20+00:00,False,False,never,,,1,1,,,,,0,3
dev_0003530,0,normal,,normal_standard,1,2026-01-16 11:04:19+00:00,False,False,never,,,1,1,,,,,0,3
dev_0003531,0,normal,,normal_standard,1,2026-01-19 00:40:27+00:00,False,False,never,,,1,1,,,,,0,4
dev_0003532,0,normal,,normal_standard,1,2026-01-04 21:59:00+00:00,False,False,never,,,1,1,,,,,0,3
dev_0003533,0,normal,,normal_standard,1,2026-01-13 22:23:24+00:00,False,False,never,,,1,1,,,,,0,1
dev_0003534,0,normal,,normal_standard,1,2026-01-08 09:08:46+00:00,False,False,never,,,1,1,,,,,0,3
dev_0003535,0,normal,,normal_standard,1,2026-01-05 03:57:10+00:00,False,False,never,,,1,1,,,,,0,3
dev_0003536,0,normal,,normal_standard,1,2026-01-28 22:59:57+00:00,False,False,never,,,1,1,,,,,0,0
dev_0003537,0,normal,,normal_standard,1,2026-01-30 04:34:38+00:00,False,False,never,,,1,1,,,,,0,4
dev_0003538,0,normal,,normal_standard,1,2026-01-11 06:24:36+00:00,False,False,never,,,1,1,,,,,0,1
dev_0003540,0,normal,,normal_standard,1,2026-01-04 11:44:00+00:00,False,False,never,,,1,1,,,,,0,0
dev_0003541,0,normal,,normal_standard,1,2026-01-07 03:23:30+00:00,False,False,never,,,1,1,,,,,0,2
dev_0003542,0,normal,,normal_standard,1,2026-01-15 13:27:04+00:00,False,False,never,,,1,1,,,,,0,2
dev_0003543,0,normal,,normal_standard,2,2026-01-11 20:45:40+00:00,False,False,never,,,2,2,,,,,0,3
dev_0003544,0,normal,,normal_standard,2,2026-01-16 16:17:25+00:00,False,False,never,,,2,2,,,,,0,2
dev_0003545,0,normal,,normal_standard,1,2026-01-23 23:00:53+00:00,False,False,never,,,1,1,,,,,0,0
dev_0003546,0,normal,,normal_standard,3,2026-01-25 02:46:59+00:00,False,False,never,,,3,3,,,,,0,4
dev_0003547,0,normal,,normal_standard,1,2026-01-01 21:58:59+00:00,False,False,never,,,1,1,,,,,0,1
dev_0003548,0,normal,,normal_standard,1,2026-01-15 18:25:14+00:00,False,False,never,,,1,1,,,,,0,3
dev_0003549,0,normal,,normal_standard,1,2026-01-17 04:06:46+00:00,False,False,never,,,1,1,,,,,0,3
dev_0003550,0,normal,,normal_standard,1,2026-01-11 00:23:34+00:00,False,False,never,,,1,1,,,,,0,3
dev_0003551,0,normal,,normal_standard,1,2026-01-29 21:55:45+00:00,False,False,never,,,1,1,,,,,0,0
dev_0003552,0,normal,,normal_standard,1,2026-01-23 11:28:49+00:00,False,False,never,,,1,1,,,,,0,3
dev_0003553,0,normal,,normal_standard,1,2026-01-01 13:31:46+00:00,False,False,never,,,1,1,,,,,0,3
dev_0003554,0,normal,,normal_standard,1,2026-01-19 17:34:43+00:00,False,False,never,,,1,1,,,,,0,0
dev_0003555,0,normal,,normal_standard,1,2026-01-06 01:24:44+00:00,False,False,never,,,1,1,,,,,0,4
dev_0003556,0,normal,,normal_standard,1,2026-01-28 13:29:37+00:00,False,False,never,,,1,1,,,,,0,1
dev_0003557,0,normal,,normal_standard,1,2026-01-14 22:17:14+00:00,False,False,never,,,1,1,,,,,0,4
dev_0003558,0,normal,,normal_standard,1,2026-01-09 22:18:48+00:00,False,False,never,,,1,1,,,,,0,3
dev_0003559,0,normal,,normal_standard,1,2026-01-20 17:18:17+00:00,False,False,never,,,1,1,,,,,0,1
dev_0003560,0,normal,,normal_standard,2,2026-01-21 20:41:52+00:00,False,False,never,,,2,2,,,,,0,0
dev_0003563,0,normal,,normal_standard,1,2026-01-28 13:08:24+00:00,False,False,never,,,1,1,,,,,0,1
dev_0003565,0,normal,,normal_standard,1,2026-01-03 05:50:34+00:00,False,False,never,,,1,1,,,,,0,4
dev_0003566,0,normal,,normal_standard,1,2026-01-29 21:52:31+00:00,False,False,never,,,1,1,,,,,0,4
dev_0003567,0,normal,,normal_standard,1,2026-01-06 03:30:26+00:00,False,False,never,,,1,1,,,,,0,0
dev_0003568,0,normal,,normal_standard,1,2026-01-18 04:26:23+00:00,False,False,never,,,1,1,,,,,0,3
dev_0003569,0,normal,,normal_standard,1,2026-01-04 19:10:44+00:00,False,False,never,,,1,1,,,,,0,3
dev_0003572,0,normal,,normal_standard,1,2026-01-03 10:36:34+00:00,False,False,never,,,1,1,,,,,0,4
dev_0003575,0,normal,,normal_standard,1,2026-01-28 04:58:52+00:00,False,False,never,,,1,1,,,,,0,4
dev_0003576,0,normal,,normal_standard,1,2026-01-09 21:59:38+00:00,False,False,never,,,1,1,,,,,0,4
dev_0003577,0,normal,,normal_standard,1,2026-01-05 04:38:52+00:00,False,False,never,,,1,1,,,,,0,3
dev_0003579,0,normal,,normal_standard,1,2026-01-23 13:10:35+00:00,False,False,never,,,1,1,,,,,0,0
dev_0003580,0,normal,,normal_standard,1,2026-01-19 05:12:25+00:00,False,False,never,,,1,1,,,,,0,1
dev_0003581,0,normal,,normal_standard,1,2026-01-09 02:49:13+00:00,False,False,never,,,1,1,,,,,0,4
dev_0003583,0,normal,,normal_standard,1,2026-01-11 08:23:42+00:00,False,False,never,,,1,1,,,,,0,0
dev_0003584,0,normal,,normal_standard,2,2026-01-20 09:26:45+00:00,False,False,never,,,2,2,,,,,0,2
dev_0003585,0,normal,,normal_standard,1,2026-01-24 01:43:02+00:00,False,False,never,,,1,1,,,,,0,1
dev_0003586,0,normal,,normal_standard,1,2026-01-28 21:45:21+00:00,False,False,never,,,1,1,,,,,0,0
dev_0003587,0,normal,,normal_standard,1,2026-01-30 20:55:35+00:00,False,False,never,,,1,1,,,,,0,4
dev_0003588,0,normal,,normal_standard,2,2026-01-03 19:10:18+00:00,False,False,never,,,2,2,,,,,0,0
dev_0003589,0,normal,,normal_standard,1,2026-01-24 12:59:13+00:00,False,False,never,,,1,1,,,,,0,2
dev_0003590,0,normal,,normal_standard,1,2026-01-25 21:06:30+00:00,False,False,never,,,1,1,,,,,0,4
dev_0003591,0,normal,,normal_standard,1,2026-01-23 23:42:40+00:00,False,False,never,,,1,1,,,,,0,2
dev_0003592,0,normal,,normal_standard,1,2026-01-27 15:36:33+00:00,False,False,never,,,1,1,,,,,0,2
dev_0003593,0,normal,,normal_standard,1,2026-01-21 01:54:31+00:00,False,False,never,,,1,1,,,,,0,2
dev_0003596,0,normal,,normal_standard,1,2026-01-10 23:58:47+00:00,False,False,never,,,1,1,,,,,0,1
dev_0003597,0,normal,,normal_standard,1,2026-01-26 19:45:46+00:00,False,False,never,,,1,1,,,,,0,2
dev_0003598,0,normal,,normal_standard,2,2026-01-05 04:13:47+00:00,False,False,never,,,2,2,,,,,0,2
dev_0003599,0,normal,,normal_standard,1,2026-01-17 09:13:06+00:00,False,False,never,,,1,1,,,,,0,1
dev_0003600,0,normal,,normal_standard,1,2026-01-24 04:10:18+00:00,False,False,never,,,1,1,,,,,0,3
dev_0003601,0,normal,,normal_standard,1,2026-01-17 17:46:49+00:00,False,False,never,,,1,1,,,,,0,3
dev_0003602,0,normal,,normal_standard,1,2026-01-17 17:04:10+00:00,False,False,never,,,1,1,,,,,0,3
dev_0003603,0,normal,,normal_standard,2,2026-01-09 01:42:40+00:00,False,False,never,,,2,2,,,,,0,2
dev_0003604,0,normal,,normal_standard,1,2026-01-24 16:20:25+00:00,False,False,never,,,1,1,,,,,0,1
dev_0003605,0,normal,,normal_standard,1,2026-01-27 20:51:04+00:00,False,False,never,,,1,1,,,,,0,0
dev_0003606,0,normal,,normal_standard,2,2026-01-26 10:56:39+00:00,False,False,never,,,2,2,,,,,0,2
dev_0003607,0,normal,,normal_standard,2,2026-01-27 05:21:48+00:00,False,False,never,,,2,2,,,,,0,4
dev_0003608,0,normal,,normal_standard,1,2026-01-19 19:54:56+00:00,False,False,never,,,1,1,,,,,0,4
dev_0003611,0,normal,,normal_standard,2,2026-01-11 07:57:36+00:00,False,False,never,,,2,2,,,,,0,0
dev_0003612,0,normal,,normal_standard,1,2026-01-03 12:39:34+00:00,False,False,never,,,1,1,,,,,0,0
dev_0003613,0,normal,,normal_standard,2,2026-01-20 22:52:12+00:00,False,False,never,,,2,2,,,,,0,1
dev_0003614,0,normal,,normal_standard,1,2026-01-30 19:12:02+00:00,False,False,never,,,1,1,,,,,0,1
dev_0003616,0,normal,,normal_standard,1,2026-01-08 18:57:07+00:00,False,False,never,,,1,1,,,,,0,2
dev_0003617,0,normal,,normal_standard,1,2026-01-03 23:12:55+00:00,False,False,never,,,1,1,,,,,0,1
dev_0003619,0,normal,,normal_standard,1,2026-01-26 03:37:39+00:00,False,False,never,,,1,1,,,,,0,4
dev_0003620,0,normal,,normal_standard,1,2026-01-25 04:03:40+00:00,False,False,never,,,1,1,,,,,0,3
dev_0003621,0,normal,,normal_standard,1,2026-01-11 03:49:52+00:00,False,False,never,,,1,1,,,,,0,4
dev_0003622,0,normal,,normal_standard,1,2026-01-18 03:19:38+00:00,False,False,never,,,1,1,,,,,0,0
dev_0003623,0,normal,,normal_standard,2,2026-01-29 07:00:04+00:00,False,False,never,,,2,2,,,,,0,2
dev_0003624,0,normal,,normal_standard,2,2026-01-10 16:42:02+00:00,False,False,never,,,2,2,,,,,0,4
dev_0003625,0,normal,,normal_standard,1,2026-01-02 04:25:59+00:00,False,False,never,,,1,1,,,,,0,0
dev_0003626,0,normal,,normal_standard,3,2026-01-21 03:13:55+00:00,False,False,never,,,3,3,,,,,0,3
dev_0003627,0,normal,,normal_standard,1,2026-01-01 20:50:40+00:00,False,False,never,,,1,1,,,,,0,1
dev_0003629,0,normal,,normal_standard,1,2026-01-04 23:41:05+00:00,False,False,never,,,1,1,,,,,0,2
dev_0003631,0,normal,,normal_standard,1,2026-01-13 07:03:35+00:00,False,False,never,,,1,1,,,,,0,4
dev_0003632,0,normal,,normal_standard,1,2026-01-06 03:10:25+00:00,False,False,never,,,1,1,,,,,0,4
dev_0003633,0,normal,,normal_standard,1,2026-01-28 03:49:47+00:00,False,False,never,,,1,1,,,,,0,3
dev_0003635,0,normal,,normal_standard,1,2026-01-07 21:44:19+00:00,False,False,never,,,1,1,,,,,0,4
dev_0003636,0,normal,,normal_standard,1,2026-01-24 06:12:30+00:00,False,False,never,,,1,1,,,,,0,3
dev_0003637,0,normal,,normal_standard,1,2026-01-12 15:36:49+00:00,False,False,never,,,1,1,,,,,0,3
dev_0003638,0,normal,,normal_standard,1,2026-01-12 04:45:13+00:00,False,False,never,,,1,1,,,,,0,0
dev_0003639,0,normal,,normal_standard,1,2026-01-07 05:12:47+00:00,False,False,never,,,1,1,,,,,0,1
dev_0003640,0,normal,,normal_standard,1,2026-01-24 11:50:56+00:00,False,False,never,,,1,1,,,,,0,4
dev_0003641,0,normal,,normal_standard,1,2026-01-30 19:18:25+00:00,False,False,never,,,1,1,,,,,0,2
dev_0003642,0,normal,,normal_standard,1,2026-01-17 00:58:21+00:00,False,False,never,,,1,1,,,,,0,0
dev_0003643,0,normal,,normal_standard,1,2026-01-12 05:28:52+00:00,False,False,never,,,1,1,,,,,0,3
dev_0003645,0,normal,,normal_standard,1,2026-01-06 19:30:27+00:00,False,False,never,,,1,1,,,,,0,2
dev_0003646,0,normal,,normal_standard,1,2026-01-22 13:26:14+00:00,False,False,never,,,1,1,,,,,0,0
dev_0003647,0,normal,,normal_standard,1,2026-01-22 14:11:31+00:00,False,False,never,,,1,1,,,,,0,4
dev_0003648,0,normal,,normal_standard,1,2026-01-10 05:32:18+00:00,False,False,never,,,1,1,,,,,0,2
dev_0003649,0,normal,,normal_standard,1,2026-01-07 21:32:46+00:00,False,False,never,,,1,1,,,,,0,3
dev_0003650,0,normal,,normal_standard,2,2026-01-25 15:47:36+00:00,False,False,never,,,2,2,,,,,0,0
dev_0003651,0,normal,,normal_standard,1,2026-01-14 06:25:56+00:00,False,False,never,,,1,1,,,,,0,3
dev_0003652,0,normal,,normal_standard,1,2026-01-09 22:55:24+00:00,False,False,never,,,1,1,,,,,0,1
dev_0003653,0,normal,,normal_standard,1,2026-01-08 02:04:20+00:00,False,False,never,,,1,1,,,,,0,0
dev_0003654,0,normal,,normal_standard,1,2026-01-27 02:05:29+00:00,False,False,never,,,1,1,,,,,0,1
dev_0003656,0,normal,,normal_standard,3,2026-01-13 05:11:38+00:00,False,False,never,,,3,3,,,,,0,3
dev_0003657,0,normal,,normal_standard,1,2026-01-22 06:42:33+00:00,False,False,never,,,1,1,,,,,0,2
dev_0003659,0,normal,,normal_standard,1,2026-01-05 05:17:43+00:00,False,False,never,,,1,1,,,,,0,1
dev_0003660,0,normal,,normal_standard,1,2026-01-25 02:48:50+00:00,False,False,never,,,1,1,,,,,0,4
dev_0003661,0,normal,,normal_standard,1,2026-01-18 21:39:34+00:00,False,False,never,,,1,1,,,,,0,4
dev_0003662,0,normal,,normal_standard,1,2026-01-02 07:45:29+00:00,False,False,never,,,1,1,,,,,0,1
dev_0003663,0,normal,,normal_standard,1,2026-01-13 02:13:45+00:00,False,False,never,,,1,1,,,,,0,0
dev_0003664,0,normal,,normal_standard,1,2026-01-08 04:21:57+00:00,False,False,never,,,1,1,,,,,0,1
dev_0003666,0,normal,,normal_standard,1,2026-01-21 09:11:59+00:00,False,False,never,,,1,1,,,,,0,2
dev_0003668,0,normal,,normal_standard,1,2026-01-13 08:27:58+00:00,False,False,never,,,1,1,,,,,0,3
dev_0003669,0,normal,,normal_standard,1,2026-01-08 13:45:43+00:00,False,False,never,,,1,1,,,,,0,3
dev_0003670,0,normal,,normal_standard,1,2026-01-27 07:43:50+00:00,False,False,never,,,1,1,,,,,0,3
dev_0003671,0,normal,,normal_standard,1,2026-01-09 21:57:39+00:00,False,False,never,,,1,1,,,,,0,4
dev_0003672,0,normal,,normal_standard,3,2026-01-22 06:59:23+00:00,False,False,never,,,3,3,,,,,0,0
dev_0003673,0,normal,,normal_standard,2,2026-01-07 14:13:42+00:00,False,False,never,,,2,2,,,,,0,4
dev_0003674,0,normal,,normal_standard,2,2026-01-22 23:23:46+00:00,False,False,never,,,2,2,,,,,0,1
dev_0003675,0,normal,,normal_standard,1,2026-01-22 22:57:47+00:00,False,False,never,,,1,1,,,,,0,4
dev_0003677,0,normal,,normal_standard,1,2026-01-30 06:25:01+00:00,False,False,never,,,1,1,,,,,0,1
dev_0003678,0,normal,,normal_standard,2,2026-01-10 07:51:42+00:00,False,False,never,,,2,2,,,,,0,4
dev_0003680,0,normal,,normal_standard,1,2026-01-20 09:20:08+00:00,False,False,never,,,1,1,,,,,0,1
dev_0003681,0,normal,,normal_standard,1,2026-01-11 12:44:44+00:00,False,False,never,,,1,1,,,,,0,4
dev_0003682,0,normal,,normal_standard,2,2026-01-12 12:16:27+00:00,False,False,never,,,2,2,,,,,0,3
dev_0003684,0,normal,,normal_standard,2,2026-01-02 18:07:34+00:00,False,False,never,,,2,2,,,,,0,1
dev_0003685,0,normal,,normal_standard,1,2026-01-20 09:57:13+00:00,False,False,never,,,1,1,,,,,0,2
dev_0003687,0,normal,,normal_standard,1,2026-01-16 04:28:11+00:00,False,False,never,,,1,1,,,,,0,2
dev_0003688,0,normal,,normal_standard,1,2026-01-07 22:39:37+00:00,False,False,never,,,1,1,,,,,0,4
dev_0003689,0,normal,,normal_standard,2,2026-01-14 05:07:30+00:00,False,False,never,,,2,2,,,,,0,4
dev_0003690,0,normal,,normal_standard,2,2026-01-28 18:08:41+00:00,False,False,never,,,2,2,,,,,0,4
dev_0003691,0,normal,,normal_standard,2,2026-01-02 23:08:00+00:00,False,False,never,,,2,2,,,,,0,0
dev_0003692,0,normal,,normal_standard,2,2026-01-27 21:17:00+00:00,False,False,never,,,2,2,,,,,0,1
dev_0003693,0,normal,,normal_standard,1,2026-01-06 11:46:16+00:00,False,False,never,,,1,1,,,,,0,0
dev_0003694,0,normal,,normal_standard,1,2026-01-01 15:19:03+00:00,False,False,never,,,1,1,,,,,0,1
dev_0003695,0,normal,,normal_standard,1,2026-01-18 04:15:39+00:00,False,False,never,,,1,1,,,,,0,4
dev_0003696,0,normal,,normal_standard,1,2026-01-16 05:34:53+00:00,False,False,never,,,1,1,,,,,0,0
dev_0003697,0,normal,,normal_standard,1,2026-01-24 06:43:32+00:00,False,False,never,,,1,1,,,,,0,4
dev_0003698,0,normal,,normal_standard,1,2026-01-04 11:06:54+00:00,False,False,never,,,1,1,,,,,0,4
dev_0003699,0,normal,,normal_standard,1,2026-01-16 04:30:52+00:00,False,False,never,,,1,1,,,,,0,4
dev_0003702,0,normal,,normal_standard,1,2026-01-24 20:26:47+00:00,False,False,never,,,1,1,,,,,0,0
dev_0003704,0,normal,,normal_standard,2,2026-01-08 12:56:56+00:00,False,False,never,,,2,2,,,,,0,2
dev_0003706,0,normal,,normal_standard,1,2026-01-15 04:06:50+00:00,False,False,never,,,1,1,,,,,0,2
dev_0003708,0,normal,,normal_standard,2,2026-01-20 17:58:22+00:00,False,False,never,,,2,2,,,,,0,3
dev_0003709,0,normal,,normal_standard,1,2026-01-10 01:32:08+00:00,False,False,never,,,1,1,,,,,0,0
dev_0003710,0,normal,,normal_standard,1,2026-01-11 23:54:38+00:00,False,False,never,,,1,1,,,,,0,3
dev_0003711,0,normal,,normal_standard,1,2026-01-22 07:11:45+00:00,False,False,never,,,1,1,,,,,0,4
dev_0003712,0,normal,,normal_standard,1,2026-01-08 02:59:45+00:00,False,False,never,,,1,1,,,,,0,1
dev_0003713,0,normal,,normal_standard,1,2026-01-20 01:44:51+00:00,False,False,never,,,1,1,,,,,0,2
dev_0003714,0,normal,,normal_standard,1,2026-01-03 05:44:08+00:00,False,False,never,,,1,1,,,,,0,0
dev_0003715,0,normal,,normal_standard,1,2026-01-13 19:48:22+00:00,False,False,never,,,1,1,,,,,0,4
dev_0003717,0,normal,,normal_standard,1,2026-01-20 08:45:03+00:00,False,False,never,,,1,1,,,,,0,1
dev_0003718,0,normal,,normal_standard,1,2026-01-23 10:39:50+00:00,False,False,never,,,1,1,,,,,0,3
dev_0003719,0,normal,,normal_standard,1,2026-01-11 20:52:29+00:00,False,False,never,,,1,1,,,,,0,3
dev_0003721,0,normal,,normal_standard,1,2026-01-26 17:41:31+00:00,False,False,never,,,1,1,,,,,0,2
dev_0003722,0,normal,,normal_standard,1,2026-01-12 23:04:04+00:00,False,False,never,,,1,1,,,,,0,3
dev_0003723,0,normal,,normal_standard,2,2026-01-02 08:12:55+00:00,False,False,never,,,2,2,,,,,0,0
dev_0003726,0,normal,,normal_standard,1,2026-01-20 11:36:50+00:00,False,False,never,,,1,1,,,,,0,0
dev_0003728,0,normal,,normal_standard,2,2026-01-19 02:15:59+00:00,False,False,never,,,2,2,,,,,0,2
dev_0003729,0,normal,,normal_standard,1,2026-01-16 14:33:36+00:00,False,False,never,,,1,1,,,,,0,1
dev_0003730,0,normal,,normal_standard,3,2026-01-14 01:14:11+00:00,False,False,never,,,3,3,,,,,0,2
dev_0003732,0,normal,,normal_standard,1,2026-01-05 00:42:09+00:00,False,False,never,,,1,1,,,,,0,4
dev_0003733,0,normal,,normal_standard,1,2026-01-28 11:55:50+00:00,False,False,never,,,1,1,,,,,0,1
dev_0003734,0,normal,,normal_standard,1,2026-01-19 09:37:51+00:00,False,False,never,,,1,1,,,,,0,3
dev_0003737,0,normal,,normal_standard,1,2026-01-06 06:45:38+00:00,False,False,never,,,1,1,,,,,0,2
dev_0003738,0,normal,,normal_standard,1,2026-01-08 11:28:17+00:00,False,False,never,,,1,1,,,,,0,3
dev_0003740,0,normal,,normal_standard,3,2026-01-03 18:49:26+00:00,False,False,never,,,3,3,,,,,0,4
dev_0003741,0,normal,,normal_standard,1,2026-01-30 19:15:34+00:00,False,False,never,,,1,1,,,,,0,4
dev_0003742,0,normal,,normal_standard,3,2026-01-28 06:46:22+00:00,False,False,never,,,3,3,,,,,0,3
dev_0003743,0,normal,,normal_standard,1,2026-01-20 02:49:54+00:00,False,False,never,,,1,1,,,,,0,4
dev_0003744,0,normal,,normal_standard,1,2026-01-09 21:59:08+00:00,False,False,never,,,1,1,,,,,0,1
dev_0003745,0,normal,,normal_standard,1,2026-01-02 12:55:30+00:00,False,False,never,,,1,1,,,,,0,0
dev_0003746,0,normal,,normal_standard,1,2026-01-21 16:02:53+00:00,False,False,never,,,1,1,,,,,0,2
dev_0003748,0,normal,,normal_standard,1,2026-01-10 14:11:47+00:00,False,False,never,,,1,1,,,,,0,3
dev_0003749,0,normal,,normal_standard,1,2026-01-30 17:03:37+00:00,False,False,never,,,1,1,,,,,0,0
dev_0003750,0,normal,,normal_standard,1,2026-01-01 21:40:48+00:00,False,False,never,,,1,1,,,,,0,3
dev_0003751,0,normal,,normal_standard,1,2026-01-28 17:33:45+00:00,False,False,never,,,1,1,,,,,0,3
dev_0003752,0,normal,,normal_standard,1,2026-01-30 13:06:26+00:00,False,False,never,,,1,1,,,,,0,4
dev_0003753,0,normal,,normal_standard,1,2026-01-25 00:42:19+00:00,False,False,never,,,1,1,,,,,0,1
dev_0003754,0,normal,,normal_standard,1,2026-01-26 15:56:08+00:00,False,False,never,,,1,1,,,,,0,2
dev_0003755,0,normal,,normal_standard,1,2026-01-06 15:39:42+00:00,False,False,never,,,1,1,,,,,0,4
dev_0003756,0,normal,,normal_standard,1,2026-01-06 19:17:28+00:00,False,False,never,,,1,1,,,,,0,0
dev_0003760,0,normal,,normal_standard,1,2026-01-08 16:37:54+00:00,False,False,never,,,1,1,,,,,0,0
dev_0003761,0,normal,,normal_standard,3,2026-01-08 04:00:54+00:00,False,False,never,,,3,3,,,,,0,2
dev_0003762,0,normal,,normal_standard,1,2026-01-07 13:05:37+00:00,False,False,never,,,1,1,,,,,0,0
dev_0003763,0,normal,,normal_standard,1,2026-01-05 19:53:15+00:00,False,False,never,,,1,1,,,,,0,0
dev_0003765,0,normal,,normal_standard,1,2026-01-01 05:53:53+00:00,False,False,never,,,1,1,,,,,0,3
dev_0003766,0,normal,,normal_standard,1,2026-01-09 17:41:28+00:00,False,False,never,,,1,1,,,,,0,1
dev_0003767,0,normal,,normal_standard,1,2026-01-07 04:18:15+00:00,False,False,never,,,1,1,,,,,0,3
dev_0003768,0,normal,,normal_standard,1,2026-01-29 15:47:07+00:00,False,False,never,,,1,1,,,,,0,3
dev_0003769,0,normal,,normal_standard,1,2026-01-10 06:18:44+00:00,False,False,never,,,1,1,,,,,0,3
dev_0003770,0,normal,,normal_standard,2,2026-01-07 18:14:26+00:00,False,False,never,,,2,2,,,,,0,1
dev_0003772,0,normal,,normal_standard,1,2026-01-04 21:29:29+00:00,False,False,never,,,1,1,,,,,0,0
dev_0003773,0,normal,,normal_standard,2,2026-01-12 00:29:40+00:00,False,False,never,,,2,2,,,,,0,0
dev_0003775,0,normal,,normal_standard,1,2026-01-04 08:41:52+00:00,False,False,never,,,1,1,,,,,0,1
dev_0003776,0,normal,,normal_standard,1,2026-01-08 03:43:18+00:00,False,False,never,,,1,1,,,,,0,0
dev_0003777,0,normal,,normal_standard,1,2026-01-15 11:00:59+00:00,False,False,never,,,1,1,,,,,0,3
dev_0003778,0,normal,,normal_standard,1,2026-01-11 11:35:16+00:00,False,False,never,,,1,1,,,,,0,4
dev_0003779,0,normal,,normal_standard,1,2026-01-01 02:27:35+00:00,False,False,never,,,1,1,,,,,0,0
dev_0003780,0,normal,,normal_standard,1,2026-01-08 13:25:47+00:00,False,False,never,,,1,1,,,,,0,4
dev_0003781,0,normal,,normal_standard,3,2026-01-04 02:38:36+00:00,False,False,never,,,3,3,,,,,0,0
dev_0003782,0,normal,,normal_standard,1,2026-01-03 04:45:15+00:00,False,False,never,,,1,1,,,,,0,1
dev_0003783,0,normal,,normal_standard,2,2026-01-16 18:41:32+00:00,False,False,never,,,2,2,,,,,0,3
dev_0003784,0,normal,,normal_standard,1,2026-01-12 22:20:57+00:00,False,False,never,,,1,1,,,,,0,1
dev_0003785,0,normal,,normal_standard,2,2026-01-30 21:34:54+00:00,False,False,never,,,2,2,,,,,0,0
dev_0003786,0,normal,,normal_standard,3,2026-01-07 13:48:08+00:00,False,False,never,,,3,3,,,,,0,1
dev_0003787,0,normal,,normal_standard,1,2026-01-03 20:43:17+00:00,False,False,never,,,1,1,,,,,0,0
dev_0003788,0,normal,,normal_standard,1,2026-01-01 02:40:21+00:00,False,False,never,,,1,1,,,,,0,1
dev_0003789,0,normal,,normal_standard,1,2026-01-12 23:15:52+00:00,False,False,never,,,1,1,,,,,0,4
dev_0003791,0,normal,,normal_standard,1,2026-01-17 02:06:09+00:00,False,False,never,,,1,1,,,,,0,0
dev_0003792,0,normal,,normal_standard,1,2026-01-24 15:12:51+00:00,False,False,never,,,1,1,,,,,0,0
dev_0003793,0,normal,,normal_standard,2,2026-01-12 05:30:07+00:00,False,False,never,,,2,2,,,,,0,3
dev_0003794,0,normal,,normal_standard,1,2026-01-29 02:41:36+00:00,False,False,never,,,1,1,,,,,0,3
dev_0003795,0,normal,,normal_standard,1,2026-01-10 11:05:06+00:00,False,False,never,,,1,1,,,,,0,3
dev_0003796,0,normal,,normal_standard,3,2026-01-07 22:39:06+00:00,False,False,never,,,3,3,,,,,0,3
dev_0003797,0,normal,,normal_standard,1,2026-01-22 22:31:57+00:00,False,False,never,,,1,1,,,,,0,1
dev_0003798,0,normal,,normal_standard,1,2026-01-20 15:42:55+00:00,False,False,never,,,1,1,,,,,0,0
dev_0003799,0,normal,,normal_standard,1,2026-01-29 20:54:35+00:00,False,False,never,,,1,1,,,,,0,3
dev_0003800,0,normal,,normal_standard,1,2026-01-09 03:21:40+00:00,False,False,never,,,1,1,,,,,0,2
dev_0003801,0,normal,,normal_standard,1,2026-01-16 23:10:50+00:00,False,False,never,,,1,1,,,,,0,0
dev_0003803,0,normal,,normal_standard,1,2026-01-20 18:34:59+00:00,False,False,never,,,1,1,,,,,0,1
dev_0003804,0,normal,,normal_standard,1,2026-01-23 11:47:41+00:00,False,False,never,,,1,1,,,,,0,2
dev_0003805,0,normal,,normal_standard,3,2026-01-19 11:56:53+00:00,False,False,never,,,3,3,,,,,0,2
dev_0003806,0,normal,,normal_standard,3,2026-01-05 11:52:55+00:00,False,False,never,,,3,3,,,,,0,3
dev_0003807,0,normal,,normal_standard,1,2026-01-22 05:36:31+00:00,False,False,never,,,1,1,,,,,0,2
dev_0003808,0,normal,,normal_standard,1,2026-01-12 01:01:34+00:00,False,False,never,,,1,1,,,,,0,3
dev_0003810,0,normal,,normal_standard,3,2026-01-13 08:39:21+00:00,False,False,never,,,3,3,,,,,0,4
dev_0003812,0,normal,,normal_standard,1,2026-01-14 21:54:57+00:00,False,False,never,,,1,1,,,,,0,3
dev_0003813,0,normal,,normal_standard,1,2026-01-23 20:11:33+00:00,False,False,never,,,1,1,,,,,0,1
dev_0003814,0,normal,,normal_standard,1,2026-01-10 10:16:55+00:00,False,False,never,,,1,1,,,,,0,4
dev_0003815,0,normal,,normal_standard,1,2026-01-19 09:06:48+00:00,False,False,never,,,1,1,,,,,0,1
dev_0003816,0,normal,,normal_standard,1,2026-01-23 17:01:20+00:00,False,False,never,,,1,1,,,,,0,1
dev_0003817,0,normal,,normal_standard,1,2026-01-25 00:28:23+00:00,False,False,never,,,1,1,,,,,0,0
dev_0003819,0,normal,,normal_standard,2,2026-01-29 09:11:02+00:00,False,False,never,,,2,2,,,,,0,3
dev_0003820,0,normal,,normal_standard,2,2026-01-03 05:15:58+00:00,False,False,never,,,2,2,,,,,0,0
dev_0003821,0,normal,,normal_standard,1,2026-01-08 22:21:58+00:00,False,False,never,,,1,1,,,,,0,3
dev_0003822,0,normal,,normal_standard,2,2026-01-02 12:15:41+00:00,False,False,never,,,2,2,,,,,0,0
dev_0003823,0,normal,,normal_standard,1,2026-01-22 08:41:37+00:00,False,False,never,,,1,1,,,,,0,2
dev_0003824,0,normal,,normal_standard,1,2026-01-26 00:39:47+00:00,False,False,never,,,1,1,,,,,0,3
dev_0003825,0,normal,,normal_standard,2,2026-01-24 14:22:45+00:00,False,False,never,,,2,2,,,,,0,4
dev_0003827,0,normal,,normal_standard,1,2026-01-30 20:16:25+00:00,False,False,never,,,1,1,,,,,0,2
dev_0003829,0,normal,,normal_standard,1,2026-01-07 07:05:53+00:00,False,False,never,,,1,1,,,,,0,2
dev_0003830,0,normal,,normal_standard,1,2026-01-25 12:37:25+00:00,False,False,never,,,1,1,,,,,0,0
dev_0003831,0,normal,,normal_standard,1,2026-01-03 20:24:17+00:00,False,False,never,,,1,1,,,,,0,3
dev_0003832,0,normal,,normal_standard,1,2026-01-26 18:39:31+00:00,False,False,never,,,1,1,,,,,0,3
dev_0003833,0,normal,,normal_standard,2,2026-01-12 03:46:47+00:00,False,False,never,,,2,2,,,,,0,2
dev_0003834,0,normal,,normal_standard,1,2026-01-17 17:32:56+00:00,False,False,never,,,1,1,,,,,0,3
dev_0003835,0,normal,,normal_standard,1,2026-01-29 23:32:21+00:00,False,False,never,,,1,1,,,,,0,4
dev_0003836,0,normal,,normal_standard,1,2026-01-08 20:56:41+00:00,False,False,never,,,1,1,,,,,0,4
dev_0003837,0,normal,,normal_standard,1,2026-01-28 20:37:16+00:00,False,False,never,,,1,1,,,,,0,1
dev_0003838,0,normal,,normal_standard,1,2026-01-08 21:17:28+00:00,False,False,never,,,1,1,,,,,0,3
dev_0003839,0,normal,,normal_standard,1,2026-01-27 14:06:38+00:00,False,False,never,,,1,1,,,,,0,3
dev_0003840,0,normal,,normal_standard,1,2026-01-11 20:26:57+00:00,False,False,never,,,1,1,,,,,0,2
dev_0003841,0,normal,,normal_standard,1,2026-01-26 00:20:38+00:00,False,False,never,,,1,1,,,,,0,3
dev_0003842,0,normal,,normal_standard,1,2026-01-29 17:04:28+00:00,False,False,never,,,1,1,,,,,0,0
dev_0003843,0,normal,,normal_standard,2,2026-01-06 07:59:59+00:00,False,False,never,,,2,2,,,,,0,1
dev_0003844,0,normal,,normal_standard,1,2026-01-07 09:25:47+00:00,False,False,never,,,1,1,,,,,0,2
dev_0003845,0,normal,,normal_standard,1,2026-01-02 16:37:43+00:00,False,False,never,,,1,1,,,,,0,1
dev_0003846,0,normal,,normal_standard,1,2026-01-06 06:15:48+00:00,False,False,never,,,1,1,,,,,0,4
dev_0003847,0,normal,,normal_standard,1,2026-01-02 06:12:06+00:00,False,False,never,,,1,1,,,,,0,4
dev_0003848,0,normal,,normal_standard,1,2026-01-21 21:39:01+00:00,False,False,never,,,1,1,,,,,0,2
dev_0003849,0,normal,,normal_standard,1,2026-01-29 09:49:23+00:00,False,False,never,,,1,1,,,,,0,4
dev_0003850,0,normal,,normal_standard,1,2026-01-19 21:52:25+00:00,False,False,never,,,1,1,,,,,0,1
dev_0003851,0,normal,,normal_standard,1,2026-01-17 17:35:12+00:00,False,False,never,,,1,1,,,,,0,2
dev_0003852,0,normal,,normal_standard,1,2026-01-16 07:13:32+00:00,False,False,never,,,1,1,,,,,0,2
dev_0003853,0,normal,,normal_standard,2,2026-01-09 11:31:41+00:00,False,False,never,,,2,2,,,,,0,1
dev_0003854,0,normal,,normal_standard,1,2026-01-10 20:17:44+00:00,False,False,never,,,1,1,,,,,0,3
dev_0003855,0,normal,,normal_standard,1,2026-01-04 03:58:09+00:00,False,False,never,,,1,1,,,,,0,2
dev_0003856,0,normal,,normal_standard,2,2026-01-27 11:20:13+00:00,False,False,never,,,2,2,,,,,0,2
dev_0003857,0,normal,,normal_standard,1,2026-01-22 05:47:49+00:00,False,False,never,,,1,1,,,,,0,2
dev_0003858,0,normal,,normal_standard,1,2026-01-01 17:10:56+00:00,False,False,never,,,1,1,,,,,0,1
dev_0003859,0,normal,,normal_standard,1,2026-01-08 10:09:07+00:00,False,False,never,,,1,1,,,,,0,2
dev_0003860,0,normal,,normal_standard,1,2026-01-26 17:06:31+00:00,False,False,never,,,1,1,,,,,0,3
dev_0003861,0,normal,,normal_standard,1,2026-01-28 11:08:28+00:00,False,False,never,,,1,1,,,,,0,1
dev_0003862,0,normal,,normal_standard,1,2026-01-13 07:10:47+00:00,False,False,never,,,1,1,,,,,0,0
dev_0003865,0,normal,,normal_standard,1,2026-01-13 19:08:51+00:00,False,False,never,,,1,1,,,,,0,3
dev_0003867,0,normal,,normal_standard,2,2026-01-29 16:23:28+00:00,False,False,never,,,2,2,,,,,0,1
dev_0003868,0,normal,,normal_standard,2,2026-01-08 09:13:29+00:00,False,False,never,,,2,2,,,,,0,4
dev_0003870,0,normal,,normal_standard,2,2026-01-01 13:37:58+00:00,False,False,never,,,2,2,,,,,0,4
dev_0003871,0,normal,,normal_standard,2,2026-01-28 06:25:30+00:00,False,False,never,,,2,2,,,,,0,2
dev_0003872,0,normal,,normal_standard,1,2026-01-13 04:20:53+00:00,False,False,never,,,1,1,,,,,0,2
dev_0003873,0,normal,,normal_standard,1,2026-01-16 13:44:49+00:00,False,False,never,,,1,1,,,,,0,4
dev_0003874,0,normal,,normal_standard,2,2026-01-23 22:38:18+00:00,False,False,never,,,2,2,,,,,0,0
dev_0003875,0,normal,,normal_standard,1,2026-01-14 09:28:24+00:00,False,False,never,,,1,1,,,,,0,0
dev_0003876,0,normal,,normal_standard,1,2026-01-03 03:27:59+00:00,False,False,never,,,1,1,,,,,0,2
dev_0003877,0,normal,,normal_standard,1,2026-01-28 18:11:27+00:00,False,False,never,,,1,1,,,,,0,4
dev_0003878,0,normal,,normal_standard,2,2026-01-14 18:04:39+00:00,False,False,never,,,2,2,,,,,0,0
dev_0003879,0,normal,,normal_standard,1,2026-01-25 15:50:40+00:00,False,False,never,,,1,1,,,,,0,3
dev_0003880,0,normal,,normal_standard,1,2026-01-23 17:10:57+00:00,False,False,never,,,1,1,,,,,0,3
dev_0003884,0,normal,,normal_standard,1,2026-01-23 00:59:44+00:00,False,False,never,,,1,1,,,,,0,0
dev_0003885,0,normal,,normal_standard,1,2026-01-29 21:20:37+00:00,False,False,never,,,1,1,,,,,0,4
dev_0003886,0,normal,,normal_standard,1,2026-01-21 01:28:43+00:00,False,False,never,,,1,1,,,,,0,4
dev_0003888,0,normal,,normal_standard,1,2026-01-11 01:29:48+00:00,False,False,never,,,1,1,,,,,0,3
dev_0003889,0,normal,,normal_standard,2,2026-01-27 05:19:00+00:00,False,False,never,,,2,2,,,,,0,0
dev_0003890,0,normal,,normal_standard,1,2026-01-25 19:31:34+00:00,False,False,never,,,1,1,,,,,0,1
dev_0003891,0,normal,,normal_standard,1,2026-01-01 12:46:26+00:00,False,False,never,,,1,1,,,,,0,1
dev_0003892,0,normal,,normal_standard,3,2026-01-04 02:34:35+00:00,False,False,never,,,3,3,,,,,0,3
dev_0003893,0,normal,,normal_standard,2,2026-01-25 19:43:40+00:00,False,False,never,,,2,2,,,,,0,1
dev_0003895,0,normal,,normal_standard,2,2026-01-14 07:20:23+00:00,False,False,never,,,2,2,,,,,0,0
dev_0003896,0,normal,,normal_standard,1,2026-01-01 05:07:18+00:00,False,False,never,,,1,1,,,,,0,2
dev_0003897,0,normal,,normal_standard,2,2026-01-15 23:33:25+00:00,False,False,never,,,2,2,,,,,0,2
dev_0003898,0,normal,,normal_standard,1,2026-01-02 12:19:36+00:00,False,False,never,,,1,1,,,,,0,4
dev_0003899,0,normal,,normal_standard,1,2026-01-23 01:07:23+00:00,False,False,never,,,1,1,,,,,0,4
dev_0003900,0,normal,,normal_standard,1,2026-01-14 13:08:24+00:00,False,False,never,,,1,1,,,,,0,0
dev_0003901,0,normal,,normal_standard,1,2026-01-04 10:14:33+00:00,False,False,never,,,1,1,,,,,0,2
dev_0003902,0,normal,,normal_standard,1,2026-01-17 08:52:10+00:00,False,False,never,,,1,1,,,,,0,4
dev_0003903,0,normal,,normal_standard,2,2026-01-16 17:51:28+00:00,False,False,never,,,2,2,,,,,0,3
dev_0003904,0,normal,,normal_standard,1,2026-01-24 12:17:28+00:00,False,False,never,,,1,1,,,,,0,3
dev_0003905,0,normal,,normal_standard,2,2026-01-01 06:36:17+00:00,False,False,never,,,2,2,,,,,0,4
dev_0003906,0,normal,,normal_standard,2,2026-01-12 18:54:18+00:00,False,False,never,,,2,2,,,,,0,1
dev_0003907,0,normal,,normal_standard,2,2026-01-02 19:00:09+00:00,False,False,never,,,2,2,,,,,0,3
dev_0003908,0,normal,,normal_standard,3,2026-01-12 02:18:47+00:00,False,False,never,,,3,3,,,,,0,3
dev_0003909,0,normal,,normal_standard,1,2026-01-11 19:11:30+00:00,False,False,never,,,1,1,,,,,0,1
dev_0003910,0,normal,,normal_standard,1,2026-01-21 20:44:41+00:00,False,False,never,,,1,1,,,,,0,0
dev_0003911,0,normal,,normal_standard,4,2026-01-05 07:40:54+00:00,False,False,never,,,4,4,,,,,0,4
dev_0003912,0,normal,,normal_standard,2,2026-01-26 11:49:59+00:00,False,False,never,,,2,2,,,,,0,4
dev_0003913,0,normal,,normal_standard,1,2026-01-23 10:51:30+00:00,False,False,never,,,1,1,,,,,0,0
dev_0003915,0,normal,,normal_standard,1,2026-01-11 14:33:05+00:00,False,False,never,,,1,1,,,,,0,0
dev_0003916,0,normal,,normal_standard,1,2026-01-09 02:46:46+00:00,False,False,never,,,1,1,,,,,0,1
dev_0003917,0,normal,,normal_standard,1,2026-01-18 06:37:54+00:00,False,False,never,,,1,1,,,,,0,1
dev_0003918,0,normal,,normal_standard,2,2026-01-05 04:19:27+00:00,False,False,never,,,2,2,,,,,0,2
dev_0003919,0,normal,,normal_standard,1,2026-01-30 16:20:22+00:00,False,False,never,,,1,1,,,,,0,2
dev_0003920,0,normal,,normal_standard,1,2026-01-24 16:25:25+00:00,False,False,never,,,1,1,,,,,0,3
dev_0003921,0,normal,,normal_standard,1,2026-01-26 08:45:17+00:00,False,False,never,,,1,1,,,,,0,4
dev_0003922,0,normal,,normal_standard,1,2026-01-08 12:23:47+00:00,False,False,never,,,1,1,,,,,0,2
dev_0003924,0,normal,,normal_standard,2,2026-01-24 01:52:53+00:00,False,False,never,,,2,2,,,,,0,2
dev_0003925,0,normal,,normal_standard,1,2026-01-25 15:10:18+00:00,False,False,never,,,1,1,,,,,0,0
dev_0003926,0,normal,,normal_standard,1,2026-01-19 12:52:13+00:00,False,False,never,,,1,1,,,,,0,2
dev_0003927,0,normal,,normal_standard,1,2026-01-25 01:02:50+00:00,False,False,never,,,1,1,,,,,0,2
dev_0003928,0,normal,,normal_standard,1,2026-01-26 01:49:23+00:00,False,False,never,,,1,1,,,,,0,4
dev_0003929,0,normal,,normal_standard,1,2026-01-11 21:11:55+00:00,False,False,never,,,1,1,,,,,0,4
dev_0003930,0,normal,,normal_standard,1,2026-01-22 21:26:01+00:00,False,False,never,,,1,1,,,,,0,2
dev_0003931,0,normal,,normal_standard,1,2026-01-19 05:15:25+00:00,False,False,never,,,1,1,,,,,0,3
dev_0003932,0,normal,,normal_standard,1,2026-01-27 01:42:49+00:00,False,False,never,,,1,1,,,,,0,1
dev_0003933,0,normal,,normal_standard,1,2026-01-10 02:27:22+00:00,False,False,never,,,1,1,,,,,0,4
dev_0003934,0,normal,,normal_standard,1,2026-01-05 07:08:24+00:00,False,False,never,,,1,1,,,,,0,1
dev_0003935,0,normal,,normal_standard,3,2026-01-16 21:51:29+00:00,False,False,never,,,3,3,,,,,0,2
dev_0003936,0,normal,,normal_standard,1,2026-01-12 23:47:58+00:00,False,False,never,,,1,1,,,,,0,1
dev_0003937,0,normal,,normal_standard,1,2026-01-11 00:00:24+00:00,False,False,never,,,1,1,,,,,0,3
dev_0003938,0,normal,,normal_standard,1,2026-01-24 19:22:47+00:00,False,False,never,,,1,1,,,,,0,0
dev_0003939,0,normal,,normal_standard,2,2026-01-07 21:55:55+00:00,False,False,never,,,2,2,,,,,0,3
dev_0003940,0,normal,,normal_standard,1,2026-01-20 12:57:40+00:00,False,False,never,,,1,1,,,,,0,1
dev_0003941,0,normal,,normal_standard,1,2026-01-19 11:03:41+00:00,False,False,never,,,1,1,,,,,0,0
dev_0003942,0,normal,,normal_standard,1,2026-01-28 14:00:09+00:00,False,False,never,,,1,1,,,,,0,2
dev_0003943,0,normal,,normal_standard,1,2026-01-11 06:50:30+00:00,False,False,never,,,1,1,,,,,0,1
dev_0003946,0,normal,,normal_standard,2,2026-01-12 21:36:16+00:00,False,False,never,,,2,2,,,,,0,2
dev_0003947,0,normal,,normal_standard,1,2026-01-12 12:27:36+00:00,False,False,never,,,1,1,,,,,0,4
dev_0003949,0,normal,,normal_standard,1,2026-01-13 12:27:38+00:00,False,False,never,,,1,1,,,,,0,1
dev_0003950,0,normal,,normal_standard,3,2026-01-25 14:05:32+00:00,False,False,never,,,3,3,,,,,0,4
dev_0003951,0,normal,,normal_standard,2,2026-01-11 17:29:50+00:00,False,False,never,,,2,2,,,,,0,1
dev_0003952,0,normal,,normal_standard,1,2026-01-28 22:04:02+00:00,False,False,never,,,1,1,,,,,0,0
dev_0003953,0,normal,,normal_standard,2,2026-01-08 08:49:25+00:00,False,False,never,,,2,2,,,,,0,3
dev_0003954,0,normal,,normal_standard,1,2026-01-01 08:09:15+00:00,False,False,never,,,1,1,,,,,0,4
dev_0003955,0,normal,,normal_standard,1,2026-01-21 17:10:27+00:00,False,False,never,,,1,1,,,,,0,0
dev_0003956,0,normal,,normal_standard,2,2026-01-15 10:09:53+00:00,False,False,never,,,2,2,,,,,0,2
dev_0003958,0,normal,,normal_standard,1,2026-01-07 17:17:33+00:00,False,False,never,,,1,1,,,,,0,3
dev_0003959,0,normal,,normal_standard,1,2026-01-23 21:33:03+00:00,False,False,never,,,1,1,,,,,0,4
dev_0003960,0,normal,,normal_standard,1,2026-01-30 17:37:32+00:00,False,False,never,,,1,1,,,,,0,0
dev_0003961,0,normal,,normal_standard,1,2026-01-29 05:35:11+00:00,False,False,never,,,1,1,,,,,0,0
dev_0003962,0,normal,,normal_standard,1,2026-01-24 16:23:45+00:00,False,False,never,,,1,1,,,,,0,1
dev_0003963,0,normal,,normal_standard,1,2026-01-22 07:39:47+00:00,False,False,never,,,1,1,,,,,0,3
dev_0003965,0,normal,,normal_standard,2,2026-01-23 15:23:05+00:00,False,False,never,,,2,2,,,,,0,4
dev_0003966,0,normal,,normal_standard,1,2026-01-11 14:32:24+00:00,False,False,never,,,1,1,,,,,0,1
dev_0003968,0,normal,,normal_standard,1,2026-01-01 09:37:14+00:00,False,False,never,,,1,1,,,,,0,3
dev_0003969,0,normal,,normal_standard,1,2026-01-15 12:44:51+00:00,False,False,never,,,1,1,,,,,0,3
dev_0003970,0,normal,,normal_standard,1,2026-01-18 04:24:48+00:00,False,False,never,,,1,1,,,,,0,4
dev_0003971,0,normal,,normal_standard,2,2026-01-04 03:24:01+00:00,False,False,never,,,2,2,,,,,0,3
dev_0003972,0,normal,,normal_standard,1,2026-01-15 06:07:24+00:00,False,False,never,,,1,1,,,,,0,4
dev_0003973,0,normal,,normal_standard,1,2026-01-26 13:40:22+00:00,False,False,never,,,1,1,,,,,0,3
dev_0003974,0,normal,,normal_standard,2,2026-01-22 19:20:35+00:00,False,False,never,,,2,2,,,,,0,2
dev_0003975,0,normal,,normal_standard,1,2026-01-25 00:05:52+00:00,False,False,never,,,1,1,,,,,0,3
dev_0003976,0,normal,,normal_standard,1,2026-01-21 22:13:22+00:00,False,False,never,,,1,1,,,,,0,4
dev_0003977,0,normal,,normal_standard,1,2026-01-22 11:55:34+00:00,False,False,never,,,1,1,,,,,0,3
dev_0003978,0,normal,,normal_standard,1,2026-01-25 20:56:45+00:00,False,False,never,,,1,1,,,,,0,0
dev_0003979,0,normal,,normal_standard,1,2026-01-07 06:22:39+00:00,False,False,never,,,1,1,,,,,0,3
dev_0003981,0,normal,,normal_standard,2,2026-01-22 06:44:41+00:00,False,False,never,,,2,2,,,,,0,2
dev_0003982,0,normal,,normal_standard,1,2026-01-10 18:13:55+00:00,False,False,never,,,1,1,,,,,0,1
dev_0003983,0,normal,,normal_standard,2,2026-01-27 23:36:59+00:00,False,False,never,,,2,2,,,,,0,3
dev_0003986,0,normal,,normal_standard,1,2026-01-03 15:57:53+00:00,False,False,never,,,1,1,,,,,0,1
dev_0003987,0,normal,,normal_standard,1,2026-01-02 19:35:26+00:00,False,False,never,,,1,1,,,,,0,2
dev_0003988,0,normal,,normal_standard,1,2026-01-25 03:08:15+00:00,False,False,never,,,1,1,,,,,0,3
dev_0003989,0,normal,,normal_standard,1,2026-01-12 11:59:49+00:00,False,False,never,,,1,1,,,,,0,3
dev_0003990,0,normal,,normal_standard,1,2026-01-20 20:29:50+00:00,False,False,never,,,1,1,,,,,0,3
dev_0003991,0,normal,,normal_standard,1,2026-01-30 07:11:41+00:00,False,False,never,,,1,1,,,,,0,1
dev_0003992,0,normal,,normal_standard,1,2026-01-06 22:01:40+00:00,False,False,never,,,1,1,,,,,0,4
dev_0003994,0,normal,,normal_standard,1,2026-01-10 13:49:48+00:00,False,False,never,,,1,1,,,,,0,4
dev_0003995,0,normal,,normal_standard,1,2026-01-15 04:46:29+00:00,False,False,never,,,1,1,,,,,0,2
dev_0003996,0,normal,,normal_standard,1,2026-01-26 02:18:28+00:00,False,False,never,,,1,1,,,,,0,4
dev_0003998,0,normal,,normal_standard,1,2026-01-25 09:04:30+00:00,False,False,never,,,1,1,,,,,0,4
dev_0003999,0,normal,,normal_standard,1,2026-01-29 19:07:09+00:00,False,False,never,,,1,1,,,,,0,4
dev_0004000,0,normal,,normal_standard,2,2026-01-06 03:18:51+00:00,False,False,never,,,2,2,,,,,0,0
dev_0004002,0,normal,,normal_standard,1,2026-01-11 18:47:22+00:00,False,False,never,,,1,1,,,,,0,3
dev_0004003,0,normal,,normal_standard,1,2026-01-05 11:44:50+00:00,False,False,never,,,1,1,,,,,0,3
dev_0004004,0,normal,,normal_standard,2,2026-01-25 09:53:55+00:00,False,False,never,,,2,2,,,,,0,0
dev_0004005,0,normal,,normal_standard,1,2026-01-08 06:44:15+00:00,False,False,never,,,1,1,,,,,0,3
dev_0004006,0,normal,,normal_standard,1,2026-01-14 10:15:34+00:00,False,False,never,,,1,1,,,,,0,1
dev_0004007,0,normal,,normal_standard,1,2026-01-23 02:59:35+00:00,False,False,never,,,1,1,,,,,0,0
dev_0004008,0,normal,,normal_standard,1,2026-01-09 08:58:35+00:00,False,False,never,,,1,1,,,,,0,1
dev_0004009,0,normal,,normal_standard,1,2026-01-15 08:10:55+00:00,False,False,never,,,1,1,,,,,0,2
dev_0004010,0,normal,,normal_standard,1,2026-01-26 19:56:32+00:00,False,False,never,,,1,1,,,,,0,3
dev_0004011,0,normal,,normal_standard,1,2026-01-19 06:52:24+00:00,False,False,never,,,1,1,,,,,0,4
dev_0004012,0,normal,,normal_standard,1,2026-01-06 23:50:40+00:00,False,False,never,,,1,1,,,,,0,0
dev_0004013,0,normal,,normal_standard,3,2026-01-24 09:05:44+00:00,False,False,never,,,3,3,,,,,0,0
dev_0004014,0,normal,,normal_standard,2,2026-01-12 11:21:04+00:00,False,False,never,,,2,2,,,,,0,0
dev_0004015,0,normal,,normal_standard,2,2026-01-26 02:37:11+00:00,False,False,never,,,2,2,,,,,0,4
dev_0004016,0,normal,,normal_standard,1,2026-01-24 12:53:23+00:00,False,False,never,,,1,1,,,,,0,4
dev_0004017,0,normal,,normal_standard,1,2026-01-01 08:11:47+00:00,False,False,never,,,1,1,,,,,0,0
dev_0004018,0,normal,,normal_standard,1,2026-01-04 06:35:14+00:00,False,False,never,,,1,1,,,,,0,3
dev_0004019,0,normal,,normal_standard,1,2026-01-28 14:07:26+00:00,False,False,never,,,1,1,,,,,0,0
dev_0004020,0,normal,,normal_standard,1,2026-01-23 15:51:20+00:00,False,False,never,,,1,1,,,,,0,4
dev_0004022,0,normal,,normal_standard,3,2026-01-04 08:50:13+00:00,False,False,never,,,3,3,,,,,0,3
dev_0004023,0,normal,,normal_standard,1,2026-01-15 17:03:32+00:00,False,False,never,,,1,1,,,,,0,2
dev_0004024,0,normal,,normal_standard,2,2026-01-27 21:13:34+00:00,False,False,never,,,2,2,,,,,0,4
dev_0004025,0,normal,,normal_standard,1,2026-01-20 15:37:37+00:00,False,False,never,,,1,1,,,,,0,0
dev_0004026,0,normal,,normal_standard,1,2026-01-11 02:04:42+00:00,False,False,never,,,1,1,,,,,0,0
dev_0004029,0,normal,,normal_standard,1,2026-01-28 15:33:18+00:00,False,False,never,,,1,1,,,,,0,1
dev_0004030,0,normal,,normal_standard,1,2026-01-25 16:50:48+00:00,False,False,never,,,1,1,,,,,0,4
dev_0004031,0,normal,,normal_standard,1,2026-01-23 02:47:58+00:00,False,False,never,,,1,1,,,,,0,2
dev_0004032,0,normal,,normal_standard,1,2026-01-20 05:45:56+00:00,False,False,never,,,1,1,,,,,0,0
dev_0004033,0,normal,,normal_standard,1,2026-01-18 05:50:27+00:00,False,False,never,,,1,1,,,,,0,0
dev_0004035,0,normal,,normal_standard,1,2026-01-23 15:26:25+00:00,False,False,never,,,1,1,,,,,0,3
dev_0004036,0,normal,,normal_standard,1,2026-01-12 20:26:47+00:00,False,False,never,,,1,1,,,,,0,3
dev_0004038,0,normal,,normal_standard,1,2026-01-27 08:46:56+00:00,False,False,never,,,1,1,,,,,0,1
dev_0004039,0,normal,,normal_standard,1,2026-01-15 18:09:19+00:00,False,False,never,,,1,1,,,,,0,0
dev_0004040,0,normal,,normal_standard,1,2026-01-16 00:17:29+00:00,False,False,never,,,1,1,,,,,0,4
dev_0004042,0,normal,,normal_standard,2,2026-01-13 21:19:36+00:00,False,False,never,,,2,2,,,,,0,2
dev_0004043,0,normal,,normal_standard,1,2026-01-26 19:18:37+00:00,False,False,never,,,1,1,,,,,0,1
dev_0004044,0,normal,,normal_standard,1,2026-01-24 20:05:51+00:00,False,False,never,,,1,1,,,,,0,1
dev_0004045,0,normal,,normal_standard,1,2026-01-20 06:01:46+00:00,False,False,never,,,1,1,,,,,0,2
dev_0004047,0,normal,,normal_standard,1,2026-01-07 04:10:51+00:00,False,False,never,,,1,1,,,,,0,4
dev_0004048,0,normal,,normal_standard,3,2026-01-26 17:24:21+00:00,False,False,never,,,3,3,,,,,0,0
dev_0004049,0,normal,,normal_standard,1,2026-01-06 22:27:12+00:00,False,False,never,,,1,1,,,,,0,3
dev_0004050,0,normal,,normal_standard,1,2026-01-07 01:19:47+00:00,False,False,never,,,1,1,,,,,0,4
dev_0004051,0,normal,,normal_standard,1,2026-01-12 20:15:31+00:00,False,False,never,,,1,1,,,,,0,0
dev_0004052,0,normal,,normal_standard,2,2026-01-10 16:07:26+00:00,False,False,never,,,2,2,,,,,0,1
dev_0004053,0,normal,,normal_standard,2,2026-01-19 02:54:50+00:00,False,False,never,,,2,2,,,,,0,1
dev_0004054,0,normal,,normal_standard,1,2026-01-02 03:28:39+00:00,False,False,never,,,1,1,,,,,0,2
dev_0004055,0,normal,,normal_standard,1,2026-01-28 15:08:44+00:00,False,False,never,,,1,1,,,,,0,0
dev_0004056,0,normal,,normal_standard,1,2026-01-21 22:20:00+00:00,False,False,never,,,1,1,,,,,0,1
dev_0004058,0,normal,,normal_standard,1,2026-01-03 20:46:54+00:00,False,False,never,,,1,1,,,,,0,4
dev_0004059,0,normal,,normal_standard,1,2026-01-18 08:32:49+00:00,False,False,never,,,1,1,,,,,0,0
dev_0004060,0,normal,,normal_standard,1,2026-01-25 06:29:03+00:00,False,False,never,,,1,1,,,,,0,1
dev_0004061,0,normal,,normal_standard,1,2026-01-21 22:58:34+00:00,False,False,never,,,1,1,,,,,0,3
dev_0004062,0,normal,,normal_standard,1,2026-01-11 16:15:25+00:00,False,False,never,,,1,1,,,,,0,1
dev_0004063,0,normal,,normal_standard,1,2026-01-21 04:15:58+00:00,False,False,never,,,1,1,,,,,0,4
dev_0004064,0,normal,,normal_standard,1,2026-01-12 16:42:42+00:00,False,False,never,,,1,1,,,,,0,4
dev_0004065,0,normal,,normal_standard,1,2026-01-17 17:05:30+00:00,False,False,never,,,1,1,,,,,0,1
dev_0004066,0,normal,,normal_standard,2,2026-01-24 00:11:01+00:00,False,False,never,,,2,2,,,,,0,2
dev_0004067,0,normal,,normal_standard,1,2026-01-24 14:36:32+00:00,False,False,never,,,1,1,,,,,0,3
dev_0004068,0,normal,,normal_standard,1,2026-01-28 11:11:48+00:00,False,False,never,,,1,1,,,,,0,1
dev_0004069,0,normal,,normal_standard,2,2026-01-04 04:15:37+00:00,False,False,never,,,2,2,,,,,0,2
dev_0004070,0,normal,,normal_standard,1,2026-01-16 14:29:32+00:00,False,False,never,,,1,1,,,,,0,4
dev_0004071,0,normal,,normal_standard,1,2026-01-07 11:02:39+00:00,False,False,never,,,1,1,,,,,0,3
dev_0004072,0,normal,,normal_standard,2,2026-01-19 00:17:31+00:00,False,False,never,,,2,2,,,,,0,3
dev_0004073,0,normal,,normal_standard,1,2026-01-29 13:01:32+00:00,False,False,never,,,1,1,,,,,0,0
dev_0004074,0,normal,,normal_standard,1,2026-01-25 12:24:41+00:00,False,False,never,,,1,1,,,,,0,3
dev_0004075,0,normal,,normal_standard,3,2026-01-14 13:38:53+00:00,False,False,never,,,3,3,,,,,0,0
dev_0004076,0,normal,,normal_standard,1,2026-01-02 05:15:41+00:00,False,False,never,,,1,1,,,,,0,4
dev_0004077,0,normal,,normal_standard,1,2026-01-19 17:14:10+00:00,False,False,never,,,1,1,,,,,0,2
dev_0004079,0,normal,,normal_standard,2,2026-01-17 00:06:59+00:00,False,False,never,,,2,2,,,,,0,3
dev_0004080,0,normal,,normal_standard,1,2026-01-10 11:10:41+00:00,False,False,never,,,1,1,,,,,0,4
dev_0004081,0,normal,,normal_standard,1,2026-01-03 17:35:11+00:00,False,False,never,,,1,1,,,,,0,3
dev_0004082,0,normal,,normal_standard,1,2026-01-18 19:14:58+00:00,False,False,never,,,1,1,,,,,0,0
dev_0004084,0,normal,,normal_standard,1,2026-01-26 21:55:59+00:00,False,False,never,,,1,1,,,,,0,0
dev_0004085,0,normal,,normal_standard,1,2026-01-20 18:06:27+00:00,False,False,never,,,1,1,,,,,0,3
dev_0004086,0,normal,,normal_standard,1,2026-01-16 20:55:43+00:00,False,False,never,,,1,1,,,,,0,0
dev_0004087,0,normal,,normal_standard,1,2026-01-11 23:47:50+00:00,False,False,never,,,1,1,,,,,0,0
dev_0004088,0,normal,,normal_standard,1,2026-01-19 17:30:15+00:00,False,False,never,,,1,1,,,,,0,3
dev_0004089,0,normal,,normal_standard,1,2026-01-15 04:24:41+00:00,False,False,never,,,1,1,,,,,0,2
dev_0004090,0,normal,,normal_standard,1,2026-01-12 05:18:53+00:00,False,False,never,,,1,1,,,,,0,2
dev_0004092,0,normal,,normal_standard,1,2026-01-11 11:56:13+00:00,False,False,never,,,1,1,,,,,0,1
dev_0004093,0,normal,,normal_standard,1,2026-01-18 02:03:26+00:00,False,False,never,,,1,1,,,,,0,3
dev_0004094,0,normal,,normal_standard,1,2026-01-02 18:52:28+00:00,False,False,never,,,1,1,,,,,0,2
dev_0004095,0,normal,,normal_standard,1,2026-01-04 02:11:38+00:00,False,False,never,,,1,1,,,,,0,0
dev_0004096,0,normal,,normal_standard,1,2026-01-13 15:30:16+00:00,False,False,never,,,1,1,,,,,0,4
dev_0004097,0,normal,,normal_standard,1,2026-01-05 11:26:15+00:00,False,False,never,,,1,1,,,,,0,3
dev_0004098,0,normal,,normal_standard,1,2026-01-18 19:50:05+00:00,False,False,never,,,1,1,,,,,0,4
dev_0004099,0,normal,,normal_standard,3,2026-01-03 00:02:48+00:00,False,False,never,,,3,3,,,,,0,0
dev_0004100,0,normal,,normal_standard,1,2026-01-16 02:17:39+00:00,False,False,never,,,1,1,,,,,0,2
dev_0004101,0,normal,,normal_standard,1,2026-01-04 17:17:07+00:00,False,False,never,,,1,1,,,,,0,3
dev_0004102,0,normal,,normal_standard,1,2026-01-16 05:20:34+00:00,False,False,never,,,1,1,,,,,0,0
dev_0004104,0,normal,,normal_standard,1,2026-01-15 14:11:34+00:00,False,False,never,,,1,1,,,,,0,0
dev_0004105,0,normal,,normal_standard,1,2026-01-30 17:05:20+00:00,False,False,never,,,1,1,,,,,0,4
dev_0004107,0,normal,,normal_standard,1,2026-01-01 20:30:53+00:00,False,False,never,,,1,1,,,,,0,4
dev_0004108,0,normal,,normal_standard,1,2026-01-18 01:43:03+00:00,False,False,never,,,1,1,,,,,0,2
dev_0004109,0,normal,,normal_standard,1,2026-01-12 05:46:30+00:00,False,False,never,,,1,1,,,,,0,2
dev_0004110,0,normal,,normal_standard,2,2026-01-25 04:30:24+00:00,False,False,never,,,2,2,,,,,0,0
dev_0004111,0,normal,,normal_standard,1,2026-01-08 18:42:20+00:00,False,False,never,,,1,1,,,,,0,0
dev_0004112,0,normal,,normal_standard,1,2026-01-10 08:17:38+00:00,False,False,never,,,1,1,,,,,0,3
dev_0004113,0,normal,,normal_standard,1,2026-01-18 09:01:40+00:00,False,False,never,,,1,1,,,,,0,2
dev_0004114,0,normal,,normal_standard,1,2026-01-11 20:34:49+00:00,False,False,never,,,1,1,,,,,0,0
dev_0004116,0,normal,,normal_standard,1,2026-01-01 09:34:10+00:00,False,False,never,,,1,1,,,,,0,2
dev_0004117,0,normal,,normal_standard,1,2026-01-30 05:33:27+00:00,False,False,never,,,1,1,,,,,0,4
dev_0004118,0,normal,,normal_standard,1,2026-01-11 16:39:53+00:00,False,False,never,,,1,1,,,,,0,2
dev_0004119,0,normal,,normal_standard,1,2026-01-27 11:47:42+00:00,False,False,never,,,1,1,,,,,0,4
dev_0004120,0,normal,,normal_standard,1,2026-01-23 14:20:49+00:00,False,False,never,,,1,1,,,,,0,2
dev_0004122,0,normal,,normal_standard,1,2026-01-22 03:23:29+00:00,False,False,never,,,1,1,,,,,0,0
dev_0004124,0,normal,,normal_standard,1,2026-01-06 02:03:35+00:00,False,False,never,,,1,1,,,,,0,2
dev_0004125,0,normal,,normal_standard,1,2026-01-16 08:03:08+00:00,False,False,never,,,1,1,,,,,0,2
dev_0004126,0,normal,,normal_standard,1,2026-01-07 00:03:36+00:00,False,False,never,,,1,1,,,,,0,1
dev_0004127,0,normal,,normal_standard,2,2026-01-29 20:52:06+00:00,False,False,never,,,2,2,,,,,0,0
dev_0004128,0,normal,,normal_standard,1,2026-01-28 01:07:02+00:00,False,False,never,,,1,1,,,,,0,0
dev_0004129,0,normal,,normal_standard,1,2026-01-18 17:31:51+00:00,False,False,never,,,1,1,,,,,0,1
dev_0004130,0,normal,,normal_standard,1,2026-01-04 19:15:12+00:00,False,False,never,,,1,1,,,,,0,1
dev_0004131,0,normal,,normal_standard,1,2026-01-21 05:07:36+00:00,False,False,never,,,1,1,,,,,0,0
dev_0004132,0,normal,,normal_standard,1,2026-01-05 07:26:28+00:00,False,False,never,,,1,1,,,,,0,0
dev_0004134,0,normal,,normal_standard,1,2026-01-20 15:46:03+00:00,False,False,never,,,1,1,,,,,0,0
dev_0004135,0,normal,,normal_standard,1,2026-01-10 06:18:22+00:00,False,False,never,,,1,1,,,,,0,4
dev_0004136,0,normal,,normal_standard,1,2026-01-02 08:24:19+00:00,False,False,never,,,1,1,,,,,0,4
dev_0004137,0,normal,,normal_standard,1,2026-01-24 15:50:41+00:00,False,False,never,,,1,1,,,,,0,4
dev_0004138,0,normal,,normal_standard,1,2026-01-23 01:05:24+00:00,False,False,never,,,1,1,,,,,0,0
dev_0004140,0,normal,,normal_standard,1,2026-01-16 12:52:38+00:00,False,False,never,,,1,1,,,,,0,0
dev_0004142,0,normal,,normal_standard,1,2026-01-18 22:58:21+00:00,False,False,never,,,1,1,,,,,0,1
dev_0004143,0,normal,,normal_standard,1,2026-01-24 08:34:53+00:00,False,False,never,,,1,1,,,,,0,2
dev_0004144,0,normal,,normal_standard,3,2026-01-05 09:27:35+00:00,False,False,never,,,3,3,,,,,0,1
dev_0004145,0,normal,,normal_standard,1,2026-01-13 18:21:23+00:00,False,False,never,,,1,1,,,,,0,0
dev_0004146,0,normal,,normal_standard,3,2026-01-14 22:41:53+00:00,False,False,never,,,3,3,,,,,0,3
dev_0004148,0,normal,,normal_standard,2,2026-01-17 18:46:44+00:00,False,False,never,,,2,2,,,,,0,2
dev_0004149,0,normal,,normal_standard,3,2026-01-16 06:59:56+00:00,False,False,never,,,3,3,,,,,0,3
dev_0004151,0,normal,,normal_standard,1,2026-01-09 23:38:15+00:00,False,False,never,,,1,1,,,,,0,3
dev_0004152,0,normal,,normal_standard,2,2026-01-13 22:25:47+00:00,False,False,never,,,2,2,,,,,0,3
dev_0004155,0,normal,,normal_standard,4,2026-01-16 01:56:20+00:00,False,False,never,,,4,4,,,,,0,1
dev_0004156,0,normal,,normal_standard,1,2026-01-03 17:02:27+00:00,False,False,never,,,1,1,,,,,0,1
dev_0004159,0,normal,,normal_standard,1,2026-01-14 10:34:19+00:00,False,False,never,,,1,1,,,,,0,1
dev_0004160,0,normal,,normal_standard,1,2026-01-16 01:43:32+00:00,False,False,never,,,1,1,,,,,0,4
dev_0004162,0,normal,,normal_standard,2,2026-01-08 18:26:52+00:00,False,False,never,,,2,2,,,,,0,1
dev_0004163,0,normal,,normal_standard,1,2026-01-27 03:11:41+00:00,False,False,never,,,1,1,,,,,0,2
dev_0004164,0,normal,,normal_standard,1,2026-01-18 05:18:39+00:00,False,False,never,,,1,1,,,,,0,0
dev_0004165,0,normal,,normal_standard,2,2026-01-05 07:55:45+00:00,False,False,never,,,2,2,,,,,0,1
dev_0004166,0,normal,,normal_standard,1,2026-01-15 16:07:39+00:00,False,False,never,,,1,1,,,,,0,3
dev_0004167,0,normal,,normal_standard,1,2026-01-20 21:53:25+00:00,False,False,never,,,1,1,,,,,0,2
dev_0004168,0,normal,,normal_standard,3,2026-01-07 16:24:12+00:00,False,False,never,,,3,3,,,,,0,0
dev_0004170,0,normal,,normal_standard,1,2026-01-01 11:30:36+00:00,False,False,never,,,1,1,,,,,0,4
dev_0004171,0,normal,,normal_standard,1,2026-01-29 23:23:16+00:00,False,False,never,,,1,1,,,,,0,4
dev_0004172,0,normal,,normal_standard,1,2026-01-11 16:01:12+00:00,False,False,never,,,1,1,,,,,0,1
dev_0004173,0,normal,,normal_standard,1,2026-01-07 20:52:37+00:00,False,False,never,,,1,1,,,,,0,1
dev_0004175,0,normal,,normal_standard,2,2026-01-27 05:36:31+00:00,False,False,never,,,2,2,,,,,0,2
dev_0004176,0,normal,,normal_standard,1,2026-01-11 07:05:27+00:00,False,False,never,,,1,1,,,,,0,3
dev_0004177,0,normal,,normal_standard,1,2026-01-04 13:05:01+00:00,False,False,never,,,1,1,,,,,0,3
dev_0004178,0,normal,,normal_standard,1,2026-01-25 00:04:31+00:00,False,False,never,,,1,1,,,,,0,3
dev_0004179,0,normal,,normal_standard,1,2026-01-29 16:37:24+00:00,False,False,never,,,1,1,,,,,0,3
dev_0004180,0,normal,,normal_standard,1,2026-01-22 04:24:11+00:00,False,False,never,,,1,1,,,,,0,4
dev_0004184,0,normal,,normal_standard,1,2026-01-30 05:48:41+00:00,False,False,never,,,1,1,,,,,0,2
dev_0004186,0,normal,,normal_standard,1,2026-01-05 22:01:57+00:00,False,False,never,,,1,1,,,,,0,2
dev_0004187,0,normal,,normal_standard,1,2026-01-28 02:17:23+00:00,False,False,never,,,1,1,,,,,0,3
dev_0004189,0,normal,,normal_standard,1,2026-01-05 23:33:33+00:00,False,False,never,,,1,1,,,,,0,0
dev_0004190,0,normal,,normal_standard,1,2026-01-23 09:24:00+00:00,False,False,never,,,1,1,,,,,0,3
dev_0004191,0,normal,,normal_standard,1,2026-01-12 18:19:30+00:00,False,False,never,,,1,1,,,,,0,4
dev_0004192,0,normal,,normal_standard,1,2026-01-15 08:23:55+00:00,False,False,never,,,1,1,,,,,0,1
dev_0004193,0,normal,,normal_standard,1,2026-01-03 11:28:23+00:00,False,False,never,,,1,1,,,,,0,1
dev_0004194,0,normal,,normal_standard,1,2026-01-22 22:33:44+00:00,False,False,never,,,1,1,,,,,0,2
dev_0004196,0,normal,,normal_standard,1,2026-01-01 05:17:41+00:00,False,False,never,,,1,1,,,,,0,2
dev_0004197,0,normal,,normal_standard,1,2026-01-10 06:28:53+00:00,False,False,never,,,1,1,,,,,0,3
dev_0004198,0,normal,,normal_standard,1,2026-01-09 15:36:36+00:00,False,False,never,,,1,1,,,,,0,0
dev_0004199,0,normal,,normal_standard,2,2026-01-06 11:25:45+00:00,False,False,never,,,2,2,,,,,0,4
dev_0004201,0,normal,,normal_standard,1,2026-01-18 03:08:07+00:00,False,False,never,,,1,1,,,,,0,3
dev_0004202,0,normal,,normal_standard,1,2026-01-25 16:04:39+00:00,False,False,never,,,1,1,,,,,0,3
dev_0004206,0,normal,,normal_standard,1,2026-01-08 16:14:59+00:00,False,False,never,,,1,1,,,,,0,2
dev_0004207,0,normal,,normal_standard,2,2026-01-22 22:41:33+00:00,False,False,never,,,2,2,,,,,0,0
dev_0004209,0,normal,,normal_standard,1,2026-01-13 19:21:39+00:00,False,False,never,,,1,1,,,,,0,0
dev_0004211,0,normal,,normal_standard,1,2026-01-07 03:40:05+00:00,False,False,never,,,1,1,,,,,0,0
dev_0004212,0,normal,,normal_standard,1,2026-01-04 00:09:20+00:00,False,False,never,,,1,1,,,,,0,4
dev_0004213,0,normal,,normal_standard,1,2026-01-09 22:50:31+00:00,False,False,never,,,1,1,,,,,0,4
dev_0004214,0,normal,,normal_standard,1,2026-01-18 18:03:40+00:00,False,False,never,,,1,1,,,,,0,2
dev_0004215,0,normal,,normal_standard,1,2026-01-06 20:18:21+00:00,False,False,never,,,1,1,,,,,0,3
dev_0004216,0,normal,,normal_standard,1,2026-01-26 04:56:56+00:00,False,False,never,,,1,1,,,,,0,4
dev_0004218,0,normal,,normal_standard,1,2026-01-18 17:44:08+00:00,False,False,never,,,1,1,,,,,0,3
dev_0004219,0,normal,,normal_standard,2,2026-01-12 20:34:53+00:00,False,False,never,,,2,2,,,,,0,4
dev_0004221,0,normal,,normal_standard,1,2026-01-12 17:36:56+00:00,False,False,never,,,1,1,,,,,0,3
dev_0004222,0,normal,,normal_standard,1,2026-01-09 17:02:42+00:00,False,False,never,,,1,1,,,,,0,1
dev_0004223,0,normal,,normal_standard,1,2026-01-26 07:25:25+00:00,False,False,never,,,1,1,,,,,0,4
dev_0004224,0,normal,,normal_standard,1,2026-01-24 13:48:32+00:00,False,False,never,,,1,1,,,,,0,1
dev_0004225,0,normal,,normal_standard,1,2026-01-02 21:40:52+00:00,False,False,never,,,1,1,,,,,0,2
dev_0004226,0,normal,,normal_standard,2,2026-01-02 18:34:08+00:00,False,False,never,,,2,2,,,,,0,2
dev_0004227,0,normal,,normal_standard,1,2026-01-09 02:48:07+00:00,False,False,never,,,1,1,,,,,0,0
dev_0004228,0,normal,,normal_standard,1,2026-01-01 12:51:46+00:00,False,False,never,,,1,1,,,,,0,4
dev_0004229,0,normal,,normal_standard,1,2026-01-29 15:15:19+00:00,False,False,never,,,1,1,,,,,0,3
dev_0004230,0,normal,,normal_standard,1,2026-01-29 10:45:42+00:00,False,False,never,,,1,1,,,,,0,0
dev_0004231,0,normal,,normal_standard,1,2026-01-06 11:15:33+00:00,False,False,never,,,1,1,,,,,0,2
dev_0004232,0,normal,,normal_standard,1,2026-01-21 12:09:58+00:00,False,False,never,,,1,1,,,,,0,4
dev_0004233,0,normal,,normal_standard,1,2026-01-27 01:13:24+00:00,False,False,never,,,1,1,,,,,0,1
dev_0004234,0,normal,,normal_standard,1,2026-01-02 06:33:42+00:00,False,False,never,,,1,1,,,,,0,2
dev_0004235,0,normal,,normal_standard,1,2026-01-13 15:57:25+00:00,False,False,never,,,1,1,,,,,0,0
dev_0004236,0,normal,,normal_standard,1,2026-01-15 02:41:58+00:00,False,False,never,,,1,1,,,,,0,1
dev_0004238,0,normal,,normal_standard,1,2026-01-04 00:41:14+00:00,False,False,never,,,1,1,,,,,0,4
dev_0004239,0,normal,,normal_standard,2,2026-01-29 12:14:46+00:00,False,False,never,,,2,2,,,,,0,1
dev_0004240,0,normal,,normal_standard,1,2026-01-15 17:50:13+00:00,False,False,never,,,1,1,,,,,0,2
dev_0004241,0,normal,,normal_standard,1,2026-01-12 06:05:50+00:00,False,False,never,,,1,1,,,,,0,3
dev_0004242,0,normal,,normal_standard,1,2026-01-16 05:08:46+00:00,False,False,never,,,1,1,,,,,0,0
dev_0004243,0,normal,,normal_standard,1,2026-01-25 09:05:05+00:00,False,False,never,,,1,1,,,,,0,2
dev_0004244,0,normal,,normal_standard,1,2026-01-26 03:15:13+00:00,False,False,never,,,1,1,,,,,0,2
dev_0004245,0,normal,,normal_standard,1,2026-01-23 07:06:18+00:00,False,False,never,,,1,1,,,,,0,1
dev_0004246,0,normal,,normal_standard,1,2026-01-02 09:23:31+00:00,False,False,never,,,1,1,,,,,0,4
dev_0004247,0,normal,,normal_standard,1,2026-01-16 22:55:25+00:00,False,False,never,,,1,1,,,,,0,2
dev_0004248,0,normal,,normal_standard,1,2026-01-28 12:59:45+00:00,False,False,never,,,1,1,,,,,0,3
dev_0004249,0,normal,,normal_standard,1,2026-01-14 11:40:22+00:00,False,False,never,,,1,1,,,,,0,1
dev_0004251,0,normal,,normal_standard,1,2026-01-30 05:12:32+00:00,False,False,never,,,1,1,,,,,0,0
dev_0004253,0,normal,,normal_standard,4,2026-01-12 04:53:53+00:00,False,False,never,,,4,4,,,,,0,0
dev_0004254,0,normal,,normal_standard,1,2026-01-30 20:50:43+00:00,False,False,never,,,1,1,,,,,0,1
dev_0004255,0,normal,,normal_standard,2,2026-01-16 21:28:27+00:00,False,False,never,,,2,2,,,,,0,1
dev_0004256,0,normal,,normal_standard,1,2026-01-14 21:32:43+00:00,False,False,never,,,1,1,,,,,0,0
dev_0004257,0,normal,,normal_standard,3,2026-01-07 12:34:57+00:00,False,False,never,,,3,3,,,,,0,3
dev_0004259,0,normal,,normal_standard,2,2026-01-08 06:13:46+00:00,False,False,never,,,2,2,,,,,0,4
dev_0004260,0,normal,,normal_standard,1,2026-01-16 09:23:28+00:00,False,False,never,,,1,1,,,,,0,0
dev_0004262,0,normal,,normal_standard,1,2026-01-10 05:52:55+00:00,False,False,never,,,1,1,,,,,0,0
dev_0004263,0,normal,,normal_standard,1,2026-01-18 03:09:21+00:00,False,False,never,,,1,1,,,,,0,3
dev_0004264,0,normal,,normal_standard,1,2026-01-06 06:44:22+00:00,False,False,never,,,1,1,,,,,0,0
dev_0004265,0,normal,,normal_standard,2,2026-01-30 07:34:01+00:00,False,False,never,,,2,2,,,,,0,4
dev_0004266,0,normal,,normal_standard,1,2026-01-07 05:03:34+00:00,False,False,never,,,1,1,,,,,0,3
dev_0004267,0,normal,,normal_standard,1,2026-01-16 03:18:43+00:00,False,False,never,,,1,1,,,,,0,3
dev_0004268,0,normal,,normal_standard,2,2026-01-21 05:34:48+00:00,False,False,never,,,2,2,,,,,0,4
dev_0004269,0,normal,,normal_standard,1,2026-01-16 08:59:28+00:00,False,False,never,,,1,1,,,,,0,2
dev_0004270,0,normal,,normal_standard,1,2026-01-03 16:03:27+00:00,False,False,never,,,1,1,,,,,0,4
dev_0004272,0,normal,,normal_standard,1,2026-01-10 04:09:38+00:00,False,False,never,,,1,1,,,,,0,0
dev_0004273,0,normal,,normal_standard,1,2026-01-25 17:13:26+00:00,False,False,never,,,1,1,,,,,0,2
dev_0004274,0,normal,,normal_standard,1,2026-01-17 10:29:38+00:00,False,False,never,,,1,1,,,,,0,3
dev_0004275,0,normal,,normal_standard,1,2026-01-23 21:58:39+00:00,False,False,never,,,1,1,,,,,0,0
dev_0004276,0,normal,,normal_standard,1,2026-01-24 14:05:20+00:00,False,False,never,,,1,1,,,,,0,4
dev_0004277,0,normal,,normal_standard,1,2026-01-12 17:44:26+00:00,False,False,never,,,1,1,,,,,0,2
dev_0004278,0,normal,,normal_standard,1,2026-01-22 22:21:28+00:00,False,False,never,,,1,1,,,,,0,1
dev_0004279,0,normal,,normal_standard,1,2026-01-03 12:26:23+00:00,False,False,never,,,1,1,,,,,0,1
dev_0004280,0,normal,,normal_standard,1,2026-01-25 04:53:55+00:00,False,False,never,,,1,1,,,,,0,4
dev_0004281,0,normal,,normal_standard,1,2026-01-18 04:55:21+00:00,False,False,never,,,1,1,,,,,0,2
dev_0004282,0,normal,,normal_standard,1,2026-01-26 10:00:20+00:00,False,False,never,,,1,1,,,,,0,0
dev_0004283,0,normal,,normal_standard,1,2026-01-16 20:53:55+00:00,False,False,never,,,1,1,,,,,0,0
dev_0004284,0,normal,,normal_standard,1,2026-01-29 02:51:14+00:00,False,False,never,,,1,1,,,,,0,0
dev_0004285,0,normal,,normal_standard,2,2026-01-24 17:30:17+00:00,False,False,never,,,2,2,,,,,0,1
dev_0004288,0,normal,,normal_standard,2,2026-01-19 04:00:29+00:00,False,False,never,,,2,2,,,,,0,1
dev_0004289,0,normal,,normal_standard,1,2026-01-10 10:26:59+00:00,False,False,never,,,1,1,,,,,0,2
dev_0004291,0,normal,,normal_standard,2,2026-01-29 13:34:24+00:00,False,False,never,,,2,2,,,,,0,1
dev_0004292,0,normal,,normal_standard,2,2026-01-18 02:52:11+00:00,False,False,never,,,2,2,,,,,0,2
dev_0004294,0,normal,,normal_standard,3,2026-01-26 12:54:42+00:00,False,False,never,,,3,3,,,,,0,2
dev_0004295,0,normal,,normal_standard,1,2026-01-24 02:52:16+00:00,False,False,never,,,1,1,,,,,0,3
dev_0004296,0,normal,,normal_standard,1,2026-01-25 02:19:02+00:00,False,False,never,,,1,1,,,,,0,4
dev_0004297,0,normal,,normal_standard,1,2026-01-08 15:42:59+00:00,False,False,never,,,1,1,,,,,0,4
dev_0004299,0,normal,,normal_standard,2,2026-01-27 15:02:35+00:00,False,False,never,,,2,2,,,,,0,0
dev_0004300,0,normal,,normal_standard,1,2026-01-11 03:10:15+00:00,False,False,never,,,1,1,,,,,0,1
dev_0004301,0,normal,,normal_standard,2,2026-01-26 00:40:18+00:00,False,False,never,,,2,2,,,,,0,4
dev_0004302,0,normal,,normal_standard,1,2026-01-06 02:32:37+00:00,False,False,never,,,1,1,,,,,0,0
dev_0004303,0,normal,,normal_standard,1,2026-01-13 03:45:49+00:00,False,False,never,,,1,1,,,,,0,3
dev_0004305,0,normal,,normal_standard,1,2026-01-20 11:33:54+00:00,False,False,never,,,1,1,,,,,0,3
dev_0004306,0,normal,,normal_standard,1,2026-01-18 02:23:16+00:00,False,False,never,,,1,1,,,,,0,4
dev_0004307,0,normal,,normal_standard,2,2026-01-10 08:30:59+00:00,False,False,never,,,2,2,,,,,0,2
dev_0004308,0,normal,,normal_standard,1,2026-01-26 13:54:13+00:00,False,False,never,,,1,1,,,,,0,4
dev_0004309,0,normal,,normal_standard,1,2026-01-13 19:48:28+00:00,False,False,never,,,1,1,,,,,0,1
dev_0004310,0,normal,,normal_standard,2,2026-01-30 22:30:23+00:00,False,False,never,,,2,2,,,,,0,3
dev_0004311,0,normal,,normal_standard,2,2026-01-11 11:02:31+00:00,False,False,never,,,2,2,,,,,0,2
dev_0004312,0,normal,,normal_standard,1,2026-01-23 08:11:12+00:00,False,False,never,,,1,1,,,,,0,2
dev_0004314,0,normal,,normal_standard,1,2026-01-24 13:16:40+00:00,False,False,never,,,1,1,,,,,0,2
dev_0004315,0,normal,,normal_standard,1,2026-01-09 15:55:20+00:00,False,False,never,,,1,1,,,,,0,1
dev_0004316,0,normal,,normal_standard,2,2026-01-01 04:13:33+00:00,False,False,never,,,2,2,,,,,0,0
dev_0004317,0,normal,,normal_standard,1,2026-01-12 13:00:53+00:00,False,False,never,,,1,1,,,,,0,0
dev_0004318,0,normal,,normal_standard,1,2026-01-01 04:08:10+00:00,False,False,never,,,1,1,,,,,0,4
dev_0004319,0,normal,,normal_standard,1,2026-01-09 18:35:41+00:00,False,False,never,,,1,1,,,,,0,2
dev_0004320,0,normal,,normal_standard,1,2026-01-06 02:18:45+00:00,False,False,never,,,1,1,,,,,0,3
dev_0004321,0,normal,,normal_standard,2,2026-01-01 15:30:09+00:00,False,False,never,,,2,2,,,,,0,1
dev_0004322,0,normal,,normal_standard,1,2026-01-26 08:23:34+00:00,False,False,never,,,1,1,,,,,0,0
dev_0004323,0,normal,,normal_standard,1,2026-01-18 14:03:35+00:00,False,False,never,,,1,1,,,,,0,0
dev_0004324,0,normal,,normal_standard,1,2026-01-24 12:17:26+00:00,False,False,never,,,1,1,,,,,0,0
dev_0004325,0,normal,,normal_standard,1,2026-01-09 13:56:36+00:00,False,False,never,,,1,1,,,,,0,1
dev_0004326,0,normal,,normal_standard,1,2026-01-18 00:12:58+00:00,False,False,never,,,1,1,,,,,0,0
dev_0004327,0,normal,,normal_standard,1,2026-01-13 20:21:53+00:00,False,False,never,,,1,1,,,,,0,4
dev_0004328,0,normal,,normal_standard,1,2026-01-28 14:14:52+00:00,False,False,never,,,1,1,,,,,0,1
dev_0004329,0,normal,,normal_standard,1,2026-01-10 13:41:13+00:00,False,False,never,,,1,1,,,,,0,0
dev_0004330,0,normal,,normal_standard,1,2026-01-19 14:12:02+00:00,False,False,never,,,1,1,,,,,0,2
dev_0004332,0,normal,,normal_standard,1,2026-01-30 00:23:46+00:00,False,False,never,,,1,1,,,,,0,2
dev_0004334,0,normal,,normal_standard,1,2026-01-21 10:54:46+00:00,False,False,never,,,1,1,,,,,0,0
dev_0004335,0,normal,,normal_standard,1,2026-01-08 02:54:21+00:00,False,False,never,,,1,1,,,,,0,0
dev_0004336,0,normal,,normal_standard,1,2026-01-27 15:09:56+00:00,False,False,never,,,1,1,,,,,0,4
dev_0004337,0,normal,,normal_standard,1,2026-01-03 00:24:18+00:00,False,False,never,,,1,1,,,,,0,3
dev_0004338,0,normal,,normal_standard,1,2026-01-24 04:13:03+00:00,False,False,never,,,1,1,,,,,0,3
dev_0004339,0,normal,,normal_standard,1,2026-01-20 18:36:29+00:00,False,False,never,,,1,1,,,,,0,4
dev_0004340,0,normal,,normal_standard,1,2026-01-11 16:05:54+00:00,False,False,never,,,1,1,,,,,0,4
dev_0004341,0,normal,,normal_standard,1,2026-01-19 03:14:37+00:00,False,False,never,,,1,1,,,,,0,2
dev_0004343,0,normal,,normal_standard,1,2026-01-15 08:30:52+00:00,False,False,never,,,1,1,,,,,0,0
dev_0004346,0,normal,,normal_standard,1,2026-01-19 00:14:21+00:00,False,False,never,,,1,1,,,,,0,0
dev_0004347,0,normal,,normal_standard,1,2026-01-10 18:04:54+00:00,False,False,never,,,1,1,,,,,0,3
dev_0004348,0,normal,,normal_standard,1,2026-01-09 16:13:50+00:00,False,False,never,,,1,1,,,,,0,3
dev_0004351,0,normal,,normal_standard,1,2026-01-22 06:32:59+00:00,False,False,never,,,1,1,,,,,0,1
dev_0004353,0,normal,,normal_standard,1,2026-01-06 02:10:50+00:00,False,False,never,,,1,1,,,,,0,0
dev_0004355,0,normal,,normal_standard,1,2026-01-18 21:07:14+00:00,False,False,never,,,1,1,,,,,0,3
dev_0004356,0,normal,,normal_standard,1,2026-01-26 16:10:56+00:00,False,False,never,,,1,1,,,,,0,3
dev_0004358,0,normal,,normal_standard,1,2026-01-12 22:20:26+00:00,False,False,never,,,1,1,,,,,0,2
dev_0004359,0,normal,,normal_standard,1,2026-01-29 00:03:28+00:00,False,False,never,,,1,1,,,,,0,0
dev_0004360,0,normal,,normal_standard,1,2026-01-18 10:34:13+00:00,False,False,never,,,1,1,,,,,0,2
dev_0004361,0,normal,,normal_standard,1,2026-01-02 19:58:06+00:00,False,False,never,,,1,1,,,,,0,4
dev_0004363,0,normal,,normal_standard,1,2026-01-20 13:17:41+00:00,False,False,never,,,1,1,,,,,0,1
dev_0004365,0,normal,,normal_standard,1,2026-01-07 00:01:52+00:00,False,False,never,,,1,1,,,,,0,0
dev_0004366,0,normal,,normal_standard,1,2026-01-25 14:05:52+00:00,False,False,never,,,1,1,,,,,0,3
dev_0004369,0,normal,,normal_standard,2,2026-01-16 21:45:35+00:00,False,False,never,,,2,2,,,,,0,0
dev_0004370,0,normal,,normal_standard,2,2026-01-04 11:38:02+00:00,False,False,never,,,2,2,,,,,0,0
dev_0004371,0,normal,,normal_standard,1,2026-01-21 22:11:46+00:00,False,False,never,,,1,1,,,,,0,3
dev_0004372,0,normal,,normal_standard,1,2026-01-06 17:36:54+00:00,False,False,never,,,1,1,,,,,0,2
dev_0004373,0,normal,,normal_standard,1,2026-01-02 15:02:05+00:00,False,False,never,,,1,1,,,,,0,4
dev_0004374,0,normal,,normal_standard,2,2026-01-19 00:22:06+00:00,False,False,never,,,2,2,,,,,0,0
dev_0004375,0,normal,,normal_standard,1,2026-01-25 17:43:15+00:00,False,False,never,,,1,1,,,,,0,1
dev_0004376,0,normal,,normal_standard,2,2026-01-20 11:16:41+00:00,False,False,never,,,2,2,,,,,0,1
dev_0004377,0,normal,,normal_standard,1,2026-01-03 04:11:24+00:00,False,False,never,,,1,1,,,,,0,1
dev_0004379,0,normal,,normal_standard,1,2026-01-30 12:58:29+00:00,False,False,never,,,1,1,,,,,0,0
dev_0004380,0,normal,,normal_standard,2,2026-01-27 11:53:39+00:00,False,False,never,,,2,2,,,,,0,4
dev_0004381,0,normal,,normal_standard,1,2026-01-25 16:45:41+00:00,False,False,never,,,1,1,,,,,0,2
dev_0004382,0,normal,,normal_standard,1,2026-01-03 04:08:36+00:00,False,False,never,,,1,1,,,,,0,1
dev_0004383,0,normal,,normal_standard,2,2026-01-29 00:32:56+00:00,False,False,never,,,2,2,,,,,0,1
dev_0004384,0,normal,,normal_standard,1,2026-01-03 10:48:51+00:00,False,False,never,,,1,1,,,,,0,0
dev_0004385,0,normal,,normal_standard,2,2026-01-25 14:27:30+00:00,False,False,never,,,2,2,,,,,0,4
dev_0004386,0,normal,,normal_standard,1,2026-01-19 12:20:07+00:00,False,False,never,,,1,1,,,,,0,3
dev_0004387,0,normal,,normal_standard,1,2026-01-05 19:15:22+00:00,False,False,never,,,1,1,,,,,0,3
dev_0004388,0,normal,,normal_standard,1,2026-01-23 00:49:39+00:00,False,False,never,,,1,1,,,,,0,1
dev_0004389,0,normal,,normal_standard,1,2026-01-01 10:29:12+00:00,False,False,never,,,1,1,,,,,0,0
dev_0004390,0,normal,,normal_standard,2,2026-01-30 08:25:53+00:00,False,False,never,,,2,2,,,,,0,4
dev_0004391,0,normal,,normal_standard,2,2026-01-18 16:27:37+00:00,False,False,never,,,2,2,,,,,0,0
dev_0004392,0,normal,,normal_standard,1,2026-01-21 20:16:07+00:00,False,False,never,,,1,1,,,,,0,1
dev_0004393,0,normal,,normal_standard,1,2026-01-07 11:01:46+00:00,False,False,never,,,1,1,,,,,0,1
dev_0004394,0,normal,,normal_standard,1,2026-01-03 01:40:47+00:00,False,False,never,,,1,1,,,,,0,4
dev_0004396,0,normal,,normal_standard,1,2026-01-18 00:24:20+00:00,False,False,never,,,1,1,,,,,0,4
dev_0004397,0,normal,,normal_standard,1,2026-01-19 20:48:28+00:00,False,False,never,,,1,1,,,,,0,0
dev_0004398,0,normal,,normal_standard,1,2026-01-14 05:30:58+00:00,False,False,never,,,1,1,,,,,0,0
dev_0004399,0,normal,,normal_standard,1,2026-01-21 02:28:23+00:00,False,False,never,,,1,1,,,,,0,0
dev_0004400,0,normal,,normal_standard,2,2026-01-02 14:57:01+00:00,False,False,never,,,2,2,,,,,0,1
dev_0004401,0,normal,,normal_standard,1,2026-01-02 06:03:42+00:00,False,False,never,,,1,1,,,,,0,4
dev_0004402,0,normal,,normal_standard,1,2026-01-16 09:42:03+00:00,False,False,never,,,1,1,,,,,0,2
dev_0004403,0,normal,,normal_standard,1,2026-01-25 21:23:29+00:00,False,False,never,,,1,1,,,,,0,4
dev_0004404,0,normal,,normal_standard,1,2026-01-21 00:48:23+00:00,False,False,never,,,1,1,,,,,0,1
dev_0004405,0,normal,,normal_standard,1,2026-01-22 15:06:24+00:00,False,False,never,,,1,1,,,,,0,1
dev_0004406,0,normal,,normal_standard,1,2026-01-26 20:55:20+00:00,False,False,never,,,1,1,,,,,0,2
dev_0004407,0,normal,,normal_standard,1,2026-01-22 15:02:34+00:00,False,False,never,,,1,1,,,,,0,3
dev_0004408,0,normal,,normal_standard,1,2026-01-25 04:58:55+00:00,False,False,never,,,1,1,,,,,0,2
dev_0004411,0,normal,,normal_standard,1,2026-01-24 09:14:35+00:00,False,False,never,,,1,1,,,,,0,2
dev_0004412,0,normal,,normal_standard,1,2026-01-26 09:53:25+00:00,False,False,never,,,1,1,,,,,0,3
dev_0004413,0,normal,,normal_standard,1,2026-01-19 04:51:58+00:00,False,False,never,,,1,1,,,,,0,1
dev_0004414,0,normal,,normal_standard,2,2026-01-30 19:22:23+00:00,False,False,never,,,2,2,,,,,0,1
dev_0004415,0,normal,,normal_standard,1,2026-01-25 13:16:58+00:00,False,False,never,,,1,1,,,,,0,3
dev_0004416,0,normal,,normal_standard,1,2026-01-02 11:44:22+00:00,False,False,never,,,1,1,,,,,0,2
dev_0004417,0,normal,,normal_standard,1,2026-01-01 19:28:42+00:00,False,False,never,,,1,1,,,,,0,0
dev_0004418,0,normal,,normal_standard,1,2026-01-16 15:03:21+00:00,False,False,never,,,1,1,,,,,0,3
dev_0004419,0,normal,,normal_standard,3,2026-01-03 17:03:46+00:00,False,False,never,,,3,3,,,,,0,4
dev_0004420,0,normal,,normal_standard,1,2026-01-21 23:19:27+00:00,False,False,never,,,1,1,,,,,0,0
dev_0004421,0,normal,,normal_standard,2,2026-01-07 19:09:53+00:00,False,False,never,,,2,2,,,,,0,4
dev_0004423,0,normal,,normal_standard,1,2026-01-08 17:27:37+00:00,False,False,never,,,1,1,,,,,0,4
dev_0004424,0,normal,,normal_standard,3,2026-01-24 09:36:15+00:00,False,False,never,,,3,3,,,,,0,4
dev_0004425,0,normal,,normal_standard,1,2026-01-22 12:41:50+00:00,False,False,never,,,1,1,,,,,0,4
dev_0004426,0,normal,,normal_standard,2,2026-01-02 15:48:55+00:00,False,False,never,,,2,2,,,,,0,2
dev_0004428,0,normal,,normal_standard,1,2026-01-03 11:18:51+00:00,False,False,never,,,1,1,,,,,0,0
dev_0004429,0,normal,,normal_standard,1,2026-01-06 17:00:22+00:00,False,False,never,,,1,1,,,,,0,0
dev_0004430,0,normal,,normal_standard,1,2026-01-08 18:04:47+00:00,False,False,never,,,1,1,,,,,0,3
dev_0004432,0,normal,,normal_standard,1,2026-01-10 19:55:44+00:00,False,False,never,,,1,1,,,,,0,2
dev_0004433,0,normal,,normal_standard,1,2026-01-19 18:42:54+00:00,False,False,never,,,1,1,,,,,0,2
dev_0004434,0,normal,,normal_standard,1,2026-01-20 16:24:10+00:00,False,False,never,,,1,1,,,,,0,2
dev_0004436,0,normal,,normal_standard,1,2026-01-17 21:18:57+00:00,False,False,never,,,1,1,,,,,0,2
dev_0004437,0,normal,,normal_standard,1,2026-01-19 00:28:35+00:00,False,False,never,,,1,1,,,,,0,3
dev_0004438,0,normal,,normal_standard,1,2026-01-23 02:23:45+00:00,False,False,never,,,1,1,,,,,0,3
dev_0004439,0,normal,,normal_standard,1,2026-01-14 07:40:22+00:00,False,False,never,,,1,1,,,,,0,2
dev_0004441,0,normal,,normal_standard,1,2026-01-08 02:52:09+00:00,False,False,never,,,1,1,,,,,0,4
dev_0004442,0,normal,,normal_standard,1,2026-01-16 07:17:27+00:00,False,False,never,,,1,1,,,,,0,1
dev_0004443,0,normal,,normal_standard,1,2026-01-26 23:33:53+00:00,False,False,never,,,1,1,,,,,0,4
dev_0004444,0,normal,,normal_standard,2,2026-01-28 05:42:21+00:00,False,False,never,,,2,2,,,,,0,4
dev_0004445,0,normal,,normal_standard,2,2026-01-06 08:19:04+00:00,False,False,never,,,2,2,,,,,0,2
dev_0004446,0,normal,,normal_standard,1,2026-01-17 12:19:39+00:00,False,False,never,,,1,1,,,,,0,1
dev_0004447,0,normal,,normal_standard,2,2026-01-17 10:01:51+00:00,False,False,never,,,2,2,,,,,0,3
dev_0004448,0,normal,,normal_standard,1,2026-01-09 03:02:38+00:00,False,False,never,,,1,1,,,,,0,4
dev_0004449,0,normal,,normal_standard,1,2026-01-12 12:58:29+00:00,False,False,never,,,1,1,,,,,0,3
dev_0004450,0,normal,,normal_standard,1,2026-01-07 01:35:00+00:00,False,False,never,,,1,1,,,,,0,0
dev_0004452,0,normal,,normal_standard,1,2026-01-11 21:26:03+00:00,False,False,never,,,1,1,,,,,0,2
dev_0004454,0,normal,,normal_standard,2,2026-01-02 08:47:25+00:00,False,False,never,,,2,2,,,,,0,4
dev_0004455,0,normal,,normal_standard,1,2026-01-11 14:48:39+00:00,False,False,never,,,1,1,,,,,0,4
dev_0004457,0,normal,,normal_standard,1,2026-01-04 19:57:08+00:00,False,False,never,,,1,1,,,,,0,2
dev_0004458,0,normal,,normal_standard,3,2026-01-29 07:09:57+00:00,False,False,never,,,3,3,,,,,0,3
dev_0004459,0,normal,,normal_standard,1,2026-01-30 21:59:48+00:00,False,False,never,,,1,1,,,,,0,3
dev_0004460,0,normal,,normal_standard,2,2026-01-01 12:29:51+00:00,False,False,never,,,2,2,,,,,0,2
dev_0004462,0,normal,,normal_standard,1,2026-01-25 15:47:43+00:00,False,False,never,,,1,1,,,,,0,4
dev_0004463,0,normal,,normal_standard,2,2026-01-05 10:49:27+00:00,False,False,never,,,2,2,,,,,0,1
dev_0004464,0,normal,,normal_standard,2,2026-01-25 08:36:20+00:00,False,False,never,,,2,2,,,,,0,4
dev_0004465,0,normal,,normal_standard,1,2026-01-12 02:32:59+00:00,False,False,never,,,1,1,,,,,0,0
dev_0004466,0,normal,,normal_standard,1,2026-01-02 16:07:08+00:00,False,False,never,,,1,1,,,,,0,1
dev_0004467,0,normal,,normal_standard,1,2026-01-29 21:02:38+00:00,False,False,never,,,1,1,,,,,0,3
dev_0004468,0,normal,,normal_standard,1,2026-01-12 21:09:21+00:00,False,False,never,,,1,1,,,,,0,2
dev_0004469,0,normal,,normal_standard,1,2026-01-27 05:54:43+00:00,False,False,never,,,1,1,,,,,0,4
dev_0004470,0,normal,,normal_standard,3,2026-01-07 00:52:44+00:00,False,False,never,,,3,3,,,,,0,2
dev_0004472,0,normal,,normal_standard,1,2026-01-07 20:28:45+00:00,False,False,never,,,1,1,,,,,0,1
dev_0004473,0,normal,,normal_standard,1,2026-01-09 07:19:08+00:00,False,False,never,,,1,1,,,,,0,3
dev_0004474,0,normal,,normal_standard,2,2026-01-24 13:08:53+00:00,False,False,never,,,2,2,,,,,0,0
dev_0004477,0,normal,,normal_standard,1,2026-01-22 01:40:36+00:00,False,False,never,,,1,1,,,,,0,2
dev_0004478,0,normal,,normal_standard,1,2026-01-09 20:44:22+00:00,False,False,never,,,1,1,,,,,0,1
dev_0004479,0,normal,,normal_standard,1,2026-01-25 13:49:41+00:00,False,False,never,,,1,1,,,,,0,4
dev_0004481,0,normal,,normal_standard,1,2026-01-28 12:13:27+00:00,False,False,never,,,1,1,,,,,0,2
dev_0004482,0,normal,,normal_standard,1,2026-01-08 05:29:42+00:00,False,False,never,,,1,1,,,,,0,2
dev_0004484,0,normal,,normal_standard,1,2026-01-24 12:04:54+00:00,False,False,never,,,1,1,,,,,0,1
dev_0004485,0,normal,,normal_standard,1,2026-01-22 12:32:36+00:00,False,False,never,,,1,1,,,,,0,1
dev_0004486,0,normal,,normal_standard,1,2026-01-27 14:10:42+00:00,False,False,never,,,1,1,,,,,0,3
dev_0004487,0,normal,,normal_standard,1,2026-01-16 15:53:30+00:00,False,False,never,,,1,1,,,,,0,1
dev_0004488,0,normal,,normal_standard,1,2026-01-24 04:17:05+00:00,False,False,never,,,1,1,,,,,0,2
dev_0004490,0,normal,,normal_standard,1,2026-01-13 12:41:17+00:00,False,False,never,,,1,1,,,,,0,1
dev_0004492,0,normal,,normal_standard,1,2026-01-28 04:56:48+00:00,False,False,never,,,1,1,,,,,0,2
dev_0004493,0,normal,,normal_standard,3,2026-01-10 01:34:51+00:00,False,False,never,,,3,3,,,,,0,0
dev_0004494,0,normal,,normal_standard,1,2026-01-03 01:50:07+00:00,False,False,never,,,1,1,,,,,0,3
dev_0004495,0,normal,,normal_standard,1,2026-01-14 09:36:51+00:00,False,False,never,,,1,1,,,,,0,1
dev_0004496,0,normal,,normal_standard,1,2026-01-11 21:36:47+00:00,False,False,never,,,1,1,,,,,0,2
dev_0004497,0,normal,,normal_standard,1,2026-01-11 23:02:24+00:00,False,False,never,,,1,1,,,,,0,0
dev_0004498,0,normal,,normal_standard,1,2026-01-16 18:38:34+00:00,False,False,never,,,1,1,,,,,0,3
dev_0004499,0,normal,,normal_standard,1,2026-01-06 03:31:10+00:00,False,False,never,,,1,1,,,,,0,2
dev_0004500,0,normal,,normal_standard,1,2026-01-09 21:10:31+00:00,False,False,never,,,1,1,,,,,0,0
dev_0004502,0,normal,,normal_standard,1,2026-01-25 07:03:38+00:00,False,False,never,,,1,1,,,,,0,3
dev_0004503,0,normal,,normal_standard,1,2026-01-05 20:25:59+00:00,False,False,never,,,1,1,,,,,0,1
dev_0004504,0,normal,,normal_standard,2,2026-01-29 10:04:04+00:00,False,False,never,,,2,2,,,,,0,1
dev_0004507,0,normal,,normal_standard,1,2026-01-24 13:09:14+00:00,False,False,never,,,1,1,,,,,0,0
dev_0004509,0,normal,,normal_standard,1,2026-01-29 17:26:44+00:00,False,False,never,,,1,1,,,,,0,3
dev_0004510,0,normal,,normal_standard,1,2026-01-24 12:26:28+00:00,False,False,never,,,1,1,,,,,0,2
dev_0004511,0,normal,,normal_standard,1,2026-01-21 06:41:13+00:00,False,False,never,,,1,1,,,,,0,4
dev_0004512,0,normal,,normal_standard,1,2026-01-29 23:22:46+00:00,False,False,never,,,1,1,,,,,0,0
dev_0004513,0,normal,,normal_standard,1,2026-01-29 03:38:40+00:00,False,False,never,,,1,1,,,,,0,4
dev_0004514,0,normal,,normal_standard,1,2026-01-02 08:59:28+00:00,False,False,never,,,1,1,,,,,0,2
dev_0004515,0,normal,,normal_standard,1,2026-01-26 22:20:43+00:00,False,False,never,,,1,1,,,,,0,3
dev_0004516,0,normal,,normal_standard,1,2026-01-06 18:50:42+00:00,False,False,never,,,1,1,,,,,0,3
dev_0004518,0,normal,,normal_standard,1,2026-01-23 23:32:01+00:00,False,False,never,,,1,1,,,,,0,1
dev_0004519,0,normal,,normal_standard,1,2026-01-14 15:26:43+00:00,False,False,never,,,1,1,,,,,0,0
dev_0004520,0,normal,,normal_standard,1,2026-01-27 09:20:46+00:00,False,False,never,,,1,1,,,,,0,3
dev_0004523,0,normal,,normal_standard,2,2026-01-24 17:47:49+00:00,False,False,never,,,2,2,,,,,0,4
dev_0004524,0,normal,,normal_standard,1,2026-01-09 02:03:21+00:00,False,False,never,,,1,1,,,,,0,0
dev_0004525,0,normal,,normal_standard,1,2026-01-14 06:33:53+00:00,False,False,never,,,1,1,,,,,0,2
dev_0004526,0,normal,,normal_standard,1,2026-01-30 02:28:46+00:00,False,False,never,,,1,1,,,,,0,0
dev_0004527,0,normal,,normal_standard,1,2026-01-30 00:21:48+00:00,False,False,never,,,1,1,,,,,0,2
dev_0004528,0,normal,,normal_standard,3,2026-01-30 17:59:45+00:00,False,False,never,,,3,3,,,,,0,3
dev_0004530,0,normal,,normal_standard,3,2026-01-10 21:56:49+00:00,False,False,never,,,3,3,,,,,0,0
dev_0004531,0,normal,,normal_standard,1,2026-01-18 11:38:20+00:00,False,False,never,,,1,1,,,,,0,1
dev_0004532,0,normal,,normal_standard,1,2026-01-27 10:55:59+00:00,False,False,never,,,1,1,,,,,0,3
dev_0004533,0,normal,,normal_standard,1,2026-01-18 23:47:38+00:00,False,False,never,,,1,1,,,,,0,1
dev_0004534,0,normal,,normal_standard,1,2026-01-18 03:48:38+00:00,False,False,never,,,1,1,,,,,0,0
dev_0004535,0,normal,,normal_standard,1,2026-01-04 19:06:13+00:00,False,False,never,,,1,1,,,,,0,3
dev_0004536,0,normal,,normal_standard,1,2026-01-09 06:34:51+00:00,False,False,never,,,1,1,,,,,0,4
dev_0004537,0,normal,,normal_standard,2,2026-01-08 04:39:04+00:00,False,False,never,,,2,2,,,,,0,3
dev_0004538,0,normal,,normal_standard,1,2026-01-05 03:39:16+00:00,False,False,never,,,1,1,,,,,0,2
dev_0004539,0,normal,,normal_standard,1,2026-01-19 17:19:57+00:00,False,False,never,,,1,1,,,,,0,3
dev_0004540,0,normal,,normal_standard,2,2026-01-10 08:57:40+00:00,False,False,never,,,2,2,,,,,0,1
dev_0004541,0,normal,,normal_standard,2,2026-01-15 16:34:54+00:00,False,False,never,,,2,2,,,,,0,1
dev_0004542,0,normal,,normal_standard,3,2026-01-18 21:10:15+00:00,False,False,never,,,3,3,,,,,0,4
dev_0004543,0,normal,,normal_standard,1,2026-01-17 19:02:02+00:00,False,False,never,,,1,1,,,,,0,3
dev_0004544,0,normal,,normal_standard,1,2026-01-13 02:48:36+00:00,False,False,never,,,1,1,,,,,0,2
dev_0004545,0,normal,,normal_standard,1,2026-01-05 06:09:48+00:00,False,False,never,,,1,1,,,,,0,0
dev_0004546,0,normal,,normal_standard,1,2026-01-19 13:59:20+00:00,False,False,never,,,1,1,,,,,0,4
dev_0004547,0,normal,,normal_standard,1,2026-01-07 17:32:02+00:00,False,False,never,,,1,1,,,,,0,3
dev_0004549,0,normal,,normal_standard,1,2026-01-24 12:22:37+00:00,False,False,never,,,1,1,,,,,0,3
dev_0004550,0,normal,,normal_standard,2,2026-01-19 15:30:23+00:00,False,False,never,,,2,2,,,,,0,4
dev_0004551,0,normal,,normal_standard,1,2026-01-06 13:42:31+00:00,False,False,never,,,1,1,,,,,0,0
dev_0004552,0,normal,,normal_standard,2,2026-01-03 20:22:29+00:00,False,False,never,,,2,2,,,,,0,1
dev_0004553,0,normal,,normal_standard,1,2026-01-06 10:22:43+00:00,False,False,never,,,1,1,,,,,0,1
dev_0004554,0,normal,,normal_standard,1,2026-01-27 20:56:43+00:00,False,False,never,,,1,1,,,,,0,3
dev_0004555,0,normal,,normal_standard,2,2026-01-20 08:58:43+00:00,False,False,never,,,2,2,,,,,0,1
dev_0004556,0,normal,,normal_standard,2,2026-01-17 01:19:26+00:00,False,False,never,,,2,2,,,,,0,2
dev_0004557,0,normal,,normal_standard,1,2026-01-04 09:25:35+00:00,False,False,never,,,1,1,,,,,0,2
dev_0004559,0,normal,,normal_standard,1,2026-01-25 13:48:10+00:00,False,False,never,,,1,1,,,,,0,4
dev_0004560,0,normal,,normal_standard,1,2026-01-23 08:15:34+00:00,False,False,never,,,1,1,,,,,0,1
dev_0004561,0,normal,,normal_standard,1,2026-01-26 10:19:00+00:00,False,False,never,,,1,1,,,,,0,0
dev_0004563,0,normal,,normal_standard,1,2026-01-08 17:53:00+00:00,False,False,never,,,1,1,,,,,0,1
dev_0004564,0,normal,,normal_standard,1,2026-01-02 17:52:02+00:00,False,False,never,,,1,1,,,,,0,3
dev_0004567,0,normal,,normal_standard,1,2026-01-22 08:28:45+00:00,False,False,never,,,1,1,,,,,0,4
dev_0004568,0,normal,,normal_standard,2,2026-01-12 10:10:38+00:00,False,False,never,,,2,2,,,,,0,2
dev_0004569,0,normal,,normal_standard,1,2026-01-22 03:59:32+00:00,False,False,never,,,1,1,,,,,0,3
dev_0004571,0,normal,,normal_standard,1,2026-01-07 02:49:43+00:00,False,False,never,,,1,1,,,,,0,4
dev_0004575,0,normal,,normal_standard,1,2026-01-09 19:33:55+00:00,False,False,never,,,1,1,,,,,0,1
dev_0004576,0,normal,,normal_standard,1,2026-01-19 01:15:53+00:00,False,False,never,,,1,1,,,,,0,4
dev_0004577,0,normal,,normal_standard,1,2026-01-26 20:05:58+00:00,False,False,never,,,1,1,,,,,0,3
dev_0004578,0,normal,,normal_standard,1,2026-01-08 04:52:58+00:00,False,False,never,,,1,1,,,,,0,4
dev_0004579,0,normal,,normal_standard,2,2026-01-01 04:01:33+00:00,False,False,never,,,2,2,,,,,0,0
dev_0004581,0,normal,,normal_standard,2,2026-01-01 06:13:12+00:00,False,False,never,,,2,2,,,,,0,0
dev_0004582,0,normal,,normal_standard,2,2026-01-17 06:39:32+00:00,False,False,never,,,2,2,,,,,0,0
dev_0004583,0,normal,,normal_standard,1,2026-01-09 20:48:53+00:00,False,False,never,,,1,1,,,,,0,4
dev_0004585,0,normal,,normal_standard,1,2026-01-03 09:34:49+00:00,False,False,never,,,1,1,,,,,0,3
dev_0004590,0,normal,,normal_standard,1,2026-01-29 05:33:44+00:00,False,False,never,,,1,1,,,,,0,0
dev_0004591,0,normal,,normal_standard,1,2026-01-10 03:55:58+00:00,False,False,never,,,1,1,,,,,0,4
dev_0004593,0,normal,,normal_standard,1,2026-01-22 20:36:27+00:00,False,False,never,,,1,1,,,,,0,0
dev_0004594,0,normal,,normal_standard,1,2026-01-15 04:23:29+00:00,False,False,never,,,1,1,,,,,0,4
dev_0004595,0,normal,,normal_standard,1,2026-01-14 02:24:31+00:00,False,False,never,,,1,1,,,,,0,3
dev_0004596,0,normal,,normal_standard,1,2026-01-03 02:02:30+00:00,False,False,never,,,1,1,,,,,0,3
dev_0004599,0,normal,,normal_standard,1,2026-01-27 08:32:22+00:00,False,False,never,,,1,1,,,,,0,0
dev_0004600,0,normal,,normal_standard,2,2026-01-15 12:29:12+00:00,False,False,never,,,2,2,,,,,0,0
dev_0004601,0,normal,,normal_standard,1,2026-01-24 15:54:44+00:00,False,False,never,,,1,1,,,,,0,4
dev_0004602,0,normal,,normal_standard,2,2026-01-30 02:08:01+00:00,False,False,never,,,2,2,,,,,0,0
dev_0004603,0,normal,,normal_standard,1,2026-01-14 06:28:14+00:00,False,False,never,,,1,1,,,,,0,4
dev_0004604,0,normal,,normal_standard,2,2026-01-13 02:51:37+00:00,False,False,never,,,2,2,,,,,0,4
dev_0004605,0,normal,,normal_standard,1,2026-01-05 02:39:40+00:00,False,False,never,,,1,1,,,,,0,2
dev_0004607,0,normal,,normal_standard,1,2026-01-09 06:45:38+00:00,False,False,never,,,1,1,,,,,0,2
dev_0004608,0,normal,,normal_standard,1,2026-01-09 02:55:54+00:00,False,False,never,,,1,1,,,,,0,0
dev_0004609,0,normal,,normal_standard,2,2026-01-07 01:39:22+00:00,False,False,never,,,2,2,,,,,0,3
dev_0004610,0,normal,,normal_standard,1,2026-01-23 23:57:29+00:00,False,False,never,,,1,1,,,,,0,3
dev_0004611,0,normal,,normal_standard,1,2026-01-05 11:58:02+00:00,False,False,never,,,1,1,,,,,0,4
dev_0004613,0,normal,,normal_standard,1,2026-01-25 14:09:25+00:00,False,False,never,,,1,1,,,,,0,0
dev_0004614,0,normal,,normal_standard,1,2026-01-01 20:59:22+00:00,False,False,never,,,1,1,,,,,0,1
dev_0004615,0,normal,,normal_standard,1,2026-01-13 12:29:05+00:00,False,False,never,,,1,1,,,,,0,2
dev_0004619,0,normal,,normal_standard,3,2026-01-21 22:20:34+00:00,False,False,never,,,3,3,,,,,0,2
dev_0004620,0,normal,,normal_standard,4,2026-01-01 13:05:30+00:00,False,False,never,,,4,4,,,,,0,2
dev_0004622,0,normal,,normal_standard,1,2026-01-17 19:21:58+00:00,False,False,never,,,1,1,,,,,0,0
dev_0004624,0,normal,,normal_standard,1,2026-01-01 07:33:50+00:00,False,False,never,,,1,1,,,,,0,3
dev_0004628,0,normal,,normal_standard,1,2026-01-19 11:48:33+00:00,False,False,never,,,1,1,,,,,0,4
dev_0004630,0,normal,,normal_standard,1,2026-01-24 22:01:46+00:00,False,False,never,,,1,1,,,,,0,3
dev_0004631,0,normal,,normal_standard,2,2026-01-08 03:57:08+00:00,False,False,never,,,2,2,,,,,0,4
dev_0004632,0,normal,,normal_standard,1,2026-01-14 21:47:40+00:00,False,False,never,,,1,1,,,,,0,1
dev_0004633,0,normal,,normal_standard,1,2026-01-06 15:46:46+00:00,False,False,never,,,1,1,,,,,0,2
dev_0004634,0,normal,,normal_standard,1,2026-01-24 02:12:46+00:00,False,False,never,,,1,1,,,,,0,2
dev_0004635,0,normal,,normal_standard,1,2026-01-11 20:19:32+00:00,False,False,never,,,1,1,,,,,0,1
dev_0004636,0,normal,,normal_standard,1,2026-01-19 01:05:43+00:00,False,False,never,,,1,1,,,,,0,3
dev_0004637,0,normal,,normal_standard,1,2026-01-10 22:10:35+00:00,False,False,never,,,1,1,,,,,0,4
dev_0004638,0,normal,,normal_standard,1,2026-01-03 14:40:31+00:00,False,False,never,,,1,1,,,,,0,4
dev_0004639,0,normal,,normal_standard,1,2026-01-16 11:28:30+00:00,False,False,never,,,1,1,,,,,0,4
dev_0004640,0,normal,,normal_standard,2,2026-01-03 13:22:46+00:00,False,False,never,,,2,2,,,,,0,1
dev_0004641,0,normal,,normal_standard,2,2026-01-10 00:38:48+00:00,False,False,never,,,2,2,,,,,0,4
dev_0004645,0,normal,,normal_standard,1,2026-01-24 20:40:37+00:00,False,False,never,,,1,1,,,,,0,4
dev_0004646,0,normal,,normal_standard,2,2026-01-15 15:06:57+00:00,False,False,never,,,2,2,,,,,0,4
dev_0004647,0,normal,,normal_standard,2,2026-01-26 19:55:21+00:00,False,False,never,,,2,2,,,,,0,3
dev_0004648,0,normal,,normal_standard,1,2026-01-02 01:57:35+00:00,False,False,never,,,1,1,,,,,0,3
dev_0004649,0,normal,,normal_standard,1,2026-01-21 03:01:07+00:00,False,False,never,,,1,1,,,,,0,3
dev_0004650,0,normal,,normal_standard,1,2026-01-27 17:55:37+00:00,False,False,never,,,1,1,,,,,0,0
dev_0004651,0,normal,,normal_standard,1,2026-01-24 12:50:30+00:00,False,False,never,,,1,1,,,,,0,2
dev_0004652,0,normal,,normal_standard,1,2026-01-03 13:55:04+00:00,False,False,never,,,1,1,,,,,0,2
dev_0004653,0,normal,,normal_standard,1,2026-01-30 20:56:37+00:00,False,False,never,,,1,1,,,,,0,4
dev_0004655,0,normal,,normal_standard,1,2026-01-05 20:44:20+00:00,False,False,never,,,1,1,,,,,0,3
dev_0004656,0,normal,,normal_standard,1,2026-01-26 06:12:05+00:00,False,False,never,,,1,1,,,,,0,0
dev_0004658,0,normal,,normal_standard,2,2026-01-19 17:31:41+00:00,False,False,never,,,2,2,,,,,0,4
dev_0004659,0,normal,,normal_standard,4,2026-01-28 13:22:44+00:00,False,False,never,,,4,4,,,,,0,2
dev_0004660,0,normal,,normal_standard,1,2026-01-03 03:27:53+00:00,False,False,never,,,1,1,,,,,0,0
dev_0004662,0,normal,,normal_standard,1,2026-01-23 19:12:58+00:00,False,False,never,,,1,1,,,,,0,1
dev_0004665,0,normal,,normal_standard,1,2026-01-15 12:36:39+00:00,False,False,never,,,1,1,,,,,0,2
dev_0004666,0,normal,,normal_standard,1,2026-01-23 15:55:14+00:00,False,False,never,,,1,1,,,,,0,4
dev_0004667,0,normal,,normal_standard,1,2026-01-28 11:17:05+00:00,False,False,never,,,1,1,,,,,0,4
dev_0004668,0,normal,,normal_standard,1,2026-01-09 09:07:53+00:00,False,False,never,,,1,1,,,,,0,1
dev_0004669,0,normal,,normal_standard,3,2026-01-21 15:45:20+00:00,False,False,never,,,3,3,,,,,0,1
dev_0004670,0,normal,,normal_standard,1,2026-01-12 02:43:30+00:00,False,False,never,,,1,1,,,,,0,2
dev_0004671,0,normal,,normal_standard,1,2026-01-27 04:39:49+00:00,False,False,never,,,1,1,,,,,0,2
dev_0004672,0,normal,,normal_standard,1,2026-01-03 10:14:50+00:00,False,False,never,,,1,1,,,,,0,4
dev_0004673,0,normal,,normal_standard,1,2026-01-09 23:32:42+00:00,False,False,never,,,1,1,,,,,0,1
dev_0004674,0,normal,,normal_standard,1,2026-01-11 13:09:20+00:00,False,False,never,,,1,1,,,,,0,2
dev_0004675,0,normal,,normal_standard,1,2026-01-17 02:27:30+00:00,False,False,never,,,1,1,,,,,0,0
dev_0004676,0,normal,,normal_standard,1,2026-01-02 00:09:11+00:00,False,False,never,,,1,1,,,,,0,3
dev_0004677,0,normal,,normal_standard,2,2026-01-07 16:59:32+00:00,False,False,never,,,2,2,,,,,0,4
dev_0004678,0,normal,,normal_standard,1,2026-01-02 09:41:29+00:00,False,False,never,,,1,1,,,,,0,2
dev_0004679,0,normal,,normal_standard,2,2026-01-09 17:12:46+00:00,False,False,never,,,2,2,,,,,0,4
dev_0004680,0,normal,,normal_standard,1,2026-01-10 09:20:08+00:00,False,False,never,,,1,1,,,,,0,1
dev_0004682,0,normal,,normal_standard,1,2026-01-08 06:12:37+00:00,False,False,never,,,1,1,,,,,0,2
dev_0004684,0,normal,,normal_standard,2,2026-01-01 10:45:54+00:00,False,False,never,,,2,2,,,,,0,4
dev_0004686,0,normal,,normal_standard,2,2026-01-19 03:22:45+00:00,False,False,never,,,2,2,,,,,0,4
dev_0004687,0,normal,,normal_standard,1,2026-01-06 12:26:07+00:00,False,False,never,,,1,1,,,,,0,0
dev_0004688,0,normal,,normal_standard,1,2026-01-19 06:42:09+00:00,False,False,never,,,1,1,,,,,0,2
dev_0004689,0,normal,,normal_standard,1,2026-01-27 05:08:37+00:00,False,False,never,,,1,1,,,,,0,1
dev_0004690,0,normal,,normal_standard,1,2026-01-06 20:03:33+00:00,False,False,never,,,1,1,,,,,0,3
dev_0004691,0,normal,,normal_standard,1,2026-01-17 12:19:54+00:00,False,False,never,,,1,1,,,,,0,2
dev_0004692,0,normal,,normal_standard,1,2026-01-24 21:46:39+00:00,False,False,never,,,1,1,,,,,0,4
dev_0004695,0,normal,,normal_standard,1,2026-01-11 07:20:36+00:00,False,False,never,,,1,1,,,,,0,2
dev_0004696,0,normal,,normal_standard,1,2026-01-26 14:18:13+00:00,False,False,never,,,1,1,,,,,0,1
dev_0004697,0,normal,,normal_standard,3,2026-01-21 08:52:35+00:00,False,False,never,,,3,3,,,,,0,2
dev_0004699,0,normal,,normal_standard,1,2026-01-08 02:55:48+00:00,False,False,never,,,1,1,,,,,0,4
dev_0004700,0,normal,,normal_standard,1,2026-01-08 04:54:49+00:00,False,False,never,,,1,1,,,,,0,4
dev_0004701,0,normal,,normal_standard,1,2026-01-13 19:10:57+00:00,False,False,never,,,1,1,,,,,0,1
dev_0004702,0,normal,,normal_standard,1,2026-01-29 08:38:43+00:00,False,False,never,,,1,1,,,,,0,4
dev_0004703,0,normal,,normal_standard,1,2026-01-06 08:16:36+00:00,False,False,never,,,1,1,,,,,0,2
dev_0004704,0,normal,,normal_standard,2,2026-01-18 10:27:09+00:00,False,False,never,,,2,2,,,,,0,2
dev_0004705,0,normal,,normal_standard,2,2026-01-29 22:08:41+00:00,False,False,never,,,2,2,,,,,0,4
dev_0004706,0,normal,,normal_standard,1,2026-01-18 16:45:32+00:00,False,False,never,,,1,1,,,,,0,4
dev_0004708,0,normal,,normal_standard,1,2026-01-12 06:51:36+00:00,False,False,never,,,1,1,,,,,0,4
dev_0004709,0,normal,,normal_standard,1,2026-01-21 13:22:43+00:00,False,False,never,,,1,1,,,,,0,2
dev_0004710,0,normal,,normal_standard,1,2026-01-07 19:20:31+00:00,False,False,never,,,1,1,,,,,0,4
dev_0004712,0,normal,,normal_standard,3,2026-01-30 22:33:00+00:00,False,False,never,,,3,3,,,,,0,1
dev_0004713,0,normal,,normal_standard,2,2026-01-25 00:00:00+00:00,False,False,never,,,2,2,,,,,0,2
dev_0004716,0,normal,,normal_standard,1,2026-01-17 19:23:11+00:00,False,False,never,,,1,1,,,,,0,0
dev_0004717,0,normal,,normal_standard,1,2026-01-02 00:22:45+00:00,False,False,never,,,1,1,,,,,0,0
dev_0004718,0,normal,,normal_standard,1,2026-01-24 06:58:00+00:00,False,False,never,,,1,1,,,,,0,3
dev_0004719,0,normal,,normal_standard,1,2026-01-13 11:36:35+00:00,False,False,never,,,1,1,,,,,0,0
dev_0004720,0,normal,,normal_standard,1,2026-01-01 13:55:57+00:00,False,False,never,,,1,1,,,,,0,0
dev_0004721,0,normal,,normal_standard,2,2026-01-16 14:31:45+00:00,False,False,never,,,2,2,,,,,0,0
dev_0004723,0,normal,,normal_standard,1,2026-01-01 04:11:59+00:00,False,False,never,,,1,1,,,,,0,4
dev_0004724,0,normal,,normal_standard,2,2026-01-05 16:01:34+00:00,False,False,never,,,2,2,,,,,0,1
dev_0004725,0,normal,,normal_standard,1,2026-01-02 11:33:50+00:00,False,False,never,,,1,1,,,,,0,4
dev_0004726,0,normal,,normal_standard,1,2026-01-21 19:21:55+00:00,False,False,never,,,1,1,,,,,0,0
dev_0004728,0,normal,,normal_standard,2,2026-01-16 13:18:49+00:00,False,False,never,,,2,2,,,,,0,1
dev_0004729,0,normal,,normal_standard,2,2026-01-27 13:58:19+00:00,False,False,never,,,2,2,,,,,0,0
dev_0004730,0,normal,,normal_standard,1,2026-01-19 18:18:32+00:00,False,False,never,,,1,1,,,,,0,3
dev_0004731,0,normal,,normal_standard,1,2026-01-22 19:40:38+00:00,False,False,never,,,1,1,,,,,0,4
dev_0004732,0,normal,,normal_standard,1,2026-01-26 09:19:48+00:00,False,False,never,,,1,1,,,,,0,1
dev_0004733,0,normal,,normal_standard,1,2026-01-23 06:15:03+00:00,False,False,never,,,1,1,,,,,0,1
dev_0004734,0,normal,,normal_standard,1,2026-01-18 19:33:23+00:00,False,False,never,,,1,1,,,,,0,0
dev_0004735,0,normal,,normal_standard,1,2026-01-19 12:51:40+00:00,False,False,never,,,1,1,,,,,0,4
dev_0004736,0,normal,,normal_standard,1,2026-01-06 12:47:00+00:00,False,False,never,,,1,1,,,,,0,1
dev_0004737,0,normal,,normal_standard,2,2026-01-21 19:41:05+00:00,False,False,never,,,2,2,,,,,0,2
dev_0004739,0,normal,,normal_standard,1,2026-01-14 08:57:27+00:00,False,False,never,,,1,1,,,,,0,4
dev_0004740,0,normal,,normal_standard,1,2026-01-03 18:11:57+00:00,False,False,never,,,1,1,,,,,0,0
dev_0004741,0,normal,,normal_standard,1,2026-01-20 10:52:44+00:00,False,False,never,,,1,1,,,,,0,2
dev_0004743,0,normal,,normal_standard,1,2026-01-25 14:13:20+00:00,False,False,never,,,1,1,,,,,0,1
dev_0004744,0,normal,,normal_standard,2,2026-01-02 21:53:21+00:00,False,False,never,,,2,2,,,,,0,3
dev_0004746,0,normal,,normal_standard,1,2026-01-20 04:12:46+00:00,False,False,never,,,1,1,,,,,0,4
dev_0004747,0,normal,,normal_standard,1,2026-01-06 14:10:02+00:00,False,False,never,,,1,1,,,,,0,3
dev_0004748,0,normal,,normal_standard,1,2026-01-10 13:37:40+00:00,False,False,never,,,1,1,,,,,0,3
dev_0004749,0,normal,,normal_standard,1,2026-01-15 11:08:57+00:00,False,False,never,,,1,1,,,,,0,0
dev_0004750,0,normal,,normal_standard,1,2026-01-05 16:40:30+00:00,False,False,never,,,1,1,,,,,0,0
dev_0004752,0,normal,,normal_standard,1,2026-01-21 19:59:22+00:00,False,False,never,,,1,1,,,,,0,4
dev_0004753,0,normal,,normal_standard,1,2026-01-23 11:09:42+00:00,False,False,never,,,1,1,,,,,0,4
dev_0004754,0,normal,,normal_standard,1,2026-01-28 12:43:24+00:00,False,False,never,,,1,1,,,,,0,4
dev_0004755,0,normal,,normal_standard,1,2026-01-15 09:02:31+00:00,False,False,never,,,1,1,,,,,0,4
dev_0004756,0,normal,,normal_standard,2,2026-01-09 18:08:38+00:00,False,False,never,,,2,2,,,,,0,3
dev_0004757,0,normal,,normal_standard,1,2026-01-01 19:22:09+00:00,False,False,never,,,1,1,,,,,0,0
dev_0004758,0,normal,,normal_standard,1,2026-01-06 18:22:38+00:00,False,False,never,,,1,1,,,,,0,4
dev_0004759,0,normal,,normal_standard,2,2026-01-14 09:07:47+00:00,False,False,never,,,2,2,,,,,0,1
dev_0004761,0,normal,,normal_standard,1,2026-01-02 15:00:25+00:00,False,False,never,,,1,1,,,,,0,3
dev_0004763,0,normal,,normal_standard,1,2026-01-22 19:58:29+00:00,False,False,never,,,1,1,,,,,0,3
dev_0004766,0,normal,,normal_standard,1,2026-01-17 20:40:08+00:00,False,False,never,,,1,1,,,,,0,2
dev_0004767,0,normal,,normal_standard,1,2026-01-18 00:32:42+00:00,False,False,never,,,1,1,,,,,0,3
dev_0004769,0,normal,,normal_standard,1,2026-01-03 14:44:55+00:00,False,False,never,,,1,1,,,,,0,4
dev_0004770,0,normal,,normal_standard,1,2026-01-03 04:53:08+00:00,False,False,never,,,1,1,,,,,0,1
dev_0004771,0,normal,,normal_standard,1,2026-01-10 08:57:06+00:00,False,False,never,,,1,1,,,,,0,3
dev_0004772,0,normal,,normal_standard,1,2026-01-19 10:54:27+00:00,False,False,never,,,1,1,,,,,0,4
dev_0004773,0,normal,,normal_standard,1,2026-01-27 06:42:38+00:00,False,False,never,,,1,1,,,,,0,2
dev_0004776,0,normal,,normal_standard,1,2026-01-06 03:44:19+00:00,False,False,never,,,1,1,,,,,0,4
dev_0004777,0,normal,,normal_standard,1,2026-01-27 01:45:57+00:00,False,False,never,,,1,1,,,,,0,3
dev_0004778,0,normal,,normal_standard,1,2026-01-11 14:44:55+00:00,False,False,never,,,1,1,,,,,0,3
dev_0004779,0,normal,,normal_standard,1,2026-01-22 14:23:17+00:00,False,False,never,,,1,1,,,,,0,2
dev_0004780,0,normal,,normal_standard,1,2026-01-02 07:26:20+00:00,False,False,never,,,1,1,,,,,0,0
dev_0004782,0,normal,,normal_standard,1,2026-01-20 17:49:59+00:00,False,False,never,,,1,1,,,,,0,3
dev_0004783,0,normal,,normal_standard,2,2026-01-12 15:23:53+00:00,False,False,never,,,2,2,,,,,0,4
dev_0004784,0,normal,,normal_standard,1,2026-01-12 19:22:22+00:00,False,False,never,,,1,1,,,,,0,4
dev_0004785,0,normal,,normal_standard,1,2026-01-07 20:42:57+00:00,False,False,never,,,1,1,,,,,0,0
dev_0004787,0,normal,,normal_standard,1,2026-01-21 23:46:50+00:00,False,False,never,,,1,1,,,,,0,1
dev_0004788,0,normal,,normal_standard,1,2026-01-21 11:13:51+00:00,False,False,never,,,1,1,,,,,0,2
dev_0004789,0,normal,,normal_standard,2,2026-01-16 09:20:12+00:00,False,False,never,,,2,2,,,,,0,2
dev_0004790,0,normal,,normal_standard,1,2026-01-22 22:13:06+00:00,False,False,never,,,1,1,,,,,0,4
dev_0004791,0,normal,,normal_standard,1,2026-01-12 04:33:14+00:00,False,False,never,,,1,1,,,,,0,1
dev_0004792,0,normal,,normal_standard,3,2026-01-03 10:43:02+00:00,False,False,never,,,3,3,,,,,0,4
dev_0004794,0,normal,,normal_standard,1,2026-01-05 01:08:30+00:00,False,False,never,,,1,1,,,,,0,1
dev_0004795,0,normal,,normal_standard,1,2026-01-25 12:12:16+00:00,False,False,never,,,1,1,,,,,0,4
dev_0004796,0,normal,,normal_standard,1,2026-01-07 00:30:50+00:00,False,False,never,,,1,1,,,,,0,2
dev_0004797,0,normal,,normal_standard,1,2026-01-28 02:10:44+00:00,False,False,never,,,1,1,,,,,0,1
dev_0004798,0,normal,,normal_standard,2,2026-01-10 04:23:37+00:00,False,False,never,,,2,2,,,,,0,0
dev_0004799,0,normal,,normal_standard,1,2026-01-24 18:34:53+00:00,False,False,never,,,1,1,,,,,0,4
dev_0004800,0,normal,,normal_standard,1,2026-01-25 20:21:22+00:00,False,False,never,,,1,1,,,,,0,2
dev_0004802,0,normal,,normal_standard,1,2026-01-29 14:01:09+00:00,False,False,never,,,1,1,,,,,0,2
dev_0004803,0,normal,,normal_standard,1,2026-01-06 03:43:30+00:00,False,False,never,,,1,1,,,,,0,2
dev_0004804,0,normal,,normal_standard,1,2026-01-25 16:01:47+00:00,False,False,never,,,1,1,,,,,0,1
dev_0004805,0,normal,,normal_standard,1,2026-01-28 11:14:40+00:00,False,False,never,,,1,1,,,,,0,4
dev_0004806,0,normal,,normal_standard,1,2026-01-26 06:18:20+00:00,False,False,never,,,1,1,,,,,0,3
dev_0004807,0,normal,,normal_standard,2,2026-01-24 19:39:42+00:00,False,False,never,,,2,2,,,,,0,3
dev_0004808,0,normal,,normal_standard,1,2026-01-28 22:10:26+00:00,False,False,never,,,1,1,,,,,0,2
dev_0004809,0,normal,,normal_standard,1,2026-01-13 09:29:23+00:00,False,False,never,,,1,1,,,,,0,4
dev_0004810,0,normal,,normal_standard,2,2026-01-30 12:45:36+00:00,False,False,never,,,2,2,,,,,0,1
dev_0004812,0,normal,,normal_standard,1,2026-01-16 05:35:58+00:00,False,False,never,,,1,1,,,,,0,3
dev_0004813,0,normal,,normal_standard,1,2026-01-12 20:23:48+00:00,False,False,never,,,1,1,,,,,0,1
dev_0004815,0,normal,,normal_standard,1,2026-01-24 09:12:30+00:00,False,False,never,,,1,1,,,,,0,4
dev_0004816,0,normal,,normal_standard,1,2026-01-17 12:23:36+00:00,False,False,never,,,1,1,,,,,0,3
dev_0004817,0,normal,,normal_standard,1,2026-01-10 21:22:37+00:00,False,False,never,,,1,1,,,,,0,2
dev_0004818,0,normal,,normal_standard,1,2026-01-29 06:50:21+00:00,False,False,never,,,1,1,,,,,0,0
dev_0004821,0,normal,,normal_standard,1,2026-01-21 00:48:38+00:00,False,False,never,,,1,1,,,,,0,1
dev_0004822,0,normal,,normal_standard,1,2026-01-30 07:30:23+00:00,False,False,never,,,1,1,,,,,0,4
dev_0004823,0,normal,,normal_standard,1,2026-01-18 12:27:10+00:00,False,False,never,,,1,1,,,,,0,1
dev_0004824,0,normal,,normal_standard,1,2026-01-05 16:04:24+00:00,False,False,never,,,1,1,,,,,0,4
dev_0004825,0,normal,,normal_standard,1,2026-01-06 07:48:49+00:00,False,False,never,,,1,1,,,,,0,1
dev_0004826,0,normal,,normal_standard,1,2026-01-17 19:40:53+00:00,False,False,never,,,1,1,,,,,0,2
dev_0004828,0,normal,,normal_standard,1,2026-01-18 20:01:55+00:00,False,False,never,,,1,1,,,,,0,3
dev_0004829,0,normal,,normal_standard,1,2026-01-11 03:22:49+00:00,False,False,never,,,1,1,,,,,0,4
dev_0004830,0,normal,,normal_standard,1,2026-01-29 18:39:20+00:00,False,False,never,,,1,1,,,,,0,3
dev_0004831,0,normal,,normal_standard,2,2026-01-20 02:42:49+00:00,False,False,never,,,2,2,,,,,0,3
dev_0004832,0,normal,,normal_standard,1,2026-01-23 19:26:02+00:00,False,False,never,,,1,1,,,,,0,2
dev_0004833,0,normal,,normal_standard,1,2026-01-17 07:20:58+00:00,False,False,never,,,1,1,,,,,0,1
dev_0004834,0,normal,,normal_standard,1,2026-01-01 19:31:38+00:00,False,False,never,,,1,1,,,,,0,0
dev_0004835,0,normal,,normal_standard,1,2026-01-28 12:30:02+00:00,False,False,never,,,1,1,,,,,0,4
dev_0004836,0,normal,,normal_standard,1,2026-01-19 17:05:05+00:00,False,False,never,,,1,1,,,,,0,4
dev_0004837,0,normal,,normal_standard,1,2026-01-26 17:20:04+00:00,False,False,never,,,1,1,,,,,0,1
dev_0004838,0,normal,,normal_standard,1,2026-01-07 19:08:04+00:00,False,False,never,,,1,1,,,,,0,1
dev_0004840,0,normal,,normal_standard,1,2026-01-19 11:09:16+00:00,False,False,never,,,1,1,,,,,0,1
dev_0004843,0,normal,,normal_standard,1,2026-01-20 11:15:36+00:00,False,False,never,,,1,1,,,,,0,1
dev_0004844,0,normal,,normal_standard,1,2026-01-28 22:55:09+00:00,False,False,never,,,1,1,,,,,0,0
dev_0004845,0,normal,,normal_standard,1,2026-01-02 22:12:01+00:00,False,False,never,,,1,1,,,,,0,2
dev_0004846,0,normal,,normal_standard,1,2026-01-05 21:54:01+00:00,False,False,never,,,1,1,,,,,0,3
dev_0004847,0,normal,,normal_standard,1,2026-01-12 23:07:21+00:00,False,False,never,,,1,1,,,,,0,1
dev_0004849,0,normal,,normal_standard,1,2026-01-13 00:44:44+00:00,False,False,never,,,1,1,,,,,0,0
dev_0004850,0,normal,,normal_standard,2,2026-01-10 19:31:59+00:00,False,False,never,,,2,2,,,,,0,3
dev_0004851,0,normal,,normal_standard,1,2026-01-04 07:57:53+00:00,False,False,never,,,1,1,,,,,0,0
dev_0004852,0,normal,,normal_standard,1,2026-01-25 07:14:26+00:00,False,False,never,,,1,1,,,,,0,1
dev_0004853,0,normal,,normal_standard,1,2026-01-23 14:29:16+00:00,False,False,never,,,1,1,,,,,0,4
dev_0004854,0,normal,,normal_standard,1,2026-01-16 01:08:37+00:00,False,False,never,,,1,1,,,,,0,4
dev_0004855,0,normal,,normal_standard,2,2026-01-21 05:05:44+00:00,False,False,never,,,2,2,,,,,0,0
dev_0004856,0,normal,,normal_standard,1,2026-01-07 08:59:43+00:00,False,False,never,,,1,1,,,,,0,2
dev_0004857,0,normal,,normal_standard,1,2026-01-28 10:26:28+00:00,False,False,never,,,1,1,,,,,0,3
dev_0004858,0,normal,,normal_standard,1,2026-01-10 12:28:43+00:00,False,False,never,,,1,1,,,,,0,3
dev_0004860,0,normal,,normal_standard,1,2026-01-09 20:30:06+00:00,False,False,never,,,1,1,,,,,0,3
dev_0004861,0,normal,,normal_standard,1,2026-01-24 13:17:51+00:00,False,False,never,,,1,1,,,,,0,2
dev_0004863,0,normal,,normal_standard,4,2026-01-14 15:35:34+00:00,False,False,never,,,4,4,,,,,0,1
dev_0004864,0,normal,,normal_standard,1,2026-01-05 11:18:09+00:00,False,False,never,,,1,1,,,,,0,3
dev_0004865,0,normal,,normal_standard,1,2026-01-26 08:13:01+00:00,False,False,never,,,1,1,,,,,0,2
dev_0004866,0,normal,,normal_standard,1,2026-01-26 10:33:33+00:00,False,False,never,,,1,1,,,,,0,1
dev_0004867,0,normal,,normal_standard,1,2026-01-16 17:53:48+00:00,False,False,never,,,1,1,,,,,0,1
dev_0004868,0,normal,,normal_standard,1,2026-01-28 17:30:40+00:00,False,False,never,,,1,1,,,,,0,3
dev_0004869,0,normal,,normal_standard,1,2026-01-04 19:00:37+00:00,False,False,never,,,1,1,,,,,0,0
dev_0004870,0,normal,,normal_standard,1,2026-01-10 20:45:52+00:00,False,False,never,,,1,1,,,,,0,1
dev_0004872,0,normal,,normal_standard,1,2026-01-15 01:33:59+00:00,False,False,never,,,1,1,,,,,0,1
dev_0004874,0,normal,,normal_standard,1,2026-01-18 06:17:56+00:00,False,False,never,,,1,1,,,,,0,4
dev_0004875,0,normal,,normal_standard,2,2026-01-16 21:09:37+00:00,False,False,never,,,2,2,,,,,0,3
dev_0004876,0,normal,,normal_standard,1,2026-01-19 02:33:54+00:00,False,False,never,,,1,1,,,,,0,0
dev_0004877,0,normal,,normal_standard,1,2026-01-23 22:41:15+00:00,False,False,never,,,1,1,,,,,0,3
dev_0004878,0,normal,,normal_standard,1,2026-01-04 23:07:50+00:00,False,False,never,,,1,1,,,,,0,2
dev_0004879,0,normal,,normal_standard,1,2026-01-20 13:01:04+00:00,False,False,never,,,1,1,,,,,0,3
dev_0004881,0,normal,,normal_standard,1,2026-01-11 21:14:20+00:00,False,False,never,,,1,1,,,,,0,0
dev_0004882,0,normal,,normal_standard,1,2026-01-27 22:35:35+00:00,False,False,never,,,1,1,,,,,0,2
dev_0004883,0,normal,,normal_standard,1,2026-01-09 21:33:59+00:00,False,False,never,,,1,1,,,,,0,0
dev_0004884,0,normal,,normal_standard,1,2026-01-26 12:04:51+00:00,False,False,never,,,1,1,,,,,0,1
dev_0004885,0,normal,,normal_standard,2,2026-01-07 05:02:06+00:00,False,False,never,,,2,2,,,,,0,1
dev_0004886,0,normal,,normal_standard,1,2026-01-16 04:42:19+00:00,False,False,never,,,1,1,,,,,0,1
dev_0004887,0,normal,,normal_standard,1,2026-01-04 00:34:38+00:00,False,False,never,,,1,1,,,,,0,4
dev_0004888,0,normal,,normal_standard,1,2026-01-03 13:33:38+00:00,False,False,never,,,1,1,,,,,0,2
dev_0004889,0,normal,,normal_standard,1,2026-01-19 04:52:31+00:00,False,False,never,,,1,1,,,,,0,3
dev_0004892,0,normal,,normal_standard,1,2026-01-24 03:05:00+00:00,False,False,never,,,1,1,,,,,0,1
dev_0004893,0,normal,,normal_standard,1,2026-01-14 02:38:55+00:00,False,False,never,,,1,1,,,,,0,4
dev_0004894,0,normal,,normal_standard,1,2026-01-08 22:50:40+00:00,False,False,never,,,1,1,,,,,0,4
dev_0004896,0,normal,,normal_standard,1,2026-01-12 12:01:40+00:00,False,False,never,,,1,1,,,,,0,2
dev_0004897,0,normal,,normal_standard,1,2026-01-09 18:49:32+00:00,False,False,never,,,1,1,,,,,0,2
dev_0004898,0,normal,,normal_standard,1,2026-01-03 10:35:35+00:00,False,False,never,,,1,1,,,,,0,4
dev_0004899,0,normal,,normal_standard,1,2026-01-26 16:43:11+00:00,False,False,never,,,1,1,,,,,0,1
dev_0004900,0,normal,,normal_standard,1,2026-01-30 00:37:48+00:00,False,False,never,,,1,1,,,,,0,3
dev_0004901,0,normal,,normal_standard,2,2026-01-03 11:20:50+00:00,False,False,never,,,2,2,,,,,0,3
dev_0004902,0,normal,,normal_standard,1,2026-01-17 17:33:50+00:00,False,False,never,,,1,1,,,,,0,1
dev_0004903,0,normal,,normal_standard,1,2026-01-13 08:35:35+00:00,False,False,never,,,1,1,,,,,0,1
dev_0004905,0,normal,,normal_standard,1,2026-01-13 04:20:59+00:00,False,False,never,,,1,1,,,,,0,3
dev_0004906,0,normal,,normal_standard,2,2026-01-17 03:39:37+00:00,False,False,never,,,2,2,,,,,0,4
dev_0004907,0,normal,,normal_standard,1,2026-01-03 08:16:53+00:00,False,False,never,,,1,1,,,,,0,1
dev_0004908,0,normal,,normal_standard,1,2026-01-07 03:56:07+00:00,False,False,never,,,1,1,,,,,0,0
dev_0004909,0,normal,,normal_standard,1,2026-01-18 18:37:25+00:00,False,False,never,,,1,1,,,,,0,0
dev_0004910,0,normal,,normal_standard,2,2026-01-07 08:02:05+00:00,False,False,never,,,2,2,,,,,0,2
dev_0004912,0,normal,,normal_standard,1,2026-01-28 08:16:34+00:00,False,False,never,,,1,1,,,,,0,4
dev_0004913,0,normal,,normal_standard,1,2026-01-30 01:59:37+00:00,False,False,never,,,1,1,,,,,0,0
dev_0004914,0,normal,,normal_standard,2,2026-01-29 18:28:37+00:00,False,False,never,,,2,2,,,,,0,2
dev_0004915,0,normal,,normal_standard,1,2026-01-14 16:29:44+00:00,False,False,never,,,1,1,,,,,0,2
dev_0004916,0,normal,,normal_standard,1,2026-01-09 04:29:11+00:00,False,False,never,,,1,1,,,,,0,4
dev_0004917,0,normal,,normal_standard,1,2026-01-15 22:41:40+00:00,False,False,never,,,1,1,,,,,0,1
dev_0004918,0,normal,,normal_standard,1,2026-01-01 12:48:03+00:00,False,False,never,,,1,1,,,,,0,3
dev_0004919,0,normal,,normal_standard,2,2026-01-27 23:08:44+00:00,False,False,never,,,2,2,,,,,0,1
dev_0004920,0,normal,,normal_standard,1,2026-01-04 01:09:56+00:00,False,False,never,,,1,1,,,,,0,3
dev_0004921,0,normal,,normal_standard,1,2026-01-01 08:51:55+00:00,False,False,never,,,1,1,,,,,0,2
dev_0004922,0,normal,,normal_standard,1,2026-01-13 22:23:02+00:00,False,False,never,,,1,1,,,,,0,3
dev_0004923,0,normal,,normal_standard,1,2026-01-27 04:51:56+00:00,False,False,never,,,1,1,,,,,0,4
dev_0004924,0,normal,,normal_standard,1,2026-01-30 08:29:51+00:00,False,False,never,,,1,1,,,,,0,1
dev_0004926,0,normal,,normal_standard,1,2026-01-03 17:55:20+00:00,False,False,never,,,1,1,,,,,0,3
dev_0004927,0,normal,,normal_standard,1,2026-01-24 07:02:54+00:00,False,False,never,,,1,1,,,,,0,3
dev_0004928,0,normal,,normal_standard,1,2026-01-11 17:47:24+00:00,False,False,never,,,1,1,,,,,0,0
dev_0004929,0,normal,,normal_standard,1,2026-01-09 20:46:32+00:00,False,False,never,,,1,1,,,,,0,0
dev_0004931,0,normal,,normal_standard,1,2026-01-28 01:04:36+00:00,False,False,never,,,1,1,,,,,0,3
dev_0004932,0,normal,,normal_standard,1,2026-01-29 21:33:47+00:00,False,False,never,,,1,1,,,,,0,2
dev_0004933,0,normal,,normal_standard,1,2026-01-03 10:57:02+00:00,False,False,never,,,1,1,,,,,0,1
dev_0004934,0,normal,,normal_standard,1,2026-01-01 21:25:23+00:00,False,False,never,,,1,1,,,,,0,0
dev_0004935,0,normal,,normal_standard,1,2026-01-15 02:01:27+00:00,False,False,never,,,1,1,,,,,0,2
dev_0004936,0,normal,,normal_standard,1,2026-01-16 04:31:27+00:00,False,False,never,,,1,1,,,,,0,3
dev_0004937,0,normal,,normal_standard,1,2026-01-15 12:05:53+00:00,False,False,never,,,1,1,,,,,0,4
dev_0004938,0,normal,,normal_standard,1,2026-01-22 08:28:28+00:00,False,False,never,,,1,1,,,,,0,2
dev_0004939,0,normal,,normal_standard,1,2026-01-13 20:49:43+00:00,False,False,never,,,1,1,,,,,0,3
dev_0004941,0,normal,,normal_standard,2,2026-01-14 21:02:48+00:00,False,False,never,,,2,2,,,,,0,0
dev_0004942,0,normal,,normal_standard,2,2026-01-04 05:48:24+00:00,False,False,never,,,2,2,,,,,0,1
dev_0004943,0,normal,,normal_standard,1,2026-01-16 18:26:54+00:00,False,False,never,,,1,1,,,,,0,2
dev_0004944,0,normal,,normal_standard,1,2026-01-05 18:01:11+00:00,False,False,never,,,1,1,,,,,0,4
dev_0004945,0,normal,,normal_standard,1,2026-01-01 14:50:26+00:00,False,False,never,,,1,1,,,,,0,0
dev_0004946,0,normal,,normal_standard,2,2026-01-04 01:50:28+00:00,False,False,never,,,2,2,,,,,0,1
dev_0004947,0,normal,,normal_standard,2,2026-01-03 13:48:10+00:00,False,False,never,,,2,2,,,,,0,0
dev_0004948,0,normal,,normal_standard,1,2026-01-19 19:26:49+00:00,False,False,never,,,1,1,,,,,0,2
dev_0004949,0,normal,,normal_standard,1,2026-01-23 05:06:22+00:00,False,False,never,,,1,1,,,,,0,3
dev_0004950,0,normal,,normal_standard,1,2026-01-27 07:13:30+00:00,False,False,never,,,1,1,,,,,0,4
dev_0004951,0,normal,,normal_standard,1,2026-01-16 01:18:38+00:00,False,False,never,,,1,1,,,,,0,4
dev_0004952,0,normal,,normal_standard,1,2026-01-21 19:59:14+00:00,False,False,never,,,1,1,,,,,0,2
dev_0004954,0,normal,,normal_standard,1,2026-01-21 19:51:37+00:00,False,False,never,,,1,1,,,,,0,2
dev_0004955,0,normal,,normal_standard,1,2026-01-21 09:44:39+00:00,False,False,never,,,1,1,,,,,0,1
dev_0004956,0,normal,,normal_standard,1,2026-01-09 10:10:27+00:00,False,False,never,,,1,1,,,,,0,1
dev_0004957,0,normal,,normal_standard,1,2026-01-11 07:06:18+00:00,False,False,never,,,1,1,,,,,0,4
dev_0004958,0,normal,,normal_standard,1,2026-01-10 18:32:25+00:00,False,False,never,,,1,1,,,,,0,4
dev_0004959,0,normal,,normal_standard,1,2026-01-20 02:30:23+00:00,False,False,never,,,1,1,,,,,0,0
dev_0004961,0,normal,,normal_standard,1,2026-01-25 11:44:07+00:00,False,False,never,,,1,1,,,,,0,1
dev_0004962,0,normal,,normal_standard,1,2026-01-23 21:29:28+00:00,False,False,never,,,1,1,,,,,0,1
dev_0004963,0,normal,,normal_standard,1,2026-01-20 07:41:05+00:00,False,False,never,,,1,1,,,,,0,4
dev_0004965,0,normal,,normal_standard,1,2026-01-10 21:14:33+00:00,False,False,never,,,1,1,,,,,0,1
dev_0004967,0,normal,,normal_standard,1,2026-01-14 05:47:33+00:00,False,False,never,,,1,1,,,,,0,3
dev_0004969,0,normal,,normal_standard,1,2026-01-13 23:16:05+00:00,False,False,never,,,1,1,,,,,0,0
dev_0004970,0,normal,,normal_standard,1,2026-01-26 16:07:05+00:00,False,False,never,,,1,1,,,,,0,1
dev_0004971,0,normal,,normal_standard,1,2026-01-14 11:52:48+00:00,False,False,never,,,1,1,,,,,0,0
dev_0004972,0,normal,,normal_standard,1,2026-01-27 09:50:43+00:00,False,False,never,,,1,1,,,,,0,0
dev_0004973,0,normal,,normal_standard,2,2026-01-05 09:51:08+00:00,False,False,never,,,2,2,,,,,0,1
dev_0004974,0,normal,,normal_standard,1,2026-01-19 19:53:23+00:00,False,False,never,,,1,1,,,,,0,0
dev_0004975,0,normal,,normal_standard,1,2026-01-17 18:08:33+00:00,False,False,never,,,1,1,,,,,0,4
dev_0004976,0,normal,,normal_standard,1,2026-01-10 15:33:28+00:00,False,False,never,,,1,1,,,,,0,0
dev_0004977,0,normal,,normal_standard,1,2026-01-13 03:14:57+00:00,False,False,never,,,1,1,,,,,0,2
dev_0004978,0,normal,,normal_standard,1,2026-01-06 21:23:33+00:00,False,False,never,,,1,1,,,,,0,3
dev_0004979,0,normal,,normal_standard,1,2026-01-13 06:23:38+00:00,False,False,never,,,1,1,,,,,0,4
dev_0004980,0,normal,,normal_standard,1,2026-01-17 19:34:30+00:00,False,False,never,,,1,1,,,,,0,0
dev_0004981,0,normal,,normal_standard,1,2026-01-16 02:44:28+00:00,False,False,never,,,1,1,,,,,0,4
dev_0004982,0,normal,,normal_standard,1,2026-01-30 03:07:07+00:00,False,False,never,,,1,1,,,,,0,3
dev_0004983,0,normal,,normal_standard,1,2026-01-24 22:24:30+00:00,False,False,never,,,1,1,,,,,0,2
dev_0004984,0,normal,,normal_standard,1,2026-01-04 23:29:49+00:00,False,False,never,,,1,1,,,,,0,0
dev_0004985,0,normal,,normal_standard,1,2026-01-28 02:25:45+00:00,False,False,never,,,1,1,,,,,0,4
dev_0004986,0,normal,,normal_standard,1,2026-01-30 06:54:43+00:00,False,False,never,,,1,1,,,,,0,0
dev_0004988,0,normal,,normal_standard,3,2026-01-18 17:59:56+00:00,False,False,never,,,3,3,,,,,0,2
dev_0004989,0,normal,,normal_standard,1,2026-01-21 20:06:43+00:00,False,False,never,,,1,1,,,,,0,2
dev_0004991,0,normal,,normal_standard,1,2026-01-25 13:00:49+00:00,False,False,never,,,1,1,,,,,0,1
dev_0004993,0,normal,,normal_standard,1,2026-01-26 11:18:26+00:00,False,False,never,,,1,1,,,,,0,4
dev_0004994,0,normal,,normal_standard,1,2026-01-11 10:19:22+00:00,False,False,never,,,1,1,,,,,0,1
dev_0004995,0,normal,,normal_standard,1,2026-01-02 19:37:23+00:00,False,False,never,,,1,1,,,,,0,0
dev_0004997,0,normal,,normal_standard,1,2026-01-16 17:35:22+00:00,False,False,never,,,1,1,,,,,0,1
dev_0004998,0,normal,,normal_standard,1,2026-01-24 02:48:49+00:00,False,False,never,,,1,1,,,,,0,4
dev_0004999,0,normal,,normal_standard,1,2026-01-30 21:21:18+00:00,False,False,never,,,1,1,,,,,0,3
dev_0005000,0,normal,,normal_standard,1,2026-01-18 14:12:07+00:00,False,False,never,,,1,1,,,,,0,3
dev_0005001,0,normal,,normal_standard,2,2026-01-30 01:12:30+00:00,False,False,never,,,2,2,,,,,0,1
dev_0005002,0,normal,,normal_standard,2,2026-01-02 12:37:56+00:00,False,False,never,,,2,2,,,,,0,4
dev_0005003,0,normal,,normal_standard,1,2026-01-14 09:39:55+00:00,False,False,never,,,1,1,,,,,0,0
dev_0005004,0,normal,,normal_standard,1,2026-01-18 21:42:54+00:00,False,False,never,,,1,1,,,,,0,2
dev_0005005,0,normal,,normal_standard,1,2026-01-25 05:06:50+00:00,False,False,never,,,1,1,,,,,0,1
dev_0005006,0,normal,,normal_standard,2,2026-01-07 00:34:34+00:00,False,False,never,,,2,2,,,,,0,4
dev_0005007,0,normal,,normal_standard,2,2026-01-12 12:30:55+00:00,False,False,never,,,2,2,,,,,0,1
dev_0005008,0,normal,,normal_standard,1,2026-01-18 13:20:24+00:00,False,False,never,,,1,1,,,,,0,1
dev_0005010,0,normal,,normal_standard,2,2026-01-16 04:59:52+00:00,False,False,never,,,2,2,,,,,0,4
dev_0005011,0,normal,,normal_standard,2,2026-01-03 03:22:40+00:00,False,False,never,,,2,2,,,,,0,2
dev_0005013,0,normal,,normal_standard,1,2026-01-25 08:32:38+00:00,False,False,never,,,1,1,,,,,0,1
dev_0005014,0,normal,,normal_standard,1,2026-01-02 14:02:36+00:00,False,False,never,,,1,1,,,,,0,3
dev_0005015,0,normal,,normal_standard,1,2026-01-05 05:13:25+00:00,False,False,never,,,1,1,,,,,0,0
dev_0005016,0,normal,,normal_standard,1,2026-01-16 05:33:45+00:00,False,False,never,,,1,1,,,,,0,3
dev_0005017,0,normal,,normal_standard,1,2026-01-19 13:15:45+00:00,False,False,never,,,1,1,,,,,0,2
dev_0005019,0,normal,,normal_standard,1,2026-01-06 04:01:56+00:00,False,False,never,,,1,1,,,,,0,4
dev_0005020,0,normal,,normal_standard,2,2026-01-15 06:19:25+00:00,False,False,never,,,2,2,,,,,0,2
dev_0005021,0,normal,,normal_standard,3,2026-01-17 10:41:44+00:00,False,False,never,,,3,3,,,,,0,2
dev_0005022,0,normal,,normal_standard,1,2026-01-19 18:07:11+00:00,False,False,never,,,1,1,,,,,0,4
dev_0005023,0,normal,,normal_standard,1,2026-01-16 14:21:28+00:00,False,False,never,,,1,1,,,,,0,1
dev_0005024,0,normal,,normal_standard,1,2026-01-07 11:04:23+00:00,False,False,never,,,1,1,,,,,0,2
dev_0005025,0,normal,,normal_standard,2,2026-01-14 19:13:21+00:00,False,False,never,,,2,2,,,,,0,0
dev_0005027,0,normal,,normal_standard,1,2026-01-01 13:28:41+00:00,False,False,never,,,1,1,,,,,0,3
dev_0005028,0,normal,,normal_standard,1,2026-01-06 19:26:35+00:00,False,False,never,,,1,1,,,,,0,0
dev_0005029,0,normal,,normal_standard,1,2026-01-24 09:35:29+00:00,False,False,never,,,1,1,,,,,0,3
dev_0005030,0,normal,,normal_standard,1,2026-01-17 23:48:49+00:00,False,False,never,,,1,1,,,,,0,0
dev_0005032,0,normal,,normal_standard,1,2026-01-19 04:08:48+00:00,False,False,never,,,1,1,,,,,0,4
dev_0005033,0,normal,,normal_standard,3,2026-01-17 09:28:38+00:00,False,False,never,,,3,3,,,,,0,2
dev_0005034,0,normal,,normal_standard,1,2026-01-11 15:28:02+00:00,False,False,never,,,1,1,,,,,0,1
dev_0005037,0,normal,,normal_standard,2,2026-01-10 21:18:54+00:00,False,False,never,,,2,2,,,,,0,4
dev_0005038,0,normal,,normal_standard,1,2026-01-16 06:49:59+00:00,False,False,never,,,1,1,,,,,0,4
dev_0005039,0,normal,,normal_standard,1,2026-01-25 00:17:50+00:00,False,False,never,,,1,1,,,,,0,1
dev_0005040,0,normal,,normal_standard,1,2026-01-07 07:20:01+00:00,False,False,never,,,1,1,,,,,0,4
dev_0005041,0,normal,,normal_standard,1,2026-01-02 16:53:21+00:00,False,False,never,,,1,1,,,,,0,3
dev_0005042,0,normal,,normal_standard,1,2026-01-22 12:27:20+00:00,False,False,never,,,1,1,,,,,0,1
dev_0005043,0,normal,,normal_standard,2,2026-01-09 12:54:35+00:00,False,False,never,,,2,2,,,,,0,4
dev_0005044,0,normal,,normal_standard,1,2026-01-22 21:30:46+00:00,False,False,never,,,1,1,,,,,0,0
dev_0005046,0,normal,,normal_standard,2,2026-01-29 17:26:09+00:00,False,False,never,,,2,2,,,,,0,2
dev_0005048,0,normal,,normal_standard,1,2026-01-29 07:51:45+00:00,False,False,never,,,1,1,,,,,0,0
dev_0005049,0,normal,,normal_standard,1,2026-01-09 07:41:09+00:00,False,False,never,,,1,1,,,,,0,3
dev_0005050,0,normal,,normal_standard,2,2026-01-03 15:15:42+00:00,False,False,never,,,2,2,,,,,0,2
dev_0005051,0,normal,,normal_standard,1,2026-01-30 20:35:29+00:00,False,False,never,,,1,1,,,,,0,1
dev_0005052,0,normal,,normal_standard,3,2026-01-28 09:50:33+00:00,False,False,never,,,3,3,,,,,0,4
dev_0005053,0,normal,,normal_standard,1,2026-01-28 21:51:37+00:00,False,False,never,,,1,1,,,,,0,4
dev_0005054,0,normal,,normal_standard,1,2026-01-02 07:14:29+00:00,False,False,never,,,1,1,,,,,0,3
dev_0005055,0,normal,,normal_standard,1,2026-01-16 15:34:56+00:00,False,False,never,,,1,1,,,,,0,0
dev_0005056,0,normal,,normal_standard,1,2026-01-12 17:31:21+00:00,False,False,never,,,1,1,,,,,0,0
dev_0005057,0,normal,,normal_standard,2,2026-01-26 13:20:02+00:00,False,False,never,,,2,2,,,,,0,3
dev_0005059,0,normal,,normal_standard,1,2026-01-05 02:42:44+00:00,False,False,never,,,1,1,,,,,0,0
dev_0005061,0,normal,,normal_standard,1,2026-01-22 18:23:14+00:00,False,False,never,,,1,1,,,,,0,3
dev_0005062,0,normal,,normal_standard,1,2026-01-12 03:29:03+00:00,False,False,never,,,1,1,,,,,0,1
dev_0005063,0,normal,,normal_standard,1,2026-01-22 00:19:15+00:00,False,False,never,,,1,1,,,,,0,2
dev_0005064,0,normal,,normal_standard,1,2026-01-05 10:04:46+00:00,False,False,never,,,1,1,,,,,0,1
dev_0005066,0,normal,,normal_standard,1,2026-01-14 03:31:27+00:00,False,False,never,,,1,1,,,,,0,0
dev_0005067,0,normal,,normal_standard,1,2026-01-15 22:52:56+00:00,False,False,never,,,1,1,,,,,0,3
dev_0005068,0,normal,,normal_standard,1,2026-01-04 09:31:13+00:00,False,False,never,,,1,1,,,,,0,4
dev_0005071,0,normal,,normal_standard,1,2026-01-26 08:32:41+00:00,False,False,never,,,1,1,,,,,0,0
dev_0005072,0,normal,,normal_standard,3,2026-01-20 12:34:11+00:00,False,False,never,,,3,3,,,,,0,0
dev_0005073,0,normal,,normal_standard,2,2026-01-06 08:06:38+00:00,False,False,never,,,2,2,,,,,0,2
dev_0005074,0,normal,,normal_standard,1,2026-01-16 16:38:25+00:00,False,False,never,,,1,1,,,,,0,3
dev_0005077,0,normal,,normal_standard,1,2026-01-17 10:22:45+00:00,False,False,never,,,1,1,,,,,0,1
dev_0005078,0,normal,,normal_standard,1,2026-01-22 06:12:20+00:00,False,False,never,,,1,1,,,,,0,1
dev_0005080,0,normal,,normal_standard,1,2026-01-26 05:41:56+00:00,False,False,never,,,1,1,,,,,0,2
dev_0005081,0,normal,,normal_standard,1,2026-01-08 14:55:27+00:00,False,False,never,,,1,1,,,,,0,3
dev_0005082,0,normal,,normal_standard,1,2026-01-24 21:55:39+00:00,False,False,never,,,1,1,,,,,0,4
dev_0005084,0,normal,,normal_standard,1,2026-01-07 22:06:28+00:00,False,False,never,,,1,1,,,,,0,2
dev_0005085,0,normal,,normal_standard,3,2026-01-17 15:14:38+00:00,False,False,never,,,3,3,,,,,0,2
dev_0005086,0,normal,,normal_standard,1,2026-01-26 07:57:55+00:00,False,False,never,,,1,1,,,,,0,4
dev_0005088,0,normal,,normal_standard,1,2026-01-23 13:19:40+00:00,False,False,never,,,1,1,,,,,0,4
dev_0005089,0,normal,,normal_standard,1,2026-01-09 01:05:05+00:00,False,False,never,,,1,1,,,,,0,2
dev_0005090,0,normal,,normal_standard,1,2026-01-10 07:20:52+00:00,False,False,never,,,1,1,,,,,0,0
dev_0005091,0,normal,,normal_standard,1,2026-01-19 14:24:53+00:00,False,False,never,,,1,1,,,,,0,0
dev_0005092,0,normal,,normal_standard,1,2026-01-23 14:01:46+00:00,False,False,never,,,1,1,,,,,0,2
dev_0005093,0,normal,,normal_standard,1,2026-01-06 10:19:23+00:00,False,False,never,,,1,1,,,,,0,3
dev_0005094,0,normal,,normal_standard,1,2026-01-16 20:10:55+00:00,False,False,never,,,1,1,,,,,0,1
dev_0005095,0,normal,,normal_standard,2,2026-01-21 01:43:12+00:00,False,False,never,,,2,2,,,,,0,3
dev_0005096,0,normal,,normal_standard,1,2026-01-21 15:20:39+00:00,False,False,never,,,1,1,,,,,0,2
dev_0005098,0,normal,,normal_standard,1,2026-01-04 13:04:38+00:00,False,False,never,,,1,1,,,,,0,2
dev_0005099,0,normal,,normal_standard,1,2026-01-25 21:09:17+00:00,False,False,never,,,1,1,,,,,0,4
dev_0005100,0,normal,,normal_standard,1,2026-01-06 20:17:32+00:00,False,False,never,,,1,1,,,,,0,2
dev_0005101,0,normal,,normal_standard,1,2026-01-29 00:52:59+00:00,False,False,never,,,1,1,,,,,0,0
dev_0005102,0,normal,,normal_standard,1,2026-01-23 17:29:02+00:00,False,False,never,,,1,1,,,,,0,4
dev_0005103,0,normal,,normal_standard,1,2026-01-17 23:04:50+00:00,False,False,never,,,1,1,,,,,0,1
dev_0005104,0,normal,,normal_standard,1,2026-01-26 10:31:55+00:00,False,False,never,,,1,1,,,,,0,1
dev_0005105,0,normal,,normal_standard,2,2026-01-04 01:51:20+00:00,False,False,never,,,2,2,,,,,0,0
dev_0005106,0,normal,,normal_standard,1,2026-01-27 15:57:29+00:00,False,False,never,,,1,1,,,,,0,0
dev_0005107,0,normal,,normal_standard,1,2026-01-23 01:00:52+00:00,False,False,never,,,1,1,,,,,0,0
dev_0005108,0,normal,,normal_standard,2,2026-01-18 05:29:59+00:00,False,False,never,,,2,2,,,,,0,2
dev_0005109,0,normal,,normal_standard,1,2026-01-28 18:49:20+00:00,False,False,never,,,1,1,,,,,0,0
dev_0005110,0,normal,,normal_standard,1,2026-01-24 22:23:34+00:00,False,False,never,,,1,1,,,,,0,4
dev_0005111,0,normal,,normal_standard,1,2026-01-11 18:49:11+00:00,False,False,never,,,1,1,,,,,0,1
dev_0005115,0,normal,,normal_standard,1,2026-01-26 15:26:45+00:00,False,False,never,,,1,1,,,,,0,2
dev_0005116,0,normal,,normal_standard,2,2026-01-07 11:26:40+00:00,False,False,never,,,2,2,,,,,0,2
dev_0005117,0,normal,,normal_standard,1,2026-01-26 04:40:54+00:00,False,False,never,,,1,1,,,,,0,1
dev_0005118,0,normal,,normal_standard,1,2026-01-22 06:52:03+00:00,False,False,never,,,1,1,,,,,0,3
dev_0005119,0,normal,,normal_standard,1,2026-01-06 20:29:58+00:00,False,False,never,,,1,1,,,,,0,1
dev_0005120,0,normal,,normal_standard,1,2026-01-21 13:56:36+00:00,False,False,never,,,1,1,,,,,0,0
dev_0005121,0,normal,,normal_standard,1,2026-01-28 19:28:14+00:00,False,False,never,,,1,1,,,,,0,3
dev_0005122,0,normal,,normal_standard,1,2026-01-06 02:25:55+00:00,False,False,never,,,1,1,,,,,0,3
dev_0005123,0,normal,,normal_standard,1,2026-01-04 17:34:49+00:00,False,False,never,,,1,1,,,,,0,2
dev_0005124,0,normal,,normal_standard,2,2026-01-14 17:07:03+00:00,False,False,never,,,2,2,,,,,0,0
dev_0005125,0,normal,,normal_standard,1,2026-01-17 12:39:22+00:00,False,False,never,,,1,1,,,,,0,2
dev_0005126,0,normal,,normal_standard,1,2026-01-05 10:55:35+00:00,False,False,never,,,1,1,,,,,0,4
dev_0005127,0,normal,,normal_standard,2,2026-01-27 00:18:57+00:00,False,False,never,,,2,2,,,,,0,4
dev_0005128,0,normal,,normal_standard,2,2026-01-02 19:54:57+00:00,False,False,never,,,2,2,,,,,0,2
dev_0005131,0,normal,,normal_standard,1,2026-01-26 09:06:36+00:00,False,False,never,,,1,1,,,,,0,4
dev_0005133,0,normal,,normal_standard,1,2026-01-22 20:25:30+00:00,False,False,never,,,1,1,,,,,0,3
dev_0005134,0,normal,,normal_standard,1,2026-01-14 15:45:15+00:00,False,False,never,,,1,1,,,,,0,3
dev_0005135,0,normal,,normal_standard,1,2026-01-16 04:22:25+00:00,False,False,never,,,1,1,,,,,0,2
dev_0005136,0,normal,,normal_standard,1,2026-01-26 11:42:48+00:00,False,False,never,,,1,1,,,,,0,0
dev_0005137,0,normal,,normal_standard,1,2026-01-04 19:06:02+00:00,False,False,never,,,1,1,,,,,0,3
dev_0005139,0,normal,,normal_standard,2,2026-01-16 05:20:12+00:00,False,False,never,,,2,2,,,,,0,2
dev_0005140,0,normal,,normal_standard,3,2026-01-29 11:06:37+00:00,False,False,never,,,3,3,,,,,0,0
dev_0005141,0,normal,,normal_standard,1,2026-01-08 10:12:21+00:00,False,False,never,,,1,1,,,,,0,2
dev_0005142,0,normal,,normal_standard,3,2026-01-06 19:52:56+00:00,False,False,never,,,3,3,,,,,0,1
dev_0005144,0,normal,,normal_standard,3,2026-01-16 21:08:23+00:00,False,False,never,,,3,3,,,,,0,0
dev_0005145,0,normal,,normal_standard,1,2026-01-23 08:24:17+00:00,False,False,never,,,1,1,,,,,0,1
dev_0005147,0,normal,,normal_standard,1,2026-01-18 03:30:23+00:00,False,False,never,,,1,1,,,,,0,1
dev_0005149,0,normal,,normal_standard,1,2026-01-09 13:27:51+00:00,False,False,never,,,1,1,,,,,0,0
dev_0005150,0,normal,,normal_standard,1,2026-01-02 11:09:55+00:00,False,False,never,,,1,1,,,,,0,2
dev_0005151,0,normal,,normal_standard,1,2026-01-01 02:58:27+00:00,False,False,never,,,1,1,,,,,0,4
dev_0005153,0,normal,,normal_standard,1,2026-01-28 06:07:39+00:00,False,False,never,,,1,1,,,,,0,1
dev_0005155,0,normal,,normal_standard,2,2026-01-06 00:43:12+00:00,False,False,never,,,2,2,,,,,0,3
dev_0005156,0,normal,,normal_standard,1,2026-01-06 11:02:45+00:00,False,False,never,,,1,1,,,,,0,0
dev_0005157,0,normal,,normal_standard,2,2026-01-23 06:48:42+00:00,False,False,never,,,2,2,,,,,0,4
dev_0005158,0,normal,,normal_standard,1,2026-01-18 17:13:57+00:00,False,False,never,,,1,1,,,,,0,0
dev_0005159,0,normal,,normal_standard,1,2026-01-12 20:34:25+00:00,False,False,never,,,1,1,,,,,0,0
dev_0005161,0,normal,,normal_standard,1,2026-01-01 14:02:02+00:00,False,False,never,,,1,1,,,,,0,0
dev_0005162,0,normal,,normal_standard,1,2026-01-28 04:20:33+00:00,False,False,never,,,1,1,,,,,0,0
dev_0005163,0,normal,,normal_standard,1,2026-01-11 13:01:00+00:00,False,False,never,,,1,1,,,,,0,3
dev_0005164,0,normal,,normal_standard,2,2026-01-15 09:21:37+00:00,False,False,never,,,2,2,,,,,0,1
dev_0005165,0,normal,,normal_standard,1,2026-01-08 02:45:16+00:00,False,False,never,,,1,1,,,,,0,0
dev_0005166,0,normal,,normal_standard,1,2026-01-18 08:23:52+00:00,False,False,never,,,1,1,,,,,0,1
dev_0005168,0,normal,,normal_standard,1,2026-01-27 12:04:22+00:00,False,False,never,,,1,1,,,,,0,2
dev_0005169,0,normal,,normal_standard,1,2026-01-25 05:46:49+00:00,False,False,never,,,1,1,,,,,0,2
dev_0005170,0,normal,,normal_standard,1,2026-01-01 11:44:08+00:00,False,False,never,,,1,1,,,,,0,2
dev_0005171,0,normal,,normal_standard,1,2026-01-22 06:41:21+00:00,False,False,never,,,1,1,,,,,0,1
dev_0005172,0,normal,,normal_standard,1,2026-01-16 02:40:41+00:00,False,False,never,,,1,1,,,,,0,2
dev_0005173,0,normal,,normal_standard,1,2026-01-11 15:50:57+00:00,False,False,never,,,1,1,,,,,0,1
dev_0005175,0,normal,,normal_standard,1,2026-01-19 14:33:43+00:00,False,False,never,,,1,1,,,,,0,1
dev_0005176,0,normal,,normal_standard,1,2026-01-17 18:46:19+00:00,False,False,never,,,1,1,,,,,0,3
dev_0005177,0,normal,,normal_standard,1,2026-01-12 00:11:25+00:00,False,False,never,,,1,1,,,,,0,1
dev_0005178,0,normal,,normal_standard,1,2026-01-30 09:38:07+00:00,False,False,never,,,1,1,,,,,0,2
dev_0005179,0,normal,,normal_standard,1,2026-01-24 23:02:44+00:00,False,False,never,,,1,1,,,,,0,0
dev_0005181,0,normal,,normal_standard,1,2026-01-16 18:06:11+00:00,False,False,never,,,1,1,,,,,0,4
dev_0005182,0,normal,,normal_standard,1,2026-01-05 23:29:44+00:00,False,False,never,,,1,1,,,,,0,2
dev_0005183,0,normal,,normal_standard,1,2026-01-10 06:20:30+00:00,False,False,never,,,1,1,,,,,0,3
dev_0005184,0,normal,,normal_standard,1,2026-01-29 06:37:05+00:00,False,False,never,,,1,1,,,,,0,2
dev_0005186,0,normal,,normal_standard,1,2026-01-24 03:32:25+00:00,False,False,never,,,1,1,,,,,0,4
dev_0005187,0,normal,,normal_standard,1,2026-01-28 20:55:34+00:00,False,False,never,,,1,1,,,,,0,1
dev_0005188,0,normal,,normal_standard,2,2026-01-07 08:34:28+00:00,False,False,never,,,2,2,,,,,0,4
dev_0005190,0,normal,,normal_standard,1,2026-01-04 05:11:53+00:00,False,False,never,,,1,1,,,,,0,1
dev_0005191,0,normal,,normal_standard,1,2026-01-09 07:32:19+00:00,False,False,never,,,1,1,,,,,0,3
dev_0005192,0,normal,,normal_standard,1,2026-01-26 02:47:05+00:00,False,False,never,,,1,1,,,,,0,2
dev_0005193,0,normal,,normal_standard,1,2026-01-26 02:03:17+00:00,False,False,never,,,1,1,,,,,0,2
dev_0005194,0,normal,,normal_standard,1,2026-01-03 05:48:37+00:00,False,False,never,,,1,1,,,,,0,0
dev_0005195,0,normal,,normal_standard,1,2026-01-11 05:42:03+00:00,False,False,never,,,1,1,,,,,0,3
dev_0005196,0,normal,,normal_standard,1,2026-01-06 04:47:40+00:00,False,False,never,,,1,1,,,,,0,4
dev_0005197,0,normal,,normal_standard,1,2026-01-09 20:23:32+00:00,False,False,never,,,1,1,,,,,0,0
dev_0005199,0,normal,,normal_standard,1,2026-01-04 21:52:10+00:00,False,False,never,,,1,1,,,,,0,4
dev_0005200,0,normal,,normal_standard,4,2026-01-04 22:28:41+00:00,False,False,never,,,4,4,,,,,0,2
dev_0005201,0,normal,,normal_standard,2,2026-01-26 22:35:38+00:00,False,False,never,,,2,2,,,,,0,4
dev_0005203,0,normal,,normal_standard,1,2026-01-25 10:19:58+00:00,False,False,never,,,1,1,,,,,0,4
dev_0005204,0,normal,,normal_standard,2,2026-01-04 14:20:14+00:00,False,False,never,,,2,2,,,,,0,4
dev_0005205,0,normal,,normal_standard,1,2026-01-30 01:42:17+00:00,False,False,never,,,1,1,,,,,0,1
dev_0005206,0,normal,,normal_standard,2,2026-01-13 19:05:37+00:00,False,False,never,,,2,2,,,,,0,1
dev_0005207,0,normal,,normal_standard,2,2026-01-03 21:30:18+00:00,False,False,never,,,2,2,,,,,0,2
dev_0005208,0,normal,,normal_standard,1,2026-01-24 02:11:06+00:00,False,False,never,,,1,1,,,,,0,2
dev_0005209,0,normal,,normal_standard,1,2026-01-18 08:49:02+00:00,False,False,never,,,1,1,,,,,0,2
dev_0005210,0,normal,,normal_standard,1,2026-01-10 20:36:22+00:00,False,False,never,,,1,1,,,,,0,0
dev_0005211,0,normal,,normal_standard,1,2026-01-13 05:43:32+00:00,False,False,never,,,1,1,,,,,0,4
dev_0005212,0,normal,,normal_standard,1,2026-01-01 03:46:04+00:00,False,False,never,,,1,1,,,,,0,1
dev_0005213,0,normal,,normal_standard,1,2026-01-04 02:52:41+00:00,False,False,never,,,1,1,,,,,0,0
dev_0005215,0,normal,,normal_standard,2,2026-01-30 11:06:44+00:00,False,False,never,,,2,2,,,,,0,3
dev_0005216,0,normal,,normal_standard,1,2026-01-29 16:09:35+00:00,False,False,never,,,1,1,,,,,0,1
dev_0005217,0,normal,,normal_standard,1,2026-01-27 04:34:32+00:00,False,False,never,,,1,1,,,,,0,1
dev_0005219,0,normal,,normal_standard,1,2026-01-30 13:01:45+00:00,False,False,never,,,1,1,,,,,0,4
dev_0005220,0,normal,,normal_standard,1,2026-01-30 12:28:53+00:00,False,False,never,,,1,1,,,,,0,0
dev_0005221,0,normal,,normal_standard,1,2026-01-01 23:35:03+00:00,False,False,never,,,1,1,,,,,0,1
dev_0005222,0,normal,,normal_standard,2,2026-01-09 08:39:29+00:00,False,False,never,,,2,2,,,,,0,0
dev_0005225,0,normal,,normal_standard,1,2026-01-27 22:15:58+00:00,False,False,never,,,1,1,,,,,0,4
dev_0005226,0,normal,,normal_standard,2,2026-01-10 05:53:15+00:00,False,False,never,,,2,2,,,,,0,4
dev_0005227,0,normal,,normal_standard,1,2026-01-26 16:07:42+00:00,False,False,never,,,1,1,,,,,0,2
dev_0005229,0,normal,,normal_standard,1,2026-01-16 12:20:43+00:00,False,False,never,,,1,1,,,,,0,3
dev_0005232,0,normal,,normal_standard,1,2026-01-30 07:27:39+00:00,False,False,never,,,1,1,,,,,0,2
dev_0005233,0,normal,,normal_standard,1,2026-01-10 06:55:13+00:00,False,False,never,,,1,1,,,,,0,2
dev_0005234,0,normal,,normal_standard,1,2026-01-18 05:20:55+00:00,False,False,never,,,1,1,,,,,0,3
dev_0005235,0,normal,,normal_standard,1,2026-01-01 13:43:14+00:00,False,False,never,,,1,1,,,,,0,3
dev_0005236,0,normal,,normal_standard,1,2026-01-07 06:24:43+00:00,False,False,never,,,1,1,,,,,0,1
dev_0005237,0,normal,,normal_standard,2,2026-01-12 21:48:39+00:00,False,False,never,,,2,2,,,,,0,3
dev_0005238,0,normal,,normal_standard,1,2026-01-17 10:44:53+00:00,False,False,never,,,1,1,,,,,0,2
dev_0005240,0,normal,,normal_standard,1,2026-01-07 21:07:21+00:00,False,False,never,,,1,1,,,,,0,4
dev_0005241,0,normal,,normal_standard,1,2026-01-22 16:26:46+00:00,False,False,never,,,1,1,,,,,0,2
dev_0005242,0,normal,,normal_standard,1,2026-01-26 19:52:22+00:00,False,False,never,,,1,1,,,,,0,2
dev_0005243,0,normal,,normal_standard,1,2026-01-07 23:00:08+00:00,False,False,never,,,1,1,,,,,0,0
dev_0005244,0,normal,,normal_standard,2,2026-01-06 18:17:56+00:00,False,False,never,,,2,2,,,,,0,4
dev_0005245,0,normal,,normal_standard,1,2026-01-10 22:45:36+00:00,False,False,never,,,1,1,,,,,0,4
dev_0005247,0,normal,,normal_standard,1,2026-01-22 07:11:29+00:00,False,False,never,,,1,1,,,,,0,1
dev_0005248,0,normal,,normal_standard,2,2026-01-08 21:25:34+00:00,False,False,never,,,2,2,,,,,0,0
dev_0005249,0,normal,,normal_standard,1,2026-01-12 15:39:47+00:00,False,False,never,,,1,1,,,,,0,1
dev_0005250,0,normal,,normal_standard,1,2026-01-07 08:15:33+00:00,False,False,never,,,1,1,,,,,0,1
dev_0005252,0,normal,,normal_standard,1,2026-01-22 00:02:56+00:00,False,False,never,,,1,1,,,,,0,0
dev_0005255,0,normal,,normal_standard,1,2026-01-19 11:58:24+00:00,False,False,never,,,1,1,,,,,0,3
dev_0005256,0,normal,,normal_standard,2,2026-01-22 05:16:44+00:00,False,False,never,,,2,2,,,,,0,1
dev_0005257,0,normal,,normal_standard,1,2026-01-25 06:14:40+00:00,False,False,never,,,1,1,,,,,0,4
dev_0005258,0,normal,,normal_standard,3,2026-01-20 03:56:40+00:00,False,False,never,,,3,3,,,,,0,3
dev_0005260,0,normal,,normal_standard,2,2026-01-12 21:52:12+00:00,False,False,never,,,2,2,,,,,0,4
dev_0005261,0,normal,,normal_standard,1,2026-01-04 07:23:57+00:00,False,False,never,,,1,1,,,,,0,4
dev_0005262,0,normal,,normal_standard,1,2026-01-15 22:14:31+00:00,False,False,never,,,1,1,,,,,0,4
dev_0005263,0,normal,,normal_standard,1,2026-01-04 02:37:26+00:00,False,False,never,,,1,1,,,,,0,0
dev_0005264,0,normal,,normal_standard,1,2026-01-09 13:59:54+00:00,False,False,never,,,1,1,,,,,0,2
dev_0005266,0,normal,,normal_standard,1,2026-01-09 23:11:16+00:00,False,False,never,,,1,1,,,,,0,3
dev_0005267,0,normal,,normal_standard,1,2026-01-30 20:42:04+00:00,False,False,never,,,1,1,,,,,0,0
dev_0005270,0,normal,,normal_standard,3,2026-01-24 13:29:30+00:00,False,False,never,,,3,3,,,,,0,1
dev_0005271,0,normal,,normal_standard,1,2026-01-05 03:41:56+00:00,False,False,never,,,1,1,,,,,0,2
dev_0005272,0,normal,,normal_standard,1,2026-01-05 08:27:16+00:00,False,False,never,,,1,1,,,,,0,3
dev_0005273,0,normal,,normal_standard,1,2026-01-01 09:58:42+00:00,False,False,never,,,1,1,,,,,0,1
dev_0005274,0,normal,,normal_standard,1,2026-01-18 14:43:43+00:00,False,False,never,,,1,1,,,,,0,4
dev_0005275,0,normal,,normal_standard,1,2026-01-03 08:48:39+00:00,False,False,never,,,1,1,,,,,0,4
dev_0005276,0,normal,,normal_standard,3,2026-01-04 16:02:53+00:00,False,False,never,,,3,3,,,,,0,1
dev_0005277,0,normal,,normal_standard,1,2026-01-10 15:47:36+00:00,False,False,never,,,1,1,,,,,0,4
dev_0005278,0,normal,,normal_standard,1,2026-01-21 12:41:05+00:00,False,False,never,,,1,1,,,,,0,4
dev_0005280,0,normal,,normal_standard,2,2026-01-28 13:16:25+00:00,False,False,never,,,2,2,,,,,0,1
dev_0005281,0,normal,,normal_standard,1,2026-01-23 03:51:29+00:00,False,False,never,,,1,1,,,,,0,3
dev_0005282,0,normal,,normal_standard,1,2026-01-01 05:47:48+00:00,False,False,never,,,1,1,,,,,0,1
dev_0005283,0,normal,,normal_standard,1,2026-01-02 00:03:49+00:00,False,False,never,,,1,1,,,,,0,2
dev_0005284,0,normal,,normal_standard,1,2026-01-12 10:07:53+00:00,False,False,never,,,1,1,,,,,0,0
dev_0005286,0,normal,,normal_standard,1,2026-01-02 02:40:28+00:00,False,False,never,,,1,1,,,,,0,1
dev_0005288,0,normal,,normal_standard,1,2026-01-12 07:18:08+00:00,False,False,never,,,1,1,,,,,0,0
dev_0005289,0,normal,,normal_standard,1,2026-01-09 08:28:38+00:00,False,False,never,,,1,1,,,,,0,1
dev_0005290,0,normal,,normal_standard,3,2026-01-21 00:25:14+00:00,False,False,never,,,3,3,,,,,0,3
dev_0005291,0,normal,,normal_standard,3,2026-01-08 08:15:38+00:00,False,False,never,,,3,3,,,,,0,0
dev_0005292,0,normal,,normal_standard,2,2026-01-23 13:27:01+00:00,False,False,never,,,2,2,,,,,0,4
dev_0005294,0,normal,,normal_standard,2,2026-01-17 23:19:19+00:00,False,False,never,,,2,2,,,,,0,3
dev_0005295,0,normal,,normal_standard,1,2026-01-20 17:02:25+00:00,False,False,never,,,1,1,,,,,0,2
dev_0005296,0,normal,,normal_standard,1,2026-01-08 18:02:28+00:00,False,False,never,,,1,1,,,,,0,0
dev_0005297,0,normal,,normal_standard,1,2026-01-21 02:12:20+00:00,False,False,never,,,1,1,,,,,0,2
dev_0005299,0,normal,,normal_standard,1,2026-01-06 02:12:20+00:00,False,False,never,,,1,1,,,,,0,4
dev_0005300,0,normal,,normal_standard,1,2026-01-08 10:14:52+00:00,False,False,never,,,1,1,,,,,0,1
dev_0005301,0,normal,,normal_standard,1,2026-01-25 09:48:14+00:00,False,False,never,,,1,1,,,,,0,2
dev_0005302,0,normal,,normal_standard,1,2026-01-12 16:38:12+00:00,False,False,never,,,1,1,,,,,0,0
dev_0005303,0,normal,,normal_standard,1,2026-01-02 16:36:24+00:00,False,False,never,,,1,1,,,,,0,0
dev_0005304,0,normal,,normal_standard,3,2026-01-03 16:01:07+00:00,False,False,never,,,3,3,,,,,0,3
dev_0005305,0,normal,,normal_standard,1,2026-01-29 09:20:03+00:00,False,False,never,,,1,1,,,,,0,4
dev_0005306,0,normal,,normal_standard,1,2026-01-10 18:01:38+00:00,False,False,never,,,1,1,,,,,0,1
dev_0005307,0,normal,,normal_standard,1,2026-01-09 08:24:27+00:00,False,False,never,,,1,1,,,,,0,1
dev_0005308,0,normal,,normal_standard,1,2026-01-29 15:17:41+00:00,False,False,never,,,1,1,,,,,0,2
dev_0005310,0,normal,,normal_standard,2,2026-01-21 21:07:31+00:00,False,False,never,,,2,2,,,,,0,3
dev_0005311,0,normal,,normal_standard,2,2026-01-03 02:17:37+00:00,False,False,never,,,2,2,,,,,0,1
dev_0005312,0,normal,,normal_standard,1,2026-01-15 05:13:34+00:00,False,False,never,,,1,1,,,,,0,1
dev_0005314,0,normal,,normal_standard,1,2026-01-05 12:42:56+00:00,False,False,never,,,1,1,,,,,0,3
dev_0005315,0,normal,,normal_standard,1,2026-01-12 18:06:48+00:00,False,False,never,,,1,1,,,,,0,0
dev_0005316,0,normal,,normal_standard,1,2026-01-10 17:14:54+00:00,False,False,never,,,1,1,,,,,0,0
dev_0005317,0,normal,,normal_standard,1,2026-01-26 06:48:33+00:00,False,False,never,,,1,1,,,,,0,2
dev_0005318,0,normal,,normal_standard,1,2026-01-27 03:58:32+00:00,False,False,never,,,1,1,,,,,0,3
dev_0005319,0,normal,,normal_standard,2,2026-01-13 03:40:27+00:00,False,False,never,,,2,2,,,,,0,0
dev_0005320,0,normal,,normal_standard,1,2026-01-02 20:43:11+00:00,False,False,never,,,1,1,,,,,0,1
dev_0005321,0,normal,,normal_standard,1,2026-01-30 00:32:20+00:00,False,False,never,,,1,1,,,,,0,4
dev_0005322,0,normal,,normal_standard,1,2026-01-06 23:57:03+00:00,False,False,never,,,1,1,,,,,0,3
dev_0005323,0,normal,,normal_standard,1,2026-01-19 21:14:04+00:00,False,False,never,,,1,1,,,,,0,4
dev_0005324,0,normal,,normal_standard,1,2026-01-06 15:13:04+00:00,False,False,never,,,1,1,,,,,0,0
dev_0005326,0,normal,,normal_standard,1,2026-01-20 03:31:25+00:00,False,False,never,,,1,1,,,,,0,4
dev_0005327,0,normal,,normal_standard,1,2026-01-06 22:20:37+00:00,False,False,never,,,1,1,,,,,0,2
dev_0005329,0,normal,,normal_standard,2,2026-01-10 01:15:07+00:00,False,False,never,,,2,2,,,,,0,1
dev_0005330,0,normal,,normal_standard,2,2026-01-14 02:56:41+00:00,False,False,never,,,2,2,,,,,0,1
dev_0005331,0,normal,,normal_standard,2,2026-01-14 02:58:01+00:00,False,False,never,,,2,2,,,,,0,1
dev_0005332,0,normal,,normal_standard,1,2026-01-25 16:11:40+00:00,False,False,never,,,1,1,,,,,0,2
dev_0005333,0,normal,,normal_standard,1,2026-01-22 18:09:37+00:00,False,False,never,,,1,1,,,,,0,2
dev_0005334,0,normal,,normal_standard,1,2026-01-03 16:05:50+00:00,False,False,never,,,1,1,,,,,0,2
dev_0005336,0,normal,,normal_standard,1,2026-01-01 12:30:45+00:00,False,False,never,,,1,1,,,,,0,1
dev_0005337,0,normal,,normal_standard,1,2026-01-30 09:17:07+00:00,False,False,never,,,1,1,,,,,0,2
dev_0005338,0,normal,,normal_standard,1,2026-01-11 16:37:09+00:00,False,False,never,,,1,1,,,,,0,2
dev_0005340,0,normal,,normal_standard,1,2026-01-08 07:03:22+00:00,False,False,never,,,1,1,,,,,0,0
dev_0005341,0,normal,,normal_standard,1,2026-01-03 12:56:02+00:00,False,False,never,,,1,1,,,,,0,1
dev_0005342,0,normal,,normal_standard,1,2026-01-04 13:00:36+00:00,False,False,never,,,1,1,,,,,0,3
dev_0005344,0,normal,,normal_standard,3,2026-01-11 04:01:56+00:00,False,False,never,,,3,3,,,,,0,2
dev_0005345,0,normal,,normal_standard,1,2026-01-02 18:17:57+00:00,False,False,never,,,1,1,,,,,0,2
dev_0005346,0,normal,,normal_standard,1,2026-01-21 09:29:52+00:00,False,False,never,,,1,1,,,,,0,1
dev_0005347,0,normal,,normal_standard,1,2026-01-29 15:50:47+00:00,False,False,never,,,1,1,,,,,0,0
dev_0005348,0,normal,,normal_standard,1,2026-01-24 14:50:36+00:00,False,False,never,,,1,1,,,,,0,1
dev_0005349,0,normal,,normal_standard,1,2026-01-17 19:58:25+00:00,False,False,never,,,1,1,,,,,0,1
dev_0005351,0,normal,,normal_standard,1,2026-01-08 16:54:07+00:00,False,False,never,,,1,1,,,,,0,4
dev_0005352,0,normal,,normal_standard,1,2026-01-27 02:44:30+00:00,False,False,never,,,1,1,,,,,0,1
dev_0005353,0,normal,,normal_standard,1,2026-01-15 15:14:18+00:00,False,False,never,,,1,1,,,,,0,0
dev_0005355,0,normal,,normal_standard,1,2026-01-04 23:34:58+00:00,False,False,never,,,1,1,,,,,0,4
dev_0005356,0,normal,,normal_standard,1,2026-01-13 13:30:26+00:00,False,False,never,,,1,1,,,,,0,4
dev_0005358,0,normal,,normal_standard,2,2026-01-20 18:12:54+00:00,False,False,never,,,2,2,,,,,0,4
dev_0005359,0,normal,,normal_standard,1,2026-01-21 00:09:25+00:00,False,False,never,,,1,1,,,,,0,1
dev_0005361,0,normal,,normal_standard,1,2026-01-29 07:19:47+00:00,False,False,never,,,1,1,,,,,0,2
dev_0005363,0,normal,,normal_standard,1,2026-01-04 15:45:32+00:00,False,False,never,,,1,1,,,,,0,4
dev_0005364,0,normal,,normal_standard,1,2026-01-22 04:55:51+00:00,False,False,never,,,1,1,,,,,0,3
dev_0005365,0,normal,,normal_standard,2,2026-01-07 05:19:42+00:00,False,False,never,,,2,2,,,,,0,3
dev_0005367,0,normal,,normal_standard,2,2026-01-26 14:42:29+00:00,False,False,never,,,2,2,,,,,0,0
dev_0005368,0,normal,,normal_standard,2,2026-01-23 01:01:39+00:00,False,False,never,,,2,2,,,,,0,4
dev_0005369,0,normal,,normal_standard,2,2026-01-05 11:03:07+00:00,False,False,never,,,2,2,,,,,0,3
dev_0005370,0,normal,,normal_standard,1,2026-01-03 21:44:58+00:00,False,False,never,,,1,1,,,,,0,2
dev_0005371,0,normal,,normal_standard,1,2026-01-13 05:25:43+00:00,False,False,never,,,1,1,,,,,0,3
dev_0005372,0,normal,,normal_standard,1,2026-01-18 13:48:06+00:00,False,False,never,,,1,1,,,,,0,1
dev_0005373,0,normal,,normal_standard,1,2026-01-20 05:48:11+00:00,False,False,never,,,1,1,,,,,0,0
dev_0005374,0,normal,,normal_standard,1,2026-01-17 21:01:29+00:00,False,False,never,,,1,1,,,,,0,1
dev_0005376,0,normal,,normal_standard,1,2026-01-08 11:13:12+00:00,False,False,never,,,1,1,,,,,0,2
dev_0005377,0,normal,,normal_standard,1,2026-01-27 12:25:56+00:00,False,False,never,,,1,1,,,,,0,0
dev_0005378,0,normal,,normal_standard,1,2026-01-10 04:13:16+00:00,False,False,never,,,1,1,,,,,0,2
dev_0005379,0,normal,,normal_standard,1,2026-01-09 07:55:45+00:00,False,False,never,,,1,1,,,,,0,4
dev_0005380,0,normal,,normal_standard,1,2026-01-11 05:26:36+00:00,False,False,never,,,1,1,,,,,0,2
dev_0005381,0,normal,,normal_standard,1,2026-01-30 18:38:13+00:00,False,False,never,,,1,1,,,,,0,4
dev_0005382,0,normal,,normal_standard,1,2026-01-08 09:15:57+00:00,False,False,never,,,1,1,,,,,0,4
dev_0005383,0,normal,,normal_standard,1,2026-01-23 21:08:44+00:00,False,False,never,,,1,1,,,,,0,1
dev_0005384,0,normal,,normal_standard,1,2026-01-27 10:30:57+00:00,False,False,never,,,1,1,,,,,0,4
dev_0005385,0,normal,,normal_standard,1,2026-01-21 10:36:41+00:00,False,False,never,,,1,1,,,,,0,2
dev_0005386,0,normal,,normal_standard,2,2026-01-18 01:19:43+00:00,False,False,never,,,2,2,,,,,0,1
dev_0005388,0,normal,,normal_standard,1,2026-01-19 22:07:37+00:00,False,False,never,,,1,1,,,,,0,1
dev_0005389,0,normal,,normal_standard,1,2026-01-14 19:21:28+00:00,False,False,never,,,1,1,,,,,0,1
dev_0005391,0,normal,,normal_standard,1,2026-01-15 09:29:38+00:00,False,False,never,,,1,1,,,,,0,1
dev_0005392,0,normal,,normal_standard,1,2026-01-13 23:28:28+00:00,False,False,never,,,1,1,,,,,0,3
dev_0005394,0,normal,,normal_standard,1,2026-01-25 18:05:45+00:00,False,False,never,,,1,1,,,,,0,4
dev_0005395,0,normal,,normal_standard,1,2026-01-11 15:34:52+00:00,False,False,never,,,1,1,,,,,0,0
dev_0005396,0,normal,,normal_standard,1,2026-01-09 07:54:39+00:00,False,False,never,,,1,1,,,,,0,2
dev_0005397,0,normal,,normal_standard,1,2026-01-21 06:09:40+00:00,False,False,never,,,1,1,,,,,0,3
dev_0005399,0,normal,,normal_standard,1,2026-01-15 15:47:15+00:00,False,False,never,,,1,1,,,,,0,3
dev_0005400,0,normal,,normal_standard,1,2026-01-21 00:31:37+00:00,False,False,never,,,1,1,,,,,0,2
dev_0005401,0,normal,,normal_standard,2,2026-01-16 19:27:36+00:00,False,False,never,,,2,2,,,,,0,0
dev_0005402,0,normal,,normal_standard,1,2026-01-29 04:07:49+00:00,False,False,never,,,1,1,,,,,0,2
dev_0005403,0,normal,,normal_standard,1,2026-01-15 14:37:28+00:00,False,False,never,,,1,1,,,,,0,4
dev_0005404,0,normal,,normal_standard,1,2026-01-12 12:35:14+00:00,False,False,never,,,1,1,,,,,0,0
dev_0005405,0,normal,,normal_standard,1,2026-01-22 02:23:33+00:00,False,False,never,,,1,1,,,,,0,3
dev_0005406,0,normal,,normal_standard,1,2026-01-04 15:24:42+00:00,False,False,never,,,1,1,,,,,0,0
dev_0005407,0,normal,,normal_standard,1,2026-01-01 07:54:38+00:00,False,False,never,,,1,1,,,,,0,3
dev_0005409,0,normal,,normal_standard,1,2026-01-21 01:35:08+00:00,False,False,never,,,1,1,,,,,0,2
dev_0005411,0,normal,,normal_standard,1,2026-01-24 18:47:13+00:00,False,False,never,,,1,1,,,,,0,0
dev_0005412,0,normal,,normal_standard,3,2026-01-15 12:28:54+00:00,False,False,never,,,3,3,,,,,0,1
dev_0005413,0,normal,,normal_standard,1,2026-01-10 06:15:44+00:00,False,False,never,,,1,1,,,,,0,0
dev_0005414,0,normal,,normal_standard,1,2026-01-20 02:40:41+00:00,False,False,never,,,1,1,,,,,0,2
dev_0005416,0,normal,,normal_standard,1,2026-01-02 07:11:43+00:00,False,False,never,,,1,1,,,,,0,3
dev_0005417,0,normal,,normal_standard,2,2026-01-04 12:59:59+00:00,False,False,never,,,2,2,,,,,0,1
dev_0005418,0,normal,,normal_standard,1,2026-01-13 09:17:21+00:00,False,False,never,,,1,1,,,,,0,2
dev_0005419,0,normal,,normal_standard,2,2026-01-19 13:31:14+00:00,False,False,never,,,2,2,,,,,0,0
dev_0005420,0,normal,,normal_standard,1,2026-01-28 04:00:29+00:00,False,False,never,,,1,1,,,,,0,3
dev_0005421,0,normal,,normal_standard,1,2026-01-24 17:18:27+00:00,False,False,never,,,1,1,,,,,0,1
dev_0005422,0,normal,,normal_standard,1,2026-01-14 04:06:45+00:00,False,False,never,,,1,1,,,,,0,1
dev_0005424,0,normal,,normal_standard,1,2026-01-09 01:23:44+00:00,False,False,never,,,1,1,,,,,0,1
dev_0005425,0,normal,,normal_standard,1,2026-01-07 22:39:18+00:00,False,False,never,,,1,1,,,,,0,3
dev_0005426,0,normal,,normal_standard,1,2026-01-01 05:02:09+00:00,False,False,never,,,1,1,,,,,0,0
dev_0005427,0,normal,,normal_standard,1,2026-01-17 18:03:15+00:00,False,False,never,,,1,1,,,,,0,1
dev_0005429,0,normal,,normal_standard,2,2026-01-27 15:44:50+00:00,False,False,never,,,2,2,,,,,0,3
dev_0005430,0,normal,,normal_standard,2,2026-01-21 21:03:50+00:00,False,False,never,,,2,2,,,,,0,3
dev_0005431,0,normal,,normal_standard,1,2026-01-16 00:03:45+00:00,False,False,never,,,1,1,,,,,0,3
dev_0005432,0,normal,,normal_standard,1,2026-01-04 21:37:16+00:00,False,False,never,,,1,1,,,,,0,4
dev_0005434,0,normal,,normal_standard,1,2026-01-23 14:32:53+00:00,False,False,never,,,1,1,,,,,0,4
dev_0005437,0,normal,,normal_standard,1,2026-01-05 00:50:40+00:00,False,False,never,,,1,1,,,,,0,4
dev_0005438,0,normal,,normal_standard,1,2026-01-22 17:45:46+00:00,False,False,never,,,1,1,,,,,0,2
dev_0005439,0,normal,,normal_standard,1,2026-01-22 16:48:49+00:00,False,False,never,,,1,1,,,,,0,3
dev_0005440,0,normal,,normal_standard,1,2026-01-16 05:33:25+00:00,False,False,never,,,1,1,,,,,0,2
dev_0005441,0,normal,,normal_standard,1,2026-01-22 18:59:47+00:00,False,False,never,,,1,1,,,,,0,1
dev_0005442,0,normal,,normal_standard,1,2026-01-21 07:01:56+00:00,False,False,never,,,1,1,,,,,0,0
dev_0005443,0,normal,,normal_standard,1,2026-01-01 12:51:51+00:00,False,False,never,,,1,1,,,,,0,2
dev_0005444,0,normal,,normal_standard,3,2026-01-16 21:54:29+00:00,False,False,never,,,3,3,,,,,0,1
dev_0005445,0,normal,,normal_standard,1,2026-01-21 06:38:14+00:00,False,False,never,,,1,1,,,,,0,2
dev_0005447,0,normal,,normal_standard,1,2026-01-10 19:48:46+00:00,False,False,never,,,1,1,,,,,0,0
dev_0005449,0,normal,,normal_standard,1,2026-01-13 03:30:41+00:00,False,False,never,,,1,1,,,,,0,3
dev_0005450,0,normal,,normal_standard,1,2026-01-19 09:23:46+00:00,False,False,never,,,1,1,,,,,0,0
dev_0005451,0,normal,,normal_standard,1,2026-01-28 14:27:29+00:00,False,False,never,,,1,1,,,,,0,2
dev_0005452,0,normal,,normal_standard,1,2026-01-12 06:59:26+00:00,False,False,never,,,1,1,,,,,0,3
dev_0005453,0,normal,,normal_standard,1,2026-01-03 08:36:32+00:00,False,False,never,,,1,1,,,,,0,1
dev_0005454,0,normal,,normal_standard,1,2026-01-05 08:24:33+00:00,False,False,never,,,1,1,,,,,0,1
dev_0005455,0,normal,,normal_standard,1,2026-01-02 07:49:44+00:00,False,False,never,,,1,1,,,,,0,3
dev_0005456,0,normal,,normal_standard,1,2026-01-02 00:58:57+00:00,False,False,never,,,1,1,,,,,0,1
dev_0005457,0,normal,,normal_standard,1,2026-01-26 00:26:10+00:00,False,False,never,,,1,1,,,,,0,1
dev_0005459,0,normal,,normal_standard,1,2026-01-12 21:14:55+00:00,False,False,never,,,1,1,,,,,0,0
dev_0005460,0,normal,,normal_standard,2,2026-01-06 16:07:57+00:00,False,False,never,,,2,2,,,,,0,2
dev_0005461,0,normal,,normal_standard,1,2026-01-03 13:59:58+00:00,False,False,never,,,1,1,,,,,0,4
dev_0005462,0,normal,,normal_standard,1,2026-01-03 08:24:18+00:00,False,False,never,,,1,1,,,,,0,3
dev_0005463,0,normal,,normal_standard,1,2026-01-15 12:45:57+00:00,False,False,never,,,1,1,,,,,0,3
dev_0005464,0,normal,,normal_standard,1,2026-01-11 23:47:39+00:00,False,False,never,,,1,1,,,,,0,3
dev_0005465,0,normal,,normal_standard,1,2026-01-26 15:42:33+00:00,False,False,never,,,1,1,,,,,0,1
dev_0005467,0,normal,,normal_standard,1,2026-01-06 14:48:24+00:00,False,False,never,,,1,1,,,,,0,4
dev_0005468,0,normal,,normal_standard,2,2026-01-20 00:32:18+00:00,False,False,never,,,2,2,,,,,0,3
dev_0005471,0,normal,,normal_standard,2,2026-01-04 18:54:35+00:00,False,False,never,,,2,2,,,,,0,0
dev_0005472,0,normal,,normal_standard,3,2026-01-14 01:58:43+00:00,False,False,never,,,3,3,,,,,0,1
dev_0005474,0,normal,,normal_standard,1,2026-01-05 22:28:20+00:00,False,False,never,,,1,1,,,,,0,2
dev_0005475,0,normal,,normal_standard,1,2026-01-28 04:41:49+00:00,False,False,never,,,1,1,,,,,0,1
dev_0005478,0,normal,,normal_standard,1,2026-01-09 13:05:24+00:00,False,False,never,,,1,1,,,,,0,0
dev_0005479,0,normal,,normal_standard,1,2026-01-06 12:43:09+00:00,False,False,never,,,1,1,,,,,0,1
dev_0005480,0,normal,,normal_standard,2,2026-01-26 03:01:14+00:00,False,False,never,,,2,2,,,,,0,0
dev_0005481,0,normal,,normal_standard,1,2026-01-28 03:18:49+00:00,False,False,never,,,1,1,,,,,0,0
dev_0005483,0,normal,,normal_standard,1,2026-01-03 08:07:39+00:00,False,False,never,,,1,1,,,,,0,2
dev_0005484,0,normal,,normal_standard,1,2026-01-28 23:44:19+00:00,False,False,never,,,1,1,,,,,0,2
dev_0005485,0,normal,,normal_standard,1,2026-01-23 03:59:15+00:00,False,False,never,,,1,1,,,,,0,0
dev_0005487,0,normal,,normal_standard,2,2026-01-13 20:38:37+00:00,False,False,never,,,2,2,,,,,0,2
dev_0005489,0,normal,,normal_standard,3,2026-01-21 07:37:36+00:00,False,False,never,,,3,3,,,,,0,4
dev_0005490,0,normal,,normal_standard,1,2026-01-29 14:59:55+00:00,False,False,never,,,1,1,,,,,0,1
dev_0005492,0,normal,,normal_standard,1,2026-01-27 22:00:06+00:00,False,False,never,,,1,1,,,,,0,3
dev_0005493,0,normal,,normal_standard,3,2026-01-07 22:07:43+00:00,False,False,never,,,3,3,,,,,0,4
dev_0005494,0,normal,,normal_standard,2,2026-01-06 02:59:34+00:00,False,False,never,,,2,2,,,,,0,0
dev_0005495,0,normal,,normal_standard,1,2026-01-19 15:47:36+00:00,False,False,never,,,1,1,,,,,0,0
dev_0005497,0,normal,,normal_standard,2,2026-01-17 21:42:02+00:00,False,False,never,,,2,2,,,,,0,0
dev_0005498,0,normal,,normal_standard,1,2026-01-23 10:20:38+00:00,False,False,never,,,1,1,,,,,0,3
dev_0005499,0,normal,,normal_standard,2,2026-01-17 22:44:53+00:00,False,False,never,,,2,2,,,,,0,3
dev_0005501,0,normal,,normal_standard,1,2026-01-19 17:50:40+00:00,False,False,never,,,1,1,,,,,0,2
dev_0005502,0,normal,,normal_standard,1,2026-01-19 04:56:27+00:00,False,False,never,,,1,1,,,,,0,2
dev_0005503,0,normal,,normal_standard,1,2026-01-13 09:22:32+00:00,False,False,never,,,1,1,,,,,0,2
dev_0005504,0,normal,,normal_standard,2,2026-01-26 13:15:36+00:00,False,False,never,,,2,2,,,,,0,2
dev_0005505,0,normal,,normal_standard,1,2026-01-05 09:52:56+00:00,False,False,never,,,1,1,,,,,0,2
dev_0005506,0,normal,,normal_standard,1,2026-01-15 01:09:33+00:00,False,False,never,,,1,1,,,,,0,2
dev_0005507,0,normal,,normal_standard,1,2026-01-25 03:00:43+00:00,False,False,never,,,1,1,,,,,0,4
dev_0005508,0,normal,,normal_standard,1,2026-01-02 17:36:51+00:00,False,False,never,,,1,1,,,,,0,4
dev_0005509,0,normal,,normal_standard,1,2026-01-13 19:59:05+00:00,False,False,never,,,1,1,,,,,0,4
dev_0005510,0,normal,,normal_standard,2,2026-01-04 02:17:42+00:00,False,False,never,,,2,2,,,,,0,0
dev_0005512,0,normal,,normal_standard,1,2026-01-14 23:54:23+00:00,False,False,never,,,1,1,,,,,0,4
dev_0005514,0,normal,,normal_standard,1,2026-01-11 16:58:05+00:00,False,False,never,,,1,1,,,,,0,4
dev_0005515,0,normal,,normal_standard,1,2026-01-09 01:10:28+00:00,False,False,never,,,1,1,,,,,0,1
dev_0005516,0,normal,,normal_standard,2,2026-01-10 23:38:38+00:00,False,False,never,,,2,2,,,,,0,4
dev_0005517,0,normal,,normal_standard,3,2026-01-29 08:38:56+00:00,False,False,never,,,3,3,,,,,0,1
dev_0005519,0,normal,,normal_standard,1,2026-01-14 13:31:38+00:00,False,False,never,,,1,1,,,,,0,0
dev_0005521,0,normal,,normal_standard,2,2026-01-14 07:12:55+00:00,False,False,never,,,2,2,,,,,0,1
dev_0005522,0,normal,,normal_standard,1,2026-01-29 04:35:50+00:00,False,False,never,,,1,1,,,,,0,3
dev_0005523,0,normal,,normal_standard,1,2026-01-04 15:01:10+00:00,False,False,never,,,1,1,,,,,0,0
dev_0005525,0,normal,,normal_standard,1,2026-01-28 15:24:15+00:00,False,False,never,,,1,1,,,,,0,3
dev_0005526,0,normal,,normal_standard,1,2026-01-04 11:09:46+00:00,False,False,never,,,1,1,,,,,0,2
dev_0005527,0,normal,,normal_standard,1,2026-01-23 00:13:03+00:00,False,False,never,,,1,1,,,,,0,3
dev_0005528,0,normal,,normal_standard,1,2026-01-02 16:09:07+00:00,False,False,never,,,1,1,,,,,0,2
dev_0005530,0,normal,,normal_standard,2,2026-01-30 15:57:09+00:00,False,False,never,,,2,2,,,,,0,3
dev_0005531,0,normal,,normal_standard,1,2026-01-02 13:31:40+00:00,False,False,never,,,1,1,,,,,0,4
dev_0005532,0,normal,,normal_standard,1,2026-01-12 02:32:51+00:00,False,False,never,,,1,1,,,,,0,1
dev_0005533,0,normal,,normal_standard,2,2026-01-25 10:20:22+00:00,False,False,never,,,2,2,,,,,0,4
dev_0005534,0,normal,,normal_standard,1,2026-01-06 17:33:30+00:00,False,False,never,,,1,1,,,,,0,4
dev_0005535,0,normal,,normal_standard,1,2026-01-15 11:50:10+00:00,False,False,never,,,1,1,,,,,0,1
dev_0005537,0,normal,,normal_standard,1,2026-01-27 13:50:40+00:00,False,False,never,,,1,1,,,,,0,1
dev_0005538,0,normal,,normal_standard,2,2026-01-24 17:12:58+00:00,False,False,never,,,2,2,,,,,0,0
dev_0005540,0,normal,,normal_standard,1,2026-01-16 18:54:26+00:00,False,False,never,,,1,1,,,,,0,3
dev_0005541,0,normal,,normal_standard,2,2026-01-06 06:49:30+00:00,False,False,never,,,2,2,,,,,0,0
dev_0005542,0,normal,,normal_standard,1,2026-01-12 04:44:59+00:00,False,False,never,,,1,1,,,,,0,4
dev_0005543,0,normal,,normal_standard,1,2026-01-06 16:43:09+00:00,False,False,never,,,1,1,,,,,0,2
dev_0005544,0,normal,,normal_standard,1,2026-01-30 07:20:57+00:00,False,False,never,,,1,1,,,,,0,1
dev_0005545,0,normal,,normal_standard,1,2026-01-11 23:57:43+00:00,False,False,never,,,1,1,,,,,0,4
dev_0005547,0,normal,,normal_standard,1,2026-01-26 21:24:58+00:00,False,False,never,,,1,1,,,,,0,1
dev_0005549,0,normal,,normal_standard,1,2026-01-22 10:09:04+00:00,False,False,never,,,1,1,,,,,0,1
dev_0005550,0,normal,,normal_standard,2,2026-01-07 18:54:37+00:00,False,False,never,,,2,2,,,,,0,1
dev_0005551,0,normal,,normal_standard,1,2026-01-03 23:09:34+00:00,False,False,never,,,1,1,,,,,0,0
dev_0005552,0,normal,,normal_standard,1,2026-01-22 22:53:35+00:00,False,False,never,,,1,1,,,,,0,4
dev_0005553,0,normal,,normal_standard,1,2026-01-30 12:13:48+00:00,False,False,never,,,1,1,,,,,0,3
dev_0005555,0,normal,,normal_standard,1,2026-01-09 05:27:42+00:00,False,False,never,,,1,1,,,,,0,0
dev_0005556,0,normal,,normal_standard,1,2026-01-14 20:35:03+00:00,False,False,never,,,1,1,,,,,0,0
dev_0005557,0,normal,,normal_standard,1,2026-01-03 05:20:17+00:00,False,False,never,,,1,1,,,,,0,1
dev_0005558,0,normal,,normal_standard,1,2026-01-07 05:26:00+00:00,False,False,never,,,1,1,,,,,0,2
dev_0005559,0,normal,,normal_standard,1,2026-01-03 16:35:10+00:00,False,False,never,,,1,1,,,,,0,3
dev_0005560,0,normal,,normal_standard,1,2026-01-07 15:12:30+00:00,False,False,never,,,1,1,,,,,0,1
dev_0005561,0,normal,,normal_standard,1,2026-01-08 14:08:44+00:00,False,False,never,,,1,1,,,,,0,0
dev_0005563,0,normal,,normal_standard,1,2026-01-22 15:46:11+00:00,False,False,never,,,1,1,,,,,0,2
dev_0005566,0,normal,,normal_standard,2,2026-01-03 06:04:15+00:00,False,False,never,,,2,2,,,,,0,1
dev_0005569,0,normal,,normal_standard,1,2026-01-10 22:50:12+00:00,False,False,never,,,1,1,,,,,0,3
dev_0005570,0,normal,,normal_standard,1,2026-01-02 02:47:27+00:00,False,False,never,,,1,1,,,,,0,3
dev_0005571,0,normal,,normal_standard,1,2026-01-23 09:05:03+00:00,False,False,never,,,1,1,,,,,0,4
dev_0005572,0,normal,,normal_standard,1,2026-01-06 15:30:34+00:00,False,False,never,,,1,1,,,,,0,4
dev_0005573,0,normal,,normal_standard,1,2026-01-20 17:15:14+00:00,False,False,never,,,1,1,,,,,0,1
dev_0005574,0,normal,,normal_standard,1,2026-01-13 16:32:05+00:00,False,False,never,,,1,1,,,,,0,1
dev_0005575,0,normal,,normal_standard,1,2026-01-16 11:45:45+00:00,False,False,never,,,1,1,,,,,0,2
dev_0005576,0,normal,,normal_standard,1,2026-01-24 06:26:38+00:00,False,False,never,,,1,1,,,,,0,3
dev_0005577,0,normal,,normal_standard,1,2026-01-25 06:20:32+00:00,False,False,never,,,1,1,,,,,0,3
dev_0005578,0,normal,,normal_standard,1,2026-01-27 22:46:48+00:00,False,False,never,,,1,1,,,,,0,1
dev_0005579,0,normal,,normal_standard,2,2026-01-03 07:04:43+00:00,False,False,never,,,2,2,,,,,0,0
dev_0005580,0,normal,,normal_standard,1,2026-01-28 14:06:27+00:00,False,False,never,,,1,1,,,,,0,4
dev_0005582,0,normal,,normal_standard,1,2026-01-10 16:21:08+00:00,False,False,never,,,1,1,,,,,0,1
dev_0005583,0,normal,,normal_standard,2,2026-01-28 20:21:37+00:00,False,False,never,,,2,2,,,,,0,2
dev_0005584,0,normal,,normal_standard,1,2026-01-05 15:57:50+00:00,False,False,never,,,1,1,,,,,0,4
dev_0005585,0,normal,,normal_standard,1,2026-01-09 04:44:39+00:00,False,False,never,,,1,1,,,,,0,3
dev_0005587,0,normal,,normal_standard,1,2026-01-02 04:58:36+00:00,False,False,never,,,1,1,,,,,0,2
dev_0005589,0,normal,,normal_standard,1,2026-01-19 10:27:55+00:00,False,False,never,,,1,1,,,,,0,1
dev_0005590,0,normal,,normal_standard,1,2026-01-23 03:46:19+00:00,False,False,never,,,1,1,,,,,0,4
dev_0005591,0,normal,,normal_standard,1,2026-01-29 16:56:41+00:00,False,False,never,,,1,1,,,,,0,0
dev_0005592,0,normal,,normal_standard,1,2026-01-09 21:16:25+00:00,False,False,never,,,1,1,,,,,0,2
dev_0005593,0,normal,,normal_standard,1,2026-01-01 19:48:31+00:00,False,False,never,,,1,1,,,,,0,4
dev_0005594,0,normal,,normal_standard,1,2026-01-10 15:47:20+00:00,False,False,never,,,1,1,,,,,0,2
dev_0005596,0,normal,,normal_standard,1,2026-01-28 11:00:29+00:00,False,False,never,,,1,1,,,,,0,1
dev_0005597,0,normal,,normal_standard,1,2026-01-17 18:13:53+00:00,False,False,never,,,1,1,,,,,0,4
dev_0005598,0,normal,,normal_standard,1,2026-01-11 14:18:26+00:00,False,False,never,,,1,1,,,,,0,1
dev_0005600,0,normal,,normal_standard,1,2026-01-29 07:11:15+00:00,False,False,never,,,1,1,,,,,0,2
dev_0005601,0,normal,,normal_standard,1,2026-01-29 09:02:23+00:00,False,False,never,,,1,1,,,,,0,3
dev_0005602,0,normal,,normal_standard,2,2026-01-28 15:13:06+00:00,False,False,never,,,2,2,,,,,0,0
dev_0005603,0,normal,,normal_standard,1,2026-01-03 07:31:58+00:00,False,False,never,,,1,1,,,,,0,3
dev_0005607,0,normal,,normal_standard,1,2026-01-15 12:11:20+00:00,False,False,never,,,1,1,,,,,0,3
dev_0005609,0,normal,,normal_standard,2,2026-01-13 19:34:41+00:00,False,False,never,,,2,2,,,,,0,1
dev_0005610,0,normal,,normal_standard,1,2026-01-08 07:27:50+00:00,False,False,never,,,1,1,,,,,0,2
dev_0005611,0,normal,,normal_standard,1,2026-01-19 01:24:11+00:00,False,False,never,,,1,1,,,,,0,4
dev_0005613,0,normal,,normal_standard,1,2026-01-08 02:03:35+00:00,False,False,never,,,1,1,,,,,0,3
dev_0005614,0,normal,,normal_standard,3,2026-01-13 19:54:09+00:00,False,False,never,,,3,3,,,,,0,2
dev_0005615,0,normal,,normal_standard,1,2026-01-14 19:40:24+00:00,False,False,never,,,1,1,,,,,0,1
dev_0005617,0,normal,,normal_standard,1,2026-01-03 15:18:52+00:00,False,False,never,,,1,1,,,,,0,0
dev_0005618,0,normal,,normal_standard,3,2026-01-06 18:26:22+00:00,False,False,never,,,3,3,,,,,0,4
dev_0005619,0,normal,,normal_standard,1,2026-01-26 13:43:45+00:00,False,False,never,,,1,1,,,,,0,4
dev_0005620,0,normal,,normal_standard,1,2026-01-12 14:48:32+00:00,False,False,never,,,1,1,,,,,0,0
dev_0005621,0,normal,,normal_standard,1,2026-01-13 20:08:57+00:00,False,False,never,,,1,1,,,,,0,2
dev_0005622,0,normal,,normal_standard,1,2026-01-05 21:04:41+00:00,False,False,never,,,1,1,,,,,0,0
dev_0005623,0,normal,,normal_standard,1,2026-01-16 06:45:47+00:00,False,False,never,,,1,1,,,,,0,0
dev_0005624,0,normal,,normal_standard,1,2026-01-04 06:06:54+00:00,False,False,never,,,1,1,,,,,0,4
dev_0005628,0,normal,,normal_standard,2,2026-01-24 00:23:54+00:00,False,False,never,,,2,2,,,,,0,0
dev_0005630,0,normal,,normal_standard,1,2026-01-20 11:07:49+00:00,False,False,never,,,1,1,,,,,0,3
dev_0005631,0,normal,,normal_standard,1,2026-01-17 08:25:43+00:00,False,False,never,,,1,1,,,,,0,2
dev_0005632,0,normal,,normal_standard,1,2026-01-20 13:19:35+00:00,False,False,never,,,1,1,,,,,0,0
dev_0005633,0,normal,,normal_standard,1,2026-01-12 11:58:51+00:00,False,False,never,,,1,1,,,,,0,3
dev_0005634,0,normal,,normal_standard,1,2026-01-29 04:47:37+00:00,False,False,never,,,1,1,,,,,0,2
dev_0005636,0,normal,,normal_standard,1,2026-01-10 15:23:28+00:00,False,False,never,,,1,1,,,,,0,0
dev_0005637,0,normal,,normal_standard,1,2026-01-05 19:39:27+00:00,False,False,never,,,1,1,,,,,0,1
dev_0005638,0,normal,,normal_standard,1,2026-01-04 22:24:03+00:00,False,False,never,,,1,1,,,,,0,0
dev_0005639,0,normal,,normal_standard,1,2026-01-23 14:52:33+00:00,False,False,never,,,1,1,,,,,0,3
dev_0005641,0,normal,,normal_standard,2,2026-01-22 05:23:08+00:00,False,False,never,,,2,2,,,,,0,2
dev_0005642,0,normal,,normal_standard,1,2026-01-28 11:03:49+00:00,False,False,never,,,1,1,,,,,0,3
dev_0005643,0,normal,,normal_standard,1,2026-01-25 04:19:53+00:00,False,False,never,,,1,1,,,,,0,3
dev_0005644,0,normal,,normal_standard,1,2026-01-23 15:17:39+00:00,False,False,never,,,1,1,,,,,0,1
dev_0005645,0,normal,,normal_standard,1,2026-01-10 23:02:39+00:00,False,False,never,,,1,1,,,,,0,4
dev_0005647,0,normal,,normal_standard,1,2026-01-03 02:48:13+00:00,False,False,never,,,1,1,,,,,0,2
dev_0005648,0,normal,,normal_standard,1,2026-01-26 12:14:22+00:00,False,False,never,,,1,1,,,,,0,3
dev_0005649,0,normal,,normal_standard,1,2026-01-09 19:52:29+00:00,False,False,never,,,1,1,,,,,0,2
dev_0005650,0,normal,,normal_standard,1,2026-01-27 04:38:59+00:00,False,False,never,,,1,1,,,,,0,3
dev_0005651,0,normal,,normal_standard,1,2026-01-12 21:16:15+00:00,False,False,never,,,1,1,,,,,0,3
dev_0005652,0,normal,,normal_standard,1,2026-01-28 08:24:27+00:00,False,False,never,,,1,1,,,,,0,0
dev_0005654,0,normal,,normal_standard,1,2026-01-05 16:21:47+00:00,False,False,never,,,1,1,,,,,0,1
dev_0005656,0,normal,,normal_standard,1,2026-01-02 04:06:37+00:00,False,False,never,,,1,1,,,,,0,3
dev_0005657,0,normal,,normal_standard,1,2026-01-06 10:58:13+00:00,False,False,never,,,1,1,,,,,0,3
dev_0005658,0,normal,,normal_standard,1,2026-01-09 13:39:12+00:00,False,False,never,,,1,1,,,,,0,3
dev_0005661,0,normal,,normal_standard,2,2026-01-03 21:47:01+00:00,False,False,never,,,2,2,,,,,0,3
dev_0005662,0,normal,,normal_standard,2,2026-01-22 14:00:22+00:00,False,False,never,,,2,2,,,,,0,1
dev_0005663,0,normal,,normal_standard,1,2026-01-17 22:53:38+00:00,False,False,never,,,1,1,,,,,0,1
dev_0005664,0,normal,,normal_standard,1,2026-01-25 14:49:49+00:00,False,False,never,,,1,1,,,,,0,2
dev_0005665,0,normal,,normal_standard,1,2026-01-30 01:40:48+00:00,False,False,never,,,1,1,,,,,0,0
dev_0005666,0,normal,,normal_standard,1,2026-01-21 10:07:22+00:00,False,False,never,,,1,1,,,,,0,4
dev_0005667,0,normal,,normal_standard,1,2026-01-22 05:45:51+00:00,False,False,never,,,1,1,,,,,0,4
dev_0005668,0,normal,,normal_standard,1,2026-01-04 22:27:20+00:00,False,False,never,,,1,1,,,,,0,4
dev_0005669,0,normal,,normal_standard,1,2026-01-24 06:17:32+00:00,False,False,never,,,1,1,,,,,0,3
dev_0005670,0,normal,,normal_standard,1,2026-01-13 08:05:34+00:00,False,False,never,,,1,1,,,,,0,0
dev_0005671,0,normal,,normal_standard,1,2026-01-19 01:08:23+00:00,False,False,never,,,1,1,,,,,0,4
dev_0005672,0,normal,,normal_standard,3,2026-01-13 14:30:43+00:00,False,False,never,,,3,3,,,,,0,0
dev_0005673,0,normal,,normal_standard,1,2026-01-09 20:03:37+00:00,False,False,never,,,1,1,,,,,0,2
dev_0005674,0,normal,,normal_standard,1,2026-01-02 04:54:32+00:00,False,False,never,,,1,1,,,,,0,3
dev_0005675,0,normal,,normal_standard,1,2026-01-18 01:48:26+00:00,False,False,never,,,1,1,,,,,0,2
dev_0005678,0,normal,,normal_standard,1,2026-01-14 14:03:59+00:00,False,False,never,,,1,1,,,,,0,3
dev_0005681,0,normal,,normal_standard,2,2026-01-24 11:04:39+00:00,False,False,never,,,2,2,,,,,0,1
dev_0005682,0,normal,,normal_standard,1,2026-01-12 12:03:28+00:00,False,False,never,,,1,1,,,,,0,0
dev_0005684,0,normal,,normal_standard,2,2026-01-11 23:06:56+00:00,False,False,never,,,2,2,,,,,0,4
dev_0005686,0,normal,,normal_standard,2,2026-01-12 04:33:47+00:00,False,False,never,,,2,2,,,,,0,0
dev_0005687,0,normal,,normal_standard,1,2026-01-10 16:49:22+00:00,False,False,never,,,1,1,,,,,0,1
dev_0005688,0,normal,,normal_standard,2,2026-01-09 09:53:03+00:00,False,False,never,,,2,2,,,,,0,4
dev_0005689,0,normal,,normal_standard,1,2026-01-09 04:57:45+00:00,False,False,never,,,1,1,,,,,0,3
dev_0005690,0,normal,,normal_standard,1,2026-01-12 08:18:38+00:00,False,False,never,,,1,1,,,,,0,2
dev_0005692,0,normal,,normal_standard,1,2026-01-18 06:09:11+00:00,False,False,never,,,1,1,,,,,0,2
dev_0005693,0,normal,,normal_standard,1,2026-01-15 17:42:26+00:00,False,False,never,,,1,1,,,,,0,3
dev_0005694,0,normal,,normal_standard,1,2026-01-30 07:44:30+00:00,False,False,never,,,1,1,,,,,0,0
dev_0005695,0,normal,,normal_standard,2,2026-01-11 09:46:06+00:00,False,False,never,,,2,2,,,,,0,3
dev_0005696,0,normal,,normal_standard,1,2026-01-20 02:14:55+00:00,False,False,never,,,1,1,,,,,0,0
dev_0005697,0,normal,,normal_standard,1,2026-01-21 12:38:00+00:00,False,False,never,,,1,1,,,,,0,3
dev_0005698,0,normal,,normal_standard,1,2026-01-14 05:43:16+00:00,False,False,never,,,1,1,,,,,0,3
dev_0005699,0,normal,,normal_standard,1,2026-01-04 16:50:40+00:00,False,False,never,,,1,1,,,,,0,1
dev_0005700,0,normal,,normal_standard,1,2026-01-11 18:32:36+00:00,False,False,never,,,1,1,,,,,0,4
dev_0005701,0,normal,,normal_standard,1,2026-01-18 14:25:17+00:00,False,False,never,,,1,1,,,,,0,4
dev_0005702,0,normal,,normal_standard,1,2026-01-26 09:49:41+00:00,False,False,never,,,1,1,,,,,0,4
dev_0005703,0,normal,,normal_standard,1,2026-01-15 00:23:18+00:00,False,False,never,,,1,1,,,,,0,2
dev_0005704,0,normal,,normal_standard,1,2026-01-26 10:25:45+00:00,False,False,never,,,1,1,,,,,0,2
dev_0005705,0,normal,,normal_standard,1,2026-01-11 08:02:50+00:00,False,False,never,,,1,1,,,,,0,1
dev_0005706,0,normal,,normal_standard,1,2026-01-27 02:34:54+00:00,False,False,never,,,1,1,,,,,0,1
dev_0005707,0,normal,,normal_standard,1,2026-01-05 10:43:42+00:00,False,False,never,,,1,1,,,,,0,1
dev_0005708,0,normal,,normal_standard,1,2026-01-09 13:42:24+00:00,False,False,never,,,1,1,,,,,0,4
dev_0005709,0,normal,,normal_standard,2,2026-01-30 16:51:10+00:00,False,False,never,,,2,2,,,,,0,4
dev_0005710,0,normal,,normal_standard,1,2026-01-19 19:14:57+00:00,False,False,never,,,1,1,,,,,0,3
dev_0005711,0,normal,,normal_standard,2,2026-01-19 07:45:44+00:00,False,False,never,,,2,2,,,,,0,4
dev_0005712,0,normal,,normal_standard,1,2026-01-08 07:39:38+00:00,False,False,never,,,1,1,,,,,0,3
dev_0005713,0,normal,,normal_standard,1,2026-01-07 17:06:48+00:00,False,False,never,,,1,1,,,,,0,4
dev_0005714,0,normal,,normal_standard,1,2026-01-01 21:56:35+00:00,False,False,never,,,1,1,,,,,0,0
dev_0005715,0,normal,,normal_standard,1,2026-01-23 03:49:27+00:00,False,False,never,,,1,1,,,,,0,1
dev_0005717,0,normal,,normal_standard,2,2026-01-26 17:52:20+00:00,False,False,never,,,2,2,,,,,0,1
dev_0005718,0,normal,,normal_standard,1,2026-01-29 08:53:39+00:00,False,False,never,,,1,1,,,,,0,2
dev_0005719,0,normal,,normal_standard,1,2026-01-06 11:51:27+00:00,False,False,never,,,1,1,,,,,0,1
dev_0005721,0,normal,,normal_standard,1,2026-01-10 15:58:48+00:00,False,False,never,,,1,1,,,,,0,3
dev_0005722,0,normal,,normal_standard,1,2026-01-11 18:50:19+00:00,False,False,never,,,1,1,,,,,0,2
dev_0005723,0,normal,,normal_standard,1,2026-01-22 12:51:24+00:00,False,False,never,,,1,1,,,,,0,3
dev_0005724,0,normal,,normal_standard,1,2026-01-05 01:48:40+00:00,False,False,never,,,1,1,,,,,0,0
dev_0005725,0,normal,,normal_standard,2,2026-01-14 05:23:51+00:00,False,False,never,,,2,2,,,,,0,2
dev_0005726,0,normal,,normal_standard,1,2026-01-28 10:39:33+00:00,False,False,never,,,1,1,,,,,0,2
dev_0005727,0,normal,,normal_standard,1,2026-01-08 02:45:21+00:00,False,False,never,,,1,1,,,,,0,2
dev_0005728,0,normal,,normal_standard,1,2026-01-23 10:42:13+00:00,False,False,never,,,1,1,,,,,0,4
dev_0005730,0,normal,,normal_standard,1,2026-01-02 23:40:47+00:00,False,False,never,,,1,1,,,,,0,4
dev_0005731,0,normal,,normal_standard,2,2026-01-04 17:48:19+00:00,False,False,never,,,2,2,,,,,0,2
dev_0005732,0,normal,,normal_standard,2,2026-01-19 22:58:25+00:00,False,False,never,,,2,2,,,,,0,1
dev_0005733,0,normal,,normal_standard,1,2026-01-24 12:49:43+00:00,False,False,never,,,1,1,,,,,0,1
dev_0005735,0,normal,,normal_standard,1,2026-01-24 03:10:07+00:00,False,False,never,,,1,1,,,,,0,2
dev_0005736,0,normal,,normal_standard,1,2026-01-15 19:50:25+00:00,False,False,never,,,1,1,,,,,0,3
dev_0005738,0,normal,,normal_standard,1,2026-01-28 13:47:49+00:00,False,False,never,,,1,1,,,,,0,0
dev_0005739,0,normal,,normal_standard,1,2026-01-22 01:18:08+00:00,False,False,never,,,1,1,,,,,0,4
dev_0005740,0,normal,,normal_standard,1,2026-01-23 01:32:38+00:00,False,False,never,,,1,1,,,,,0,4
dev_0005741,0,normal,,normal_standard,1,2026-01-10 16:35:02+00:00,False,False,never,,,1,1,,,,,0,4
dev_0005742,0,normal,,normal_standard,1,2026-01-09 02:40:12+00:00,False,False,never,,,1,1,,,,,0,4
dev_0005743,0,normal,,normal_standard,1,2026-01-05 11:02:51+00:00,False,False,never,,,1,1,,,,,0,3
dev_0005744,0,normal,,normal_standard,1,2026-01-12 19:39:55+00:00,False,False,never,,,1,1,,,,,0,2
dev_0005746,0,normal,,normal_standard,1,2026-01-18 17:17:12+00:00,False,False,never,,,1,1,,,,,0,1
dev_0005747,0,normal,,normal_standard,1,2026-01-25 13:48:38+00:00,False,False,never,,,1,1,,,,,0,4
dev_0005748,0,normal,,normal_standard,2,2026-01-21 04:50:43+00:00,False,False,never,,,2,2,,,,,0,3
dev_0005749,0,normal,,normal_standard,1,2026-01-14 02:41:26+00:00,False,False,never,,,1,1,,,,,0,0
dev_0005750,0,normal,,normal_standard,1,2026-01-26 01:59:48+00:00,False,False,never,,,1,1,,,,,0,1
dev_0005751,0,normal,,normal_standard,1,2026-01-07 17:37:12+00:00,False,False,never,,,1,1,,,,,0,2
dev_0005752,0,normal,,normal_standard,3,2026-01-04 05:00:48+00:00,False,False,never,,,3,3,,,,,0,3
dev_0005753,0,normal,,normal_standard,1,2026-01-07 06:58:36+00:00,False,False,never,,,1,1,,,,,0,0
dev_0005755,0,normal,,normal_standard,1,2026-01-25 07:13:26+00:00,False,False,never,,,1,1,,,,,0,4
dev_0005756,0,normal,,normal_standard,1,2026-01-16 11:20:33+00:00,False,False,never,,,1,1,,,,,0,3
dev_0005757,0,normal,,normal_standard,2,2026-01-08 14:33:19+00:00,False,False,never,,,2,2,,,,,0,1
dev_0005758,0,normal,,normal_standard,1,2026-01-04 22:55:18+00:00,False,False,never,,,1,1,,,,,0,1
dev_0005759,0,normal,,normal_standard,1,2026-01-06 05:49:21+00:00,False,False,never,,,1,1,,,,,0,0
dev_0005760,0,normal,,normal_standard,1,2026-01-23 20:47:57+00:00,False,False,never,,,1,1,,,,,0,4
dev_0005761,0,normal,,normal_standard,1,2026-01-20 04:33:02+00:00,False,False,never,,,1,1,,,,,0,3
dev_0005762,0,normal,,normal_standard,1,2026-01-24 19:36:54+00:00,False,False,never,,,1,1,,,,,0,1
dev_0005763,0,normal,,normal_standard,1,2026-01-08 08:50:36+00:00,False,False,never,,,1,1,,,,,0,2
dev_0005764,0,normal,,normal_standard,1,2026-01-26 02:25:03+00:00,False,False,never,,,1,1,,,,,0,2
dev_0005765,0,normal,,normal_standard,1,2026-01-27 07:50:32+00:00,False,False,never,,,1,1,,,,,0,3
dev_0005767,0,normal,,normal_standard,1,2026-01-06 19:31:15+00:00,False,False,never,,,1,1,,,,,0,0
dev_0005768,0,normal,,normal_standard,1,2026-01-11 22:30:40+00:00,False,False,never,,,1,1,,,,,0,3
dev_0005769,0,normal,,normal_standard,1,2026-01-26 03:31:34+00:00,False,False,never,,,1,1,,,,,0,2
dev_0005770,0,normal,,normal_standard,1,2026-01-10 11:26:24+00:00,False,False,never,,,1,1,,,,,0,0
dev_0005771,0,normal,,normal_standard,1,2026-01-11 07:47:18+00:00,False,False,never,,,1,1,,,,,0,3
dev_0005772,0,normal,,normal_standard,1,2026-01-16 01:31:54+00:00,False,False,never,,,1,1,,,,,0,1
dev_0005773,0,normal,,normal_standard,1,2026-01-20 06:47:11+00:00,False,False,never,,,1,1,,,,,0,4
dev_0005774,0,normal,,normal_standard,1,2026-01-08 01:16:14+00:00,False,False,never,,,1,1,,,,,0,3
dev_0005777,0,normal,,normal_standard,2,2026-01-21 15:29:57+00:00,False,False,never,,,2,2,,,,,0,1
dev_0005778,0,normal,,normal_standard,1,2026-01-04 07:27:54+00:00,False,False,never,,,1,1,,,,,0,4
dev_0005779,0,normal,,normal_standard,1,2026-01-06 08:17:43+00:00,False,False,never,,,1,1,,,,,0,1
dev_0005780,0,normal,,normal_standard,1,2026-01-05 12:14:05+00:00,False,False,never,,,1,1,,,,,0,4
dev_0005781,0,normal,,normal_standard,1,2026-01-27 10:52:23+00:00,False,False,never,,,1,1,,,,,0,3
dev_0005782,0,normal,,normal_standard,1,2026-01-28 05:20:52+00:00,False,False,never,,,1,1,,,,,0,2
dev_0005783,0,normal,,normal_standard,1,2026-01-19 10:39:56+00:00,False,False,never,,,1,1,,,,,0,3
dev_0005784,0,normal,,normal_standard,1,2026-01-03 15:40:21+00:00,False,False,never,,,1,1,,,,,0,1
dev_0005785,0,normal,,normal_standard,1,2026-01-22 22:00:11+00:00,False,False,never,,,1,1,,,,,0,3
dev_0005786,0,normal,,normal_standard,1,2026-01-04 00:46:50+00:00,False,False,never,,,1,1,,,,,0,1
dev_0005787,0,normal,,normal_standard,2,2026-01-02 10:02:12+00:00,False,False,never,,,2,2,,,,,0,3
dev_0005788,0,normal,,normal_standard,1,2026-01-05 01:21:19+00:00,False,False,never,,,1,1,,,,,0,3
dev_0005789,0,normal,,normal_standard,1,2026-01-18 11:30:38+00:00,False,False,never,,,1,1,,,,,0,3
dev_0005790,0,normal,,normal_standard,1,2026-01-08 04:10:19+00:00,False,False,never,,,1,1,,,,,0,0
dev_0005791,0,normal,,normal_standard,1,2026-01-08 19:54:57+00:00,False,False,never,,,1,1,,,,,0,0
dev_0005792,0,normal,,normal_standard,1,2026-01-21 15:43:32+00:00,False,False,never,,,1,1,,,,,0,1
dev_0005793,0,normal,,normal_standard,1,2026-01-07 16:09:41+00:00,False,False,never,,,1,1,,,,,0,3
dev_0005794,0,normal,,normal_standard,1,2026-01-07 19:28:17+00:00,False,False,never,,,1,1,,,,,0,3
dev_0005796,0,normal,,normal_standard,1,2026-01-15 06:44:49+00:00,False,False,never,,,1,1,,,,,0,2
dev_0005797,0,normal,,normal_standard,1,2026-01-20 15:45:24+00:00,False,False,never,,,1,1,,,,,0,4
dev_0005798,0,normal,,normal_standard,2,2026-01-12 15:16:47+00:00,False,False,never,,,2,2,,,,,0,0
dev_0005799,0,normal,,normal_standard,1,2026-01-27 01:02:34+00:00,False,False,never,,,1,1,,,,,0,1
dev_0005800,0,normal,,normal_standard,1,2026-01-28 01:45:58+00:00,False,False,never,,,1,1,,,,,0,4
dev_0005801,0,normal,,normal_standard,1,2026-01-14 15:23:37+00:00,False,False,never,,,1,1,,,,,0,4
dev_0005803,0,normal,,normal_standard,1,2026-01-17 02:34:35+00:00,False,False,never,,,1,1,,,,,0,2
dev_0005804,0,normal,,normal_standard,1,2026-01-03 12:15:05+00:00,False,False,never,,,1,1,,,,,0,1
dev_0005805,0,normal,,normal_standard,1,2026-01-28 09:56:37+00:00,False,False,never,,,1,1,,,,,0,1
dev_0005806,0,normal,,normal_standard,1,2026-01-15 08:36:19+00:00,False,False,never,,,1,1,,,,,0,2
dev_0005809,0,normal,,normal_standard,1,2026-01-25 20:01:30+00:00,False,False,never,,,1,1,,,,,0,2
dev_0005810,0,normal,,normal_standard,2,2026-01-24 03:11:40+00:00,False,False,never,,,2,2,,,,,0,4
dev_0005811,0,normal,,normal_standard,1,2026-01-15 00:10:00+00:00,False,False,never,,,1,1,,,,,0,3
dev_0005812,0,normal,,normal_standard,3,2026-01-10 05:01:10+00:00,False,False,never,,,3,3,,,,,0,2
dev_0005813,0,normal,,normal_standard,1,2026-01-28 20:48:19+00:00,False,False,never,,,1,1,,,,,0,1
dev_0005814,0,normal,,normal_standard,1,2026-01-18 03:57:25+00:00,False,False,never,,,1,1,,,,,0,2
dev_0005815,0,normal,,normal_standard,1,2026-01-03 12:03:44+00:00,False,False,never,,,1,1,,,,,0,4
dev_0005817,0,normal,,normal_standard,1,2026-01-18 14:01:32+00:00,False,False,never,,,1,1,,,,,0,1
dev_0005818,0,normal,,normal_standard,1,2026-01-02 02:47:59+00:00,False,False,never,,,1,1,,,,,0,3
dev_0005819,0,normal,,normal_standard,1,2026-01-22 18:43:55+00:00,False,False,never,,,1,1,,,,,0,4
dev_0005821,0,normal,,normal_standard,1,2026-01-03 16:34:00+00:00,False,False,never,,,1,1,,,,,0,2
dev_0005822,0,normal,,normal_standard,1,2026-01-16 23:47:03+00:00,False,False,never,,,1,1,,,,,0,0
dev_0005823,0,normal,,normal_standard,1,2026-01-09 15:29:47+00:00,False,False,never,,,1,1,,,,,0,2
dev_0005824,0,normal,,normal_standard,2,2026-01-22 21:51:03+00:00,False,False,never,,,2,2,,,,,0,4
dev_0005825,0,normal,,normal_standard,1,2026-01-22 05:21:35+00:00,False,False,never,,,1,1,,,,,0,1
dev_0005826,0,normal,,normal_standard,1,2026-01-14 06:43:15+00:00,False,False,never,,,1,1,,,,,0,2
dev_0005828,0,normal,,normal_standard,1,2026-01-04 04:17:08+00:00,False,False,never,,,1,1,,,,,0,4
dev_0005829,0,normal,,normal_standard,1,2026-01-09 07:17:53+00:00,False,False,never,,,1,1,,,,,0,2
dev_0005831,0,normal,,normal_standard,1,2026-01-18 02:26:23+00:00,False,False,never,,,1,1,,,,,0,3
dev_0005832,0,normal,,normal_standard,1,2026-01-08 11:22:22+00:00,False,False,never,,,1,1,,,,,0,1
dev_0005834,0,normal,,normal_standard,1,2026-01-04 04:56:29+00:00,False,False,never,,,1,1,,,,,0,4
dev_0005835,0,normal,,normal_standard,1,2026-01-17 00:59:59+00:00,False,False,never,,,1,1,,,,,0,0
dev_0005836,0,normal,,normal_standard,2,2026-01-11 17:09:25+00:00,False,False,never,,,2,2,,,,,0,0
dev_0005837,0,normal,,normal_standard,1,2026-01-23 17:58:38+00:00,False,False,never,,,1,1,,,,,0,2
dev_0005838,0,normal,,normal_standard,1,2026-01-08 15:05:41+00:00,False,False,never,,,1,1,,,,,0,2
dev_0005839,0,normal,,normal_standard,1,2026-01-04 12:17:53+00:00,False,False,never,,,1,1,,,,,0,3
dev_0005840,0,normal,,normal_standard,1,2026-01-09 13:42:14+00:00,False,False,never,,,1,1,,,,,0,1
dev_0005842,0,normal,,normal_standard,1,2026-01-01 23:27:38+00:00,False,False,never,,,1,1,,,,,0,3
dev_0005843,0,normal,,normal_standard,1,2026-01-26 05:06:36+00:00,False,False,never,,,1,1,,,,,0,4
dev_0005844,0,normal,,normal_standard,2,2026-01-07 01:48:53+00:00,False,False,never,,,2,2,,,,,0,1
dev_0005845,0,normal,,normal_standard,1,2026-01-13 00:13:05+00:00,False,False,never,,,1,1,,,,,0,0
dev_0005846,0,normal,,normal_standard,1,2026-01-04 00:54:23+00:00,False,False,never,,,1,1,,,,,0,0
dev_0005847,0,normal,,normal_standard,1,2026-01-21 11:12:09+00:00,False,False,never,,,1,1,,,,,0,1
dev_0005848,0,normal,,normal_standard,1,2026-01-08 01:51:50+00:00,False,False,never,,,1,1,,,,,0,0
dev_0005849,0,normal,,normal_standard,1,2026-01-03 17:18:54+00:00,False,False,never,,,1,1,,,,,0,2
dev_0005850,0,normal,,normal_standard,4,2026-01-18 16:44:45+00:00,False,False,never,,,4,4,,,,,0,1
dev_0005851,0,normal,,normal_standard,1,2026-01-11 12:14:16+00:00,False,False,never,,,1,1,,,,,0,2
dev_0005852,0,normal,,normal_standard,3,2026-01-10 11:28:41+00:00,False,False,never,,,3,3,,,,,0,0
dev_0005854,0,normal,,normal_standard,1,2026-01-27 23:33:50+00:00,False,False,never,,,1,1,,,,,0,0
dev_0005855,0,normal,,normal_standard,1,2026-01-06 20:43:45+00:00,False,False,never,,,1,1,,,,,0,4
dev_0005856,0,normal,,normal_standard,1,2026-01-16 05:27:45+00:00,False,False,never,,,1,1,,,,,0,1
dev_0005858,0,normal,,normal_standard,1,2026-01-05 18:34:24+00:00,False,False,never,,,1,1,,,,,0,1
dev_0005859,0,normal,,normal_standard,1,2026-01-18 22:44:34+00:00,False,False,never,,,1,1,,,,,0,1
dev_0005860,0,normal,,normal_standard,1,2026-01-11 12:50:26+00:00,False,False,never,,,1,1,,,,,0,1
dev_0005861,0,normal,,normal_standard,1,2026-01-25 16:07:20+00:00,False,False,never,,,1,1,,,,,0,0
dev_0005862,0,normal,,normal_standard,1,2026-01-16 18:26:00+00:00,False,False,never,,,1,1,,,,,0,0
dev_0005863,0,normal,,normal_standard,1,2026-01-13 09:59:27+00:00,False,False,never,,,1,1,,,,,0,1
dev_0005865,0,normal,,normal_standard,1,2026-01-01 08:36:37+00:00,False,False,never,,,1,1,,,,,0,4
dev_0005866,0,normal,,normal_standard,1,2026-01-25 08:45:52+00:00,False,False,never,,,1,1,,,,,0,1
dev_0005868,0,normal,,normal_standard,2,2026-01-07 16:29:27+00:00,False,False,never,,,2,2,,,,,0,3
dev_0005871,0,normal,,normal_standard,2,2026-01-05 21:49:04+00:00,False,False,never,,,2,2,,,,,0,4
dev_0005872,0,normal,,normal_standard,1,2026-01-17 01:01:49+00:00,False,False,never,,,1,1,,,,,0,1
dev_0005873,0,normal,,normal_standard,1,2026-01-21 08:38:18+00:00,False,False,never,,,1,1,,,,,0,3
dev_0005875,0,normal,,normal_standard,1,2026-01-15 13:00:50+00:00,False,False,never,,,1,1,,,,,0,4
dev_0005876,0,normal,,normal_standard,1,2026-01-07 10:32:19+00:00,False,False,never,,,1,1,,,,,0,1
dev_0005877,0,normal,,normal_standard,1,2026-01-25 17:48:35+00:00,False,False,never,,,1,1,,,,,0,4
dev_0005878,0,normal,,normal_standard,3,2026-01-06 23:33:49+00:00,False,False,never,,,3,3,,,,,0,0
dev_0005879,0,normal,,normal_standard,2,2026-01-12 12:13:29+00:00,False,False,never,,,2,2,,,,,0,2
dev_0005880,0,normal,,normal_standard,1,2026-01-05 00:14:47+00:00,False,False,never,,,1,1,,,,,0,2
dev_0005881,0,normal,,normal_standard,1,2026-01-18 12:45:20+00:00,False,False,never,,,1,1,,,,,0,2
dev_0005882,0,normal,,normal_standard,3,2026-01-16 21:19:53+00:00,False,False,never,,,3,3,,,,,0,2
dev_0005884,0,normal,,normal_standard,1,2026-01-02 19:09:46+00:00,False,False,never,,,1,1,,,,,0,3
dev_0005885,0,normal,,normal_standard,1,2026-01-16 00:24:31+00:00,False,False,never,,,1,1,,,,,0,0
dev_0005887,0,normal,,normal_standard,1,2026-01-25 16:33:14+00:00,False,False,never,,,1,1,,,,,0,0
dev_0005888,0,normal,,normal_standard,1,2026-01-21 12:02:12+00:00,False,False,never,,,1,1,,,,,0,3
dev_0005889,0,normal,,normal_standard,1,2026-01-17 04:25:07+00:00,False,False,never,,,1,1,,,,,0,0
dev_0005890,0,normal,,normal_standard,1,2026-01-05 18:05:04+00:00,False,False,never,,,1,1,,,,,0,3
dev_0005891,0,normal,,normal_standard,1,2026-01-14 03:30:48+00:00,False,False,never,,,1,1,,,,,0,4
dev_0005892,0,normal,,normal_standard,1,2026-01-05 04:53:45+00:00,False,False,never,,,1,1,,,,,0,4
dev_0005893,0,normal,,normal_standard,1,2026-01-21 04:18:22+00:00,False,False,never,,,1,1,,,,,0,4
dev_0005894,0,normal,,normal_standard,1,2026-01-16 21:12:24+00:00,False,False,never,,,1,1,,,,,0,1
dev_0005895,0,normal,,normal_standard,1,2026-01-08 13:40:56+00:00,False,False,never,,,1,1,,,,,0,0
dev_0005896,0,normal,,normal_standard,1,2026-01-29 01:20:34+00:00,False,False,never,,,1,1,,,,,0,2
dev_0005897,0,normal,,normal_standard,1,2026-01-10 14:33:59+00:00,False,False,never,,,1,1,,,,,0,1
dev_0005898,0,normal,,normal_standard,1,2026-01-25 21:56:43+00:00,False,False,never,,,1,1,,,,,0,1
dev_0005899,0,normal,,normal_standard,1,2026-01-27 09:59:13+00:00,False,False,never,,,1,1,,,,,0,3
dev_0005901,0,normal,,normal_standard,1,2026-01-04 14:53:16+00:00,False,False,never,,,1,1,,,,,0,2
dev_0005902,0,normal,,normal_standard,1,2026-01-29 19:28:07+00:00,False,False,never,,,1,1,,,,,0,3
dev_0005905,0,normal,,normal_standard,1,2026-01-29 23:54:45+00:00,False,False,never,,,1,1,,,,,0,2
dev_0005906,0,normal,,normal_standard,1,2026-01-09 06:34:07+00:00,False,False,never,,,1,1,,,,,0,0
dev_0005907,0,normal,,normal_standard,1,2026-01-12 05:39:39+00:00,False,False,never,,,1,1,,,,,0,0
dev_0005909,0,normal,,normal_standard,1,2026-01-10 08:39:17+00:00,False,False,never,,,1,1,,,,,0,0
dev_0005910,0,normal,,normal_standard,1,2026-01-02 20:14:37+00:00,False,False,never,,,1,1,,,,,0,3
dev_0005912,0,normal,,normal_standard,2,2026-01-24 07:02:52+00:00,False,False,never,,,2,2,,,,,0,1
dev_0005914,0,normal,,normal_standard,1,2026-01-29 09:11:02+00:00,False,False,never,,,1,1,,,,,0,1
dev_0005915,0,normal,,normal_standard,1,2026-01-02 20:54:57+00:00,False,False,never,,,1,1,,,,,0,3
dev_0005916,0,normal,,normal_standard,1,2026-01-03 19:28:07+00:00,False,False,never,,,1,1,,,,,0,2
dev_0005917,0,normal,,normal_standard,1,2026-01-06 16:35:06+00:00,False,False,never,,,1,1,,,,,0,3
dev_0005918,0,normal,,normal_standard,1,2026-01-20 10:47:26+00:00,False,False,never,,,1,1,,,,,0,0
dev_0005919,0,normal,,normal_standard,2,2026-01-09 11:22:59+00:00,False,False,never,,,2,2,,,,,0,3
dev_0005920,0,normal,,normal_standard,1,2026-01-13 18:01:24+00:00,False,False,never,,,1,1,,,,,0,3
dev_0005921,0,normal,,normal_standard,2,2026-01-15 08:38:41+00:00,False,False,never,,,2,2,,,,,0,4
dev_0005922,0,normal,,normal_standard,1,2026-01-29 20:54:00+00:00,False,False,never,,,1,1,,,,,0,0
dev_0005923,0,normal,,normal_standard,1,2026-01-30 16:08:07+00:00,False,False,never,,,1,1,,,,,0,3
dev_0005925,0,normal,,normal_standard,3,2026-01-04 22:45:02+00:00,False,False,never,,,3,3,,,,,0,2
dev_0005927,0,normal,,normal_standard,1,2026-01-06 02:10:10+00:00,False,False,never,,,1,1,,,,,0,2
dev_0005928,0,normal,,normal_standard,4,2026-01-20 09:22:35+00:00,False,False,never,,,4,4,,,,,0,4
dev_0005929,0,normal,,normal_standard,2,2026-01-26 00:30:09+00:00,False,False,never,,,2,2,,,,,0,4
dev_0005930,0,normal,,normal_standard,1,2026-01-27 17:31:56+00:00,False,False,never,,,1,1,,,,,0,2
dev_0005931,0,normal,,normal_standard,1,2026-01-23 22:18:41+00:00,False,False,never,,,1,1,,,,,0,2
dev_0005932,0,normal,,normal_standard,1,2026-01-16 13:00:47+00:00,False,False,never,,,1,1,,,,,0,4
dev_0005933,0,normal,,normal_standard,1,2026-01-22 01:57:06+00:00,False,False,never,,,1,1,,,,,0,0
dev_0005934,0,normal,,normal_standard,1,2026-01-03 21:11:31+00:00,False,False,never,,,1,1,,,,,0,3
dev_0005936,0,normal,,normal_standard,1,2026-01-21 01:27:27+00:00,False,False,never,,,1,1,,,,,0,1
dev_0005938,0,normal,,normal_standard,1,2026-01-30 00:09:01+00:00,False,False,never,,,1,1,,,,,0,1
dev_0005940,0,normal,,normal_standard,1,2026-01-30 06:45:25+00:00,False,False,never,,,1,1,,,,,0,2
dev_0005942,0,normal,,normal_standard,1,2026-01-23 16:03:53+00:00,False,False,never,,,1,1,,,,,0,3
dev_0005943,0,normal,,normal_standard,1,2026-01-25 07:04:13+00:00,False,False,never,,,1,1,,,,,0,0
dev_0005944,0,normal,,normal_standard,1,2026-01-06 13:32:46+00:00,False,False,never,,,1,1,,,,,0,3
dev_0005945,0,normal,,normal_standard,1,2026-01-17 14:31:07+00:00,False,False,never,,,1,1,,,,,0,0
dev_0005946,0,normal,,normal_standard,1,2026-01-27 23:58:35+00:00,False,False,never,,,1,1,,,,,0,0
dev_0005947,0,normal,,normal_standard,1,2026-01-05 22:00:36+00:00,False,False,never,,,1,1,,,,,0,2
dev_0005948,0,normal,,normal_standard,2,2026-01-11 18:31:33+00:00,False,False,never,,,2,2,,,,,0,4
dev_0005949,0,normal,,normal_standard,3,2026-01-14 18:27:20+00:00,False,False,never,,,3,3,,,,,0,0
dev_0005950,0,normal,,normal_standard,2,2026-01-22 10:36:01+00:00,False,False,never,,,2,2,,,,,0,1
dev_0005951,0,normal,,normal_standard,2,2026-01-09 18:48:48+00:00,False,False,never,,,2,2,,,,,0,4
dev_0005952,0,normal,,normal_standard,1,2026-01-06 15:30:53+00:00,False,False,never,,,1,1,,,,,0,3
dev_0005953,0,normal,,normal_standard,1,2026-01-26 04:24:59+00:00,False,False,never,,,1,1,,,,,0,2
dev_0005954,0,normal,,normal_standard,1,2026-01-25 20:33:02+00:00,False,False,never,,,1,1,,,,,0,4
dev_0005955,0,normal,,normal_standard,1,2026-01-18 15:57:25+00:00,False,False,never,,,1,1,,,,,0,1
dev_0005956,0,normal,,normal_standard,4,2026-01-06 18:16:28+00:00,False,False,never,,,4,4,,,,,0,4
dev_0005959,0,normal,,normal_standard,1,2026-01-05 15:19:24+00:00,False,False,never,,,1,1,,,,,0,1
dev_0005962,0,normal,,normal_standard,1,2026-01-27 23:03:17+00:00,False,False,never,,,1,1,,,,,0,0
dev_0005963,0,normal,,normal_standard,2,2026-01-27 06:21:54+00:00,False,False,never,,,2,2,,,,,0,0
dev_0005964,0,normal,,normal_standard,1,2026-01-07 13:27:04+00:00,False,False,never,,,1,1,,,,,0,4
dev_0005965,0,normal,,normal_standard,1,2026-01-17 18:23:40+00:00,False,False,never,,,1,1,,,,,0,3
dev_0005966,0,normal,,normal_standard,1,2026-01-24 15:27:40+00:00,False,False,never,,,1,1,,,,,0,2
dev_0005969,0,normal,,normal_standard,1,2026-01-30 16:49:09+00:00,False,False,never,,,1,1,,,,,0,0
dev_0005970,0,normal,,normal_standard,2,2026-01-09 15:17:09+00:00,False,False,never,,,2,2,,,,,0,1
dev_0005971,0,normal,,normal_standard,2,2026-01-16 14:45:02+00:00,False,False,never,,,2,2,,,,,0,3
dev_0005972,0,normal,,normal_standard,1,2026-01-22 12:26:26+00:00,False,False,never,,,1,1,,,,,0,3
dev_0005973,0,normal,,normal_standard,1,2026-01-26 00:58:46+00:00,False,False,never,,,1,1,,,,,0,0
dev_0005974,0,normal,,normal_standard,1,2026-01-15 13:20:12+00:00,False,False,never,,,1,1,,,,,0,4
dev_0005975,0,normal,,normal_standard,1,2026-01-13 18:39:15+00:00,False,False,never,,,1,1,,,,,0,3
dev_0005977,0,normal,,normal_standard,1,2026-01-29 23:08:34+00:00,False,False,never,,,1,1,,,,,0,0
dev_0005978,0,normal,,normal_standard,1,2026-01-15 14:49:04+00:00,False,False,never,,,1,1,,,,,0,0
dev_0005979,0,normal,,normal_standard,1,2026-01-27 07:07:41+00:00,False,False,never,,,1,1,,,,,0,2
dev_0005980,0,normal,,normal_standard,1,2026-01-26 11:39:37+00:00,False,False,never,,,1,1,,,,,0,3
dev_0005981,0,normal,,normal_standard,2,2026-01-16 11:47:17+00:00,False,False,never,,,2,2,,,,,0,4
dev_0005982,0,normal,,normal_standard,1,2026-01-29 06:33:45+00:00,False,False,never,,,1,1,,,,,0,4
dev_0005983,0,normal,,normal_standard,1,2026-01-17 21:36:59+00:00,False,False,never,,,1,1,,,,,0,0
dev_0005984,0,normal,,normal_standard,1,2026-01-17 05:04:30+00:00,False,False,never,,,1,1,,,,,0,0
dev_0005986,0,normal,,normal_standard,1,2026-01-01 04:27:09+00:00,False,False,never,,,1,1,,,,,0,1
dev_0005988,0,normal,,normal_standard,1,2026-01-16 05:22:49+00:00,False,False,never,,,1,1,,,,,0,3
dev_0005989,0,normal,,normal_standard,1,2026-01-04 01:28:37+00:00,False,False,never,,,1,1,,,,,0,2
dev_0005991,0,normal,,normal_standard,1,2026-01-14 02:31:17+00:00,False,False,never,,,1,1,,,,,0,2
dev_0005993,0,normal,,normal_standard,1,2026-01-23 01:34:08+00:00,False,False,never,,,1,1,,,,,0,1
dev_0005994,0,normal,,normal_standard,1,2026-01-21 20:32:01+00:00,False,False,never,,,1,1,,,,,0,4
dev_0005995,0,normal,,normal_standard,1,2026-01-22 21:11:46+00:00,False,False,never,,,1,1,,,,,0,4
dev_0005996,0,normal,,normal_standard,1,2026-01-23 00:41:19+00:00,False,False,never,,,1,1,,,,,0,3
dev_0005998,0,normal,,normal_standard,1,2026-01-24 06:04:26+00:00,False,False,never,,,1,1,,,,,0,2
dev_0005999,0,normal,,normal_standard,1,2026-01-17 09:27:34+00:00,False,False,never,,,1,1,,,,,0,3
dev_0006000,0,normal,,normal_standard,1,2026-01-02 02:09:25+00:00,False,False,never,,,1,1,,,,,0,1
dev_0006001,0,normal,,normal_bad_luck,3,2026-01-03 10:58:12+00:00,False,False,never,,,3,3,,,,,0,0
dev_0006002,0,normal,,normal_bad_luck,9,2026-01-17 16:01:13+00:00,True,True,review,5,6,5,4,5,4,259292,259340,3,1
dev_0006004,0,normal,,normal_bad_luck,3,2026-01-24 13:22:19+00:00,False,False,never,,,3,3,,,,,0,3
dev_0006005,0,normal,,normal_bad_luck,3,2026-01-27 01:44:30+00:00,False,False,never,,,3,3,,,,,0,3
dev_0006006,0,normal,,normal_bad_luck,3,2026-01-26 23:34:26+00:00,False,False,never,,,3,3,,,,,0,0
dev_0006007,0,normal,,normal_bad_luck,3,2026-01-03 09:06:24+00:00,False,False,never,,,3,3,,,,,0,3
dev_0006008,0,normal,,normal_bad_luck,3,2026-01-20 12:34:04+00:00,False,False,never,,,3,3,,,,,0,1
dev_0006009,0,normal,,normal_bad_luck,6,2026-01-17 02:45:08+00:00,False,False,never,,,6,6,,,,,0,2
dev_0006010,0,normal,,normal_bad_luck,3,2026-01-14 23:35:56+00:00,False,False,never,,,3,3,,,,,0,0
dev_0006012,0,normal,,normal_bad_luck,3,2026-01-26 12:00:22+00:00,False,False,never,,,3,3,,,,,0,1
dev_0006013,0,normal,,normal_bad_luck,3,2026-01-24 13:36:31+00:00,False,False,never,,,3,3,,,,,0,4
dev_0006014,0,normal,,normal_bad_luck,4,2026-01-30 19:26:22+00:00,False,False,never,,,4,4,,,,,0,3
dev_0006016,0,normal,,normal_bad_luck,3,2026-01-15 10:33:25+00:00,False,False,never,,,3,3,,,,,0,0
dev_0006017,0,normal,,normal_bad_luck,3,2026-01-28 22:24:26+00:00,False,False,never,,,3,3,,,,,0,2
dev_0006018,0,normal,,normal_bad_luck,6,2026-01-16 00:55:10+00:00,False,False,never,,,6,6,,,,,0,1
dev_0006019,0,normal,,normal_bad_luck,3,2026-01-26 10:43:56+00:00,False,False,never,,,3,3,,,,,0,3
dev_0006020,0,normal,,normal_bad_luck,3,2026-01-24 22:12:50+00:00,False,False,never,,,3,3,,,,,0,1
dev_0006021,0,normal,,normal_bad_luck,4,2026-01-02 03:37:43+00:00,False,False,never,,,4,4,,,,,0,4
dev_0006022,0,normal,,normal_bad_luck,3,2026-01-12 03:22:59+00:00,False,False,never,,,3,3,,,,,0,0
dev_0006023,0,normal,,normal_bad_luck,3,2026-01-16 14:35:07+00:00,False,False,never,,,3,3,,,,,0,4
dev_0006025,0,normal,,normal_bad_luck,3,2026-01-12 11:43:00+00:00,False,False,never,,,3,3,,,,,0,2
dev_0006026,0,normal,,normal_bad_luck,6,2026-01-26 06:41:56+00:00,False,False,never,,,6,6,,,,,0,4
dev_0006027,0,normal,,normal_bad_luck,3,2026-01-02 22:49:55+00:00,False,False,never,,,3,3,,,,,0,2
dev_0006028,0,normal,,normal_bad_luck,9,2026-01-02 22:57:11+00:00,True,True,review,6,7,6,5,4,4,259146,345535,2,2
dev_0006029,0,normal,,normal_bad_luck,3,2026-01-02 09:59:29+00:00,False,False,never,,,3,3,,,,,0,2
dev_0006030,0,normal,,normal_bad_luck,9,2026-01-12 23:14:52+00:00,True,False,review,9,,9,8,4,3,259287,,0,3
dev_0006031,0,normal,,normal_bad_luck,3,2026-01-29 01:42:55+00:00,False,False,never,,,3,3,,,,,0,1
dev_0006032,0,normal,,normal_bad_luck,3,2026-01-04 05:20:55+00:00,False,False,never,,,3,3,,,,,0,4
dev_0006033,0,normal,,normal_bad_luck,4,2026-01-01 11:57:30+00:00,False,False,never,,,4,4,,,,,0,0
dev_0006034,0,normal,,normal_bad_luck,9,2026-01-26 18:16:08+00:00,False,False,never,,,9,9,,,,,0,4
dev_0006035,0,normal,,normal_bad_luck,3,2026-01-24 14:27:34+00:00,False,False,never,,,3,3,,,,,0,0
dev_0006036,0,normal,,normal_bad_luck,7,2026-01-09 17:38:10+00:00,True,False,review,6,,6,5,2,2,259143,,0,2
dev_0006037,0,normal,,normal_bad_luck,3,2026-01-26 22:20:41+00:00,False,False,never,,,3,3,,,,,0,3
dev_0006038,0,normal,,normal_bad_luck,3,2026-01-19 23:43:03+00:00,False,False,never,,,3,3,,,,,0,0
dev_0006039,0,normal,,normal_bad_luck,7,2026-01-12 11:55:05+00:00,False,False,never,,,7,7,,,,,0,4
dev_0006040,0,normal,,normal_bad_luck,3,2026-01-18 03:31:07+00:00,False,False,never,,,3,3,,,,,0,2
dev_0006041,0,normal,,normal_bad_luck,3,2026-01-10 11:03:13+00:00,False,False,never,,,3,3,,,,,0,3
dev_0006043,0,normal,,normal_bad_luck,4,2026-01-03 02:06:58+00:00,False,False,never,,,4,4,,,,,0,1
dev_0006044,0,normal,,normal_bad_luck,3,2026-01-07 15:21:10+00:00,False,False,never,,,3,3,,,,,0,1
dev_0006045,0,normal,,normal_bad_luck,3,2026-01-06 21:25:07+00:00,False,False,never,,,3,3,,,,,0,2
dev_0006046,0,normal,,normal_bad_luck,3,2026-01-28 21:42:47+00:00,False,False,never,,,3,3,,,,,0,0
dev_0006047,0,normal,,normal_bad_luck,3,2026-01-28 01:03:16+00:00,False,False,never,,,3,3,,,,,0,2
dev_0006048,0,normal,,normal_bad_luck,3,2026-01-30 13:55:05+00:00,False,False,never,,,3,3,,,,,0,2
dev_0006049,0,normal,,normal_bad_luck,3,2026-01-26 09:40:06+00:00,False,False,never,,,3,3,,,,,0,2
dev_0006050,0,normal,,normal_bad_luck,3,2026-01-24 20:10:04+00:00,False,False,never,,,3,3,,,,,0,3
dev_0006051,0,normal,,normal_bad_luck,3,2026-01-01 10:17:23+00:00,False,False,never,,,3,3,,,,,0,3
dev_0006052,0,normal,,normal_bad_luck,4,2026-01-10 04:36:22+00:00,False,False,never,,,4,4,,,,,0,1
dev_0006053,0,normal,,normal_bad_luck,6,2026-01-02 02:19:08+00:00,False,False,never,,,6,6,,,,,0,3
dev_0006054,0,normal,,normal_bad_luck,3,2026-01-22 04:40:23+00:00,False,False,never,,,3,3,,,,,0,2
dev_0006055,0,normal,,normal_bad_luck,3,2026-01-01 07:23:24+00:00,False,False,never,,,3,3,,,,,0,1
dev_0006058,0,normal,,normal_bad_luck,6,2026-01-06 12:35:14+00:00,False,False,never,,,6,6,,,,,0,0
dev_0006059,0,normal,,normal_bad_luck,3,2026-01-22 12:54:44+00:00,False,False,never,,,3,3,,,,,0,1
dev_0006063,0,normal,,normal_bad_luck,6,2026-01-03 18:37:07+00:00,False,False,never,,,6,6,,,,,0,3
dev_0006064,0,normal,,normal_bad_luck,3,2026-01-21 23:21:08+00:00,False,False,never,,,3,3,,,,,0,0
dev_0006065,0,normal,,normal_bad_luck,3,2026-01-14 19:49:09+00:00,False,False,never,,,3,3,,,,,0,1
dev_0006066,0,normal,,normal_bad_luck,7,2026-01-12 13:05:45+00:00,False,False,never,,,7,7,,,,,0,3
dev_0006067,0,normal,,normal_bad_luck,3,2026-01-04 00:18:45+00:00,False,False,never,,,3,3,,,,,0,1
dev_0006070,0,normal,,normal_bad_luck,3,2026-01-04 14:18:25+00:00,False,False,never,,,3,3,,,,,0,2
dev_0006072,0,normal,,normal_bad_luck,6,2026-01-13 14:30:22+00:00,False,False,never,,,6,6,,,,,0,4
dev_0006073,0,normal,,normal_bad_luck,6,2026-01-20 11:02:42+00:00,False,False,never,,,6,6,,,,,0,2
dev_0006075,0,normal,,normal_bad_luck,3,2026-01-25 17:32:27+00:00,False,False,never,,,3,3,,,,,0,2
dev_0006077,0,normal,,normal_bad_luck,3,2026-01-03 16:19:10+00:00,False,False,never,,,3,3,,,,,0,4
dev_0006078,0,normal,,normal_bad_luck,3,2026-01-11 06:11:58+00:00,False,False,never,,,3,3,,,,,0,3
dev_0006079,0,normal,,normal_bad_luck,3,2026-01-21 01:49:52+00:00,False,False,never,,,3,3,,,,,0,0
dev_0006081,0,normal,,normal_bad_luck,3,2026-01-10 00:44:41+00:00,False,False,never,,,3,3,,,,,0,1
dev_0006082,0,normal,,normal_bad_luck,3,2026-01-17 23:03:11+00:00,False,False,never,,,3,3,,,,,0,3
dev_0006083,0,normal,,normal_bad_luck,3,2026-01-17 04:56:51+00:00,False,False,never,,,3,3,,,,,0,1
dev_0006084,0,normal,,normal_bad_luck,3,2026-01-02 06:50:36+00:00,False,False,never,,,3,3,,,,,0,2
dev_0006085,0,normal,,normal_bad_luck,3,2026-01-19 22:26:32+00:00,False,False,never,,,3,3,,,,,0,2
dev_0006087,0,normal,,normal_bad_luck,3,2026-01-03 18:21:02+00:00,False,False,never,,,3,3,,,,,0,1
dev_0006088,0,normal,,normal_bad_luck,3,2026-01-24 12:28:13+00:00,False,False,never,,,3,3,,,,,0,2
dev_0006089,0,normal,,normal_bad_luck,3,2026-01-08 23:14:04+00:00,False,False,never,,,3,3,,,,,0,3
dev_0006090,0,normal,,normal_bad_luck,3,2026-01-25 12:02:13+00:00,False,False,never,,,3,3,,,,,0,4
dev_0006091,0,normal,,normal_bad_luck,3,2026-01-07 06:06:26+00:00,False,False,never,,,3,3,,,,,0,1
dev_0006092,0,normal,,normal_bad_luck,3,2026-01-20 22:50:36+00:00,False,False,never,,,3,3,,,,,0,3
dev_0006093,0,normal,,normal_bad_luck,3,2026-01-11 23:33:27+00:00,False,False,never,,,3,3,,,,,0,2
dev_0006094,0,normal,,normal_bad_luck,7,2026-01-25 22:43:25+00:00,False,False,never,,,7,7,,,,,0,2
dev_0006095,0,normal,,normal_bad_luck,4,2026-01-27 17:10:26+00:00,False,False,never,,,4,4,,,,,0,0
dev_0006096,0,normal,,normal_bad_luck,3,2026-01-12 19:51:30+00:00,False,False,never,,,3,3,,,,,0,4
dev_0006097,0,normal,,normal_bad_luck,3,2026-01-06 03:32:02+00:00,False,False,never,,,3,3,,,,,0,4
dev_0006099,0,normal,,normal_bad_luck,6,2026-01-02 21:57:04+00:00,False,False,never,,,6,6,,,,,0,1
dev_0006100,0,normal,,normal_bad_luck,3,2026-01-02 11:05:03+00:00,False,False,never,,,3,3,,,,,0,0
dev_0006101,0,normal,,normal_bad_luck,3,2026-01-01 15:30:21+00:00,False,False,never,,,3,3,,,,,0,0
dev_0006103,0,normal,,normal_bad_luck,6,2026-01-26 23:32:01+00:00,True,False,review,5,,5,4,3,3,86470,,0,0
dev_0006104,0,normal,,normal_bad_luck,3,2026-01-11 14:59:14+00:00,False,False,never,,,3,3,,,,,0,2
dev_0006105,0,normal,,normal_bad_luck,3,2026-01-03 21:34:33+00:00,False,False,never,,,3,3,,,,,0,0
dev_0006106,0,normal,,normal_bad_luck,3,2026-01-11 21:05:28+00:00,False,False,never,,,3,3,,,,,0,2
dev_0006108,0,normal,,normal_bad_luck,3,2026-01-12 10:56:06+00:00,False,False,never,,,3,3,,,,,0,4
dev_0006109,0,normal,,normal_bad_luck,3,2026-01-02 07:55:36+00:00,False,False,never,,,3,3,,,,,0,4
dev_0006110,0,normal,,normal_bad_luck,3,2026-01-07 09:55:51+00:00,False,False,never,,,3,3,,,,,0,0
dev_0006111,0,normal,,normal_bad_luck,3,2026-01-04 23:21:08+00:00,False,False,never,,,3,3,,,,,0,3
dev_0006112,0,normal,,normal_bad_luck,3,2026-01-15 13:07:16+00:00,False,False,never,,,3,3,,,,,0,2
dev_0006113,0,normal,,normal_bad_luck,9,2026-01-21 07:45:45+00:00,False,False,never,,,9,9,,,,,0,1
dev_0006115,0,normal,,normal_bad_luck,3,2026-01-04 20:56:24+00:00,False,False,never,,,3,3,,,,,0,1
dev_0006116,0,normal,,normal_bad_luck,4,2026-01-04 18:47:10+00:00,False,False,never,,,4,4,,,,,0,4
dev_0006117,0,normal,,normal_bad_luck,7,2026-01-22 05:33:29+00:00,True,False,review,7,,7,6,3,3,172933,,0,3
dev_0006118,0,normal,,normal_bad_luck,3,2026-01-04 14:17:37+00:00,False,False,never,,,3,3,,,,,0,0
dev_0006120,0,normal,,normal_bad_luck,3,2026-01-15 08:16:43+00:00,False,False,never,,,3,3,,,,,0,0
dev_0006121,0,normal,,normal_bad_luck,3,2026-01-10 16:52:31+00:00,False,False,never,,,3,3,,,,,0,2
dev_0006122,0,normal,,normal_bad_luck,4,2026-01-13 11:40:16+00:00,False,False,never,,,4,4,,,,,0,4
dev_0006124,0,normal,,normal_bad_luck,3,2026-01-15 02:07:00+00:00,False,False,never,,,3,3,,,,,0,0
dev_0006126,0,normal,,normal_bad_luck,3,2026-01-20 06:40:51+00:00,False,False,never,,,3,3,,,,,0,0
dev_0006128,0,normal,,normal_bad_luck,3,2026-01-28 07:06:36+00:00,False,False,never,,,3,3,,,,,0,4
dev_0006129,0,normal,,normal_bad_luck,3,2026-01-04 03:17:23+00:00,False,False,never,,,3,3,,,,,0,0
dev_0006130,0,normal,,normal_bad_luck,3,2026-01-21 02:08:38+00:00,False,False,never,,,3,3,,,,,0,1
dev_0006132,0,normal,,normal_bad_luck,3,2026-01-13 20:47:06+00:00,False,False,never,,,3,3,,,,,0,4
dev_0006133,0,normal,,normal_bad_luck,3,2026-01-04 18:05:36+00:00,False,False,never,,,3,3,,,,,0,4
dev_0006134,0,normal,,normal_bad_luck,3,2026-01-30 06:52:39+00:00,False,False,never,,,3,3,,,,,0,0
dev_0006135,0,normal,,normal_bad_luck,3,2026-01-23 10:41:31+00:00,False,False,never,,,3,3,,,,,0,4
dev_0006138,0,normal,,normal_bad_luck,3,2026-01-11 03:41:14+00:00,False,False,never,,,3,3,,,,,0,4
dev_0006139,0,normal,,normal_bad_luck,3,2026-01-30 19:43:56+00:00,False,False,never,,,3,3,,,,,0,3
dev_0006142,0,normal,,normal_bad_luck,3,2026-01-14 19:29:00+00:00,False,False,never,,,3,3,,,,,0,0
dev_0006143,0,normal,,normal_bad_luck,3,2026-01-25 15:40:37+00:00,False,False,never,,,3,3,,,,,0,2
dev_0006144,0,normal,,normal_bad_luck,6,2026-01-05 15:08:43+00:00,False,False,never,,,6,6,,,,,0,2
dev_0006145,0,normal,,normal_bad_luck,3,2026-01-12 10:24:21+00:00,False,False,never,,,3,3,,,,,0,3
dev_0006146,0,normal,,normal_bad_luck,3,2026-01-07 19:03:28+00:00,False,False,never,,,3,3,,,,,0,2
dev_0006147,0,normal,,normal_bad_luck,3,2026-01-29 09:40:57+00:00,False,False,never,,,3,3,,,,,0,1
dev_0006148,0,normal,,normal_bad_luck,3,2026-01-13 18:32:26+00:00,False,False,never,,,3,3,,,,,0,2
dev_0006149,0,normal,,normal_bad_luck,3,2026-01-25 01:06:03+00:00,False,False,never,,,3,3,,,,,0,0
dev_0006150,0,normal,,normal_bad_luck,3,2026-01-21 21:01:52+00:00,False,False,never,,,3,3,,,,,0,0
dev_0006151,0,normal,,normal_bad_luck,3,2026-01-17 04:27:29+00:00,False,False,never,,,3,3,,,,,0,2
dev_0006153,0,normal,,normal_bad_luck,3,2026-01-16 05:22:12+00:00,False,False,never,,,3,3,,,,,0,1
dev_0006154,0,normal,,normal_bad_luck,3,2026-01-13 08:47:26+00:00,False,False,never,,,3,3,,,,,0,4
dev_0006156,0,normal,,normal_bad_luck,6,2026-01-18 15:19:26+00:00,False,False,never,,,6,6,,,,,0,4
dev_0006157,0,normal,,normal_bad_luck,6,2026-01-14 14:54:19+00:00,False,False,never,,,6,6,,,,,0,2
dev_0006159,0,normal,,normal_bad_luck,3,2026-01-09 10:27:07+00:00,False,False,never,,,3,3,,,,,0,0
dev_0006160,0,normal,,normal_bad_luck,3,2026-01-13 12:57:38+00:00,False,False,never,,,3,3,,,,,0,2
dev_0006162,0,normal,,normal_bad_luck,4,2026-01-07 17:45:03+00:00,False,False,never,,,4,4,,,,,0,1
dev_0006163,0,normal,,normal_bad_luck,3,2026-01-08 04:29:26+00:00,False,False,never,,,3,3,,,,,0,4
dev_0006164,0,normal,,normal_bad_luck,3,2026-01-02 09:22:22+00:00,False,False,never,,,3,3,,,,,0,3
dev_0006166,0,normal,,normal_bad_luck,3,2026-01-29 00:43:00+00:00,False,False,never,,,3,3,,,,,0,4
dev_0006168,0,normal,,normal_bad_luck,3,2026-01-28 23:15:49+00:00,False,False,never,,,3,3,,,,,0,3
dev_0006169,0,normal,,normal_bad_luck,9,2026-01-10 18:22:29+00:00,True,False,review,9,,9,8,4,3,432118,,0,4
dev_0006170,0,normal,,normal_bad_luck,3,2026-01-09 21:23:13+00:00,False,False,never,,,3,3,,,,,0,4
dev_0006171,0,normal,,normal_bad_luck,3,2026-01-23 00:29:21+00:00,False,False,never,,,3,3,,,,,0,4
dev_0006172,0,normal,,normal_bad_luck,6,2026-01-11 08:54:07+00:00,False,False,never,,,6,6,,,,,0,2
dev_0006173,0,normal,,normal_bad_luck,3,2026-01-14 22:13:37+00:00,False,False,never,,,3,3,,,,,0,0
dev_0006174,0,normal,,normal_bad_luck,3,2026-01-12 11:45:20+00:00,False,False,never,,,3,3,,,,,0,4
dev_0006175,0,normal,,normal_bad_luck,6,2026-01-25 01:48:43+00:00,False,False,never,,,6,6,,,,,0,3
dev_0006176,0,normal,,normal_bad_luck,3,2026-01-24 18:33:00+00:00,False,False,never,,,3,3,,,,,0,0
dev_0006177,0,normal,,normal_bad_luck,6,2026-01-04 17:40:10+00:00,True,True,review,5,6,5,4,1,1,86406,86461,0,1
dev_0006178,0,normal,,normal_bad_luck,3,2026-01-24 09:55:05+00:00,False,False,never,,,3,3,,,,,0,2
dev_0006179,0,normal,,normal_bad_luck,3,2026-01-23 13:01:38+00:00,False,False,never,,,3,3,,,,,0,4
dev_0006180,0,normal,,normal_bad_luck,3,2026-01-25 07:59:21+00:00,False,False,never,,,3,3,,,,,0,4
dev_0006181,0,normal,,normal_bad_luck,3,2026-01-29 05:44:45+00:00,False,False,never,,,3,3,,,,,0,1
dev_0006182,0,normal,,normal_bad_luck,3,2026-01-29 11:22:20+00:00,False,False,never,,,3,3,,,,,0,2
dev_0006183,0,normal,,normal_bad_luck,6,2026-01-24 04:50:52+00:00,False,False,never,,,6,6,,,,,0,1
dev_0006185,0,normal,,normal_bad_luck,3,2026-01-07 15:38:24+00:00,False,False,never,,,3,3,,,,,0,1
dev_0006186,0,normal,,normal_bad_luck,10,2026-01-01 03:29:48+00:00,False,False,never,,,10,10,,,,,0,4
dev_0006187,0,normal,,normal_bad_luck,3,2026-01-07 11:32:00+00:00,False,False,never,,,3,3,,,,,0,4
dev_0006189,0,normal,,normal_bad_luck,3,2026-01-07 00:50:06+00:00,False,False,never,,,3,3,,,,,0,0
dev_0006190,0,normal,,normal_bad_luck,3,2026-01-01 10:21:26+00:00,False,False,never,,,3,3,,,,,0,0
dev_0006191,0,normal,,normal_bad_luck,6,2026-01-16 02:19:05+00:00,False,False,never,,,6,6,,,,,0,2
dev_0006192,0,normal,,normal_bad_luck,3,2026-01-20 21:20:31+00:00,False,False,never,,,3,3,,,,,0,1
dev_0006193,0,normal,,normal_bad_luck,3,2026-01-17 03:46:56+00:00,False,False,never,,,3,3,,,,,0,0
dev_0006194,0,normal,,normal_bad_luck,3,2026-01-23 23:52:49+00:00,False,False,never,,,3,3,,,,,0,4
dev_0006195,0,normal,,normal_bad_luck,3,2026-01-11 02:02:13+00:00,False,False,never,,,3,3,,,,,0,2
dev_0006196,0,normal,,normal_bad_luck,3,2026-01-18 08:31:28+00:00,False,False,never,,,3,3,,,,,0,0
dev_0006197,0,normal,,normal_bad_luck,6,2026-01-08 12:09:08+00:00,True,False,review,6,,6,5,3,3,172943,,0,1
dev_0006198,0,normal,,normal_bad_luck,3,2026-01-19 13:38:02+00:00,False,False,never,,,3,3,,,,,0,1
dev_0006199,0,normal,,normal_bad_luck,3,2026-01-15 22:24:51+00:00,False,False,never,,,3,3,,,,,0,2
dev_0006200,0,normal,,normal_bad_luck,3,2026-01-25 20:08:23+00:00,False,False,never,,,3,3,,,,,0,1
dev_0006202,0,normal,,normal_bad_luck,3,2026-01-07 23:28:31+00:00,False,False,never,,,3,3,,,,,0,1
dev_0006203,0,normal,,normal_bad_luck,3,2026-01-29 18:11:02+00:00,False,False,never,,,3,3,,,,,0,1
dev_0006204,0,normal,,normal_bad_luck,3,2026-01-08 00:53:05+00:00,False,False,never,,,3,3,,,,,0,3
dev_0006205,0,normal,,normal_bad_luck,3,2026-01-29 00:56:07+00:00,False,False,never,,,3,3,,,,,0,1
dev_0006206,0,normal,,normal_bad_luck,3,2026-01-24 06:31:12+00:00,False,False,never,,,3,3,,,,,0,1
dev_0006208,0,normal,,normal_bad_luck,3,2026-01-30 10:14:40+00:00,False,False,never,,,3,3,,,,,0,2
dev_0006209,0,normal,,normal_bad_luck,3,2026-01-20 15:46:31+00:00,False,False,never,,,3,3,,,,,0,3
dev_0006210,0,normal,,normal_bad_luck,3,2026-01-26 11:41:07+00:00,False,False,never,,,3,3,,,,,0,1
dev_0006211,0,normal,,normal_bad_luck,3,2026-01-14 10:47:59+00:00,False,False,never,,,3,3,,,,,0,0
dev_0006212,0,normal,,normal_bad_luck,7,2026-01-17 00:28:14+00:00,False,False,never,,,7,7,,,,,0,1
dev_0006213,0,normal,,normal_bad_luck,3,2026-01-27 04:59:49+00:00,False,False,never,,,3,3,,,,,0,2
dev_0006214,0,normal,,normal_bad_luck,3,2026-01-12 16:53:21+00:00,False,False,never,,,3,3,,,,,0,1
dev_0006216,0,normal,,normal_bad_luck,4,2026-01-21 13:24:31+00:00,False,False,never,,,4,4,,,,,0,4
dev_0006217,0,normal,,normal_bad_luck,3,2026-01-17 12:22:19+00:00,False,False,never,,,3,3,,,,,0,1
dev_0006218,0,normal,,normal_bad_luck,3,2026-01-21 11:30:48+00:00,False,False,never,,,3,3,,,,,0,3
dev_0006219,0,normal,,normal_bad_luck,4,2026-01-20 23:28:39+00:00,False,False,never,,,4,4,,,,,0,1
dev_0006223,0,normal,,normal_bad_luck,3,2026-01-03 12:35:02+00:00,False,False,never,,,3,3,,,,,0,2
dev_0006225,0,normal,,normal_bad_luck,3,2026-01-03 20:00:05+00:00,False,False,never,,,3,3,,,,,0,2
dev_0006226,0,normal,,normal_bad_luck,3,2026-01-24 07:54:31+00:00,False,False,never,,,3,3,,,,,0,3
dev_0006227,0,normal,,normal_bad_luck,3,2026-01-06 07:32:45+00:00,False,False,never,,,3,3,,,,,0,4
dev_0006228,0,normal,,normal_bad_luck,3,2026-01-03 08:34:04+00:00,False,False,never,,,3,3,,,,,0,1
dev_0006229,0,normal,,normal_bad_luck,4,2026-01-17 03:29:25+00:00,False,False,never,,,4,4,,,,,0,2
dev_0006230,0,normal,,normal_bad_luck,3,2026-01-30 23:42:45+00:00,False,False,never,,,3,3,,,,,0,4
dev_0006231,0,normal,,normal_bad_luck,3,2026-01-25 04:07:23+00:00,False,False,never,,,3,3,,,,,0,4
dev_0006233,0,normal,,normal_bad_luck,3,2026-01-08 06:53:40+00:00,False,False,never,,,3,3,,,,,0,1
dev_0006234,0,normal,,normal_bad_luck,3,2026-01-12 07:35:26+00:00,False,False,never,,,3,3,,,,,0,1
dev_0006235,0,normal,,normal_bad_luck,3,2026-01-20 11:11:23+00:00,False,False,never,,,3,3,,,,,0,3
dev_0006236,0,normal,,normal_bad_luck,9,2026-01-27 07:07:10+00:00,False,False,never,,,9,9,,,,,0,3
dev_0006237,0,normal,,normal_bad_luck,3,2026-01-24 17:44:25+00:00,False,False,never,,,3,3,,,,,0,1
dev_0006238,0,normal,,normal_bad_luck,3,2026-01-25 12:39:28+00:00,False,False,never,,,3,3,,,,,0,4
dev_0006239,0,normal,,normal_bad_luck,6,2026-01-30 06:21:24+00:00,False,False,never,,,6,6,,,,,0,2
dev_0006240,0,normal,,normal_bad_luck,6,2026-01-13 03:28:39+00:00,False,False,never,,,6,6,,,,,0,1
dev_0006241,0,normal,,normal_bad_luck,3,2026-01-17 08:21:12+00:00,False,False,never,,,3,3,,,,,0,0
dev_0006242,0,normal,,normal_bad_luck,3,2026-01-29 14:57:23+00:00,False,False,never,,,3,3,,,,,0,1
dev_0006243,0,normal,,normal_bad_luck,6,2026-01-08 01:04:19+00:00,False,False,never,,,6,6,,,,,0,3
dev_0006245,0,normal,,normal_bad_luck,3,2026-01-16 14:33:51+00:00,False,False,never,,,3,3,,,,,0,2
dev_0006246,0,normal,,normal_bad_luck,3,2026-01-16 00:55:31+00:00,False,False,never,,,3,3,,,,,0,2
dev_0006247,0,normal,,normal_bad_luck,3,2026-01-02 08:39:39+00:00,False,False,never,,,3,3,,,,,0,1
dev_0006249,0,normal,,normal_bad_luck,7,2026-01-08 13:07:32+00:00,False,False,never,,,7,7,,,,,0,0
dev_0006251,0,normal,,normal_bad_luck,9,2026-01-01 20:53:25+00:00,True,False,review,9,,9,8,4,3,172921,,0,3
dev_0006252,0,normal,,normal_bad_luck,3,2026-01-14 07:39:09+00:00,False,False,never,,,3,3,,,,,0,3
dev_0006253,0,normal,,normal_bad_luck,3,2026-01-16 19:01:17+00:00,False,False,never,,,3,3,,,,,0,4
dev_0006254,0,normal,,normal_bad_luck,3,2026-01-19 06:30:35+00:00,False,False,never,,,3,3,,,,,0,3
dev_0006255,0,normal,,normal_bad_luck,3,2026-01-06 23:48:57+00:00,False,False,never,,,3,3,,,,,0,3
dev_0006256,0,normal,,normal_bad_luck,3,2026-01-05 22:36:05+00:00,False,False,never,,,3,3,,,,,0,0
dev_0006257,0,normal,,normal_bad_luck,3,2026-01-11 12:42:58+00:00,False,False,never,,,3,3,,,,,0,1
dev_0006258,0,normal,,normal_bad_luck,3,2026-01-23 05:20:48+00:00,False,False,never,,,3,3,,,,,0,4
dev_0006259,0,normal,,normal_bad_luck,3,2026-01-04 00:20:21+00:00,False,False,never,,,3,3,,,,,0,1
dev_0006260,0,normal,,normal_bad_luck,6,2026-01-08 03:18:01+00:00,False,False,never,,,6,6,,,,,0,1
dev_0006261,0,normal,,normal_bad_luck,3,2026-01-05 15:00:53+00:00,False,False,never,,,3,3,,,,,0,0
dev_0006262,0,normal,,normal_bad_luck,6,2026-01-28 10:24:40+00:00,False,False,never,,,6,6,,,,,0,1
dev_0006263,0,normal,,normal_bad_luck,3,2026-01-17 08:00:06+00:00,False,False,never,,,3,3,,,,,0,1
dev_0006264,0,normal,,normal_bad_luck,3,2026-01-24 13:14:06+00:00,False,False,never,,,3,3,,,,,0,0
dev_0006265,0,normal,,normal_bad_luck,3,2026-01-28 00:13:43+00:00,False,False,never,,,3,3,,,,,0,2
dev_0006266,0,normal,,normal_bad_luck,6,2026-01-25 02:18:26+00:00,False,False,never,,,6,6,,,,,0,4
dev_0006267,0,normal,,normal_bad_luck,3,2026-01-08 19:15:03+00:00,False,False,never,,,3,3,,,,,0,0
dev_0006269,0,normal,,normal_bad_luck,3,2026-01-24 07:29:51+00:00,False,False,never,,,3,3,,,,,0,4
dev_0006270,0,normal,,normal_bad_luck,3,2026-01-15 11:26:06+00:00,False,False,never,,,3,3,,,,,0,4
dev_0006271,0,normal,,normal_bad_luck,3,2026-01-01 04:31:03+00:00,False,False,never,,,3,3,,,,,0,0
dev_0006272,0,normal,,normal_bad_luck,7,2026-01-21 04:54:58+00:00,True,False,review,6,,6,5,4,3,86480,,0,0
dev_0006274,0,normal,,normal_bad_luck,3,2026-01-19 05:31:04+00:00,False,False,never,,,3,3,,,,,0,3
dev_0006275,0,normal,,normal_bad_luck,3,2026-01-19 17:28:19+00:00,False,False,never,,,3,3,,,,,0,4
dev_0006276,0,normal,,normal_bad_luck,4,2026-01-22 02:50:08+00:00,True,False,review,4,,4,3,4,3,17,,0,4
dev_0006277,0,normal,,normal_bad_luck,9,2026-01-24 15:26:27+00:00,False,False,never,,,9,9,,,,,0,2
dev_0006278,0,normal,,normal_bad_luck,3,2026-01-20 21:46:36+00:00,False,False,never,,,3,3,,,,,0,3
dev_0006279,0,normal,,normal_bad_luck,3,2026-01-11 00:34:09+00:00,False,False,never,,,3,3,,,,,0,0
dev_0006280,0,normal,,normal_bad_luck,3,2026-01-08 22:03:15+00:00,False,False,never,,,3,3,,,,,0,2
dev_0006281,0,normal,,normal_bad_luck,3,2026-01-07 08:03:37+00:00,False,False,never,,,3,3,,,,,0,0
dev_0006283,0,normal,,normal_bad_luck,3,2026-01-23 18:28:22+00:00,False,False,never,,,3,3,,,,,0,2
dev_0006284,0,normal,,normal_bad_luck,3,2026-01-07 19:54:39+00:00,False,False,never,,,3,3,,,,,0,4
dev_0006285,0,normal,,normal_bad_luck,3,2026-01-10 03:18:52+00:00,False,False,never,,,3,3,,,,,0,1
dev_0006286,0,normal,,normal_bad_luck,3,2026-01-30 14:52:29+00:00,False,False,never,,,3,3,,,,,0,1
dev_0006287,0,normal,,normal_bad_luck,3,2026-01-09 09:36:31+00:00,False,False,never,,,3,3,,,,,0,3
dev_0006290,0,normal,,normal_bad_luck,3,2026-01-20 02:02:18+00:00,False,False,never,,,3,3,,,,,0,4
dev_0006291,0,normal,,normal_bad_luck,3,2026-01-17 18:29:31+00:00,False,False,never,,,3,3,,,,,0,0
dev_0006292,0,normal,,normal_bad_luck,3,2026-01-02 13:41:06+00:00,False,False,never,,,3,3,,,,,0,2
dev_0006293,0,normal,,normal_bad_luck,3,2026-01-10 22:30:56+00:00,False,False,never,,,3,3,,,,,0,2
dev_0006294,0,normal,,normal_bad_luck,6,2026-01-16 05:20:38+00:00,False,False,never,,,6,6,,,,,0,3
dev_0006295,0,normal,,normal_bad_luck,3,2026-01-16 07:16:08+00:00,False,False,never,,,3,3,,,,,0,3
dev_0006296,0,normal,,normal_bad_luck,3,2026-01-17 18:54:03+00:00,False,False,never,,,3,3,,,,,0,1
dev_0006298,0,normal,,normal_bad_luck,6,2026-01-26 20:54:13+00:00,False,False,never,,,6,6,,,,,0,4
dev_0006299,0,normal,,normal_bad_luck,3,2026-01-21 00:38:38+00:00,False,False,never,,,3,3,,,,,0,3
dev_0006301,0,normal,,normal_bad_luck,3,2026-01-28 17:37:34+00:00,False,False,never,,,3,3,,,,,0,1
dev_0006302,0,normal,,normal_bad_luck,3,2026-01-23 07:12:03+00:00,False,False,never,,,3,3,,,,,0,2
dev_0006303,0,normal,,normal_bad_luck,4,2026-01-07 23:13:06+00:00,False,False,never,,,4,4,,,,,0,1
dev_0006304,0,normal,,normal_bad_luck,3,2026-01-03 23:59:24+00:00,False,False,never,,,3,3,,,,,0,3
dev_0006306,0,normal,,normal_bad_luck,3,2026-01-17 20:09:04+00:00,False,False,never,,,3,3,,,,,0,2
dev_0006307,0,normal,,normal_bad_luck,3,2026-01-03 04:11:04+00:00,False,False,never,,,3,3,,,,,0,2
dev_0006309,0,normal,,normal_bad_luck,3,2026-01-30 00:29:05+00:00,False,False,never,,,3,3,,,,,0,0
dev_0006311,0,normal,,normal_bad_luck,3,2026-01-30 13:16:21+00:00,False,False,never,,,3,3,,,,,0,0
dev_0006313,0,normal,,normal_bad_luck,3,2026-01-01 09:51:41+00:00,False,False,never,,,3,3,,,,,0,0
dev_0006314,0,normal,,normal_bad_luck,3,2026-01-18 14:18:39+00:00,False,False,never,,,3,3,,,,,0,0
dev_0006316,0,normal,,normal_bad_luck,3,2026-01-24 04:29:35+00:00,False,False,never,,,3,3,,,,,0,4
dev_0006318,0,normal,,normal_bad_luck,3,2026-01-25 01:47:19+00:00,False,False,never,,,3,3,,,,,0,1
dev_0006319,0,normal,,normal_bad_luck,3,2026-01-12 04:04:59+00:00,False,False,never,,,3,3,,,,,0,0
dev_0006320,0,normal,,normal_bad_luck,3,2026-01-28 23:20:51+00:00,False,False,never,,,3,3,,,,,0,4
dev_0006321,0,normal,,normal_bad_luck,3,2026-01-05 09:05:02+00:00,False,False,never,,,3,3,,,,,0,4
dev_0006322,0,normal,,normal_bad_luck,3,2026-01-21 16:38:04+00:00,False,False,never,,,3,3,,,,,0,0
dev_0006323,0,normal,,normal_bad_luck,3,2026-01-28 19:50:25+00:00,False,False,never,,,3,3,,,,,0,1
dev_0006324,0,normal,,normal_bad_luck,3,2026-01-20 08:43:39+00:00,False,False,never,,,3,3,,,,,0,3
dev_0006325,0,normal,,normal_bad_luck,3,2026-01-08 10:45:23+00:00,False,False,never,,,3,3,,,,,0,2
dev_0006327,0,normal,,normal_bad_luck,4,2026-01-16 20:50:28+00:00,False,False,never,,,4,4,,,,,0,3
dev_0006328,0,normal,,normal_bad_luck,6,2026-01-24 15:10:33+00:00,True,False,review,5,,5,4,3,3,86412,,0,0
dev_0006329,0,normal,,normal_bad_luck,3,2026-01-07 04:30:06+00:00,False,False,never,,,3,3,,,,,0,4
dev_0006330,0,normal,,normal_bad_luck,6,2026-01-02 04:31:00+00:00,False,False,never,,,6,6,,,,,0,4
dev_0006332,0,normal,,normal_bad_luck,3,2026-01-19 20:21:32+00:00,False,False,never,,,3,3,,,,,0,3
dev_0006333,0,normal,,normal_bad_luck,3,2026-01-28 04:57:15+00:00,False,False,never,,,3,3,,,,,0,3
dev_0006334,0,normal,,normal_bad_luck,3,2026-01-27 11:44:40+00:00,False,False,never,,,3,3,,,,,0,0
dev_0006336,0,normal,,normal_bad_luck,3,2026-01-08 04:42:40+00:00,False,False,never,,,3,3,,,,,0,3
dev_0006337,0,normal,,normal_bad_luck,6,2026-01-02 23:09:23+00:00,False,False,never,,,6,6,,,,,0,2
dev_0006338,0,normal,,normal_bad_luck,3,2026-01-21 22:05:11+00:00,False,False,never,,,3,3,,,,,0,3
dev_0006340,0,normal,,normal_bad_luck,3,2026-01-11 18:23:43+00:00,False,False,never,,,3,3,,,,,0,0
dev_0006341,0,normal,,normal_bad_luck,3,2026-01-30 09:48:28+00:00,False,False,never,,,3,3,,,,,0,1
dev_0006342,0,normal,,normal_bad_luck,3,2026-01-25 18:39:25+00:00,False,False,never,,,3,3,,,,,0,3
dev_0006343,0,normal,,normal_bad_luck,3,2026-01-24 13:54:08+00:00,False,False,never,,,3,3,,,,,0,0
dev_0006345,0,normal,,normal_bad_luck,6,2026-01-14 23:03:33+00:00,False,False,never,,,6,6,,,,,0,2
dev_0006346,0,normal,,normal_bad_luck,3,2026-01-10 16:44:39+00:00,False,False,never,,,3,3,,,,,0,0
dev_0006347,0,normal,,normal_bad_luck,3,2026-01-30 05:10:27+00:00,False,False,never,,,3,3,,,,,0,3
dev_0006348,0,normal,,normal_bad_luck,3,2026-01-24 15:02:34+00:00,False,False,never,,,3,3,,,,,0,3
dev_0006349,0,normal,,normal_bad_luck,9,2026-01-10 00:59:11+00:00,False,False,never,,,9,9,,,,,0,1
dev_0006351,0,normal,,normal_bad_luck,3,2026-01-23 19:54:02+00:00,False,False,never,,,3,3,,,,,0,4
dev_0006352,0,normal,,normal_bad_luck,4,2026-01-14 15:14:14+00:00,False,False,never,,,4,4,,,,,0,0
dev_0006353,0,normal,,normal_bad_luck,3,2026-01-15 05:16:33+00:00,False,False,never,,,3,3,,,,,0,4
dev_0006354,0,normal,,normal_bad_luck,7,2026-01-22 11:51:06+00:00,False,False,never,,,7,7,,,,,0,2
dev_0006355,0,normal,,normal_bad_luck,3,2026-01-27 03:03:06+00:00,False,False,never,,,3,3,,,,,0,4
dev_0006357,0,normal,,normal_bad_luck,6,2026-01-26 22:21:03+00:00,False,False,never,,,6,6,,,,,0,4
dev_0006358,0,normal,,normal_bad_luck,3,2026-01-07 01:25:04+00:00,False,False,never,,,3,3,,,,,0,4
dev_0006359,0,normal,,normal_bad_luck,3,2026-01-22 13:34:45+00:00,False,False,never,,,3,3,,,,,0,3
dev_0006360,0,normal,,normal_bad_luck,3,2026-01-17 12:29:21+00:00,False,False,never,,,3,3,,,,,0,3
dev_0006362,0,normal,,normal_bad_luck,3,2026-01-18 01:54:18+00:00,False,False,never,,,3,3,,,,,0,1
dev_0006364,0,normal,,normal_bad_luck,10,2026-01-03 09:31:29+00:00,True,False,review,10,,10,9,6,5,432134,,0,0
dev_0006365,0,normal,,normal_bad_luck,3,2026-01-26 10:48:07+00:00,False,False,never,,,3,3,,,,,0,0
dev_0006366,0,normal,,normal_bad_luck,3,2026-01-07 01:11:28+00:00,False,False,never,,,3,3,,,,,0,3
dev_0006368,0,normal,,normal_bad_luck,3,2026-01-21 00:30:22+00:00,False,False,never,,,3,3,,,,,0,2
dev_0006369,0,normal,,normal_bad_luck,6,2026-01-08 06:45:20+00:00,False,False,never,,,6,6,,,,,0,3
dev_0006370,0,normal,,normal_bad_luck,3,2026-01-18 04:44:07+00:00,False,False,never,,,3,3,,,,,0,4
dev_0006371,0,normal,,normal_bad_luck,3,2026-01-09 15:13:21+00:00,False,False,never,,,3,3,,,,,0,1
dev_0006372,0,normal,,normal_bad_luck,3,2026-01-10 04:22:18+00:00,False,False,never,,,3,3,,,,,0,1
dev_0006373,0,normal,,normal_bad_luck,3,2026-01-20 12:27:09+00:00,False,False,never,,,3,3,,,,,0,2
dev_0006374,0,normal,,normal_bad_luck,3,2026-01-24 07:55:22+00:00,False,False,never,,,3,3,,,,,0,4
dev_0006378,0,normal,,normal_bad_luck,6,2026-01-07 08:45:32+00:00,False,False,never,,,6,6,,,,,0,2
dev_0006379,0,normal,,normal_bad_luck,3,2026-01-25 08:05:18+00:00,False,False,never,,,3,3,,,,,0,1
dev_0006380,0,normal,,normal_bad_luck,3,2026-01-29 04:08:15+00:00,False,False,never,,,3,3,,,,,0,1
dev_0006381,0,normal,,normal_bad_luck,3,2026-01-12 19:42:16+00:00,False,False,never,,,3,3,,,,,0,3
dev_0006382,0,normal,,normal_bad_luck,3,2026-01-07 02:49:25+00:00,False,False,never,,,3,3,,,,,0,1
dev_0006383,0,normal,,normal_bad_luck,3,2026-01-08 20:43:47+00:00,False,False,never,,,3,3,,,,,0,3
dev_0006384,0,normal,,normal_bad_luck,3,2026-01-27 19:33:31+00:00,False,False,never,,,3,3,,,,,0,2
dev_0006385,0,normal,,normal_bad_luck,3,2026-01-20 17:48:41+00:00,False,False,never,,,3,3,,,,,0,3
dev_0006386,0,normal,,normal_bad_luck,3,2026-01-29 12:25:35+00:00,False,False,never,,,3,3,,,,,0,4
dev_0006387,0,normal,,normal_bad_luck,3,2026-01-20 07:22:43+00:00,False,False,never,,,3,3,,,,,0,4
dev_0006388,0,normal,,normal_bad_luck,3,2026-01-10 06:48:40+00:00,False,False,never,,,3,3,,,,,0,0
dev_0006390,0,normal,,normal_bad_luck,3,2026-01-24 07:11:27+00:00,False,False,never,,,3,3,,,,,0,2
dev_0006391,0,normal,,normal_bad_luck,3,2026-01-21 18:15:43+00:00,False,False,never,,,3,3,,,,,0,1
dev_0006392,0,normal,,normal_bad_luck,6,2026-01-26 02:11:08+00:00,True,False,review,6,,6,5,2,2,172988,,0,2
dev_0006393,0,normal,,normal_bad_luck,3,2026-01-23 19:07:07+00:00,False,False,never,,,3,3,,,,,0,3
dev_0006394,0,normal,,normal_bad_luck,3,2026-01-26 22:19:04+00:00,False,False,never,,,3,3,,,,,0,4
dev_0006395,0,normal,,normal_bad_luck,3,2026-01-13 17:25:09+00:00,False,False,never,,,3,3,,,,,0,3
dev_0006396,0,normal,,normal_bad_luck,4,2026-01-09 19:23:52+00:00,False,False,never,,,4,4,,,,,0,4
dev_0006397,0,normal,,normal_bad_luck,3,2026-01-20 09:23:32+00:00,False,False,never,,,3,3,,,,,0,4
dev_0006399,0,normal,,normal_bad_luck,4,2026-01-19 02:31:07+00:00,True,False,review,4,,4,3,3,2,18,,0,3
dev_0006400,0,normal,,normal_bad_luck,3,2026-01-18 04:08:04+00:00,False,False,never,,,3,3,,,,,0,1
dev_0006401,0,normal,,normal_bad_luck,3,2026-01-03 04:56:47+00:00,False,False,never,,,3,3,,,,,0,3
dev_0006402,0,normal,,normal_bad_luck,3,2026-01-20 19:23:03+00:00,False,False,never,,,3,3,,,,,0,2
dev_0006403,0,normal,,normal_bad_luck,3,2026-01-06 07:53:34+00:00,False,False,never,,,3,3,,,,,0,4
dev_0006406,0,normal,,normal_bad_luck,3,2026-01-11 03:26:02+00:00,False,False,never,,,3,3,,,,,0,1
dev_0006407,0,normal,,normal_bad_luck,3,2026-01-02 19:40:28+00:00,False,False,never,,,3,3,,,,,0,0
dev_0006408,0,normal,,normal_bad_luck,3,2026-01-19 17:23:37+00:00,False,False,never,,,3,3,,,,,0,0
dev_0006409,0,normal,,normal_bad_luck,4,2026-01-05 20:50:13+00:00,False,False,never,,,4,4,,,,,0,3
dev_0006411,0,normal,,normal_bad_luck,3,2026-01-15 21:47:25+00:00,False,False,never,,,3,3,,,,,0,3
dev_0006412,0,normal,,normal_bad_luck,3,2026-01-30 02:22:09+00:00,False,False,never,,,3,3,,,,,0,3
dev_0006413,0,normal,,normal_bad_luck,3,2026-01-11 20:42:42+00:00,False,False,never,,,3,3,,,,,0,1
dev_0006415,0,normal,,normal_bad_luck,3,2026-01-23 23:58:12+00:00,False,False,never,,,3,3,,,,,0,2
dev_0006418,0,normal,,normal_bad_luck,3,2026-01-02 01:20:27+00:00,False,False,never,,,3,3,,,,,0,4
dev_0006419,0,normal,,normal_bad_luck,6,2026-01-19 00:36:28+00:00,False,False,never,,,6,6,,,,,0,4
dev_0006420,0,normal,,normal_bad_luck,6,2026-01-21 21:25:37+00:00,True,False,review,6,,6,5,3,3,86551,,0,0
dev_0006421,0,normal,,normal_bad_luck,3,2026-01-22 21:51:06+00:00,False,False,never,,,3,3,,,,,0,0
dev_0006422,0,normal,,normal_bad_luck,3,2026-01-15 23:49:05+00:00,False,False,never,,,3,3,,,,,0,2
dev_0006423,0,normal,,normal_bad_luck,3,2026-01-15 20:07:32+00:00,False,False,never,,,3,3,,,,,0,3
dev_0006424,0,normal,,normal_bad_luck,3,2026-01-20 20:12:18+00:00,False,False,never,,,3,3,,,,,0,0
dev_0006425,0,normal,,normal_bad_luck,3,2026-01-22 09:06:44+00:00,False,False,never,,,3,3,,,,,0,1
dev_0006426,0,normal,,normal_bad_luck,3,2026-01-02 21:40:12+00:00,False,False,never,,,3,3,,,,,0,4
dev_0006427,0,normal,,normal_bad_luck,3,2026-01-25 12:41:51+00:00,False,False,never,,,3,3,,,,,0,4
dev_0006428,0,normal,,normal_bad_luck,3,2026-01-02 09:10:38+00:00,False,False,never,,,3,3,,,,,0,0
dev_0006429,0,normal,,normal_bad_luck,4,2026-01-28 16:04:27+00:00,False,False,never,,,4,4,,,,,0,2
dev_0006430,0,normal,,normal_bad_luck,9,2026-01-05 10:07:44+00:00,True,False,review,9,,9,8,3,3,259257,,0,3
dev_0006431,0,normal,,normal_bad_luck,3,2026-01-13 21:23:15+00:00,False,False,never,,,3,3,,,,,0,0
dev_0006432,0,normal,,normal_bad_luck,3,2026-01-20 14:38:07+00:00,False,False,never,,,3,3,,,,,0,4
dev_0006433,0,normal,,normal_bad_luck,3,2026-01-26 21:12:15+00:00,False,False,never,,,3,3,,,,,0,2
dev_0006435,0,normal,,normal_bad_luck,3,2026-01-23 10:28:10+00:00,False,False,never,,,3,3,,,,,0,1
dev_0006436,0,normal,,normal_bad_luck,4,2026-01-04 19:06:09+00:00,False,False,never,,,4,4,,,,,0,4
dev_0006437,0,normal,,normal_bad_luck,9,2026-01-06 19:47:20+00:00,False,False,never,,,9,9,,,,,0,3
dev_0006438,0,normal,,normal_bad_luck,3,2026-01-30 23:52:18+00:00,False,False,never,,,3,3,,,,,0,3
dev_0006441,0,normal,,normal_bad_luck,3,2026-01-07 07:19:31+00:00,False,False,never,,,3,3,,,,,0,0
dev_0006442,0,normal,,normal_bad_luck,6,2026-01-04 19:19:09+00:00,False,False,never,,,6,6,,,,,0,3
dev_0006443,0,normal,,normal_bad_luck,3,2026-01-26 23:16:29+00:00,False,False,never,,,3,3,,,,,0,1
dev_0006444,0,normal,,normal_bad_luck,3,2026-01-08 08:54:56+00:00,False,False,never,,,3,3,,,,,0,3
dev_0006445,0,normal,,normal_bad_luck,3,2026-01-11 07:25:07+00:00,False,False,never,,,3,3,,,,,0,0
dev_0006446,0,normal,,normal_bad_luck,3,2026-01-14 20:48:02+00:00,False,False,never,,,3,3,,,,,0,3
dev_0006447,0,normal,,normal_bad_luck,3,2026-01-11 07:00:54+00:00,False,False,never,,,3,3,,,,,0,2
dev_0006448,0,normal,,normal_bad_luck,3,2026-01-19 01:09:00+00:00,False,False,never,,,3,3,,,,,0,3
dev_0006449,0,normal,,normal_bad_luck,6,2026-01-05 19:07:23+00:00,False,False,never,,,6,6,,,,,0,0
dev_0006450,0,normal,,normal_bad_luck,4,2026-01-05 12:55:27+00:00,False,False,never,,,4,4,,,,,0,3
dev_0006453,0,normal,,normal_bad_luck,3,2026-01-12 08:46:25+00:00,False,False,never,,,3,3,,,,,0,3
dev_0006454,0,normal,,normal_bad_luck,3,2026-01-13 15:04:13+00:00,False,False,never,,,3,3,,,,,0,2
dev_0006455,0,normal,,normal_bad_luck,3,2026-01-18 15:10:29+00:00,False,False,never,,,3,3,,,,,0,4
dev_0006456,0,normal,,normal_bad_luck,8,2026-01-20 20:45:26+00:00,True,False,review,6,,6,5,3,2,172721,,0,2
dev_0006457,0,normal,,normal_bad_luck,3,2026-01-28 16:27:47+00:00,False,False,never,,,3,3,,,,,0,3
dev_0006459,0,normal,,normal_bad_luck,6,2026-01-14 02:04:57+00:00,False,False,never,,,6,6,,,,,0,0
dev_0006461,0,normal,,normal_bad_luck,3,2026-01-10 02:18:03+00:00,False,False,never,,,3,3,,,,,0,0
dev_0006462,0,normal,,normal_bad_luck,3,2026-01-12 07:48:16+00:00,False,False,never,,,3,3,,,,,0,2
dev_0006464,0,normal,,normal_bad_luck,3,2026-01-06 16:18:20+00:00,False,False,never,,,3,3,,,,,0,3
dev_0006466,0,normal,,normal_bad_luck,3,2026-01-19 23:35:08+00:00,False,False,never,,,3,3,,,,,0,2
dev_0006467,0,normal,,normal_bad_luck,3,2026-01-13 13:56:07+00:00,False,False,never,,,3,3,,,,,0,1
dev_0006469,0,normal,,normal_bad_luck,3,2026-01-09 23:27:52+00:00,False,False,never,,,3,3,,,,,0,4
dev_0006470,0,normal,,normal_bad_luck,6,2026-01-12 14:17:07+00:00,False,False,never,,,6,6,,,,,0,0
dev_0006471,0,normal,,normal_bad_luck,3,2026-01-22 07:15:34+00:00,False,False,never,,,3,3,,,,,0,0
dev_0006472,0,normal,,normal_bad_luck,3,2026-01-26 14:30:39+00:00,False,False,never,,,3,3,,,,,0,2
dev_0006474,0,normal,,normal_bad_luck,3,2026-01-24 02:51:11+00:00,False,False,never,,,3,3,,,,,0,4
dev_0006475,0,normal,,normal_bad_luck,4,2026-01-24 04:49:42+00:00,False,False,never,,,4,4,,,,,0,2
dev_0006476,0,normal,,normal_bad_luck,3,2026-01-11 14:23:59+00:00,False,False,never,,,3,3,,,,,0,0
dev_0006477,0,normal,,normal_bad_luck,3,2026-01-27 22:57:00+00:00,False,False,never,,,3,3,,,,,0,0
dev_0006480,0,normal,,normal_bad_luck,3,2026-01-05 02:41:23+00:00,False,False,never,,,3,3,,,,,0,3
dev_0006481,0,normal,,normal_bad_luck,3,2026-01-10 15:34:40+00:00,False,False,never,,,3,3,,,,,0,0
dev_0006483,0,normal,,normal_bad_luck,3,2026-01-04 07:42:21+00:00,False,False,never,,,3,3,,,,,0,4
dev_0006485,0,normal,,normal_bad_luck,3,2026-01-07 08:49:16+00:00,False,False,never,,,3,3,,,,,0,1
dev_0006487,0,normal,,normal_bad_luck,3,2026-01-26 22:14:20+00:00,False,False,never,,,3,3,,,,,0,3
dev_0006489,0,normal,,normal_bad_luck,3,2026-01-22 21:29:03+00:00,False,False,never,,,3,3,,,,,0,2
dev_0006490,0,normal,,normal_bad_luck,3,2026-01-03 23:49:40+00:00,False,False,never,,,3,3,,,,,0,2
dev_0006491,0,normal,,normal_bad_luck,6,2026-01-16 08:02:16+00:00,True,False,review,6,,6,5,3,3,259255,,0,0
dev_0006492,0,normal,,normal_bad_luck,6,2026-01-08 08:14:07+00:00,False,False,never,,,6,6,,,,,0,4
dev_0006493,0,normal,,normal_bad_luck,3,2026-01-27 05:30:09+00:00,False,False,never,,,3,3,,,,,0,4
dev_0006494,0,normal,,normal_bad_luck,3,2026-01-22 21:05:24+00:00,False,False,never,,,3,3,,,,,0,1
dev_0006495,0,normal,,normal_bad_luck,4,2026-01-22 15:31:06+00:00,False,False,never,,,4,4,,,,,0,1
dev_0006496,0,normal,,normal_bad_luck,3,2026-01-08 14:59:08+00:00,False,False,never,,,3,3,,,,,0,1
dev_0006497,0,normal,,normal_bad_luck,3,2026-01-16 23:12:06+00:00,False,False,never,,,3,3,,,,,0,4
dev_0006498,0,normal,,normal_bad_luck,6,2026-01-17 07:07:47+00:00,False,False,never,,,6,6,,,,,0,0
dev_0006499,0,normal,,normal_bad_luck,4,2026-01-25 23:49:43+00:00,False,False,never,,,4,4,,,,,0,2
dev_0006500,0,normal,,normal_bad_luck,6,2026-01-27 22:21:50+00:00,False,False,never,,,6,6,,,,,0,3
dev_0006502,0,flash_sale,,flash_standard,1,2026-01-22 17:57:55+00:00,False,False,never,,,1,1,,,,,0,0
dev_0006503,0,flash_sale,,flash_standard,1,2026-01-14 17:17:50+00:00,False,False,never,,,1,1,,,,,0,0
dev_0006504,0,flash_sale,,flash_standard,1,2026-01-28 19:57:36+00:00,False,False,never,,,1,1,,,,,0,2
dev_0006505,0,flash_sale,,flash_standard,1,2026-01-23 11:46:04+00:00,False,False,never,,,1,1,,,,,0,0
dev_0006507,0,flash_sale,,flash_standard,1,2026-01-04 08:29:53+00:00,False,False,never,,,1,1,,,,,0,4
dev_0006508,0,flash_sale,,flash_standard,3,2026-01-19 15:49:10+00:00,False,False,never,,,3,3,,,,,0,3
dev_0006509,0,flash_sale,,flash_standard,1,2026-01-02 19:14:10+00:00,False,False,never,,,1,1,,,,,0,2
dev_0006510,0,flash_sale,,flash_standard,2,2026-01-23 02:30:38+00:00,False,False,never,,,2,2,,,,,0,0
dev_0006511,0,flash_sale,,flash_standard,1,2026-01-25 08:09:06+00:00,False,False,never,,,1,1,,,,,0,3
dev_0006512,0,flash_sale,,flash_standard,2,2026-01-27 22:29:43+00:00,False,False,never,,,2,2,,,,,0,4
dev_0006513,0,flash_sale,,flash_standard,1,2026-01-12 06:17:10+00:00,False,False,never,,,1,1,,,,,0,0
dev_0006515,0,flash_sale,,flash_standard,1,2026-01-12 18:23:14+00:00,False,False,never,,,1,1,,,,,0,4
dev_0006516,0,flash_sale,,flash_standard,2,2026-01-09 18:46:05+00:00,False,False,never,,,2,2,,,,,0,4
dev_0006517,0,flash_sale,,flash_standard,1,2026-01-07 23:00:27+00:00,False,False,never,,,1,1,,,,,0,1
dev_0006519,0,flash_sale,,flash_standard,1,2026-01-13 06:01:58+00:00,False,False,never,,,1,1,,,,,0,1
dev_0006520,0,flash_sale,,flash_standard,1,2026-01-19 07:42:17+00:00,False,False,never,,,1,1,,,,,0,0
dev_0006522,0,flash_sale,,flash_standard,2,2026-01-16 03:01:36+00:00,False,False,never,,,2,2,,,,,0,2
dev_0006524,0,flash_sale,,flash_standard,1,2026-01-16 19:37:51+00:00,False,False,never,,,1,1,,,,,0,0
dev_0006525,0,flash_sale,,flash_standard,3,2026-01-02 01:23:46+00:00,False,False,never,,,3,3,,,,,0,2
dev_0006529,0,flash_sale,,flash_standard,1,2026-01-26 15:39:59+00:00,False,False,never,,,1,1,,,,,0,2
dev_0006531,0,flash_sale,,flash_standard,1,2026-01-21 11:56:31+00:00,False,False,never,,,1,1,,,,,0,0
dev_0006532,0,flash_sale,,flash_standard,1,2026-01-13 13:18:03+00:00,False,False,never,,,1,1,,,,,0,3
dev_0006533,0,flash_sale,,flash_standard,1,2026-01-09 13:13:57+00:00,False,False,never,,,1,1,,,,,0,1
dev_0006534,0,flash_sale,,flash_standard,1,2026-01-30 04:07:10+00:00,False,False,never,,,1,1,,,,,0,0
dev_0006535,0,flash_sale,,flash_standard,2,2026-01-05 14:17:27+00:00,False,False,never,,,2,2,,,,,0,1
dev_0006537,0,flash_sale,,flash_standard,1,2026-01-17 04:25:43+00:00,False,False,never,,,1,1,,,,,0,3
dev_0006538,0,flash_sale,,flash_standard,1,2026-01-29 06:04:14+00:00,False,False,never,,,1,1,,,,,0,0
dev_0006539,0,flash_sale,,flash_standard,2,2026-01-01 15:10:46+00:00,False,False,never,,,2,2,,,,,0,4
dev_0006540,0,flash_sale,,flash_standard,1,2026-01-20 13:58:02+00:00,False,False,never,,,1,1,,,,,0,1
dev_0006541,0,flash_sale,,flash_standard,1,2026-01-23 02:26:45+00:00,False,False,never,,,1,1,,,,,0,0
dev_0006542,0,flash_sale,,flash_standard,1,2026-01-03 18:41:05+00:00,False,False,never,,,1,1,,,,,0,3
dev_0006543,0,flash_sale,,flash_standard,1,2026-01-17 11:02:44+00:00,False,False,never,,,1,1,,,,,0,3
dev_0006544,0,flash_sale,,flash_standard,2,2026-01-21 09:32:27+00:00,False,False,never,,,2,2,,,,,0,0
dev_0006545,0,flash_sale,,flash_standard,1,2026-01-07 18:22:24+00:00,False,False,never,,,1,1,,,,,0,4
dev_0006546,0,flash_sale,,flash_standard,1,2026-01-09 16:29:36+00:00,False,False,never,,,1,1,,,,,0,1
dev_0006547,0,flash_sale,,flash_standard,1,2026-01-16 21:29:41+00:00,False,False,never,,,1,1,,,,,0,1
dev_0006548,0,flash_sale,,flash_standard,1,2026-01-20 00:08:14+00:00,False,False,never,,,1,1,,,,,0,1
dev_0006549,0,flash_sale,,flash_standard,1,2026-01-02 00:43:10+00:00,False,False,never,,,1,1,,,,,0,3
dev_0006550,0,flash_sale,,flash_standard,1,2026-01-11 21:42:51+00:00,False,False,never,,,1,1,,,,,0,4
dev_0006552,0,flash_sale,,flash_standard,2,2026-01-22 12:22:26+00:00,False,False,never,,,2,2,,,,,0,1
dev_0006553,0,flash_sale,,flash_standard,1,2026-01-26 21:36:09+00:00,False,False,never,,,1,1,,,,,0,2
dev_0006554,0,flash_sale,,flash_standard,1,2026-01-27 16:49:01+00:00,False,False,never,,,1,1,,,,,0,1
dev_0006555,0,flash_sale,,flash_standard,1,2026-01-27 22:56:03+00:00,False,False,never,,,1,1,,,,,0,3
dev_0006556,0,flash_sale,,flash_standard,1,2026-01-22 17:59:37+00:00,False,False,never,,,1,1,,,,,0,1
dev_0006557,0,flash_sale,,flash_standard,1,2026-01-29 23:21:28+00:00,False,False,never,,,1,1,,,,,0,0
dev_0006558,0,flash_sale,,flash_standard,1,2026-01-17 18:13:38+00:00,False,False,never,,,1,1,,,,,0,2
dev_0006559,0,flash_sale,,flash_standard,1,2026-01-21 09:58:20+00:00,False,False,never,,,1,1,,,,,0,2
dev_0006560,0,flash_sale,,flash_standard,1,2026-01-17 07:08:46+00:00,False,False,never,,,1,1,,,,,0,0
dev_0006561,0,flash_sale,,flash_standard,1,2026-01-08 05:59:23+00:00,False,False,never,,,1,1,,,,,0,0
dev_0006562,0,flash_sale,,flash_standard,1,2026-01-02 12:52:35+00:00,False,False,never,,,1,1,,,,,0,0
dev_0006563,0,flash_sale,,flash_standard,1,2026-01-30 17:47:32+00:00,False,False,never,,,1,1,,,,,0,1
dev_0006564,0,flash_sale,,flash_standard,1,2026-01-14 07:14:34+00:00,False,False,never,,,1,1,,,,,0,0
dev_0006565,0,flash_sale,,flash_standard,1,2026-01-09 14:55:31+00:00,False,False,never,,,1,1,,,,,0,0
dev_0006566,0,flash_sale,,flash_standard,1,2026-01-19 02:29:57+00:00,False,False,never,,,1,1,,,,,0,0
dev_0006567,0,flash_sale,,flash_standard,1,2026-01-18 16:21:49+00:00,False,False,never,,,1,1,,,,,0,3
dev_0006569,0,flash_sale,,flash_standard,1,2026-01-21 11:12:21+00:00,False,False,never,,,1,1,,,,,0,0
dev_0006570,0,flash_sale,,flash_standard,1,2026-01-09 17:06:51+00:00,False,False,never,,,1,1,,,,,0,3
dev_0006572,0,flash_sale,,flash_standard,1,2026-01-13 22:36:07+00:00,False,False,never,,,1,1,,,,,0,1
dev_0006573,0,flash_sale,,flash_standard,1,2026-01-05 01:19:50+00:00,False,False,never,,,1,1,,,,,0,1
dev_0006574,0,flash_sale,,flash_standard,1,2026-01-06 23:58:42+00:00,False,False,never,,,1,1,,,,,0,2
dev_0006577,0,flash_sale,,flash_standard,1,2026-01-17 13:00:41+00:00,False,False,never,,,1,1,,,,,0,0
dev_0006579,0,flash_sale,,flash_standard,2,2026-01-19 03:35:25+00:00,False,False,never,,,2,2,,,,,0,0
dev_0006581,0,flash_sale,,flash_standard,1,2026-01-24 00:30:49+00:00,False,False,never,,,1,1,,,,,0,4
dev_0006582,0,flash_sale,,flash_standard,1,2026-01-02 19:56:24+00:00,False,False,never,,,1,1,,,,,0,4
dev_0006583,0,flash_sale,,flash_standard,1,2026-01-16 21:46:21+00:00,False,False,never,,,1,1,,,,,0,1
dev_0006584,0,flash_sale,,flash_standard,1,2026-01-02 12:37:28+00:00,False,False,never,,,1,1,,,,,0,1
dev_0006585,0,flash_sale,,flash_standard,1,2026-01-14 03:21:47+00:00,False,False,never,,,1,1,,,,,0,3
dev_0006586,0,flash_sale,,flash_standard,1,2026-01-26 07:13:34+00:00,False,False,never,,,1,1,,,,,0,0
dev_0006588,0,flash_sale,,flash_standard,2,2026-01-24 20:01:57+00:00,False,False,never,,,2,2,,,,,0,0
dev_0006592,0,flash_sale,,flash_standard,1,2026-01-25 09:16:57+00:00,False,False,never,,,1,1,,,,,0,1
dev_0006595,0,flash_sale,,flash_standard,1,2026-01-23 07:29:43+00:00,False,False,never,,,1,1,,,,,0,2
dev_0006596,0,flash_sale,,flash_standard,1,2026-01-14 07:20:54+00:00,False,False,never,,,1,1,,,,,0,3
dev_0006597,0,flash_sale,,flash_standard,3,2026-01-21 00:22:04+00:00,False,False,never,,,3,3,,,,,0,0
dev_0006598,0,flash_sale,,flash_standard,1,2026-01-25 15:44:40+00:00,False,False,never,,,1,1,,,,,0,2
dev_0006599,0,flash_sale,,flash_standard,1,2026-01-15 18:32:54+00:00,False,False,never,,,1,1,,,,,0,2
dev_0006601,0,flash_sale,,flash_standard,1,2026-01-19 12:21:31+00:00,False,False,never,,,1,1,,,,,0,4
dev_0006604,0,flash_sale,,flash_standard,1,2026-01-08 15:30:26+00:00,False,False,never,,,1,1,,,,,0,3
dev_0006605,0,flash_sale,,flash_standard,1,2026-01-24 11:45:29+00:00,False,False,never,,,1,1,,,,,0,0
dev_0006607,0,flash_sale,,flash_standard,1,2026-01-01 17:33:05+00:00,False,False,never,,,1,1,,,,,0,4
dev_0006608,0,flash_sale,,flash_standard,1,2026-01-25 02:49:31+00:00,False,False,never,,,1,1,,,,,0,0
dev_0006609,0,flash_sale,,flash_standard,1,2026-01-11 11:39:15+00:00,False,False,never,,,1,1,,,,,0,2
dev_0006610,0,flash_sale,,flash_standard,2,2026-01-20 15:36:01+00:00,False,False,never,,,2,2,,,,,0,3
dev_0006611,0,flash_sale,,flash_standard,1,2026-01-18 04:27:34+00:00,False,False,never,,,1,1,,,,,0,1
dev_0006612,0,flash_sale,,flash_standard,1,2026-01-06 19:38:32+00:00,False,False,never,,,1,1,,,,,0,2
dev_0006613,0,flash_sale,,flash_standard,1,2026-01-21 10:23:53+00:00,False,False,never,,,1,1,,,,,0,2
dev_0006614,0,flash_sale,,flash_standard,1,2026-01-23 08:58:30+00:00,False,False,never,,,1,1,,,,,0,0
dev_0006616,0,flash_sale,,flash_standard,3,2026-01-05 18:03:24+00:00,False,False,never,,,3,3,,,,,0,2
dev_0006617,0,flash_sale,,flash_standard,1,2026-01-20 01:55:48+00:00,False,False,never,,,1,1,,,,,0,1
dev_0006618,0,flash_sale,,flash_standard,1,2026-01-14 00:55:57+00:00,False,False,never,,,1,1,,,,,0,3
dev_0006620,0,flash_sale,,flash_standard,1,2026-01-12 00:34:19+00:00,False,False,never,,,1,1,,,,,0,2
dev_0006621,0,flash_sale,,flash_standard,1,2026-01-22 03:38:20+00:00,False,False,never,,,1,1,,,,,0,3
dev_0006622,0,flash_sale,,flash_standard,2,2026-01-02 18:02:47+00:00,False,False,never,,,2,2,,,,,0,1
dev_0006623,0,flash_sale,,flash_standard,3,2026-01-29 06:18:44+00:00,False,False,never,,,3,3,,,,,0,2
dev_0006624,0,flash_sale,,flash_standard,1,2026-01-19 03:12:25+00:00,False,False,never,,,1,1,,,,,0,3
dev_0006625,0,flash_sale,,flash_standard,1,2026-01-10 06:03:58+00:00,False,False,never,,,1,1,,,,,0,1
dev_0006626,0,flash_sale,,flash_standard,1,2026-01-02 11:58:50+00:00,False,False,never,,,1,1,,,,,0,2
dev_0006627,0,flash_sale,,flash_standard,1,2026-01-07 15:40:45+00:00,False,False,never,,,1,1,,,,,0,3
dev_0006628,0,flash_sale,,flash_standard,1,2026-01-24 18:44:00+00:00,False,False,never,,,1,1,,,,,0,2
dev_0006629,0,flash_sale,,flash_standard,1,2026-01-02 21:37:25+00:00,False,False,never,,,1,1,,,,,0,1
dev_0006630,0,flash_sale,,flash_standard,1,2026-01-21 08:29:37+00:00,False,False,never,,,1,1,,,,,0,3
dev_0006631,0,flash_sale,,flash_standard,1,2026-01-15 00:34:44+00:00,False,False,never,,,1,1,,,,,0,4
dev_0006632,0,flash_sale,,flash_standard,1,2026-01-04 17:11:04+00:00,False,False,never,,,1,1,,,,,0,4
dev_0006633,0,flash_sale,,flash_standard,3,2026-01-27 15:19:56+00:00,False,False,never,,,3,3,,,,,0,4
dev_0006634,0,flash_sale,,flash_standard,1,2026-01-23 23:19:01+00:00,False,False,never,,,1,1,,,,,0,4
dev_0006635,0,flash_sale,,flash_standard,1,2026-01-13 08:15:05+00:00,False,False,never,,,1,1,,,,,0,2
dev_0006636,0,flash_sale,,flash_standard,1,2026-01-05 16:30:50+00:00,False,False,never,,,1,1,,,,,0,0
dev_0006638,0,flash_sale,,flash_standard,1,2026-01-18 18:44:45+00:00,False,False,never,,,1,1,,,,,0,2
dev_0006641,0,flash_sale,,flash_standard,2,2026-01-29 14:30:34+00:00,False,False,never,,,2,2,,,,,0,1
dev_0006642,0,flash_sale,,flash_standard,1,2026-01-10 23:45:14+00:00,False,False,never,,,1,1,,,,,0,3
dev_0006643,0,flash_sale,,flash_standard,2,2026-01-21 04:03:21+00:00,False,False,never,,,2,2,,,,,0,4
dev_0006644,0,flash_sale,,flash_standard,1,2026-01-07 03:43:41+00:00,False,False,never,,,1,1,,,,,0,2
dev_0006645,0,flash_sale,,flash_standard,1,2026-01-12 08:50:42+00:00,False,False,never,,,1,1,,,,,0,2
dev_0006646,0,flash_sale,,flash_standard,1,2026-01-10 04:02:59+00:00,False,False,never,,,1,1,,,,,0,2
dev_0006647,0,flash_sale,,flash_standard,2,2026-01-27 11:15:55+00:00,False,False,never,,,2,2,,,,,0,0
dev_0006648,0,flash_sale,,flash_standard,1,2026-01-07 16:30:38+00:00,False,False,never,,,1,1,,,,,0,2
dev_0006649,0,flash_sale,,flash_standard,1,2026-01-15 08:56:14+00:00,False,False,never,,,1,1,,,,,0,0
dev_0006650,0,flash_sale,,flash_standard,2,2026-01-06 00:38:50+00:00,False,False,never,,,2,2,,,,,0,3
dev_0006651,0,flash_sale,,flash_standard,1,2026-01-16 01:54:29+00:00,False,False,never,,,1,1,,,,,0,0
dev_0006653,0,flash_sale,,flash_standard,1,2026-01-04 03:32:00+00:00,False,False,never,,,1,1,,,,,0,3
dev_0006654,0,flash_sale,,flash_standard,1,2026-01-06 02:08:17+00:00,False,False,never,,,1,1,,,,,0,3
dev_0006655,0,flash_sale,,flash_standard,1,2026-01-04 05:07:25+00:00,False,False,never,,,1,1,,,,,0,2
dev_0006656,0,flash_sale,,flash_standard,1,2026-01-22 03:07:47+00:00,False,False,never,,,1,1,,,,,0,1
dev_0006657,0,flash_sale,,flash_standard,1,2026-01-23 17:35:04+00:00,False,False,never,,,1,1,,,,,0,1
dev_0006658,0,flash_sale,,flash_standard,2,2026-01-02 21:53:33+00:00,False,False,never,,,2,2,,,,,0,3
dev_0006659,0,flash_sale,,flash_standard,1,2026-01-19 09:05:23+00:00,False,False,never,,,1,1,,,,,0,2
dev_0006660,0,flash_sale,,flash_standard,1,2026-01-08 02:36:12+00:00,False,False,never,,,1,1,,,,,0,2
dev_0006661,0,flash_sale,,flash_standard,1,2026-01-10 18:56:46+00:00,False,False,never,,,1,1,,,,,0,1
dev_0006662,0,flash_sale,,flash_standard,2,2026-01-25 12:59:32+00:00,False,False,never,,,2,2,,,,,0,1
dev_0006664,0,flash_sale,,flash_standard,1,2026-01-20 11:56:02+00:00,False,False,never,,,1,1,,,,,0,3
dev_0006665,0,flash_sale,,flash_standard,1,2026-01-28 17:07:29+00:00,False,False,never,,,1,1,,,,,0,3
dev_0006666,0,flash_sale,,flash_standard,1,2026-01-03 17:26:30+00:00,False,False,never,,,1,1,,,,,0,4
dev_0006667,0,flash_sale,,flash_standard,1,2026-01-21 21:07:49+00:00,False,False,never,,,1,1,,,,,0,2
dev_0006668,0,flash_sale,,flash_standard,1,2026-01-26 03:55:53+00:00,False,False,never,,,1,1,,,,,0,4
dev_0006669,0,flash_sale,,flash_standard,1,2026-01-11 05:05:21+00:00,False,False,never,,,1,1,,,,,0,1
dev_0006670,0,flash_sale,,flash_standard,1,2026-01-28 07:48:46+00:00,False,False,never,,,1,1,,,,,0,3
dev_0006671,0,flash_sale,,flash_standard,1,2026-01-26 23:55:45+00:00,False,False,never,,,1,1,,,,,0,1
dev_0006672,0,flash_sale,,flash_standard,2,2026-01-24 10:24:19+00:00,False,False,never,,,2,2,,,,,0,4
dev_0006673,0,flash_sale,,flash_standard,1,2026-01-03 22:48:19+00:00,False,False,never,,,1,1,,,,,0,1
dev_0006674,0,flash_sale,,flash_standard,1,2026-01-29 03:08:24+00:00,False,False,never,,,1,1,,,,,0,2
dev_0006676,0,flash_sale,,flash_standard,1,2026-01-29 15:17:19+00:00,False,False,never,,,1,1,,,,,0,0
dev_0006678,0,flash_sale,,flash_standard,1,2026-01-03 07:43:37+00:00,False,False,never,,,1,1,,,,,0,4
dev_0006679,0,flash_sale,,flash_standard,1,2026-01-06 15:59:47+00:00,False,False,never,,,1,1,,,,,0,3
dev_0006680,0,flash_sale,,flash_standard,1,2026-01-11 05:32:26+00:00,False,False,never,,,1,1,,,,,0,3
dev_0006681,0,flash_sale,,flash_standard,1,2026-01-18 12:22:32+00:00,False,False,never,,,1,1,,,,,0,0
dev_0006682,0,flash_sale,,flash_standard,1,2026-01-21 01:13:01+00:00,False,False,never,,,1,1,,,,,0,3
dev_0006684,0,flash_sale,,flash_standard,1,2026-01-27 08:38:46+00:00,False,False,never,,,1,1,,,,,0,0
dev_0006685,0,flash_sale,,flash_standard,3,2026-01-16 10:19:41+00:00,False,False,never,,,3,3,,,,,0,0
dev_0006686,0,flash_sale,,flash_standard,1,2026-01-27 19:01:51+00:00,False,False,never,,,1,1,,,,,0,3
dev_0006687,0,flash_sale,,flash_standard,3,2026-01-25 02:26:21+00:00,False,False,never,,,3,3,,,,,0,3
dev_0006688,0,flash_sale,,flash_standard,1,2026-01-24 06:57:39+00:00,False,False,never,,,1,1,,,,,0,1
dev_0006690,0,flash_sale,,flash_standard,3,2026-01-24 17:21:39+00:00,False,False,never,,,3,3,,,,,0,4
dev_0006691,0,flash_sale,,flash_standard,1,2026-01-14 10:20:04+00:00,False,False,never,,,1,1,,,,,0,0
dev_0006695,0,flash_sale,,flash_standard,1,2026-01-25 04:49:49+00:00,False,False,never,,,1,1,,,,,0,2
dev_0006697,0,flash_sale,,flash_standard,3,2026-01-01 01:49:28+00:00,False,False,never,,,3,3,,,,,0,0
dev_0006698,0,flash_sale,,flash_standard,1,2026-01-27 15:25:39+00:00,False,False,never,,,1,1,,,,,0,3
dev_0006699,0,flash_sale,,flash_standard,2,2026-01-04 15:49:40+00:00,False,False,never,,,2,2,,,,,0,2
dev_0006702,0,flash_sale,,flash_standard,1,2026-01-21 17:58:28+00:00,False,False,never,,,1,1,,,,,0,1
dev_0006703,0,flash_sale,,flash_standard,1,2026-01-14 15:14:54+00:00,False,False,never,,,1,1,,,,,0,0
dev_0006704,0,flash_sale,,flash_standard,1,2026-01-04 12:57:30+00:00,False,False,never,,,1,1,,,,,0,4
dev_0006705,0,flash_sale,,flash_standard,1,2026-01-01 16:32:26+00:00,False,False,never,,,1,1,,,,,0,2
dev_0006706,0,flash_sale,,flash_standard,1,2026-01-26 19:07:24+00:00,False,False,never,,,1,1,,,,,0,2
dev_0006707,0,flash_sale,,flash_standard,1,2026-01-22 01:11:36+00:00,False,False,never,,,1,1,,,,,0,2
dev_0006708,0,flash_sale,,flash_standard,1,2026-01-30 11:12:37+00:00,False,False,never,,,1,1,,,,,0,4
dev_0006709,0,flash_sale,,flash_standard,1,2026-01-18 07:56:09+00:00,False,False,never,,,1,1,,,,,0,2
dev_0006711,0,flash_sale,,flash_standard,1,2026-01-06 03:46:15+00:00,False,False,never,,,1,1,,,,,0,4
dev_0006713,0,flash_sale,,flash_standard,1,2026-01-29 00:14:39+00:00,False,False,never,,,1,1,,,,,0,0
dev_0006715,0,flash_sale,,flash_standard,2,2026-01-21 14:19:36+00:00,False,False,never,,,2,2,,,,,0,3
dev_0006716,0,flash_sale,,flash_standard,1,2026-01-17 20:26:33+00:00,False,False,never,,,1,1,,,,,0,3
dev_0006717,0,flash_sale,,flash_standard,1,2026-01-12 10:08:39+00:00,False,False,never,,,1,1,,,,,0,2
dev_0006718,0,flash_sale,,flash_standard,1,2026-01-06 20:09:57+00:00,False,False,never,,,1,1,,,,,0,4
dev_0006719,0,flash_sale,,flash_standard,1,2026-01-01 21:56:33+00:00,False,False,never,,,1,1,,,,,0,2
dev_0006720,0,flash_sale,,flash_standard,1,2026-01-27 06:28:31+00:00,False,False,never,,,1,1,,,,,0,0
dev_0006721,0,flash_sale,,flash_standard,1,2026-01-03 06:40:16+00:00,False,False,never,,,1,1,,,,,0,1
dev_0006722,0,flash_sale,,flash_standard,1,2026-01-27 00:02:28+00:00,False,False,never,,,1,1,,,,,0,2
dev_0006724,0,flash_sale,,flash_standard,1,2026-01-17 12:42:23+00:00,False,False,never,,,1,1,,,,,0,4
dev_0006725,0,flash_sale,,flash_standard,1,2026-01-29 07:57:53+00:00,False,False,never,,,1,1,,,,,0,4
dev_0006726,0,flash_sale,,flash_standard,1,2026-01-07 13:40:52+00:00,False,False,never,,,1,1,,,,,0,0
dev_0006727,0,flash_sale,,flash_standard,1,2026-01-04 02:24:20+00:00,False,False,never,,,1,1,,,,,0,1
dev_0006728,0,flash_sale,,flash_standard,1,2026-01-07 10:07:23+00:00,False,False,never,,,1,1,,,,,0,2
dev_0006730,0,flash_sale,,flash_standard,1,2026-01-04 16:12:53+00:00,False,False,never,,,1,1,,,,,0,2
dev_0006733,0,flash_sale,,flash_standard,1,2026-01-26 09:19:58+00:00,False,False,never,,,1,1,,,,,0,0
dev_0006734,0,flash_sale,,flash_standard,1,2026-01-22 14:23:49+00:00,False,False,never,,,1,1,,,,,0,2
dev_0006735,0,flash_sale,,flash_standard,1,2026-01-26 04:08:24+00:00,False,False,never,,,1,1,,,,,0,2
dev_0006736,0,flash_sale,,flash_standard,2,2026-01-10 23:04:20+00:00,False,False,never,,,2,2,,,,,0,3
dev_0006737,0,flash_sale,,flash_standard,1,2026-01-02 11:38:49+00:00,False,False,never,,,1,1,,,,,0,3
dev_0006738,0,flash_sale,,flash_standard,1,2026-01-11 18:01:59+00:00,False,False,never,,,1,1,,,,,0,4
dev_0006739,0,flash_sale,,flash_standard,1,2026-01-22 18:40:04+00:00,False,False,never,,,1,1,,,,,0,4
dev_0006740,0,flash_sale,,flash_standard,1,2026-01-29 09:32:22+00:00,False,False,never,,,1,1,,,,,0,1
dev_0006741,0,flash_sale,,flash_standard,1,2026-01-29 05:10:58+00:00,False,False,never,,,1,1,,,,,0,3
dev_0006743,0,flash_sale,,flash_standard,1,2026-01-15 13:33:06+00:00,False,False,never,,,1,1,,,,,0,2
dev_0006744,0,flash_sale,,flash_standard,2,2026-01-07 01:13:25+00:00,False,False,never,,,2,2,,,,,0,4
dev_0006745,0,flash_sale,,flash_standard,1,2026-01-01 08:13:58+00:00,False,False,never,,,1,1,,,,,0,4
dev_0006746,0,flash_sale,,flash_standard,1,2026-01-12 10:52:38+00:00,False,False,never,,,1,1,,,,,0,2
dev_0006747,0,flash_sale,,flash_standard,1,2026-01-20 16:01:12+00:00,False,False,never,,,1,1,,,,,0,1
dev_0006748,0,flash_sale,,flash_standard,1,2026-01-04 09:07:50+00:00,False,False,never,,,1,1,,,,,0,2
dev_0006749,0,flash_sale,,flash_standard,1,2026-01-24 20:50:21+00:00,False,False,never,,,1,1,,,,,0,4
dev_0006750,0,flash_sale,,flash_standard,2,2026-01-10 16:28:42+00:00,False,False,never,,,2,2,,,,,0,2
dev_0006751,0,flash_sale,,flash_standard,1,2026-01-06 09:49:37+00:00,False,False,never,,,1,1,,,,,0,2
dev_0006752,0,flash_sale,,flash_standard,1,2026-01-25 00:43:23+00:00,False,False,never,,,1,1,,,,,0,1
dev_0006754,0,flash_sale,,flash_standard,1,2026-01-22 09:22:46+00:00,False,False,never,,,1,1,,,,,0,4
dev_0006755,0,flash_sale,,flash_standard,1,2026-01-03 11:50:56+00:00,False,False,never,,,1,1,,,,,0,0
dev_0006756,0,flash_sale,,flash_standard,1,2026-01-20 06:07:55+00:00,False,False,never,,,1,1,,,,,0,3
dev_0006757,0,flash_sale,,flash_standard,1,2026-01-08 23:41:55+00:00,False,False,never,,,1,1,,,,,0,1
dev_0006758,0,flash_sale,,flash_standard,2,2026-01-08 04:20:53+00:00,False,False,never,,,2,2,,,,,0,4
dev_0006759,0,flash_sale,,flash_standard,1,2026-01-23 11:15:39+00:00,False,False,never,,,1,1,,,,,0,0
dev_0006760,0,flash_sale,,flash_standard,1,2026-01-11 15:07:47+00:00,False,False,never,,,1,1,,,,,0,3
dev_0006761,0,flash_sale,,flash_standard,1,2026-01-19 04:39:10+00:00,False,False,never,,,1,1,,,,,0,4
dev_0006763,0,flash_sale,,flash_standard,1,2026-01-10 13:42:42+00:00,False,False,never,,,1,1,,,,,0,3
dev_0006764,0,flash_sale,,flash_standard,2,2026-01-28 22:24:30+00:00,False,False,never,,,2,2,,,,,0,3
dev_0006767,0,flash_sale,,flash_standard,2,2026-01-01 23:45:27+00:00,False,False,never,,,2,2,,,,,0,4
dev_0006768,0,flash_sale,,flash_standard,2,2026-01-09 20:29:20+00:00,False,False,never,,,2,2,,,,,0,2
dev_0006769,0,flash_sale,,flash_standard,1,2026-01-13 14:03:36+00:00,False,False,never,,,1,1,,,,,0,2
dev_0006771,0,flash_sale,,flash_standard,1,2026-01-12 06:24:58+00:00,False,False,never,,,1,1,,,,,0,0
dev_0006772,0,flash_sale,,flash_standard,1,2026-01-12 14:59:58+00:00,False,False,never,,,1,1,,,,,0,1
dev_0006774,0,flash_sale,,flash_standard,1,2026-01-28 19:18:40+00:00,False,False,never,,,1,1,,,,,0,2
dev_0006775,0,flash_sale,,flash_standard,1,2026-01-09 03:13:39+00:00,False,False,never,,,1,1,,,,,0,3
dev_0006776,0,flash_sale,,flash_standard,1,2026-01-12 12:26:18+00:00,False,False,never,,,1,1,,,,,0,1
dev_0006777,0,flash_sale,,flash_standard,1,2026-01-19 22:24:38+00:00,False,False,never,,,1,1,,,,,0,2
dev_0006778,0,flash_sale,,flash_standard,2,2026-01-13 13:47:20+00:00,False,False,never,,,2,2,,,,,0,3
dev_0006779,0,flash_sale,,flash_standard,1,2026-01-16 06:50:57+00:00,False,False,never,,,1,1,,,,,0,2
dev_0006780,0,flash_sale,,flash_standard,1,2026-01-16 19:55:41+00:00,False,False,never,,,1,1,,,,,0,2
dev_0006781,0,flash_sale,,flash_standard,1,2026-01-07 02:11:45+00:00,False,False,never,,,1,1,,,,,0,1
dev_0006782,0,flash_sale,,flash_standard,1,2026-01-05 06:07:25+00:00,False,False,never,,,1,1,,,,,0,3
dev_0006783,0,flash_sale,,flash_standard,1,2026-01-21 12:17:43+00:00,False,False,never,,,1,1,,,,,0,0
dev_0006785,0,flash_sale,,flash_standard,1,2026-01-15 00:11:12+00:00,False,False,never,,,1,1,,,,,0,0
dev_0006786,0,flash_sale,,flash_standard,1,2026-01-26 04:44:42+00:00,False,False,never,,,1,1,,,,,0,3
dev_0006789,0,flash_sale,,flash_standard,1,2026-01-16 18:50:15+00:00,False,False,never,,,1,1,,,,,0,1
dev_0006790,0,flash_sale,,flash_standard,1,2026-01-14 14:25:05+00:00,False,False,never,,,1,1,,,,,0,2
dev_0006791,0,flash_sale,,flash_standard,3,2026-01-05 14:59:26+00:00,False,False,never,,,3,3,,,,,0,1
dev_0006793,0,flash_sale,,flash_standard,2,2026-01-03 02:52:23+00:00,False,False,never,,,2,2,,,,,0,2
dev_0006794,0,flash_sale,,flash_standard,2,2026-01-14 02:21:11+00:00,False,False,never,,,2,2,,,,,0,3
dev_0006795,0,flash_sale,,flash_standard,1,2026-01-04 11:51:47+00:00,False,False,never,,,1,1,,,,,0,3
dev_0006796,0,flash_sale,,flash_standard,2,2026-01-24 20:34:06+00:00,False,False,never,,,2,2,,,,,0,2
dev_0006797,0,flash_sale,,flash_standard,1,2026-01-21 15:06:37+00:00,False,False,never,,,1,1,,,,,0,1
dev_0006799,0,flash_sale,,flash_standard,1,2026-01-10 03:07:20+00:00,False,False,never,,,1,1,,,,,0,2
dev_0006800,0,flash_sale,,flash_standard,2,2026-01-27 15:44:28+00:00,False,False,never,,,2,2,,,,,0,4
dev_0006802,0,flash_sale,,flash_standard,1,2026-01-14 00:15:25+00:00,False,False,never,,,1,1,,,,,0,4
dev_0006803,0,flash_sale,,flash_standard,3,2026-01-24 05:46:59+00:00,False,False,never,,,3,3,,,,,0,3
dev_0006804,0,flash_sale,,flash_standard,1,2026-01-01 18:04:31+00:00,False,False,never,,,1,1,,,,,0,3
dev_0006805,0,flash_sale,,flash_standard,1,2026-01-26 19:58:51+00:00,False,False,never,,,1,1,,,,,0,1
dev_0006806,0,flash_sale,,flash_standard,1,2026-01-15 11:06:52+00:00,False,False,never,,,1,1,,,,,0,1
dev_0006807,0,flash_sale,,flash_standard,1,2026-01-28 09:23:38+00:00,False,False,never,,,1,1,,,,,0,3
dev_0006808,0,flash_sale,,flash_standard,4,2026-01-10 15:48:20+00:00,False,False,never,,,4,4,,,,,0,2
dev_0006809,0,flash_sale,,flash_standard,2,2026-01-09 13:00:41+00:00,False,False,never,,,2,2,,,,,0,2
dev_0006810,0,flash_sale,,flash_standard,1,2026-01-25 05:50:48+00:00,False,False,never,,,1,1,,,,,0,0
dev_0006811,0,flash_sale,,flash_standard,1,2026-01-18 06:59:44+00:00,False,False,never,,,1,1,,,,,0,4
dev_0006813,0,flash_sale,,flash_standard,2,2026-01-08 13:28:29+00:00,False,False,never,,,2,2,,,,,0,2
dev_0006815,0,flash_sale,,flash_standard,1,2026-01-09 20:52:02+00:00,False,False,never,,,1,1,,,,,0,4
dev_0006816,0,flash_sale,,flash_standard,1,2026-01-14 09:43:12+00:00,False,False,never,,,1,1,,,,,0,1
dev_0006817,0,flash_sale,,flash_standard,1,2026-01-15 13:50:44+00:00,False,False,never,,,1,1,,,,,0,1
dev_0006819,0,flash_sale,,flash_standard,1,2026-01-09 08:47:10+00:00,False,False,never,,,1,1,,,,,0,3
dev_0006820,0,flash_sale,,flash_standard,2,2026-01-08 10:41:43+00:00,False,False,never,,,2,2,,,,,0,3
dev_0006821,0,flash_sale,,flash_standard,1,2026-01-17 06:54:37+00:00,False,False,never,,,1,1,,,,,0,2
dev_0006822,0,flash_sale,,flash_standard,2,2026-01-28 20:58:52+00:00,False,False,never,,,2,2,,,,,0,4
dev_0006824,0,flash_sale,,flash_standard,1,2026-01-12 00:17:54+00:00,False,False,never,,,1,1,,,,,0,3
dev_0006825,0,flash_sale,,flash_standard,2,2026-01-20 05:15:46+00:00,False,False,never,,,2,2,,,,,0,3
dev_0006826,0,flash_sale,,flash_standard,2,2026-01-26 03:09:11+00:00,False,False,never,,,2,2,,,,,0,2
dev_0006828,0,flash_sale,,flash_standard,1,2026-01-24 10:44:58+00:00,False,False,never,,,1,1,,,,,0,0
dev_0006829,0,flash_sale,,flash_standard,1,2026-01-02 06:14:40+00:00,False,False,never,,,1,1,,,,,0,0
dev_0006830,0,flash_sale,,flash_standard,3,2026-01-03 04:04:20+00:00,False,False,never,,,3,3,,,,,0,3
dev_0006831,0,flash_sale,,flash_standard,2,2026-01-09 11:13:00+00:00,False,False,never,,,2,2,,,,,0,3
dev_0006832,0,flash_sale,,flash_standard,1,2026-01-15 19:51:45+00:00,False,False,never,,,1,1,,,,,0,0
dev_0006833,0,flash_sale,,flash_standard,1,2026-01-15 19:25:38+00:00,False,False,never,,,1,1,,,,,0,2
dev_0006834,0,flash_sale,,flash_standard,1,2026-01-08 14:42:19+00:00,False,False,never,,,1,1,,,,,0,2
dev_0006836,0,flash_sale,,flash_standard,1,2026-01-11 00:25:47+00:00,False,False,never,,,1,1,,,,,0,3
dev_0006838,0,flash_sale,,flash_standard,2,2026-01-18 13:32:53+00:00,False,False,never,,,2,2,,,,,0,4
dev_0006839,0,flash_sale,,flash_standard,1,2026-01-05 21:16:50+00:00,False,False,never,,,1,1,,,,,0,2
dev_0006841,0,flash_sale,,flash_standard,1,2026-01-02 17:45:22+00:00,False,False,never,,,1,1,,,,,0,0
dev_0006842,0,flash_sale,,flash_standard,1,2026-01-24 20:14:12+00:00,False,False,never,,,1,1,,,,,0,0
dev_0006843,0,flash_sale,,flash_standard,1,2026-01-27 17:36:46+00:00,False,False,never,,,1,1,,,,,0,3
dev_0006844,0,flash_sale,,flash_standard,2,2026-01-05 12:13:38+00:00,False,False,never,,,2,2,,,,,0,3
dev_0006845,0,flash_sale,,flash_standard,1,2026-01-22 11:37:17+00:00,False,False,never,,,1,1,,,,,0,1
dev_0006846,0,flash_sale,,flash_standard,1,2026-01-09 10:28:59+00:00,False,False,never,,,1,1,,,,,0,3
dev_0006847,0,flash_sale,,flash_standard,4,2026-01-30 01:38:57+00:00,False,False,never,,,4,4,,,,,0,1
dev_0006848,0,flash_sale,,flash_standard,1,2026-01-09 00:34:50+00:00,False,False,never,,,1,1,,,,,0,1
dev_0006850,0,flash_sale,,flash_standard,1,2026-01-14 00:55:46+00:00,False,False,never,,,1,1,,,,,0,1
dev_0006851,0,flash_sale,,flash_standard,1,2026-01-08 19:50:35+00:00,False,False,never,,,1,1,,,,,0,1
dev_0006852,0,flash_sale,,flash_standard,2,2026-01-04 18:46:02+00:00,False,False,never,,,2,2,,,,,0,4
dev_0006853,0,flash_sale,,flash_standard,1,2026-01-06 19:54:52+00:00,False,False,never,,,1,1,,,,,0,1
dev_0006854,0,flash_sale,,flash_standard,1,2026-01-24 16:42:06+00:00,False,False,never,,,1,1,,,,,0,0
dev_0006855,0,flash_sale,,flash_standard,2,2026-01-08 06:30:13+00:00,False,False,never,,,2,2,,,,,0,3
dev_0006857,0,flash_sale,,flash_standard,1,2026-01-18 01:48:19+00:00,False,False,never,,,1,1,,,,,0,3
dev_0006858,0,flash_sale,,flash_standard,1,2026-01-03 15:15:48+00:00,False,False,never,,,1,1,,,,,0,1
dev_0006861,0,flash_sale,,flash_standard,1,2026-01-16 23:04:12+00:00,False,False,never,,,1,1,,,,,0,3
dev_0006863,0,flash_sale,,flash_standard,1,2026-01-16 08:38:52+00:00,False,False,never,,,1,1,,,,,0,3
dev_0006864,0,flash_sale,,flash_standard,1,2026-01-12 22:33:55+00:00,False,False,never,,,1,1,,,,,0,3
dev_0006865,0,flash_sale,,flash_standard,1,2026-01-30 21:29:56+00:00,False,False,never,,,1,1,,,,,0,4
dev_0006866,0,flash_sale,,flash_standard,1,2026-01-03 14:15:37+00:00,False,False,never,,,1,1,,,,,0,3
dev_0006867,0,flash_sale,,flash_standard,1,2026-01-18 00:44:17+00:00,False,False,never,,,1,1,,,,,0,2
dev_0006868,0,flash_sale,,flash_standard,2,2026-01-07 09:53:05+00:00,False,False,never,,,2,2,,,,,0,0
dev_0006869,0,flash_sale,,flash_standard,2,2026-01-18 15:37:26+00:00,False,False,never,,,2,2,,,,,0,4
dev_0006870,0,flash_sale,,flash_standard,1,2026-01-28 18:52:23+00:00,False,False,never,,,1,1,,,,,0,0
dev_0006871,0,flash_sale,,flash_standard,1,2026-01-10 17:07:46+00:00,False,False,never,,,1,1,,,,,0,4
dev_0006872,0,flash_sale,,flash_standard,1,2026-01-03 21:36:00+00:00,False,False,never,,,1,1,,,,,0,1
dev_0006873,0,flash_sale,,flash_standard,1,2026-01-12 07:09:48+00:00,False,False,never,,,1,1,,,,,0,0
dev_0006875,0,flash_sale,,flash_standard,1,2026-01-29 11:18:44+00:00,False,False,never,,,1,1,,,,,0,3
dev_0006876,0,flash_sale,,flash_standard,1,2026-01-01 07:02:15+00:00,False,False,never,,,1,1,,,,,0,1
dev_0006877,0,flash_sale,,flash_standard,1,2026-01-28 22:40:30+00:00,False,False,never,,,1,1,,,,,0,4
dev_0006879,0,flash_sale,,flash_standard,1,2026-01-19 06:33:30+00:00,False,False,never,,,1,1,,,,,0,2
dev_0006881,0,flash_sale,,flash_standard,1,2026-01-16 14:22:44+00:00,False,False,never,,,1,1,,,,,0,3
dev_0006882,0,flash_sale,,flash_standard,2,2026-01-29 03:00:31+00:00,False,False,never,,,2,2,,,,,0,3
dev_0006883,0,flash_sale,,flash_standard,1,2026-01-24 03:00:17+00:00,False,False,never,,,1,1,,,,,0,2
dev_0006886,0,flash_sale,,flash_standard,2,2026-01-21 12:57:16+00:00,False,False,never,,,2,2,,,,,0,1
dev_0006887,0,flash_sale,,flash_standard,1,2026-01-24 10:20:46+00:00,False,False,never,,,1,1,,,,,0,1
dev_0006888,0,flash_sale,,flash_standard,2,2026-01-11 03:36:48+00:00,False,False,never,,,2,2,,,,,0,3
dev_0006889,0,flash_sale,,flash_standard,1,2026-01-02 22:39:39+00:00,False,False,never,,,1,1,,,,,0,3
dev_0006890,0,flash_sale,,flash_standard,1,2026-01-24 03:48:15+00:00,False,False,never,,,1,1,,,,,0,1
dev_0006891,0,flash_sale,,flash_standard,1,2026-01-11 14:53:03+00:00,False,False,never,,,1,1,,,,,0,3
dev_0006892,0,flash_sale,,flash_standard,1,2026-01-21 00:53:29+00:00,False,False,never,,,1,1,,,,,0,0
dev_0006893,0,flash_sale,,flash_standard,1,2026-01-02 05:44:26+00:00,False,False,never,,,1,1,,,,,0,4
dev_0006894,0,flash_sale,,flash_standard,1,2026-01-10 14:16:48+00:00,False,False,never,,,1,1,,,,,0,0
dev_0006895,0,flash_sale,,flash_standard,2,2026-01-22 10:15:13+00:00,False,False,never,,,2,2,,,,,0,3
dev_0006896,0,flash_sale,,flash_standard,1,2026-01-24 19:38:12+00:00,False,False,never,,,1,1,,,,,0,4
dev_0006897,0,flash_sale,,flash_standard,1,2026-01-26 15:53:46+00:00,False,False,never,,,1,1,,,,,0,4
dev_0006898,0,flash_sale,,flash_standard,1,2026-01-08 01:20:00+00:00,False,False,never,,,1,1,,,,,0,2
dev_0006899,0,flash_sale,,flash_standard,1,2026-01-26 17:12:30+00:00,False,False,never,,,1,1,,,,,0,0
dev_0006902,0,flash_sale,,flash_standard,1,2026-01-13 16:15:46+00:00,False,False,never,,,1,1,,,,,0,0
dev_0006903,0,flash_sale,,flash_standard,1,2026-01-02 00:56:20+00:00,False,False,never,,,1,1,,,,,0,1
dev_0006906,0,flash_sale,,flash_standard,1,2026-01-29 03:51:40+00:00,False,False,never,,,1,1,,,,,0,0
dev_0006907,0,flash_sale,,flash_standard,1,2026-01-07 20:43:55+00:00,False,False,never,,,1,1,,,,,0,0
dev_0006910,0,flash_sale,,flash_standard,1,2026-01-07 03:08:48+00:00,False,False,never,,,1,1,,,,,0,3
dev_0006913,0,flash_sale,,flash_standard,2,2026-01-18 23:01:29+00:00,False,False,never,,,2,2,,,,,0,3
dev_0006915,0,flash_sale,,flash_standard,1,2026-01-06 12:18:39+00:00,False,False,never,,,1,1,,,,,0,2
dev_0006916,0,flash_sale,,flash_standard,1,2026-01-14 02:32:06+00:00,False,False,never,,,1,1,,,,,0,3
dev_0006917,0,flash_sale,,flash_standard,1,2026-01-16 23:08:38+00:00,False,False,never,,,1,1,,,,,0,0
dev_0006918,0,flash_sale,,flash_standard,2,2026-01-30 15:27:28+00:00,False,False,never,,,2,2,,,,,0,4
dev_0006919,0,flash_sale,,flash_standard,1,2026-01-17 21:46:54+00:00,False,False,never,,,1,1,,,,,0,4
dev_0006920,0,flash_sale,,flash_standard,1,2026-01-04 16:52:47+00:00,False,False,never,,,1,1,,,,,0,2
dev_0006921,0,flash_sale,,flash_standard,1,2026-01-10 12:33:03+00:00,False,False,never,,,1,1,,,,,0,1
dev_0006922,0,flash_sale,,flash_standard,1,2026-01-06 03:19:56+00:00,False,False,never,,,1,1,,,,,0,2
dev_0006923,0,flash_sale,,flash_standard,1,2026-01-06 01:07:56+00:00,False,False,never,,,1,1,,,,,0,4
dev_0006924,0,flash_sale,,flash_standard,1,2026-01-20 17:19:30+00:00,False,False,never,,,1,1,,,,,0,3
dev_0006925,0,flash_sale,,flash_standard,2,2026-01-29 01:38:11+00:00,False,False,never,,,2,2,,,,,0,3
dev_0006927,0,flash_sale,,flash_standard,1,2026-01-24 12:11:57+00:00,False,False,never,,,1,1,,,,,0,3
dev_0006928,0,flash_sale,,flash_standard,1,2026-01-28 15:03:52+00:00,False,False,never,,,1,1,,,,,0,1
dev_0006930,0,flash_sale,,flash_standard,1,2026-01-03 06:29:30+00:00,False,False,never,,,1,1,,,,,0,4
dev_0006931,0,flash_sale,,flash_standard,2,2026-01-18 18:19:56+00:00,False,False,never,,,2,2,,,,,0,0
dev_0006933,0,flash_sale,,flash_standard,1,2026-01-28 03:00:32+00:00,False,False,never,,,1,1,,,,,0,4
dev_0006935,0,flash_sale,,flash_standard,1,2026-01-09 13:28:56+00:00,False,False,never,,,1,1,,,,,0,2
dev_0006936,0,flash_sale,,flash_standard,1,2026-01-14 13:46:30+00:00,False,False,never,,,1,1,,,,,0,4
dev_0006938,0,flash_sale,,flash_standard,2,2026-01-14 23:03:34+00:00,False,False,never,,,2,2,,,,,0,2
dev_0006939,0,flash_sale,,flash_standard,1,2026-01-08 23:52:35+00:00,False,False,never,,,1,1,,,,,0,4
dev_0006940,0,flash_sale,,flash_standard,1,2026-01-25 01:49:24+00:00,False,False,never,,,1,1,,,,,0,4
dev_0006941,0,flash_sale,,flash_standard,1,2026-01-22 09:56:23+00:00,False,False,never,,,1,1,,,,,0,3
dev_0006942,0,flash_sale,,flash_standard,1,2026-01-04 08:04:05+00:00,False,False,never,,,1,1,,,,,0,3
dev_0006943,0,flash_sale,,flash_standard,1,2026-01-03 03:55:25+00:00,False,False,never,,,1,1,,,,,0,4
dev_0006944,0,flash_sale,,flash_standard,1,2026-01-06 15:02:35+00:00,False,False,never,,,1,1,,,,,0,4
dev_0006945,0,flash_sale,,flash_standard,1,2026-01-18 04:53:57+00:00,False,False,never,,,1,1,,,,,0,2
dev_0006946,0,flash_sale,,flash_standard,1,2026-01-11 06:04:51+00:00,False,False,never,,,1,1,,,,,0,2
dev_0006947,0,flash_sale,,flash_standard,1,2026-01-14 09:28:11+00:00,False,False,never,,,1,1,,,,,0,0
dev_0006949,0,flash_sale,,flash_standard,1,2026-01-09 12:52:11+00:00,False,False,never,,,1,1,,,,,0,4
dev_0006950,0,flash_sale,,flash_standard,1,2026-01-29 20:06:48+00:00,False,False,never,,,1,1,,,,,0,4
dev_0006951,0,flash_sale,,flash_standard,1,2026-01-30 17:59:57+00:00,False,False,never,,,1,1,,,,,0,3
dev_0006953,0,flash_sale,,flash_standard,2,2026-01-06 03:30:37+00:00,False,False,never,,,2,2,,,,,0,1
dev_0006954,0,flash_sale,,flash_standard,1,2026-01-25 06:46:41+00:00,False,False,never,,,1,1,,,,,0,0
dev_0006955,0,flash_sale,,flash_standard,4,2026-01-25 01:43:09+00:00,False,False,never,,,4,4,,,,,0,2
dev_0006958,0,flash_sale,,flash_standard,1,2026-01-20 16:47:25+00:00,False,False,never,,,1,1,,,,,0,4
dev_0006959,0,flash_sale,,flash_standard,1,2026-01-25 15:01:18+00:00,False,False,never,,,1,1,,,,,0,2
dev_0006960,0,flash_sale,,flash_standard,3,2026-01-23 02:41:05+00:00,False,False,never,,,3,3,,,,,0,4
dev_0006961,0,flash_sale,,flash_standard,1,2026-01-26 11:33:55+00:00,False,False,never,,,1,1,,,,,0,4
dev_0006962,0,flash_sale,,flash_standard,1,2026-01-04 10:10:44+00:00,False,False,never,,,1,1,,,,,0,3
dev_0006963,0,flash_sale,,flash_standard,2,2026-01-10 02:57:26+00:00,False,False,never,,,2,2,,,,,0,0
dev_0006964,0,flash_sale,,flash_standard,1,2026-01-15 02:22:01+00:00,False,False,never,,,1,1,,,,,0,3
dev_0006965,0,flash_sale,,flash_standard,1,2026-01-16 14:19:01+00:00,False,False,never,,,1,1,,,,,0,0
dev_0006966,0,flash_sale,,flash_standard,1,2026-01-15 11:24:32+00:00,False,False,never,,,1,1,,,,,0,4
dev_0006968,0,flash_sale,,flash_standard,1,2026-01-10 01:13:32+00:00,False,False,never,,,1,1,,,,,0,4
dev_0006969,0,flash_sale,,flash_standard,3,2026-01-27 08:57:10+00:00,False,False,never,,,3,3,,,,,0,3
dev_0006970,0,flash_sale,,flash_standard,1,2026-01-13 14:18:30+00:00,False,False,never,,,1,1,,,,,0,1
dev_0006971,0,flash_sale,,flash_standard,2,2026-01-07 11:35:41+00:00,False,False,never,,,2,2,,,,,0,2
dev_0006972,0,flash_sale,,flash_standard,3,2026-01-23 05:21:50+00:00,False,False,never,,,3,3,,,,,0,3
dev_0006973,0,flash_sale,,flash_standard,1,2026-01-04 16:23:30+00:00,False,False,never,,,1,1,,,,,0,4
dev_0006974,0,flash_sale,,flash_standard,2,2026-01-04 02:51:17+00:00,False,False,never,,,2,2,,,,,0,3
dev_0006975,0,flash_sale,,flash_standard,1,2026-01-03 03:04:38+00:00,False,False,never,,,1,1,,,,,0,4
dev_0006976,0,flash_sale,,flash_standard,1,2026-01-04 13:49:10+00:00,False,False,never,,,1,1,,,,,0,0
dev_0006977,0,flash_sale,,flash_standard,2,2026-01-01 10:49:34+00:00,False,False,never,,,2,2,,,,,0,4
dev_0006978,0,flash_sale,,flash_standard,1,2026-01-01 03:04:26+00:00,False,False,never,,,1,1,,,,,0,3
dev_0006979,0,flash_sale,,flash_standard,1,2026-01-13 17:17:22+00:00,False,False,never,,,1,1,,,,,0,4
dev_0006980,0,flash_sale,,flash_standard,1,2026-01-14 04:30:17+00:00,False,False,never,,,1,1,,,,,0,0
dev_0006981,0,flash_sale,,flash_standard,1,2026-01-18 08:46:10+00:00,False,False,never,,,1,1,,,,,0,2
dev_0006982,0,flash_sale,,flash_standard,1,2026-01-17 14:17:13+00:00,False,False,never,,,1,1,,,,,0,4
dev_0006983,0,flash_sale,,flash_standard,2,2026-01-03 20:35:20+00:00,False,False,never,,,2,2,,,,,0,3
dev_0006984,0,flash_sale,,flash_standard,2,2026-01-13 20:37:18+00:00,False,False,never,,,2,2,,,,,0,1
dev_0006985,0,flash_sale,,flash_standard,1,2026-01-24 18:31:53+00:00,False,False,never,,,1,1,,,,,0,2
dev_0006986,0,flash_sale,,flash_standard,2,2026-01-03 04:40:59+00:00,False,False,never,,,2,2,,,,,0,4
dev_0006987,0,flash_sale,,flash_standard,1,2026-01-09 23:12:13+00:00,False,False,never,,,1,1,,,,,0,1
dev_0006990,0,flash_sale,,flash_standard,3,2026-01-27 07:26:47+00:00,False,False,never,,,3,3,,,,,0,0
dev_0006991,0,flash_sale,,flash_standard,1,2026-01-06 10:34:44+00:00,False,False,never,,,1,1,,,,,0,1
dev_0006992,0,flash_sale,,flash_standard,1,2026-01-14 06:11:55+00:00,False,False,never,,,1,1,,,,,0,2
dev_0006993,0,flash_sale,,flash_standard,1,2026-01-27 04:12:21+00:00,False,False,never,,,1,1,,,,,0,1
dev_0006994,0,flash_sale,,flash_standard,1,2026-01-16 17:51:20+00:00,False,False,never,,,1,1,,,,,0,1
dev_0006995,0,flash_sale,,flash_standard,4,2026-01-27 19:25:15+00:00,False,False,never,,,4,4,,,,,0,1
dev_0006996,0,flash_sale,,flash_standard,1,2026-01-26 01:00:09+00:00,False,False,never,,,1,1,,,,,0,3
dev_0006997,0,flash_sale,,flash_standard,2,2026-01-01 06:36:12+00:00,False,False,never,,,2,2,,,,,0,1
dev_0006999,0,flash_sale,,flash_standard,2,2026-01-05 21:00:49+00:00,False,False,never,,,2,2,,,,,0,2
dev_0007000,0,flash_sale,,flash_standard,1,2026-01-06 13:42:07+00:00,False,False,never,,,1,1,,,,,0,3
dev_0007001,0,flash_sale,,flash_standard,1,2026-01-27 16:29:07+00:00,False,False,never,,,1,1,,,,,0,4
dev_0007002,0,flash_sale,,flash_standard,1,2026-01-04 16:54:54+00:00,False,False,never,,,1,1,,,,,0,0
dev_0007003,0,flash_sale,,flash_standard,1,2026-01-10 03:42:31+00:00,False,False,never,,,1,1,,,,,0,1
dev_0007004,0,flash_sale,,flash_standard,1,2026-01-01 17:37:35+00:00,False,False,never,,,1,1,,,,,0,4
dev_0007005,0,flash_sale,,flash_standard,1,2026-01-10 14:13:53+00:00,False,False,never,,,1,1,,,,,0,2
dev_0007006,0,flash_sale,,flash_standard,1,2026-01-27 18:32:59+00:00,False,False,never,,,1,1,,,,,0,3
dev_0007007,0,flash_sale,,flash_standard,1,2026-01-05 03:19:16+00:00,False,False,never,,,1,1,,,,,0,4
dev_0007008,0,flash_sale,,flash_standard,1,2026-01-16 09:01:28+00:00,False,False,never,,,1,1,,,,,0,3
dev_0007009,0,flash_sale,,flash_standard,1,2026-01-01 20:01:02+00:00,False,False,never,,,1,1,,,,,0,4
dev_0007010,0,flash_sale,,flash_standard,1,2026-01-20 18:05:48+00:00,False,False,never,,,1,1,,,,,0,3
dev_0007012,0,flash_sale,,flash_standard,1,2026-01-10 23:10:54+00:00,False,False,never,,,1,1,,,,,0,3
dev_0007013,0,flash_sale,,flash_standard,2,2026-01-09 01:59:35+00:00,False,False,never,,,2,2,,,,,0,2
dev_0007014,0,flash_sale,,flash_standard,1,2026-01-06 21:34:56+00:00,False,False,never,,,1,1,,,,,0,2
dev_0007015,0,flash_sale,,flash_standard,1,2026-01-10 13:26:49+00:00,False,False,never,,,1,1,,,,,0,4
dev_0007017,0,flash_sale,,flash_standard,1,2026-01-08 13:07:38+00:00,False,False,never,,,1,1,,,,,0,3
dev_0007018,0,flash_sale,,flash_standard,2,2026-01-18 14:45:34+00:00,False,False,never,,,2,2,,,,,0,1
dev_0007019,0,flash_sale,,flash_standard,1,2026-01-15 02:44:53+00:00,False,False,never,,,1,1,,,,,0,2
dev_0007020,0,flash_sale,,flash_standard,1,2026-01-06 09:45:03+00:00,False,False,never,,,1,1,,,,,0,3
dev_0007022,0,flash_sale,,flash_standard,1,2026-01-26 09:12:08+00:00,False,False,never,,,1,1,,,,,0,1
dev_0007023,0,flash_sale,,flash_standard,1,2026-01-01 12:16:27+00:00,False,False,never,,,1,1,,,,,0,0
dev_0007024,0,flash_sale,,flash_standard,2,2026-01-29 00:16:11+00:00,False,False,never,,,2,2,,,,,0,4
dev_0007025,0,flash_sale,,flash_standard,1,2026-01-15 01:37:09+00:00,False,False,never,,,1,1,,,,,0,1
dev_0007026,0,flash_sale,,flash_standard,1,2026-01-13 09:08:38+00:00,False,False,never,,,1,1,,,,,0,2
dev_0007027,0,flash_sale,,flash_standard,1,2026-01-15 20:05:26+00:00,False,False,never,,,1,1,,,,,0,0
dev_0007028,0,flash_sale,,flash_standard,1,2026-01-15 15:32:37+00:00,False,False,never,,,1,1,,,,,0,2
dev_0007029,0,flash_sale,,flash_standard,1,2026-01-26 17:58:03+00:00,False,False,never,,,1,1,,,,,0,4
dev_0007030,0,flash_sale,,flash_standard,1,2026-01-02 15:25:39+00:00,False,False,never,,,1,1,,,,,0,4
dev_0007031,0,flash_sale,,flash_standard,1,2026-01-20 18:49:52+00:00,False,False,never,,,1,1,,,,,0,3
dev_0007032,0,flash_sale,,flash_standard,1,2026-01-14 08:36:36+00:00,False,False,never,,,1,1,,,,,0,0
dev_0007033,0,flash_sale,,flash_standard,1,2026-01-11 09:28:38+00:00,False,False,never,,,1,1,,,,,0,2
dev_0007034,0,flash_sale,,flash_standard,1,2026-01-21 03:37:01+00:00,False,False,never,,,1,1,,,,,0,3
dev_0007035,0,flash_sale,,flash_standard,1,2026-01-22 20:14:51+00:00,False,False,never,,,1,1,,,,,0,3
dev_0007037,0,flash_sale,,flash_standard,2,2026-01-15 13:53:21+00:00,False,False,never,,,2,2,,,,,0,0
dev_0007038,0,flash_sale,,flash_standard,1,2026-01-30 10:38:28+00:00,False,False,never,,,1,1,,,,,0,3
dev_0007039,0,flash_sale,,flash_standard,1,2026-01-16 16:29:26+00:00,False,False,never,,,1,1,,,,,0,0
dev_0007040,0,flash_sale,,flash_standard,2,2026-01-06 06:22:04+00:00,False,False,never,,,2,2,,,,,0,4
dev_0007041,0,flash_sale,,flash_standard,2,2026-01-10 19:36:23+00:00,False,False,never,,,2,2,,,,,0,0
dev_0007043,0,flash_sale,,flash_standard,1,2026-01-28 19:15:59+00:00,False,False,never,,,1,1,,,,,0,0
dev_0007045,0,flash_sale,,flash_standard,1,2026-01-02 12:21:57+00:00,False,False,never,,,1,1,,,,,0,2
dev_0007046,0,flash_sale,,flash_standard,1,2026-01-22 13:59:09+00:00,False,False,never,,,1,1,,,,,0,0
dev_0007047,0,flash_sale,,flash_standard,1,2026-01-25 14:58:42+00:00,False,False,never,,,1,1,,,,,0,4
dev_0007048,0,flash_sale,,flash_standard,2,2026-01-11 15:20:23+00:00,False,False,never,,,2,2,,,,,0,0
dev_0007049,0,flash_sale,,flash_standard,1,2026-01-05 06:38:32+00:00,False,False,never,,,1,1,,,,,0,1
dev_0007050,0,flash_sale,,flash_standard,2,2026-01-29 00:44:34+00:00,False,False,never,,,2,2,,,,,0,1
dev_0007051,0,flash_sale,,flash_standard,1,2026-01-11 23:02:59+00:00,False,False,never,,,1,1,,,,,0,1
dev_0007053,0,flash_sale,,flash_standard,1,2026-01-08 00:16:34+00:00,False,False,never,,,1,1,,,,,0,4
dev_0007055,0,flash_sale,,flash_standard,1,2026-01-13 22:32:46+00:00,False,False,never,,,1,1,,,,,0,2
dev_0007057,0,flash_sale,,flash_standard,1,2026-01-01 14:13:06+00:00,False,False,never,,,1,1,,,,,0,0
dev_0007058,0,flash_sale,,flash_standard,1,2026-01-02 18:38:42+00:00,False,False,never,,,1,1,,,,,0,4
dev_0007060,0,flash_sale,,flash_standard,2,2026-01-23 09:14:22+00:00,False,False,never,,,2,2,,,,,0,3
dev_0007061,0,flash_sale,,flash_standard,1,2026-01-23 15:25:41+00:00,False,False,never,,,1,1,,,,,0,3
dev_0007062,0,flash_sale,,flash_standard,1,2026-01-08 03:30:16+00:00,False,False,never,,,1,1,,,,,0,1
dev_0007063,0,flash_sale,,flash_standard,1,2026-01-14 05:01:31+00:00,False,False,never,,,1,1,,,,,0,4
dev_0007064,0,flash_sale,,flash_standard,1,2026-01-07 07:05:21+00:00,False,False,never,,,1,1,,,,,0,4
dev_0007065,0,flash_sale,,flash_standard,1,2026-01-09 07:38:32+00:00,False,False,never,,,1,1,,,,,0,4
dev_0007066,0,flash_sale,,flash_standard,1,2026-01-16 00:51:20+00:00,False,False,never,,,1,1,,,,,0,0
dev_0007067,0,flash_sale,,flash_standard,1,2026-01-19 11:08:10+00:00,False,False,never,,,1,1,,,,,0,4
dev_0007068,0,flash_sale,,flash_standard,1,2026-01-23 09:24:28+00:00,False,False,never,,,1,1,,,,,0,0
dev_0007069,0,flash_sale,,flash_standard,1,2026-01-09 00:32:12+00:00,False,False,never,,,1,1,,,,,0,0
dev_0007072,0,flash_sale,,flash_standard,1,2026-01-01 17:05:42+00:00,False,False,never,,,1,1,,,,,0,0
dev_0007073,0,flash_sale,,flash_standard,1,2026-01-10 15:01:49+00:00,False,False,never,,,1,1,,,,,0,1
dev_0007074,0,flash_sale,,flash_standard,1,2026-01-25 02:23:13+00:00,False,False,never,,,1,1,,,,,0,3
dev_0007075,0,flash_sale,,flash_standard,1,2026-01-20 12:32:08+00:00,False,False,never,,,1,1,,,,,0,2
dev_0007076,0,flash_sale,,flash_standard,3,2026-01-21 02:17:10+00:00,False,False,never,,,3,3,,,,,0,1
dev_0007077,0,flash_sale,,flash_standard,1,2026-01-14 11:53:35+00:00,False,False,never,,,1,1,,,,,0,3
dev_0007078,0,flash_sale,,flash_standard,1,2026-01-03 21:02:22+00:00,False,False,never,,,1,1,,,,,0,2
dev_0007079,0,flash_sale,,flash_standard,1,2026-01-14 10:13:28+00:00,False,False,never,,,1,1,,,,,0,1
dev_0007081,0,flash_sale,,flash_standard,1,2026-01-08 15:29:01+00:00,False,False,never,,,1,1,,,,,0,3
dev_0007082,0,flash_sale,,flash_standard,1,2026-01-29 13:03:26+00:00,False,False,never,,,1,1,,,,,0,4
dev_0007083,0,flash_sale,,flash_standard,1,2026-01-12 17:58:04+00:00,False,False,never,,,1,1,,,,,0,0
dev_0007084,0,flash_sale,,flash_standard,1,2026-01-06 17:36:40+00:00,False,False,never,,,1,1,,,,,0,3
dev_0007085,0,flash_sale,,flash_standard,1,2026-01-19 22:57:50+00:00,False,False,never,,,1,1,,,,,0,1
dev_0007086,0,flash_sale,,flash_standard,1,2026-01-28 05:22:14+00:00,False,False,never,,,1,1,,,,,0,3
dev_0007087,0,flash_sale,,flash_standard,1,2026-01-04 05:21:41+00:00,False,False,never,,,1,1,,,,,0,1
dev_0007088,0,flash_sale,,flash_standard,1,2026-01-04 21:20:28+00:00,False,False,never,,,1,1,,,,,0,4
dev_0007090,0,flash_sale,,flash_standard,1,2026-01-27 06:14:55+00:00,False,False,never,,,1,1,,,,,0,1
dev_0007091,0,flash_sale,,flash_standard,1,2026-01-24 09:40:46+00:00,False,False,never,,,1,1,,,,,0,2
dev_0007092,0,flash_sale,,flash_standard,1,2026-01-30 15:20:51+00:00,False,False,never,,,1,1,,,,,0,4
dev_0007093,0,flash_sale,,flash_standard,2,2026-01-09 01:34:50+00:00,False,False,never,,,2,2,,,,,0,4
dev_0007094,0,flash_sale,,flash_standard,1,2026-01-05 23:29:35+00:00,False,False,never,,,1,1,,,,,0,3
dev_0007096,0,flash_sale,,flash_standard,1,2026-01-27 19:28:00+00:00,False,False,never,,,1,1,,,,,0,3
dev_0007097,0,flash_sale,,flash_standard,1,2026-01-10 18:47:42+00:00,False,False,never,,,1,1,,,,,0,0
dev_0007098,0,flash_sale,,flash_standard,1,2026-01-05 04:53:00+00:00,False,False,never,,,1,1,,,,,0,1
dev_0007099,0,flash_sale,,flash_standard,1,2026-01-08 19:46:10+00:00,False,False,never,,,1,1,,,,,0,3
dev_0007101,0,flash_sale,,flash_standard,2,2026-01-12 08:16:13+00:00,False,False,never,,,2,2,,,,,0,4
dev_0007102,0,flash_sale,,flash_standard,1,2026-01-10 03:27:30+00:00,False,False,never,,,1,1,,,,,0,1
dev_0007106,0,flash_sale,,flash_standard,1,2026-01-18 05:13:07+00:00,False,False,never,,,1,1,,,,,0,1
dev_0007107,0,flash_sale,,flash_standard,1,2026-01-15 12:24:16+00:00,False,False,never,,,1,1,,,,,0,3
dev_0007108,0,flash_sale,,flash_standard,1,2026-01-28 05:45:00+00:00,False,False,never,,,1,1,,,,,0,3
dev_0007109,0,flash_sale,,flash_standard,1,2026-01-19 08:00:34+00:00,False,False,never,,,1,1,,,,,0,1
dev_0007110,0,flash_sale,,flash_standard,1,2026-01-16 06:52:41+00:00,False,False,never,,,1,1,,,,,0,4
dev_0007111,0,flash_sale,,flash_standard,2,2026-01-29 13:35:39+00:00,False,False,never,,,2,2,,,,,0,0
dev_0007112,0,flash_sale,,flash_standard,1,2026-01-26 01:55:40+00:00,False,False,never,,,1,1,,,,,0,1
dev_0007113,0,flash_sale,,flash_standard,1,2026-01-23 23:33:45+00:00,False,False,never,,,1,1,,,,,0,4
dev_0007116,0,flash_sale,,flash_standard,1,2026-01-25 18:23:38+00:00,False,False,never,,,1,1,,,,,0,4
dev_0007118,0,flash_sale,,flash_standard,1,2026-01-18 18:18:23+00:00,False,False,never,,,1,1,,,,,0,0
dev_0007119,0,flash_sale,,flash_standard,1,2026-01-15 11:13:58+00:00,False,False,never,,,1,1,,,,,0,3
dev_0007121,0,flash_sale,,flash_standard,1,2026-01-14 15:59:24+00:00,False,False,never,,,1,1,,,,,0,0
dev_0007122,0,flash_sale,,flash_standard,1,2026-01-20 18:10:49+00:00,False,False,never,,,1,1,,,,,0,2
dev_0007123,0,flash_sale,,flash_standard,1,2026-01-23 11:10:30+00:00,False,False,never,,,1,1,,,,,0,1
dev_0007124,0,flash_sale,,flash_standard,1,2026-01-23 21:02:48+00:00,False,False,never,,,1,1,,,,,0,4
dev_0007125,0,flash_sale,,flash_standard,1,2026-01-04 12:51:26+00:00,False,False,never,,,1,1,,,,,0,2
dev_0007126,0,flash_sale,,flash_standard,3,2026-01-22 11:03:50+00:00,False,False,never,,,3,3,,,,,0,0
dev_0007127,0,flash_sale,,flash_standard,3,2026-01-26 10:48:24+00:00,False,False,never,,,3,3,,,,,0,2
dev_0007128,0,flash_sale,,flash_standard,1,2026-01-22 21:37:14+00:00,False,False,never,,,1,1,,,,,0,2
dev_0007129,0,flash_sale,,flash_standard,1,2026-01-07 01:50:54+00:00,False,False,never,,,1,1,,,,,0,3
dev_0007130,0,flash_sale,,flash_standard,1,2026-01-10 08:32:48+00:00,False,False,never,,,1,1,,,,,0,4
dev_0007131,0,flash_sale,,flash_standard,2,2026-01-16 16:47:00+00:00,False,False,never,,,2,2,,,,,0,0
dev_0007132,0,flash_sale,,flash_standard,1,2026-01-13 04:01:44+00:00,False,False,never,,,1,1,,,,,0,4
dev_0007133,0,flash_sale,,flash_standard,2,2026-01-18 23:20:31+00:00,False,False,never,,,2,2,,,,,0,0
dev_0007135,0,flash_sale,,flash_standard,1,2026-01-15 13:47:30+00:00,False,False,never,,,1,1,,,,,0,1
dev_0007137,0,flash_sale,,flash_standard,1,2026-01-29 12:27:05+00:00,False,False,never,,,1,1,,,,,0,3
dev_0007138,0,flash_sale,,flash_standard,1,2026-01-03 02:38:16+00:00,False,False,never,,,1,1,,,,,0,0
dev_0007139,0,flash_sale,,flash_standard,1,2026-01-16 11:54:18+00:00,False,False,never,,,1,1,,,,,0,1
dev_0007140,0,flash_sale,,flash_standard,1,2026-01-28 03:22:23+00:00,False,False,never,,,1,1,,,,,0,4
dev_0007141,0,flash_sale,,flash_standard,1,2026-01-29 20:32:52+00:00,False,False,never,,,1,1,,,,,0,1
dev_0007142,0,flash_sale,,flash_standard,1,2026-01-19 03:02:16+00:00,False,False,never,,,1,1,,,,,0,3
dev_0007143,0,flash_sale,,flash_standard,1,2026-01-02 10:48:35+00:00,False,False,never,,,1,1,,,,,0,0
dev_0007144,0,flash_sale,,flash_standard,1,2026-01-07 17:21:41+00:00,False,False,never,,,1,1,,,,,0,0
dev_0007145,0,flash_sale,,flash_standard,1,2026-01-09 11:10:46+00:00,False,False,never,,,1,1,,,,,0,3
dev_0007146,0,flash_sale,,flash_standard,1,2026-01-29 22:08:29+00:00,False,False,never,,,1,1,,,,,0,0
dev_0007147,0,flash_sale,,flash_standard,1,2026-01-08 07:04:00+00:00,False,False,never,,,1,1,,,,,0,4
dev_0007148,0,flash_sale,,flash_standard,1,2026-01-12 18:59:55+00:00,False,False,never,,,1,1,,,,,0,4
dev_0007149,0,flash_sale,,flash_standard,1,2026-01-02 11:46:17+00:00,False,False,never,,,1,1,,,,,0,2
dev_0007150,0,flash_sale,,flash_standard,1,2026-01-27 23:20:55+00:00,False,False,never,,,1,1,,,,,0,0
dev_0007151,0,flash_sale,,flash_standard,1,2026-01-07 14:33:05+00:00,False,False,never,,,1,1,,,,,0,4
dev_0007152,0,flash_sale,,flash_standard,1,2026-01-04 02:21:04+00:00,False,False,never,,,1,1,,,,,0,2
dev_0007153,0,flash_sale,,flash_standard,1,2026-01-16 10:46:41+00:00,False,False,never,,,1,1,,,,,0,2
dev_0007154,0,flash_sale,,flash_standard,1,2026-01-30 05:08:24+00:00,False,False,never,,,1,1,,,,,0,3
dev_0007155,0,flash_sale,,flash_standard,1,2026-01-12 14:41:44+00:00,False,False,never,,,1,1,,,,,0,0
dev_0007156,0,flash_sale,,flash_standard,1,2026-01-05 01:09:48+00:00,False,False,never,,,1,1,,,,,0,4
dev_0007157,0,flash_sale,,flash_standard,1,2026-01-03 12:58:41+00:00,False,False,never,,,1,1,,,,,0,4
dev_0007158,0,flash_sale,,flash_standard,2,2026-01-06 05:02:04+00:00,False,False,never,,,2,2,,,,,0,1
dev_0007159,0,flash_sale,,flash_standard,2,2026-01-30 18:22:58+00:00,False,False,never,,,2,2,,,,,0,2
dev_0007160,0,flash_sale,,flash_standard,1,2026-01-29 10:40:24+00:00,False,False,never,,,1,1,,,,,0,2
dev_0007161,0,flash_sale,,flash_standard,1,2026-01-23 15:58:35+00:00,False,False,never,,,1,1,,,,,0,1
dev_0007162,0,flash_sale,,flash_standard,1,2026-01-28 17:51:37+00:00,False,False,never,,,1,1,,,,,0,4
dev_0007163,0,flash_sale,,flash_standard,1,2026-01-05 19:28:43+00:00,False,False,never,,,1,1,,,,,0,2
dev_0007164,0,flash_sale,,flash_standard,2,2026-01-01 04:50:32+00:00,False,False,never,,,2,2,,,,,0,0
dev_0007165,0,flash_sale,,flash_standard,1,2026-01-25 10:55:38+00:00,False,False,never,,,1,1,,,,,0,2
dev_0007166,0,flash_sale,,flash_standard,1,2026-01-15 11:38:13+00:00,False,False,never,,,1,1,,,,,0,0
dev_0007167,0,flash_sale,,flash_standard,2,2026-01-14 21:02:08+00:00,False,False,never,,,2,2,,,,,0,1
dev_0007170,0,flash_sale,,flash_standard,1,2026-01-09 11:54:22+00:00,False,False,never,,,1,1,,,,,0,3
dev_0007171,0,flash_sale,,flash_standard,1,2026-01-10 20:17:47+00:00,False,False,never,,,1,1,,,,,0,0
dev_0007172,0,flash_sale,,flash_standard,1,2026-01-19 05:03:09+00:00,False,False,never,,,1,1,,,,,0,0
dev_0007173,0,flash_sale,,flash_standard,1,2026-01-12 12:42:50+00:00,False,False,never,,,1,1,,,,,0,3
dev_0007174,0,flash_sale,,flash_standard,1,2026-01-12 10:07:49+00:00,False,False,never,,,1,1,,,,,0,4
dev_0007175,0,flash_sale,,flash_standard,2,2026-01-21 10:08:10+00:00,False,False,never,,,2,2,,,,,0,4
dev_0007176,0,flash_sale,,flash_standard,1,2026-01-06 05:18:53+00:00,False,False,never,,,1,1,,,,,0,1
dev_0007178,0,flash_sale,,flash_standard,2,2026-01-30 15:52:18+00:00,False,False,never,,,2,2,,,,,0,2
dev_0007179,0,flash_sale,,flash_standard,1,2026-01-02 20:01:20+00:00,False,False,never,,,1,1,,,,,0,1
dev_0007181,0,flash_sale,,flash_standard,1,2026-01-11 16:19:47+00:00,False,False,never,,,1,1,,,,,0,2
dev_0007183,0,flash_sale,,flash_standard,1,2026-01-13 12:00:25+00:00,False,False,never,,,1,1,,,,,0,2
dev_0007184,0,flash_sale,,flash_standard,3,2026-01-15 00:07:32+00:00,False,False,never,,,3,3,,,,,0,1
dev_0007188,0,flash_sale,,flash_standard,1,2026-01-14 09:16:15+00:00,False,False,never,,,1,1,,,,,0,4
dev_0007189,0,flash_sale,,flash_standard,1,2026-01-20 15:22:49+00:00,False,False,never,,,1,1,,,,,0,4
dev_0007191,0,flash_sale,,flash_standard,1,2026-01-02 13:40:21+00:00,False,False,never,,,1,1,,,,,0,1
dev_0007192,0,flash_sale,,flash_standard,2,2026-01-27 22:28:10+00:00,False,False,never,,,2,2,,,,,0,0
dev_0007193,0,flash_sale,,flash_standard,2,2026-01-12 14:26:27+00:00,False,False,never,,,2,2,,,,,0,4
dev_0007194,0,flash_sale,,flash_standard,1,2026-01-28 12:35:38+00:00,False,False,never,,,1,1,,,,,0,2
dev_0007197,0,flash_sale,,flash_standard,1,2026-01-24 09:49:55+00:00,False,False,never,,,1,1,,,,,0,4
dev_0007200,0,flash_sale,,flash_standard,2,2026-01-11 12:20:07+00:00,False,False,never,,,2,2,,,,,0,2
dev_0007201,0,flash_sale,,flash_standard,1,2026-01-10 00:44:29+00:00,False,False,never,,,1,1,,,,,0,1
dev_0007202,0,flash_sale,,flash_standard,1,2026-01-09 15:33:45+00:00,False,False,never,,,1,1,,,,,0,0
dev_0007203,0,flash_sale,,flash_standard,3,2026-01-18 12:08:48+00:00,False,False,never,,,3,3,,,,,0,0
dev_0007204,0,flash_sale,,flash_standard,1,2026-01-14 07:46:49+00:00,False,False,never,,,1,1,,,,,0,1
dev_0007205,0,flash_sale,,flash_standard,1,2026-01-07 22:53:23+00:00,False,False,never,,,1,1,,,,,0,3
dev_0007206,0,flash_sale,,flash_standard,1,2026-01-20 12:14:36+00:00,False,False,never,,,1,1,,,,,0,0
dev_0007207,0,flash_sale,,flash_standard,2,2026-01-05 10:48:51+00:00,False,False,never,,,2,2,,,,,0,0
dev_0007209,0,flash_sale,,flash_standard,1,2026-01-27 18:45:43+00:00,False,False,never,,,1,1,,,,,0,0
dev_0007210,0,flash_sale,,flash_standard,1,2026-01-28 08:50:54+00:00,False,False,never,,,1,1,,,,,0,1
dev_0007211,0,flash_sale,,flash_standard,2,2026-01-02 02:16:58+00:00,False,False,never,,,2,2,,,,,0,3
dev_0007212,0,flash_sale,,flash_standard,1,2026-01-23 22:20:57+00:00,False,False,never,,,1,1,,,,,0,4
dev_0007214,0,flash_sale,,flash_standard,1,2026-01-17 03:02:04+00:00,False,False,never,,,1,1,,,,,0,4
dev_0007215,0,flash_sale,,flash_standard,2,2026-01-01 06:52:35+00:00,False,False,never,,,2,2,,,,,0,4
dev_0007217,0,flash_sale,,flash_standard,1,2026-01-15 13:08:42+00:00,False,False,never,,,1,1,,,,,0,2
dev_0007218,0,flash_sale,,flash_standard,1,2026-01-21 17:08:10+00:00,False,False,never,,,1,1,,,,,0,2
dev_0007220,0,flash_sale,,flash_standard,1,2026-01-20 16:39:32+00:00,False,False,never,,,1,1,,,,,0,0
dev_0007221,0,flash_sale,,flash_standard,1,2026-01-24 20:19:55+00:00,False,False,never,,,1,1,,,,,0,1
dev_0007222,0,flash_sale,,flash_standard,1,2026-01-04 22:09:48+00:00,False,False,never,,,1,1,,,,,0,0
dev_0007224,0,flash_sale,,flash_standard,1,2026-01-13 19:03:38+00:00,False,False,never,,,1,1,,,,,0,3
dev_0007226,0,flash_sale,,flash_standard,2,2026-01-17 06:35:58+00:00,False,False,never,,,2,2,,,,,0,1
dev_0007227,0,flash_sale,,flash_standard,3,2026-01-09 19:44:15+00:00,False,False,never,,,3,3,,,,,0,0
dev_0007228,0,flash_sale,,flash_standard,1,2026-01-23 15:19:14+00:00,False,False,never,,,1,1,,,,,0,4
dev_0007229,0,flash_sale,,flash_standard,1,2026-01-11 20:47:38+00:00,False,False,never,,,1,1,,,,,0,4
dev_0007230,0,flash_sale,,flash_standard,1,2026-01-29 15:32:09+00:00,False,False,never,,,1,1,,,,,0,2
dev_0007231,0,flash_sale,,flash_standard,1,2026-01-30 16:39:57+00:00,False,False,never,,,1,1,,,,,0,3
dev_0007233,0,flash_sale,,flash_standard,1,2026-01-26 19:33:41+00:00,False,False,never,,,1,1,,,,,0,4
dev_0007237,0,flash_sale,,flash_standard,1,2026-01-01 09:09:50+00:00,False,False,never,,,1,1,,,,,0,1
dev_0007238,0,flash_sale,,flash_standard,1,2026-01-04 19:15:38+00:00,False,False,never,,,1,1,,,,,0,3
dev_0007239,0,flash_sale,,flash_standard,1,2026-01-19 21:10:48+00:00,False,False,never,,,1,1,,,,,0,0
dev_0007240,0,flash_sale,,flash_standard,2,2026-01-29 23:23:22+00:00,False,False,never,,,2,2,,,,,0,1
dev_0007241,0,flash_sale,,flash_standard,1,2026-01-06 12:30:03+00:00,False,False,never,,,1,1,,,,,0,2
dev_0007242,0,flash_sale,,flash_standard,1,2026-01-16 23:10:27+00:00,False,False,never,,,1,1,,,,,0,2
dev_0007245,0,flash_sale,,flash_standard,1,2026-01-19 21:20:18+00:00,False,False,never,,,1,1,,,,,0,3
dev_0007246,0,flash_sale,,flash_standard,1,2026-01-03 07:13:28+00:00,False,False,never,,,1,1,,,,,0,3
dev_0007247,0,flash_sale,,flash_standard,3,2026-01-14 02:22:20+00:00,False,False,never,,,3,3,,,,,0,0
dev_0007248,0,flash_sale,,flash_standard,1,2026-01-10 07:49:56+00:00,False,False,never,,,1,1,,,,,0,1
dev_0007249,0,flash_sale,,flash_standard,1,2026-01-17 07:43:54+00:00,False,False,never,,,1,1,,,,,0,0
dev_0007250,0,flash_sale,,flash_standard,1,2026-01-15 21:02:40+00:00,False,False,never,,,1,1,,,,,0,1
dev_0007251,0,flash_sale,,flash_standard,1,2026-01-22 03:27:07+00:00,False,False,never,,,1,1,,,,,0,1
dev_0007252,0,flash_sale,,flash_standard,1,2026-01-22 06:42:35+00:00,False,False,never,,,1,1,,,,,0,3
dev_0007253,0,flash_sale,,flash_standard,1,2026-01-21 09:33:18+00:00,False,False,never,,,1,1,,,,,0,1
dev_0007254,0,flash_sale,,flash_standard,3,2026-01-05 23:47:37+00:00,False,False,never,,,3,3,,,,,0,1
dev_0007255,0,flash_sale,,flash_standard,1,2026-01-20 01:48:14+00:00,False,False,never,,,1,1,,,,,0,3
dev_0007256,0,flash_sale,,flash_standard,1,2026-01-05 03:41:27+00:00,False,False,never,,,1,1,,,,,0,0
dev_0007258,0,flash_sale,,flash_standard,3,2026-01-07 01:22:08+00:00,False,False,never,,,3,3,,,,,0,3
dev_0007261,0,flash_sale,,flash_standard,1,2026-01-28 03:46:26+00:00,False,False,never,,,1,1,,,,,0,4
dev_0007262,0,flash_sale,,flash_standard,1,2026-01-02 11:33:59+00:00,False,False,never,,,1,1,,,,,0,0
dev_0007263,0,flash_sale,,flash_standard,1,2026-01-26 23:35:12+00:00,False,False,never,,,1,1,,,,,0,4
dev_0007264,0,flash_sale,,flash_standard,1,2026-01-06 21:28:11+00:00,False,False,never,,,1,1,,,,,0,1
dev_0007265,0,flash_sale,,flash_standard,1,2026-01-16 05:51:04+00:00,False,False,never,,,1,1,,,,,0,2
dev_0007266,0,flash_sale,,flash_standard,1,2026-01-01 10:58:38+00:00,False,False,never,,,1,1,,,,,0,0
dev_0007267,0,flash_sale,,flash_standard,1,2026-01-09 23:52:05+00:00,False,False,never,,,1,1,,,,,0,0
dev_0007268,0,flash_sale,,flash_standard,1,2026-01-27 14:16:04+00:00,False,False,never,,,1,1,,,,,0,2
dev_0007269,0,flash_sale,,flash_standard,1,2026-01-01 10:10:49+00:00,False,False,never,,,1,1,,,,,0,4
dev_0007270,0,flash_sale,,flash_standard,1,2026-01-02 15:27:47+00:00,False,False,never,,,1,1,,,,,0,2
dev_0007271,0,flash_sale,,flash_standard,2,2026-01-10 03:17:22+00:00,False,False,never,,,2,2,,,,,0,2
dev_0007273,0,flash_sale,,flash_standard,1,2026-01-17 07:30:47+00:00,False,False,never,,,1,1,,,,,0,4
dev_0007274,0,flash_sale,,flash_standard,1,2026-01-17 19:33:42+00:00,False,False,never,,,1,1,,,,,0,3
dev_0007275,0,flash_sale,,flash_standard,1,2026-01-26 14:03:33+00:00,False,False,never,,,1,1,,,,,0,2
dev_0007279,0,flash_sale,,flash_standard,1,2026-01-21 05:02:20+00:00,False,False,never,,,1,1,,,,,0,3
dev_0007280,0,flash_sale,,flash_standard,1,2026-01-07 11:49:56+00:00,False,False,never,,,1,1,,,,,0,2
dev_0007281,0,flash_sale,,flash_standard,1,2026-01-29 08:09:25+00:00,False,False,never,,,1,1,,,,,0,0
dev_0007282,0,flash_sale,,flash_standard,1,2026-01-29 22:58:35+00:00,False,False,never,,,1,1,,,,,0,4
dev_0007284,0,flash_sale,,flash_standard,1,2026-01-02 02:41:41+00:00,False,False,never,,,1,1,,,,,0,4
dev_0007285,0,flash_sale,,flash_standard,1,2026-01-03 08:33:55+00:00,False,False,never,,,1,1,,,,,0,3
dev_0007286,0,flash_sale,,flash_standard,1,2026-01-22 00:15:45+00:00,False,False,never,,,1,1,,,,,0,3
dev_0007287,0,flash_sale,,flash_standard,1,2026-01-17 16:15:22+00:00,False,False,never,,,1,1,,,,,0,4
dev_0007288,0,flash_sale,,flash_standard,1,2026-01-13 12:03:25+00:00,False,False,never,,,1,1,,,,,0,0
dev_0007291,0,flash_sale,,flash_standard,2,2026-01-25 21:42:46+00:00,False,False,never,,,2,2,,,,,0,0
dev_0007292,0,flash_sale,,flash_standard,1,2026-01-18 09:08:07+00:00,False,False,never,,,1,1,,,,,0,3
dev_0007294,0,flash_sale,,flash_standard,1,2026-01-20 11:53:21+00:00,False,False,never,,,1,1,,,,,0,3
dev_0007296,0,flash_sale,,flash_standard,1,2026-01-30 22:21:23+00:00,False,False,never,,,1,1,,,,,0,2
dev_0007298,0,flash_sale,,flash_standard,1,2026-01-27 14:24:32+00:00,False,False,never,,,1,1,,,,,0,3
dev_0007299,0,flash_sale,,flash_standard,1,2026-01-30 02:04:18+00:00,False,False,never,,,1,1,,,,,0,1
dev_0007303,0,flash_sale,,flash_standard,1,2026-01-17 06:36:43+00:00,False,False,never,,,1,1,,,,,0,4
dev_0007305,0,flash_sale,,flash_standard,1,2026-01-14 04:34:54+00:00,False,False,never,,,1,1,,,,,0,4
dev_0007307,0,flash_sale,,flash_standard,1,2026-01-25 16:32:54+00:00,False,False,never,,,1,1,,,,,0,4
dev_0007308,0,flash_sale,,flash_standard,1,2026-01-05 19:18:20+00:00,False,False,never,,,1,1,,,,,0,0
dev_0007309,0,flash_sale,,flash_standard,2,2026-01-26 13:22:13+00:00,False,False,never,,,2,2,,,,,0,2
dev_0007310,0,flash_sale,,flash_standard,2,2026-01-20 22:48:16+00:00,False,False,never,,,2,2,,,,,0,2
dev_0007311,0,flash_sale,,flash_standard,1,2026-01-28 01:05:52+00:00,False,False,never,,,1,1,,,,,0,1
dev_0007313,0,flash_sale,,flash_standard,1,2026-01-29 18:38:15+00:00,False,False,never,,,1,1,,,,,0,4
dev_0007314,0,flash_sale,,flash_standard,1,2026-01-20 19:22:07+00:00,False,False,never,,,1,1,,,,,0,1
dev_0007316,0,flash_sale,,flash_standard,1,2026-01-29 18:33:01+00:00,False,False,never,,,1,1,,,,,0,2
dev_0007317,0,flash_sale,,flash_standard,1,2026-01-24 19:22:22+00:00,False,False,never,,,1,1,,,,,0,3
dev_0007318,0,flash_sale,,flash_standard,1,2026-01-19 03:19:49+00:00,False,False,never,,,1,1,,,,,0,2
dev_0007319,0,flash_sale,,flash_standard,2,2026-01-14 16:20:52+00:00,False,False,never,,,2,2,,,,,0,2
dev_0007320,0,flash_sale,,flash_standard,2,2026-01-06 04:39:08+00:00,False,False,never,,,2,2,,,,,0,2
dev_0007321,0,flash_sale,,flash_standard,1,2026-01-13 02:55:40+00:00,False,False,never,,,1,1,,,,,0,3
dev_0007322,0,flash_sale,,flash_standard,2,2026-01-28 17:38:56+00:00,False,False,never,,,2,2,,,,,0,1
dev_0007323,0,flash_sale,,flash_standard,1,2026-01-01 15:26:38+00:00,False,False,never,,,1,1,,,,,0,3
dev_0007324,0,flash_sale,,flash_standard,1,2026-01-28 10:04:47+00:00,False,False,never,,,1,1,,,,,0,0
dev_0007325,0,flash_sale,,flash_standard,3,2026-01-24 13:33:42+00:00,False,False,never,,,3,3,,,,,0,0
dev_0007327,0,flash_sale,,flash_standard,1,2026-01-03 17:01:57+00:00,False,False,never,,,1,1,,,,,0,1
dev_0007328,0,flash_sale,,flash_standard,2,2026-01-05 18:24:19+00:00,False,False,never,,,2,2,,,,,0,3
dev_0007330,0,flash_sale,,flash_standard,1,2026-01-28 17:24:51+00:00,False,False,never,,,1,1,,,,,0,2
dev_0007331,0,flash_sale,,flash_standard,1,2026-01-01 17:17:37+00:00,False,False,never,,,1,1,,,,,0,0
dev_0007332,0,flash_sale,,flash_standard,1,2026-01-07 16:27:41+00:00,False,False,never,,,1,1,,,,,0,2
dev_0007333,0,flash_sale,,flash_standard,1,2026-01-05 17:29:36+00:00,False,False,never,,,1,1,,,,,0,0
dev_0007334,0,flash_sale,,flash_standard,1,2026-01-20 01:31:32+00:00,False,False,never,,,1,1,,,,,0,2
dev_0007335,0,flash_sale,,flash_standard,2,2026-01-02 15:35:53+00:00,False,False,never,,,2,2,,,,,0,4
dev_0007336,0,flash_sale,,flash_standard,1,2026-01-10 14:12:21+00:00,False,False,never,,,1,1,,,,,0,3
dev_0007338,0,flash_sale,,flash_standard,1,2026-01-25 14:19:54+00:00,False,False,never,,,1,1,,,,,0,4
dev_0007339,0,flash_sale,,flash_standard,1,2026-01-11 02:21:02+00:00,False,False,never,,,1,1,,,,,0,4
dev_0007341,0,flash_sale,,flash_standard,1,2026-01-15 05:35:14+00:00,False,False,never,,,1,1,,,,,0,0
dev_0007343,0,flash_sale,,flash_standard,1,2026-01-12 04:25:34+00:00,False,False,never,,,1,1,,,,,0,0
dev_0007344,0,flash_sale,,flash_standard,1,2026-01-16 16:30:54+00:00,False,False,never,,,1,1,,,,,0,4
dev_0007345,0,flash_sale,,flash_standard,3,2026-01-24 06:27:39+00:00,False,False,never,,,3,3,,,,,0,4
dev_0007346,0,flash_sale,,flash_standard,1,2026-01-06 04:04:52+00:00,False,False,never,,,1,1,,,,,0,2
dev_0007347,0,flash_sale,,flash_standard,1,2026-01-16 03:14:04+00:00,False,False,never,,,1,1,,,,,0,2
dev_0007348,0,flash_sale,,flash_standard,2,2026-01-10 17:18:57+00:00,False,False,never,,,2,2,,,,,0,0
dev_0007349,0,flash_sale,,flash_standard,1,2026-01-16 13:46:34+00:00,False,False,never,,,1,1,,,,,0,2
dev_0007350,0,flash_sale,,flash_standard,3,2026-01-30 05:53:20+00:00,False,False,never,,,3,3,,,,,0,4
dev_0007351,0,flash_sale,,flash_standard,1,2026-01-20 05:16:59+00:00,False,False,never,,,1,1,,,,,0,0
dev_0007352,0,flash_sale,,flash_standard,1,2026-01-22 08:58:21+00:00,False,False,never,,,1,1,,,,,0,3
dev_0007354,0,flash_sale,,flash_standard,1,2026-01-01 18:16:58+00:00,False,False,never,,,1,1,,,,,0,0
dev_0007355,0,flash_sale,,flash_standard,1,2026-01-04 23:31:39+00:00,False,False,never,,,1,1,,,,,0,0
dev_0007356,0,flash_sale,,flash_standard,1,2026-01-07 17:44:58+00:00,False,False,never,,,1,1,,,,,0,2
dev_0007357,0,flash_sale,,flash_standard,1,2026-01-03 09:45:55+00:00,False,False,never,,,1,1,,,,,0,1
dev_0007358,0,flash_sale,,flash_standard,1,2026-01-09 20:46:25+00:00,False,False,never,,,1,1,,,,,0,2
dev_0007360,0,flash_sale,,flash_standard,1,2026-01-16 17:42:28+00:00,False,False,never,,,1,1,,,,,0,4
dev_0007361,0,flash_sale,,flash_standard,2,2026-01-05 13:05:44+00:00,False,False,never,,,2,2,,,,,0,3
dev_0007362,0,flash_sale,,flash_standard,1,2026-01-24 05:20:04+00:00,False,False,never,,,1,1,,,,,0,1
dev_0007363,0,flash_sale,,flash_standard,2,2026-01-29 11:07:17+00:00,False,False,never,,,2,2,,,,,0,2
dev_0007364,0,flash_sale,,flash_standard,1,2026-01-19 14:43:40+00:00,False,False,never,,,1,1,,,,,0,1
dev_0007365,0,flash_sale,,flash_standard,1,2026-01-12 03:44:51+00:00,False,False,never,,,1,1,,,,,0,4
dev_0007366,0,flash_sale,,flash_standard,1,2026-01-16 09:05:34+00:00,False,False,never,,,1,1,,,,,0,2
dev_0007369,0,flash_sale,,flash_standard,2,2026-01-25 23:18:30+00:00,False,False,never,,,2,2,,,,,0,4
dev_0007370,0,flash_sale,,flash_standard,1,2026-01-25 09:50:07+00:00,False,False,never,,,1,1,,,,,0,3
dev_0007371,0,flash_sale,,flash_standard,1,2026-01-09 08:45:55+00:00,False,False,never,,,1,1,,,,,0,4
dev_0007372,0,flash_sale,,flash_standard,1,2026-01-05 11:20:58+00:00,False,False,never,,,1,1,,,,,0,2
dev_0007373,0,flash_sale,,flash_standard,2,2026-01-12 05:18:34+00:00,False,False,never,,,2,2,,,,,0,3
dev_0007374,0,flash_sale,,flash_standard,2,2026-01-04 09:05:53+00:00,False,False,never,,,2,2,,,,,0,4
dev_0007376,0,flash_sale,,flash_standard,1,2026-01-08 23:25:42+00:00,False,False,never,,,1,1,,,,,0,0
dev_0007377,0,flash_sale,,flash_standard,2,2026-01-29 00:49:58+00:00,False,False,never,,,2,2,,,,,0,3
dev_0007379,0,flash_sale,,flash_standard,1,2026-01-02 10:05:55+00:00,False,False,never,,,1,1,,,,,0,1
dev_0007380,0,flash_sale,,flash_standard,1,2026-01-13 19:36:28+00:00,False,False,never,,,1,1,,,,,0,4
dev_0007381,0,flash_sale,,flash_standard,1,2026-01-23 15:29:34+00:00,False,False,never,,,1,1,,,,,0,4
dev_0007382,0,flash_sale,,flash_standard,1,2026-01-26 02:23:42+00:00,False,False,never,,,1,1,,,,,0,3
dev_0007383,0,flash_sale,,flash_standard,1,2026-01-04 20:47:36+00:00,False,False,never,,,1,1,,,,,0,4
dev_0007384,0,flash_sale,,flash_standard,1,2026-01-04 20:05:02+00:00,False,False,never,,,1,1,,,,,0,3
dev_0007385,0,flash_sale,,flash_standard,1,2026-01-03 23:19:05+00:00,False,False,never,,,1,1,,,,,0,1
dev_0007386,0,flash_sale,,flash_standard,1,2026-01-17 23:54:21+00:00,False,False,never,,,1,1,,,,,0,1
dev_0007388,0,flash_sale,,flash_standard,1,2026-01-13 13:30:49+00:00,False,False,never,,,1,1,,,,,0,3
dev_0007389,0,flash_sale,,flash_standard,2,2026-01-26 17:51:09+00:00,False,False,never,,,2,2,,,,,0,4
dev_0007390,0,flash_sale,,flash_standard,2,2026-01-20 04:37:24+00:00,False,False,never,,,2,2,,,,,0,1
dev_0007391,0,flash_sale,,flash_standard,3,2026-01-22 00:02:37+00:00,False,False,never,,,3,3,,,,,0,3
dev_0007394,0,flash_sale,,flash_standard,1,2026-01-04 23:11:34+00:00,False,False,never,,,1,1,,,,,0,1
dev_0007395,0,flash_sale,,flash_standard,1,2026-01-28 18:51:43+00:00,False,False,never,,,1,1,,,,,0,0
dev_0007396,0,flash_sale,,flash_standard,1,2026-01-10 08:28:11+00:00,False,False,never,,,1,1,,,,,0,0
dev_0007397,0,flash_sale,,flash_standard,2,2026-01-11 05:39:13+00:00,False,False,never,,,2,2,,,,,0,1
dev_0007399,0,flash_sale,,flash_standard,1,2026-01-13 04:08:51+00:00,False,False,never,,,1,1,,,,,0,4
dev_0007400,0,flash_sale,,flash_standard,1,2026-01-09 15:20:41+00:00,False,False,never,,,1,1,,,,,0,1
dev_0007401,0,flash_sale,,flash_standard,1,2026-01-12 03:06:16+00:00,False,False,never,,,1,1,,,,,0,3
dev_0007402,0,flash_sale,,flash_standard,1,2026-01-08 22:14:27+00:00,False,False,never,,,1,1,,,,,0,3
dev_0007403,0,flash_sale,,flash_standard,3,2026-01-30 09:05:41+00:00,False,False,never,,,3,3,,,,,0,1
dev_0007404,0,flash_sale,,flash_standard,1,2026-01-14 06:28:29+00:00,False,False,never,,,1,1,,,,,0,4
dev_0007405,0,flash_sale,,flash_standard,1,2026-01-16 05:16:59+00:00,False,False,never,,,1,1,,,,,0,4
dev_0007406,0,flash_sale,,flash_standard,1,2026-01-30 06:25:47+00:00,False,False,never,,,1,1,,,,,0,2
dev_0007407,0,flash_sale,,flash_standard,1,2026-01-07 14:32:30+00:00,False,False,never,,,1,1,,,,,0,4
dev_0007408,0,flash_sale,,flash_standard,1,2026-01-30 22:35:59+00:00,False,False,never,,,1,1,,,,,0,0
dev_0007409,0,flash_sale,,flash_standard,2,2026-01-22 14:24:34+00:00,False,False,never,,,2,2,,,,,0,2
dev_0007410,0,flash_sale,,flash_standard,1,2026-01-19 06:40:23+00:00,False,False,never,,,1,1,,,,,0,2
dev_0007412,0,flash_sale,,flash_standard,1,2026-01-11 19:06:37+00:00,False,False,never,,,1,1,,,,,0,3
dev_0007413,0,flash_sale,,flash_standard,2,2026-01-26 05:51:58+00:00,False,False,never,,,2,2,,,,,0,3
dev_0007414,0,flash_sale,,flash_standard,2,2026-01-18 17:25:45+00:00,False,False,never,,,2,2,,,,,0,4
dev_0007416,0,flash_sale,,flash_standard,1,2026-01-26 12:15:04+00:00,False,False,never,,,1,1,,,,,0,2
dev_0007417,0,flash_sale,,flash_standard,1,2026-01-20 16:44:01+00:00,False,False,never,,,1,1,,,,,0,3
dev_0007418,0,flash_sale,,flash_standard,1,2026-01-15 10:58:23+00:00,False,False,never,,,1,1,,,,,0,2
dev_0007419,0,flash_sale,,flash_standard,1,2026-01-14 20:23:31+00:00,False,False,never,,,1,1,,,,,0,2
dev_0007420,0,flash_sale,,flash_standard,1,2026-01-12 23:11:01+00:00,False,False,never,,,1,1,,,,,0,0
dev_0007422,0,flash_sale,,flash_standard,1,2026-01-16 10:36:51+00:00,False,False,never,,,1,1,,,,,0,1
dev_0007423,0,flash_sale,,flash_standard,1,2026-01-18 22:23:09+00:00,False,False,never,,,1,1,,,,,0,4
dev_0007424,0,flash_sale,,flash_standard,1,2026-01-11 17:42:27+00:00,False,False,never,,,1,1,,,,,0,3
dev_0007425,0,flash_sale,,flash_standard,1,2026-01-18 01:49:46+00:00,False,False,never,,,1,1,,,,,0,1
dev_0007426,0,flash_sale,,flash_standard,1,2026-01-15 03:38:29+00:00,False,False,never,,,1,1,,,,,0,0
dev_0007427,0,flash_sale,,flash_standard,1,2026-01-06 13:45:39+00:00,False,False,never,,,1,1,,,,,0,1
dev_0007428,0,flash_sale,,flash_standard,2,2026-01-10 13:17:47+00:00,False,False,never,,,2,2,,,,,0,0
dev_0007430,0,flash_sale,,flash_standard,1,2026-01-11 22:40:57+00:00,False,False,never,,,1,1,,,,,0,4
dev_0007431,0,flash_sale,,flash_standard,1,2026-01-22 00:57:52+00:00,False,False,never,,,1,1,,,,,0,0
dev_0007432,0,flash_sale,,flash_standard,1,2026-01-08 03:31:23+00:00,False,False,never,,,1,1,,,,,0,3
dev_0007433,0,flash_sale,,flash_standard,1,2026-01-23 21:49:12+00:00,False,False,never,,,1,1,,,,,0,3
dev_0007434,0,flash_sale,,flash_standard,2,2026-01-24 11:23:48+00:00,False,False,never,,,2,2,,,,,0,2
dev_0007435,0,flash_sale,,flash_standard,1,2026-01-05 00:55:10+00:00,False,False,never,,,1,1,,,,,0,1
dev_0007436,0,flash_sale,,flash_standard,1,2026-01-15 03:50:43+00:00,False,False,never,,,1,1,,,,,0,4
dev_0007437,0,flash_sale,,flash_standard,1,2026-01-17 07:00:55+00:00,False,False,never,,,1,1,,,,,0,1
dev_0007438,0,flash_sale,,flash_standard,2,2026-01-14 11:11:52+00:00,False,False,never,,,2,2,,,,,0,3
dev_0007440,0,flash_sale,,flash_standard,1,2026-01-03 13:31:34+00:00,False,False,never,,,1,1,,,,,0,2
dev_0007441,0,flash_sale,,flash_standard,1,2026-01-30 09:19:19+00:00,False,False,never,,,1,1,,,,,0,4
dev_0007442,0,flash_sale,,flash_standard,3,2026-01-03 08:22:39+00:00,False,False,never,,,3,3,,,,,0,4
dev_0007443,0,flash_sale,,flash_standard,1,2026-01-19 02:06:42+00:00,False,False,never,,,1,1,,,,,0,2
dev_0007444,0,flash_sale,,flash_standard,1,2026-01-30 12:09:22+00:00,False,False,never,,,1,1,,,,,0,0
dev_0007445,0,flash_sale,,flash_standard,1,2026-01-19 23:38:25+00:00,False,False,never,,,1,1,,,,,0,1
dev_0007446,0,flash_sale,,flash_standard,2,2026-01-18 06:38:07+00:00,False,False,never,,,2,2,,,,,0,0
dev_0007447,0,flash_sale,,flash_standard,1,2026-01-19 03:44:47+00:00,False,False,never,,,1,1,,,,,0,3
dev_0007448,0,flash_sale,,flash_standard,1,2026-01-30 00:47:29+00:00,False,False,never,,,1,1,,,,,0,4
dev_0007449,0,flash_sale,,flash_standard,1,2026-01-28 21:04:03+00:00,False,False,never,,,1,1,,,,,0,1
dev_0007450,0,flash_sale,,flash_standard,1,2026-01-11 01:08:44+00:00,False,False,never,,,1,1,,,,,0,1
dev_0007451,0,flash_sale,,flash_standard,1,2026-01-12 01:17:26+00:00,False,False,never,,,1,1,,,,,0,1
dev_0007453,0,flash_sale,,flash_standard,1,2026-01-09 01:07:39+00:00,False,False,never,,,1,1,,,,,0,2
dev_0007455,0,flash_sale,,flash_standard,1,2026-01-06 01:03:18+00:00,False,False,never,,,1,1,,,,,0,3
dev_0007456,0,flash_sale,,flash_standard,1,2026-01-18 00:17:26+00:00,False,False,never,,,1,1,,,,,0,4
dev_0007457,0,flash_sale,,flash_standard,1,2026-01-15 12:02:25+00:00,False,False,never,,,1,1,,,,,0,4
dev_0007458,0,flash_sale,,flash_standard,1,2026-01-20 05:35:48+00:00,False,False,never,,,1,1,,,,,0,2
dev_0007459,0,flash_sale,,flash_standard,1,2026-01-09 07:47:29+00:00,False,False,never,,,1,1,,,,,0,3
dev_0007460,0,flash_sale,,flash_standard,1,2026-01-22 12:37:30+00:00,False,False,never,,,1,1,,,,,0,0
dev_0007461,0,flash_sale,,flash_standard,3,2026-01-14 09:36:18+00:00,False,False,never,,,3,3,,,,,0,0
dev_0007462,0,flash_sale,,flash_standard,1,2026-01-04 03:50:20+00:00,False,False,never,,,1,1,,,,,0,4
dev_0007463,0,flash_sale,,flash_standard,1,2026-01-23 00:00:48+00:00,False,False,never,,,1,1,,,,,0,1
dev_0007464,0,flash_sale,,flash_standard,1,2026-01-02 23:50:30+00:00,False,False,never,,,1,1,,,,,0,0
dev_0007465,0,flash_sale,,flash_standard,1,2026-01-03 15:15:58+00:00,False,False,never,,,1,1,,,,,0,4
dev_0007466,0,flash_sale,,flash_standard,1,2026-01-05 22:10:55+00:00,False,False,never,,,1,1,,,,,0,4
dev_0007467,0,flash_sale,,flash_standard,1,2026-01-01 02:01:27+00:00,False,False,never,,,1,1,,,,,0,4
dev_0007468,0,flash_sale,,flash_standard,2,2026-01-30 15:45:41+00:00,False,False,never,,,2,2,,,,,0,0
dev_0007469,0,flash_sale,,flash_standard,1,2026-01-12 22:19:49+00:00,False,False,never,,,1,1,,,,,0,0
dev_0007471,0,flash_sale,,flash_standard,1,2026-01-26 08:43:56+00:00,False,False,never,,,1,1,,,,,0,2
dev_0007472,0,flash_sale,,flash_standard,1,2026-01-30 22:39:32+00:00,False,False,never,,,1,1,,,,,0,3
dev_0007473,0,flash_sale,,flash_standard,1,2026-01-28 00:06:40+00:00,False,False,never,,,1,1,,,,,0,0
dev_0007474,0,flash_sale,,flash_standard,1,2026-01-14 13:24:42+00:00,False,False,never,,,1,1,,,,,0,0
dev_0007475,0,flash_sale,,flash_standard,1,2026-01-07 11:33:36+00:00,False,False,never,,,1,1,,,,,0,0
dev_0007476,0,flash_sale,,flash_standard,1,2026-01-15 06:30:47+00:00,False,False,never,,,1,1,,,,,0,0
dev_0007477,0,flash_sale,,flash_standard,1,2026-01-05 00:33:48+00:00,False,False,never,,,1,1,,,,,0,0
dev_0007478,0,flash_sale,,flash_standard,1,2026-01-25 15:01:42+00:00,False,False,never,,,1,1,,,,,0,4
dev_0007479,0,flash_sale,,flash_standard,1,2026-01-10 05:55:33+00:00,False,False,never,,,1,1,,,,,0,1
dev_0007480,0,flash_sale,,flash_standard,1,2026-01-07 23:46:12+00:00,False,False,never,,,1,1,,,,,0,3
dev_0007483,0,flash_sale,,flash_standard,1,2026-01-09 01:32:36+00:00,False,False,never,,,1,1,,,,,0,4
dev_0007484,0,flash_sale,,flash_standard,1,2026-01-17 13:18:11+00:00,False,False,never,,,1,1,,,,,0,1
dev_0007486,0,flash_sale,,flash_standard,3,2026-01-16 18:06:05+00:00,False,False,never,,,3,3,,,,,0,1
dev_0007487,0,flash_sale,,flash_standard,1,2026-01-18 09:45:43+00:00,False,False,never,,,1,1,,,,,0,2
dev_0007488,0,flash_sale,,flash_standard,1,2026-01-03 00:42:43+00:00,False,False,never,,,1,1,,,,,0,3
dev_0007489,0,flash_sale,,flash_standard,2,2026-01-25 17:37:59+00:00,False,False,never,,,2,2,,,,,0,1
dev_0007490,0,flash_sale,,flash_standard,2,2026-01-02 03:58:26+00:00,False,False,never,,,2,2,,,,,0,4
dev_0007491,0,flash_sale,,flash_standard,1,2026-01-13 01:40:29+00:00,False,False,never,,,1,1,,,,,0,0
dev_0007492,0,flash_sale,,flash_standard,1,2026-01-02 15:22:40+00:00,False,False,never,,,1,1,,,,,0,1
dev_0007493,0,flash_sale,,flash_standard,1,2026-01-05 04:55:11+00:00,False,False,never,,,1,1,,,,,0,1
dev_0007494,0,flash_sale,,flash_standard,1,2026-01-05 07:05:54+00:00,False,False,never,,,1,1,,,,,0,0
dev_0007495,0,flash_sale,,flash_standard,1,2026-01-03 21:49:13+00:00,False,False,never,,,1,1,,,,,0,2
dev_0007496,0,flash_sale,,flash_standard,2,2026-01-28 17:12:49+00:00,False,False,never,,,2,2,,,,,0,1
dev_0007497,0,flash_sale,,flash_standard,1,2026-01-08 22:15:19+00:00,False,False,never,,,1,1,,,,,0,1
dev_0007498,0,flash_sale,,flash_standard,1,2026-01-02 02:47:57+00:00,False,False,never,,,1,1,,,,,0,1
dev_0007499,0,flash_sale,,flash_standard,1,2026-01-08 10:28:19+00:00,False,False,never,,,1,1,,,,,0,0
dev_0007502,0,flash_sale,,flash_standard,2,2026-01-04 01:51:08+00:00,False,False,never,,,2,2,,,,,0,1
dev_0007503,0,flash_sale,,flash_standard,1,2026-01-08 11:35:37+00:00,False,False,never,,,1,1,,,,,0,3
dev_0007504,0,flash_sale,,flash_standard,1,2026-01-16 13:23:48+00:00,False,False,never,,,1,1,,,,,0,3
dev_0007505,0,flash_sale,,flash_standard,2,2026-01-18 14:41:22+00:00,False,False,never,,,2,2,,,,,0,3
dev_0007506,0,flash_sale,,flash_standard,1,2026-01-01 23:35:29+00:00,False,False,never,,,1,1,,,,,0,3
dev_0007507,0,flash_sale,,flash_standard,1,2026-01-03 18:51:40+00:00,False,False,never,,,1,1,,,,,0,3
dev_0007508,0,flash_sale,,flash_standard,2,2026-01-24 13:58:57+00:00,False,False,never,,,2,2,,,,,0,2
dev_0007509,0,flash_sale,,flash_standard,1,2026-01-06 06:50:39+00:00,False,False,never,,,1,1,,,,,0,3
dev_0007510,0,flash_sale,,flash_standard,1,2026-01-14 05:29:22+00:00,False,False,never,,,1,1,,,,,0,4
dev_0007511,0,flash_sale,,flash_standard,1,2026-01-23 22:10:27+00:00,False,False,never,,,1,1,,,,,0,1
dev_0007514,0,flash_sale,,flash_standard,1,2026-01-12 15:48:59+00:00,False,False,never,,,1,1,,,,,0,2
dev_0007515,0,flash_sale,,flash_standard,1,2026-01-14 11:35:41+00:00,False,False,never,,,1,1,,,,,0,0
dev_0007516,0,flash_sale,,flash_standard,1,2026-01-06 15:57:54+00:00,False,False,never,,,1,1,,,,,0,0
dev_0007517,0,flash_sale,,flash_standard,1,2026-01-15 17:27:27+00:00,False,False,never,,,1,1,,,,,0,0
dev_0007518,0,flash_sale,,flash_standard,1,2026-01-19 07:24:40+00:00,False,False,never,,,1,1,,,,,0,1
dev_0007519,0,flash_sale,,flash_standard,2,2026-01-27 01:01:46+00:00,False,False,never,,,2,2,,,,,0,1
dev_0007520,0,flash_sale,,flash_standard,1,2026-01-29 06:37:20+00:00,False,False,never,,,1,1,,,,,0,4
dev_0007521,0,flash_sale,,flash_standard,1,2026-01-17 07:36:32+00:00,False,False,never,,,1,1,,,,,0,0
dev_0007522,0,flash_sale,,flash_standard,1,2026-01-04 15:28:42+00:00,False,False,never,,,1,1,,,,,0,0
dev_0007523,0,flash_sale,,flash_standard,1,2026-01-28 07:37:52+00:00,False,False,never,,,1,1,,,,,0,2
dev_0007524,0,flash_sale,,flash_standard,1,2026-01-07 10:44:26+00:00,False,False,never,,,1,1,,,,,0,3
dev_0007528,0,flash_sale,,flash_standard,1,2026-01-10 23:06:28+00:00,False,False,never,,,1,1,,,,,0,2
dev_0007529,0,flash_sale,,flash_standard,1,2026-01-25 08:17:05+00:00,False,False,never,,,1,1,,,,,0,1
dev_0007530,0,flash_sale,,flash_standard,1,2026-01-05 21:29:52+00:00,False,False,never,,,1,1,,,,,0,4
dev_0007532,0,flash_sale,,flash_standard,1,2026-01-27 17:24:15+00:00,False,False,never,,,1,1,,,,,0,1
dev_0007534,0,flash_sale,,flash_standard,1,2026-01-12 06:33:58+00:00,False,False,never,,,1,1,,,,,0,1
dev_0007536,0,flash_sale,,flash_standard,2,2026-01-16 21:19:04+00:00,False,False,never,,,2,2,,,,,0,0
dev_0007537,0,flash_sale,,flash_standard,1,2026-01-29 19:33:35+00:00,False,False,never,,,1,1,,,,,0,0
dev_0007538,0,flash_sale,,flash_standard,2,2026-01-02 17:53:26+00:00,False,False,never,,,2,2,,,,,0,0
dev_0007540,0,flash_sale,,flash_standard,1,2026-01-29 09:47:05+00:00,False,False,never,,,1,1,,,,,0,4
dev_0007541,0,flash_sale,,flash_standard,2,2026-01-05 07:57:15+00:00,False,False,never,,,2,2,,,,,0,3
dev_0007542,0,flash_sale,,flash_standard,1,2026-01-30 19:13:11+00:00,False,False,never,,,1,1,,,,,0,0
dev_0007543,0,flash_sale,,flash_standard,3,2026-01-07 02:05:11+00:00,False,False,never,,,3,3,,,,,0,4
dev_0007544,0,flash_sale,,flash_standard,1,2026-01-22 02:48:26+00:00,False,False,never,,,1,1,,,,,0,2
dev_0007545,0,flash_sale,,flash_standard,1,2026-01-22 23:55:33+00:00,False,False,never,,,1,1,,,,,0,2
dev_0007546,0,flash_sale,,flash_standard,1,2026-01-19 17:05:44+00:00,False,False,never,,,1,1,,,,,0,1
dev_0007547,0,flash_sale,,flash_standard,1,2026-01-20 20:14:30+00:00,False,False,never,,,1,1,,,,,0,4
dev_0007550,0,flash_sale,,flash_standard,1,2026-01-11 04:45:35+00:00,False,False,never,,,1,1,,,,,0,0
dev_0007551,0,flash_sale,,flash_standard,2,2026-01-01 02:39:30+00:00,False,False,never,,,2,2,,,,,0,1
dev_0007552,0,flash_sale,,flash_standard,1,2026-01-14 03:21:03+00:00,False,False,never,,,1,1,,,,,0,2
dev_0007554,0,flash_sale,,flash_standard,1,2026-01-04 01:43:42+00:00,False,False,never,,,1,1,,,,,0,4
dev_0007555,0,flash_sale,,flash_standard,1,2026-01-25 19:18:33+00:00,False,False,never,,,1,1,,,,,0,1
dev_0007557,0,flash_sale,,flash_standard,1,2026-01-04 07:55:07+00:00,False,False,never,,,1,1,,,,,0,1
dev_0007558,0,flash_sale,,flash_standard,1,2026-01-21 07:12:51+00:00,False,False,never,,,1,1,,,,,0,4
dev_0007559,0,flash_sale,,flash_standard,1,2026-01-29 03:04:43+00:00,False,False,never,,,1,1,,,,,0,1
dev_0007560,0,flash_sale,,flash_standard,1,2026-01-09 01:23:59+00:00,False,False,never,,,1,1,,,,,0,0
dev_0007561,0,flash_sale,,flash_standard,1,2026-01-14 02:49:05+00:00,False,False,never,,,1,1,,,,,0,1
dev_0007562,0,flash_sale,,flash_standard,1,2026-01-01 13:57:56+00:00,False,False,never,,,1,1,,,,,0,1
dev_0007563,0,flash_sale,,flash_standard,1,2026-01-15 11:12:53+00:00,False,False,never,,,1,1,,,,,0,0
dev_0007564,0,flash_sale,,flash_standard,2,2026-01-11 08:07:29+00:00,False,False,never,,,2,2,,,,,0,3
dev_0007565,0,flash_sale,,flash_standard,1,2026-01-26 03:25:17+00:00,False,False,never,,,1,1,,,,,0,4
dev_0007566,0,flash_sale,,flash_standard,1,2026-01-26 20:11:36+00:00,False,False,never,,,1,1,,,,,0,3
dev_0007567,0,flash_sale,,flash_standard,1,2026-01-07 17:11:57+00:00,False,False,never,,,1,1,,,,,0,3
dev_0007569,0,flash_sale,,flash_standard,1,2026-01-11 15:01:30+00:00,False,False,never,,,1,1,,,,,0,1
dev_0007570,0,flash_sale,,flash_standard,1,2026-01-05 21:49:48+00:00,False,False,never,,,1,1,,,,,0,2
dev_0007572,0,flash_sale,,flash_standard,1,2026-01-17 03:31:41+00:00,False,False,never,,,1,1,,,,,0,4
dev_0007573,0,flash_sale,,flash_standard,1,2026-01-23 04:39:58+00:00,False,False,never,,,1,1,,,,,0,2
dev_0007574,0,flash_sale,,flash_standard,2,2026-01-28 06:15:30+00:00,False,False,never,,,2,2,,,,,0,2
dev_0007575,0,flash_sale,,flash_standard,1,2026-01-24 05:13:54+00:00,False,False,never,,,1,1,,,,,0,3
dev_0007576,0,flash_sale,,flash_standard,1,2026-01-18 14:59:23+00:00,False,False,never,,,1,1,,,,,0,3
dev_0007577,0,flash_sale,,flash_standard,1,2026-01-03 04:16:29+00:00,False,False,never,,,1,1,,,,,0,1
dev_0007578,0,flash_sale,,flash_standard,1,2026-01-04 22:38:54+00:00,False,False,never,,,1,1,,,,,0,2
dev_0007579,0,flash_sale,,flash_standard,1,2026-01-13 08:51:14+00:00,False,False,never,,,1,1,,,,,0,1
dev_0007580,0,flash_sale,,flash_standard,1,2026-01-07 13:34:34+00:00,False,False,never,,,1,1,,,,,0,2
dev_0007581,0,flash_sale,,flash_standard,1,2026-01-18 18:48:43+00:00,False,False,never,,,1,1,,,,,0,4
dev_0007583,0,flash_sale,,flash_standard,1,2026-01-23 19:26:53+00:00,False,False,never,,,1,1,,,,,0,0
dev_0007584,0,flash_sale,,flash_standard,2,2026-01-19 15:09:43+00:00,False,False,never,,,2,2,,,,,0,3
dev_0007585,0,flash_sale,,flash_standard,1,2026-01-18 09:50:07+00:00,False,False,never,,,1,1,,,,,0,2
dev_0007586,0,flash_sale,,flash_standard,1,2026-01-18 01:40:54+00:00,False,False,never,,,1,1,,,,,0,3
dev_0007587,0,flash_sale,,flash_standard,1,2026-01-27 02:29:38+00:00,False,False,never,,,1,1,,,,,0,3
dev_0007588,0,flash_sale,,flash_standard,2,2026-01-26 23:33:53+00:00,False,False,never,,,2,2,,,,,0,3
dev_0007589,0,flash_sale,,flash_standard,1,2026-01-17 21:59:22+00:00,False,False,never,,,1,1,,,,,0,4
dev_0007590,0,flash_sale,,flash_standard,2,2026-01-20 07:55:33+00:00,False,False,never,,,2,2,,,,,0,0
dev_0007591,0,flash_sale,,flash_standard,1,2026-01-12 20:52:21+00:00,False,False,never,,,1,1,,,,,0,1
dev_0007592,0,flash_sale,,flash_standard,1,2026-01-09 00:00:18+00:00,False,False,never,,,1,1,,,,,0,2
dev_0007593,0,flash_sale,,flash_standard,1,2026-01-24 21:49:13+00:00,False,False,never,,,1,1,,,,,0,0
dev_0007595,0,flash_sale,,flash_standard,1,2026-01-22 04:17:59+00:00,False,False,never,,,1,1,,,,,0,1
dev_0007596,0,flash_sale,,flash_standard,1,2026-01-11 16:40:03+00:00,False,False,never,,,1,1,,,,,0,0
dev_0007597,0,flash_sale,,flash_standard,1,2026-01-29 01:36:13+00:00,False,False,never,,,1,1,,,,,0,3
dev_0007598,0,flash_sale,,flash_standard,2,2026-01-16 19:23:04+00:00,False,False,never,,,2,2,,,,,0,1
dev_0007599,0,flash_sale,,flash_standard,1,2026-01-17 13:10:44+00:00,False,False,never,,,1,1,,,,,0,2
dev_0007600,0,flash_sale,,flash_standard,1,2026-01-08 07:27:55+00:00,False,False,never,,,1,1,,,,,0,3
dev_0007601,0,flash_sale,,flash_standard,1,2026-01-28 09:18:15+00:00,False,False,never,,,1,1,,,,,0,3
dev_0007602,0,flash_sale,,flash_standard,3,2026-01-03 04:02:57+00:00,False,False,never,,,3,3,,,,,0,1
dev_0007603,0,flash_sale,,flash_standard,2,2026-01-30 13:47:53+00:00,False,False,never,,,2,2,,,,,0,3
dev_0007604,0,flash_sale,,flash_standard,1,2026-01-28 05:01:34+00:00,False,False,never,,,1,1,,,,,0,4
dev_0007605,0,flash_sale,,flash_standard,3,2026-01-18 09:17:27+00:00,False,False,never,,,3,3,,,,,0,2
dev_0007606,0,flash_sale,,flash_standard,1,2026-01-22 11:45:25+00:00,False,False,never,,,1,1,,,,,0,0
dev_0007609,0,flash_sale,,flash_standard,2,2026-01-14 03:01:49+00:00,False,False,never,,,2,2,,,,,0,3
dev_0007611,0,flash_sale,,flash_standard,1,2026-01-02 11:45:57+00:00,False,False,never,,,1,1,,,,,0,2
dev_0007612,0,flash_sale,,flash_standard,1,2026-01-23 11:57:41+00:00,False,False,never,,,1,1,,,,,0,1
dev_0007614,0,flash_sale,,flash_standard,1,2026-01-25 13:41:15+00:00,False,False,never,,,1,1,,,,,0,0
dev_0007616,0,flash_sale,,flash_standard,1,2026-01-10 05:24:02+00:00,False,False,never,,,1,1,,,,,0,2
dev_0007617,0,flash_sale,,flash_standard,1,2026-01-26 22:51:44+00:00,False,False,never,,,1,1,,,,,0,2
dev_0007618,0,flash_sale,,flash_standard,3,2026-01-12 12:49:56+00:00,False,False,never,,,3,3,,,,,0,4
dev_0007621,0,flash_sale,,flash_standard,1,2026-01-18 02:42:43+00:00,False,False,never,,,1,1,,,,,0,4
dev_0007623,0,flash_sale,,flash_standard,1,2026-01-13 10:34:43+00:00,False,False,never,,,1,1,,,,,0,4
dev_0007624,0,flash_sale,,flash_standard,1,2026-01-14 19:57:31+00:00,False,False,never,,,1,1,,,,,0,2
dev_0007625,0,flash_sale,,flash_standard,2,2026-01-17 09:38:57+00:00,False,False,never,,,2,2,,,,,0,1
dev_0007626,0,flash_sale,,flash_standard,1,2026-01-07 00:43:09+00:00,False,False,never,,,1,1,,,,,0,3
dev_0007628,0,flash_sale,,flash_standard,1,2026-01-20 02:26:49+00:00,False,False,never,,,1,1,,,,,0,4
dev_0007630,0,flash_sale,,flash_standard,1,2026-01-12 01:55:56+00:00,False,False,never,,,1,1,,,,,0,2
dev_0007631,0,flash_sale,,flash_standard,1,2026-01-19 07:20:41+00:00,False,False,never,,,1,1,,,,,0,0
dev_0007632,0,flash_sale,,flash_standard,1,2026-01-14 12:46:50+00:00,False,False,never,,,1,1,,,,,0,2
dev_0007635,0,flash_sale,,flash_standard,1,2026-01-04 15:33:00+00:00,False,False,never,,,1,1,,,,,0,1
dev_0007636,0,flash_sale,,flash_standard,1,2026-01-05 12:34:53+00:00,False,False,never,,,1,1,,,,,0,0
dev_0007638,0,flash_sale,,flash_standard,2,2026-01-15 00:09:59+00:00,False,False,never,,,2,2,,,,,0,1
dev_0007639,0,flash_sale,,flash_standard,1,2026-01-19 23:40:14+00:00,False,False,never,,,1,1,,,,,0,3
dev_0007640,0,flash_sale,,flash_standard,1,2026-01-08 18:34:51+00:00,False,False,never,,,1,1,,,,,0,0
dev_0007641,0,flash_sale,,flash_standard,1,2026-01-30 12:46:31+00:00,False,False,never,,,1,1,,,,,0,0
dev_0007642,0,flash_sale,,flash_standard,1,2026-01-12 16:53:52+00:00,False,False,never,,,1,1,,,,,0,1
dev_0007644,0,flash_sale,,flash_standard,1,2026-01-09 01:47:09+00:00,False,False,never,,,1,1,,,,,0,2
dev_0007645,0,flash_sale,,flash_standard,1,2026-01-22 15:08:54+00:00,False,False,never,,,1,1,,,,,0,1
dev_0007647,0,flash_sale,,flash_standard,1,2026-01-30 20:46:51+00:00,False,False,never,,,1,1,,,,,0,2
dev_0007648,0,flash_sale,,flash_standard,1,2026-01-08 15:06:43+00:00,False,False,never,,,1,1,,,,,0,0
dev_0007649,0,flash_sale,,flash_standard,1,2026-01-03 19:56:11+00:00,False,False,never,,,1,1,,,,,0,2
dev_0007650,0,flash_sale,,flash_standard,1,2026-01-23 09:55:43+00:00,False,False,never,,,1,1,,,,,0,2
dev_0007651,0,flash_sale,,flash_standard,1,2026-01-15 00:12:42+00:00,False,False,never,,,1,1,,,,,0,1
dev_0007652,0,flash_sale,,flash_standard,1,2026-01-06 01:18:54+00:00,False,False,never,,,1,1,,,,,0,1
dev_0007653,0,flash_sale,,flash_standard,1,2026-01-25 07:24:54+00:00,False,False,never,,,1,1,,,,,0,0
dev_0007654,0,flash_sale,,flash_standard,3,2026-01-23 21:47:33+00:00,False,False,never,,,3,3,,,,,0,4
dev_0007655,0,flash_sale,,flash_standard,2,2026-01-12 19:54:49+00:00,False,False,never,,,2,2,,,,,0,1
dev_0007656,0,flash_sale,,flash_standard,2,2026-01-10 01:27:21+00:00,False,False,never,,,2,2,,,,,0,1
dev_0007657,0,flash_sale,,flash_standard,1,2026-01-05 15:30:42+00:00,False,False,never,,,1,1,,,,,0,3
dev_0007658,0,flash_sale,,flash_standard,3,2026-01-01 21:47:54+00:00,False,False,never,,,3,3,,,,,0,2
dev_0007659,0,flash_sale,,flash_standard,1,2026-01-08 22:10:20+00:00,False,False,never,,,1,1,,,,,0,2
dev_0007660,0,flash_sale,,flash_standard,1,2026-01-10 07:07:55+00:00,False,False,never,,,1,1,,,,,0,4
dev_0007661,0,flash_sale,,flash_standard,1,2026-01-04 19:32:17+00:00,False,False,never,,,1,1,,,,,0,0
dev_0007662,0,flash_sale,,flash_standard,1,2026-01-22 00:33:30+00:00,False,False,never,,,1,1,,,,,0,0
dev_0007664,0,flash_sale,,flash_standard,1,2026-01-19 14:00:34+00:00,False,False,never,,,1,1,,,,,0,3
dev_0007665,0,flash_sale,,flash_standard,1,2026-01-09 21:53:36+00:00,False,False,never,,,1,1,,,,,0,4
dev_0007666,0,flash_sale,,flash_standard,1,2026-01-26 06:14:50+00:00,False,False,never,,,1,1,,,,,0,1
dev_0007667,0,flash_sale,,flash_standard,1,2026-01-18 08:50:41+00:00,False,False,never,,,1,1,,,,,0,4
dev_0007671,0,flash_sale,,flash_standard,1,2026-01-16 08:00:23+00:00,False,False,never,,,1,1,,,,,0,3
dev_0007672,0,flash_sale,,flash_standard,1,2026-01-09 21:00:48+00:00,False,False,never,,,1,1,,,,,0,0
dev_0007673,0,flash_sale,,flash_standard,3,2026-01-15 10:44:06+00:00,False,False,never,,,3,3,,,,,0,1
dev_0007674,0,flash_sale,,flash_standard,1,2026-01-08 03:16:24+00:00,False,False,never,,,1,1,,,,,0,4
dev_0007675,0,flash_sale,,flash_standard,2,2026-01-12 18:32:39+00:00,False,False,never,,,2,2,,,,,0,3
dev_0007676,0,flash_sale,,flash_standard,1,2026-01-02 05:31:16+00:00,False,False,never,,,1,1,,,,,0,0
dev_0007677,0,flash_sale,,flash_standard,1,2026-01-25 18:38:03+00:00,False,False,never,,,1,1,,,,,0,2
dev_0007678,0,flash_sale,,flash_standard,1,2026-01-04 21:14:48+00:00,False,False,never,,,1,1,,,,,0,0
dev_0007679,0,flash_sale,,flash_standard,2,2026-01-29 23:35:05+00:00,False,False,never,,,2,2,,,,,0,4
dev_0007680,0,flash_sale,,flash_standard,1,2026-01-11 19:03:38+00:00,False,False,never,,,1,1,,,,,0,3
dev_0007681,0,flash_sale,,flash_standard,1,2026-01-15 20:05:42+00:00,False,False,never,,,1,1,,,,,0,4
dev_0007682,0,flash_sale,,flash_standard,1,2026-01-06 00:07:11+00:00,False,False,never,,,1,1,,,,,0,3
dev_0007683,0,flash_sale,,flash_standard,1,2026-01-20 18:38:33+00:00,False,False,never,,,1,1,,,,,0,4
dev_0007684,0,flash_sale,,flash_standard,3,2026-01-25 21:01:15+00:00,False,False,never,,,3,3,,,,,0,0
dev_0007685,0,flash_sale,,flash_standard,1,2026-01-06 02:18:43+00:00,False,False,never,,,1,1,,,,,0,2
dev_0007687,0,flash_sale,,flash_standard,1,2026-01-25 17:49:30+00:00,False,False,never,,,1,1,,,,,0,1
dev_0007688,0,flash_sale,,flash_standard,1,2026-01-18 13:49:59+00:00,False,False,never,,,1,1,,,,,0,1
dev_0007689,0,flash_sale,,flash_standard,1,2026-01-01 02:23:30+00:00,False,False,never,,,1,1,,,,,0,4
dev_0007690,0,flash_sale,,flash_standard,1,2026-01-15 15:03:40+00:00,False,False,never,,,1,1,,,,,0,3
dev_0007693,0,flash_sale,,flash_standard,1,2026-01-14 17:11:58+00:00,False,False,never,,,1,1,,,,,0,2
dev_0007694,0,flash_sale,,flash_standard,1,2026-01-27 11:31:33+00:00,False,False,never,,,1,1,,,,,0,4
dev_0007695,0,flash_sale,,flash_standard,1,2026-01-11 04:58:28+00:00,False,False,never,,,1,1,,,,,0,2
dev_0007696,0,flash_sale,,flash_standard,1,2026-01-02 14:11:48+00:00,False,False,never,,,1,1,,,,,0,0
dev_0007697,0,flash_sale,,flash_standard,1,2026-01-19 22:26:21+00:00,False,False,never,,,1,1,,,,,0,1
dev_0007699,0,flash_sale,,flash_standard,1,2026-01-29 07:32:00+00:00,False,False,never,,,1,1,,,,,0,4
dev_0007700,0,flash_sale,,flash_standard,2,2026-01-29 21:07:51+00:00,False,False,never,,,2,2,,,,,0,2
dev_0007701,0,flash_sale,,flash_standard,1,2026-01-26 14:00:55+00:00,False,False,never,,,1,1,,,,,0,0
dev_0007702,0,flash_sale,,flash_standard,2,2026-01-28 10:17:07+00:00,False,False,never,,,2,2,,,,,0,3
dev_0007703,0,flash_sale,,flash_standard,1,2026-01-27 15:11:37+00:00,False,False,never,,,1,1,,,,,0,3
dev_0007704,0,flash_sale,,flash_standard,1,2026-01-22 05:21:49+00:00,False,False,never,,,1,1,,,,,0,0
dev_0007705,0,flash_sale,,flash_standard,1,2026-01-09 12:46:28+00:00,False,False,never,,,1,1,,,,,0,0
dev_0007706,0,flash_sale,,flash_standard,1,2026-01-05 03:25:56+00:00,False,False,never,,,1,1,,,,,0,4
dev_0007707,0,flash_sale,,flash_standard,2,2026-01-17 22:02:05+00:00,False,False,never,,,2,2,,,,,0,1
dev_0007709,0,flash_sale,,flash_standard,1,2026-01-24 09:44:44+00:00,False,False,never,,,1,1,,,,,0,1
dev_0007710,0,flash_sale,,flash_standard,1,2026-01-09 17:19:35+00:00,False,False,never,,,1,1,,,,,0,2
dev_0007711,0,flash_sale,,flash_standard,1,2026-01-14 13:49:14+00:00,False,False,never,,,1,1,,,,,0,2
dev_0007712,0,flash_sale,,flash_standard,1,2026-01-22 07:31:53+00:00,False,False,never,,,1,1,,,,,0,1
dev_0007714,0,flash_sale,,flash_standard,1,2026-01-18 11:00:25+00:00,False,False,never,,,1,1,,,,,0,4
dev_0007716,0,flash_sale,,flash_standard,1,2026-01-16 05:37:42+00:00,False,False,never,,,1,1,,,,,0,4
dev_0007717,0,flash_sale,,flash_standard,1,2026-01-10 11:32:08+00:00,False,False,never,,,1,1,,,,,0,3
dev_0007719,0,flash_sale,,flash_standard,1,2026-01-24 03:51:35+00:00,False,False,never,,,1,1,,,,,0,4
dev_0007720,0,flash_sale,,flash_standard,1,2026-01-16 06:08:05+00:00,False,False,never,,,1,1,,,,,0,4
dev_0007721,0,flash_sale,,flash_standard,1,2026-01-14 15:43:55+00:00,False,False,never,,,1,1,,,,,0,2
dev_0007722,0,flash_sale,,flash_standard,2,2026-01-27 15:26:45+00:00,False,False,never,,,2,2,,,,,0,3
dev_0007723,0,flash_sale,,flash_standard,1,2026-01-26 03:23:17+00:00,False,False,never,,,1,1,,,,,0,3
dev_0007724,0,flash_sale,,flash_standard,2,2026-01-19 20:21:03+00:00,False,False,never,,,2,2,,,,,0,0
dev_0007725,0,flash_sale,,flash_standard,1,2026-01-22 17:18:40+00:00,False,False,never,,,1,1,,,,,0,0
dev_0007727,0,flash_sale,,flash_standard,1,2026-01-27 11:51:40+00:00,False,False,never,,,1,1,,,,,0,2
dev_0007728,0,flash_sale,,flash_standard,1,2026-01-17 22:36:57+00:00,False,False,never,,,1,1,,,,,0,3
dev_0007729,0,flash_sale,,flash_standard,1,2026-01-22 22:43:34+00:00,False,False,never,,,1,1,,,,,0,1
dev_0007730,0,flash_sale,,flash_standard,1,2026-01-13 23:22:17+00:00,False,False,never,,,1,1,,,,,0,0
dev_0007731,0,flash_sale,,flash_standard,1,2026-01-15 07:52:38+00:00,False,False,never,,,1,1,,,,,0,0
dev_0007732,0,flash_sale,,flash_standard,3,2026-01-29 19:12:59+00:00,False,False,never,,,3,3,,,,,0,1
dev_0007733,0,flash_sale,,flash_standard,1,2026-01-16 16:51:17+00:00,False,False,never,,,1,1,,,,,0,1
dev_0007734,0,flash_sale,,flash_standard,1,2026-01-29 04:46:20+00:00,False,False,never,,,1,1,,,,,0,0
dev_0007735,0,flash_sale,,flash_standard,1,2026-01-12 06:07:08+00:00,False,False,never,,,1,1,,,,,0,0
dev_0007736,0,flash_sale,,flash_standard,1,2026-01-14 12:56:22+00:00,False,False,never,,,1,1,,,,,0,0
dev_0007738,0,flash_sale,,flash_standard,1,2026-01-21 10:33:51+00:00,False,False,never,,,1,1,,,,,0,3
dev_0007739,0,flash_sale,,flash_standard,1,2026-01-19 09:02:18+00:00,False,False,never,,,1,1,,,,,0,1
dev_0007740,0,flash_sale,,flash_standard,2,2026-01-03 19:37:55+00:00,False,False,never,,,2,2,,,,,0,4
dev_0007741,0,flash_sale,,flash_standard,1,2026-01-27 08:54:50+00:00,False,False,never,,,1,1,,,,,0,2
dev_0007742,0,flash_sale,,flash_standard,1,2026-01-24 22:08:06+00:00,False,False,never,,,1,1,,,,,0,1
dev_0007744,0,flash_sale,,flash_standard,1,2026-01-20 18:59:49+00:00,False,False,never,,,1,1,,,,,0,3
dev_0007746,0,flash_sale,,flash_standard,3,2026-01-18 18:56:07+00:00,False,False,never,,,3,3,,,,,0,2
dev_0007747,0,flash_sale,,flash_standard,1,2026-01-24 15:26:33+00:00,False,False,never,,,1,1,,,,,0,2
dev_0007750,0,flash_sale,,flash_standard,1,2026-01-20 04:04:27+00:00,False,False,never,,,1,1,,,,,0,1
dev_0007752,0,flash_sale,,flash_standard,1,2026-01-04 11:50:17+00:00,False,False,never,,,1,1,,,,,0,3
dev_0007754,0,flash_sale,,flash_standard,1,2026-01-21 23:32:46+00:00,False,False,never,,,1,1,,,,,0,0
dev_0007755,0,flash_sale,,flash_standard,1,2026-01-16 12:42:30+00:00,False,False,never,,,1,1,,,,,0,3
dev_0007757,0,flash_sale,,flash_standard,2,2026-01-25 08:12:33+00:00,False,False,never,,,2,2,,,,,0,1
dev_0007758,0,flash_sale,,flash_standard,1,2026-01-25 18:09:10+00:00,False,False,never,,,1,1,,,,,0,1
dev_0007761,0,flash_sale,,flash_standard,3,2026-01-26 04:55:05+00:00,False,False,never,,,3,3,,,,,0,2
dev_0007762,0,flash_sale,,flash_standard,1,2026-01-05 07:41:59+00:00,False,False,never,,,1,1,,,,,0,4
dev_0007763,0,flash_sale,,flash_standard,1,2026-01-23 05:07:42+00:00,False,False,never,,,1,1,,,,,0,3
dev_0007764,0,flash_sale,,flash_standard,1,2026-01-09 14:33:18+00:00,False,False,never,,,1,1,,,,,0,2
dev_0007765,0,flash_sale,,flash_standard,3,2026-01-27 19:06:56+00:00,False,False,never,,,3,3,,,,,0,1
dev_0007766,0,flash_sale,,flash_standard,1,2026-01-15 13:10:37+00:00,False,False,never,,,1,1,,,,,0,2
dev_0007767,0,flash_sale,,flash_standard,1,2026-01-23 08:57:37+00:00,False,False,never,,,1,1,,,,,0,1
dev_0007768,0,flash_sale,,flash_standard,3,2026-01-18 15:44:47+00:00,False,False,never,,,3,3,,,,,0,2
dev_0007769,0,flash_sale,,flash_standard,1,2026-01-05 22:56:38+00:00,False,False,never,,,1,1,,,,,0,4
dev_0007770,0,flash_sale,,flash_standard,1,2026-01-07 04:38:59+00:00,False,False,never,,,1,1,,,,,0,4
dev_0007771,0,flash_sale,,flash_standard,1,2026-01-17 03:15:03+00:00,False,False,never,,,1,1,,,,,0,3
dev_0007772,0,flash_sale,,flash_standard,1,2026-01-23 22:39:57+00:00,False,False,never,,,1,1,,,,,0,4
dev_0007773,0,flash_sale,,flash_standard,2,2026-01-18 05:59:19+00:00,False,False,never,,,2,2,,,,,0,4
dev_0007774,0,flash_sale,,flash_standard,1,2026-01-12 18:26:38+00:00,False,False,never,,,1,1,,,,,0,1
dev_0007775,0,flash_sale,,flash_standard,1,2026-01-09 23:53:39+00:00,False,False,never,,,1,1,,,,,0,1
dev_0007777,0,flash_sale,,flash_standard,1,2026-01-14 06:27:07+00:00,False,False,never,,,1,1,,,,,0,3
dev_0007780,0,flash_sale,,flash_standard,1,2026-01-03 21:06:37+00:00,False,False,never,,,1,1,,,,,0,3
dev_0007782,0,flash_sale,,flash_standard,1,2026-01-13 17:39:26+00:00,False,False,never,,,1,1,,,,,0,0
dev_0007783,0,flash_sale,,flash_standard,1,2026-01-15 13:18:10+00:00,False,False,never,,,1,1,,,,,0,3
dev_0007784,0,flash_sale,,flash_standard,1,2026-01-10 05:49:50+00:00,False,False,never,,,1,1,,,,,0,1
dev_0007785,0,flash_sale,,flash_standard,1,2026-01-24 20:36:54+00:00,False,False,never,,,1,1,,,,,0,2
dev_0007786,0,flash_sale,,flash_standard,2,2026-01-08 12:42:34+00:00,False,False,never,,,2,2,,,,,0,1
dev_0007787,0,flash_sale,,flash_standard,1,2026-01-05 10:25:45+00:00,False,False,never,,,1,1,,,,,0,2
dev_0007788,0,flash_sale,,flash_standard,1,2026-01-29 00:28:45+00:00,False,False,never,,,1,1,,,,,0,0
dev_0007789,0,flash_sale,,flash_standard,2,2026-01-15 06:45:27+00:00,False,False,never,,,2,2,,,,,0,3
dev_0007790,0,flash_sale,,flash_standard,1,2026-01-04 09:44:46+00:00,False,False,never,,,1,1,,,,,0,0
dev_0007793,0,flash_sale,,flash_standard,1,2026-01-10 01:39:48+00:00,False,False,never,,,1,1,,,,,0,2
dev_0007794,0,flash_sale,,flash_standard,2,2026-01-16 13:38:56+00:00,False,False,never,,,2,2,,,,,0,0
dev_0007795,0,flash_sale,,flash_standard,1,2026-01-16 13:22:46+00:00,False,False,never,,,1,1,,,,,0,2
dev_0007799,0,flash_sale,,flash_standard,2,2026-01-24 08:18:06+00:00,False,False,never,,,2,2,,,,,0,1
dev_0007800,0,flash_sale,,flash_standard,1,2026-01-26 08:36:52+00:00,False,False,never,,,1,1,,,,,0,2
dev_0007802,0,flash_sale,,flash_standard,2,2026-01-22 05:27:29+00:00,False,False,never,,,2,2,,,,,0,1
dev_0007803,0,flash_sale,,flash_standard,2,2026-01-13 12:59:53+00:00,False,False,never,,,2,2,,,,,0,4
dev_0007808,0,flash_sale,,flash_standard,1,2026-01-05 15:02:56+00:00,False,False,never,,,1,1,,,,,0,4
dev_0007809,0,flash_sale,,flash_standard,2,2026-01-30 02:24:29+00:00,False,False,never,,,2,2,,,,,0,3
dev_0007810,0,flash_sale,,flash_standard,1,2026-01-23 17:05:45+00:00,False,False,never,,,1,1,,,,,0,4
dev_0007811,0,flash_sale,,flash_standard,1,2026-01-01 16:47:57+00:00,False,False,never,,,1,1,,,,,0,0
dev_0007812,0,flash_sale,,flash_standard,1,2026-01-15 10:23:01+00:00,False,False,never,,,1,1,,,,,0,4
dev_0007815,0,flash_sale,,flash_standard,1,2026-01-21 00:20:45+00:00,False,False,never,,,1,1,,,,,0,4
dev_0007816,0,flash_sale,,flash_standard,1,2026-01-16 09:53:07+00:00,False,False,never,,,1,1,,,,,0,0
dev_0007817,0,flash_sale,,flash_standard,3,2026-01-30 08:26:52+00:00,False,False,never,,,3,3,,,,,0,2
dev_0007818,0,flash_sale,,flash_standard,2,2026-01-10 18:20:31+00:00,False,False,never,,,2,2,,,,,0,2
dev_0007819,0,flash_sale,,flash_standard,2,2026-01-26 01:32:00+00:00,False,False,never,,,2,2,,,,,0,2
dev_0007820,0,flash_sale,,flash_standard,2,2026-01-24 00:44:56+00:00,False,False,never,,,2,2,,,,,0,1
dev_0007822,0,flash_sale,,flash_standard,1,2026-01-06 13:08:38+00:00,False,False,never,,,1,1,,,,,0,4
dev_0007823,0,flash_sale,,flash_standard,2,2026-01-18 15:07:15+00:00,False,False,never,,,2,2,,,,,0,1
dev_0007825,0,flash_sale,,flash_standard,1,2026-01-04 18:34:42+00:00,False,False,never,,,1,1,,,,,0,2
dev_0007826,0,flash_sale,,flash_standard,1,2026-01-25 17:16:26+00:00,False,False,never,,,1,1,,,,,0,3
dev_0007827,0,flash_sale,,flash_standard,1,2026-01-20 04:22:28+00:00,False,False,never,,,1,1,,,,,0,3
dev_0007828,0,flash_sale,,flash_standard,2,2026-01-27 09:30:28+00:00,False,False,never,,,2,2,,,,,0,3
dev_0007829,0,flash_sale,,flash_standard,1,2026-01-23 13:32:06+00:00,False,False,never,,,1,1,,,,,0,2
dev_0007830,0,flash_sale,,flash_standard,1,2026-01-23 05:27:36+00:00,False,False,never,,,1,1,,,,,0,0
dev_0007831,0,flash_sale,,flash_standard,1,2026-01-05 06:33:23+00:00,False,False,never,,,1,1,,,,,0,3
dev_0007832,0,flash_sale,,flash_standard,1,2026-01-26 15:20:39+00:00,False,False,never,,,1,1,,,,,0,2
dev_0007833,0,flash_sale,,flash_standard,1,2026-01-16 19:10:56+00:00,False,False,never,,,1,1,,,,,0,3
dev_0007835,0,flash_sale,,flash_standard,1,2026-01-28 20:20:05+00:00,False,False,never,,,1,1,,,,,0,3
dev_0007836,0,flash_sale,,flash_standard,1,2026-01-23 13:38:44+00:00,False,False,never,,,1,1,,,,,0,4
dev_0007837,0,flash_sale,,flash_standard,1,2026-01-06 07:30:50+00:00,False,False,never,,,1,1,,,,,0,4
dev_0007838,0,flash_sale,,flash_standard,1,2026-01-20 18:55:41+00:00,False,False,never,,,1,1,,,,,0,0
dev_0007840,0,flash_sale,,flash_standard,1,2026-01-28 05:07:52+00:00,False,False,never,,,1,1,,,,,0,1
dev_0007841,0,flash_sale,,flash_standard,1,2026-01-13 04:07:22+00:00,False,False,never,,,1,1,,,,,0,1
dev_0007842,0,flash_sale,,flash_standard,1,2026-01-06 15:39:34+00:00,False,False,never,,,1,1,,,,,0,2
dev_0007843,0,flash_sale,,flash_standard,1,2026-01-29 03:20:04+00:00,False,False,never,,,1,1,,,,,0,3
dev_0007845,0,flash_sale,,flash_standard,1,2026-01-25 12:44:05+00:00,False,False,never,,,1,1,,,,,0,1
dev_0007846,0,flash_sale,,flash_standard,1,2026-01-19 07:07:08+00:00,False,False,never,,,1,1,,,,,0,4
dev_0007847,0,flash_sale,,flash_standard,1,2026-01-28 12:29:16+00:00,False,False,never,,,1,1,,,,,0,0
dev_0007848,0,flash_sale,,flash_standard,2,2026-01-22 05:05:32+00:00,False,False,never,,,2,2,,,,,0,3
dev_0007850,0,flash_sale,,flash_standard,1,2026-01-23 09:46:20+00:00,False,False,never,,,1,1,,,,,0,0
dev_0007853,0,flash_sale,,flash_standard,1,2026-01-02 01:59:00+00:00,False,False,never,,,1,1,,,,,0,4
dev_0007854,0,flash_sale,,flash_standard,1,2026-01-09 14:38:47+00:00,False,False,never,,,1,1,,,,,0,2
dev_0007855,0,flash_sale,,flash_standard,1,2026-01-30 13:39:56+00:00,False,False,never,,,1,1,,,,,0,4
dev_0007856,0,flash_sale,,flash_standard,1,2026-01-20 10:33:49+00:00,False,False,never,,,1,1,,,,,0,0
dev_0007858,0,flash_sale,,flash_standard,1,2026-01-26 07:45:56+00:00,False,False,never,,,1,1,,,,,0,3
dev_0007859,0,flash_sale,,flash_standard,1,2026-01-24 06:37:26+00:00,False,False,never,,,1,1,,,,,0,1
dev_0007861,0,flash_sale,,flash_standard,3,2026-01-29 09:21:02+00:00,False,False,never,,,3,3,,,,,0,1
dev_0007862,0,flash_sale,,flash_standard,1,2026-01-16 00:25:48+00:00,False,False,never,,,1,1,,,,,0,1
dev_0007863,0,flash_sale,,flash_standard,1,2026-01-20 22:54:37+00:00,False,False,never,,,1,1,,,,,0,0
dev_0007865,0,flash_sale,,flash_standard,2,2026-01-08 03:05:50+00:00,False,False,never,,,2,2,,,,,0,3
dev_0007867,0,flash_sale,,flash_standard,1,2026-01-20 20:51:27+00:00,False,False,never,,,1,1,,,,,0,3
dev_0007868,0,flash_sale,,flash_standard,1,2026-01-27 06:38:20+00:00,False,False,never,,,1,1,,,,,0,2
dev_0007869,0,flash_sale,,flash_standard,1,2026-01-28 12:36:49+00:00,False,False,never,,,1,1,,,,,0,3
dev_0007870,0,flash_sale,,flash_standard,1,2026-01-18 19:33:37+00:00,False,False,never,,,1,1,,,,,0,3
dev_0007871,0,flash_sale,,flash_standard,3,2026-01-30 12:59:25+00:00,False,False,never,,,3,3,,,,,0,2
dev_0007872,0,flash_sale,,flash_standard,1,2026-01-20 11:19:41+00:00,False,False,never,,,1,1,,,,,0,2
dev_0007873,0,flash_sale,,flash_standard,1,2026-01-16 09:15:30+00:00,False,False,never,,,1,1,,,,,0,1
dev_0007874,0,flash_sale,,flash_standard,1,2026-01-10 11:50:35+00:00,False,False,never,,,1,1,,,,,0,4
dev_0007875,0,flash_sale,,flash_standard,1,2026-01-22 13:48:09+00:00,False,False,never,,,1,1,,,,,0,0
dev_0007876,0,flash_sale,,flash_standard,1,2026-01-18 18:59:32+00:00,False,False,never,,,1,1,,,,,0,1
dev_0007877,0,flash_sale,,flash_standard,1,2026-01-18 20:21:36+00:00,False,False,never,,,1,1,,,,,0,1
dev_0007880,0,flash_sale,,flash_standard,2,2026-01-04 19:07:27+00:00,False,False,never,,,2,2,,,,,0,2
dev_0007881,0,flash_sale,,flash_standard,1,2026-01-02 01:01:46+00:00,False,False,never,,,1,1,,,,,0,2
dev_0007882,0,flash_sale,,flash_standard,1,2026-01-21 10:03:42+00:00,False,False,never,,,1,1,,,,,0,0
dev_0007883,0,flash_sale,,flash_standard,1,2026-01-13 11:18:54+00:00,False,False,never,,,1,1,,,,,0,3
dev_0007884,0,flash_sale,,flash_standard,1,2026-01-04 16:22:22+00:00,False,False,never,,,1,1,,,,,0,1
dev_0007885,0,flash_sale,,flash_standard,1,2026-01-13 19:16:38+00:00,False,False,never,,,1,1,,,,,0,1
dev_0007886,0,flash_sale,,flash_standard,1,2026-01-01 19:01:53+00:00,False,False,never,,,1,1,,,,,0,0
dev_0007888,0,flash_sale,,flash_standard,1,2026-01-10 06:28:48+00:00,False,False,never,,,1,1,,,,,0,4
dev_0007889,0,flash_sale,,flash_standard,1,2026-01-26 00:04:50+00:00,False,False,never,,,1,1,,,,,0,3
dev_0007890,0,flash_sale,,flash_standard,1,2026-01-30 03:28:38+00:00,False,False,never,,,1,1,,,,,0,4
dev_0007891,0,flash_sale,,flash_standard,1,2026-01-18 13:17:17+00:00,False,False,never,,,1,1,,,,,0,4
dev_0007892,0,flash_sale,,flash_standard,1,2026-01-18 16:26:57+00:00,False,False,never,,,1,1,,,,,0,1
dev_0007893,0,flash_sale,,flash_standard,1,2026-01-08 12:59:29+00:00,False,False,never,,,1,1,,,,,0,1
dev_0007894,0,flash_sale,,flash_standard,1,2026-01-07 16:01:43+00:00,False,False,never,,,1,1,,,,,0,1
dev_0007895,0,flash_sale,,flash_standard,1,2026-01-06 23:07:19+00:00,False,False,never,,,1,1,,,,,0,3
dev_0007896,0,flash_sale,,flash_standard,1,2026-01-19 09:03:27+00:00,False,False,never,,,1,1,,,,,0,2
dev_0007897,0,flash_sale,,flash_standard,1,2026-01-11 13:58:48+00:00,False,False,never,,,1,1,,,,,0,4
dev_0007898,0,flash_sale,,flash_standard,1,2026-01-16 08:33:20+00:00,False,False,never,,,1,1,,,,,0,0
dev_0007899,0,flash_sale,,flash_standard,1,2026-01-22 20:06:04+00:00,False,False,never,,,1,1,,,,,0,4
dev_0007900,0,flash_sale,,flash_standard,1,2026-01-23 05:38:18+00:00,False,False,never,,,1,1,,,,,0,1
dev_0007901,0,flash_sale,,flash_standard,1,2026-01-01 07:16:49+00:00,False,False,never,,,1,1,,,,,0,1
dev_0007902,0,flash_sale,,flash_standard,2,2026-01-04 14:39:01+00:00,False,False,never,,,2,2,,,,,0,0
dev_0007904,0,flash_sale,,flash_standard,1,2026-01-28 15:25:47+00:00,False,False,never,,,1,1,,,,,0,3
dev_0007905,0,flash_sale,,flash_standard,1,2026-01-13 16:02:32+00:00,False,False,never,,,1,1,,,,,0,3
dev_0007906,0,flash_sale,,flash_standard,1,2026-01-14 07:53:29+00:00,False,False,never,,,1,1,,,,,0,0
dev_0007907,0,flash_sale,,flash_standard,3,2026-01-21 03:23:47+00:00,False,False,never,,,3,3,,,,,0,4
dev_0007908,0,flash_sale,,flash_standard,1,2026-01-30 11:47:22+00:00,False,False,never,,,1,1,,,,,0,2
dev_0007909,0,flash_sale,,flash_standard,1,2026-01-18 22:42:32+00:00,False,False,never,,,1,1,,,,,0,4
dev_0007910,0,flash_sale,,flash_standard,1,2026-01-10 04:18:42+00:00,False,False,never,,,1,1,,,,,0,0
dev_0007911,0,flash_sale,,flash_standard,2,2026-01-30 18:17:59+00:00,False,False,never,,,2,2,,,,,0,0
dev_0007912,0,flash_sale,,flash_standard,2,2026-01-19 00:59:49+00:00,False,False,never,,,2,2,,,,,0,2
dev_0007913,0,flash_sale,,flash_standard,1,2026-01-05 17:23:45+00:00,False,False,never,,,1,1,,,,,0,2
dev_0007914,0,flash_sale,,flash_standard,1,2026-01-23 15:05:57+00:00,False,False,never,,,1,1,,,,,0,4
dev_0007915,0,flash_sale,,flash_standard,1,2026-01-20 11:51:16+00:00,False,False,never,,,1,1,,,,,0,2
dev_0007917,0,flash_sale,,flash_standard,1,2026-01-24 03:39:58+00:00,False,False,never,,,1,1,,,,,0,1
dev_0007918,0,flash_sale,,flash_standard,1,2026-01-15 12:23:31+00:00,False,False,never,,,1,1,,,,,0,1
dev_0007919,0,flash_sale,,flash_standard,2,2026-01-17 22:47:43+00:00,False,False,never,,,2,2,,,,,0,0
dev_0007920,0,flash_sale,,flash_standard,1,2026-01-23 07:55:56+00:00,False,False,never,,,1,1,,,,,0,2
dev_0007921,0,flash_sale,,flash_standard,1,2026-01-12 02:49:47+00:00,False,False,never,,,1,1,,,,,0,2
dev_0007922,0,flash_sale,,flash_standard,1,2026-01-26 18:12:28+00:00,False,False,never,,,1,1,,,,,0,2
dev_0007923,0,flash_sale,,flash_standard,1,2026-01-15 14:47:14+00:00,False,False,never,,,1,1,,,,,0,4
dev_0007924,0,flash_sale,,flash_standard,1,2026-01-13 20:57:28+00:00,False,False,never,,,1,1,,,,,0,3
dev_0007925,0,flash_sale,,flash_standard,2,2026-01-15 05:17:25+00:00,False,False,never,,,2,2,,,,,0,4
dev_0007926,0,flash_sale,,flash_standard,1,2026-01-14 16:34:59+00:00,False,False,never,,,1,1,,,,,0,2
dev_0007927,0,flash_sale,,flash_standard,2,2026-01-10 11:31:55+00:00,False,False,never,,,2,2,,,,,0,0
dev_0007929,0,flash_sale,,flash_standard,1,2026-01-20 07:48:20+00:00,False,False,never,,,1,1,,,,,0,2
dev_0007930,0,flash_sale,,flash_standard,1,2026-01-14 15:38:39+00:00,False,False,never,,,1,1,,,,,0,4
dev_0007931,0,flash_sale,,flash_standard,1,2026-01-29 20:14:45+00:00,False,False,never,,,1,1,,,,,0,1
dev_0007932,0,flash_sale,,flash_standard,1,2026-01-01 13:54:08+00:00,False,False,never,,,1,1,,,,,0,4
dev_0007933,0,flash_sale,,flash_standard,1,2026-01-08 08:24:07+00:00,False,False,never,,,1,1,,,,,0,4
dev_0007934,0,flash_sale,,flash_standard,1,2026-01-30 22:21:04+00:00,False,False,never,,,1,1,,,,,0,2
dev_0007935,0,flash_sale,,flash_standard,1,2026-01-29 23:01:39+00:00,False,False,never,,,1,1,,,,,0,0
dev_0007936,0,flash_sale,,flash_standard,1,2026-01-18 12:45:09+00:00,False,False,never,,,1,1,,,,,0,0
dev_0007937,0,flash_sale,,flash_standard,1,2026-01-13 23:40:11+00:00,False,False,never,,,1,1,,,,,0,2
dev_0007938,0,flash_sale,,flash_standard,2,2026-01-14 18:21:36+00:00,False,False,never,,,2,2,,,,,0,4
dev_0007939,0,flash_sale,,flash_standard,1,2026-01-15 13:50:29+00:00,False,False,never,,,1,1,,,,,0,2
dev_0007940,0,flash_sale,,flash_standard,1,2026-01-18 12:44:20+00:00,False,False,never,,,1,1,,,,,0,3
dev_0007941,0,flash_sale,,flash_standard,1,2026-01-05 16:12:20+00:00,False,False,never,,,1,1,,,,,0,0
dev_0007942,0,flash_sale,,flash_standard,1,2026-01-12 03:42:56+00:00,False,False,never,,,1,1,,,,,0,2
dev_0007943,0,flash_sale,,flash_standard,1,2026-01-22 01:30:19+00:00,False,False,never,,,1,1,,,,,0,3
dev_0007944,0,flash_sale,,flash_standard,1,2026-01-05 16:15:42+00:00,False,False,never,,,1,1,,,,,0,1
dev_0007945,0,flash_sale,,flash_standard,1,2026-01-11 05:22:55+00:00,False,False,never,,,1,1,,,,,0,1
dev_0007946,0,flash_sale,,flash_standard,2,2026-01-02 15:42:49+00:00,False,False,never,,,2,2,,,,,0,4
dev_0007947,0,flash_sale,,flash_standard,2,2026-01-08 06:35:40+00:00,False,False,never,,,2,2,,,,,0,1
dev_0007948,0,flash_sale,,flash_standard,1,2026-01-29 05:07:52+00:00,False,False,never,,,1,1,,,,,0,2
dev_0007949,0,flash_sale,,flash_standard,2,2026-01-05 06:08:33+00:00,False,False,never,,,2,2,,,,,0,4
dev_0007950,0,flash_sale,,flash_standard,1,2026-01-25 03:45:19+00:00,False,False,never,,,1,1,,,,,0,1
dev_0007951,0,flash_sale,,flash_standard,2,2026-01-15 05:27:28+00:00,False,False,never,,,2,2,,,,,0,3
dev_0007952,0,flash_sale,,flash_standard,1,2026-01-15 14:00:12+00:00,False,False,never,,,1,1,,,,,0,1
dev_0007953,0,flash_sale,,flash_standard,1,2026-01-14 07:42:59+00:00,False,False,never,,,1,1,,,,,0,2
dev_0007955,0,flash_sale,,flash_standard,2,2026-01-13 21:16:22+00:00,False,False,never,,,2,2,,,,,0,0
dev_0007957,0,flash_sale,,flash_standard,1,2026-01-25 22:52:27+00:00,False,False,never,,,1,1,,,,,0,2
dev_0007958,0,flash_sale,,flash_standard,2,2026-01-22 04:19:20+00:00,False,False,never,,,2,2,,,,,0,1
dev_0007959,0,flash_sale,,flash_standard,1,2026-01-11 23:47:59+00:00,False,False,never,,,1,1,,,,,0,4
dev_0007960,0,flash_sale,,flash_standard,3,2026-01-28 16:59:43+00:00,False,False,never,,,3,3,,,,,0,0
dev_0007961,0,flash_sale,,flash_standard,1,2026-01-10 20:14:09+00:00,False,False,never,,,1,1,,,,,0,0
dev_0007962,0,flash_sale,,flash_standard,1,2026-01-17 10:11:07+00:00,False,False,never,,,1,1,,,,,0,0
dev_0007964,0,flash_sale,,flash_standard,1,2026-01-25 05:52:54+00:00,False,False,never,,,1,1,,,,,0,0
dev_0007965,0,flash_sale,,flash_standard,1,2026-01-10 00:03:46+00:00,False,False,never,,,1,1,,,,,0,0
dev_0007966,0,flash_sale,,flash_standard,1,2026-01-21 11:36:27+00:00,False,False,never,,,1,1,,,,,0,1
dev_0007967,0,flash_sale,,flash_standard,1,2026-01-27 05:00:40+00:00,False,False,never,,,1,1,,,,,0,4
dev_0007968,0,flash_sale,,flash_standard,1,2026-01-08 19:22:27+00:00,False,False,never,,,1,1,,,,,0,0
dev_0007969,0,flash_sale,,flash_standard,1,2026-01-11 14:01:57+00:00,False,False,never,,,1,1,,,,,0,4
dev_0007970,0,flash_sale,,flash_standard,1,2026-01-17 01:40:11+00:00,False,False,never,,,1,1,,,,,0,4
dev_0007971,0,flash_sale,,flash_standard,1,2026-01-02 08:43:37+00:00,False,False,never,,,1,1,,,,,0,1
dev_0007973,0,flash_sale,,flash_standard,1,2026-01-24 23:36:28+00:00,False,False,never,,,1,1,,,,,0,4
dev_0007974,0,flash_sale,,flash_standard,1,2026-01-21 17:28:26+00:00,False,False,never,,,1,1,,,,,0,4
dev_0007975,0,flash_sale,,flash_standard,1,2026-01-26 03:40:59+00:00,False,False,never,,,1,1,,,,,0,0
dev_0007976,0,flash_sale,,flash_standard,2,2026-01-30 14:09:28+00:00,False,False,never,,,2,2,,,,,0,0
dev_0007977,0,flash_sale,,flash_standard,1,2026-01-30 08:11:18+00:00,False,False,never,,,1,1,,,,,0,2
dev_0007978,0,flash_sale,,flash_standard,1,2026-01-02 06:31:50+00:00,False,False,never,,,1,1,,,,,0,1
dev_0007979,0,flash_sale,,flash_standard,1,2026-01-30 11:43:00+00:00,False,False,never,,,1,1,,,,,0,1
dev_0007980,0,flash_sale,,flash_standard,1,2026-01-29 20:30:19+00:00,False,False,never,,,1,1,,,,,0,2
dev_0007981,0,flash_sale,,flash_standard,1,2026-01-18 14:42:42+00:00,False,False,never,,,1,1,,,,,0,2
dev_0007983,0,flash_sale,,flash_standard,1,2026-01-13 12:33:21+00:00,False,False,never,,,1,1,,,,,0,0
dev_0007984,0,flash_sale,,flash_standard,1,2026-01-07 06:13:22+00:00,False,False,never,,,1,1,,,,,0,3
dev_0007985,0,flash_sale,,flash_standard,1,2026-01-02 18:46:50+00:00,False,False,never,,,1,1,,,,,0,1
dev_0007986,0,flash_sale,,flash_standard,1,2026-01-17 17:12:53+00:00,False,False,never,,,1,1,,,,,0,4
dev_0007988,0,flash_sale,,flash_standard,1,2026-01-15 06:29:24+00:00,False,False,never,,,1,1,,,,,0,0
dev_0007989,0,flash_sale,,flash_standard,1,2026-01-26 07:13:21+00:00,False,False,never,,,1,1,,,,,0,0
dev_0007990,0,flash_sale,,flash_standard,3,2026-01-16 12:42:40+00:00,False,False,never,,,3,3,,,,,0,1
dev_0007991,0,flash_sale,,flash_standard,1,2026-01-22 10:26:20+00:00,False,False,never,,,1,1,,,,,0,4
dev_0007994,0,flash_sale,,flash_standard,1,2026-01-04 04:32:06+00:00,False,False,never,,,1,1,,,,,0,2
dev_0007995,0,flash_sale,,flash_standard,1,2026-01-12 22:59:33+00:00,False,False,never,,,1,1,,,,,0,0
dev_0007996,0,flash_sale,,flash_standard,1,2026-01-08 13:52:47+00:00,False,False,never,,,1,1,,,,,0,0
dev_0007997,0,flash_sale,,flash_standard,1,2026-01-19 11:35:40+00:00,False,False,never,,,1,1,,,,,0,3
dev_0007998,0,flash_sale,,flash_standard,1,2026-01-17 12:08:55+00:00,False,False,never,,,1,1,,,,,0,1
dev_0007999,0,flash_sale,,flash_standard,1,2026-01-15 23:58:47+00:00,False,False,never,,,1,1,,,,,0,2
dev_0008000,0,flash_sale,,flash_standard,1,2026-01-25 18:22:48+00:00,False,False,never,,,1,1,,,,,0,1
dev_0008001,0,flash_sale,,flash_hard_retry,3,2026-01-15 21:14:28+00:00,False,False,never,,,3,3,,,,,0,4
dev_0008004,0,flash_sale,,flash_hard_retry,4,2026-01-01 04:03:06+00:00,True,False,review,4,,4,3,3,3,19,,0,0
dev_0008005,0,flash_sale,,flash_hard_retry,3,2026-01-29 20:14:07+00:00,False,False,never,,,3,3,,,,,0,0
dev_0008006,0,flash_sale,,flash_hard_retry,3,2026-01-07 00:11:30+00:00,False,False,never,,,3,3,,,,,0,0
dev_0008007,0,flash_sale,,flash_hard_retry,6,2026-01-08 12:41:07+00:00,False,False,never,,,6,6,,,,,0,0
dev_0008008,0,flash_sale,,flash_hard_retry,3,2026-01-14 07:30:04+00:00,False,False,never,,,3,3,,,,,0,1
dev_0008010,0,flash_sale,,flash_hard_retry,3,2026-01-15 04:48:16+00:00,False,False,never,,,3,3,,,,,0,1
dev_0008012,0,flash_sale,,flash_hard_retry,3,2026-01-12 02:36:11+00:00,False,False,never,,,3,3,,,,,0,3
dev_0008013,0,flash_sale,,flash_hard_retry,4,2026-01-25 18:20:41+00:00,False,False,never,,,4,4,,,,,0,3
dev_0008014,0,flash_sale,,flash_hard_retry,3,2026-01-09 10:34:16+00:00,False,False,never,,,3,3,,,,,0,4
dev_0008015,0,flash_sale,,flash_hard_retry,3,2026-01-30 08:23:32+00:00,False,False,never,,,3,3,,,,,0,3
dev_0008016,0,flash_sale,,flash_hard_retry,4,2026-01-21 00:36:54+00:00,False,False,never,,,4,4,,,,,0,1
dev_0008018,0,flash_sale,,flash_hard_retry,3,2026-01-16 16:36:49+00:00,False,False,never,,,3,3,,,,,0,2
dev_0008019,0,flash_sale,,flash_hard_retry,3,2026-01-17 19:11:02+00:00,False,False,never,,,3,3,,,,,0,1
dev_0008020,0,flash_sale,,flash_hard_retry,9,2026-01-14 14:07:46+00:00,False,False,never,,,9,9,,,,,0,3
dev_0008021,0,flash_sale,,flash_hard_retry,3,2026-01-01 13:26:06+00:00,False,False,never,,,3,3,,,,,0,3
dev_0008022,0,flash_sale,,flash_hard_retry,3,2026-01-04 02:39:26+00:00,False,False,never,,,3,3,,,,,0,3
dev_0008023,0,flash_sale,,flash_hard_retry,3,2026-01-28 18:38:02+00:00,False,False,never,,,3,3,,,,,0,2
dev_0008025,0,flash_sale,,flash_hard_retry,7,2026-01-10 16:09:16+00:00,False,False,never,,,7,7,,,,,0,2
dev_0008027,0,flash_sale,,flash_hard_retry,3,2026-01-24 16:01:42+00:00,False,False,never,,,3,3,,,,,0,2
dev_0008028,0,flash_sale,,flash_hard_retry,3,2026-01-02 22:44:24+00:00,False,False,never,,,3,3,,,,,0,1
dev_0008029,0,flash_sale,,flash_hard_retry,3,2026-01-12 13:39:24+00:00,False,False,never,,,3,3,,,,,0,1
dev_0008030,0,flash_sale,,flash_hard_retry,6,2026-01-07 13:29:02+00:00,False,False,never,,,6,6,,,,,0,1
dev_0008031,0,flash_sale,,flash_hard_retry,3,2026-01-09 11:42:41+00:00,False,False,never,,,3,3,,,,,0,2
dev_0008032,0,flash_sale,,flash_hard_retry,3,2026-01-08 19:38:31+00:00,False,False,never,,,3,3,,,,,0,3
dev_0008033,0,flash_sale,,flash_hard_retry,3,2026-01-14 00:15:50+00:00,False,False,never,,,3,3,,,,,0,2
dev_0008034,0,flash_sale,,flash_hard_retry,3,2026-01-10 21:56:40+00:00,False,False,never,,,3,3,,,,,0,4
dev_0008035,0,flash_sale,,flash_hard_retry,4,2026-01-16 03:34:06+00:00,False,False,never,,,4,4,,,,,0,4
dev_0008036,0,flash_sale,,flash_hard_retry,6,2026-01-30 11:44:17+00:00,False,False,never,,,6,6,,,,,0,0
dev_0008038,0,flash_sale,,flash_hard_retry,4,2026-01-02 07:21:33+00:00,False,False,never,,,4,4,,,,,0,0
dev_0008039,0,flash_sale,,flash_hard_retry,3,2026-01-07 02:21:19+00:00,False,False,never,,,3,3,,,,,0,1
dev_0008040,0,flash_sale,,flash_hard_retry,3,2026-01-29 13:50:20+00:00,False,False,never,,,3,3,,,,,0,3
dev_0008042,0,flash_sale,,flash_hard_retry,3,2026-01-23 03:51:13+00:00,False,False,never,,,3,3,,,,,0,1
dev_0008043,0,flash_sale,,flash_hard_retry,3,2026-01-06 03:14:35+00:00,False,False,never,,,3,3,,,,,0,4
dev_0008044,0,flash_sale,,flash_hard_retry,3,2026-01-29 17:34:24+00:00,False,False,never,,,3,3,,,,,0,4
dev_0008045,0,flash_sale,,flash_hard_retry,3,2026-01-09 23:40:40+00:00,False,False,never,,,3,3,,,,,0,4
dev_0008046,0,flash_sale,,flash_hard_retry,3,2026-01-14 07:11:27+00:00,False,False,never,,,3,3,,,,,0,1
dev_0008047,0,flash_sale,,flash_hard_retry,3,2026-01-25 02:55:02+00:00,False,False,never,,,3,3,,,,,0,1
dev_0008048,0,flash_sale,,flash_hard_retry,4,2026-01-14 00:42:37+00:00,False,False,never,,,4,4,,,,,0,1
dev_0008049,0,flash_sale,,flash_hard_retry,3,2026-01-09 23:45:28+00:00,False,False,never,,,3,3,,,,,0,3
dev_0008050,0,flash_sale,,flash_hard_retry,3,2026-01-20 09:11:09+00:00,False,False,never,,,3,3,,,,,0,2
dev_0008051,0,flash_sale,,flash_hard_retry,3,2026-01-05 23:46:36+00:00,False,False,never,,,3,3,,,,,0,2
dev_0008052,0,flash_sale,,flash_hard_retry,3,2026-01-25 06:18:10+00:00,False,False,never,,,3,3,,,,,0,1
dev_0008053,0,flash_sale,,flash_hard_retry,3,2026-01-15 08:59:35+00:00,False,False,never,,,3,3,,,,,0,0
dev_0008054,0,flash_sale,,flash_hard_retry,7,2026-01-16 13:53:34+00:00,False,False,never,,,7,7,,,,,0,0
dev_0008055,0,flash_sale,,flash_hard_retry,3,2026-01-08 06:59:24+00:00,False,False,never,,,3,3,,,,,0,0
dev_0008056,0,flash_sale,,flash_hard_retry,7,2026-01-16 23:45:45+00:00,False,False,never,,,7,7,,,,,0,1
dev_0008057,0,flash_sale,,flash_hard_retry,4,2026-01-07 07:27:03+00:00,False,False,never,,,4,4,,,,,0,4
dev_0008059,0,flash_sale,,flash_hard_retry,4,2026-01-10 21:22:41+00:00,False,False,never,,,4,4,,,,,0,4
dev_0008060,0,flash_sale,,flash_hard_retry,4,2026-01-16 02:45:33+00:00,False,False,never,,,4,4,,,,,0,0
dev_0008062,0,flash_sale,,flash_hard_retry,4,2026-01-07 13:24:49+00:00,False,False,never,,,4,4,,,,,0,3
dev_0008063,0,flash_sale,,flash_hard_retry,3,2026-01-29 13:24:07+00:00,False,False,never,,,3,3,,,,,0,2
dev_0008064,0,flash_sale,,flash_hard_retry,3,2026-01-25 01:12:22+00:00,False,False,never,,,3,3,,,,,0,2
dev_0008065,0,flash_sale,,flash_hard_retry,3,2026-01-03 14:54:06+00:00,False,False,never,,,3,3,,,,,0,2
dev_0008068,0,flash_sale,,flash_hard_retry,3,2026-01-23 12:53:32+00:00,False,False,never,,,3,3,,,,,0,2
dev_0008069,0,flash_sale,,flash_hard_retry,3,2026-01-05 21:03:09+00:00,False,False,never,,,3,3,,,,,0,4
dev_0008071,0,flash_sale,,flash_hard_retry,3,2026-01-12 23:41:04+00:00,False,False,never,,,3,3,,,,,0,2
dev_0008072,0,flash_sale,,flash_hard_retry,3,2026-01-22 00:09:18+00:00,False,False,never,,,3,3,,,,,0,4
dev_0008073,0,flash_sale,,flash_hard_retry,3,2026-01-02 03:14:52+00:00,False,False,never,,,3,3,,,,,0,0
dev_0008075,0,flash_sale,,flash_hard_retry,4,2026-01-01 04:15:38+00:00,False,False,never,,,4,4,,,,,0,4
dev_0008076,0,flash_sale,,flash_hard_retry,3,2026-01-12 13:29:03+00:00,False,False,never,,,3,3,,,,,0,2
dev_0008077,0,flash_sale,,flash_hard_retry,4,2026-01-14 20:34:10+00:00,False,False,never,,,4,4,,,,,0,3
dev_0008078,0,flash_sale,,flash_hard_retry,3,2026-01-22 06:46:08+00:00,False,False,never,,,3,3,,,,,0,0
dev_0008079,0,flash_sale,,flash_hard_retry,3,2026-01-14 05:05:04+00:00,False,False,never,,,3,3,,,,,0,4
dev_0008081,0,flash_sale,,flash_hard_retry,3,2026-01-30 00:30:39+00:00,False,False,never,,,3,3,,,,,0,3
dev_0008082,0,flash_sale,,flash_hard_retry,3,2026-01-18 04:34:22+00:00,False,False,never,,,3,3,,,,,0,0
dev_0008085,0,flash_sale,,flash_hard_retry,3,2026-01-27 10:26:26+00:00,False,False,never,,,3,3,,,,,0,3
dev_0008086,0,flash_sale,,flash_hard_retry,3,2026-01-01 15:58:34+00:00,False,False,never,,,3,3,,,,,0,3
dev_0008087,0,flash_sale,,flash_hard_retry,3,2026-01-02 10:07:40+00:00,False,False,never,,,3,3,,,,,0,3
dev_0008088,0,flash_sale,,flash_hard_retry,6,2026-01-29 13:24:26+00:00,False,False,never,,,6,6,,,,,0,4
dev_0008089,0,flash_sale,,flash_hard_retry,6,2026-01-15 00:28:25+00:00,False,False,never,,,6,6,,,,,0,2
dev_0008090,0,flash_sale,,flash_hard_retry,3,2026-01-10 08:49:25+00:00,False,False,never,,,3,3,,,,,0,3
dev_0008091,0,flash_sale,,flash_hard_retry,3,2026-01-07 05:50:25+00:00,False,False,never,,,3,3,,,,,0,1
dev_0008092,0,flash_sale,,flash_hard_retry,3,2026-01-15 02:17:29+00:00,False,False,never,,,3,3,,,,,0,1
dev_0008093,0,flash_sale,,flash_hard_retry,3,2026-01-28 16:40:54+00:00,False,False,never,,,3,3,,,,,0,2
dev_0008094,0,flash_sale,,flash_hard_retry,3,2026-01-04 01:20:45+00:00,False,False,never,,,3,3,,,,,0,0
dev_0008097,0,flash_sale,,flash_hard_retry,6,2026-01-18 01:52:34+00:00,False,False,never,,,6,6,,,,,0,1
dev_0008098,0,flash_sale,,flash_hard_retry,3,2026-01-18 23:26:53+00:00,False,False,never,,,3,3,,,,,0,1
dev_0008099,0,flash_sale,,flash_hard_retry,3,2026-01-21 23:20:08+00:00,False,False,never,,,3,3,,,,,0,4
dev_0008100,0,flash_sale,,flash_hard_retry,3,2026-01-13 18:09:21+00:00,False,False,never,,,3,3,,,,,0,3
dev_0008101,0,flash_sale,,flash_hard_retry,3,2026-01-09 23:21:54+00:00,False,False,never,,,3,3,,,,,0,3
dev_0008102,0,flash_sale,,flash_hard_retry,3,2026-01-23 06:46:07+00:00,False,False,never,,,3,3,,,,,0,2
dev_0008103,0,flash_sale,,flash_hard_retry,3,2026-01-08 06:37:04+00:00,False,False,never,,,3,3,,,,,0,3
dev_0008104,0,flash_sale,,flash_hard_retry,6,2026-01-23 17:54:08+00:00,False,False,never,,,6,6,,,,,0,3
dev_0008105,0,flash_sale,,flash_hard_retry,3,2026-01-30 07:40:07+00:00,False,False,never,,,3,3,,,,,0,3
dev_0008106,0,flash_sale,,flash_hard_retry,3,2026-01-25 17:28:00+00:00,False,False,never,,,3,3,,,,,0,4
dev_0008107,0,flash_sale,,flash_hard_retry,3,2026-01-05 00:52:03+00:00,False,False,never,,,3,3,,,,,0,2
dev_0008109,0,flash_sale,,flash_hard_retry,3,2026-01-01 08:32:20+00:00,False,False,never,,,3,3,,,,,0,1
dev_0008110,0,flash_sale,,flash_hard_retry,3,2026-01-04 19:33:29+00:00,False,False,never,,,3,3,,,,,0,1
dev_0008111,0,flash_sale,,flash_hard_retry,3,2026-01-21 16:38:27+00:00,False,False,never,,,3,3,,,,,0,3
dev_0008112,0,flash_sale,,flash_hard_retry,3,2026-01-19 00:47:08+00:00,False,False,never,,,3,3,,,,,0,0
dev_0008113,0,flash_sale,,flash_hard_retry,7,2026-01-03 10:28:46+00:00,False,False,never,,,7,7,,,,,0,2
dev_0008114,0,flash_sale,,flash_hard_retry,3,2026-01-01 15:33:21+00:00,False,False,never,,,3,3,,,,,0,0
dev_0008115,0,flash_sale,,flash_hard_retry,4,2026-01-12 19:58:31+00:00,False,False,never,,,4,4,,,,,0,2
dev_0008116,0,flash_sale,,flash_hard_retry,6,2026-01-15 18:21:12+00:00,False,False,never,,,6,6,,,,,0,4
dev_0008117,0,flash_sale,,flash_hard_retry,3,2026-01-21 19:41:16+00:00,False,False,never,,,3,3,,,,,0,3
dev_0008119,0,flash_sale,,flash_hard_retry,3,2026-01-03 10:08:16+00:00,False,False,never,,,3,3,,,,,0,4
dev_0008120,0,flash_sale,,flash_hard_retry,3,2026-01-26 00:37:38+00:00,False,False,never,,,3,3,,,,,0,3
dev_0008121,0,flash_sale,,flash_hard_retry,3,2026-01-16 03:00:59+00:00,False,False,never,,,3,3,,,,,0,4
dev_0008122,0,flash_sale,,flash_hard_retry,3,2026-01-15 19:23:38+00:00,False,False,never,,,3,3,,,,,0,0
dev_0008123,0,flash_sale,,flash_hard_retry,3,2026-01-14 11:58:09+00:00,False,False,never,,,3,3,,,,,0,2
dev_0008124,0,flash_sale,,flash_hard_retry,3,2026-01-09 21:24:06+00:00,False,False,never,,,3,3,,,,,0,2
dev_0008126,0,flash_sale,,flash_hard_retry,3,2026-01-01 07:09:22+00:00,False,False,never,,,3,3,,,,,0,0
dev_0008128,0,flash_sale,,flash_hard_retry,3,2026-01-03 11:54:29+00:00,False,False,never,,,3,3,,,,,0,1
dev_0008129,0,flash_sale,,flash_hard_retry,6,2026-01-06 10:52:15+00:00,False,False,never,,,6,6,,,,,0,3
dev_0008131,0,flash_sale,,flash_hard_retry,3,2026-01-02 03:59:42+00:00,False,False,never,,,3,3,,,,,0,0
dev_0008132,0,flash_sale,,flash_hard_retry,3,2026-01-18 19:58:00+00:00,False,False,never,,,3,3,,,,,0,3
dev_0008133,0,flash_sale,,flash_hard_retry,3,2026-01-17 22:16:04+00:00,False,False,never,,,3,3,,,,,0,1
dev_0008134,0,flash_sale,,flash_hard_retry,3,2026-01-15 15:12:07+00:00,False,False,never,,,3,3,,,,,0,2
dev_0008135,0,flash_sale,,flash_hard_retry,6,2026-01-10 19:39:32+00:00,False,False,never,,,6,6,,,,,0,1
dev_0008137,0,flash_sale,,flash_hard_retry,6,2026-01-07 01:44:06+00:00,False,False,never,,,6,6,,,,,0,3
dev_0008138,0,flash_sale,,flash_hard_retry,3,2026-01-10 22:55:08+00:00,False,False,never,,,3,3,,,,,0,1
dev_0008139,0,flash_sale,,flash_hard_retry,4,2026-01-07 01:35:21+00:00,False,False,never,,,4,4,,,,,0,2
dev_0008140,0,flash_sale,,flash_hard_retry,3,2026-01-10 05:44:52+00:00,False,False,never,,,3,3,,,,,0,0
dev_0008141,0,flash_sale,,flash_hard_retry,3,2026-01-03 10:02:08+00:00,False,False,never,,,3,3,,,,,0,4
dev_0008142,0,flash_sale,,flash_hard_retry,10,2026-01-03 04:44:28+00:00,False,False,never,,,10,10,,,,,0,4
dev_0008143,0,flash_sale,,flash_hard_retry,3,2026-01-23 01:30:33+00:00,False,False,never,,,3,3,,,,,0,4
dev_0008144,0,flash_sale,,flash_hard_retry,4,2026-01-12 15:58:38+00:00,False,False,never,,,4,4,,,,,0,4
dev_0008146,0,flash_sale,,flash_hard_retry,3,2026-01-18 12:52:34+00:00,False,False,never,,,3,3,,,,,0,2
dev_0008147,0,flash_sale,,flash_hard_retry,4,2026-01-13 18:44:22+00:00,False,False,never,,,4,4,,,,,0,1
dev_0008148,0,flash_sale,,flash_hard_retry,6,2026-01-20 14:16:25+00:00,False,False,never,,,6,6,,,,,0,0
dev_0008149,0,flash_sale,,flash_hard_retry,8,2026-01-25 00:09:32+00:00,False,False,never,,,8,8,,,,,0,1
dev_0008150,0,flash_sale,,flash_hard_retry,3,2026-01-19 07:03:03+00:00,False,False,never,,,3,3,,,,,0,0
dev_0008151,0,flash_sale,,flash_hard_retry,3,2026-01-25 07:34:49+00:00,False,False,never,,,3,3,,,,,0,4
dev_0008152,0,flash_sale,,flash_hard_retry,3,2026-01-18 05:44:33+00:00,False,False,never,,,3,3,,,,,0,2
dev_0008153,0,flash_sale,,flash_hard_retry,3,2026-01-15 20:13:54+00:00,False,False,never,,,3,3,,,,,0,2
dev_0008154,0,flash_sale,,flash_hard_retry,4,2026-01-01 17:59:08+00:00,False,False,never,,,4,4,,,,,0,4
dev_0008156,0,flash_sale,,flash_hard_retry,3,2026-01-08 08:20:25+00:00,False,False,never,,,3,3,,,,,0,3
dev_0008157,0,flash_sale,,flash_hard_retry,3,2026-01-07 07:16:34+00:00,False,False,never,,,3,3,,,,,0,0
dev_0008158,0,flash_sale,,flash_hard_retry,7,2026-01-03 08:47:25+00:00,False,False,never,,,7,7,,,,,0,1
dev_0008160,0,flash_sale,,flash_hard_retry,3,2026-01-07 02:41:26+00:00,False,False,never,,,3,3,,,,,0,2
dev_0008161,0,flash_sale,,flash_hard_retry,3,2026-01-11 08:14:40+00:00,False,False,never,,,3,3,,,,,0,3
dev_0008162,0,flash_sale,,flash_hard_retry,3,2026-01-09 01:08:31+00:00,False,False,never,,,3,3,,,,,0,0
dev_0008163,0,flash_sale,,flash_hard_retry,4,2026-01-21 21:48:41+00:00,False,False,never,,,4,4,,,,,0,4
dev_0008165,0,flash_sale,,flash_hard_retry,8,2026-01-11 09:21:31+00:00,False,False,never,,,8,8,,,,,0,1
dev_0008166,0,flash_sale,,flash_hard_retry,3,2026-01-15 09:23:35+00:00,False,False,never,,,3,3,,,,,0,0
dev_0008167,0,flash_sale,,flash_hard_retry,3,2026-01-18 05:29:24+00:00,False,False,never,,,3,3,,,,,0,3
dev_0008169,0,flash_sale,,flash_hard_retry,7,2026-01-09 00:10:21+00:00,False,False,never,,,7,7,,,,,0,2
dev_0008170,0,flash_sale,,flash_hard_retry,3,2026-01-14 06:52:08+00:00,False,False,never,,,3,3,,,,,0,0
dev_0008171,0,flash_sale,,flash_hard_retry,3,2026-01-09 10:19:45+00:00,False,False,never,,,3,3,,,,,0,4
dev_0008172,0,flash_sale,,flash_hard_retry,3,2026-01-06 12:06:34+00:00,False,False,never,,,3,3,,,,,0,4
dev_0008173,0,flash_sale,,flash_hard_retry,6,2026-01-27 16:45:17+00:00,False,False,never,,,6,6,,,,,0,3
dev_0008174,0,flash_sale,,flash_hard_retry,3,2026-01-16 11:27:49+00:00,False,False,never,,,3,3,,,,,0,2
dev_0008175,0,flash_sale,,flash_hard_retry,3,2026-01-14 13:37:39+00:00,False,False,never,,,3,3,,,,,0,2
dev_0008178,0,flash_sale,,flash_hard_retry,3,2026-01-05 10:24:02+00:00,False,False,never,,,3,3,,,,,0,2
dev_0008179,0,flash_sale,,flash_hard_retry,9,2026-01-13 09:13:42+00:00,False,False,never,,,9,9,,,,,0,3
dev_0008180,0,flash_sale,,flash_hard_retry,3,2026-01-27 01:00:54+00:00,False,False,never,,,3,3,,,,,0,1
dev_0008181,0,flash_sale,,flash_hard_retry,3,2026-01-04 00:55:00+00:00,False,False,never,,,3,3,,,,,0,4
dev_0008182,0,flash_sale,,flash_hard_retry,3,2026-01-17 14:13:06+00:00,False,False,never,,,3,3,,,,,0,1
dev_0008183,0,flash_sale,,flash_hard_retry,3,2026-01-18 16:30:03+00:00,False,False,never,,,3,3,,,,,0,1
dev_0008184,0,flash_sale,,flash_hard_retry,3,2026-01-29 12:39:41+00:00,False,False,never,,,3,3,,,,,0,2
dev_0008185,0,flash_sale,,flash_hard_retry,3,2026-01-30 04:24:55+00:00,False,False,never,,,3,3,,,,,0,4
dev_0008186,0,flash_sale,,flash_hard_retry,3,2026-01-05 13:58:32+00:00,False,False,never,,,3,3,,,,,0,0
dev_0008187,0,flash_sale,,flash_hard_retry,3,2026-01-07 10:44:58+00:00,False,False,never,,,3,3,,,,,0,2
dev_0008188,0,flash_sale,,flash_hard_retry,3,2026-01-29 12:32:39+00:00,False,False,never,,,3,3,,,,,0,1
dev_0008189,0,flash_sale,,flash_hard_retry,3,2026-01-26 00:55:39+00:00,False,False,never,,,3,3,,,,,0,0
dev_0008190,0,flash_sale,,flash_hard_retry,6,2026-01-24 16:37:54+00:00,False,False,never,,,6,6,,,,,0,0
dev_0008193,0,flash_sale,,flash_hard_retry,4,2026-01-26 07:32:28+00:00,False,False,never,,,4,4,,,,,0,0
dev_0008194,0,flash_sale,,flash_hard_retry,3,2026-01-02 22:44:09+00:00,False,False,never,,,3,3,,,,,0,2
dev_0008196,0,flash_sale,,flash_hard_retry,3,2026-01-01 03:22:43+00:00,False,False,never,,,3,3,,,,,0,2
dev_0008198,0,flash_sale,,flash_hard_retry,4,2026-01-16 22:21:30+00:00,False,False,never,,,4,4,,,,,0,1
dev_0008199,0,flash_sale,,flash_hard_retry,3,2026-01-06 02:56:48+00:00,False,False,never,,,3,3,,,,,0,1
dev_0008200,0,flash_sale,,flash_hard_retry,3,2026-01-24 11:38:28+00:00,False,False,never,,,3,3,,,,,0,1
dev_0008201,0,flash_sale,,flash_hard_retry,3,2026-01-20 00:37:21+00:00,False,False,never,,,3,3,,,,,0,4
dev_0008203,0,flash_sale,,flash_hard_retry,3,2026-01-27 03:42:57+00:00,False,False,never,,,3,3,,,,,0,1
dev_0008204,0,flash_sale,,flash_hard_retry,3,2026-01-28 04:59:36+00:00,False,False,never,,,3,3,,,,,0,0
dev_0008205,0,flash_sale,,flash_hard_retry,3,2026-01-06 00:29:57+00:00,False,False,never,,,3,3,,,,,0,1
dev_0008206,0,flash_sale,,flash_hard_retry,3,2026-01-16 08:50:08+00:00,False,False,never,,,3,3,,,,,0,3
dev_0008207,0,flash_sale,,flash_hard_retry,3,2026-01-12 06:47:32+00:00,False,False,never,,,3,3,,,,,0,4
dev_0008209,0,flash_sale,,flash_hard_retry,3,2026-01-15 21:32:42+00:00,False,False,never,,,3,3,,,,,0,2
dev_0008210,0,flash_sale,,flash_hard_retry,3,2026-01-03 23:39:20+00:00,False,False,never,,,3,3,,,,,0,1
dev_0008211,0,flash_sale,,flash_hard_retry,3,2026-01-01 03:51:21+00:00,False,False,never,,,3,3,,,,,0,2
dev_0008212,0,flash_sale,,flash_hard_retry,3,2026-01-02 11:49:32+00:00,False,False,never,,,3,3,,,,,0,4
dev_0008213,0,flash_sale,,flash_hard_retry,3,2026-01-24 10:43:42+00:00,False,False,never,,,3,3,,,,,0,2
dev_0008214,0,flash_sale,,flash_hard_retry,3,2026-01-12 09:10:11+00:00,False,False,never,,,3,3,,,,,0,2
dev_0008215,0,flash_sale,,flash_hard_retry,3,2026-01-19 21:33:33+00:00,False,False,never,,,3,3,,,,,0,2
dev_0008216,0,flash_sale,,flash_hard_retry,10,2026-01-04 01:02:33+00:00,True,False,review,10,,10,9,4,3,345820,,0,0
dev_0008217,0,flash_sale,,flash_hard_retry,3,2026-01-20 23:40:31+00:00,False,False,never,,,3,3,,,,,0,3
dev_0008219,0,flash_sale,,flash_hard_retry,3,2026-01-20 18:51:04+00:00,False,False,never,,,3,3,,,,,0,4
dev_0008220,0,flash_sale,,flash_hard_retry,3,2026-01-02 01:29:06+00:00,False,False,never,,,3,3,,,,,0,0
dev_0008222,0,flash_sale,,flash_hard_retry,3,2026-01-12 09:41:25+00:00,False,False,never,,,3,3,,,,,0,3
dev_0008224,0,flash_sale,,flash_hard_retry,3,2026-01-30 09:12:06+00:00,False,False,never,,,3,3,,,,,0,4
dev_0008225,0,flash_sale,,flash_hard_retry,6,2026-01-12 02:32:35+00:00,False,False,never,,,6,6,,,,,0,3
dev_0008228,0,flash_sale,,flash_hard_retry,3,2026-01-08 17:48:39+00:00,False,False,never,,,3,3,,,,,0,3
dev_0008229,0,flash_sale,,flash_hard_retry,3,2026-01-08 12:02:20+00:00,False,False,never,,,3,3,,,,,0,1
dev_0008230,0,flash_sale,,flash_hard_retry,3,2026-01-25 04:08:07+00:00,False,False,never,,,3,3,,,,,0,4
dev_0008231,0,flash_sale,,flash_hard_retry,3,2026-01-04 05:57:45+00:00,False,False,never,,,3,3,,,,,0,3
dev_0008232,0,flash_sale,,flash_hard_retry,4,2026-01-13 20:31:31+00:00,False,False,never,,,4,4,,,,,0,0
dev_0008234,0,flash_sale,,flash_hard_retry,3,2026-01-24 20:22:31+00:00,False,False,never,,,3,3,,,,,0,2
dev_0008236,0,flash_sale,,flash_hard_retry,3,2026-01-18 15:00:52+00:00,False,False,never,,,3,3,,,,,0,1
dev_0008238,0,flash_sale,,flash_hard_retry,3,2026-01-19 19:41:31+00:00,False,False,never,,,3,3,,,,,0,1
dev_0008239,0,flash_sale,,flash_hard_retry,3,2026-01-17 19:53:25+00:00,False,False,never,,,3,3,,,,,0,2
dev_0008240,0,flash_sale,,flash_hard_retry,3,2026-01-04 18:31:31+00:00,False,False,never,,,3,3,,,,,0,0
dev_0008242,0,flash_sale,,flash_hard_retry,3,2026-01-11 01:45:05+00:00,False,False,never,,,3,3,,,,,0,3
dev_0008243,0,flash_sale,,flash_hard_retry,3,2026-01-18 23:01:26+00:00,False,False,never,,,3,3,,,,,0,3
dev_0008244,0,flash_sale,,flash_hard_retry,3,2026-01-20 04:23:33+00:00,False,False,never,,,3,3,,,,,0,3
dev_0008245,0,flash_sale,,flash_hard_retry,4,2026-01-17 10:57:32+00:00,False,False,never,,,4,4,,,,,0,2
dev_0008246,0,flash_sale,,flash_hard_retry,3,2026-01-07 11:20:20+00:00,False,False,never,,,3,3,,,,,0,2
dev_0008247,0,flash_sale,,flash_hard_retry,3,2026-01-17 10:08:33+00:00,False,False,never,,,3,3,,,,,0,2
dev_0008249,0,flash_sale,,flash_hard_retry,4,2026-01-27 12:58:58+00:00,False,False,never,,,4,4,,,,,0,2
dev_0008250,0,flash_sale,,flash_hard_retry,6,2026-01-05 18:13:55+00:00,False,False,never,,,6,6,,,,,0,1
dev_0008251,0,flash_sale,,flash_hard_retry,3,2026-01-08 09:29:45+00:00,False,False,never,,,3,3,,,,,0,1
dev_0008252,0,flash_sale,,flash_hard_retry,3,2026-01-21 21:07:02+00:00,False,False,never,,,3,3,,,,,0,3
dev_0008254,0,flash_sale,,flash_hard_retry,3,2026-01-27 14:07:09+00:00,False,False,never,,,3,3,,,,,0,2
dev_0008255,0,flash_sale,,flash_hard_retry,3,2026-01-20 01:00:53+00:00,False,False,never,,,3,3,,,,,0,4
dev_0008256,0,flash_sale,,flash_hard_retry,3,2026-01-12 10:39:24+00:00,False,False,never,,,3,3,,,,,0,3
dev_0008258,0,flash_sale,,flash_hard_retry,3,2026-01-11 16:59:58+00:00,False,False,never,,,3,3,,,,,0,4
dev_0008259,0,flash_sale,,flash_hard_retry,3,2026-01-28 09:28:29+00:00,False,False,never,,,3,3,,,,,0,1
dev_0008261,0,flash_sale,,flash_hard_retry,7,2026-01-26 01:03:25+00:00,False,False,never,,,7,7,,,,,0,4
dev_0008262,0,flash_sale,,flash_hard_retry,3,2026-01-27 19:27:58+00:00,False,False,never,,,3,3,,,,,0,4
dev_0008264,0,flash_sale,,flash_hard_retry,6,2026-01-28 13:23:38+00:00,False,False,never,,,6,6,,,,,0,0
dev_0008265,0,flash_sale,,flash_hard_retry,3,2026-01-19 18:20:31+00:00,False,False,never,,,3,3,,,,,0,0
dev_0008266,0,flash_sale,,flash_hard_retry,3,2026-01-18 16:48:05+00:00,False,False,never,,,3,3,,,,,0,0
dev_0008267,0,flash_sale,,flash_hard_retry,3,2026-01-20 18:34:24+00:00,False,False,never,,,3,3,,,,,0,4
dev_0008271,0,flash_sale,,flash_hard_retry,3,2026-01-23 21:48:47+00:00,False,False,never,,,3,3,,,,,0,0
dev_0008272,0,flash_sale,,flash_hard_retry,3,2026-01-06 14:19:35+00:00,False,False,never,,,3,3,,,,,0,0
dev_0008273,0,flash_sale,,flash_hard_retry,3,2026-01-15 15:20:02+00:00,False,False,never,,,3,3,,,,,0,3
dev_0008274,0,flash_sale,,flash_hard_retry,3,2026-01-14 06:54:28+00:00,False,False,never,,,3,3,,,,,0,2
dev_0008275,0,flash_sale,,flash_hard_retry,3,2026-01-04 06:34:20+00:00,False,False,never,,,3,3,,,,,0,4
dev_0008276,0,flash_sale,,flash_hard_retry,4,2026-01-25 16:20:29+00:00,False,False,never,,,4,4,,,,,0,3
dev_0008277,0,flash_sale,,flash_hard_retry,6,2026-01-09 04:44:24+00:00,False,False,never,,,6,6,,,,,0,0
dev_0008278,0,flash_sale,,flash_hard_retry,3,2026-01-13 18:21:01+00:00,False,False,never,,,3,3,,,,,0,3
dev_0008279,0,flash_sale,,flash_hard_retry,3,2026-01-14 09:28:08+00:00,False,False,never,,,3,3,,,,,0,0
dev_0008280,0,flash_sale,,flash_hard_retry,6,2026-01-11 17:56:46+00:00,False,False,never,,,6,6,,,,,0,0
dev_0008281,0,flash_sale,,flash_hard_retry,3,2026-01-20 17:54:22+00:00,False,False,never,,,3,3,,,,,0,2
dev_0008282,0,flash_sale,,flash_hard_retry,3,2026-01-11 12:49:08+00:00,False,False,never,,,3,3,,,,,0,4
dev_0008283,0,flash_sale,,flash_hard_retry,3,2026-01-17 11:42:09+00:00,False,False,never,,,3,3,,,,,0,4
dev_0008284,0,flash_sale,,flash_hard_retry,3,2026-01-12 14:38:34+00:00,False,False,never,,,3,3,,,,,0,4
dev_0008285,0,flash_sale,,flash_hard_retry,3,2026-01-10 07:56:29+00:00,False,False,never,,,3,3,,,,,0,3
dev_0008286,0,flash_sale,,flash_hard_retry,3,2026-01-15 01:41:25+00:00,False,False,never,,,3,3,,,,,0,0
dev_0008289,0,flash_sale,,flash_hard_retry,3,2026-01-11 02:31:36+00:00,False,False,never,,,3,3,,,,,0,2
dev_0008290,0,flash_sale,,flash_hard_retry,3,2026-01-29 15:46:50+00:00,False,False,never,,,3,3,,,,,0,3
dev_0008291,0,flash_sale,,flash_hard_retry,3,2026-01-15 03:52:37+00:00,False,False,never,,,3,3,,,,,0,2
dev_0008293,0,flash_sale,,flash_hard_retry,3,2026-01-28 07:23:45+00:00,False,False,never,,,3,3,,,,,0,2
dev_0008295,0,flash_sale,,flash_hard_retry,3,2026-01-23 15:13:39+00:00,False,False,never,,,3,3,,,,,0,0
dev_0008296,0,flash_sale,,flash_hard_retry,3,2026-01-29 04:17:34+00:00,False,False,never,,,3,3,,,,,0,4
dev_0008297,0,flash_sale,,flash_hard_retry,6,2026-01-08 01:30:13+00:00,False,False,never,,,6,6,,,,,0,1
dev_0008298,0,flash_sale,,flash_hard_retry,6,2026-01-23 13:38:37+00:00,False,False,never,,,6,6,,,,,0,0
dev_0008299,0,flash_sale,,flash_hard_retry,4,2026-01-04 05:04:20+00:00,False,False,never,,,4,4,,,,,0,3
dev_0008300,0,flash_sale,,flash_hard_retry,4,2026-01-20 04:24:04+00:00,False,False,never,,,4,4,,,,,0,0
dev_0008301,0,flash_sale,,flash_hard_retry,6,2026-01-29 19:49:52+00:00,False,False,never,,,6,6,,,,,0,1
dev_0008302,0,flash_sale,,flash_hard_retry,3,2026-01-24 10:13:03+00:00,False,False,never,,,3,3,,,,,0,1
dev_0008303,0,flash_sale,,flash_hard_retry,3,2026-01-20 21:26:05+00:00,False,False,never,,,3,3,,,,,0,1
dev_0008305,0,flash_sale,,flash_hard_retry,3,2026-01-23 16:39:10+00:00,False,False,never,,,3,3,,,,,0,2
dev_0008306,0,flash_sale,,flash_hard_retry,3,2026-01-22 23:08:39+00:00,False,False,never,,,3,3,,,,,0,1
dev_0008307,0,flash_sale,,flash_hard_retry,7,2026-01-30 12:30:07+00:00,False,False,never,,,7,7,,,,,0,2
dev_0008308,0,flash_sale,,flash_hard_retry,3,2026-01-19 20:41:51+00:00,False,False,never,,,3,3,,,,,0,4
dev_0008309,0,flash_sale,,flash_hard_retry,3,2026-01-02 15:14:53+00:00,False,False,never,,,3,3,,,,,0,3
dev_0008310,0,flash_sale,,flash_hard_retry,3,2026-01-16 02:40:33+00:00,False,False,never,,,3,3,,,,,0,0
dev_0008311,0,flash_sale,,flash_hard_retry,3,2026-01-06 17:09:47+00:00,False,False,never,,,3,3,,,,,0,1
dev_0008312,0,flash_sale,,flash_hard_retry,4,2026-01-18 23:24:00+00:00,False,False,never,,,4,4,,,,,0,1
dev_0008313,0,flash_sale,,flash_hard_retry,3,2026-01-08 08:59:04+00:00,False,False,never,,,3,3,,,,,0,2
dev_0008314,0,flash_sale,,flash_hard_retry,3,2026-01-08 08:28:03+00:00,False,False,never,,,3,3,,,,,0,1
dev_0008315,0,flash_sale,,flash_hard_retry,6,2026-01-10 15:35:03+00:00,False,False,never,,,6,6,,,,,0,4
dev_0008316,0,flash_sale,,flash_hard_retry,3,2026-01-25 04:56:32+00:00,False,False,never,,,3,3,,,,,0,4
dev_0008317,0,flash_sale,,flash_hard_retry,3,2026-01-07 23:36:15+00:00,False,False,never,,,3,3,,,,,0,1
dev_0008318,0,flash_sale,,flash_hard_retry,3,2026-01-29 01:05:45+00:00,False,False,never,,,3,3,,,,,0,1
dev_0008319,0,flash_sale,,flash_hard_retry,3,2026-01-24 12:10:05+00:00,False,False,never,,,3,3,,,,,0,2
dev_0008321,0,flash_sale,,flash_hard_retry,3,2026-01-07 07:23:07+00:00,False,False,never,,,3,3,,,,,0,3
dev_0008322,0,flash_sale,,flash_hard_retry,4,2026-01-23 18:30:30+00:00,False,False,never,,,4,4,,,,,0,1
dev_0008323,0,flash_sale,,flash_hard_retry,3,2026-01-29 16:34:23+00:00,False,False,never,,,3,3,,,,,0,2
dev_0008325,0,flash_sale,,flash_hard_retry,4,2026-01-15 23:43:33+00:00,False,False,never,,,4,4,,,,,0,0
dev_0008326,0,flash_sale,,flash_hard_retry,3,2026-01-25 17:01:55+00:00,False,False,never,,,3,3,,,,,0,3
dev_0008327,0,flash_sale,,flash_hard_retry,3,2026-01-05 12:02:05+00:00,False,False,never,,,3,3,,,,,0,1
dev_0008331,0,flash_sale,,flash_hard_retry,3,2026-01-15 17:50:32+00:00,False,False,never,,,3,3,,,,,0,3
dev_0008333,0,flash_sale,,flash_hard_retry,3,2026-01-06 15:24:59+00:00,False,False,never,,,3,3,,,,,0,4
dev_0008334,0,flash_sale,,flash_hard_retry,3,2026-01-01 04:47:03+00:00,False,False,never,,,3,3,,,,,0,0
dev_0008335,0,flash_sale,,flash_hard_retry,3,2026-01-08 14:15:59+00:00,False,False,never,,,3,3,,,,,0,4
dev_0008337,0,flash_sale,,flash_hard_retry,4,2026-01-21 18:38:04+00:00,False,False,never,,,4,4,,,,,0,3
dev_0008338,0,flash_sale,,flash_hard_retry,3,2026-01-06 18:16:15+00:00,False,False,never,,,3,3,,,,,0,3
dev_0008340,0,flash_sale,,flash_hard_retry,3,2026-01-10 09:37:04+00:00,False,False,never,,,3,3,,,,,0,3
dev_0008343,0,flash_sale,,flash_hard_retry,3,2026-01-30 12:30:13+00:00,False,False,never,,,3,3,,,,,0,2
dev_0008345,0,flash_sale,,flash_hard_retry,3,2026-01-09 16:41:16+00:00,False,False,never,,,3,3,,,,,0,2
dev_0008346,0,flash_sale,,flash_hard_retry,3,2026-01-09 19:59:38+00:00,False,False,never,,,3,3,,,,,0,2
dev_0008347,0,flash_sale,,flash_hard_retry,3,2026-01-20 05:44:52+00:00,False,False,never,,,3,3,,,,,0,2
dev_0008348,0,flash_sale,,flash_hard_retry,3,2026-01-25 20:51:48+00:00,False,False,never,,,3,3,,,,,0,3
dev_0008349,0,flash_sale,,flash_hard_retry,3,2026-01-28 16:42:23+00:00,False,False,never,,,3,3,,,,,0,0
dev_0008352,0,flash_sale,,flash_hard_retry,3,2026-01-17 04:32:44+00:00,False,False,never,,,3,3,,,,,0,3
dev_0008354,0,flash_sale,,flash_hard_retry,4,2026-01-03 17:57:04+00:00,False,False,never,,,4,4,,,,,0,0
dev_0008355,0,flash_sale,,flash_hard_retry,3,2026-01-16 12:28:06+00:00,False,False,never,,,3,3,,,,,0,2
dev_0008356,0,flash_sale,,flash_hard_retry,3,2026-01-02 20:49:39+00:00,False,False,never,,,3,3,,,,,0,4
dev_0008357,0,flash_sale,,flash_hard_retry,4,2026-01-11 09:38:13+00:00,False,False,never,,,4,4,,,,,0,2
dev_0008358,0,flash_sale,,flash_hard_retry,3,2026-01-09 12:30:20+00:00,False,False,never,,,3,3,,,,,0,0
dev_0008359,0,flash_sale,,flash_hard_retry,9,2026-01-15 03:05:16+00:00,False,False,never,,,9,9,,,,,0,3
dev_0008360,0,flash_sale,,flash_hard_retry,3,2026-01-26 00:23:26+00:00,False,False,never,,,3,3,,,,,0,1
dev_0008361,0,flash_sale,,flash_hard_retry,3,2026-01-19 10:09:32+00:00,False,False,never,,,3,3,,,,,0,0
dev_0008362,0,flash_sale,,flash_hard_retry,3,2026-01-16 22:09:58+00:00,False,False,never,,,3,3,,,,,0,2
dev_0008364,0,flash_sale,,flash_hard_retry,9,2026-01-04 10:05:34+00:00,False,False,never,,,9,9,,,,,0,4
dev_0008365,0,flash_sale,,flash_hard_retry,3,2026-01-04 21:13:38+00:00,False,False,never,,,3,3,,,,,0,1
dev_0008366,0,flash_sale,,flash_hard_retry,3,2026-01-24 16:36:41+00:00,False,False,never,,,3,3,,,,,0,1
dev_0008367,0,flash_sale,,flash_hard_retry,3,2026-01-03 00:50:08+00:00,False,False,never,,,3,3,,,,,0,3
dev_0008368,0,flash_sale,,flash_hard_retry,3,2026-01-30 22:38:32+00:00,False,False,never,,,3,3,,,,,0,2
dev_0008369,0,flash_sale,,flash_hard_retry,3,2026-01-30 23:41:33+00:00,False,False,never,,,3,3,,,,,0,0
dev_0008370,0,flash_sale,,flash_hard_retry,3,2026-01-01 10:45:04+00:00,False,False,never,,,3,3,,,,,0,1
dev_0008371,0,flash_sale,,flash_hard_retry,3,2026-01-08 09:31:03+00:00,False,False,never,,,3,3,,,,,0,2
dev_0008372,0,flash_sale,,flash_hard_retry,3,2026-01-29 11:02:05+00:00,False,False,never,,,3,3,,,,,0,1
dev_0008373,0,flash_sale,,flash_hard_retry,3,2026-01-18 18:27:35+00:00,False,False,never,,,3,3,,,,,0,3
dev_0008374,0,flash_sale,,flash_hard_retry,3,2026-01-20 09:13:09+00:00,False,False,never,,,3,3,,,,,0,4
dev_0008375,0,flash_sale,,flash_hard_retry,6,2026-01-01 04:01:49+00:00,False,False,never,,,6,6,,,,,0,1
dev_0008376,0,flash_sale,,flash_hard_retry,3,2026-01-13 12:05:22+00:00,False,False,never,,,3,3,,,,,0,3
dev_0008378,0,flash_sale,,flash_hard_retry,3,2026-01-11 22:52:31+00:00,False,False,never,,,3,3,,,,,0,0
dev_0008379,0,flash_sale,,flash_hard_retry,3,2026-01-04 03:48:37+00:00,False,False,never,,,3,3,,,,,0,2
dev_0008380,0,flash_sale,,flash_hard_retry,3,2026-01-25 04:35:24+00:00,False,False,never,,,3,3,,,,,0,2
dev_0008381,0,flash_sale,,flash_hard_retry,3,2026-01-04 22:05:56+00:00,False,False,never,,,3,3,,,,,0,1
dev_0008382,0,flash_sale,,flash_hard_retry,3,2026-01-27 08:31:08+00:00,False,False,never,,,3,3,,,,,0,1
dev_0008383,0,flash_sale,,flash_hard_retry,3,2026-01-03 19:15:36+00:00,False,False,never,,,3,3,,,,,0,0
dev_0008384,0,flash_sale,,flash_hard_retry,3,2026-01-05 21:59:25+00:00,False,False,never,,,3,3,,,,,0,4
dev_0008385,0,flash_sale,,flash_hard_retry,3,2026-01-17 04:35:33+00:00,False,False,never,,,3,3,,,,,0,0
dev_0008386,0,flash_sale,,flash_hard_retry,3,2026-01-17 02:19:17+00:00,False,False,never,,,3,3,,,,,0,1
dev_0008388,0,flash_sale,,flash_hard_retry,3,2026-01-20 20:38:05+00:00,False,False,never,,,3,3,,,,,0,3
dev_0008389,0,flash_sale,,flash_hard_retry,6,2026-01-08 19:50:09+00:00,False,False,never,,,6,6,,,,,0,3
dev_0008390,0,flash_sale,,flash_hard_retry,3,2026-01-29 18:47:49+00:00,False,False,never,,,3,3,,,,,0,3
dev_0008391,0,flash_sale,,flash_hard_retry,3,2026-01-27 01:53:33+00:00,False,False,never,,,3,3,,,,,0,3
dev_0008392,0,flash_sale,,flash_hard_retry,3,2026-01-02 21:36:34+00:00,False,False,never,,,3,3,,,,,0,4
dev_0008393,0,flash_sale,,flash_hard_retry,7,2026-01-30 02:33:56+00:00,False,False,never,,,7,7,,,,,0,1
dev_0008394,0,flash_sale,,flash_hard_retry,3,2026-01-02 21:44:07+00:00,False,False,never,,,3,3,,,,,0,0
dev_0008395,0,flash_sale,,flash_hard_retry,3,2026-01-08 06:24:47+00:00,False,False,never,,,3,3,,,,,0,0
dev_0008396,0,flash_sale,,flash_hard_retry,3,2026-01-20 05:40:09+00:00,False,False,never,,,3,3,,,,,0,3
dev_0008397,0,flash_sale,,flash_hard_retry,3,2026-01-23 17:58:49+00:00,False,False,never,,,3,3,,,,,0,0
dev_0008398,0,flash_sale,,flash_hard_retry,3,2026-01-05 16:23:22+00:00,False,False,never,,,3,3,,,,,0,1
dev_0008399,0,flash_sale,,flash_hard_retry,7,2026-01-29 14:50:56+00:00,False,False,never,,,7,7,,,,,0,4
dev_0008400,0,flash_sale,,flash_hard_retry,3,2026-01-20 01:55:49+00:00,False,False,never,,,3,3,,,,,0,1
dev_0008402,0,flash_sale,,flash_hard_retry,3,2026-01-07 00:48:07+00:00,False,False,never,,,3,3,,,,,0,3
dev_0008404,0,flash_sale,,flash_hard_retry,3,2026-01-07 08:10:13+00:00,False,False,never,,,3,3,,,,,0,0
dev_0008405,0,flash_sale,,flash_hard_retry,3,2026-01-27 23:37:47+00:00,False,False,never,,,3,3,,,,,0,0
dev_0008406,0,flash_sale,,flash_hard_retry,3,2026-01-09 02:32:20+00:00,False,False,never,,,3,3,,,,,0,4
dev_0008407,0,flash_sale,,flash_hard_retry,3,2026-01-01 03:09:04+00:00,False,False,never,,,3,3,,,,,0,2
dev_0008408,0,flash_sale,,flash_hard_retry,3,2026-01-10 03:13:06+00:00,False,False,never,,,3,3,,,,,0,3
dev_0008409,0,flash_sale,,flash_hard_retry,4,2026-01-02 17:28:07+00:00,False,False,never,,,4,4,,,,,0,0
dev_0008410,0,flash_sale,,flash_hard_retry,4,2026-01-01 02:55:20+00:00,False,False,never,,,4,4,,,,,0,0
dev_0008412,0,flash_sale,,flash_hard_retry,3,2026-01-14 05:13:28+00:00,False,False,never,,,3,3,,,,,0,1
dev_0008414,0,flash_sale,,flash_hard_retry,3,2026-01-01 17:46:32+00:00,False,False,never,,,3,3,,,,,0,0
dev_0008415,0,flash_sale,,flash_hard_retry,3,2026-01-18 22:20:18+00:00,False,False,never,,,3,3,,,,,0,1
dev_0008416,0,flash_sale,,flash_hard_retry,3,2026-01-26 21:02:22+00:00,False,False,never,,,3,3,,,,,0,0
dev_0008417,0,flash_sale,,flash_hard_retry,3,2026-01-11 11:43:08+00:00,False,False,never,,,3,3,,,,,0,4
dev_0008418,0,flash_sale,,flash_hard_retry,6,2026-01-14 11:54:04+00:00,False,False,never,,,6,6,,,,,0,0
dev_0008422,0,flash_sale,,flash_hard_retry,7,2026-01-25 13:26:16+00:00,False,False,never,,,7,7,,,,,0,4
dev_0008423,0,flash_sale,,flash_hard_retry,3,2026-01-06 12:13:03+00:00,False,False,never,,,3,3,,,,,0,1
dev_0008425,0,flash_sale,,flash_hard_retry,3,2026-01-14 00:57:20+00:00,False,False,never,,,3,3,,,,,0,2
dev_0008426,0,flash_sale,,flash_hard_retry,3,2026-01-14 12:10:27+00:00,False,False,never,,,3,3,,,,,0,0
dev_0008427,0,flash_sale,,flash_hard_retry,3,2026-01-16 16:02:21+00:00,False,False,never,,,3,3,,,,,0,4
dev_0008428,0,flash_sale,,flash_hard_retry,3,2026-01-21 02:03:40+00:00,False,False,never,,,3,3,,,,,0,4
dev_0008430,0,flash_sale,,flash_hard_retry,3,2026-01-04 11:31:26+00:00,False,False,never,,,3,3,,,,,0,2
dev_0008431,0,flash_sale,,flash_hard_retry,3,2026-01-19 18:40:27+00:00,False,False,never,,,3,3,,,,,0,0
dev_0008432,0,flash_sale,,flash_hard_retry,4,2026-01-28 11:10:36+00:00,False,False,never,,,4,4,,,,,0,4
dev_0008433,0,flash_sale,,flash_hard_retry,3,2026-01-30 17:00:30+00:00,False,False,never,,,3,3,,,,,0,3
dev_0008434,0,flash_sale,,flash_hard_retry,6,2026-01-11 01:32:55+00:00,False,False,never,,,6,6,,,,,0,4
dev_0008435,0,flash_sale,,flash_hard_retry,3,2026-01-23 15:00:29+00:00,False,False,never,,,3,3,,,,,0,4
dev_0008436,0,flash_sale,,flash_hard_retry,4,2026-01-02 16:47:21+00:00,False,False,never,,,4,4,,,,,0,3
dev_0008437,0,flash_sale,,flash_hard_retry,3,2026-01-24 08:21:11+00:00,False,False,never,,,3,3,,,,,0,2
dev_0008438,0,flash_sale,,flash_hard_retry,3,2026-01-03 00:48:08+00:00,False,False,never,,,3,3,,,,,0,1
dev_0008439,0,flash_sale,,flash_hard_retry,3,2026-01-21 06:59:58+00:00,False,False,never,,,3,3,,,,,0,2
dev_0008440,0,flash_sale,,flash_hard_retry,3,2026-01-30 02:59:10+00:00,False,False,never,,,3,3,,,,,0,4
dev_0008442,0,flash_sale,,flash_hard_retry,3,2026-01-17 16:05:07+00:00,False,False,never,,,3,3,,,,,0,4
dev_0008444,0,flash_sale,,flash_hard_retry,3,2026-01-24 16:40:23+00:00,False,False,never,,,3,3,,,,,0,4
dev_0008445,0,flash_sale,,flash_hard_retry,9,2026-01-23 16:06:21+00:00,False,False,never,,,9,9,,,,,0,0
dev_0008446,0,flash_sale,,flash_hard_retry,4,2026-01-15 09:33:59+00:00,False,False,never,,,4,4,,,,,0,1
dev_0008447,0,flash_sale,,flash_hard_retry,3,2026-01-29 05:17:57+00:00,False,False,never,,,3,3,,,,,0,1
dev_0008448,0,flash_sale,,flash_hard_retry,3,2026-01-03 11:42:40+00:00,False,False,never,,,3,3,,,,,0,4
dev_0008449,0,flash_sale,,flash_hard_retry,3,2026-01-20 21:06:43+00:00,False,False,never,,,3,3,,,,,0,1
dev_0008450,0,flash_sale,,flash_hard_retry,3,2026-01-29 02:00:28+00:00,False,False,never,,,3,3,,,,,0,3
dev_0008451,0,flash_sale,,flash_hard_retry,6,2026-01-02 15:48:25+00:00,False,False,never,,,6,6,,,,,0,3
dev_0008452,0,flash_sale,,flash_hard_retry,3,2026-01-07 07:54:22+00:00,False,False,never,,,3,3,,,,,0,4
dev_0008453,0,flash_sale,,flash_hard_retry,3,2026-01-13 19:56:29+00:00,False,False,never,,,3,3,,,,,0,4
dev_0008454,0,flash_sale,,flash_hard_retry,3,2026-01-09 01:29:06+00:00,False,False,never,,,3,3,,,,,0,1
dev_0008457,0,flash_sale,,flash_hard_retry,3,2026-01-08 12:14:39+00:00,False,False,never,,,3,3,,,,,0,3
dev_0008458,0,flash_sale,,flash_hard_retry,3,2026-01-30 12:17:18+00:00,False,False,never,,,3,3,,,,,0,0
dev_0008460,0,flash_sale,,flash_hard_retry,3,2026-01-12 01:58:10+00:00,False,False,never,,,3,3,,,,,0,4
dev_0008461,0,flash_sale,,flash_hard_retry,3,2026-01-10 04:18:05+00:00,False,False,never,,,3,3,,,,,0,4
dev_0008462,0,flash_sale,,flash_hard_retry,3,2026-01-09 01:01:32+00:00,False,False,never,,,3,3,,,,,0,0
dev_0008463,0,flash_sale,,flash_hard_retry,3,2026-01-13 15:41:20+00:00,False,False,never,,,3,3,,,,,0,0
dev_0008465,0,flash_sale,,flash_hard_retry,3,2026-01-01 13:39:48+00:00,False,False,never,,,3,3,,,,,0,1
dev_0008466,0,flash_sale,,flash_hard_retry,3,2026-01-16 02:26:08+00:00,False,False,never,,,3,3,,,,,0,4
dev_0008470,0,flash_sale,,flash_hard_retry,3,2026-01-18 21:42:18+00:00,False,False,never,,,3,3,,,,,0,0
dev_0008471,0,flash_sale,,flash_hard_retry,3,2026-01-11 23:54:21+00:00,False,False,never,,,3,3,,,,,0,2
dev_0008472,0,flash_sale,,flash_hard_retry,3,2026-01-24 20:16:37+00:00,False,False,never,,,3,3,,,,,0,3
dev_0008473,0,flash_sale,,flash_hard_retry,3,2026-01-08 10:33:19+00:00,False,False,never,,,3,3,,,,,0,2
dev_0008474,0,flash_sale,,flash_hard_retry,6,2026-01-10 20:02:06+00:00,False,False,never,,,6,6,,,,,0,4
dev_0008475,0,flash_sale,,flash_hard_retry,3,2026-01-02 21:45:35+00:00,False,False,never,,,3,3,,,,,0,4
dev_0008476,0,flash_sale,,flash_hard_retry,9,2026-01-08 07:54:41+00:00,False,False,never,,,9,9,,,,,0,4
dev_0008477,0,flash_sale,,flash_hard_retry,9,2026-01-23 00:07:24+00:00,False,False,never,,,9,9,,,,,0,2
dev_0008478,0,flash_sale,,flash_hard_retry,3,2026-01-01 12:57:20+00:00,False,False,never,,,3,3,,,,,0,3
dev_0008480,0,flash_sale,,flash_hard_retry,3,2026-01-16 00:15:41+00:00,False,False,never,,,3,3,,,,,0,1
dev_0008482,0,flash_sale,,flash_hard_retry,3,2026-01-22 08:31:59+00:00,False,False,never,,,3,3,,,,,0,0
dev_0008483,0,flash_sale,,flash_hard_retry,3,2026-01-21 19:27:46+00:00,False,False,never,,,3,3,,,,,0,1
dev_0008484,0,flash_sale,,flash_hard_retry,3,2026-01-11 11:07:03+00:00,False,False,never,,,3,3,,,,,0,4
dev_0008485,0,flash_sale,,flash_hard_retry,3,2026-01-03 09:54:52+00:00,False,False,never,,,3,3,,,,,0,2
dev_0008486,0,flash_sale,,flash_hard_retry,6,2026-01-15 02:00:23+00:00,False,False,never,,,6,6,,,,,0,2
dev_0008487,0,flash_sale,,flash_hard_retry,3,2026-01-10 04:07:25+00:00,False,False,never,,,3,3,,,,,0,3
dev_0008488,0,flash_sale,,flash_hard_retry,3,2026-01-10 06:00:06+00:00,False,False,never,,,3,3,,,,,0,3
dev_0008489,0,flash_sale,,flash_hard_retry,3,2026-01-09 07:00:03+00:00,False,False,never,,,3,3,,,,,0,4
dev_0008490,0,flash_sale,,flash_hard_retry,3,2026-01-30 18:33:05+00:00,False,False,never,,,3,3,,,,,0,1
dev_0008491,0,flash_sale,,flash_hard_retry,3,2026-01-17 12:39:34+00:00,False,False,never,,,3,3,,,,,0,0
dev_0008492,0,flash_sale,,flash_hard_retry,3,2026-01-10 21:22:28+00:00,False,False,never,,,3,3,,,,,0,2
dev_0008493,0,flash_sale,,flash_hard_retry,3,2026-01-29 20:25:09+00:00,False,False,never,,,3,3,,,,,0,3
dev_0008494,0,flash_sale,,flash_hard_retry,3,2026-01-27 21:04:51+00:00,False,False,never,,,3,3,,,,,0,3
dev_0008495,0,flash_sale,,flash_hard_retry,6,2026-01-12 07:36:35+00:00,False,False,never,,,6,6,,,,,0,0
dev_0008496,0,flash_sale,,flash_hard_retry,3,2026-01-04 07:02:22+00:00,False,False,never,,,3,3,,,,,0,0
dev_0008499,0,flash_sale,,flash_hard_retry,3,2026-01-06 09:58:32+00:00,False,False,never,,,3,3,,,,,0,4
dev_0008500,0,flash_sale,,flash_hard_retry,4,2026-01-16 01:12:39+00:00,False,False,never,,,4,4,,,,,0,0
dev_0008501,1,attack,burst,attack_burst,6,2026-01-23 03:22:08+00:00,True,False,review,6,,6,5,2,2,95,,0,3
dev_0008504,1,attack,burst,attack_burst,12,2026-01-26 11:20:01+00:00,True,True,review,5,6,5,4,2,2,12,15,6,3
dev_0008505,1,attack,burst,attack_burst,9,2026-01-23 14:29:03+00:00,True,True,review,5,6,5,4,2,2,11,13,3,1
dev_0008506,1,attack,burst,attack_burst,8,2026-01-17 21:11:17+00:00,True,True,review,4,7,4,3,3,2,38,87,1,3
dev_0008507,1,attack,burst,attack_burst,12,2026-01-07 06:30:02+00:00,True,True,review,6,7,6,5,3,2,11,14,5,0
dev_0008508,1,attack,burst,attack_burst,8,2026-01-09 04:09:04+00:00,True,True,review,6,7,6,4,3,2,10,11,1,1
dev_0008509,1,attack,burst,attack_burst,11,2026-01-17 23:30:03+00:00,True,True,review,7,8,7,5,2,2,13,16,3,1
dev_0008510,1,attack,burst,attack_burst,12,2026-01-03 21:04:03+00:00,True,True,review,4,7,4,2,3,2,5,11,5,0
dev_0008511,1,attack,burst,attack_burst,15,2026-01-08 07:15:04+00:00,True,True,review,5,6,5,3,2,2,9,11,9,3
dev_0008513,1,attack,burst,attack_burst,12,2026-01-11 03:19:01+00:00,True,True,review,5,6,5,3,3,2,8,10,6,1
dev_0008514,1,attack,burst,attack_burst,14,2026-01-13 10:36:18+00:00,True,True,review,5,6,5,4,2,2,64,79,8,1
dev_0008515,1,attack,burst,attack_burst,8,2026-01-21 08:45:16+00:00,True,True,review,5,6,5,4,3,3,54,76,2,4
dev_0008517,1,attack,burst,attack_burst,8,2026-01-08 00:46:02+00:00,True,True,review,6,7,6,5,4,3,14,17,1,3
dev_0008518,1,attack,burst,attack_burst,6,2026-01-24 20:24:03+00:00,True,True,review,5,6,5,4,3,3,11,13,0,1
dev_0008519,1,attack,burst,attack_burst,18,2026-01-14 05:20:01+00:00,True,True,review,5,6,5,3,2,1,9,10,12,2
dev_0008520,1,attack,burst,attack_burst,12,2026-01-11 04:38:02+00:00,True,True,review,5,6,5,4,2,2,12,15,6,3
dev_0008521,1,attack,burst,attack_burst,8,2026-01-16 04:50:01+00:00,True,True,review,5,6,5,4,3,2,10,11,2,4
dev_0008523,1,attack,burst,attack_burst,7,2026-01-01 21:43:03+00:00,True,True,review,5,6,5,3,3,2,10,13,1,4
dev_0008524,1,attack,burst,attack_burst,10,2026-01-28 20:12:01+00:00,True,True,review,5,8,5,3,4,2,11,18,2,1
dev_0008526,1,attack,burst,attack_burst,17,2026-01-13 00:47:03+00:00,True,True,review,5,7,5,4,2,1,10,259201,10,2
dev_0008527,1,attack,burst,attack_burst,6,2026-01-07 03:24:11+00:00,True,False,review,5,,5,4,3,2,70,,0,2
dev_0008529,1,attack,burst,attack_burst,20,2026-01-10 17:32:03+00:00,True,True,review,5,6,5,4,2,2,8,10,14,2
dev_0008530,1,attack,burst,attack_burst,8,2026-01-21 05:25:04+00:00,True,True,review,5,6,5,3,3,1,10,13,2,2
dev_0008531,1,attack,burst,attack_burst,8,2026-01-18 20:30:01+00:00,True,True,review,5,6,5,4,4,3,7,11,2,2
dev_0008532,1,attack,burst,attack_burst,9,2026-01-08 02:43:03+00:00,True,True,review,5,7,5,4,2,1,11,15,2,1
dev_0008534,1,attack,burst,attack_burst,12,2026-01-02 03:44:01+00:00,True,True,review,5,6,5,3,2,2,9,10,6,1
dev_0008535,1,attack,burst,attack_burst,9,2026-01-25 10:10:03+00:00,True,True,review,6,7,6,5,4,4,12,13,2,2
dev_0008536,1,attack,burst,attack_burst,7,2026-01-13 09:47:01+00:00,True,True,review,4,6,4,2,3,2,7,9,1,0
dev_0008537,1,attack,burst,attack_burst,12,2026-01-02 07:37:19+00:00,True,True,review,5,6,5,4,5,4,65,81,6,0
dev_0008538,1,attack,burst,attack_burst,7,2026-01-12 21:34:23+00:00,True,True,review,5,6,5,4,2,2,63,75,1,3
dev_0008540,1,attack,burst,attack_burst,9,2026-01-12 05:03:03+00:00,True,True,review,5,7,5,3,2,2,11,16,2,2
dev_0008541,1,attack,burst,attack_burst,7,2026-01-26 11:06:01+00:00,True,True,review,5,7,5,4,2,2,13,20,0,2
dev_0008542,1,attack,burst,attack_burst,8,2026-01-20 03:53:01+00:00,True,True,review,5,7,5,4,2,1,10,12,1,4
dev_0008543,1,attack,burst,attack_burst,12,2026-01-14 22:07:19+00:00,True,True,review,5,6,5,4,3,3,80,89,6,3
dev_0008545,1,attack,burst,attack_burst,8,2026-01-20 18:00:03+00:00,True,True,review,6,7,6,5,3,2,12,15,1,4
dev_0008546,1,attack,burst,attack_burst,6,2026-01-19 08:13:02+00:00,True,True,review,5,6,5,3,4,3,8,10,0,0
dev_0008548,1,attack,burst,attack_burst,10,2026-01-13 03:29:16+00:00,True,True,review,5,6,5,4,1,1,73,85,4,2
dev_0008549,1,attack,burst,attack_burst,11,2026-01-12 05:01:16+00:00,True,True,review,4,6,4,3,2,1,45,88,5,0
dev_0008551,1,attack,burst,attack_burst,10,2026-01-21 07:51:21+00:00,True,True,review,5,7,5,4,2,2,37,75,3,1
dev_0008552,1,attack,burst,attack_burst,10,2026-01-06 21:22:04+00:00,True,True,review,5,7,5,4,2,1,10,15,3,4
dev_0008553,1,attack,burst,attack_burst,7,2026-01-12 04:46:01+00:00,True,True,review,5,7,5,4,4,3,10,15,0,2
dev_0008554,1,attack,burst,attack_burst,12,2026-01-30 04:16:03+00:00,True,True,review,5,7,5,4,2,2,15,17,5,2
dev_0008556,1,attack,burst,attack_burst,14,2026-01-25 18:41:03+00:00,True,True,review,5,6,5,3,2,2,7,9,8,0
dev_0008557,1,attack,burst,attack_burst,12,2026-01-22 21:31:02+00:00,True,True,block,6,6,6,5,3,3,14,14,6,0
dev_0008558,1,attack,burst,attack_burst,6,2026-01-06 17:40:04+00:00,True,False,review,5,,5,4,2,1,7,,0,0
dev_0008559,1,attack,burst,attack_burst,34,2026-01-18 22:59:01+00:00,True,True,review,5,6,5,4,2,2,8,12,28,1
dev_0008560,1,attack,burst,attack_burst,8,2026-01-18 13:32:20+00:00,True,True,review,5,7,5,4,3,3,63,103,1,3
dev_0008564,1,attack,burst,attack_burst,8,2026-01-24 19:51:01+00:00,True,True,review,6,8,6,4,2,1,11,14,0,4
dev_0008565,1,attack,burst,attack_burst,11,2026-01-06 17:16:02+00:00,True,True,review,4,7,4,2,3,2,8,15,4,2
dev_0008566,1,attack,burst,attack_burst,8,2026-01-02 15:05:04+00:00,True,True,review,5,7,5,4,2,2,13,19,1,1
dev_0008567,1,attack,burst,attack_burst,12,2026-01-13 22:52:03+00:00,True,True,review,5,6,5,4,2,2,10,12,6,2
dev_0008569,1,attack,burst,attack_burst,20,2026-01-30 20:21:02+00:00,True,True,review,5,6,5,4,3,3,7,11,14,4
dev_0008570,1,attack,burst,attack_burst,11,2026-01-25 20:48:02+00:00,True,True,review,5,7,5,4,2,2,14,18,4,0
dev_0008571,1,attack,burst,attack_burst,12,2026-01-03 04:42:01+00:00,True,True,review,4,6,4,3,3,2,10,16,6,1
dev_0008574,1,attack,burst,attack_burst,7,2026-01-26 08:00:03+00:00,True,True,review,5,6,5,4,3,2,8,9,1,2
dev_0008575,1,attack,burst,attack_burst,16,2026-01-28 02:32:04+00:00,True,True,review,5,6,5,3,2,1,8,11,10,3
dev_0008577,1,attack,burst,attack_burst,17,2026-01-07 07:38:04+00:00,True,True,review,5,7,5,4,2,2,8,13,10,0
dev_0008578,1,attack,burst,attack_burst,7,2026-01-12 11:12:01+00:00,True,True,review,4,6,4,3,1,1,6,9,1,2
dev_0008579,1,attack,burst,attack_burst,18,2026-01-22 03:44:03+00:00,True,True,review,5,6,5,3,3,2,10,14,12,2
dev_0008580,1,attack,burst,attack_burst,12,2026-01-12 00:41:12+00:00,True,True,review,5,6,5,4,3,3,57,69,6,1
dev_0008581,1,attack,burst,attack_burst,9,2026-01-02 11:39:04+00:00,True,True,review,5,7,5,4,3,2,14,16,2,4
dev_0008582,1,attack,burst,attack_burst,6,2026-01-19 13:12:03+00:00,True,True,review,5,6,5,3,1,1,9,10,0,3
dev_0008584,1,attack,burst,attack_burst,22,2026-01-13 19:30:01+00:00,True,True,block,6,6,6,5,4,3,14,14,16,4
dev_0008585,1,attack,burst,attack_burst,7,2026-01-25 02:07:02+00:00,True,True,review,5,6,5,3,2,2,9,13,1,2
dev_0008586,1,attack,burst,attack_burst,8,2026-01-15 03:43:03+00:00,True,True,review,6,7,6,5,2,2,13,17,1,0
dev_0008587,1,attack,burst,attack_burst,11,2026-01-12 22:32:03+00:00,True,True,review,6,7,6,5,2,2,16,20,4,0
dev_0008588,1,attack,burst,attack_burst,7,2026-01-18 04:57:24+00:00,True,False,review,6,,6,5,2,1,86,,0,2
dev_0008589,1,attack,burst,attack_burst,10,2026-01-10 23:02:02+00:00,True,True,block,6,6,6,5,4,3,16,16,4,2
dev_0008591,1,attack,burst,attack_burst,6,2026-01-08 02:49:02+00:00,True,False,review,6,,6,5,4,3,14,,0,4
dev_0008592,1,attack,burst,attack_burst,9,2026-01-04 01:17:02+00:00,True,True,review,4,7,4,2,3,2,6,11,2,2
dev_0008594,1,attack,burst,attack_burst,8,2026-01-06 01:54:04+00:00,True,True,review,5,6,5,4,2,2,10,13,2,0
dev_0008595,1,attack,burst,attack_burst,18,2026-01-05 21:48:04+00:00,True,True,review,5,6,5,3,3,2,8,11,12,0
dev_0008596,1,attack,burst,attack_burst,17,2026-01-11 23:03:03+00:00,True,True,review,5,6,5,4,2,1,11,12,11,3
dev_0008597,1,attack,burst,attack_burst,7,2026-01-07 04:00:03+00:00,True,True,review,5,6,5,4,2,1,11,14,1,1
dev_0008598,1,attack,burst,attack_burst,11,2026-01-11 19:20:01+00:00,True,True,review,4,6,4,2,3,2,8,15,5,2
dev_0008599,1,attack,burst,attack_burst,14,2026-01-20 05:02:04+00:00,True,True,review,4,6,4,3,3,2,11,16,8,0
dev_0008600,1,attack,burst,attack_burst,20,2026-01-17 03:19:02+00:00,True,True,review,6,7,6,4,3,3,13,14,13,2
dev_0008601,1,attack,burst,attack_burst,7,2026-01-01 07:02:03+00:00,True,True,review,5,7,5,4,2,2,13,17,0,1
dev_0008602,1,attack,burst,attack_burst,12,2026-01-29 19:06:02+00:00,True,True,review,5,6,5,3,4,2,10,13,6,1
dev_0008603,1,attack,burst,attack_burst,10,2026-01-23 05:01:08+00:00,True,True,review,5,6,5,4,2,2,71,79,4,2
dev_0008604,1,attack,burst,attack_burst,11,2026-01-08 14:15:16+00:00,True,True,review,6,7,6,5,2,2,101,117,4,3
dev_0008607,1,attack,burst,attack_burst,9,2026-01-25 14:56:03+00:00,True,True,review,5,6,5,3,2,1,7,8,3,4
dev_0008609,1,attack,burst,attack_burst,10,2026-01-18 00:54:04+00:00,True,True,review,6,7,6,5,3,3,15,16,3,3
dev_0008610,1,attack,burst,attack_burst,12,2026-01-27 16:51:15+00:00,True,True,review,6,7,6,5,3,2,88,101,5,4
dev_0008611,1,attack,burst,attack_burst,6,2026-01-16 02:44:04+00:00,True,False,review,6,,6,5,2,2,12,,0,3
dev_0008612,1,attack,burst,attack_burst,8,2026-01-18 08:26:04+00:00,True,True,review,6,7,6,4,2,2,17,20,1,3
dev_0008613,1,attack,burst,attack_burst,22,2026-01-28 10:21:23+00:00,True,True,review,6,8,6,5,3,3,82,172780,14,4
dev_0008614,1,attack,burst,attack_burst,25,2026-01-06 20:47:15+00:00,True,True,review,5,6,5,4,3,3,64,79,19,1
dev_0008615,1,attack,burst,attack_burst,7,2026-01-15 00:01:04+00:00,True,True,review,5,6,5,4,4,3,14,15,1,2
dev_0008616,1,attack,burst,attack_burst,8,2026-01-12 23:00:04+00:00,True,True,review,5,6,5,4,2,2,11,13,2,3
dev_0008617,1,attack,burst,attack_burst,7,2026-01-15 17:41:02+00:00,True,True,review,5,6,5,2,2,1,5,8,1,3
dev_0008619,1,attack,burst,attack_burst,18,2026-01-30 14:40:03+00:00,True,True,review,5,6,5,4,2,2,9,10,12,0
dev_0008620,1,attack,burst,attack_burst,6,2026-01-03 13:05:04+00:00,True,False,review,5,,5,3,2,1,8,,0,4
dev_0008621,1,attack,burst,attack_burst,7,2026-01-19 01:15:03+00:00,True,True,review,6,7,6,5,2,2,16,17,0,3
dev_0008622,1,attack,burst,attack_burst,11,2026-01-23 07:42:03+00:00,True,True,review,6,7,6,5,4,4,12,13,4,1
dev_0008623,1,attack,burst,attack_burst,6,2026-01-04 00:27:03+00:00,True,False,review,5,,5,4,3,2,10,,0,0
dev_0008624,1,attack,burst,attack_burst,11,2026-01-15 03:30:01+00:00,True,True,review,6,7,6,5,3,3,11,13,4,0
dev_0008625,1,attack,burst,attack_burst,11,2026-01-16 21:35:10+00:00,True,True,review,5,6,5,4,3,3,76,84,5,3
dev_0008626,1,attack,burst,attack_burst,6,2026-01-18 14:34:03+00:00,True,False,review,6,,6,4,3,3,12,,0,4
dev_0008629,1,attack,burst,attack_burst,17,2026-01-10 08:44:22+00:00,True,True,review,5,6,5,4,4,3,63,74,11,4
dev_0008630,1,attack,burst,attack_burst,10,2026-01-24 05:35:01+00:00,True,True,review,5,6,5,4,2,2,9,12,4,0
dev_0008631,1,attack,burst,attack_burst,10,2026-01-05 15:10:04+00:00,True,True,block,6,6,6,5,3,2,12,12,4,2
dev_0008632,1,attack,burst,attack_burst,11,2026-01-08 21:36:09+00:00,True,True,review,5,6,5,4,2,2,73,92,5,3
dev_0008634,1,attack,burst,attack_burst,8,2026-01-23 23:16:23+00:00,True,True,review,6,7,6,5,4,3,95,110,1,1
dev_0008635,1,attack,burst,attack_burst,6,2026-01-18 12:28:23+00:00,True,True,review,5,6,5,4,3,2,70,85,0,4
dev_0008636,1,attack,burst,attack_burst,20,2026-01-25 06:12:23+00:00,True,True,review,5,6,5,4,3,2,49,69,14,1
dev_0008637,1,attack,burst,attack_burst,9,2026-01-08 18:54:01+00:00,True,True,review,6,7,6,4,2,1,14,15,2,2
dev_0008639,1,attack,burst,attack_burst,11,2026-01-01 12:36:18+00:00,True,True,review,5,6,5,4,4,3,73,91,5,0
dev_0008640,1,attack,burst,attack_burst,10,2026-01-23 12:51:03+00:00,True,True,review,5,7,5,4,2,2,13,18,3,1
dev_0008642,1,attack,burst,attack_burst,19,2026-01-16 07:53:02+00:00,True,True,review,5,6,5,4,1,1,9,12,13,1
dev_0008643,1,attack,burst,attack_burst,9,2026-01-17 10:17:03+00:00,True,True,review,5,6,5,3,2,2,7,10,3,1
dev_0008645,1,attack,burst,attack_burst,12,2026-01-20 18:44:01+00:00,True,True,review,5,7,5,4,3,2,9,14,5,4
dev_0008646,1,attack,burst,attack_burst,18,2026-01-04 10:12:04+00:00,True,True,review,6,7,6,5,4,3,13,14,11,1
dev_0008647,1,attack,burst,attack_burst,7,2026-01-03 17:05:24+00:00,True,True,review,4,6,4,3,1,1,35,53,1,0
dev_0008648,1,attack,burst,attack_burst,7,2026-01-24 22:33:04+00:00,True,True,review,6,7,6,4,2,2,14,16,0,3
dev_0008649,1,attack,burst,attack_burst,10,2026-01-09 10:00:02+00:00,True,True,review,5,7,5,4,2,2,8,14,3,2
dev_0008650,1,attack,burst,attack_burst,6,2026-01-19 06:19:15+00:00,True,True,review,5,6,5,4,3,2,63,83,0,3
dev_0008651,1,attack,burst,attack_burst,18,2026-01-17 13:14:12+00:00,True,True,review,5,6,5,4,2,1,47,66,12,4
dev_0008654,1,attack,burst,attack_burst,11,2026-01-01 15:54:02+00:00,True,True,review,6,7,6,5,3,3,9,10,4,2
dev_0008655,1,attack,burst,attack_burst,7,2026-01-04 11:46:03+00:00,True,True,review,5,6,5,4,1,1,9,13,1,4
dev_0008657,1,attack,burst,attack_burst,8,2026-01-26 12:02:17+00:00,True,True,review,4,6,4,3,2,2,35,77,2,2
dev_0008659,1,attack,burst,attack_burst,12,2026-01-22 21:31:01+00:00,True,True,review,5,6,5,3,2,1,9,13,6,1
dev_0008660,1,attack,burst,attack_burst,6,2026-01-06 16:21:22+00:00,True,False,review,6,,6,5,2,2,79,,0,4
dev_0008662,1,attack,burst,attack_burst,6,2026-01-13 22:46:02+00:00,True,False,review,5,,5,4,3,3,16,,0,4
dev_0008663,1,attack,burst,attack_burst,21,2026-01-28 07:21:02+00:00,True,True,review,6,7,6,4,3,2,10,13,14,1
dev_0008664,1,attack,burst,attack_burst,8,2026-01-12 09:14:02+00:00,True,True,review,6,7,6,5,2,2,9,13,1,2
dev_0008665,1,attack,burst,attack_burst,10,2026-01-25 12:10:24+00:00,True,True,review,5,7,5,4,3,2,66,94,3,0
dev_0008666,1,attack,burst,attack_burst,7,2026-01-28 15:56:02+00:00,True,True,review,6,7,6,5,3,2,11,15,0,4
dev_0008667,1,attack,burst,attack_burst,11,2026-01-03 20:09:03+00:00,True,True,review,5,6,5,4,2,2,11,15,5,4
dev_0008668,1,attack,burst,attack_burst,10,2026-01-22 21:39:01+00:00,True,True,review,5,6,5,4,2,2,9,10,4,0
dev_0008669,1,attack,burst,attack_burst,9,2026-01-23 15:26:22+00:00,True,True,review,5,6,5,4,2,1,46,58,3,4
dev_0008670,1,attack,burst,attack_burst,18,2026-01-11 17:07:02+00:00,True,True,review,5,6,5,4,3,3,13,14,12,4
dev_0008671,1,attack,burst,attack_burst,12,2026-01-02 08:43:11+00:00,True,True,review,6,7,6,5,1,1,103,117,5,1
dev_0008672,1,attack,burst,attack_burst,6,2026-01-07 02:50:04+00:00,True,True,review,5,6,5,4,1,1,11,13,0,1
dev_0008673,1,attack,burst,attack_burst,17,2026-01-02 08:06:01+00:00,True,True,review,5,8,5,4,1,1,11,172807,9,2
dev_0008674,1,attack,burst,attack_burst,6,2026-01-29 09:04:01+00:00,True,True,review,5,6,5,4,3,2,12,15,0,0
dev_0008675,1,attack,burst,attack_burst,10,2026-01-19 20:52:16+00:00,True,True,review,5,7,5,4,1,1,74,98,3,2
dev_0008676,1,attack,burst,attack_burst,11,2026-01-15 10:47:03+00:00,True,True,review,4,6,4,3,3,2,8,14,5,0
dev_0008677,1,attack,burst,attack_burst,6,2026-01-12 23:07:02+00:00,True,True,review,5,6,5,4,1,1,10,12,0,3
dev_0008678,1,attack,burst,attack_burst,11,2026-01-06 19:42:04+00:00,True,True,review,5,6,5,4,3,2,10,12,5,0
dev_0008679,1,attack,burst,attack_burst,9,2026-01-17 11:49:03+00:00,True,True,review,5,7,5,3,2,2,7,13,2,4
dev_0008680,1,attack,burst,attack_burst,10,2026-01-26 11:07:04+00:00,True,True,review,5,6,5,3,2,2,6,8,4,1
dev_0008682,1,attack,burst,attack_burst,6,2026-01-28 00:07:02+00:00,True,False,review,5,,5,4,2,1,8,,0,2
dev_0008683,1,attack,burst,attack_burst,10,2026-01-15 20:53:01+00:00,True,True,review,5,6,5,3,3,2,13,15,4,0
dev_0008684,1,attack,burst,attack_burst,9,2026-01-27 05:51:02+00:00,True,True,review,5,6,5,4,2,2,8,9,3,4
dev_0008685,1,attack,burst,attack_burst,10,2026-01-10 22:41:01+00:00,True,True,review,6,7,6,5,3,2,14,16,3,3
dev_0008686,1,attack,burst,attack_burst,8,2026-01-01 01:37:04+00:00,True,True,review,5,6,5,4,3,3,12,15,2,3
dev_0008688,1,attack,burst,attack_burst,9,2026-01-22 12:31:01+00:00,True,True,review,6,7,6,4,4,3,8,10,2,1
dev_0008690,1,attack,burst,attack_burst,9,2026-01-17 15:21:02+00:00,True,True,block,4,4,4,2,3,2,6,6,5,3
dev_0008691,1,attack,burst,attack_burst,7,2026-01-26 23:23:03+00:00,True,True,review,5,6,5,4,4,3,10,12,1,3
dev_0008692,1,attack,burst,attack_burst,6,2026-01-19 02:24:01+00:00,True,True,review,4,6,4,2,3,2,3,10,0,1
dev_0008693,1,attack,burst,attack_burst,11,2026-01-16 01:52:01+00:00,True,True,review,5,6,5,3,1,1,11,14,5,4
dev_0008695,1,attack,burst,attack_burst,9,2026-01-03 14:40:18+00:00,True,True,review,5,6,5,4,2,2,62,79,3,3
dev_0008696,1,attack,burst,attack_burst,18,2026-01-03 15:21:04+00:00,True,True,review,5,6,5,4,1,1,13,14,12,1
dev_0008697,1,attack,burst,attack_burst,11,2026-01-14 23:50:11+00:00,True,True,review,6,8,6,5,3,2,75,96,3,4
dev_0008700,1,attack,burst,attack_burst,12,2026-01-11 09:55:03+00:00,True,True,review,6,7,6,4,1,1,7,8,5,0
dev_0008701,1,attack,burst,attack_burst,11,2026-01-05 15:58:03+00:00,True,True,review,6,7,6,5,2,2,14,16,4,0
dev_0008702,1,attack,burst,attack_burst,9,2026-01-11 21:14:02+00:00,True,True,review,6,7,6,5,5,4,15,19,2,0
dev_0008703,1,attack,burst,attack_burst,10,2026-01-15 15:57:04+00:00,True,True,review,5,6,5,4,1,1,12,13,4,1
dev_0008704,1,attack,burst,attack_burst,11,2026-01-15 06:12:13+00:00,True,True,review,5,7,5,4,3,2,60,89,4,3
dev_0008705,1,attack,burst,attack_burst,8,2026-01-22 15:34:01+00:00,True,True,review,5,6,5,4,2,2,12,14,2,1
dev_0008707,1,attack,burst,attack_burst,10,2026-01-05 12:37:04+00:00,True,True,review,5,6,5,4,2,2,11,13,4,3
dev_0008709,1,attack,burst,attack_burst,6,2026-01-03 17:23:02+00:00,True,False,review,4,,4,2,3,2,7,,0,0
dev_0008710,1,attack,burst,attack_burst,15,2026-01-03 05:10:01+00:00,True,True,review,6,7,6,5,2,2,9,10,8,2
dev_0008711,1,attack,burst,attack_burst,8,2026-01-25 07:15:02+00:00,True,True,review,6,7,6,5,3,2,13,17,1,3
dev_0008712,1,attack,burst,attack_burst,10,2026-01-02 10:12:10+00:00,True,True,review,5,6,5,4,2,1,70,92,4,3
dev_0008713,1,attack,burst,attack_burst,15,2026-01-01 14:52:01+00:00,True,True,review,6,7,6,4,2,1,13,15,8,2
dev_0008716,1,attack,burst,attack_burst,11,2026-01-08 15:30:02+00:00,True,True,review,5,6,5,4,2,2,11,13,5,1
dev_0008717,1,attack,burst,attack_burst,11,2026-01-07 21:58:02+00:00,True,True,review,6,7,6,4,5,3,10,11,4,4
dev_0008718,1,attack,burst,attack_burst,6,2026-01-18 19:44:02+00:00,True,True,review,5,6,5,3,3,2,13,17,0,3
dev_0008721,1,attack,burst,attack_burst,11,2026-01-25 08:00:17+00:00,True,True,review,5,6,5,4,3,3,66,85,5,4
dev_0008722,1,attack,burst,attack_burst,7,2026-01-18 18:53:04+00:00,True,True,review,5,7,5,3,2,1,9,14,0,2
dev_0008723,1,attack,burst,attack_burst,11,2026-01-11 13:53:04+00:00,True,True,review,5,6,5,4,3,2,13,14,5,0
dev_0008724,1,attack,burst,attack_burst,8,2026-01-27 00:46:02+00:00,True,True,review,4,6,4,3,3,2,6,9,2,0
dev_0008725,1,attack,burst,attack_burst,8,2026-01-11 21:58:03+00:00,True,True,review,5,6,5,4,2,2,11,14,2,3
dev_0008726,1,attack,burst,attack_burst,12,2026-01-25 20:52:04+00:00,True,True,review,5,7,5,4,1,1,8,12,5,2
dev_0008727,1,attack,burst,attack_burst,13,2026-01-01 07:33:13+00:00,True,True,review,5,7,5,4,2,2,62,172790,6,0
dev_0008728,1,attack,burst,attack_burst,10,2026-01-16 23:06:01+00:00,True,True,review,5,6,5,3,2,2,11,14,4,3
dev_0008729,1,attack,burst,attack_burst,10,2026-01-03 12:09:01+00:00,True,True,review,5,6,5,4,3,3,14,18,4,0
dev_0008730,1,attack,burst,attack_burst,11,2026-01-04 16:04:04+00:00,True,True,block,6,6,6,5,3,2,15,15,5,4
dev_0008731,1,attack,burst,attack_burst,12,2026-01-02 02:52:02+00:00,True,True,review,5,7,5,4,2,2,10,17,5,1
dev_0008732,1,attack,burst,attack_burst,10,2026-01-03 22:19:01+00:00,True,True,review,6,7,6,5,3,2,14,18,3,1
dev_0008733,1,attack,burst,attack_burst,14,2026-01-16 09:47:02+00:00,True,True,review,6,7,6,5,2,2,12,15,7,2
dev_0008735,1,attack,burst,attack_burst,9,2026-01-24 16:39:02+00:00,True,True,review,5,7,5,3,2,1,7,14,2,2
dev_0008736,1,attack,burst,attack_burst,11,2026-01-06 03:59:02+00:00,True,True,review,5,7,5,4,2,2,14,17,4,0
dev_0008737,1,attack,burst,attack_burst,11,2026-01-26 06:21:17+00:00,True,True,review,6,7,6,5,1,1,88,106,4,3
dev_0008738,1,attack,burst,attack_burst,10,2026-01-16 07:41:01+00:00,True,True,review,5,6,5,3,2,2,9,12,4,3
dev_0008739,1,attack,burst,attack_burst,7,2026-01-04 19:09:04+00:00,True,True,review,6,7,6,4,3,1,9,10,0,4
dev_0008740,1,attack,burst,attack_burst,11,2026-01-29 00:08:02+00:00,True,True,review,4,6,4,3,1,1,8,14,5,0
dev_0008741,1,attack,burst,attack_burst,17,2026-01-02 05:58:02+00:00,True,True,review,6,7,6,4,4,3,7,9,10,2
dev_0008742,1,attack,burst,attack_burst,11,2026-01-18 17:06:17+00:00,True,True,review,5,7,5,4,2,2,68,107,4,4
dev_0008743,1,attack,burst,attack_burst,9,2026-01-08 17:01:04+00:00,True,True,review,6,7,6,5,2,2,12,13,2,4
dev_0008744,1,attack,burst,attack_burst,12,2026-01-13 16:36:01+00:00,True,True,review,5,6,5,4,1,1,10,11,6,1
dev_0008745,1,attack,burst,attack_burst,17,2026-01-10 15:31:08+00:00,True,True,block,6,6,6,5,3,2,71,71,11,3
dev_0008746,1,attack,burst,attack_burst,24,2026-01-15 10:11:02+00:00,True,True,review,5,6,5,4,2,1,10,11,18,0
dev_0008748,1,attack,burst,attack_burst,9,2026-01-16 01:34:03+00:00,True,True,review,4,6,4,3,1,1,8,13,3,1
dev_0008749,1,attack,burst,attack_burst,11,2026-01-04 07:12:04+00:00,True,True,review,5,6,5,4,2,2,9,11,5,0
dev_0008750,1,attack,burst,attack_burst,26,2026-01-30 05:27:02+00:00,True,True,review,4,6,4,3,4,3,8,16,20,2
dev_0008751,1,attack,burst,attack_burst,10,2026-01-19 10:21:03+00:00,True,True,review,4,7,4,3,3,2,4,13,3,2
dev_0008753,1,attack,burst,attack_burst,18,2026-01-02 21:50:01+00:00,True,True,block,6,6,6,5,3,2,14,14,12,2
dev_0008754,1,attack,burst,attack_burst,25,2026-01-16 15:28:04+00:00,True,True,review,5,7,5,4,1,1,7,11,18,0
dev_0008755,1,attack,burst,attack_burst,29,2026-01-30 15:19:04+00:00,True,True,review,4,6,4,3,3,3,12,18,23,2
dev_0008756,1,attack,burst,attack_burst,9,2026-01-01 13:20:03+00:00,True,True,review,5,7,5,4,1,1,14,19,2,0
dev_0008758,1,attack,burst,attack_burst,11,2026-01-23 12:39:03+00:00,True,True,review,5,6,5,4,3,2,9,11,5,1
dev_0008759,1,attack,burst,attack_burst,6,2026-01-28 17:15:01+00:00,True,True,review,5,6,5,4,2,2,9,13,0,3
dev_0008760,1,attack,burst,attack_burst,6,2026-01-13 20:32:04+00:00,True,False,review,5,,5,3,2,1,11,,0,2
dev_0008762,1,attack,burst,attack_burst,20,2026-01-13 12:30:02+00:00,True,True,review,4,6,4,3,3,3,10,15,14,2
dev_0008763,1,attack,burst,attack_burst,19,2026-01-30 03:32:01+00:00,True,True,review,5,6,5,4,2,2,10,14,13,4
dev_0008764,1,attack,burst,attack_burst,6,2026-01-01 07:08:08+00:00,True,True,review,5,6,5,4,3,2,54,65,0,1
dev_0008765,1,attack,burst,attack_burst,9,2026-01-01 01:59:03+00:00,True,True,review,5,6,5,3,2,1,9,12,3,1
dev_0008766,1,attack,burst,attack_burst,9,2026-01-06 23:29:02+00:00,True,True,review,5,6,5,4,4,3,6,9,3,2
dev_0008767,1,attack,burst,attack_burst,11,2026-01-12 03:13:02+00:00,True,True,review,5,6,5,4,2,2,8,9,5,3
dev_0008769,1,attack,burst,attack_burst,6,2026-01-26 15:11:13+00:00,True,True,review,5,6,5,4,2,1,61,74,0,2
dev_0008771,1,attack,burst,attack_burst,18,2026-01-23 18:23:04+00:00,True,True,review,5,6,5,4,3,2,12,15,12,0
dev_0008772,1,attack,burst,attack_burst,10,2026-01-29 05:36:02+00:00,True,True,review,5,7,5,4,2,2,6,12,3,0
dev_0008773,1,attack,burst,attack_burst,11,2026-01-05 06:00:01+00:00,True,True,review,5,6,5,4,2,2,8,10,5,1
dev_0008774,1,attack,burst,attack_burst,11,2026-01-05 19:11:04+00:00,True,True,review,5,6,5,4,2,2,15,17,5,4
dev_0008775,1,attack,burst,attack_burst,9,2026-01-13 11:17:04+00:00,True,True,review,6,7,6,5,3,2,14,16,2,4
dev_0008776,1,attack,burst,attack_burst,6,2026-01-01 00:15:11+00:00,True,False,review,6,,6,5,2,2,81,,0,4
dev_0008777,1,attack,burst,attack_burst,12,2026-01-23 02:42:15+00:00,True,True,review,5,7,5,4,3,2,66,101,5,2
dev_0008778,1,attack,burst,attack_burst,12,2026-01-27 18:47:04+00:00,True,True,review,5,6,5,4,3,2,9,10,6,0
dev_0008779,1,attack,burst,attack_burst,11,2026-01-24 06:40:10+00:00,True,True,review,6,7,6,5,3,2,73,95,4,4
dev_0008780,1,attack,burst,attack_burst,23,2026-01-04 11:17:01+00:00,True,True,review,4,6,4,2,3,1,7,10,17,1
dev_0008781,1,attack,burst,attack_burst,7,2026-01-20 22:37:03+00:00,True,True,review,6,7,6,5,2,2,16,20,0,4
dev_0008783,1,attack,burst,attack_burst,10,2026-01-21 05:31:02+00:00,True,True,review,5,6,5,4,3,2,12,13,4,0
dev_0008784,1,attack,burst,attack_burst,11,2026-01-22 04:12:04+00:00,True,True,review,4,6,4,3,3,2,7,13,5,0
dev_0008786,1,attack,burst,attack_burst,8,2026-01-27 18:10:01+00:00,True,True,review,6,7,6,5,3,2,12,14,1,4
dev_0008788,1,attack,burst,attack_burst,12,2026-01-09 01:10:03+00:00,True,True,review,6,7,6,5,2,2,9,10,5,4
dev_0008789,1,attack,burst,attack_burst,9,2026-01-04 05:57:04+00:00,True,True,review,6,7,6,5,3,3,10,11,2,1
dev_0008791,1,attack,burst,attack_burst,9,2026-01-06 00:35:17+00:00,True,True,block,6,6,6,5,3,2,71,71,3,2
dev_0008794,1,attack,burst,attack_burst,10,2026-01-10 14:44:04+00:00,True,True,review,6,7,6,5,2,2,12,16,3,2
dev_0008795,1,attack,burst,attack_burst,9,2026-01-28 00:38:19+00:00,True,True,review,7,8,7,6,1,1,102,113,1,2
dev_0008796,1,attack,burst,attack_burst,9,2026-01-02 13:55:01+00:00,True,True,review,6,7,6,4,3,3,10,12,2,4
dev_0008797,1,attack,burst,attack_burst,24,2026-01-25 18:43:02+00:00,True,True,review,5,6,5,4,3,2,6,10,18,2
dev_0008798,1,attack,burst,attack_burst,29,2026-01-05 13:29:03+00:00,True,True,review,6,7,6,4,3,2,12,15,22,3
dev_0008799,1,attack,burst,attack_burst,11,2026-01-10 10:36:01+00:00,True,True,review,6,7,6,5,4,3,11,14,4,1
dev_0008800,1,attack,burst,attack_burst,7,2026-01-21 08:23:03+00:00,True,True,block,6,6,6,5,3,3,10,10,1,3
dev_0008801,1,attack,burst,attack_burst,10,2026-01-21 04:22:03+00:00,True,True,review,5,7,5,3,1,1,11,16,3,4
dev_0008802,1,attack,burst,attack_burst,6,2026-01-02 17:31:15+00:00,True,True,review,4,6,4,3,3,2,51,78,0,1
dev_0008804,1,attack,burst,attack_burst,6,2026-01-24 19:13:02+00:00,True,True,review,5,6,5,4,3,3,9,11,0,3
dev_0008805,1,attack,burst,attack_burst,10,2026-01-25 02:55:02+00:00,True,True,review,5,7,5,4,3,2,14,19,3,3
dev_0008806,1,attack,burst,attack_burst,12,2026-01-24 13:48:01+00:00,True,True,review,5,7,5,4,2,1,12,14,5,1
dev_0008807,1,attack,burst,attack_burst,11,2026-01-16 13:57:01+00:00,True,True,review,5,6,5,3,4,2,10,11,5,3
dev_0008809,1,attack,burst,attack_burst,6,2026-01-27 19:09:01+00:00,True,True,block,6,6,6,5,4,4,8,8,0,4
dev_0008811,1,attack,burst,attack_burst,7,2026-01-05 12:08:01+00:00,True,True,review,6,7,6,5,3,2,13,15,0,4
dev_0008812,1,attack,burst,attack_burst,17,2026-01-07 02:20:03+00:00,True,True,review,4,7,4,3,3,2,7,14,10,4
dev_0008813,1,attack,burst,attack_burst,10,2026-01-15 01:00:01+00:00,True,True,review,5,7,5,4,2,2,10,17,3,4
dev_0008815,1,attack,burst,attack_burst,12,2026-01-18 23:56:19+00:00,True,True,review,4,6,4,3,3,3,37,80,6,1
dev_0008817,1,attack,burst,attack_burst,11,2026-01-25 10:59:18+00:00,True,True,review,6,7,6,5,3,2,77,101,4,3
dev_0008818,1,attack,burst,attack_burst,9,2026-01-01 05:57:03+00:00,True,True,review,6,7,6,4,3,1,11,15,2,0
dev_0008819,1,attack,burst,attack_burst,11,2026-01-06 12:21:24+00:00,True,True,review,5,8,5,4,2,1,83,124,3,2
dev_0008821,1,attack,burst,attack_burst,10,2026-01-30 19:53:01+00:00,True,True,review,5,6,5,4,3,2,13,16,4,0
dev_0008822,1,attack,burst,attack_burst,12,2026-01-28 13:45:03+00:00,True,True,review,6,7,6,5,3,2,11,15,5,0
dev_0008823,1,attack,burst,attack_burst,11,2026-01-19 10:47:01+00:00,True,True,review,5,6,5,4,3,3,12,14,5,4
dev_0008824,1,attack,burst,attack_burst,9,2026-01-30 01:18:08+00:00,True,True,review,6,7,6,5,2,2,85,101,2,1
dev_0008825,1,attack,burst,attack_burst,8,2026-01-09 03:09:03+00:00,True,True,review,5,6,5,4,3,2,10,12,2,2
dev_0008826,1,attack,burst,attack_burst,7,2026-01-14 00:33:03+00:00,True,True,review,5,6,5,4,2,2,13,17,1,1
dev_0008827,1,attack,burst,attack_burst,6,2026-01-08 01:10:01+00:00,True,True,review,4,6,4,3,3,2,7,13,0,0
dev_0008828,1,attack,burst,attack_burst,10,2026-01-29 18:03:01+00:00,True,True,review,5,7,5,4,3,2,10,15,3,0
dev_0008829,1,attack,burst,attack_burst,18,2026-01-14 12:52:01+00:00,True,True,review,5,7,5,4,3,2,6,11,11,0
dev_0008830,1,attack,burst,attack_burst,8,2026-01-18 04:41:04+00:00,True,True,review,6,7,6,5,4,3,18,20,1,1
dev_0008831,1,attack,burst,attack_burst,21,2026-01-15 08:23:01+00:00,True,True,review,5,6,5,4,3,2,8,11,15,0
dev_0008832,1,attack,burst,attack_burst,9,2026-01-21 10:01:01+00:00,True,True,review,5,6,5,4,1,1,15,18,3,1
dev_0008834,1,attack,burst,attack_burst,10,2026-01-27 02:52:04+00:00,True,True,review,5,6,5,3,2,2,10,12,4,2
dev_0008835,1,attack,burst,attack_burst,10,2026-01-27 21:53:03+00:00,True,True,review,5,6,5,4,1,1,14,16,4,3
dev_0008836,1,attack,burst,attack_burst,8,2026-01-22 06:10:13+00:00,True,True,review,5,7,5,4,3,2,69,100,1,0
dev_0008837,1,attack,burst,attack_burst,16,2026-01-07 18:14:03+00:00,True,True,review,5,6,5,4,3,2,12,16,10,0
dev_0008838,1,attack,burst,attack_burst,12,2026-01-12 04:50:04+00:00,True,True,review,5,6,5,4,3,3,9,10,6,4
dev_0008839,1,attack,burst,attack_burst,12,2026-01-16 17:23:01+00:00,True,True,review,6,7,6,4,4,3,11,13,5,2
dev_0008840,1,attack,burst,attack_burst,7,2026-01-24 01:23:13+00:00,True,True,review,6,7,6,5,4,3,78,94,0,0
dev_0008841,1,attack,burst,attack_burst,8,2026-01-03 17:29:01+00:00,True,True,review,5,6,5,4,2,2,13,17,2,1
dev_0008842,1,attack,burst,attack_burst,6,2026-01-16 07:10:04+00:00,True,False,review,5,,5,4,4,3,9,,0,0
dev_0008843,1,attack,burst,attack_burst,8,2026-01-27 18:28:01+00:00,True,True,review,5,6,5,4,4,3,12,16,2,2
dev_0008848,1,attack,burst,attack_burst,10,2026-01-02 17:25:02+00:00,True,True,review,5,6,5,4,4,3,11,12,4,0
dev_0008850,1,attack,burst,attack_burst,11,2026-01-02 00:25:04+00:00,True,True,block,6,6,6,5,5,4,10,10,5,1
dev_0008851,1,attack,burst,attack_burst,23,2026-01-11 20:43:01+00:00,True,True,block,6,6,6,5,3,3,9,9,17,3
dev_0008852,1,attack,burst,attack_burst,16,2026-01-03 03:20:01+00:00,True,True,review,5,7,5,4,2,2,13,19,9,0
dev_0008854,1,attack,burst,attack_burst,10,2026-01-09 16:47:19+00:00,True,True,review,7,8,7,6,1,1,94,117,2,3
dev_0008855,1,attack,burst,attack_burst,6,2026-01-28 00:48:10+00:00,True,False,review,6,,6,5,3,3,82,,0,3
dev_0008857,1,attack,burst,attack_burst,7,2026-01-27 16:18:19+00:00,True,True,review,6,7,6,5,2,2,72,86,0,3
dev_0008860,1,attack,burst,attack_burst,10,2026-01-16 18:57:13+00:00,True,True,review,5,6,5,4,3,3,76,95,4,1
dev_0008861,1,attack,burst,attack_burst,9,2026-01-26 21:15:17+00:00,True,True,block,6,6,6,5,3,2,96,96,3,0
dev_0008862,1,attack,burst,attack_burst,20,2026-01-01 18:58:14+00:00,True,True,review,6,7,6,5,2,2,83,94,13,4
dev_0008863,1,attack,burst,attack_burst,12,2026-01-11 12:34:04+00:00,True,True,review,5,7,5,4,3,2,10,17,5,4
dev_0008864,1,attack,burst,attack_burst,17,2026-01-09 23:29:09+00:00,True,True,review,6,7,6,5,2,2,94,112,10,3
dev_0008865,1,attack,burst,attack_burst,6,2026-01-04 17:02:03+00:00,True,False,review,5,,5,4,3,2,10,,0,1
dev_0008866,1,attack,burst,attack_burst,7,2026-01-07 04:47:03+00:00,True,True,review,6,7,6,5,1,1,9,11,0,2
dev_0008867,1,attack,burst,attack_burst,8,2026-01-23 21:28:02+00:00,True,True,review,5,6,5,4,2,2,12,16,2,3
dev_0008868,1,attack,burst,attack_burst,7,2026-01-02 11:09:02+00:00,True,True,review,6,7,6,5,3,2,13,14,0,2
dev_0008869,1,attack,burst,attack_burst,11,2026-01-19 09:05:02+00:00,True,True,review,5,6,5,4,2,2,11,12,5,3
dev_0008870,1,attack,burst,attack_burst,20,2026-01-08 18:59:02+00:00,True,True,review,5,6,5,4,1,1,9,13,14,3
dev_0008872,1,attack,burst,attack_burst,20,2026-01-11 11:29:01+00:00,True,True,review,5,6,5,3,3,2,6,7,14,2
dev_0008873,1,attack,burst,attack_burst,11,2026-01-21 04:59:04+00:00,True,True,review,5,6,5,4,3,3,7,9,5,0
dev_0008874,1,attack,burst,attack_burst,11,2026-01-11 02:59:03+00:00,True,True,review,6,7,6,5,3,2,14,18,4,0
dev_0008875,1,attack,burst,attack_burst,6,2026-01-21 03:09:02+00:00,True,True,review,5,6,5,4,4,3,12,14,0,4
dev_0008876,1,attack,burst,attack_burst,12,2026-01-27 05:56:18+00:00,True,True,review,5,6,5,4,2,2,66,74,6,1
dev_0008877,1,attack,burst,attack_burst,25,2026-01-19 23:38:19+00:00,True,True,review,6,7,6,5,2,2,102,86385,18,1
dev_0008878,1,attack,burst,attack_burst,9,2026-01-15 05:50:11+00:00,True,True,review,5,6,5,4,2,2,81,93,3,1
dev_0008879,1,attack,burst,attack_burst,8,2026-01-24 17:26:01+00:00,True,True,review,6,7,6,5,3,3,11,15,1,4
dev_0008881,1,attack,burst,attack_burst,7,2026-01-20 16:48:01+00:00,True,True,review,5,7,5,3,1,1,11,16,0,4
dev_0008882,1,attack,burst,attack_burst,6,2026-01-13 19:14:03+00:00,True,True,review,5,6,5,4,3,2,10,12,0,3
dev_0008883,1,attack,burst,attack_burst,7,2026-01-11 21:36:16+00:00,True,True,review,4,6,4,3,3,3,56,86,1,1
dev_0008884,1,attack,burst,attack_burst,11,2026-01-06 19:48:04+00:00,True,True,review,4,6,4,3,3,3,10,17,5,0
dev_0008886,1,attack,burst,attack_burst,24,2026-01-13 05:30:03+00:00,True,True,review,5,6,5,4,3,3,8,10,18,2
dev_0008887,1,attack,burst,attack_burst,9,2026-01-13 02:55:09+00:00,True,True,review,5,6,5,4,3,3,42,59,3,4
dev_0008888,1,attack,burst,attack_burst,7,2026-01-16 09:40:08+00:00,True,True,review,5,7,5,4,2,2,57,91,0,2
dev_0008889,1,attack,burst,attack_burst,8,2026-01-30 13:56:04+00:00,True,True,block,6,6,6,5,4,4,14,14,2,2
dev_0008890,1,attack,burst,attack_burst,10,2026-01-17 15:51:01+00:00,True,True,review,5,6,5,3,3,1,12,13,4,0
dev_0008891,1,attack,burst,attack_burst,7,2026-01-02 22:33:01+00:00,True,True,review,6,7,6,5,3,2,10,13,0,1
dev_0008892,1,attack,burst,attack_burst,15,2026-01-23 12:31:04+00:00,True,True,review,5,6,5,4,4,4,10,13,9,1
dev_0008895,1,attack,burst,attack_burst,11,2026-01-29 05:57:04+00:00,True,True,review,5,7,5,3,3,2,9,13,4,2
dev_0008897,1,attack,burst,attack_burst,8,2026-01-22 06:10:18+00:00,True,True,review,4,5,4,3,3,2,45,56,3,3
dev_0008898,1,attack,burst,attack_burst,12,2026-01-26 19:13:02+00:00,True,True,review,5,6,5,4,3,3,9,13,6,0
dev_0008900,1,attack,burst,attack_burst,12,2026-01-20 04:02:04+00:00,True,True,review,5,6,5,4,2,2,10,12,6,3
dev_0008901,1,attack,burst,attack_burst,9,2026-01-15 16:11:02+00:00,True,True,review,5,6,5,3,2,1,9,13,3,2
dev_0008902,1,attack,burst,attack_burst,8,2026-01-04 12:37:01+00:00,True,True,review,5,6,5,4,1,1,8,10,2,3
dev_0008903,1,attack,burst,attack_burst,6,2026-01-10 00:13:03+00:00,True,True,block,6,6,6,5,3,2,13,13,0,0
dev_0008904,1,attack,burst,attack_burst,8,2026-01-22 21:24:24+00:00,True,True,review,5,6,5,4,2,1,62,74,2,1
dev_0008905,1,attack,burst,attack_burst,12,2026-01-15 23:11:04+00:00,True,True,review,4,7,4,3,3,2,7,13,5,3
dev_0008907,1,attack,burst,attack_burst,8,2026-01-04 16:51:01+00:00,True,True,review,5,6,5,4,4,4,11,13,2,0
dev_0008908,1,attack,burst,attack_burst,6,2026-01-13 00:40:02+00:00,True,False,review,5,,5,4,3,3,12,,0,4
dev_0008911,1,attack,burst,attack_burst,6,2026-01-07 13:15:14+00:00,True,False,review,5,,5,4,2,2,65,,0,2
dev_0008912,1,attack,burst,attack_burst,11,2026-01-27 22:42:03+00:00,True,True,review,5,6,5,3,2,2,5,9,5,0
dev_0008913,1,attack,burst,attack_burst,7,2026-01-23 03:36:03+00:00,True,True,review,6,7,6,4,3,2,10,11,0,0
dev_0008915,1,attack,burst,attack_burst,19,2026-01-16 02:04:01+00:00,True,True,review,5,6,5,3,2,1,9,13,13,0
dev_0008916,1,attack,burst,attack_burst,8,2026-01-21 01:25:01+00:00,True,True,review,4,6,4,3,3,3,8,14,2,4
dev_0008917,1,attack,burst,attack_burst,7,2026-01-13 09:40:24+00:00,True,True,block,6,6,6,5,3,3,69,69,1,4
dev_0008918,1,attack,burst,attack_burst,7,2026-01-25 22:16:09+00:00,True,True,review,5,6,5,4,2,2,56,73,1,0
dev_0008919,1,attack,burst,attack_burst,12,2026-01-20 22:42:02+00:00,True,True,review,6,7,6,4,2,2,7,10,5,4
dev_0008920,1,attack,burst,attack_burst,6,2026-01-22 12:10:02+00:00,True,True,review,5,6,5,4,3,2,11,12,0,1
dev_0008921,1,attack,burst,attack_burst,7,2026-01-09 07:40:03+00:00,True,True,review,4,6,4,3,3,3,8,14,1,2
dev_0008922,1,attack,burst,attack_burst,10,2026-01-19 21:56:04+00:00,True,True,review,5,6,5,4,3,2,7,10,4,1
dev_0008923,1,attack,burst,attack_burst,9,2026-01-21 03:18:04+00:00,True,True,review,6,7,6,5,2,2,13,17,2,3
dev_0008924,1,attack,burst,attack_burst,7,2026-01-13 16:08:02+00:00,True,True,review,6,7,6,5,3,3,9,10,0,3
dev_0008925,1,attack,burst,attack_burst,6,2026-01-20 23:12:21+00:00,True,True,review,5,6,5,4,3,2,81,90,0,1
dev_0008926,1,attack,burst,attack_burst,23,2026-01-18 08:30:01+00:00,True,True,review,5,7,5,4,3,2,9,11,16,0
dev_0008927,1,attack,burst,attack_burst,6,2026-01-25 09:38:03+00:00,True,False,review,6,,6,4,1,1,11,,0,4
dev_0008929,1,attack,burst,attack_burst,8,2026-01-28 06:44:01+00:00,True,True,review,4,6,4,2,2,2,6,11,2,0
dev_0008930,1,attack,burst,attack_burst,7,2026-01-25 19:16:04+00:00,True,True,review,5,7,5,3,4,2,12,19,0,2
dev_0008931,1,attack,burst,attack_burst,6,2026-01-25 15:12:04+00:00,True,True,review,5,6,5,4,1,1,9,13,0,1
dev_0008932,1,attack,burst,attack_burst,13,2026-01-29 18:54:11+00:00,True,True,review,5,6,5,4,3,3,63,81,7,2
dev_0008933,1,attack,burst,attack_burst,6,2026-01-15 06:09:03+00:00,True,False,review,4,,4,3,3,2,5,,0,0
dev_0008934,1,attack,burst,attack_burst,8,2026-01-14 21:44:21+00:00,True,True,review,5,6,5,4,4,3,86,97,2,3
dev_0008935,1,attack,burst,attack_burst,8,2026-01-14 03:05:01+00:00,True,True,review,5,6,5,4,2,2,13,15,2,2
dev_0008936,1,attack,burst,attack_burst,7,2026-01-05 06:43:01+00:00,True,True,review,5,6,5,3,1,1,8,10,1,2
dev_0008937,1,attack,burst,attack_burst,11,2026-01-14 22:03:03+00:00,True,True,block,7,7,7,6,3,3,10,10,4,4
dev_0008938,1,attack,burst,attack_burst,9,2026-01-01 01:17:04+00:00,True,True,review,5,6,5,4,2,2,9,13,3,1
dev_0008939,1,attack,burst,attack_burst,13,2026-01-11 01:31:13+00:00,True,True,review,5,6,5,4,2,2,52,76,7,3
dev_0008940,1,attack,burst,attack_burst,11,2026-01-19 13:46:23+00:00,True,True,review,5,6,5,4,4,4,45,56,5,4
dev_0008942,1,attack,burst,attack_burst,29,2026-01-20 11:42:02+00:00,True,True,review,5,7,5,4,3,2,15,23,22,1
dev_0008943,1,attack,burst,attack_burst,10,2026-01-07 00:36:01+00:00,True,True,review,5,6,5,3,1,1,10,14,4,1
dev_0008945,1,attack,burst,attack_burst,8,2026-01-01 23:20:04+00:00,True,True,review,6,7,6,5,1,1,14,18,1,4
dev_0008946,1,attack,burst,attack_burst,8,2026-01-30 06:00:20+00:00,True,True,review,5,6,5,4,3,3,65,75,2,4
dev_0008947,1,attack,burst,attack_burst,8,2026-01-17 16:38:13+00:00,True,True,review,6,7,6,5,3,3,85,102,1,3
dev_0008951,1,attack,burst,attack_burst,12,2026-01-05 21:49:19+00:00,True,True,review,6,7,6,5,3,2,57,74,5,4
dev_0008952,1,attack,burst,attack_burst,8,2026-01-03 16:57:01+00:00,True,True,review,5,7,5,4,3,3,7,14,1,2
dev_0008953,1,attack,burst,attack_burst,7,2026-01-15 15:38:02+00:00,True,True,review,4,6,4,3,3,2,7,9,1,3
dev_0008954,1,attack,burst,attack_burst,8,2026-01-21 01:43:03+00:00,True,True,review,5,6,5,4,3,3,10,14,2,1
dev_0008955,1,attack,burst,attack_burst,12,2026-01-29 10:28:17+00:00,True,True,review,6,8,6,5,2,2,84,124,4,2
dev_0008956,1,attack,burst,attack_burst,12,2026-01-06 19:15:04+00:00,True,True,review,6,7,6,4,4,3,8,11,5,0
dev_0008957,1,attack,burst,attack_burst,7,2026-01-12 03:39:01+00:00,True,True,review,6,7,6,4,1,1,11,13,0,4
dev_0008958,1,attack,burst,attack_burst,12,2026-01-17 07:27:04+00:00,True,True,review,5,6,5,4,3,2,11,14,6,4
dev_0008959,1,attack,burst,attack_burst,18,2026-01-10 04:30:16+00:00,True,True,review,6,7,6,5,4,4,84,86387,11,4
dev_0008960,1,attack,burst,attack_burst,9,2026-01-21 13:11:03+00:00,True,True,review,5,6,5,4,2,2,12,13,3,3
dev_0008961,1,attack,burst,attack_burst,13,2026-01-07 03:45:04+00:00,True,True,review,6,7,6,5,3,3,10,259197,6,0
dev_0008962,1,attack,burst,attack_burst,6,2026-01-07 08:38:01+00:00,True,False,review,5,,5,4,3,2,9,,0,0
dev_0008963,1,attack,burst,attack_burst,12,2026-01-19 06:53:02+00:00,True,True,review,5,6,5,4,3,2,9,13,6,1
dev_0008964,1,attack,burst,attack_burst,8,2026-01-15 10:55:02+00:00,True,True,review,6,8,6,5,3,3,8,15,0,3
dev_0008965,1,attack,burst,attack_burst,11,2026-01-05 23:41:02+00:00,True,True,review,5,7,5,4,2,1,12,14,4,1
dev_0008966,1,attack,burst,attack_burst,12,2026-01-24 07:37:03+00:00,True,True,review,5,6,5,4,2,1,10,13,6,1
dev_0008967,1,attack,burst,attack_burst,18,2026-01-09 16:09:03+00:00,True,True,review,4,6,4,3,4,3,11,17,12,2
dev_0008968,1,attack,burst,attack_burst,11,2026-01-18 18:20:01+00:00,True,True,review,5,6,5,3,1,1,8,10,5,4
dev_0008970,1,attack,burst,attack_burst,9,2026-01-05 12:20:01+00:00,True,True,review,5,6,5,3,1,1,12,13,3,3
dev_0008971,1,attack,burst,attack_burst,7,2026-01-19 02:52:02+00:00,True,True,review,5,6,5,4,2,2,13,15,1,4
dev_0008972,1,attack,burst,attack_burst,27,2026-01-14 01:02:02+00:00,True,True,review,4,6,4,2,3,2,6,11,21,2
dev_0008974,1,attack,burst,attack_burst,11,2026-01-27 16:58:03+00:00,True,True,review,6,7,6,5,2,2,9,11,4,3
dev_0008976,1,attack,burst,attack_burst,10,2026-01-24 14:16:03+00:00,True,True,review,6,7,6,5,3,3,12,16,3,2
dev_0008977,1,attack,burst,attack_burst,11,2026-01-08 17:26:02+00:00,True,True,review,5,6,5,4,2,2,11,15,5,4
dev_0008978,1,attack,burst,attack_burst,9,2026-01-09 04:21:03+00:00,True,True,review,5,6,5,3,3,2,9,13,3,3
dev_0008979,1,attack,burst,attack_burst,6,2026-01-21 13:27:09+00:00,True,False,review,6,,6,5,2,2,67,,0,3
dev_0008980,1,attack,burst,attack_burst,9,2026-01-21 19:02:01+00:00,True,True,review,5,6,5,4,3,2,7,11,3,1
dev_0008981,1,attack,burst,attack_burst,7,2026-01-04 00:44:04+00:00,True,True,review,4,6,4,3,3,3,7,10,1,1
dev_0008982,1,attack,burst,attack_burst,7,2026-01-27 04:02:04+00:00,True,True,review,5,6,5,4,2,2,12,14,1,1
dev_0008983,1,attack,burst,attack_burst,9,2026-01-01 16:22:01+00:00,True,True,review,5,6,5,4,1,1,11,12,3,0
dev_0008984,1,attack,burst,attack_burst,8,2026-01-07 04:40:03+00:00,True,True,review,6,7,6,4,3,2,13,14,1,3
dev_0008985,1,attack,burst,attack_burst,11,2026-01-30 11:11:24+00:00,True,True,review,4,6,4,3,3,2,49,96,5,0
dev_0008986,1,attack,burst,attack_burst,11,2026-01-09 20:01:22+00:00,True,True,review,7,8,7,6,2,1,113,136,3,3
dev_0008987,1,attack,burst,attack_burst,12,2026-01-02 15:16:13+00:00,True,True,review,5,6,5,4,3,3,50,62,6,3
dev_0008988,1,attack,burst,attack_burst,7,2026-01-08 06:04:20+00:00,True,True,review,5,6,5,4,3,2,67,83,1,1
dev_0008989,1,attack,burst,attack_burst,10,2026-01-10 16:07:01+00:00,True,True,review,5,7,5,4,3,3,12,17,3,2
dev_0008990,1,attack,burst,attack_burst,11,2026-01-26 22:27:03+00:00,True,True,review,6,7,6,5,1,1,8,12,4,3
dev_0008991,1,attack,burst,attack_burst,6,2026-01-26 03:34:04+00:00,True,True,review,5,6,5,4,3,3,8,12,0,3
dev_0008992,1,attack,burst,attack_burst,6,2026-01-30 20:21:04+00:00,True,True,review,5,6,5,3,1,1,7,8,0,4
dev_0008993,1,attack,burst,attack_burst,11,2026-01-21 05:15:02+00:00,True,True,review,5,6,5,4,4,3,12,14,5,3
dev_0008994,1,attack,burst,attack_burst,9,2026-01-15 09:48:02+00:00,True,True,review,5,6,5,4,2,2,11,12,3,3
dev_0008996,1,attack,burst,attack_burst,10,2026-01-07 14:15:02+00:00,True,True,review,5,6,5,3,3,2,13,17,4,0
dev_0008998,1,attack,burst,attack_burst,10,2026-01-07 17:33:01+00:00,True,True,review,5,6,5,4,1,1,14,16,4,4
dev_0008999,1,attack,burst,attack_burst,9,2026-01-02 15:47:03+00:00,True,True,review,5,7,5,4,1,1,14,18,2,1
dev_0009001,1,attack,burst,attack_burst,10,2026-01-27 10:53:03+00:00,True,True,review,5,7,5,4,3,2,13,18,3,2
dev_0009002,1,attack,burst,attack_burst,17,2026-01-01 16:45:09+00:00,True,True,review,5,7,5,4,3,2,58,86395,10,4
dev_0009003,1,attack,burst,attack_burst,9,2026-01-04 04:14:03+00:00,True,True,review,6,7,6,5,3,3,12,13,2,2
dev_0009004,1,attack,burst,attack_burst,11,2026-01-05 09:11:10+00:00,True,True,review,5,6,5,4,4,3,49,57,5,2
dev_0009005,1,attack,burst,attack_burst,12,2026-01-01 04:15:04+00:00,True,True,review,6,7,6,4,3,3,14,16,5,0
dev_0009006,1,attack,burst,attack_burst,12,2026-01-20 09:28:02+00:00,True,True,review,5,6,5,3,1,1,12,13,6,1
dev_0009007,1,attack,burst,attack_burst,25,2026-01-27 10:07:02+00:00,True,True,review,5,6,5,4,3,2,15,19,19,4
dev_0009008,1,attack,burst,attack_burst,8,2026-01-05 13:21:01+00:00,True,True,block,4,4,4,3,3,2,8,8,4,2
dev_0009009,1,attack,burst,attack_burst,8,2026-01-13 15:44:02+00:00,True,True,review,6,7,6,4,2,2,9,11,1,2
dev_0009010,1,attack,burst,attack_burst,9,2026-01-13 00:03:01+00:00,True,True,review,6,7,6,5,4,3,13,15,2,2
dev_0009011,1,attack,burst,attack_burst,11,2026-01-03 02:14:02+00:00,True,True,review,5,6,5,4,2,2,11,13,5,4
dev_0009012,1,attack,burst,attack_burst,16,2026-01-02 06:06:09+00:00,True,True,review,5,6,5,4,3,2,67,87,10,1
dev_0009013,1,attack,burst,attack_burst,7,2026-01-15 12:20:04+00:00,True,True,review,5,6,5,4,2,2,13,17,1,4
dev_0009014,1,attack,burst,attack_burst,7,2026-01-06 17:07:04+00:00,True,True,review,5,6,5,4,3,3,10,12,1,4
dev_0009015,1,attack,burst,attack_burst,12,2026-01-02 00:30:02+00:00,True,True,review,5,7,5,4,2,1,9,12,5,4
dev_0009016,1,attack,burst,attack_burst,12,2026-01-01 13:25:01+00:00,True,True,review,5,6,5,4,2,2,11,15,6,4
dev_0009017,1,attack,burst,attack_burst,8,2026-01-12 15:48:03+00:00,True,True,review,5,6,5,3,2,2,9,12,2,0
dev_0009018,1,attack,burst,attack_burst,11,2026-01-14 02:04:01+00:00,True,True,review,5,6,5,3,1,1,9,12,5,4
dev_0009019,1,attack,burst,attack_burst,10,2026-01-02 02:25:04+00:00,True,True,block,6,6,6,5,4,3,7,7,4,0
dev_0009020,1,attack,burst,attack_burst,7,2026-01-28 19:20:24+00:00,True,True,review,6,7,6,5,2,1,85,102,0,3
dev_0009023,1,attack,burst,attack_burst,18,2026-01-27 07:35:04+00:00,True,True,review,6,7,6,4,3,2,12,15,11,0
dev_0009024,1,attack,burst,attack_burst,10,2026-01-14 05:14:03+00:00,True,True,review,6,7,6,5,3,2,14,16,3,3
dev_0009026,1,attack,burst,attack_burst,20,2026-01-19 03:59:16+00:00,True,True,review,5,6,5,4,2,2,77,88,14,3
dev_0009027,1,attack,burst,attack_burst,10,2026-01-21 18:17:20+00:00,True,True,review,5,6,5,4,3,3,52,65,4,2
dev_0009028,1,attack,burst,attack_burst,7,2026-01-30 05:20:01+00:00,True,True,review,5,6,5,3,4,3,8,11,1,2
dev_0009030,1,attack,burst,attack_burst,11,2026-01-01 05:55:01+00:00,True,True,review,4,6,4,3,3,2,6,13,5,3
dev_0009031,1,attack,burst,attack_burst,12,2026-01-12 00:19:02+00:00,True,True,review,4,6,4,3,3,2,6,9,6,2
dev_0009032,1,attack,burst,attack_burst,18,2026-01-27 23:38:04+00:00,True,True,review,5,7,5,4,1,1,15,19,11,3
dev_0009033,1,attack,burst,attack_burst,6,2026-01-24 10:48:11+00:00,True,True,review,4,6,4,3,3,2,49,72,0,0
dev_0009035,1,attack,burst,attack_burst,7,2026-01-20 14:06:04+00:00,True,True,review,6,7,6,5,3,3,11,12,0,1
dev_0009036,1,attack,burst,attack_burst,7,2026-01-12 00:47:04+00:00,True,True,review,5,6,5,4,2,2,13,17,1,4
dev_0009037,1,attack,burst,attack_burst,24,2026-01-14 18:52:12+00:00,True,True,review,6,7,6,5,2,2,83,103,17,3
dev_0009038,1,attack,burst,attack_burst,9,2026-01-23 07:00:02+00:00,True,True,review,5,6,5,4,2,2,12,14,3,1
dev_0009039,1,attack,burst,attack_burst,12,2026-01-19 04:19:03+00:00,True,True,review,5,6,5,4,3,2,9,12,6,3
dev_0009040,1,attack,burst,attack_burst,7,2026-01-15 23:52:01+00:00,True,True,review,5,6,5,4,2,2,10,13,1,4
dev_0009041,1,attack,burst,attack_burst,33,2026-01-18 10:10:03+00:00,True,True,review,5,6,5,4,3,2,9,11,27,1
dev_0009042,1,attack,burst,attack_burst,12,2026-01-20 09:03:01+00:00,True,True,review,4,6,4,3,4,3,7,10,6,2
dev_0009043,1,attack,burst,attack_burst,9,2026-01-17 16:59:02+00:00,True,True,review,6,7,6,4,3,1,13,15,2,2
dev_0009046,1,attack,burst,attack_burst,6,2026-01-22 04:46:01+00:00,True,True,review,5,6,5,4,5,4,15,16,0,1
dev_0009047,1,attack,burst,attack_burst,12,2026-01-10 15:16:02+00:00,True,True,review,5,6,5,4,2,2,13,15,6,3
dev_0009048,1,attack,burst,attack_burst,18,2026-01-13 08:40:09+00:00,True,True,review,5,6,5,4,3,2,49,71,12,4
dev_0009049,1,attack,burst,attack_burst,10,2026-01-05 04:53:03+00:00,True,True,review,4,6,4,3,3,3,5,10,4,3
dev_0009050,1,attack,burst,attack_burst,6,2026-01-27 16:20:13+00:00,False,False,never,,,6,6,,,,,0,3
dev_0009052,1,attack,burst,attack_burst,6,2026-01-03 07:41:02+00:00,True,True,review,5,6,5,4,4,3,11,15,0,0
dev_0009053,1,attack,burst,attack_burst,12,2026-01-01 22:46:13+00:00,True,True,review,5,6,5,4,3,3,77,89,6,4
dev_0009054,1,attack,burst,attack_burst,8,2026-01-18 15:10:03+00:00,True,True,review,6,7,6,4,3,1,15,18,1,4
dev_0009055,1,attack,burst,attack_burst,6,2026-01-03 10:08:02+00:00,True,True,review,5,6,5,3,4,2,8,9,0,1
dev_0009058,1,attack,burst,attack_burst,19,2026-01-20 02:38:04+00:00,True,True,review,5,6,5,3,2,2,10,13,13,4
dev_0009059,1,attack,burst,attack_burst,7,2026-01-15 09:59:04+00:00,True,True,review,5,7,5,3,2,1,7,11,0,0
dev_0009061,1,attack,burst,attack_burst,7,2026-01-22 19:07:02+00:00,True,True,review,4,6,4,3,3,2,6,10,1,2
dev_0009063,1,attack,burst,attack_burst,9,2026-01-16 17:46:21+00:00,True,True,review,5,6,5,4,3,3,64,88,3,1
dev_0009064,1,attack,burst,attack_burst,10,2026-01-03 03:02:03+00:00,True,True,review,5,6,5,4,3,3,15,19,4,4
dev_0009065,1,attack,burst,attack_burst,12,2026-01-30 04:18:08+00:00,True,True,review,5,7,5,4,3,2,47,80,5,0
dev_0009066,1,attack,burst,attack_burst,11,2026-01-11 12:25:04+00:00,True,True,review,5,7,5,4,2,2,12,17,4,1
dev_0009068,1,attack,burst,attack_burst,6,2026-01-16 21:39:03+00:00,True,True,review,4,6,4,3,4,3,7,10,0,0
dev_0009069,1,attack,burst,attack_burst,7,2026-01-21 07:20:04+00:00,True,True,review,5,6,5,3,2,2,11,12,1,3
dev_0009070,1,attack,burst,attack_burst,12,2026-01-20 03:25:02+00:00,True,True,review,5,6,5,3,3,2,10,11,6,1
dev_0009071,1,attack,burst,attack_burst,8,2026-01-22 13:55:03+00:00,True,True,review,6,7,6,5,4,3,11,12,1,4
dev_0009072,1,attack,burst,attack_burst,24,2026-01-25 04:03:01+00:00,True,True,review,5,8,5,4,3,2,10,259204,16,4
dev_0009074,1,attack,burst,attack_burst,7,2026-01-04 03:51:04+00:00,True,True,review,5,6,5,4,3,3,10,14,1,2
dev_0009075,1,attack,burst,attack_burst,10,2026-01-19 09:26:01+00:00,True,True,review,5,6,5,4,3,3,10,13,4,2
dev_0009076,1,attack,burst,attack_burst,7,2026-01-24 09:36:02+00:00,True,True,review,5,6,5,4,3,2,8,11,1,0
dev_0009077,1,attack,burst,attack_burst,8,2026-01-08 18:04:03+00:00,True,True,review,5,6,5,3,4,2,10,12,2,3
dev_0009078,1,attack,burst,attack_burst,10,2026-01-02 07:26:04+00:00,True,True,review,6,7,6,4,3,2,7,11,3,3
dev_0009079,1,attack,burst,attack_burst,20,2026-01-06 10:54:24+00:00,True,True,review,5,6,5,4,3,3,43,54,14,3
dev_0009080,1,attack,burst,attack_burst,6,2026-01-18 15:24:02+00:00,False,False,never,,,6,6,,,,,0,1
dev_0009081,1,attack,burst,attack_burst,6,2026-01-27 11:05:03+00:00,True,False,review,6,,6,4,3,2,16,,0,0
dev_0009082,1,attack,burst,attack_burst,21,2026-01-07 22:22:12+00:00,True,True,review,5,7,5,4,2,1,60,89,14,1
dev_0009083,1,attack,burst,attack_burst,10,2026-01-04 07:32:12+00:00,True,True,review,5,7,5,4,2,2,75,103,3,2
dev_0009084,1,attack,burst,attack_burst,9,2026-01-29 01:11:02+00:00,True,True,review,5,6,5,4,3,2,12,16,3,0
dev_0009085,1,attack,burst,attack_burst,9,2026-01-14 20:56:02+00:00,True,True,review,5,6,5,4,3,3,13,16,3,0
dev_0009086,1,attack,burst,attack_burst,9,2026-01-01 18:45:24+00:00,True,True,review,5,6,5,4,2,1,44,60,3,2
dev_0009088,1,attack,burst,attack_burst,6,2026-01-14 13:24:01+00:00,True,True,review,5,6,5,4,2,2,11,15,0,1
dev_0009090,1,attack,burst,attack_burst,11,2026-01-12 16:49:03+00:00,True,True,review,5,6,5,3,3,2,8,12,5,1
dev_0009091,1,attack,burst,attack_burst,11,2026-01-30 11:42:02+00:00,True,True,review,6,7,6,5,3,2,13,14,4,0
dev_0009092,1,attack,burst,attack_burst,12,2026-01-26 04:50:02+00:00,True,True,review,5,6,5,4,3,3,7,10,6,3
dev_0009093,1,attack,burst,attack_burst,8,2026-01-02 22:56:03+00:00,True,True,review,6,7,6,5,2,2,8,10,1,1
dev_0009094,1,attack,burst,attack_burst,7,2026-01-21 05:07:01+00:00,True,True,review,5,7,5,4,2,2,13,18,0,4
dev_0009095,1,attack,burst,attack_burst,9,2026-01-28 23:24:01+00:00,True,True,review,5,6,5,2,2,2,6,10,3,4
dev_0009096,1,attack,burst,attack_burst,20,2026-01-11 11:21:03+00:00,True,True,review,4,6,4,3,3,2,10,15,14,0
dev_0009099,1,attack,burst,attack_burst,10,2026-01-16 03:22:03+00:00,True,True,review,5,7,5,4,3,2,10,14,3,3
dev_0009100,1,attack,burst,attack_burst,6,2026-01-18 07:12:01+00:00,True,True,review,4,6,4,3,4,3,11,19,0,2
dev_0009101,1,attack,evasive,attack_evasive,15,2026-01-21 12:37:00+00:00,True,True,review,5,7,5,4,4,3,496,556,8,4
dev_0009102,1,attack,evasive,attack_evasive,6,2026-01-01 09:32:54+00:00,True,False,review,6,,6,5,2,1,450,,0,3
dev_0009103,1,attack,evasive,attack_evasive,6,2026-01-21 08:44:55+00:00,True,False,review,6,,6,5,2,2,521,,0,3
dev_0009104,1,attack,evasive,attack_evasive,6,2026-01-03 15:14:34+00:00,True,False,review,5,,5,4,2,1,396,,0,2
dev_0009106,1,attack,evasive,attack_evasive,8,2026-01-11 14:18:59+00:00,True,True,review,5,6,5,4,3,3,401,522,2,0
dev_0009108,1,attack,evasive,attack_evasive,7,2026-01-26 22:08:26+00:00,True,True,review,6,7,6,5,5,4,480,599,0,3
dev_0009109,1,attack,evasive,attack_evasive,9,2026-01-25 08:47:28+00:00,True,True,review,5,6,5,4,3,2,489,619,3,2
dev_0009110,1,attack,evasive,attack_evasive,5,2026-01-08 16:22:22+00:00,True,False,review,5,,5,4,1,1,463,,0,4
dev_0009111,1,attack,evasive,attack_evasive,7,2026-01-28 17:25:40+00:00,True,True,review,5,7,5,4,1,1,336,462,0,0
dev_0009112,1,attack,evasive,attack_evasive,7,2026-01-27 22:32:15+00:00,True,True,review,5,7,5,4,3,2,433,674,0,0
dev_0009113,1,attack,evasive,attack_evasive,5,2026-01-07 15:32:46+00:00,True,False,review,5,,5,4,2,2,399,,0,1
dev_0009114,1,attack,evasive,attack_evasive,5,2026-01-19 03:45:37+00:00,True,False,review,5,,5,4,1,1,609,,0,4
dev_0009115,1,attack,evasive,attack_evasive,12,2026-01-17 06:40:22+00:00,True,True,review,5,6,5,4,1,1,465,574,6,0
dev_0009116,1,attack,evasive,attack_evasive,8,2026-01-11 09:12:51+00:00,True,True,review,5,7,5,4,2,2,205,348,1,1
dev_0009117,1,attack,evasive,attack_evasive,6,2026-01-15 20:13:44+00:00,True,False,review,6,,6,5,2,2,508,,0,4
dev_0009118,1,attack,evasive,attack_evasive,13,2026-01-05 07:53:29+00:00,True,True,review,4,6,4,3,2,2,435,511,7,2
dev_0009121,1,attack,evasive,attack_evasive,8,2026-01-15 21:35:04+00:00,True,True,review,5,8,5,4,3,2,251,379,0,1
dev_0009122,1,attack,evasive,attack_evasive,6,2026-01-04 06:46:01+00:00,True,False,review,5,,5,4,2,2,392,,0,1
dev_0009123,1,attack,evasive,attack_evasive,6,2026-01-22 15:10:06+00:00,True,True,review,5,6,5,4,2,2,333,450,0,2
dev_0009124,1,attack,evasive,attack_evasive,9,2026-01-26 22:27:46+00:00,True,True,review,5,6,5,4,3,3,515,651,3,4
dev_0009125,1,attack,evasive,attack_evasive,9,2026-01-15 23:22:05+00:00,True,True,review,5,7,5,4,2,2,354,555,2,2
dev_0009127,1,attack,evasive,attack_evasive,7,2026-01-09 23:35:30+00:00,True,True,review,4,6,4,3,3,2,407,659,1,2
dev_0009128,1,attack,evasive,attack_evasive,14,2026-01-28 17:20:24+00:00,True,True,review,6,7,6,5,3,3,301,342,7,0
dev_0009130,1,attack,evasive,attack_evasive,8,2026-01-21 04:45:11+00:00,True,True,review,5,7,5,4,2,1,293,576,1,0
dev_0009131,1,attack,evasive,attack_evasive,9,2026-01-09 15:43:57+00:00,True,True,review,5,7,5,4,4,4,558,639,2,2
dev_0009133,1,attack,evasive,attack_evasive,7,2026-01-30 10:01:41+00:00,True,False,review,7,,7,6,2,2,645,,0,1
dev_0009134,1,attack,evasive,attack_evasive,6,2026-01-08 20:45:56+00:00,True,False,review,5,,5,4,3,2,482,,0,2
dev_0009135,1,attack,evasive,attack_evasive,11,2026-01-04 13:56:42+00:00,True,True,review,5,7,5,4,2,2,425,259061,4,1
dev_0009137,1,attack,evasive,attack_evasive,7,2026-01-20 15:47:15+00:00,True,True,review,6,7,6,5,3,2,500,622,0,3
dev_0009138,1,attack,evasive,attack_evasive,9,2026-01-10 01:47:32+00:00,True,True,review,5,6,5,4,4,3,210,234,3,1
dev_0009139,1,attack,evasive,attack_evasive,12,2026-01-04 17:10:54+00:00,True,True,review,5,6,5,4,2,2,485,259182,6,1
dev_0009140,1,attack,evasive,attack_evasive,8,2026-01-24 11:15:17+00:00,True,True,review,5,6,5,4,4,3,439,493,2,1
dev_0009141,1,attack,evasive,attack_evasive,7,2026-01-07 16:02:12+00:00,True,True,review,6,7,6,5,3,3,358,418,0,0
dev_0009142,1,attack,evasive,attack_evasive,9,2026-01-20 12:55:51+00:00,True,True,review,6,7,6,5,3,3,391,545,2,3
dev_0009144,1,attack,evasive,attack_evasive,9,2026-01-20 14:43:20+00:00,True,True,review,5,7,5,4,2,1,538,745,2,4
dev_0009145,1,attack,evasive,attack_evasive,6,2026-01-22 21:03:37+00:00,True,False,review,6,,6,5,2,2,358,,0,4
dev_0009146,1,attack,evasive,attack_evasive,19,2026-01-08 15:10:31+00:00,True,True,review,5,6,5,4,3,2,390,469,13,4
dev_0009147,1,attack,evasive,attack_evasive,12,2026-01-07 12:19:17+00:00,True,True,review,6,7,6,5,3,3,546,86368,5,3
dev_0009148,1,attack,evasive,attack_evasive,18,2026-01-23 10:52:41+00:00,True,True,review,5,6,5,4,3,2,355,406,12,4
dev_0009149,1,attack,evasive,attack_evasive,8,2026-01-12 12:56:40+00:00,True,True,review,6,7,6,5,2,2,473,651,1,3
dev_0009150,1,attack,evasive,attack_evasive,8,2026-01-06 16:17:08+00:00,True,True,review,5,6,5,4,2,2,401,580,2,0
dev_0009151,1,attack,evasive,attack_evasive,6,2026-01-07 13:02:20+00:00,False,False,never,,,6,6,,,,,0,4
dev_0009152,1,attack,evasive,attack_evasive,6,2026-01-19 22:13:23+00:00,True,False,review,6,,6,5,5,4,491,,0,1
dev_0009153,1,attack,evasive,attack_evasive,8,2026-01-28 05:16:18+00:00,True,True,review,5,6,5,4,2,2,527,655,2,1
dev_0009154,1,attack,evasive,attack_evasive,5,2026-01-10 10:49:20+00:00,True,False,review,5,,5,4,3,2,350,,0,4
dev_0009155,1,attack,evasive,attack_evasive,8,2026-01-04 09:09:46+00:00,True,True,review,5,7,5,4,2,2,430,577,1,1
dev_0009156,1,attack,evasive,attack_evasive,6,2026-01-25 15:29:26+00:00,True,False,review,6,,6,5,3,3,648,,0,3
dev_0009157,1,attack,evasive,attack_evasive,8,2026-01-19 14:28:32+00:00,True,True,review,4,6,4,3,3,2,271,456,2,2
dev_0009158,1,attack,evasive,attack_evasive,6,2026-01-30 01:11:06+00:00,True,False,review,6,,6,5,3,3,468,,0,1
dev_0009159,1,attack,evasive,attack_evasive,5,2026-01-20 03:15:48+00:00,True,False,review,5,,5,4,5,4,334,,0,0
dev_0009161,1,attack,evasive,attack_evasive,7,2026-01-24 12:51:21+00:00,True,True,review,5,6,5,4,2,2,398,478,1,4
dev_0009162,1,attack,evasive,attack_evasive,5,2026-01-18 00:56:36+00:00,True,False,review,5,,5,4,3,2,494,,0,1
dev_0009163,1,attack,evasive,attack_evasive,22,2026-01-25 07:34:26+00:00,True,True,review,5,6,5,4,3,3,333,492,16,1
dev_0009166,1,attack,evasive,attack_evasive,8,2026-01-11 18:04:01+00:00,True,True,review,5,6,5,4,3,2,321,358,2,3
dev_0009167,1,attack,evasive,attack_evasive,7,2026-01-13 21:39:12+00:00,True,True,review,5,6,5,4,5,4,191,313,1,4
dev_0009168,1,attack,evasive,attack_evasive,7,2026-01-28 18:51:32+00:00,True,True,review,5,6,5,4,3,2,480,536,1,2
dev_0009169,1,attack,evasive,attack_evasive,8,2026-01-02 08:45:53+00:00,True,True,review,5,6,5,4,3,2,148,186,2,4
dev_0009170,1,attack,evasive,attack_evasive,9,2026-01-20 15:56:30+00:00,True,True,review,5,6,5,4,1,1,421,571,3,4
dev_0009174,1,attack,evasive,attack_evasive,14,2026-01-01 09:43:12+00:00,True,True,review,5,6,5,4,1,1,357,442,8,3
dev_0009175,1,attack,evasive,attack_evasive,7,2026-01-14 15:55:20+00:00,True,True,review,5,7,5,4,2,2,554,795,0,0
dev_0009176,1,attack,evasive,attack_evasive,5,2026-01-28 19:59:59+00:00,True,False,review,5,,5,4,2,2,512,,0,2
dev_0009179,1,attack,evasive,attack_evasive,8,2026-01-30 05:31:56+00:00,True,True,review,6,7,6,5,3,2,383,484,1,2
dev_0009180,1,attack,evasive,attack_evasive,8,2026-01-27 09:44:56+00:00,True,True,review,5,6,5,4,3,2,416,569,2,3
dev_0009181,1,attack,evasive,attack_evasive,8,2026-01-12 19:47:01+00:00,True,True,review,5,7,5,4,4,3,449,703,1,2
dev_0009182,1,attack,evasive,attack_evasive,5,2026-01-01 10:05:06+00:00,True,False,review,5,,5,4,2,2,464,,0,3
dev_0009183,1,attack,evasive,attack_evasive,16,2026-01-20 13:01:59+00:00,True,True,review,5,6,5,4,2,2,384,409,10,3
dev_0009184,1,attack,evasive,attack_evasive,7,2026-01-11 00:33:11+00:00,True,True,review,6,7,6,5,4,4,630,709,0,4
dev_0009185,1,attack,evasive,attack_evasive,6,2026-01-01 21:30:15+00:00,True,False,review,6,,6,5,3,3,581,,0,1
dev_0009187,1,attack,evasive,attack_evasive,8,2026-01-19 17:26:12+00:00,True,True,review,5,6,5,4,4,4,316,452,2,2
dev_0009188,1,attack,evasive,attack_evasive,15,2026-01-01 10:40:34+00:00,True,True,review,5,8,5,4,2,2,414,600,7,0
dev_0009189,1,attack,evasive,attack_evasive,5,2026-01-03 21:40:51+00:00,True,False,review,5,,5,4,2,1,522,,0,4
dev_0009190,1,attack,evasive,attack_evasive,5,2026-01-07 21:33:27+00:00,True,False,review,5,,5,4,2,2,306,,0,1
dev_0009192,1,attack,evasive,attack_evasive,6,2026-01-07 22:26:18+00:00,True,True,review,5,6,5,4,3,2,566,658,0,0
dev_0009193,1,attack,evasive,attack_evasive,9,2026-01-29 16:27:24+00:00,True,True,review,5,6,5,4,3,3,445,565,3,3
dev_0009196,1,attack,evasive,attack_evasive,7,2026-01-20 06:22:35+00:00,True,True,review,5,6,5,4,3,3,329,484,1,0
dev_0009197,1,attack,evasive,attack_evasive,6,2026-01-27 03:13:17+00:00,True,False,review,5,,5,4,1,1,379,,0,1
dev_0009198,1,attack,evasive,attack_evasive,6,2026-01-14 11:50:58+00:00,True,False,review,5,,5,4,2,1,443,,0,2
dev_0009199,1,attack,evasive,attack_evasive,12,2026-01-23 20:35:29+00:00,True,True,review,7,8,7,6,4,3,637,259182,4,4
dev_0009200,1,attack,evasive,attack_evasive,9,2026-01-19 10:21:42+00:00,True,True,review,5,7,5,4,3,2,304,541,2,4
dev_0009201,1,attack,evasive,attack_evasive,6,2026-01-27 11:02:21+00:00,True,True,review,5,6,5,4,4,3,376,422,0,4
dev_0009202,1,attack,evasive,attack_evasive,8,2026-01-01 12:29:07+00:00,True,True,review,6,7,6,5,1,1,692,792,1,4
dev_0009203,1,attack,evasive,attack_evasive,5,2026-01-05 06:09:47+00:00,False,False,never,,,5,5,,,,,0,1
dev_0009204,1,attack,evasive,attack_evasive,9,2026-01-17 11:29:37+00:00,True,True,review,5,6,5,4,3,2,575,680,3,1
dev_0009205,1,attack,evasive,attack_evasive,6,2026-01-08 06:47:56+00:00,True,True,review,5,6,5,4,2,2,337,407,0,3
dev_0009208,1,attack,evasive,attack_evasive,7,2026-01-25 23:43:10+00:00,True,True,review,5,6,5,4,2,2,494,535,1,2
dev_0009209,1,attack,evasive,attack_evasive,9,2026-01-23 04:44:32+00:00,True,True,review,5,6,5,4,3,2,345,470,3,3
dev_0009211,1,attack,evasive,attack_evasive,9,2026-01-23 09:25:35+00:00,True,True,review,4,6,4,3,2,1,280,446,3,2
dev_0009214,1,attack,evasive,attack_evasive,9,2026-01-04 05:41:17+00:00,True,True,review,5,6,5,4,2,2,528,681,3,1
dev_0009215,1,attack,evasive,attack_evasive,8,2026-01-30 01:42:26+00:00,True,True,review,5,7,5,4,2,1,345,502,1,1
dev_0009216,1,attack,evasive,attack_evasive,19,2026-01-09 11:32:37+00:00,True,True,review,5,6,5,4,3,3,436,518,13,3
dev_0009217,1,attack,evasive,attack_evasive,9,2026-01-21 19:51:39+00:00,True,True,review,5,6,5,4,4,3,429,481,3,0
dev_0009218,1,attack,evasive,attack_evasive,6,2026-01-03 10:05:59+00:00,True,True,review,5,6,5,4,2,2,460,579,0,1
dev_0009220,1,attack,evasive,attack_evasive,5,2026-01-13 11:01:03+00:00,True,False,review,5,,5,4,3,3,475,,0,0
dev_0009221,1,attack,evasive,attack_evasive,5,2026-01-07 16:55:17+00:00,True,False,review,5,,5,4,2,1,548,,0,1
dev_0009222,1,attack,evasive,attack_evasive,9,2026-01-10 08:33:42+00:00,True,True,review,5,6,5,4,3,3,325,475,3,2
dev_0009223,1,attack,evasive,attack_evasive,9,2026-01-29 16:36:24+00:00,True,True,review,6,7,6,5,2,2,424,529,2,3
dev_0009224,1,attack,evasive,attack_evasive,5,2026-01-01 18:58:24+00:00,True,False,review,5,,5,4,3,2,364,,0,3
dev_0009225,1,attack,evasive,attack_evasive,5,2026-01-28 04:07:20+00:00,False,False,never,,,5,5,,,,,0,4
dev_0009226,1,attack,evasive,attack_evasive,7,2026-01-26 21:19:48+00:00,True,True,review,6,7,6,5,2,2,509,571,0,3
dev_0009227,1,attack,evasive,attack_evasive,9,2026-01-26 15:51:53+00:00,True,True,review,5,6,5,4,3,2,530,639,3,0
dev_0009229,1,attack,evasive,attack_evasive,5,2026-01-05 09:27:38+00:00,True,False,review,5,,5,4,3,3,555,,0,0
dev_0009230,1,attack,evasive,attack_evasive,5,2026-01-13 12:00:39+00:00,True,False,review,5,,5,4,3,2,303,,0,4
dev_0009231,1,attack,evasive,attack_evasive,5,2026-01-10 10:51:04+00:00,False,False,never,,,5,5,,,,,0,3
dev_0009232,1,attack,evasive,attack_evasive,7,2026-01-07 08:15:23+00:00,True,True,review,5,6,5,4,3,2,461,500,1,3
dev_0009233,1,attack,evasive,attack_evasive,5,2026-01-02 01:43:36+00:00,True,False,review,5,,5,4,4,3,315,,0,0
dev_0009234,1,attack,evasive,attack_evasive,9,2026-01-16 11:43:27+00:00,True,True,review,5,7,5,4,2,2,327,475,2,3
dev_0009235,1,attack,evasive,attack_evasive,6,2026-01-03 01:31:45+00:00,True,False,review,6,,6,5,3,3,508,,0,4
dev_0009236,1,attack,evasive,attack_evasive,13,2026-01-02 23:30:54+00:00,True,True,review,5,7,5,4,2,2,401,86386,6,1
dev_0009237,1,attack,evasive,attack_evasive,13,2026-01-20 12:58:52+00:00,True,True,review,5,7,5,4,2,2,366,172942,6,1
dev_0009238,1,attack,evasive,attack_evasive,5,2026-01-07 13:53:26+00:00,True,False,review,5,,5,4,3,3,562,,0,0
dev_0009239,1,attack,evasive,attack_evasive,8,2026-01-10 06:22:46+00:00,True,True,review,5,7,5,4,1,1,382,558,1,4
dev_0009240,1,attack,evasive,attack_evasive,20,2026-01-09 08:00:07+00:00,True,True,review,5,7,5,4,1,1,555,259219,13,0
dev_0009241,1,attack,evasive,attack_evasive,5,2026-01-14 22:52:21+00:00,True,False,review,5,,5,4,4,4,451,,0,1
dev_0009242,1,attack,evasive,attack_evasive,8,2026-01-13 21:57:04+00:00,True,True,review,5,7,5,4,3,3,347,585,1,2
dev_0009243,1,attack,evasive,attack_evasive,8,2026-01-17 00:12:30+00:00,True,True,review,5,6,5,4,2,1,233,373,2,3
dev_0009245,1,attack,evasive,attack_evasive,5,2026-01-27 02:54:04+00:00,True,False,review,5,,5,4,3,3,324,,0,0
dev_0009246,1,attack,evasive,attack_evasive,5,2026-01-15 15:30:27+00:00,True,False,review,5,,5,4,2,1,369,,0,2
dev_0009247,1,attack,evasive,attack_evasive,8,2026-01-07 21:59:48+00:00,True,True,review,5,6,5,4,2,2,454,538,2,4
dev_0009248,1,attack,evasive,attack_evasive,8,2026-01-08 00:58:21+00:00,True,True,review,6,7,6,5,4,4,346,427,1,0
dev_0009249,1,attack,evasive,attack_evasive,9,2026-01-10 00:49:53+00:00,True,True,review,5,6,5,4,2,2,342,443,3,1
dev_0009250,1,attack,evasive,attack_evasive,5,2026-01-28 20:45:36+00:00,True,False,review,5,,5,4,2,2,440,,0,1
dev_0009251,1,attack,evasive,attack_evasive,6,2026-01-24 14:05:12+00:00,True,False,review,5,,5,4,1,1,341,,0,2
dev_0009252,1,attack,evasive,attack_evasive,21,2026-01-27 07:26:21+00:00,True,True,review,5,6,5,4,4,3,384,172932,15,0
dev_0009253,1,attack,evasive,attack_evasive,6,2026-01-22 02:52:58+00:00,True,False,review,6,,6,5,4,3,396,,0,1
dev_0009254,1,attack,evasive,attack_evasive,14,2026-01-23 13:01:27+00:00,True,True,review,5,7,5,4,2,2,272,581,7,4
dev_0009255,1,attack,evasive,attack_evasive,9,2026-01-08 09:03:55+00:00,True,True,review,5,6,5,4,2,2,444,584,3,3
dev_0009256,1,attack,evasive,attack_evasive,8,2026-01-16 10:10:20+00:00,True,True,review,5,7,5,4,2,1,430,570,1,2
dev_0009257,1,attack,evasive,attack_evasive,5,2026-01-06 19:36:24+00:00,True,False,review,5,,5,4,2,2,409,,0,2
dev_0009258,1,attack,evasive,attack_evasive,5,2026-01-05 07:56:08+00:00,True,False,review,5,,5,4,3,3,291,,0,2
dev_0009261,1,attack,evasive,attack_evasive,8,2026-01-06 23:44:25+00:00,True,True,review,5,6,5,4,2,2,497,519,2,1
dev_0009262,1,attack,evasive,attack_evasive,9,2026-01-19 14:41:38+00:00,True,True,review,6,7,6,5,3,2,408,530,2,4
dev_0009263,1,attack,evasive,attack_evasive,8,2026-01-05 18:34:39+00:00,True,True,review,6,7,6,5,4,3,484,616,1,3
dev_0009264,1,attack,evasive,attack_evasive,14,2026-01-12 12:16:34+00:00,True,True,review,5,6,5,4,4,3,472,630,8,1
dev_0009266,1,attack,evasive,attack_evasive,6,2026-01-06 16:16:47+00:00,True,False,review,6,,6,5,3,3,567,,0,1
dev_0009267,1,attack,evasive,attack_evasive,8,2026-01-23 06:57:28+00:00,True,True,review,5,6,5,4,2,2,532,573,2,4
dev_0009268,1,attack,evasive,attack_evasive,8,2026-01-05 12:10:06+00:00,True,True,review,5,7,5,4,3,2,270,466,1,0
dev_0009269,1,attack,evasive,attack_evasive,6,2026-01-03 18:32:51+00:00,True,False,review,6,,6,5,2,2,465,,0,4
dev_0009271,1,attack,evasive,attack_evasive,7,2026-01-29 15:57:23+00:00,True,False,review,7,,7,6,2,2,546,,0,3
dev_0009272,1,attack,evasive,attack_evasive,13,2026-01-13 22:37:56+00:00,True,True,review,5,6,5,4,4,4,437,529,7,4
dev_0009273,1,attack,evasive,attack_evasive,8,2026-01-14 19:21:30+00:00,True,True,review,5,6,5,4,4,3,395,511,2,2
dev_0009274,1,attack,evasive,attack_evasive,6,2026-01-25 10:19:08+00:00,True,True,review,5,6,5,4,3,3,507,675,0,0
dev_0009275,1,attack,evasive,attack_evasive,7,2026-01-19 04:55:02+00:00,True,True,review,4,6,4,3,2,1,247,516,1,0
dev_0009276,1,attack,evasive,attack_evasive,5,2026-01-23 17:12:59+00:00,True,False,review,5,,5,4,2,2,446,,0,2
dev_0009277,1,attack,evasive,attack_evasive,8,2026-01-01 08:22:39+00:00,True,True,review,5,7,5,4,3,2,438,641,1,2
dev_0009278,1,attack,evasive,attack_evasive,7,2026-01-14 05:39:48+00:00,True,True,review,6,7,6,5,4,3,601,633,0,1
dev_0009279,1,attack,evasive,attack_evasive,5,2026-01-02 01:32:31+00:00,True,False,review,5,,5,4,4,3,423,,0,2
dev_0009280,1,attack,evasive,attack_evasive,6,2026-01-22 23:14:03+00:00,True,False,review,6,,6,5,2,2,314,,0,4
dev_0009281,1,attack,evasive,attack_evasive,8,2026-01-25 13:20:41+00:00,True,True,review,5,6,5,4,2,2,419,511,2,1
dev_0009282,1,attack,evasive,attack_evasive,6,2026-01-29 16:59:37+00:00,True,True,review,5,6,5,4,4,3,380,455,0,2
dev_0009284,1,attack,evasive,attack_evasive,7,2026-01-07 01:26:28+00:00,True,True,review,5,6,5,4,3,3,315,385,1,3
dev_0009285,1,attack,evasive,attack_evasive,7,2026-01-12 06:38:30+00:00,True,True,review,5,6,5,4,4,3,429,582,1,3
dev_0009286,1,attack,evasive,attack_evasive,5,2026-01-19 04:02:29+00:00,False,False,never,,,5,5,,,,,0,1
dev_0009290,1,attack,evasive,attack_evasive,6,2026-01-22 07:50:20+00:00,True,False,review,5,,5,4,2,2,392,,0,1
dev_0009291,1,attack,evasive,attack_evasive,5,2026-01-19 07:36:32+00:00,True,False,review,5,,5,4,2,2,365,,0,0
dev_0009292,1,attack,evasive,attack_evasive,7,2026-01-16 02:58:58+00:00,True,True,review,6,7,6,5,2,2,531,676,0,3
dev_0009293,1,attack,evasive,attack_evasive,8,2026-01-13 13:56:38+00:00,True,True,review,6,7,6,5,3,2,380,412,1,3
dev_0009294,1,attack,evasive,attack_evasive,13,2026-01-07 19:08:44+00:00,True,True,review,6,7,6,5,4,4,172848,173023,6,1
dev_0009295,1,attack,evasive,attack_evasive,9,2026-01-01 10:29:45+00:00,True,True,review,5,6,5,4,2,2,541,673,3,3
dev_0009296,1,attack,evasive,attack_evasive,7,2026-01-29 03:08:16+00:00,True,False,review,7,,7,6,3,3,593,,0,3
dev_0009298,1,attack,evasive,attack_evasive,7,2026-01-28 04:00:26+00:00,True,True,review,5,6,5,4,4,3,317,420,1,1
dev_0009299,1,attack,evasive,attack_evasive,5,2026-01-15 05:12:26+00:00,True,False,review,5,,5,4,4,3,449,,0,2
dev_0009300,1,attack,evasive,attack_evasive,9,2026-01-25 04:09:43+00:00,True,True,review,5,6,5,4,3,2,254,389,3,0
dev_0009301,1,attack,evasive,attack_evasive,17,2026-01-18 23:29:52+00:00,True,True,review,5,6,5,4,2,1,469,557,11,1
dev_0009302,1,attack,evasive,attack_evasive,9,2026-01-01 18:04:37+00:00,True,True,review,5,6,5,4,2,2,520,571,3,4
dev_0009303,1,attack,evasive,attack_evasive,6,2026-01-01 03:27:49+00:00,True,False,review,5,,5,4,3,2,424,,0,1
dev_0009304,1,attack,evasive,attack_evasive,7,2026-01-27 12:16:14+00:00,True,True,review,5,6,5,4,3,2,353,435,1,1
dev_0009305,1,attack,evasive,attack_evasive,5,2026-01-10 17:51:51+00:00,True,False,review,5,,5,4,2,2,368,,0,2
dev_0009306,1,attack,evasive,attack_evasive,7,2026-01-21 01:32:40+00:00,True,False,review,5,,5,4,3,2,616,,0,4
dev_0009307,1,attack,evasive,attack_evasive,17,2026-01-05 15:03:33+00:00,True,True,review,6,7,6,5,4,3,506,683,10,4
dev_0009309,1,attack,evasive,attack_evasive,6,2026-01-06 15:53:45+00:00,False,False,never,,,6,6,,,,,0,3
dev_0009310,1,attack,evasive,attack_evasive,6,2026-01-29 23:11:43+00:00,True,True,review,5,6,5,4,4,3,475,553,0,4
dev_0009311,1,attack,evasive,attack_evasive,5,2026-01-01 20:29:49+00:00,True,False,review,5,,5,4,2,1,295,,0,0
dev_0009312,1,attack,evasive,attack_evasive,7,2026-01-16 02:51:06+00:00,True,True,review,5,6,5,4,3,3,423,576,1,4
dev_0009313,1,attack,evasive,attack_evasive,5,2026-01-07 07:01:26+00:00,True,False,review,5,,5,4,3,2,372,,0,4
dev_0009314,1,attack,evasive,attack_evasive,7,2026-01-23 01:50:09+00:00,True,True,review,6,7,6,5,2,2,565,657,0,1
dev_0009315,1,attack,evasive,attack_evasive,14,2026-01-08 15:30:26+00:00,True,True,review,6,7,6,5,3,2,601,624,7,1
dev_0009316,1,attack,evasive,attack_evasive,6,2026-01-13 04:45:21+00:00,True,False,review,5,,5,4,2,1,316,,0,2
dev_0009317,1,attack,evasive,attack_evasive,9,2026-01-07 20:20:58+00:00,True,True,review,6,8,6,5,4,3,571,815,1,4
dev_0009318,1,attack,evasive,attack_evasive,5,2026-01-04 22:00:40+00:00,True,False,review,5,,5,4,2,1,316,,0,1
dev_0009319,1,attack,evasive,attack_evasive,7,2026-01-25 20:20:22+00:00,True,True,review,6,7,6,5,2,2,487,551,0,3
dev_0009320,1,attack,evasive,attack_evasive,5,2026-01-06 00:08:13+00:00,True,False,review,5,,5,4,3,3,242,,0,4
dev_0009321,1,attack,evasive,attack_evasive,16,2026-01-03 14:36:54+00:00,True,True,review,6,8,6,5,3,2,520,789,8,0
dev_0009322,1,attack,evasive,attack_evasive,6,2026-01-14 20:06:40+00:00,True,False,review,5,,5,4,3,2,345,,0,2
dev_0009323,1,attack,evasive,attack_evasive,9,2026-01-18 07:28:07+00:00,True,True,review,5,6,5,4,2,2,519,546,3,0
dev_0009324,1,attack,evasive,attack_evasive,8,2026-01-21 20:19:18+00:00,True,True,review,6,7,6,5,3,3,652,770,1,2
dev_0009325,1,attack,evasive,attack_evasive,9,2026-01-21 04:07:23+00:00,True,True,review,6,7,6,5,2,1,672,733,2,4
dev_0009326,1,attack,evasive,attack_evasive,9,2026-01-17 11:32:28+00:00,True,True,review,6,7,6,5,1,1,428,470,2,0
dev_0009328,1,attack,evasive,attack_evasive,6,2026-01-10 09:16:43+00:00,True,True,review,5,6,5,4,3,3,322,418,0,1
dev_0009330,1,attack,evasive,attack_evasive,8,2026-01-20 16:16:23+00:00,True,True,review,5,6,5,4,2,2,260,407,2,4
dev_0009331,1,attack,evasive,attack_evasive,8,2026-01-10 09:07:54+00:00,True,True,review,6,7,6,5,2,2,362,457,1,2
dev_0009333,1,attack,evasive,attack_evasive,6,2026-01-14 10:19:47+00:00,True,False,review,6,,6,5,1,1,429,,0,2
dev_0009334,1,attack,evasive,attack_evasive,8,2026-01-17 15:43:40+00:00,True,True,review,5,6,5,4,3,3,356,378,2,0
dev_0009335,1,attack,evasive,attack_evasive,14,2026-01-21 07:46:56+00:00,True,True,review,5,6,5,4,1,1,376,428,8,2
dev_0009336,1,attack,evasive,attack_evasive,6,2026-01-29 20:52:34+00:00,True,False,review,6,,6,5,3,2,458,,0,2
dev_0009337,1,attack,evasive,attack_evasive,9,2026-01-18 16:10:36+00:00,True,True,review,6,7,6,5,2,2,469,631,2,0
dev_0009338,1,attack,evasive,attack_evasive,7,2026-01-24 12:22:07+00:00,True,True,review,5,6,5,4,3,2,281,403,1,2
dev_0009340,1,attack,evasive,attack_evasive,14,2026-01-09 11:21:46+00:00,True,True,review,5,7,5,4,3,2,496,694,7,2
dev_0009341,1,attack,evasive,attack_evasive,8,2026-01-25 00:21:37+00:00,True,True,review,5,6,5,4,1,1,585,633,2,2
dev_0009343,1,attack,evasive,attack_evasive,17,2026-01-29 17:11:46+00:00,True,True,review,5,7,5,4,1,1,386,568,10,2
dev_0009344,1,attack,evasive,attack_evasive,26,2026-01-25 19:48:38+00:00,True,True,review,5,6,5,4,3,3,324,345,20,3
dev_0009345,1,attack,evasive,attack_evasive,7,2026-01-02 17:54:53+00:00,True,True,review,6,7,6,5,1,1,416,470,0,3
dev_0009347,1,attack,evasive,attack_evasive,8,2026-01-03 18:44:17+00:00,True,True,review,6,7,6,5,2,2,553,659,1,4
dev_0009348,1,attack,evasive,attack_evasive,8,2026-01-24 08:54:20+00:00,True,True,review,6,7,6,5,2,2,594,724,1,4
dev_0009349,1,attack,evasive,attack_evasive,9,2026-01-06 11:39:40+00:00,True,True,review,5,6,5,4,1,1,409,562,3,1
dev_0009351,1,attack,evasive,attack_evasive,13,2026-01-10 07:18:37+00:00,True,True,review,5,7,5,4,2,1,537,805,6,4
dev_0009352,1,attack,evasive,attack_evasive,6,2026-01-02 08:08:18+00:00,True,False,review,5,,5,4,3,3,334,,0,2
dev_0009353,1,attack,evasive,attack_evasive,9,2026-01-24 22:30:16+00:00,True,True,review,5,6,5,4,4,3,452,569,3,0
dev_0009354,1,attack,evasive,attack_evasive,9,2026-01-10 09:23:24+00:00,True,True,review,5,6,5,4,4,3,421,447,3,2
dev_0009355,1,attack,evasive,attack_evasive,9,2026-01-21 11:16:16+00:00,True,True,review,5,6,5,4,4,3,440,606,3,4
dev_0009356,1,attack,evasive,attack_evasive,8,2026-01-30 05:56:37+00:00,True,True,review,5,7,5,4,3,2,326,522,1,2
dev_0009357,1,attack,evasive,attack_evasive,10,2026-01-11 10:52:09+00:00,True,True,review,5,7,5,4,3,2,382,172928,3,0
dev_0009358,1,attack,evasive,attack_evasive,21,2026-01-30 00:13:36+00:00,True,True,review,6,7,6,5,3,2,86298,86371,14,3
dev_0009359,1,attack,evasive,attack_evasive,9,2026-01-24 10:24:27+00:00,True,True,review,5,6,5,4,2,2,392,564,3,0
dev_0009360,1,attack,evasive,attack_evasive,6,2026-01-20 17:51:03+00:00,True,False,review,6,,6,5,3,3,728,,0,4
dev_0009363,1,attack,evasive,attack_evasive,6,2026-01-21 14:58:17+00:00,True,False,review,5,,5,4,2,2,432,,0,4
dev_0009364,1,attack,evasive,attack_evasive,8,2026-01-29 14:44:15+00:00,True,True,review,5,6,5,4,3,2,288,453,2,1
dev_0009365,1,attack,evasive,attack_evasive,5,2026-01-25 16:03:39+00:00,True,False,review,5,,5,4,1,1,312,,0,0
dev_0009366,1,attack,evasive,attack_evasive,22,2026-01-28 09:55:43+00:00,True,True,review,5,6,5,4,4,4,414,513,16,2
dev_0009367,1,attack,evasive,attack_evasive,17,2026-01-23 03:33:07+00:00,True,True,review,5,8,5,4,2,2,391,657,9,1
dev_0009369,1,attack,evasive,attack_evasive,7,2026-01-06 12:12:26+00:00,True,True,review,6,7,6,5,4,4,520,623,0,4
dev_0009370,1,attack,evasive,attack_evasive,8,2026-01-03 03:23:16+00:00,True,True,review,5,6,5,4,3,3,364,448,2,0
dev_0009371,1,attack,evasive,attack_evasive,6,2026-01-13 18:27:50+00:00,True,False,review,6,,6,5,3,3,416,,0,1
dev_0009373,1,attack,evasive,attack_evasive,9,2026-01-13 16:49:16+00:00,True,True,review,6,7,6,5,2,2,330,460,2,0
dev_0009374,1,attack,evasive,attack_evasive,8,2026-01-02 08:44:27+00:00,True,True,review,6,7,6,5,2,1,514,575,1,3
dev_0009375,1,attack,evasive,attack_evasive,6,2026-01-29 18:57:08+00:00,True,False,review,6,,6,5,2,1,328,,0,3
dev_0009376,1,attack,evasive,attack_evasive,6,2026-01-23 14:04:09+00:00,True,False,review,5,,5,4,1,1,281,,0,4
dev_0009377,1,attack,evasive,attack_evasive,9,2026-01-09 16:49:40+00:00,True,True,review,5,6,5,4,3,3,387,484,3,0
dev_0009378,1,attack,evasive,attack_evasive,7,2026-01-04 14:20:53+00:00,True,True,review,5,7,5,4,2,2,466,681,0,0
dev_0009379,1,attack,evasive,attack_evasive,5,2026-01-08 19:02:14+00:00,True,False,review,5,,5,4,3,2,485,,0,3
dev_0009380,1,attack,evasive,attack_evasive,6,2026-01-12 00:52:36+00:00,True,True,review,5,6,5,4,2,2,422,486,0,2
dev_0009381,1,attack,evasive,attack_evasive,5,2026-01-14 12:41:38+00:00,False,False,never,,,5,5,,,,,0,1
dev_0009382,1,attack,evasive,attack_evasive,9,2026-01-07 06:43:32+00:00,True,True,review,5,7,5,4,2,2,470,647,2,0
dev_0009387,1,attack,evasive,attack_evasive,6,2026-01-30 10:36:55+00:00,True,True,review,5,6,5,4,2,2,433,552,0,3
dev_0009388,1,attack,evasive,attack_evasive,5,2026-01-18 13:07:26+00:00,True,False,review,4,,4,3,2,2,316,,0,0
dev_0009389,1,attack,evasive,attack_evasive,18,2026-01-28 21:07:49+00:00,True,True,review,5,7,5,4,2,2,273,434,11,4
dev_0009390,1,attack,evasive,attack_evasive,7,2026-01-17 14:05:43+00:00,True,True,review,6,7,6,5,3,3,561,704,0,1
dev_0009391,1,attack,evasive,attack_evasive,12,2026-01-11 06:39:22+00:00,True,True,review,5,7,5,4,2,2,326,573,5,1
dev_0009392,1,attack,evasive,attack_evasive,9,2026-01-20 01:37:04+00:00,True,True,review,4,6,4,3,1,1,252,423,3,2
dev_0009393,1,attack,evasive,attack_evasive,8,2026-01-04 08:42:02+00:00,True,True,review,5,6,5,4,3,2,392,539,2,1
dev_0009394,1,attack,evasive,attack_evasive,18,2026-01-21 23:56:33+00:00,True,True,review,5,6,5,4,4,3,472,575,12,2
dev_0009395,1,attack,evasive,attack_evasive,5,2026-01-10 10:23:36+00:00,False,False,never,,,5,5,,,,,0,3
dev_0009396,1,attack,evasive,attack_evasive,6,2026-01-12 06:13:11+00:00,True,True,review,5,6,5,4,2,2,360,524,0,3
dev_0009397,1,attack,evasive,attack_evasive,12,2026-01-30 21:00:29+00:00,True,True,review,6,7,6,5,4,4,259168,259326,5,3
dev_0009401,1,attack,evasive,attack_evasive,7,2026-01-02 15:22:26+00:00,True,False,review,5,,5,4,3,2,367,,0,2
dev_0009402,1,attack,evasive,attack_evasive,5,2026-01-30 05:39:12+00:00,True,False,review,5,,5,4,3,2,337,,0,2
dev_0009404,1,attack,evasive,attack_evasive,8,2026-01-15 21:23:00+00:00,True,True,review,5,6,5,4,4,3,271,424,2,3
dev_0009405,1,attack,evasive,attack_evasive,5,2026-01-09 15:03:34+00:00,False,False,never,,,5,5,,,,,0,3
dev_0009406,1,attack,evasive,attack_evasive,14,2026-01-18 01:06:17+00:00,True,True,review,4,6,4,3,2,2,388,489,8,1
dev_0009407,1,attack,evasive,attack_evasive,5,2026-01-26 11:57:28+00:00,False,False,never,,,5,5,,,,,0,3
dev_0009408,1,attack,evasive,attack_evasive,13,2026-01-04 11:32:49+00:00,True,True,review,6,7,6,5,4,4,549,662,6,3
dev_0009409,1,attack,evasive,attack_evasive,5,2026-01-12 01:38:04+00:00,True,False,review,5,,5,4,2,2,395,,0,2
dev_0009410,1,attack,evasive,attack_evasive,9,2026-01-28 14:41:07+00:00,True,True,review,5,6,5,4,4,3,416,589,3,1
dev_0009411,1,attack,evasive,attack_evasive,5,2026-01-10 20:18:15+00:00,False,False,never,,,5,5,,,,,0,1
dev_0009412,1,attack,evasive,attack_evasive,9,2026-01-29 07:19:38+00:00,True,True,review,6,7,6,5,2,2,421,463,2,3
dev_0009413,1,attack,evasive,attack_evasive,6,2026-01-24 05:52:20+00:00,True,True,review,5,6,5,4,3,2,360,429,0,3
dev_0009414,1,attack,evasive,attack_evasive,6,2026-01-22 17:44:27+00:00,True,True,review,5,6,5,4,1,1,310,469,0,4
dev_0009415,1,attack,evasive,attack_evasive,7,2026-01-03 22:11:59+00:00,True,True,review,5,7,5,4,1,1,237,422,0,0
dev_0009416,1,attack,evasive,attack_evasive,8,2026-01-03 16:55:28+00:00,True,True,review,5,7,5,4,3,2,464,697,1,2
dev_0009418,1,attack,evasive,attack_evasive,7,2026-01-12 18:13:48+00:00,True,True,review,5,7,5,4,3,2,402,641,0,4
dev_0009419,1,attack,evasive,attack_evasive,8,2026-01-19 04:47:08+00:00,True,True,review,5,7,5,4,2,2,276,529,1,1
dev_0009421,1,attack,evasive,attack_evasive,5,2026-01-18 01:22:27+00:00,False,False,never,,,5,5,,,,,0,4
dev_0009422,1,attack,evasive,attack_evasive,9,2026-01-27 04:10:02+00:00,True,True,review,5,6,5,4,2,2,323,359,3,1
dev_0009423,1,attack,evasive,attack_evasive,5,2026-01-11 09:25:52+00:00,True,False,review,5,,5,4,4,3,490,,0,2
dev_0009425,1,attack,evasive,attack_evasive,5,2026-01-04 07:00:31+00:00,True,False,review,5,,5,4,2,2,269,,0,0
dev_0009427,1,attack,evasive,attack_evasive,5,2026-01-24 00:16:44+00:00,True,False,review,5,,5,4,2,1,408,,0,0
dev_0009429,1,attack,evasive,attack_evasive,8,2026-01-18 12:43:16+00:00,True,True,review,6,7,6,5,2,2,487,518,1,2
dev_0009430,1,attack,evasive,attack_evasive,6,2026-01-02 14:00:57+00:00,True,False,review,5,,5,4,1,1,462,,0,0
dev_0009431,1,attack,evasive,attack_evasive,9,2026-01-27 01:15:36+00:00,True,True,review,5,6,5,4,4,3,589,655,3,2
dev_0009433,1,attack,evasive,attack_evasive,5,2026-01-15 01:20:05+00:00,False,False,never,,,5,5,,,,,0,3
dev_0009434,1,attack,evasive,attack_evasive,5,2026-01-28 15:59:26+00:00,True,False,review,5,,5,4,2,1,492,,0,4
dev_0009437,1,attack,evasive,attack_evasive,7,2026-01-28 18:01:01+00:00,True,True,review,5,7,5,4,3,2,336,536,0,1
dev_0009438,1,attack,evasive,attack_evasive,9,2026-01-15 05:38:57+00:00,True,True,review,6,7,6,5,4,3,424,523,2,1
dev_0009439,1,attack,evasive,attack_evasive,13,2026-01-27 19:35:49+00:00,True,True,review,5,6,5,4,2,1,567,709,7,0
dev_0009440,1,attack,evasive,attack_evasive,10,2026-01-19 04:08:02+00:00,True,True,review,5,6,5,4,3,2,249,259213,4,2
dev_0009441,1,attack,evasive,attack_evasive,7,2026-01-19 00:10:14+00:00,True,True,review,5,6,5,4,2,2,271,311,1,0
dev_0009442,1,attack,evasive,attack_evasive,9,2026-01-27 01:11:07+00:00,True,True,review,6,7,6,5,3,2,444,605,2,2
dev_0009443,1,attack,evasive,attack_evasive,6,2026-01-12 02:08:37+00:00,True,False,review,5,,5,4,4,4,315,,0,0
dev_0009444,1,attack,evasive,attack_evasive,15,2026-01-04 15:00:42+00:00,True,True,review,5,6,5,4,2,2,443,535,9,0
dev_0009446,1,attack,evasive,attack_evasive,9,2026-01-25 02:00:24+00:00,True,True,review,6,7,6,5,3,2,559,671,2,0
dev_0009447,1,attack,evasive,attack_evasive,6,2026-01-17 07:53:22+00:00,True,False,review,6,,6,5,2,1,419,,0,1
dev_0009448,1,attack,evasive,attack_evasive,8,2026-01-18 22:02:20+00:00,True,True,review,5,7,5,4,2,2,469,796,1,4
dev_0009449,1,attack,evasive,attack_evasive,7,2026-01-03 20:36:33+00:00,True,True,review,5,6,5,4,2,2,454,607,1,3
dev_0009450,1,attack,evasive,attack_evasive,5,2026-01-28 05:14:41+00:00,True,False,review,5,,5,4,3,3,279,,0,2
dev_0009451,1,attack,evasive,attack_evasive,7,2026-01-17 16:29:47+00:00,True,True,review,5,7,5,4,2,2,504,662,0,1
dev_0009452,1,attack,evasive,attack_evasive,16,2026-01-03 04:30:25+00:00,True,True,review,5,6,5,4,1,1,416,508,10,2
dev_0009454,1,attack,evasive,attack_evasive,6,2026-01-06 04:08:13+00:00,True,False,review,6,,6,5,3,3,577,,0,0
dev_0009456,1,attack,evasive,attack_evasive,8,2026-01-02 15:22:20+00:00,True,True,review,6,7,6,5,2,1,535,587,1,3
dev_0009457,1,attack,evasive,attack_evasive,5,2026-01-06 00:17:03+00:00,False,False,never,,,5,5,,,,,0,3
dev_0009458,1,attack,evasive,attack_evasive,9,2026-01-26 21:56:22+00:00,True,True,review,6,8,6,5,3,3,521,740,1,4
dev_0009459,1,attack,evasive,attack_evasive,9,2026-01-22 13:19:24+00:00,True,True,review,6,8,6,5,4,4,571,807,1,0
dev_0009460,1,attack,evasive,attack_evasive,8,2026-01-09 14:38:31+00:00,True,True,review,5,7,5,4,3,2,383,557,1,0
dev_0009462,1,attack,evasive,attack_evasive,5,2026-01-25 14:22:21+00:00,True,False,review,5,,5,4,4,4,519,,0,0
dev_0009463,1,attack,evasive,attack_evasive,8,2026-01-24 12:46:26+00:00,True,True,review,5,6,5,4,2,2,352,508,2,1
dev_0009464,1,attack,evasive,attack_evasive,5,2026-01-30 18:31:48+00:00,True,False,review,5,,5,4,2,2,301,,0,2
dev_0009466,1,attack,evasive,attack_evasive,5,2026-01-02 14:43:00+00:00,False,False,never,,,5,5,,,,,0,3
dev_0009467,1,attack,evasive,attack_evasive,7,2026-01-06 20:01:59+00:00,True,True,review,6,7,6,5,3,3,581,677,0,4
dev_0009468,1,attack,evasive,attack_evasive,7,2026-01-19 03:55:47+00:00,True,True,review,6,7,6,5,3,2,404,550,0,4
dev_0009472,1,attack,evasive,attack_evasive,5,2026-01-10 05:36:50+00:00,True,False,review,5,,5,4,3,2,471,,0,1
dev_0009473,1,attack,evasive,attack_evasive,12,2026-01-30 02:44:32+00:00,True,True,review,5,6,5,4,3,3,406,585,6,3
dev_0009475,1,attack,evasive,attack_evasive,8,2026-01-06 02:59:26+00:00,True,True,review,6,7,6,5,3,3,531,564,1,3
dev_0009476,1,attack,evasive,attack_evasive,6,2026-01-29 04:13:59+00:00,True,False,review,5,,5,4,2,2,435,,0,0
dev_0009478,1,attack,evasive,attack_evasive,5,2026-01-07 15:51:21+00:00,True,False,review,5,,5,4,2,2,413,,0,2
dev_0009479,1,attack,evasive,attack_evasive,5,2026-01-15 22:24:22+00:00,False,False,never,,,5,5,,,,,0,0
dev_0009480,1,attack,evasive,attack_evasive,6,2026-01-12 01:45:41+00:00,True,True,review,5,6,5,4,3,3,196,302,0,4
dev_0009481,1,attack,evasive,attack_evasive,9,2026-01-18 17:45:10+00:00,True,True,review,6,7,6,5,3,2,498,662,2,2
dev_0009483,1,attack,evasive,attack_evasive,7,2026-01-02 13:00:07+00:00,True,True,review,5,6,5,4,4,4,390,498,1,4
dev_0009484,1,attack,evasive,attack_evasive,9,2026-01-26 10:54:42+00:00,True,True,review,5,6,5,4,4,3,322,345,3,1
dev_0009485,1,attack,evasive,attack_evasive,8,2026-01-04 18:55:31+00:00,True,True,review,5,6,5,4,4,3,482,531,2,0
dev_0009486,1,attack,evasive,attack_evasive,13,2026-01-12 11:59:43+00:00,True,True,review,5,6,5,4,2,1,395,525,7,2
dev_0009487,1,attack,evasive,attack_evasive,6,2026-01-24 19:42:26+00:00,True,False,review,6,,6,5,2,1,541,,0,0
dev_0009488,1,attack,evasive,attack_evasive,21,2026-01-23 09:02:58+00:00,True,True,review,4,6,4,3,2,2,161,456,15,0
dev_0009489,1,attack,evasive,attack_evasive,21,2026-01-03 03:56:08+00:00,True,True,review,6,7,6,5,3,3,442,517,14,4
dev_0009490,1,attack,evasive,attack_evasive,9,2026-01-19 21:09:31+00:00,True,True,review,5,6,5,4,2,2,343,450,3,3
dev_0009491,1,attack,evasive,attack_evasive,5,2026-01-09 10:02:23+00:00,True,False,review,5,,5,4,4,3,600,,0,2
dev_0009492,1,attack,evasive,attack_evasive,8,2026-01-02 21:29:51+00:00,True,True,review,5,6,5,4,2,2,245,273,2,3
dev_0009493,1,attack,evasive,attack_evasive,5,2026-01-04 03:54:30+00:00,True,False,review,5,,5,4,1,1,212,,0,2
dev_0009495,1,attack,evasive,attack_evasive,8,2026-01-30 12:13:48+00:00,True,True,review,6,7,6,5,1,1,708,865,1,3
dev_0009496,1,attack,evasive,attack_evasive,5,2026-01-29 02:11:38+00:00,False,False,never,,,5,5,,,,,0,3
dev_0009497,1,attack,evasive,attack_evasive,5,2026-01-29 08:16:15+00:00,True,False,review,5,,5,4,2,1,333,,0,1
dev_0009500,1,attack,evasive,attack_evasive,13,2026-01-10 10:25:31+00:00,True,True,review,5,8,5,4,2,1,496,173030,5,1
dev_0009501,1,attack,evasive,attack_evasive,5,2026-01-21 14:15:04+00:00,True,False,review,5,,5,4,3,2,402,,0,2
dev_0009502,1,attack,evasive,attack_evasive,9,2026-01-24 05:16:48+00:00,True,True,review,6,7,6,5,2,2,470,610,2,3
dev_0009503,1,attack,evasive,attack_evasive,6,2026-01-08 11:59:27+00:00,True,False,review,5,,5,4,1,1,278,,0,1
dev_0009504,1,attack,evasive,attack_evasive,5,2026-01-27 05:26:36+00:00,True,False,review,5,,5,4,2,2,450,,0,0
dev_0009505,1,attack,evasive,attack_evasive,8,2026-01-27 08:42:57+00:00,True,True,review,5,6,5,4,4,3,385,467,2,2
dev_0009506,1,attack,evasive,attack_evasive,5,2026-01-03 21:20:03+00:00,False,False,never,,,5,5,,,,,0,1
dev_0009507,1,attack,evasive,attack_evasive,9,2026-01-01 22:19:24+00:00,True,True,review,5,7,5,4,4,3,404,554,2,4
dev_0009508,1,attack,evasive,attack_evasive,8,2026-01-23 20:57:30+00:00,True,True,review,4,6,4,3,2,2,205,393,2,0
dev_0009510,1,attack,evasive,attack_evasive,8,2026-01-28 02:14:35+00:00,True,True,review,5,7,5,4,1,1,243,396,1,2
dev_0009512,1,attack,evasive,attack_evasive,6,2026-01-21 01:06:02+00:00,True,False,review,6,,6,5,3,2,565,,0,3
dev_0009513,1,attack,evasive,attack_evasive,7,2026-01-19 13:53:59+00:00,True,True,review,4,6,4,3,2,2,401,682,1,1
dev_0009514,1,attack,evasive,attack_evasive,6,2026-01-27 05:36:30+00:00,True,True,review,5,6,5,4,2,1,486,562,0,1
dev_0009517,1,attack,evasive,attack_evasive,9,2026-01-01 17:51:43+00:00,True,True,review,6,8,6,5,2,1,562,806,1,4
dev_0009518,1,attack,evasive,attack_evasive,8,2026-01-23 04:06:43+00:00,True,True,review,5,6,5,4,3,2,450,619,2,3
dev_0009519,1,attack,evasive,attack_evasive,13,2026-01-12 13:58:49+00:00,True,True,review,5,6,5,4,4,3,495,589,7,3
dev_0009521,1,attack,evasive,attack_evasive,8,2026-01-07 05:08:00+00:00,True,True,review,6,7,6,5,2,2,656,676,1,3
dev_0009522,1,attack,evasive,attack_evasive,7,2026-01-25 14:37:37+00:00,True,True,review,6,7,6,5,3,2,623,800,0,4
dev_0009524,1,attack,evasive,attack_evasive,15,2026-01-28 21:55:52+00:00,True,True,review,6,7,6,5,5,4,279,312,8,3
dev_0009525,1,attack,evasive,attack_evasive,5,2026-01-04 08:26:10+00:00,True,False,review,5,,5,4,2,1,519,,0,0
dev_0009527,1,attack,evasive,attack_evasive,5,2026-01-26 09:36:22+00:00,True,False,review,5,,5,4,3,3,487,,0,4
dev_0009529,1,attack,evasive,attack_evasive,14,2026-01-02 10:33:17+00:00,True,True,review,5,7,5,4,3,3,467,688,7,4
dev_0009530,1,attack,evasive,attack_evasive,15,2026-01-22 17:13:08+00:00,True,True,review,5,7,5,4,1,1,531,816,8,2
dev_0009531,1,attack,evasive,attack_evasive,6,2026-01-17 12:45:19+00:00,True,False,review,5,,5,4,2,2,453,,0,0
dev_0009532,1,attack,evasive,attack_evasive,7,2026-01-19 09:29:47+00:00,True,True,review,5,7,5,4,2,1,490,806,0,0
dev_0009533,1,attack,evasive,attack_evasive,8,2026-01-02 03:23:30+00:00,True,True,review,5,6,5,4,2,2,358,473,2,3
dev_0009534,1,attack,evasive,attack_evasive,9,2026-01-26 08:35:33+00:00,True,True,review,6,7,6,5,3,2,710,818,2,3
dev_0009536,1,attack,evasive,attack_evasive,6,2026-01-07 20:20:35+00:00,True,True,review,5,6,5,4,4,4,461,483,0,3
dev_0009537,1,attack,evasive,attack_evasive,7,2026-01-08 18:01:41+00:00,True,True,review,6,7,6,5,3,3,567,692,0,2
dev_0009538,1,attack,evasive,attack_evasive,5,2026-01-26 01:23:14+00:00,False,False,never,,,5,5,,,,,0,0
dev_0009539,1,attack,evasive,attack_evasive,9,2026-01-16 19:16:58+00:00,True,True,review,6,7,6,5,3,2,331,461,2,0
dev_0009540,1,attack,evasive,attack_evasive,8,2026-01-13 01:55:09+00:00,True,True,review,7,8,7,6,1,1,539,657,0,4
dev_0009541,1,attack,evasive,attack_evasive,9,2026-01-17 07:47:34+00:00,True,True,review,6,7,6,5,1,1,423,595,2,4
dev_0009542,1,attack,evasive,attack_evasive,5,2026-01-23 08:50:51+00:00,False,False,never,,,5,5,,,,,0,3
dev_0009543,1,attack,evasive,attack_evasive,8,2026-01-15 07:58:27+00:00,True,True,review,5,6,5,4,3,2,332,511,2,2
dev_0009545,1,attack,evasive,attack_evasive,6,2026-01-12 08:35:28+00:00,True,False,review,6,,6,5,2,2,341,,0,4
dev_0009546,1,attack,evasive,attack_evasive,11,2026-01-18 21:37:58+00:00,True,True,review,5,7,5,4,2,2,317,259358,4,0
dev_0009547,1,attack,evasive,attack_evasive,7,2026-01-25 15:05:48+00:00,True,True,review,5,6,5,4,4,3,190,304,1,4
dev_0009548,1,attack,evasive,attack_evasive,9,2026-01-19 06:12:41+00:00,True,True,review,5,6,5,4,3,3,549,612,3,0
dev_0009549,1,attack,evasive,attack_evasive,6,2026-01-28 23:35:59+00:00,True,False,review,5,,5,4,1,1,411,,0,0
dev_0009550,1,attack,evasive,attack_evasive,5,2026-01-10 16:52:55+00:00,True,False,review,5,,5,4,3,3,296,,0,4
dev_0009551,1,attack,patient,attack_patient,8,2026-01-09 21:49:22+00:00,True,True,review,5,7,5,4,2,2,87449,346732,1,4
dev_0009552,1,attack,patient,attack_patient,10,2026-01-01 18:23:01+00:00,True,True,review,5,6,5,4,3,2,87203,88271,4,1
dev_0009553,1,attack,patient,attack_patient,9,2026-01-08 06:48:13+00:00,True,True,review,5,7,5,4,2,2,259322,432670,2,2
dev_0009554,1,attack,patient,attack_patient,7,2026-01-17 13:14:01+00:00,True,False,review,7,,7,6,2,2,261098,,0,0
dev_0009556,1,attack,patient,attack_patient,6,2026-01-23 11:22:04+00:00,True,False,review,5,,5,4,3,3,259910,,0,2
dev_0009557,1,attack,patient,attack_patient,9,2026-01-25 07:04:10+00:00,True,True,review,8,9,8,7,4,4,345593,346022,0,4
dev_0009558,1,attack,patient,attack_patient,8,2026-01-21 03:37:25+00:00,True,True,review,6,7,6,5,2,2,175500,259242,1,2
dev_0009559,1,attack,patient,attack_patient,4,2026-01-03 19:25:21+00:00,False,False,never,,,4,4,,,,,0,3
dev_0009560,1,attack,patient,attack_patient,4,2026-01-12 08:38:55+00:00,False,False,never,,,4,4,,,,,0,4
dev_0009561,1,attack,patient,attack_patient,8,2026-01-02 02:03:44+00:00,True,True,review,5,7,5,4,2,2,258707,345463,1,4
dev_0009562,1,attack,patient,attack_patient,10,2026-01-23 12:51:01+00:00,True,True,review,4,6,4,3,3,3,86851,345607,4,0
dev_0009563,1,attack,patient,attack_patient,10,2026-01-01 22:00:07+00:00,True,True,review,6,7,6,5,4,3,259409,260371,3,1
dev_0009564,1,attack,patient,attack_patient,8,2026-01-08 16:56:22+00:00,True,True,review,5,7,5,4,2,2,260244,518547,1,2
dev_0009565,1,attack,patient,attack_patient,6,2026-01-16 22:01:41+00:00,True,True,review,5,6,5,4,4,4,259396,260211,0,4
dev_0009568,1,attack,patient,attack_patient,5,2026-01-13 16:11:11+00:00,True,False,review,5,,5,4,2,1,87035,,0,0
dev_0009570,1,attack,patient,attack_patient,9,2026-01-05 14:43:03+00:00,True,True,review,6,7,6,5,3,3,260479,432032,2,3
dev_0009571,1,attack,patient,attack_patient,6,2026-01-05 20:22:38+00:00,True,True,review,5,6,5,4,5,4,258564,258942,0,0
dev_0009572,1,attack,patient,attack_patient,10,2026-01-22 18:24:09+00:00,True,True,review,6,7,6,5,4,4,518428,518941,3,3
dev_0009574,1,attack,patient,attack_patient,9,2026-01-29 09:10:33+00:00,True,True,review,6,7,6,5,2,2,432468,432842,2,3
dev_0009575,1,attack,patient,attack_patient,11,2026-01-15 04:51:32+00:00,True,True,review,5,6,5,4,3,3,86463,87365,5,3
dev_0009576,1,attack,patient,attack_patient,7,2026-01-27 00:29:51+00:00,True,True,review,5,7,5,4,3,3,260480,432856,0,0
dev_0009577,1,attack,patient,attack_patient,10,2026-01-02 23:11:27+00:00,True,True,review,4,7,4,3,2,2,87744,260096,3,4
dev_0009580,1,attack,patient,attack_patient,6,2026-01-05 17:41:33+00:00,True,False,review,5,,5,4,2,2,260387,,0,2
dev_0009581,1,attack,patient,attack_patient,8,2026-01-05 18:34:28+00:00,True,True,review,6,7,6,5,3,2,345715,346220,1,4
dev_0009582,1,attack,patient,attack_patient,6,2026-01-24 22:23:51+00:00,True,True,review,5,6,5,4,2,2,172784,173813,0,0
dev_0009583,1,attack,patient,attack_patient,4,2026-01-02 19:35:19+00:00,False,False,never,,,4,4,,,,,0,3
dev_0009584,1,attack,patient,attack_patient,5,2026-01-08 06:21:43+00:00,False,False,never,,,5,5,,,,,0,4
dev_0009585,1,attack,patient,attack_patient,10,2026-01-19 19:14:11+00:00,True,True,review,5,6,5,4,3,2,87211,172422,4,4
dev_0009586,1,attack,patient,attack_patient,10,2026-01-08 06:44:11+00:00,True,True,review,6,7,6,5,3,2,345252,345530,3,1
dev_0009587,1,attack,patient,attack_patient,5,2026-01-22 19:56:19+00:00,False,False,never,,,5,5,,,,,0,3
dev_0009588,1,attack,patient,attack_patient,8,2026-01-06 17:57:24+00:00,True,True,review,6,8,6,5,4,3,259087,259952,0,2
dev_0009589,1,attack,patient,attack_patient,11,2026-01-29 10:58:01+00:00,True,True,review,5,6,5,4,2,2,86980,87810,5,3
dev_0009590,1,attack,patient,attack_patient,7,2026-01-28 12:02:31+00:00,True,False,review,6,,6,5,1,1,346569,,0,0
dev_0009592,1,attack,patient,attack_patient,8,2026-01-12 00:10:35+00:00,True,True,review,6,7,6,5,3,2,258445,258828,1,3
dev_0009593,1,attack,patient,attack_patient,10,2026-01-28 17:46:55+00:00,True,True,review,6,7,6,5,3,3,345879,346654,3,4
dev_0009595,1,attack,patient,attack_patient,8,2026-01-04 06:54:00+00:00,True,True,review,5,6,5,4,3,2,259964,260256,2,1
dev_0009596,1,attack,patient,attack_patient,11,2026-01-26 13:10:12+00:00,True,True,review,5,8,5,4,4,3,87155,260067,3,2
dev_0009597,1,attack,patient,attack_patient,7,2026-01-01 04:11:08+00:00,True,True,review,5,6,5,4,2,2,174582,345369,1,1
dev_0009598,1,attack,patient,attack_patient,10,2026-01-20 00:19:19+00:00,True,True,review,6,7,6,5,3,2,519192,519496,3,4
dev_0009600,1,attack,patient,attack_patient,7,2026-01-17 00:37:29+00:00,True,True,review,5,6,5,4,1,1,87986,345426,1,1
dev_0009601,1,attack,patient,attack_patient,10,2026-01-30 01:00:30+00:00,True,True,review,5,7,5,4,1,1,172480,173393,3,1
dev_0009603,1,attack,patient,attack_patient,5,2026-01-11 20:12:58+00:00,False,False,never,,,5,5,,,,,0,3
dev_0009604,1,attack,patient,attack_patient,7,2026-01-30 12:13:02+00:00,True,True,review,6,7,6,5,2,2,432410,433350,0,4
dev_0009606,1,attack,patient,attack_patient,8,2026-01-01 00:17:18+00:00,True,True,review,6,8,6,5,3,3,346809,433032,0,2
dev_0009607,1,attack,patient,attack_patient,4,2026-01-12 13:45:19+00:00,False,False,never,,,4,4,,,,,0,0
dev_0009608,1,attack,patient,attack_patient,9,2026-01-27 00:01:48+00:00,True,True,review,6,7,6,5,3,3,519540,519723,2,1
dev_0009609,1,attack,patient,attack_patient,10,2026-01-29 03:12:57+00:00,True,True,review,6,7,6,5,3,3,431918,432937,3,3
dev_0009610,1,attack,patient,attack_patient,10,2026-01-13 10:32:16+00:00,True,True,review,5,6,5,4,2,2,87864,173355,4,4
dev_0009611,1,attack,patient,attack_patient,5,2026-01-11 10:31:46+00:00,False,False,never,,,5,5,,,,,0,4
dev_0009612,1,attack,patient,attack_patient,7,2026-01-18 01:03:20+00:00,True,True,review,6,7,6,5,3,3,519224,519765,0,0
dev_0009613,1,attack,patient,attack_patient,9,2026-01-27 21:36:36+00:00,True,True,review,5,8,5,4,2,1,88074,517825,1,1
dev_0009615,1,attack,patient,attack_patient,5,2026-01-19 22:37:07+00:00,True,False,review,5,,5,4,3,2,87412,,0,3
dev_0009618,1,attack,patient,attack_patient,4,2026-01-01 08:39:24+00:00,False,False,never,,,4,4,,,,,0,2
dev_0009619,1,attack,patient,attack_patient,5,2026-01-08 19:58:10+00:00,False,False,never,,,5,5,,,,,0,0
dev_0009620,1,attack,patient,attack_patient,10,2026-01-14 13:10:02+00:00,True,True,review,6,7,6,5,2,2,431542,432165,3,0
dev_0009621,1,attack,patient,attack_patient,4,2026-01-04 07:18:57+00:00,False,False,never,,,4,4,,,,,0,2
dev_0009624,1,attack,patient,attack_patient,8,2026-01-22 14:48:38+00:00,True,True,review,6,7,6,5,3,3,87255,258409,1,3
dev_0009625,1,attack,patient,attack_patient,8,2026-01-06 22:46:10+00:00,True,True,review,5,7,5,4,3,2,259412,433000,1,1
dev_0009626,1,attack,patient,attack_patient,10,2026-01-25 21:29:52+00:00,True,True,review,5,6,5,4,4,4,87600,172793,4,2
dev_0009627,1,attack,patient,attack_patient,10,2026-01-16 10:28:21+00:00,True,True,review,5,8,5,4,1,1,260086,433458,2,4
dev_0009628,1,attack,patient,attack_patient,5,2026-01-20 12:39:17+00:00,False,False,never,,,5,5,,,,,0,2
dev_0009629,1,attack,patient,attack_patient,6,2026-01-17 22:42:06+00:00,True,False,review,6,,6,5,4,3,346010,,0,2
dev_0009630,1,attack,patient,attack_patient,8,2026-01-28 05:53:16+00:00,True,True,review,6,7,6,5,3,3,432534,433554,1,2
dev_0009631,1,attack,patient,attack_patient,5,2026-01-30 11:27:12+00:00,False,False,never,,,5,5,,,,,0,1
dev_0009632,1,attack,patient,attack_patient,9,2026-01-21 00:58:43+00:00,True,True,review,6,7,6,5,3,2,517875,518892,2,3
dev_0009633,1,attack,patient,attack_patient,5,2026-01-06 18:55:59+00:00,True,True,review,4,5,4,3,1,1,86751,87807,0,0
dev_0009634,1,attack,patient,attack_patient,5,2026-01-27 03:35:10+00:00,False,False,never,,,5,5,,,,,0,1
dev_0009635,1,attack,patient,attack_patient,6,2026-01-30 13:22:19+00:00,True,True,review,5,6,5,4,4,4,260465,260832,0,3
dev_0009636,1,attack,patient,attack_patient,8,2026-01-15 02:44:03+00:00,True,True,review,6,8,6,5,3,3,259767,261383,0,1
dev_0009637,1,attack,patient,attack_patient,7,2026-01-29 08:36:14+00:00,True,True,review,6,7,6,5,2,2,258484,259479,0,1
dev_0009638,1,attack,patient,attack_patient,10,2026-01-05 05:55:09+00:00,True,True,review,5,6,5,4,3,3,87831,88213,4,4
dev_0009639,1,attack,patient,attack_patient,9,2026-01-25 11:23:50+00:00,True,True,review,6,7,6,5,4,3,431502,432294,2,2
dev_0009640,1,attack,patient,attack_patient,11,2026-01-01 00:39:09+00:00,True,True,review,6,7,6,5,2,2,517993,518445,4,2
dev_0009641,1,attack,patient,attack_patient,10,2026-01-18 00:26:39+00:00,True,True,review,6,8,6,5,3,3,87270,173822,2,2
dev_0009644,1,attack,patient,attack_patient,4,2026-01-05 21:03:01+00:00,False,False,never,,,4,4,,,,,0,1
dev_0009645,1,attack,patient,attack_patient,9,2026-01-04 21:28:49+00:00,True,True,review,5,6,5,4,3,2,173526,174103,3,3
dev_0009646,1,attack,patient,attack_patient,5,2026-01-23 19:45:28+00:00,False,False,never,,,5,5,,,,,0,0
dev_0009647,1,attack,patient,attack_patient,7,2026-01-19 17:41:53+00:00,True,False,review,7,,7,6,1,1,173555,,0,3
dev_0009648,1,attack,patient,attack_patient,7,2026-01-06 16:16:41+00:00,True,True,review,4,7,4,3,2,2,86576,260780,0,2
dev_0009649,1,attack,patient,attack_patient,8,2026-01-12 03:04:43+00:00,True,True,review,5,7,5,4,3,2,88117,345898,1,2
dev_0009651,1,attack,patient,attack_patient,7,2026-01-25 09:10:41+00:00,True,True,review,6,7,6,5,3,2,345454,346422,0,3
dev_0009652,1,attack,patient,attack_patient,12,2026-01-17 19:54:49+00:00,True,True,review,5,6,5,4,4,3,86969,87363,6,3
dev_0009654,1,attack,patient,attack_patient,11,2026-01-20 20:03:09+00:00,True,True,review,6,7,6,5,1,1,259282,260056,4,0
dev_0009655,1,attack,patient,attack_patient,5,2026-01-13 22:57:21+00:00,False,False,never,,,5,5,,,,,0,4
dev_0009660,1,attack,patient,attack_patient,10,2026-01-22 20:06:17+00:00,True,True,review,5,6,5,4,2,2,172725,173264,4,3
dev_0009661,1,attack,patient,attack_patient,7,2026-01-15 18:07:53+00:00,True,True,review,5,7,5,4,3,3,173677,345938,0,0
dev_0009662,1,attack,patient,attack_patient,9,2026-01-08 14:57:42+00:00,True,True,review,6,9,6,5,2,2,346004,519166,0,2
dev_0009663,1,attack,patient,attack_patient,6,2026-01-20 16:16:47+00:00,True,False,review,5,,5,4,3,3,87057,,0,1
dev_0009664,1,attack,patient,attack_patient,9,2026-01-08 12:30:45+00:00,True,True,review,5,6,5,4,5,4,259316,259657,3,1
dev_0009665,1,attack,patient,attack_patient,5,2026-01-07 09:00:26+00:00,True,False,review,5,,5,4,2,1,87925,,0,1
dev_0009666,1,attack,patient,attack_patient,11,2026-01-13 19:44:24+00:00,True,True,review,6,7,6,5,2,1,173573,345669,4,1
dev_0009667,1,attack,patient,attack_patient,5,2026-01-01 21:15:09+00:00,True,False,review,5,,5,4,2,2,174055,,0,2
dev_0009669,1,attack,patient,attack_patient,10,2026-01-07 21:28:40+00:00,True,True,review,6,7,6,5,2,1,260259,432364,3,3
dev_0009670,1,attack,patient,attack_patient,11,2026-01-24 04:13:12+00:00,True,True,review,6,8,6,5,4,3,259448,260636,3,2
dev_0009671,1,attack,patient,attack_patient,8,2026-01-26 11:06:37+00:00,True,True,review,5,6,5,4,4,3,172054,173049,2,4
dev_0009672,1,attack,patient,attack_patient,8,2026-01-23 05:06:23+00:00,True,True,review,6,7,6,5,1,1,173141,259090,1,1
dev_0009673,1,attack,patient,attack_patient,6,2026-01-16 20:30:46+00:00,True,False,review,6,,6,5,2,2,260574,,0,3
dev_0009674,1,attack,patient,attack_patient,11,2026-01-29 19:28:49+00:00,True,True,review,6,7,6,5,3,3,345915,346694,4,1
dev_0009675,1,attack,patient,attack_patient,9,2026-01-22 09:16:31+00:00,True,True,review,5,7,5,4,3,2,86862,346537,2,2
dev_0009676,1,attack,patient,attack_patient,9,2026-01-17 11:17:57+00:00,True,True,review,5,8,5,4,3,3,87834,517982,1,4
dev_0009678,1,attack,patient,attack_patient,8,2026-01-26 22:01:21+00:00,True,True,review,6,7,6,5,1,1,174908,346079,1,3
dev_0009679,1,attack,patient,attack_patient,8,2026-01-15 14:20:14+00:00,True,True,review,6,8,6,5,2,2,431955,433554,0,0
dev_0009680,1,attack,patient,attack_patient,9,2026-01-09 02:43:06+00:00,True,True,review,5,7,5,4,3,2,172897,174439,2,0
dev_0009681,1,attack,patient,attack_patient,8,2026-01-06 02:44:22+00:00,True,True,review,6,8,6,5,3,3,258570,259968,0,2
dev_0009682,1,attack,patient,attack_patient,7,2026-01-24 18:43:24+00:00,True,True,review,6,7,6,5,3,2,173524,174440,0,1
dev_0009683,1,attack,patient,attack_patient,6,2026-01-05 09:41:02+00:00,True,True,review,5,6,5,4,4,4,86829,87295,0,1
dev_0009684,1,attack,patient,attack_patient,5,2026-01-11 20:25:06+00:00,True,False,review,5,,5,4,2,2,87517,,0,2
dev_0009685,1,attack,patient,attack_patient,5,2026-01-08 14:17:17+00:00,False,False,never,,,5,5,,,,,0,1
dev_0009686,1,attack,patient,attack_patient,6,2026-01-16 00:01:54+00:00,True,False,review,6,,6,5,4,3,432764,,0,3
dev_0009687,1,attack,patient,attack_patient,5,2026-01-28 09:38:18+00:00,False,False,never,,,5,5,,,,,0,4
dev_0009688,1,attack,patient,attack_patient,9,2026-01-14 09:39:13+00:00,True,True,review,6,7,6,5,3,3,259306,260091,2,4
dev_0009689,1,attack,patient,attack_patient,5,2026-01-17 21:43:38+00:00,False,False,never,,,5,5,,,,,0,3
dev_0009690,1,attack,patient,attack_patient,5,2026-01-06 03:37:16+00:00,True,False,review,5,,5,4,3,3,87580,,0,3
dev_0009691,1,attack,patient,attack_patient,8,2026-01-23 08:34:16+00:00,True,True,review,6,8,6,5,2,1,345205,345746,0,4
dev_0009692,1,attack,patient,attack_patient,11,2026-01-15 15:49:35+00:00,True,True,review,5,6,5,4,4,3,172979,344950,5,4
dev_0009693,1,attack,patient,attack_patient,8,2026-01-17 04:06:27+00:00,True,True,review,6,8,6,5,2,2,259467,261359,0,1
dev_0009695,1,attack,patient,attack_patient,10,2026-01-17 01:59:59+00:00,True,True,review,7,8,7,6,4,3,346178,604883,2,3
dev_0009696,1,attack,patient,attack_patient,9,2026-01-10 18:15:22+00:00,True,True,review,5,7,5,4,2,2,259621,518803,2,2
dev_0009698,1,attack,patient,attack_patient,6,2026-01-16 20:26:05+00:00,True,False,review,6,,6,5,3,3,260206,,0,3
dev_0009699,1,attack,patient,attack_patient,5,2026-01-03 10:36:28+00:00,False,False,never,,,5,5,,,,,0,0
dev_0009700,1,attack,patient,attack_patient,7,2026-01-07 14:53:00+00:00,True,False,review,6,,6,5,2,2,260602,,0,4
dev_0009701,1,attack,patient,attack_patient,9,2026-01-25 04:10:03+00:00,True,True,review,6,8,6,5,2,2,518438,776942,1,0
dev_0009702,1,attack,patient,attack_patient,10,2026-01-18 09:02:40+00:00,True,True,review,5,7,5,4,3,3,259739,345938,3,1
dev_0009703,1,attack,patient,attack_patient,6,2026-01-07 07:28:36+00:00,True,False,review,6,,6,5,3,2,432139,,0,1
dev_0009704,1,attack,patient,attack_patient,9,2026-01-24 03:47:23+00:00,True,True,review,4,7,4,3,1,1,86101,259671,2,2
dev_0009705,1,attack,patient,attack_patient,11,2026-01-20 18:44:45+00:00,True,True,review,5,6,5,4,3,3,173151,345123,5,4
dev_0009706,1,attack,patient,attack_patient,5,2026-01-16 02:37:26+00:00,False,False,never,,,5,5,,,,,0,2
dev_0009707,1,attack,patient,attack_patient,4,2026-01-11 17:43:39+00:00,False,False,never,,,4,4,,,,,0,1
dev_0009708,1,attack,patient,attack_patient,10,2026-01-28 02:09:29+00:00,True,True,review,5,7,5,4,3,3,260819,345956,3,1
dev_0009709,1,attack,patient,attack_patient,6,2026-01-07 00:18:02+00:00,True,True,review,5,6,5,4,3,2,259014,259308,0,1
dev_0009710,1,attack,patient,attack_patient,4,2026-01-24 04:03:56+00:00,False,False,never,,,4,4,,,,,0,3
dev_0009711,1,attack,patient,attack_patient,4,2026-01-29 16:27:01+00:00,False,False,never,,,4,4,,,,,0,1
dev_0009712,1,attack,patient,attack_patient,9,2026-01-02 17:01:16+00:00,True,True,review,7,8,7,6,2,1,347178,432007,1,3
dev_0009713,1,attack,patient,attack_patient,5,2026-01-15 12:59:58+00:00,True,False,review,4,,4,3,2,2,259986,,0,2
dev_0009714,1,attack,patient,attack_patient,9,2026-01-25 17:12:18+00:00,True,True,review,6,7,6,5,2,2,260696,431898,2,1
dev_0009715,1,attack,patient,attack_patient,5,2026-01-04 23:46:20+00:00,False,False,never,,,5,5,,,,,0,0
dev_0009717,1,attack,patient,attack_patient,6,2026-01-04 01:39:37+00:00,False,False,never,,,6,6,,,,,0,4
dev_0009721,1,attack,patient,attack_patient,6,2026-01-26 11:21:49+00:00,True,False,review,6,,6,5,1,1,260376,,0,1
dev_0009723,1,attack,patient,attack_patient,11,2026-01-14 10:05:46+00:00,True,True,review,6,7,6,5,4,3,345887,346613,4,4
dev_0009724,1,attack,patient,attack_patient,9,2026-01-09 18:16:04+00:00,True,True,review,6,7,6,5,3,3,259527,260058,2,0
dev_0009725,1,attack,patient,attack_patient,11,2026-01-03 08:34:53+00:00,True,True,review,6,7,6,5,1,1,518584,519259,4,4
dev_0009728,1,attack,patient,attack_patient,9,2026-01-02 02:54:59+00:00,True,True,review,6,7,6,5,3,3,259555,259852,2,4
dev_0009729,1,attack,patient,attack_patient,6,2026-01-24 10:44:57+00:00,True,True,review,5,6,5,4,3,2,260042,260370,0,4
dev_0009732,1,attack,patient,attack_patient,7,2026-01-28 10:32:23+00:00,True,True,review,6,7,6,5,4,4,173921,174971,0,3
dev_0009733,1,attack,patient,attack_patient,10,2026-01-17 21:36:29+00:00,True,True,review,6,7,6,5,2,2,431804,432113,3,2
dev_0009734,1,attack,patient,attack_patient,7,2026-01-08 23:28:33+00:00,True,True,review,5,7,5,4,3,3,260284,431930,0,2
dev_0009736,1,attack,patient,attack_patient,6,2026-01-15 12:34:57+00:00,True,False,review,6,,6,5,3,3,173010,,0,2
dev_0009737,1,attack,patient,attack_patient,9,2026-01-24 02:53:23+00:00,True,True,review,6,7,6,5,3,3,431678,432078,2,4
dev_0009738,1,attack,patient,attack_patient,10,2026-01-26 09:54:48+00:00,True,True,review,5,7,5,4,1,1,87595,345729,3,0
dev_0009739,1,attack,patient,attack_patient,10,2026-01-12 12:15:22+00:00,True,True,review,7,8,7,6,2,2,432966,433241,2,2
dev_0009740,1,attack,patient,attack_patient,10,2026-01-18 05:52:19+00:00,True,True,review,6,7,6,5,2,2,432813,433207,3,0
dev_0009741,1,attack,patient,attack_patient,10,2026-01-18 13:41:50+00:00,True,True,review,6,7,6,5,2,2,345759,346671,3,3
dev_0009742,1,attack,patient,attack_patient,5,2026-01-18 06:34:06+00:00,True,False,review,5,,5,4,2,2,86658,,0,2
dev_0009743,1,attack,patient,attack_patient,8,2026-01-25 20:52:11+00:00,True,True,review,5,7,5,4,3,3,258648,518418,1,2
dev_0009745,1,attack,patient,attack_patient,5,2026-01-22 22:26:26+00:00,False,False,never,,,5,5,,,,,0,0
dev_0009746,1,attack,patient,attack_patient,5,2026-01-12 19:06:38+00:00,False,False,never,,,5,5,,,,,0,3
dev_0009747,1,attack,patient,attack_patient,6,2026-01-07 12:27:48+00:00,True,True,review,5,6,5,4,1,1,87457,88302,0,1
dev_0009748,1,attack,patient,attack_patient,7,2026-01-22 14:37:10+00:00,True,True,review,6,7,6,5,1,1,345422,346037,0,2
dev_0009750,1,attack,patient,attack_patient,9,2026-01-27 17:29:17+00:00,True,True,review,6,8,6,5,2,1,173447,346053,1,0
dev_0009752,1,attack,patient,attack_patient,11,2026-01-01 14:22:20+00:00,True,True,review,5,7,5,4,3,2,86388,345343,4,4
dev_0009753,1,attack,patient,attack_patient,10,2026-01-30 21:26:24+00:00,True,True,review,6,7,6,5,3,3,345647,346456,3,3
dev_0009754,1,attack,patient,attack_patient,8,2026-01-12 23:58:25+00:00,True,True,review,5,6,5,4,3,3,260480,432281,2,3
dev_0009755,1,attack,patient,attack_patient,7,2026-01-22 04:11:32+00:00,True,False,review,5,,5,4,1,1,87169,,0,0
dev_0009756,1,attack,patient,attack_patient,8,2026-01-26 00:48:46+00:00,True,True,review,5,7,5,4,4,3,345464,604810,1,4
dev_0009757,1,attack,patient,attack_patient,10,2026-01-29 05:58:26+00:00,True,True,review,6,7,6,5,2,2,345617,345996,3,1
dev_0009758,1,attack,patient,attack_patient,5,2026-01-10 08:19:59+00:00,False,False,never,,,5,5,,,,,0,2
dev_0009759,1,attack,patient,attack_patient,9,2026-01-25 10:45:12+00:00,True,True,review,6,7,6,5,3,2,88158,173193,2,4
dev_0009760,1,attack,patient,attack_patient,6,2026-01-14 19:39:31+00:00,True,False,review,6,,6,5,2,2,347044,,0,2
dev_0009762,1,attack,patient,attack_patient,10,2026-01-10 21:18:19+00:00,True,True,review,6,7,6,5,2,1,259798,431672,3,2
dev_0009763,1,attack,patient,attack_patient,7,2026-01-24 03:11:55+00:00,True,True,review,5,6,5,4,2,2,88230,173456,1,4
dev_0009764,1,attack,patient,attack_patient,8,2026-01-12 14:52:20+00:00,True,True,review,5,6,5,4,2,1,174450,345362,2,4
dev_0009765,1,attack,patient,attack_patient,10,2026-01-02 01:35:53+00:00,True,True,review,6,7,6,5,3,3,431756,432788,3,4
dev_0009766,1,attack,patient,attack_patient,4,2026-01-16 01:47:12+00:00,False,False,never,,,4,4,,,,,0,0
dev_0009767,1,attack,patient,attack_patient,8,2026-01-14 14:07:30+00:00,True,False,review,6,,6,5,2,2,346091,,0,0
dev_0009769,1,attack,patient,attack_patient,9,2026-01-22 14:59:25+00:00,True,True,review,5,6,5,4,1,1,172751,173267,3,1
dev_0009770,1,attack,patient,attack_patient,8,2026-01-05 19:04:20+00:00,True,True,review,6,7,6,5,3,2,345718,346421,1,2
dev_0009771,1,attack,patient,attack_patient,6,2026-01-11 17:11:28+00:00,True,False,review,6,,6,5,3,3,173280,,0,0
dev_0009772,1,attack,patient,attack_patient,5,2026-01-27 03:14:45+00:00,False,False,never,,,5,5,,,,,0,4
dev_0009773,1,attack,patient,attack_patient,5,2026-01-19 07:21:25+00:00,True,False,review,5,,5,4,3,3,87185,,0,4
dev_0009774,1,attack,patient,attack_patient,11,2026-01-16 00:59:17+00:00,True,True,review,6,7,6,5,3,3,87437,345794,4,4
dev_0009775,1,attack,patient,attack_patient,10,2026-01-17 13:00:23+00:00,True,True,review,7,8,7,6,3,2,259776,518540,2,4
dev_0009776,1,attack,patient,attack_patient,7,2026-01-27 13:05:38+00:00,True,True,review,6,7,6,5,4,3,518906,519985,0,4
dev_0009778,1,attack,patient,attack_patient,5,2026-01-16 18:39:15+00:00,True,False,review,5,,5,4,3,2,87560,,0,2
dev_0009779,1,attack,patient,attack_patient,6,2026-01-14 22:09:44+00:00,False,False,never,,,6,6,,,,,0,4
dev_0009780,1,attack,patient,attack_patient,4,2026-01-28 06:50:29+00:00,False,False,never,,,4,4,,,,,0,2
dev_0009781,1,attack,patient,attack_patient,5,2026-01-10 22:03:31+00:00,True,False,review,5,,5,4,1,1,86544,,0,4
dev_0009782,1,attack,patient,attack_patient,4,2026-01-28 12:07:41+00:00,False,False,never,,,4,4,,,,,0,1
dev_0009783,1,attack,patient,attack_patient,11,2026-01-13 18:57:58+00:00,True,True,review,5,6,5,4,3,2,86853,87261,5,4
dev_0009784,1,attack,patient,attack_patient,4,2026-01-08 06:17:39+00:00,False,False,never,,,4,4,,,,,0,2
dev_0009786,1,attack,patient,attack_patient,12,2026-01-18 07:06:22+00:00,True,True,review,5,6,5,4,3,2,88156,88823,6,2
dev_0009787,1,attack,patient,attack_patient,7,2026-01-28 04:31:20+00:00,True,True,review,6,7,6,5,2,2,345505,345804,0,3
dev_0009788,1,attack,patient,attack_patient,8,2026-01-06 02:26:14+00:00,True,True,review,6,7,6,5,3,3,174336,345846,1,1
dev_0009789,1,attack,patient,attack_patient,5,2026-01-08 13:44:54+00:00,True,False,review,5,,5,4,3,2,87402,,0,0
dev_0009791,1,attack,patient,attack_patient,6,2026-01-12 04:55:26+00:00,True,False,review,5,,5,4,3,2,258742,,0,2
dev_0009793,1,attack,patient,attack_patient,9,2026-01-14 17:16:40+00:00,True,True,review,6,8,6,5,2,2,174199,259856,1,4
dev_0009794,1,attack,patient,attack_patient,6,2026-01-17 14:07:26+00:00,True,False,review,6,,6,5,2,1,174060,,0,1
dev_0009795,1,attack,patient,attack_patient,10,2026-01-07 10:08:00+00:00,True,True,review,5,6,5,4,1,1,260543,344866,4,2
dev_0009796,1,attack,patient,attack_patient,8,2026-01-13 06:31:29+00:00,True,True,review,6,8,6,5,3,3,87920,173359,0,0
dev_0009797,1,attack,patient,attack_patient,7,2026-01-06 12:32:38+00:00,True,True,review,6,7,6,5,2,2,345658,346766,0,3
dev_0009798,1,attack,patient,attack_patient,5,2026-01-19 00:59:09+00:00,False,False,never,,,5,5,,,,,0,2
dev_0009799,1,attack,patient,attack_patient,8,2026-01-26 15:20:51+00:00,True,True,review,6,7,6,5,4,4,173584,431821,1,0
dev_0009800,1,attack,patient,attack_patient,10,2026-01-09 15:15:43+00:00,True,True,review,5,7,5,4,3,2,86417,346424,3,0
dev_0009801,1,attack,patient,attack_patient,4,2026-01-24 05:44:34+00:00,True,False,review,4,,4,3,3,3,173137,,0,2
dev_0009803,1,attack,patient,attack_patient,10,2026-01-05 20:37:18+00:00,True,True,review,6,7,6,5,2,1,345817,346556,3,1
dev_0009804,1,attack,patient,attack_patient,9,2026-01-05 04:41:01+00:00,True,True,review,6,7,6,5,2,2,346204,346631,2,3
dev_0009805,1,attack,patient,attack_patient,11,2026-01-08 10:56:29+00:00,True,True,review,6,7,6,5,2,2,87235,345338,4,3
dev_0009806,1,attack,patient,attack_patient,5,2026-01-25 09:13:05+00:00,False,False,never,,,5,5,,,,,0,0
dev_0009807,1,attack,patient,attack_patient,9,2026-01-30 00:11:36+00:00,True,True,review,6,7,6,5,4,4,431713,432892,2,0
dev_0009808,1,attack,patient,attack_patient,9,2026-01-17 07:01:45+00:00,True,True,review,5,8,5,4,4,3,173050,432311,1,0
dev_0009809,1,attack,patient,attack_patient,10,2026-01-15 05:42:29+00:00,True,True,review,4,8,4,3,3,2,86538,345376,2,2
dev_0009810,1,attack,patient,attack_patient,9,2026-01-20 16:16:26+00:00,True,True,review,6,7,6,5,3,2,518581,519737,2,3
dev_0009811,1,attack,patient,attack_patient,10,2026-01-22 19:32:48+00:00,True,True,review,6,7,6,5,2,2,432738,433379,3,0
dev_0009812,1,attack,patient,attack_patient,8,2026-01-12 06:14:54+00:00,True,True,review,5,6,5,4,3,2,87429,259791,2,1
dev_0009813,1,attack,patient,attack_patient,6,2026-01-30 09:01:21+00:00,True,False,review,5,,5,4,2,2,259671,,0,0
dev_0009814,1,attack,patient,attack_patient,11,2026-01-09 15:39:58+00:00,True,True,review,6,7,6,5,1,1,260161,431319,4,1
dev_0009815,1,attack,patient,attack_patient,8,2026-01-02 05:43:54+00:00,True,True,review,5,7,5,4,3,2,260377,432133,1,2
dev_0009816,1,attack,patient,attack_patient,5,2026-01-22 23:35:45+00:00,False,False,never,,,5,5,,,,,0,0
dev_0009817,1,attack,patient,attack_patient,8,2026-01-02 23:18:48+00:00,True,True,review,5,7,5,4,2,2,259523,345340,1,4
dev_0009818,1,attack,patient,attack_patient,5,2026-01-24 11:22:20+00:00,False,False,never,,,5,5,,,,,0,3
dev_0009820,1,attack,patient,attack_patient,11,2026-01-17 16:13:26+00:00,True,True,review,6,7,6,5,2,2,87937,345917,4,4
dev_0009822,1,attack,patient,attack_patient,8,2026-01-17 19:46:17+00:00,True,True,review,6,7,6,5,4,3,346193,432532,1,0
dev_0009823,1,attack,patient,attack_patient,9,2026-01-19 16:54:54+00:00,True,True,review,6,8,6,5,2,2,346604,604438,1,2
dev_0009824,1,attack,patient,attack_patient,9,2026-01-13 20:40:14+00:00,True,True,review,5,7,5,4,2,2,86776,259878,2,2
dev_0009825,1,attack,patient,attack_patient,4,2026-01-25 09:45:11+00:00,False,False,never,,,4,4,,,,,0,0
dev_0009826,1,attack,patient,attack_patient,10,2026-01-14 11:58:23+00:00,True,True,review,5,7,5,4,3,2,259744,346212,3,1
dev_0009827,1,attack,patient,attack_patient,7,2026-01-19 12:48:40+00:00,True,True,review,5,6,5,4,2,1,172150,172626,1,2
dev_0009828,1,attack,patient,attack_patient,10,2026-01-03 00:27:27+00:00,True,True,review,6,7,6,5,4,3,259894,260578,3,1
dev_0009829,1,attack,patient,attack_patient,9,2026-01-04 13:37:20+00:00,True,True,review,6,8,6,5,3,2,347403,432471,1,1
dev_0009830,1,attack,patient,attack_patient,9,2026-01-09 16:55:51+00:00,True,True,review,6,7,6,5,4,3,260408,517825,2,4
dev_0009831,1,attack,patient,attack_patient,7,2026-01-05 15:57:46+00:00,True,True,review,6,7,6,5,2,2,345507,346499,0,3
dev_0009834,1,attack,patient,attack_patient,8,2026-01-07 20:53:01+00:00,True,True,review,6,7,6,5,3,3,88288,345382,1,4
dev_0009835,1,attack,patient,attack_patient,11,2026-01-08 04:36:46+00:00,True,True,review,6,7,6,5,2,2,174513,432017,4,4
dev_0009837,1,attack,patient,attack_patient,5,2026-01-21 17:10:27+00:00,True,False,review,5,,5,4,4,3,174554,,0,0
dev_0009838,1,attack,patient,attack_patient,5,2026-01-27 14:08:18+00:00,False,False,never,,,5,5,,,,,0,0
dev_0009840,1,attack,patient,attack_patient,5,2026-01-18 06:52:27+00:00,False,False,never,,,5,5,,,,,0,4
dev_0009842,1,attack,patient,attack_patient,10,2026-01-26 08:08:35+00:00,True,True,review,6,7,6,5,3,3,258906,259275,3,3
dev_0009843,1,attack,patient,attack_patient,10,2026-01-03 14:33:41+00:00,True,True,review,5,7,5,4,2,2,87254,173586,3,0
dev_0009844,1,attack,patient,attack_patient,10,2026-01-11 11:03:22+00:00,True,True,review,6,7,6,5,3,2,258380,258562,3,3
dev_0009846,1,attack,patient,attack_patient,10,2026-01-01 19:59:11+00:00,True,True,review,6,7,6,5,3,3,346633,346856,3,4
dev_0009847,1,attack,patient,attack_patient,6,2026-01-09 05:28:07+00:00,True,False,review,5,,5,4,3,2,259143,,0,2
dev_0009848,1,attack,patient,attack_patient,8,2026-01-23 13:05:26+00:00,True,True,review,5,7,5,4,3,2,87675,174133,1,0
dev_0009849,1,attack,patient,attack_patient,9,2026-01-22 18:49:35+00:00,True,True,review,6,7,6,5,4,4,173751,259232,2,3
dev_0009852,1,attack,patient,attack_patient,5,2026-01-12 13:42:44+00:00,False,False,never,,,5,5,,,,,0,1
dev_0009853,1,attack,patient,attack_patient,4,2026-01-28 03:42:38+00:00,False,False,never,,,4,4,,,,,0,3
dev_0009856,1,attack,patient,attack_patient,11,2026-01-18 13:08:52+00:00,True,True,review,5,7,5,4,3,2,87058,260003,4,0
dev_0009857,1,attack,patient,attack_patient,10,2026-01-15 05:36:59+00:00,True,True,review,6,7,6,5,2,2,345943,347055,3,1
dev_0009859,1,attack,patient,attack_patient,10,2026-01-21 01:56:45+00:00,True,True,review,6,7,6,5,3,3,344596,344824,3,1
dev_0009860,1,attack,patient,attack_patient,12,2026-01-13 07:22:33+00:00,True,True,review,5,7,5,4,3,2,260238,432445,5,0
dev_0009861,1,attack,patient,attack_patient,4,2026-01-15 11:19:34+00:00,False,False,never,,,4,4,,,,,0,4
dev_0009862,1,attack,patient,attack_patient,7,2026-01-10 06:28:06+00:00,True,False,review,6,,6,5,3,2,432704,,0,0
dev_0009863,1,attack,patient,attack_patient,5,2026-01-24 17:43:55+00:00,False,False,never,,,5,5,,,,,0,1
dev_0009864,1,attack,patient,attack_patient,8,2026-01-27 19:46:19+00:00,True,True,review,4,5,4,3,3,2,86863,87557,3,3
dev_0009865,1,attack,patient,attack_patient,8,2026-01-24 00:52:00+00:00,True,True,review,6,7,6,5,3,2,174209,345925,1,2
dev_0009866,1,attack,patient,attack_patient,4,2026-01-28 06:24:40+00:00,False,False,never,,,4,4,,,,,0,0
dev_0009867,1,attack,patient,attack_patient,5,2026-01-17 08:29:29+00:00,True,False,review,5,,5,4,4,3,259703,,0,1
dev_0009868,1,attack,patient,attack_patient,4,2026-01-29 14:24:09+00:00,False,False,never,,,4,4,,,,,0,3
dev_0009871,1,attack,patient,attack_patient,5,2026-01-27 19:22:46+00:00,False,False,never,,,5,5,,,,,0,0
dev_0009872,1,attack,patient,attack_patient,4,2026-01-30 15:07:40+00:00,False,False,never,,,4,4,,,,,0,3
dev_0009873,1,attack,patient,attack_patient,8,2026-01-22 13:04:47+00:00,True,True,review,6,7,6,5,5,4,346140,346764,1,4
dev_0009874,1,attack,patient,attack_patient,9,2026-01-20 17:12:55+00:00,True,True,review,6,7,6,5,5,4,345430,345638,2,3
dev_0009875,1,attack,patient,attack_patient,6,2026-01-11 14:53:36+00:00,True,False,review,5,,5,4,2,2,87286,,0,2
dev_0009877,1,attack,patient,attack_patient,7,2026-01-14 10:34:52+00:00,True,True,review,5,6,5,4,3,2,173200,173739,1,3
dev_0009879,1,attack,patient,attack_patient,7,2026-01-01 13:54:49+00:00,True,True,review,5,7,5,4,1,1,87026,259404,0,0
dev_0009880,1,attack,patient,attack_patient,8,2026-01-30 23:10:29+00:00,True,True,review,4,6,4,3,3,2,259062,518324,2,0
dev_0009882,1,attack,patient,attack_patient,10,2026-01-20 12:35:56+00:00,True,True,review,6,7,6,5,1,1,260109,518269,3,1
dev_0009884,1,attack,patient,attack_patient,10,2026-01-11 00:57:40+00:00,True,True,review,7,8,7,6,2,2,519168,520082,2,1
dev_0009885,1,attack,patient,attack_patient,5,2026-01-21 09:01:14+00:00,False,False,never,,,5,5,,,,,0,0
dev_0009886,1,attack,patient,attack_patient,11,2026-01-05 10:10:31+00:00,True,True,review,5,7,5,4,2,2,259922,345478,4,0
dev_0009887,1,attack,patient,attack_patient,12,2026-01-14 07:33:03+00:00,True,True,review,6,7,6,5,3,3,174977,345893,5,1
dev_0009888,1,attack,patient,attack_patient,11,2026-01-16 15:13:09+00:00,True,True,review,7,8,7,6,3,3,432332,432843,3,1
dev_0009889,1,attack,patient,attack_patient,6,2026-01-24 05:03:34+00:00,True,False,review,6,,6,5,3,3,174966,,0,2
dev_0009890,1,attack,patient,attack_patient,8,2026-01-20 23:29:03+00:00,True,True,review,6,7,6,5,4,3,260718,345853,1,3
dev_0009891,1,attack,patient,attack_patient,9,2026-01-16 20:17:54+00:00,True,True,review,6,7,6,5,3,2,259274,260026,2,4
dev_0009893,1,attack,patient,attack_patient,11,2026-01-01 16:17:36+00:00,True,True,review,6,7,6,5,4,3,432498,433355,4,0
dev_0009894,1,attack,patient,attack_patient,9,2026-01-10 18:26:08+00:00,True,True,review,6,7,6,5,3,3,517789,518544,2,2
dev_0009895,1,attack,patient,attack_patient,6,2026-01-21 15:30:12+00:00,True,False,review,5,,5,4,4,4,345759,,0,1
dev_0009896,1,attack,patient,attack_patient,6,2026-01-17 21:30:42+00:00,True,False,review,6,,6,5,1,1,346791,,0,0
dev_0009898,1,attack,patient,attack_patient,7,2026-01-22 10:47:23+00:00,True,True,review,6,7,6,5,4,3,259134,260041,0,1
dev_0009900,1,attack,patient,attack_patient,8,2026-01-11 14:58:52+00:00,True,True,review,6,8,6,5,3,2,259046,260180,0,2
dev_0009901,1,attack,patient,attack_patient,10,2026-01-14 06:35:08+00:00,True,True,review,5,6,5,4,3,2,87337,171949,4,4
dev_0009902,1,attack,patient,attack_patient,7,2026-01-20 22:38:22+00:00,True,True,review,6,7,6,5,4,4,431984,432399,0,3
dev_0009903,1,attack,patient,attack_patient,5,2026-01-03 16:37:10+00:00,False,False,never,,,5,5,,,,,0,4
dev_0009904,1,attack,patient,attack_patient,11,2026-01-29 05:29:50+00:00,True,True,review,6,7,6,5,3,2,432165,432991,4,0
dev_0009905,1,attack,patient,attack_patient,5,2026-01-12 00:41:34+00:00,False,False,never,,,5,5,,,,,0,1
dev_0009907,1,attack,patient,attack_patient,6,2026-01-29 01:53:24+00:00,True,False,review,6,,6,5,4,3,259097,,0,4
dev_0009908,1,attack,patient,attack_patient,11,2026-01-20 20:50:19+00:00,True,True,review,6,7,6,5,4,3,345547,346338,4,1
dev_0009909,1,attack,patient,attack_patient,5,2026-01-17 02:24:14+00:00,True,False,review,5,,5,4,4,3,259515,,0,3
dev_0009911,1,attack,patient,attack_patient,6,2026-01-13 03:44:05+00:00,True,False,review,6,,6,5,4,3,432345,,0,1
dev_0009912,1,attack,patient,attack_patient,10,2026-01-14 02:32:30+00:00,True,True,review,6,8,6,5,1,1,432639,518267,2,4
dev_0009913,1,attack,patient,attack_patient,5,2026-01-03 21:18:18+00:00,True,False,review,5,,5,4,2,2,259458,,0,3
dev_0009914,1,attack,patient,attack_patient,8,2026-01-28 23:29:54+00:00,True,True,review,5,6,5,4,4,3,86757,172962,2,0
dev_0009915,1,attack,patient,attack_patient,7,2026-01-22 02:34:16+00:00,True,True,review,5,6,5,4,2,2,260711,345843,1,4
dev_0009916,1,attack,patient,attack_patient,8,2026-01-12 20:19:44+00:00,True,True,review,5,7,5,4,3,2,87585,346818,1,0
dev_0009917,1,attack,patient,attack_patient,6,2026-01-04 00:44:56+00:00,False,False,never,,,6,6,,,,,0,4
dev_0009918,1,attack,patient,attack_patient,8,2026-01-04 05:55:28+00:00,True,True,review,6,7,6,5,2,1,259386,259847,1,3
dev_0009922,1,attack,patient,attack_patient,9,2026-01-26 08:14:47+00:00,True,True,review,6,7,6,5,2,2,346882,348016,2,0
dev_0009923,1,attack,patient,attack_patient,10,2026-01-03 12:12:08+00:00,True,True,block,6,6,6,5,5,4,345171,345171,4,3
dev_0009924,1,attack,patient,attack_patient,11,2026-01-23 18:37:27+00:00,True,True,review,5,7,5,4,3,3,259603,519889,4,2
dev_0009925,1,attack,patient,attack_patient,12,2026-01-27 02:30:49+00:00,True,True,review,6,7,6,5,2,2,174075,431910,5,3
dev_0009928,1,attack,patient,attack_patient,6,2026-01-26 03:24:06+00:00,True,False,review,6,,6,5,2,2,174196,,0,0
dev_0009929,1,attack,patient,attack_patient,7,2026-01-30 19:36:39+00:00,True,True,review,6,7,6,5,3,3,259697,260482,0,3
dev_0009930,1,attack,patient,attack_patient,9,2026-01-05 20:01:43+00:00,True,True,review,6,7,6,5,3,3,258879,259886,2,1
dev_0009931,1,attack,patient,attack_patient,9,2026-01-09 12:36:49+00:00,True,True,review,6,8,6,5,3,3,259492,431940,1,2
dev_0009932,1,attack,patient,attack_patient,9,2026-01-14 00:38:31+00:00,True,True,review,6,7,6,5,4,3,259961,261139,2,1
dev_0009934,1,attack,patient,attack_patient,8,2026-01-04 01:08:40+00:00,True,True,review,5,7,5,4,3,3,518181,690506,1,1
dev_0009935,1,attack,patient,attack_patient,10,2026-01-09 23:15:01+00:00,True,True,review,5,7,5,4,3,3,173295,346169,3,0
dev_0009936,1,attack,patient,attack_patient,6,2026-01-12 04:18:15+00:00,True,False,review,6,,6,5,3,3,87802,,0,4
dev_0009937,1,attack,patient,attack_patient,10,2026-01-25 01:52:39+00:00,True,True,review,6,7,6,5,1,1,260372,345053,3,3
dev_0009938,1,attack,patient,attack_patient,8,2026-01-05 21:29:36+00:00,True,True,review,6,7,6,5,1,1,518703,604158,1,4
dev_0009939,1,attack,patient,attack_patient,5,2026-01-10 17:18:48+00:00,True,False,review,5,,5,4,1,1,86407,,0,1
dev_0009942,1,attack,patient,attack_patient,11,2026-01-20 15:58:14+00:00,True,True,review,6,7,6,5,2,2,345136,346122,4,2
dev_0009943,1,attack,patient,attack_patient,5,2026-01-15 16:14:46+00:00,False,False,never,,,5,5,,,,,0,3
dev_0009945,1,attack,patient,attack_patient,4,2026-01-21 02:44:05+00:00,False,False,never,,,4,4,,,,,0,1
dev_0009946,1,attack,patient,attack_patient,9,2026-01-18 15:38:51+00:00,True,True,review,5,7,5,4,2,2,260338,431507,2,1
dev_0009950,1,attack,patient,attack_patient,6,2026-01-03 16:26:26+00:00,True,False,review,6,,6,5,3,3,173250,,0,3
dev_0009951,1,attack,patient,attack_patient,8,2026-01-24 05:58:15+00:00,True,True,review,6,7,6,5,4,3,346174,346551,1,2
dev_0009952,1,attack,patient,attack_patient,7,2026-01-07 07:56:09+00:00,True,True,review,5,7,5,4,3,2,86605,173148,0,1
dev_0009953,1,attack,patient,attack_patient,8,2026-01-30 04:07:46+00:00,True,True,review,5,6,5,4,4,4,87118,172943,2,2
dev_0009954,1,attack,patient,attack_patient,4,2026-01-25 22:19:19+00:00,False,False,never,,,4,4,,,,,0,1
dev_0009955,1,attack,patient,attack_patient,10,2026-01-04 15:54:51+00:00,True,True,review,6,7,6,5,4,3,259220,260253,3,0
dev_0009956,1,attack,patient,attack_patient,8,2026-01-26 19:45:10+00:00,True,True,review,6,7,6,5,2,1,260116,345629,1,3
dev_0009957,1,attack,patient,attack_patient,11,2026-01-13 03:35:40+00:00,True,True,review,5,7,5,4,2,2,260215,432784,4,0
dev_0009958,1,attack,patient,attack_patient,12,2026-01-25 00:04:35+00:00,True,True,review,6,7,6,5,3,2,173421,258565,5,2
dev_0009959,1,attack,patient,attack_patient,10,2026-01-04 09:04:42+00:00,True,True,review,5,7,5,4,3,2,86612,345814,3,2
dev_0009960,1,attack,patient,attack_patient,8,2026-01-25 11:22:25+00:00,True,True,review,5,7,5,4,2,2,260496,431906,1,0
dev_0009962,1,attack,patient,attack_patient,5,2026-01-01 15:38:11+00:00,True,False,review,4,,4,3,1,1,86772,,0,0
dev_0009963,1,attack,patient,attack_patient,9,2026-01-23 00:16:51+00:00,True,True,review,5,7,5,4,3,2,174321,432500,2,0
dev_0009964,1,attack,patient,attack_patient,7,2026-01-13 18:24:58+00:00,True,True,review,6,7,6,5,3,2,258566,258999,0,4
dev_0009966,1,attack,patient,attack_patient,5,2026-01-19 15:22:44+00:00,True,False,review,5,,5,4,2,2,260033,,0,2
dev_0009967,1,attack,patient,attack_patient,8,2026-01-24 14:29:23+00:00,True,True,review,6,8,6,5,3,2,345414,346710,0,4
dev_0009968,1,attack,patient,attack_patient,5,2026-01-29 12:28:17+00:00,False,False,never,,,5,5,,,,,0,2
dev_0009969,1,attack,patient,attack_patient,9,2026-01-17 17:04:08+00:00,True,True,review,6,7,6,5,2,2,174338,259086,2,4
dev_0009970,1,attack,patient,attack_patient,10,2026-01-10 11:05:39+00:00,True,True,review,6,7,6,5,2,2,174467,431781,3,0
dev_0009971,1,attack,patient,attack_patient,11,2026-01-16 23:11:30+00:00,True,True,review,5,6,5,4,4,3,259449,259631,5,1
dev_0009972,1,attack,patient,attack_patient,11,2026-01-23 05:09:10+00:00,True,True,review,7,8,7,6,4,4,259028,260198,3,3
dev_0009973,1,attack,patient,attack_patient,5,2026-01-12 13:00:08+00:00,False,False,never,,,5,5,,,,,0,3
dev_0009974,1,attack,patient,attack_patient,4,2026-01-01 15:59:05+00:00,False,False,never,,,4,4,,,,,0,3
dev_0009975,1,attack,patient,attack_patient,6,2026-01-26 04:46:49+00:00,True,False,review,6,,6,5,1,1,173398,,0,0
dev_0009976,1,attack,patient,attack_patient,11,2026-01-25 11:38:52+00:00,True,True,review,6,7,6,5,2,2,88006,345435,4,4
dev_0009977,1,attack,patient,attack_patient,10,2026-01-04 06:42:02+00:00,True,True,review,5,6,5,4,1,1,88017,172856,4,3
dev_0009978,1,attack,patient,attack_patient,9,2026-01-05 18:10:57+00:00,True,True,review,5,7,5,4,3,3,259147,345337,2,4
dev_0009980,1,attack,patient,attack_patient,7,2026-01-23 03:58:38+00:00,True,True,review,6,7,6,5,4,3,259375,260358,0,1
dev_0009981,1,attack,patient,attack_patient,5,2026-01-12 15:01:01+00:00,False,False,never,,,5,5,,,,,0,3
dev_0009982,1,attack,patient,attack_patient,10,2026-01-10 14:23:47+00:00,True,True,review,5,7,5,4,3,3,259794,432381,3,1
dev_0009983,1,attack,patient,attack_patient,9,2026-01-24 11:40:41+00:00,True,True,review,4,5,4,3,2,2,86161,86840,4,3
dev_0009984,1,attack,patient,attack_patient,11,2026-01-11 01:23:45+00:00,True,True,review,5,7,5,4,3,2,259075,432033,4,2
dev_0009985,1,attack,patient,attack_patient,10,2026-01-20 16:10:09+00:00,True,True,review,5,6,5,4,4,3,260330,345942,4,2
dev_0009987,1,attack,patient,attack_patient,8,2026-01-14 12:26:56+00:00,True,True,review,5,8,5,4,3,3,258541,345695,0,0
dev_0009988,1,attack,patient,attack_patient,4,2026-01-05 15:32:51+00:00,False,False,never,,,4,4,,,,,0,4
dev_0009989,1,attack,patient,attack_patient,6,2026-01-22 06:46:35+00:00,True,True,review,5,6,5,4,3,3,87383,87886,0,1
dev_0009990,1,attack,patient,attack_patient,5,2026-01-05 08:43:37+00:00,False,False,never,,,5,5,,,,,0,2
dev_0009991,1,attack,patient,attack_patient,8,2026-01-14 15:09:03+00:00,True,True,review,5,7,5,4,3,3,258903,431754,1,0
dev_0009992,1,attack,patient,attack_patient,5,2026-01-08 01:16:42+00:00,False,False,never,,,5,5,,,,,0,0
dev_0009993,1,attack,patient,attack_patient,6,2026-01-28 05:05:09+00:00,True,False,review,6,,6,5,2,2,259853,,0,4
dev_0009994,1,attack,patient,attack_patient,5,2026-01-23 12:14:55+00:00,True,False,review,5,,5,4,3,2,88304,,0,1
dev_0009995,1,attack,patient,attack_patient,11,2026-01-07 19:35:09+00:00,True,True,review,5,6,5,4,2,1,86424,171919,5,4
dev_0009996,1,attack,patient,attack_patient,6,2026-01-21 15:47:13+00:00,True,True,review,4,5,4,3,3,2,85664,86455,1,3
dev_0009997,1,attack,patient,attack_patient,5,2026-01-09 09:19:54+00:00,False,False,never,,,5,5,,,,,0,2
dev_0009998,1,attack,patient,attack_patient,10,2026-01-06 21:20:12+00:00,True,True,review,7,8,7,6,1,1,259315,518593,2,3
dev_0010000,1,attack,patient,attack_patient,5,2026-01-29 10:00:10+00:00,False,False,never,,,5,5,,,,,0,3
