device_id,population,attack_subtype,scenario_tag,label,split
dev_0000001,normal,,normal_standard,0,validation
dev_0000002,normal,,normal_standard,0,train
dev_0000003,normal,,normal_standard,0,train
dev_0000004,normal,,normal_standard,0,validation
dev_0000005,normal,,normal_standard,0,validation
dev_0000006,normal,,normal_standard,0,train
dev_0000007,normal,,normal_standard,0,train
dev_0000008,normal,,normal_standard,0,train
dev_0000009,normal,,normal_standard,0,train
dev_0000010,normal,,normal_standard,0,validation
dev_0000011,normal,,normal_standard,0,validation
dev_0000012,normal,,normal_standard,0,train
dev_0000013,normal,,normal_standard,0,train
dev_0000014,normal,,normal_standard,0,train
dev_0000015,normal,,normal_standard,0,train
dev_0000016,normal,,normal_standard,0,train
dev_0000017,normal,,normal_standard,0,train
dev_0000018,normal,,normal_standard,0,train
dev_0000019,normal,,normal_standard,0,train
dev_0000020,normal,,normal_standard,0,train
dev_0000021,normal,,normal_standard,0,train
dev_0000022,normal,,normal_standard,0,train
dev_0000023,normal,,normal_standard,0,train
dev_0000024,normal,,normal_standard,0,train
dev_0000025,normal,,normal_standard,0,validation
dev_0000026,normal,,normal_standard,0,train
dev_0000027,normal,,normal_standard,0,train
dev_0000028,normal,,normal_standard,0,validation
dev_0000029,normal,,normal_standard,0,train
dev_0000030,normal,,normal_standard,0,train
dev_0000031,normal,,normal_standard,0,train
dev_0000032,normal,,normal_standard,0,validation
dev_0000033,normal,,normal_standard,0,train
dev_0000034,normal,,normal_standard,0,validation
dev_0000035,normal,,normal_standard,0,train
dev_0000036,normal,,normal_standard,0,train
dev_0000037,normal,,normal_standard,0,train
dev_0000038,normal,,normal_standard,0,validation
dev_0000039,normal,,normal_standard,0,train
dev_0000040,normal,,normal_standard,0,validation
dev_0000041,normal,,normal_standard,0,train
dev_0000042,normal,,normal_standard,0,train
dev_0000043,normal,,normal_standard,0,train
dev_0000044,normal,,normal_standard,0,train
dev_0000045,normal,,normal_standard,0,validation
dev_0000046,normal,,normal_standard,0,train
dev_0000047,normal,,normal_standard,0,validation
dev_0000048,normal,,normal_standard,0,train
dev_0000049,normal,,normal_standard,0,train
dev_0000050,normal,,normal_standard,0,train
dev_0000051,normal,,normal_standard,0,train
dev_0000052,normal,,normal_standard,0,train
dev_0000053,normal,,normal_standard,0,train
dev_0000054,normal,,normal_standard,0,validation
dev_0000055,normal,,normal_standard,0,train
dev_0000056,normal,,normal_standard,0,train
dev_0000057,normal,,normal_standard,0,train
dev_0000058,normal,,normal_standard,0,train
dev_0000059,normal,,normal_standard,0,train
dev_0000060,normal,,normal_standard,0,train
dev_0000061,normal,,normal_standard,0,validation
dev_0000062,normal,,normal_standard,0,train
dev_0000063,normal,,normal_standard,0,train
dev_0000064,normal,,normal_standard,0,validation
dev_0000065,normal,,normal_standard,0,train
dev_0000066,normal,,normal_standard,0,train
dev_0000067,normal,,normal_standard,0,train
dev_0000068,normal,,normal_standard,0,train
dev_0000069,normal,,normal_standard,0,train
dev_0000070,normal,,normal_standard,0,validation
dev_0000071,normal,,normal_standard,0,train
dev_0000072,normal,,normal_standard,0,train
dev_0000073,normal,,normal_standard,0,train
dev_0000074,normal,,normal_standard,0,train
dev_0000075,normal,,normal_standard,0,train
dev_0000076,normal,,normal_standard,0,train
dev_0000077,normal,,normal_standard,0,train
dev_0000078,normal,,normal_standard,0,validation
dev_0000079,normal,,normal_standard,0,train
dev_0000080,normal,,normal_standard,0,train
dev_0000081,normal,,normal_standard,0,validation
dev_0000082,normal,,normal_standard,0,validation
dev_0000083,normal,,normal_standard,0,train
dev_0000084,normal,,normal_standard,0,train
dev_0000085,normal,,normal_standard,0,train
dev_0000086,normal,,normal_standard,0,train
dev_0000087,normal,,normal_standard,0,train
dev_0000088,normal,,normal_standard,0,train
dev_0000089,normal,,normal_standard,0,validation
dev_0000090,normal,,normal_standard,0,train
dev_0000091,normal,,normal_standard,0,train
dev_0000092,normal,,normal_standard,0,train
dev_0000093,normal,,normal_standard,0,train
dev_0000094,normal,,normal_standard,0,train
dev_0000095,normal,,normal_standard,0,train
dev_0000096,normal,,normal_standard,0,train
dev_0000097,normal,,normal_standard,0,train
dev_0000098,normal,,normal_standard,0,validation
dev_0000099,normal,,normal_standard,0,validation
dev_0000100,normal,,normal_standard,0,train
dev_0000101,normal,,normal_standard,0,validation
dev_0000102,normal,,normal_standard,0,train
dev_0000103,normal,,normal_standard,0,train
dev_0000104,normal,,normal_standard,0,train
dev_0000105,normal,,normal_standard,0,train
dev_0000106,normal,,normal_standard,0,validation
dev_0000107,normal,,normal_standard,0,train
dev_0000108,normal,,normal_standard,0,train
dev_0000109,normal,,normal_standard,0,train
dev_0000110,normal,,normal_standard,0,validation
dev_0000111,normal,,normal_standard,0,train
dev_0000112,normal,,normal_standard,0,train
dev_0000113,normal,,normal_standard,0,train
dev_0000114,normal,,normal_standard,0,validation
dev_0000115,normal,,normal_standard,0,train
dev_0000116,normal,,normal_standard,0,train
dev_0000117,normal,,normal_standard,0,train
dev_0000118,normal,,normal_standard,0,train
dev_0000119,normal,,normal_standard,0,train
dev_0000120,normal,,normal_standard,0,validation
dev_0000121,normal,,normal_standard,0,train
dev_0000122,normal,,normal_standard,0,train
dev_0000123,normal,,normal_standard,0,train
dev_0000124,normal,,normal_standard,0,train
dev_0000125,normal,,normal_standard,0,validation
dev_0000126,normal,,normal_standard,0,train
dev_0000127,normal,,normal_standard,0,train
dev_0000128,normal,,normal_standard,0,train
dev_0000129,normal,,normal_standard,0,train
dev_0000130,normal,,normal_standard,0,train
dev_0000131,normal,,normal_standard,0,validation
dev_0000132,normal,,normal_standard,0,train
dev_0000133,normal,,normal_standard,0,train
dev_0000134,normal,,normal_standard,0,train
dev_0000135,normal,,normal_standard,0,train
dev_0000136,normal,,normal_standard,0,validation
dev_0000137,normal,,normal_standard,0,validation
dev_0000138,normal,,normal_standard,0,validation
dev_0000139,normal,,normal_standard,0,validation
dev_0000140,normal,,normal_standard,0,train
dev_0000141,normal,,normal_standard,0,train
dev_0000142,normal,,normal_standard,0,train
dev_0000143,normal,,normal_standard,0,train
dev_0000144,normal,,normal_standard,0,train
dev_0000145,normal,,normal_standard,0,train
dev_0000146,normal,,normal_standard,0,train
dev_0000147,normal,,normal_standard,0,train
dev_0000148,normal,,normal_standard,0,train
dev_0000149,normal,,normal_standard,0,train
dev_0000150,normal,,normal_standard,0,train
dev_0000151,normal,,normal_standard,0,train
dev_0000152,normal,,normal_standard,0,validation
dev_0000153,normal,,normal_standard,0,train
dev_0000154,normal,,normal_standard,0,train
dev_0000155,normal,,normal_standard,0,train
dev_0000156,normal,,normal_standard,0,train
dev_0000157,normal,,normal_standard,0,train
dev_0000158,normal,,normal_standard,0,train
dev_0000159,normal,,normal_standard,0,train
dev_0000160,normal,,normal_standard,0,train
dev_0000161,normal,,normal_standard,0,train
dev_0000162,normal,,normal_standard,0,train
dev_0000163,normal,,normal_standard,0,validation
dev_0000164,normal,,normal_standard,0,train
dev_0000165,normal,,normal_standard,0,train
dev_0000166,normal,,normal_standard,0,train
dev_0000167,normal,,normal_standard,0,train
dev_0000168,normal,,normal_standard,0,train
dev_0000169,normal,,normal_standard,0,train
dev_0000170,normal,,normal_standard,0,train
dev_0000171,normal,,normal_standard,0,train
dev_0000172,normal,,normal_standard,0,train
dev_0000173,normal,,normal_standard,0,train
dev_0000174,normal,,normal_standard,0,train
dev_0000175,normal,,normal_standard,0,train
dev_0000176,normal,,normal_standard,0,train
dev_0000177,normal,,normal_standard,0,validation
dev_0000178,normal,,normal_standard,0,train
dev_0000179,normal,,normal_standard,0,train
dev_0000180,normal,,normal_standard,0,train
dev_0000181,normal,,normal_standard,0,train
dev_0000182,normal,,normal_standard,0,train
dev_0000183,normal,,normal_standard,0,train
dev_0000184,normal,,normal_standard,0,train
dev_0000185,normal,,normal_standard,0,train
dev_0000186,normal,,normal_standard,0,train
dev_0000187,normal,,normal_standard,0,train
dev_0000188,normal,,normal_standard,0,train
dev_0000189,normal,,normal_standard,0,train
dev_0000190,normal,,normal_standard,0,validation
dev_0000191,normal,,normal_standard,0,train
dev_0000192,normal,,normal_standard,0,train
dev_0000193,normal,,normal_standard,0,train
dev_0000194,normal,,normal_standard,0,train
dev_0000195,normal,,normal_standard,0,train
dev_0000196,normal,,normal_standard,0,train
dev_0000197,normal,,normal_standard,0,train
dev_0000198,normal,,normal_standard,0,train
dev_0000199,normal,,normal_standard,0,validation
dev_0000200,normal,,normal_standard,0,train
dev_0000201,normal,,normal_standard,0,train
dev_0000202,normal,,normal_standard,0,train
dev_0000203,normal,,normal_standard,0,train
dev_0000204,normal,,normal_standard,0,validation
dev_0000205,normal,,normal_standard,0,train
dev_0000206,normal,,normal_standard,0,train
dev_0000207,normal,,normal_standard,0,train
dev_0000208,normal,,normal_standard,0,train
dev_0000209,normal,,normal_standard,0,train
dev_0000210,normal,,normal_standard,0,train
dev_0000211,normal,,normal_standard,0,train
dev_0000212,normal,,normal_standard,0,train
dev_0000213,normal,,normal_standard,0,train
dev_0000214,normal,,normal_standard,0,train
dev_0000215,normal,,normal_standard,0,train
dev_0000216,normal,,normal_standard,0,train
dev_0000217,normal,,normal_standard,0,train
dev_0000218,normal,,normal_standard,0,train
dev_0000219,normal,,normal_standard,0,train
dev_0000220,normal,,normal_standard,0,train
dev_0000221,normal,,normal_standard,0,validation
dev_0000222,normal,,normal_standard,0,train
dev_0000223,normal,,normal_standard,0,train
dev_0000224,normal,,normal_standard,0,train
dev_0000225,normal,,normal_standard,0,train
dev_0000226,normal,,normal_standard,0,train
dev_0000227,normal,,normal_standard,0,train
dev_0000228,normal,,normal_standard,0,train
dev_0000229,normal,,normal_standard,0,train
dev_0000230,normal,,normal_standard,0,train
dev_0000231,normal,,normal_standard,0,train
dev_0000232,normal,,normal_standard,0,train
dev_0000233,normal,,normal_standard,0,train
dev_0000234,normal,,normal_standard,0,train
dev_0000235,normal,,normal_standard,0,train
dev_0000236,normal,,normal_standard,0,validation
dev_0000237,normal,,normal_standard,0,train
dev_0000238,normal,,normal_standard,0,train
dev_0000239,normal,,normal_standard,0,train
dev_0000240,normal,,normal_standard,0,train
dev_0000241,normal,,normal_standard,0,train
dev_0000242,normal,,normal_standard,0,train
dev_0000243,normal,,normal_standard,0,train
dev_0000244,normal,,normal_standard,0,validation
dev_0000245,normal,,normal_standard,0,validation
dev_0000246,normal,,normal_standard,0,train
dev_0000247,normal,,normal_standard,0,train
dev_0000248,normal,,normal_standard,0,validation
dev_0000249,normal,,normal_standard,0,train
dev_0000250,normal,,normal_standard,0,train
dev_0000251,normal,,normal_standard,0,validation
dev_0000252,normal,,normal_standard,0,train
dev_0000253,normal,,normal_standard,0,train
dev_0000254,normal,,normal_standard,0,train
dev_0000255,normal,,normal_standard,0,train
dev_0000256,normal,,normal_standard,0,train
dev_0000257,normal,,normal_standard,0,train
dev_0000258,normal,,normal_standard,0,train
dev_0000259,normal,,normal_standard,0,train
dev_0000260,normal,,normal_standard,0,train
dev_0000261,normal,,normal_standard,0,train
dev_0000262,normal,,normal_standard,0,train
dev_0000263,normal,,normal_standard,0,train
dev_0000264,normal,,normal_standard,0,train
dev_0000265,normal,,normal_standard,0,train
dev_0000266,normal,,normal_standard,0,train
dev_0000267,normal,,normal_standard,0,train
dev_0000268,normal,,normal_standard,0,train
dev_0000269,normal,,normal_standard,0,train
dev_0000270,normal,,normal_standard,0,train
dev_0000271,normal,,normal_standard,0,train
dev_0000272,normal,,normal_standard,0,train
dev_0000273,normal,,normal_standard,0,validation
dev_0000274,normal,,normal_standard,0,train
dev_0000275,normal,,normal_standard,0,train
dev_0000276,normal,,normal_standard,0,train
dev_0000277,normal,,normal_standard,0,train
dev_0000278,normal,,normal_standard,0,train
dev_0000279,normal,,normal_standard,0,train
dev_0000280,normal,,normal_standard,0,train
dev_0000281,normal,,normal_standard,0,train
dev_0000282,normal,,normal_standard,0,validation
dev_0000283,normal,,normal_standard,0,train
dev_0000284,normal,,normal_standard,0,validation
dev_0000285,normal,,normal_standard,0,train
dev_0000286,normal,,normal_standard,0,train
dev_0000287,normal,,normal_standard,0,train
dev_0000288,normal,,normal_standard,0,train
dev_0000289,normal,,normal_standard,0,train
dev_0000290,normal,,normal_standard,0,train
dev_0000291,normal,,normal_standard,0,train
dev_0000292,normal,,normal_standard,0,train
dev_0000293,normal,,normal_standard,0,train
dev_0000294,normal,,normal_standard,0,train
dev_0000295,normal,,normal_standard,0,train
dev_0000296,normal,,normal_standard,0,train
dev_0000297,normal,,normal_standard,0,train
dev_0000298,normal,,normal_standard,0,train
dev_0000299,normal,,normal_standard,0,train
dev_0000300,normal,,normal_standard,0,validation
dev_0000301,normal,,normal_standard,0,validation
dev_0000302,normal,,normal_standard,0,train
dev_0000303,normal,,normal_standard,0,validation
dev_0000304,normal,,normal_standard,0,train
dev_0000305,normal,,normal_standard,0,validation
dev_0000306,normal,,normal_standard,0,train
dev_0000307,normal,,normal_standard,0,validation
dev_0000308,normal,,normal_standard,0,train
dev_0000309,normal,,normal_standard,0,validation
dev_0000310,normal,,normal_standard,0,train
dev_0000311,normal,,normal_standard,0,train
dev_0000312,normal,,normal_standard,0,train
dev_0000313,normal,,normal_standard,0,train
dev_0000314,normal,,normal_standard,0,train
dev_0000315,normal,,normal_standard,0,train
dev_0000316,normal,,normal_standard,0,validation
dev_0000317,normal,,normal_standard,0,validation
dev_0000318,normal,,normal_standard,0,train
dev_0000319,normal,,normal_standard,0,validation
dev_0000320,normal,,normal_standard,0,train
dev_0000321,normal,,normal_standard,0,train
dev_0000322,normal,,normal_standard,0,validation
dev_0000323,normal,,normal_standard,0,validation
dev_0000324,normal,,normal_standard,0,train
dev_0000325,normal,,normal_standard,0,validation
dev_0000326,normal,,normal_standard,0,train
dev_0000327,normal,,normal_standard,0,validation
dev_0000328,normal,,normal_standard,0,train
dev_0000329,normal,,normal_standard,0,train
dev_0000330,normal,,normal_standard,0,train
dev_0000331,normal,,normal_standard,0,train
dev_0000332,normal,,normal_standard,0,validation
dev_0000333,normal,,normal_standard,0,train
dev_0000334,normal,,normal_standard,0,train
dev_0000335,normal,,normal_standard,0,validation
dev_0000336,normal,,normal_standard,0,validation
dev_0000337,normal,,normal_standard,0,train
dev_0000338,normal,,normal_standard,0,validation
dev_0000339,normal,,normal_standard,0,train
dev_0000340,normal,,normal_standard,0,validation
dev_0000341,normal,,normal_standard,0,train
dev_0000342,normal,,normal_standard,0,train
dev_0000343,normal,,normal_standard,0,validation
dev_0000344,normal,,normal_standard,0,train
dev_0000345,normal,,normal_standard,0,train
dev_0000346,normal,,normal_standard,0,train
dev_0000347,normal,,normal_standard,0,train
dev_0000348,normal,,normal_standard,0,train
dev_0000349,normal,,normal_standard,0,train
dev_0000350,normal,,normal_standard,0,validation
dev_0000351,normal,,normal_standard,0,train
dev_0000352,normal,,normal_standard,0,validation
dev_0000353,normal,,normal_standard,0,train
dev_0000354,normal,,normal_standard,0,train
dev_0000355,normal,,normal_standard,0,validation
dev_0000356,normal,,normal_standard,0,train
dev_0000357,normal,,normal_standard,0,train
dev_0000358,normal,,normal_standard,0,train
dev_0000359,normal,,normal_standard,0,train
dev_0000360,normal,,normal_standard,0,train
dev_0000361,normal,,normal_standard,0,train
dev_0000362,normal,,normal_standard,0,train
dev_0000363,normal,,normal_standard,0,train
dev_0000364,normal,,normal_standard,0,validation
dev_0000365,normal,,normal_standard,0,train
dev_0000366,normal,,normal_standard,0,validation
dev_0000367,normal,,normal_standard,0,train
dev_0000368,normal,,normal_standard,0,train
dev_0000369,normal,,normal_standard,0,validation
dev_0000370,normal,,normal_standard,0,train
dev_0000371,normal,,normal_standard,0,train
dev_0000372,normal,,normal_standard,0,train
dev_0000373,normal,,normal_standard,0,train
dev_0000374,normal,,normal_standard,0,train
dev_0000375,normal,,normal_standard,0,validation
dev_0000376,normal,,normal_standard,0,train
dev_0000377,normal,,normal_standard,0,train
dev_0000378,normal,,normal_standard,0,validation
dev_0000379,normal,,normal_standard,0,train
dev_0000380,normal,,normal_standard,0,validation
dev_0000381,normal,,normal_standard,0,train
dev_0000382,normal,,normal_standard,0,train
dev_0000383,normal,,normal_standard,0,train
dev_0000384,normal,,normal_standard,0,train
dev_0000385,normal,,normal_standard,0,train
dev_0000386,normal,,normal_standard,0,validation
dev_0000387,normal,,normal_standard,0,train
dev_0000388,normal,,normal_standard,0,train
dev_0000389,normal,,normal_standard,0,train
dev_0000390,normal,,normal_standard,0,validation
dev_0000391,normal,,normal_standard,0,train
dev_0000392,normal,,normal_standard,0,train
dev_0000393,normal,,normal_standard,0,train
dev_0000394,normal,,normal_standard,0,train
dev_0000395,normal,,normal_standard,0,train
dev_0000396,normal,,normal_standard,0,train
dev_0000397,normal,,normal_standard,0,train
dev_0000398,normal,,normal_standard,0,train
dev_0000399,normal,,normal_standard,0,train
dev_0000400,normal,,normal_standard,0,train
dev_0000401,normal,,normal_standard,0,train
dev_0000402,normal,,normal_standard,0,train
dev_0000403,normal,,normal_standard,0,train
dev_0000404,normal,,normal_standard,0,validation
dev_0000405,normal,,normal_standard,0,train
dev_0000406,normal,,normal_standard,0,validation
dev_0000407,normal,,normal_standard,0,train
dev_0000408,normal,,normal_standard,0,train
dev_0000409,normal,,normal_standard,0,train
dev_0000410,normal,,normal_standard,0,train
dev_0000411,normal,,normal_standard,0,train
dev_0000412,normal,,normal_standard,0,train
dev_0000413,normal,,normal_standard,0,train
dev_0000414,normal,,normal_standard,0,train
dev_0000415,normal,,normal_standard,0,train
dev_0000416,normal,,normal_standard,0,validation
dev_0000417,normal,,normal_standard,0,validation
dev_0000418,normal,,normal_standard,0,train
dev_0000419,normal,,normal_standard,0,validation
dev_0000420,normal,,normal_standard,0,validation
dev_0000421,normal,,normal_standard,0,train
dev_0000422,normal,,normal_standard,0,train
dev_0000423,normal,,normal_standard,0,train
dev_0000424,normal,,normal_standard,0,train
dev_0000425,normal,,normal_standard,0,validation
dev_0000426,normal,,normal_standard,0,train
dev_0000427,normal,,normal_standard,0,train
dev_0000428,normal,,normal_standard,0,train
dev_0000429,normal,,normal_standard,0,train
dev_0000430,normal,,normal_standard,0,train
dev_0000431,normal,,normal_standard,0,train
dev_0000432,normal,,normal_standard,0,validation
dev_0000433,normal,,normal_standard,0,train
dev_0000434,normal,,normal_standard,0,train
dev_0000435,normal,,normal_standard,0,train
dev_0000436,normal,,normal_standard,0,train
dev_0000437,normal,,normal_standard,0,train
dev_0000438,normal,,normal_standard,0,train
dev_0000439,normal,,normal_standard,0,train
dev_0000440,normal,,normal_standard,0,train
dev_0000441,normal,,normal_standard,0,train
dev_0000442,normal,,normal_standard,0,train
dev_0000443,normal,,normal_standard,0,train
dev_0000444,normal,,normal_standard,0,train
dev_0000445,normal,,normal_standard,0,train
dev_0000446,normal,,normal_standard,0,train
dev_0000447,normal,,normal_standard,0,train
dev_0000448,normal,,normal_standard,0,train
dev_0000449,normal,,normal_standard,0,train
dev_0000450,normal,,normal_standard,0,validation
dev_0000451,normal,,normal_standard,0,train
dev_0000452,normal,,normal_standard,0,train
dev_0000453,normal,,normal_standard,0,train
dev_0000454,normal,,normal_standard,0,train
dev_0000455,normal,,normal_standard,0,validation
dev_0000456,normal,,normal_standard,0,train
dev_0000457,normal,,normal_standard,0,train
dev_0000458,normal,,normal_standard,0,train
dev_0000459,normal,,normal_standard,0,validation
dev_0000460,normal,,normal_standard,0,train
dev_0000461,normal,,normal_standard,0,train
dev_0000462,normal,,normal_standard,0,train
dev_0000463,normal,,normal_standard,0,train
dev_0000464,normal,,normal_standard,0,train
dev_0000465,normal,,normal_standard,0,train
dev_0000466,normal,,normal_standard,0,train
dev_0000467,normal,,normal_standard,0,train
dev_0000468,normal,,normal_standard,0,validation
dev_0000469,normal,,normal_standard,0,train
dev_0000470,normal,,normal_standard,0,validation
dev_0000471,normal,,normal_standard,0,validation
dev_0000472,normal,,normal_standard,0,train
dev_0000473,normal,,normal_standard,0,validation
dev_0000474,normal,,normal_standard,0,train
dev_0000475,normal,,normal_standard,0,train
dev_0000476,normal,,normal_standard,0,train
dev_0000477,normal,,normal_standard,0,train
dev_0000478,normal,,normal_standard,0,train
dev_0000479,normal,,normal_standard,0,validation
dev_0000480,normal,,normal_standard,0,train
dev_0000481,normal,,normal_standard,0,train
dev_0000482,normal,,normal_standard,0,train
dev_0000483,normal,,normal_standard,0,train
dev_0000484,normal,,normal_standard,0,validation
dev_0000485,normal,,normal_standard,0,train
dev_0000486,normal,,normal_standard,0,validation
dev_0000487,normal,,normal_standard,0,train
dev_0000488,normal,,normal_standard,0,train
dev_0000489,normal,,normal_standard,0,train
dev_0000490,normal,,normal_standard,0,validation
dev_0000491,normal,,normal_standard,0,train
dev_0000492,normal,,normal_standard,0,train
dev_0000493,normal,,normal_standard,0,validation
dev_0000494,normal,,normal_standard,0,validation
dev_0000495,normal,,normal_standard,0,validation
dev_0000496,normal,,normal_standard,0,train
dev_0000497,normal,,normal_standard,0,train
dev_0000498,normal,,normal_standard,0,train
dev_0000499,normal,,normal_standard,0,train
dev_0000500,normal,,normal_standard,0,validation
dev_0000501,normal,,normal_standard,0,train
dev_0000502,normal,,normal_standard,0,train
dev_0000503,normal,,normal_standard,0,train
dev_0000504,normal,,normal_standard,0,train
dev_0000505,normal,,normal_standard,0,train
dev_0000506,normal,,normal_standard,0,train
dev_0000507,normal,,normal_standard,0,train
dev_0000508,normal,,normal_standard,0,train
dev_0000509,normal,,normal_standard,0,train
dev_0000510,normal,,normal_standard,0,train
dev_0000511,normal,,normal_standard,0,validation
dev_0000512,normal,,normal_standard,0,train
dev_0000513,normal,,normal_standard,0,train
dev_0000514,normal,,normal_standard,0,validation
dev_0000515,normal,,normal_standard,0,train
dev_0000516,normal,,normal_standard,0,train
dev_0000517,normal,,normal_standard,0,train
dev_0000518,normal,,normal_standard,0,validation
dev_0000519,normal,,normal_standard,0,train
dev_0000520,normal,,normal_standard,0,train
dev_0000521,normal,,normal_standard,0,validation
dev_0000522,normal,,normal_standard,0,train
dev_0000523,normal,,normal_standard,0,validation
dev_0000524,normal,,normal_standard,0,train
dev_0000525,normal,,normal_standard,0,train
dev_0000526,normal,,normal_standard,0,train
dev_0000527,normal,,normal_standard,0,train
dev_0000528,normal,,normal_standard,0,train
dev_0000529,normal,,normal_standard,0,train
dev_0000530,normal,,normal_standard,0,train
dev_0000531,normal,,normal_standard,0,train
dev_0000532,normal,,normal_standard,0,train
dev_0000533,normal,,normal_standard,0,train
dev_0000534,normal,,normal_standard,0,validation
dev_0000535,normal,,normal_standard,0,validation
dev_0000536,normal,,normal_standard,0,train
dev_0000537,normal,,normal_standard,0,train
dev_0000538,normal,,normal_standard,0,validation
dev_0000539,normal,,normal_standard,0,train
dev_0000540,normal,,normal_standard,0,train
dev_0000541,normal,,normal_standard,0,train
dev_0000542,normal,,normal_standard,0,train
dev_0000543,normal,,normal_standard,0,train
dev_0000544,normal,,normal_standard,0,validation
dev_0000545,normal,,normal_standard,0,validation
dev_0000546,normal,,normal_standard,0,train
dev_0000547,normal,,normal_standard,0,train
dev_0000548,normal,,normal_standard,0,train
dev_0000549,normal,,normal_standard,0,train
dev_0000550,normal,,normal_standard,0,train
dev_0000551,normal,,normal_standard,0,train
dev_0000552,normal,,normal_standard,0,train
dev_0000553,normal,,normal_standard,0,train
dev_0000554,normal,,normal_standard,0,train
dev_0000555,normal,,normal_standard,0,train
dev_0000556,normal,,normal_standard,0,train
dev_0000557,normal,,normal_standard,0,train
dev_0000558,normal,,normal_standard,0,train
dev_0000559,normal,,normal_standard,0,validation
dev_0000560,normal,,normal_standard,0,train
dev_0000561,normal,,normal_standard,0,train
dev_0000562,normal,,normal_standard,0,validation
dev_0000563,normal,,normal_standard,0,validation
dev_0000564,normal,,normal_standard,0,validation
dev_0000565,normal,,normal_standard,0,validation
dev_0000566,normal,,normal_standard,0,train
dev_0000567,normal,,normal_standard,0,train
dev_0000568,normal,,normal_standard,0,train
dev_0000569,normal,,normal_standard,0,train
dev_0000570,normal,,normal_standard,0,validation
dev_0000571,normal,,normal_standard,0,validation
dev_0000572,normal,,normal_standard,0,train
dev_0000573,normal,,normal_standard,0,train
dev_0000574,normal,,normal_standard,0,train
dev_0000575,normal,,normal_standard,0,train
dev_0000576,normal,,normal_standard,0,train
dev_0000577,normal,,normal_standard,0,validation
dev_0000578,normal,,normal_standard,0,train
dev_0000579,normal,,normal_standard,0,train
dev_0000580,normal,,normal_standard,0,train
dev_0000581,normal,,normal_standard,0,train
dev_0000582,normal,,normal_standard,0,validation
dev_0000583,normal,,normal_standard,0,train
dev_0000584,normal,,normal_standard,0,train
dev_0000585,normal,,normal_standard,0,validation
dev_0000586,normal,,normal_standard,0,validation
dev_0000587,normal,,normal_standard,0,train
dev_0000588,normal,,normal_standard,0,validation
dev_0000589,normal,,normal_standard,0,train
dev_0000590,normal,,normal_standard,0,validation
dev_0000591,normal,,normal_standard,0,train
dev_0000592,normal,,normal_standard,0,train
dev_0000593,normal,,normal_standard,0,train
dev_0000594,normal,,normal_standard,0,validation
dev_0000595,normal,,normal_standard,0,train
dev_0000596,normal,,normal_standard,0,train
dev_0000597,normal,,normal_standard,0,validation
dev_0000598,normal,,normal_standard,0,train
dev_0000599,normal,,normal_standard,0,validation
dev_0000600,normal,,normal_standard,0,train
dev_0000601,normal,,normal_standard,0,train
dev_0000602,normal,,normal_standard,0,train
dev_0000603,normal,,normal_standard,0,train
dev_0000604,normal,,normal_standard,0,train
dev_0000605,normal,,normal_standard,0,train
dev_0000606,normal,,normal_standard,0,validation
dev_0000607,normal,,normal_standard,0,train
dev_0000608,normal,,normal_standard,0,train
dev_0000609,normal,,normal_standard,0,train
dev_0000610,normal,,normal_standard,0,train
dev_0000611,normal,,normal_standard,0,train
dev_0000612,normal,,normal_standard,0,train
dev_0000613,normal,,normal_standard,0,train
dev_0000614,normal,,normal_standard,0,train
dev_0000615,normal,,normal_standard,0,train
dev_0000616,normal,,normal_standard,0,train
dev_0000617,normal,,normal_standard,0,train
dev_0000618,normal,,normal_standard,0,train
dev_0000619,normal,,normal_standard,0,train
dev_0000620,normal,,normal_standard,0,train
dev_0000621,normal,,normal_standard,0,train
dev_0000622,normal,,normal_standard,0,train
dev_0000623,normal,,normal_standard,0,validation
dev_0000624,normal,,normal_standard,0,train
dev_0000625,normal,,normal_standard,0,train
dev_0000626,normal,,normal_standard,0,train
dev_0000627,normal,,normal_standard,0,train
dev_0000628,normal,,normal_standard,0,train
dev_0000629,normal,,normal_standard,0,train
dev_0000630,normal,,normal_standard,0,validation
dev_0000631,normal,,normal_standard,0,train
dev_0000632,normal,,normal_standard,0,train
dev_0000633,normal,,normal_standard,0,train
dev_0000634,normal,,normal_standard,0,validation
dev_0000635,normal,,normal_standard,0,train
dev_0000636,normal,,normal_standard,0,train
dev_0000637,normal,,normal_standard,0,train
dev_0000638,normal,,normal_standard,0,train
dev_0000639,normal,,normal_standard,0,train
dev_0000640,normal,,normal_standard,0,train
dev_0000641,normal,,normal_standard,0,train
dev_0000642,normal,,normal_standard,0,train
dev_0000643,normal,,normal_standard,0,validation
dev_0000644,normal,,normal_standard,0,train
dev_0000645,normal,,normal_standard,0,train
dev_0000646,normal,,normal_standard,0,validation
dev_0000647,normal,,normal_standard,0,train
dev_0000648,normal,,normal_standard,0,train
dev_0000649,normal,,normal_standard,0,validation
dev_0000650,normal,,normal_standard,0,train
dev_0000651,normal,,normal_standard,0,train
dev_0000652,normal,,normal_standard,0,train
dev_0000653,normal,,normal_standard,0,train
dev_0000654,normal,,normal_standard,0,validation
dev_0000655,normal,,normal_standard,0,train
dev_0000656,normal,,normal_standard,0,train
dev_0000657,normal,,normal_standard,0,train
dev_0000658,normal,,normal_standard,0,validation
dev_0000659,normal,,normal_standard,0,train
dev_0000660,normal,,normal_standard,0,train
dev_0000661,normal,,normal_standard,0,train
dev_0000662,normal,,normal_standard,0,train
dev_0000663,normal,,normal_standard,0,train
dev_0000664,normal,,normal_standard,0,train
dev_0000665,normal,,normal_standard,0,train
dev_0000666,normal,,normal_standard,0,train
dev_0000667,normal,,normal_standard,0,validation
dev_0000668,normal,,normal_standard,0,train
dev_0000669,normal,,normal_standard,0,validation
dev_0000670,normal,,normal_standard,0,train
dev_0000671,normal,,normal_standard,0,train
dev_0000672,normal,,normal_standard,0,train
dev_0000673,normal,,normal_standard,0,train
dev_0000674,normal,,normal_standard,0,train
dev_0000675,normal,,normal_standard,0,validation
dev_0000676,normal,,normal_standard,0,train
dev_0000677,normal,,normal_standard,0,train
dev_0000678,normal,,normal_standard,0,train
dev_0000679,normal,,normal_standard,0,train
dev_0000680,normal,,normal_standard,0,train
dev_0000681,normal,,normal_standard,0,train
dev_0000682,normal,,normal_standard,0,train
dev_0000683,normal,,normal_standard,0,train
dev_0000684,normal,,normal_standard,0,validation
dev_0000685,normal,,normal_standard,0,validation
dev_0000686,normal,,normal_standard,0,train
dev_0000687,normal,,normal_standard,0,train
dev_0000688,normal,,normal_standard,0,train
dev_0000689,normal,,normal_standard,0,train
dev_0000690,normal,,normal_standard,0,validation
dev_0000691,normal,,normal_standard,0,train
dev_0000692,normal,,normal_standard,0,train
dev_0000693,normal,,normal_standard,0,train
dev_0000694,normal,,normal_standard,0,train
dev_0000695,normal,,normal_standard,0,train
dev_0000696,normal,,normal_standard,0,train
dev_0000697,normal,,normal_standard,0,train
dev_0000698,normal,,normal_standard,0,train
dev_0000699,normal,,normal_standard,0,validation
dev_0000700,normal,,normal_standard,0,train
dev_0000701,normal,,normal_standard,0,train
dev_0000702,normal,,normal_standard,0,train
dev_0000703,normal,,normal_standard,0,train
dev_0000704,normal,,normal_standard,0,train
dev_0000705,normal,,normal_standard,0,train
dev_0000706,normal,,normal_standard,0,validation
dev_0000707,normal,,normal_standard,0,train
dev_0000708,normal,,normal_standard,0,train
dev_0000709,normal,,normal_standard,0,train
dev_0000710,normal,,normal_standard,0,train
dev_0000711,normal,,normal_standard,0,train
dev_0000712,normal,,normal_standard,0,train
dev_0000713,normal,,normal_standard,0,validation
dev_0000714,normal,,normal_standard,0,train
dev_0000715,normal,,normal_standard,0,train
dev_0000716,normal,,normal_standard,0,train
dev_0000717,normal,,normal_standard,0,validation
dev_0000718,normal,,normal_standard,0,train
dev_0000719,normal,,normal_standard,0,train
dev_0000720,normal,,normal_standard,0,train
dev_0000721,normal,,normal_standard,0,train
dev_0000722,normal,,normal_standard,0,validation
dev_0000723,normal,,normal_standard,0,train
dev_0000724,normal,,normal_standard,0,train
dev_0000725,normal,,normal_standard,0,train
dev_0000726,normal,,normal_standard,0,train
dev_0000727,normal,,normal_standard,0,train
dev_0000728,normal,,normal_standard,0,train
dev_0000729,normal,,normal_standard,0,train
dev_0000730,normal,,normal_standard,0,train
dev_0000731,normal,,normal_standard,0,train
dev_0000732,normal,,normal_standard,0,validation
dev_0000733,normal,,normal_standard,0,validation
dev_0000734,normal,,normal_standard,0,train
dev_0000735,normal,,normal_standard,0,train
dev_0000736,normal,,normal_standard,0,train
dev_0000737,normal,,normal_standard,0,train
dev_0000738,normal,,normal_standard,0,validation
dev_0000739,normal,,normal_standard,0,validation
dev_0000740,normal,,normal_standard,0,validation
dev_0000741,normal,,normal_standard,0,train
dev_0000742,normal,,normal_standard,0,train
dev_0000743,normal,,normal_standard,0,train
dev_0000744,normal,,normal_standard,0,train
dev_0000745,normal,,normal_standard,0,train
dev_0000746,normal,,normal_standard,0,validation
dev_0000747,normal,,normal_standard,0,train
dev_0000748,normal,,normal_standard,0,train
dev_0000749,normal,,normal_standard,0,train
dev_0000750,normal,,normal_standard,0,train
dev_0000751,normal,,normal_standard,0,validation
dev_0000752,normal,,normal_standard,0,train
dev_0000753,normal,,normal_standard,0,train
dev_0000754,normal,,normal_standard,0,validation
dev_0000755,normal,,normal_standard,0,validation
dev_0000756,normal,,normal_standard,0,train
dev_0000757,normal,,normal_standard,0,train
dev_0000758,normal,,normal_standard,0,train
dev_0000759,normal,,normal_standard,0,train
dev_0000760,normal,,normal_standard,0,validation
dev_0000761,normal,,normal_standard,0,train
dev_0000762,normal,,normal_standard,0,train
dev_0000763,normal,,normal_standard,0,train
dev_0000764,normal,,normal_standard,0,train
dev_0000765,normal,,normal_standard,0,train
dev_0000766,normal,,normal_standard,0,validation
dev_0000767,normal,,normal_standard,0,train
dev_0000768,normal,,normal_standard,0,train
dev_0000769,normal,,normal_standard,0,train
dev_0000770,normal,,normal_standard,0,train
dev_0000771,normal,,normal_standard,0,validation
dev_0000772,normal,,normal_standard,0,train
dev_0000773,normal,,normal_standard,0,train
dev_0000774,normal,,normal_standard,0,train
dev_0000775,normal,,normal_standard,0,train
dev_0000776,normal,,normal_standard,0,validation
dev_0000777,normal,,normal_standard,0,train
dev_0000778,normal,,normal_standard,0,train
dev_0000779,normal,,normal_standard,0,train
dev_0000780,normal,,normal_standard,0,validation
dev_0000781,normal,,normal_standard,0,validation
dev_0000782,normal,,normal_standard,0,train
dev_0000783,normal,,normal_standard,0,train
dev_0000784,normal,,normal_standard,0,train
dev_0000785,normal,,normal_standard,0,validation
dev_0000786,normal,,normal_standard,0,train
dev_0000787,normal,,normal_standard,0,validation
dev_0000788,normal,,normal_standard,0,train
dev_0000789,normal,,normal_standard,0,train
dev_0000790,normal,,normal_standard,0,train
dev_0000791,normal,,normal_standard,0,validation
dev_0000792,normal,,normal_standard,0,train
dev_0000793,normal,,normal_standard,0,validation
dev_0000794,normal,,normal_standard,0,train
dev_0000795,normal,,normal_standard,0,train
dev_0000796,normal,,normal_standard,0,train
dev_0000797,normal,,normal_standard,0,train
dev_0000798,normal,,normal_standard,0,train
dev_0000799,normal,,normal_standard,0,train
dev_0000800,normal,,normal_standard,0,train
dev_0000801,normal,,normal_standard,0,train
dev_0000802,normal,,normal_standard,0,validation
dev_0000803,normal,,normal_standard,0,train
dev_0000804,normal,,normal_standard,0,validation
dev_0000805,normal,,normal_standard,0,train
dev_0000806,normal,,normal_standard,0,validation
dev_0000807,normal,,normal_standard,0,validation
dev_0000808,normal,,normal_standard,0,train
dev_0000809,normal,,normal_standard,0,validation
dev_0000810,normal,,normal_standard,0,train
dev_0000811,normal,,normal_standard,0,train
dev_0000812,normal,,normal_standard,0,train
dev_0000813,normal,,normal_standard,0,validation
dev_0000814,normal,,normal_standard,0,train
dev_0000815,normal,,normal_standard,0,train
dev_0000816,normal,,normal_standard,0,validation
dev_0000817,normal,,normal_standard,0,train
dev_0000818,normal,,normal_standard,0,validation
dev_0000819,normal,,normal_standard,0,validation
dev_0000820,normal,,normal_standard,0,validation
dev_0000821,normal,,normal_standard,0,train
dev_0000822,normal,,normal_standard,0,train
dev_0000823,normal,,normal_standard,0,train
dev_0000824,normal,,normal_standard,0,train
dev_0000825,normal,,normal_standard,0,train
dev_0000826,normal,,normal_standard,0,validation
dev_0000827,normal,,normal_standard,0,train
dev_0000828,normal,,normal_standard,0,validation
dev_0000829,normal,,normal_standard,0,train
dev_0000830,normal,,normal_standard,0,validation
dev_0000831,normal,,normal_standard,0,validation
dev_0000832,normal,,normal_standard,0,train
dev_0000833,normal,,normal_standard,0,train
dev_0000834,normal,,normal_standard,0,train
dev_0000835,normal,,normal_standard,0,train
dev_0000836,normal,,normal_standard,0,validation
dev_0000837,normal,,normal_standard,0,validation
dev_0000838,normal,,normal_standard,0,train
dev_0000839,normal,,normal_standard,0,validation
dev_0000840,normal,,normal_standard,0,validation
dev_0000841,normal,,normal_standard,0,train
dev_0000842,normal,,normal_standard,0,validation
dev_0000843,normal,,normal_standard,0,train
dev_0000844,normal,,normal_standard,0,train
dev_0000845,normal,,normal_standard,0,validation
dev_0000846,normal,,normal_standard,0,train
dev_0000847,normal,,normal_standard,0,train
dev_0000848,normal,,normal_standard,0,train
dev_0000849,normal,,normal_standard,0,train
dev_0000850,normal,,normal_standard,0,train
dev_0000851,normal,,normal_standard,0,train
dev_0000852,normal,,normal_standard,0,train
dev_0000853,normal,,normal_standard,0,train
dev_0000854,normal,,normal_standard,0,train
dev_0000855,normal,,normal_standard,0,train
dev_0000856,normal,,normal_standard,0,validation
dev_0000857,normal,,normal_standard,0,train
dev_0000858,normal,,normal_standard,0,train
dev_0000859,normal,,normal_standard,0,train
dev_0000860,normal,,normal_standard,0,train
dev_0000861,normal,,normal_standard,0,train
dev_0000862,normal,,normal_standard,0,train
dev_0000863,normal,,normal_standard,0,validation
dev_0000864,normal,,normal_standard,0,train
dev_0000865,normal,,normal_standard,0,train
dev_0000866,normal,,normal_standard,0,train
dev_0000867,normal,,normal_standard,0,train
dev_0000868,normal,,normal_standard,0,train
dev_0000869,normal,,normal_standard,0,train
dev_0000870,normal,,normal_standard,0,train
dev_0000871,normal,,normal_standard,0,validation
dev_0000872,normal,,normal_standard,0,validation
dev_0000873,normal,,normal_standard,0,train
dev_0000874,normal,,normal_standard,0,validation
dev_0000875,normal,,normal_standard,0,train
dev_0000876,normal,,normal_standard,0,train
dev_0000877,normal,,normal_standard,0,train
dev_0000878,normal,,normal_standard,0,train
dev_0000879,normal,,normal_standard,0,validation
dev_0000880,normal,,normal_standard,0,train
dev_0000881,normal,,normal_standard,0,train
dev_0000882,normal,,normal_standard,0,train
dev_0000883,normal,,normal_standard,0,train
dev_0000884,normal,,normal_standard,0,train
dev_0000885,normal,,normal_standard,0,train
dev_0000886,normal,,normal_standard,0,train
dev_0000887,normal,,normal_standard,0,train
dev_0000888,normal,,normal_standard,0,train
dev_0000889,normal,,normal_standard,0,train
dev_0000890,normal,,normal_standard,0,train
dev_0000891,normal,,normal_standard,0,train
dev_0000892,normal,,normal_standard,0,train
dev_0000893,normal,,normal_standard,0,train
dev_0000894,normal,,normal_standard,0,train
dev_0000895,normal,,normal_standard,0,train
dev_0000896,normal,,normal_standard,0,validation
dev_0000897,normal,,normal_standard,0,train
dev_0000898,normal,,normal_standard,0,train
dev_0000899,normal,,normal_standard,0,train
dev_0000900,normal,,normal_standard,0,train
dev_0000901,normal,,normal_standard,0,validation
dev_0000902,normal,,normal_standard,0,train
dev_0000903,normal,,normal_standard,0,train
dev_0000904,normal,,normal_standard,0,validation
dev_0000905,normal,,normal_standard,0,train
dev_0000906,normal,,normal_standard,0,validation
dev_0000907,normal,,normal_standard,0,train
dev_0000908,normal,,normal_standard,0,train
dev_0000909,normal,,normal_standard,0,train
dev_0000910,normal,,normal_standard,0,train
dev_0000911,normal,,normal_standard,0,train
dev_0000912,normal,,normal_standard,0,train
dev_0000913,normal,,normal_standard,0,train
dev_0000914,normal,,normal_standard,0,train
dev_0000915,normal,,normal_standard,0,validation
dev_0000916,normal,,normal_standard,0,train
dev_0000917,normal,,normal_standard,0,train
dev_0000918,normal,,normal_standard,0,train
dev_0000919,normal,,normal_standard,0,train
dev_0000920,normal,,normal_standard,0,train
dev_0000921,normal,,normal_standard,0,train
dev_0000922,normal,,normal_standard,0,train
dev_0000923,normal,,normal_standard,0,train
dev_0000924,normal,,normal_standard,0,train
dev_0000925,normal,,normal_standard,0,validation
dev_0000926,normal,,normal_standard,0,train
dev_0000927,normal,,normal_standard,0,validation
dev_0000928,normal,,normal_standard,0,train
dev_0000929,normal,,normal_standard,0,train
dev_0000930,normal,,normal_standard,0,validation
dev_0000931,normal,,normal_standard,0,train
dev_0000932,normal,,normal_standard,0,train
dev_0000933,normal,,normal_standard,0,validation
dev_0000934,normal,,normal_standard,0,train
dev_0000935,normal,,normal_standard,0,train
dev_0000936,normal,,normal_standard,0,train
dev_0000937,normal,,normal_standard,0,validation
dev_0000938,normal,,normal_standard,0,train
dev_0000939,normal,,normal_standard,0,train
dev_0000940,normal,,normal_standard,0,train
dev_0000941,normal,,normal_standard,0,train
dev_0000942,normal,,normal_standard,0,train
dev_0000943,normal,,normal_standard,0,train
dev_0000944,normal,,normal_standard,0,train
dev_0000945,normal,,normal_standard,0,validation
dev_0000946,normal,,normal_standard,0,validation
dev_0000947,normal,,normal_standard,0,validation
dev_0000948,normal,,normal_standard,0,train
dev_0000949,normal,,normal_standard,0,train
dev_0000950,normal,,normal_standard,0,train
dev_0000951,normal,,normal_standard,0,train
dev_0000952,normal,,normal_standard,0,train
dev_0000953,normal,,normal_standard,0,validation
dev_0000954,normal,,normal_standard,0,validation
dev_0000955,normal,,normal_standard,0,train
dev_0000956,normal,,normal_standard,0,validation
dev_0000957,normal,,normal_standard,0,train
dev_0000958,normal,,normal_standard,0,train
dev_0000959,normal,,normal_standard,0,train
dev_0000960,normal,,normal_standard,0,train
dev_0000961,normal,,normal_standard,0,validation
dev_0000962,normal,,normal_standard,0,train
dev_0000963,normal,,normal_standard,0,validation
dev_0000964,normal,,normal_standard,0,train
dev_0000965,normal,,normal_standard,0,train
dev_0000966,normal,,normal_standard,0,train
dev_0000967,normal,,normal_standard,0,train
dev_0000968,normal,,normal_standard,0,validation
dev_0000969,normal,,normal_standard,0,train
dev_0000970,normal,,normal_standard,0,validation
dev_0000971,normal,,normal_standard,0,train
dev_0000972,normal,,normal_standard,0,train
dev_0000973,normal,,normal_standard,0,train
dev_0000974,normal,,normal_standard,0,train
dev_0000975,normal,,normal_standard,0,train
dev_0000976,normal,,normal_standard,0,train
dev_0000977,normal,,normal_standard,0,train
dev_0000978,normal,,normal_standard,0,validation
dev_0000979,normal,,normal_standard,0,train
dev_0000980,normal,,normal_standard,0,train
dev_0000981,normal,,normal_standard,0,train
dev_0000982,normal,,normal_standard,0,train
dev_0000983,normal,,normal_standard,0,train
dev_0000984,normal,,normal_standard,0,validation
dev_0000985,normal,,normal_standard,0,train
dev_0000986,normal,,normal_standard,0,train
dev_0000987,normal,,normal_standard,0,train
dev_0000988,normal,,normal_standard,0,train
dev_0000989,normal,,normal_standard,0,train
dev_0000990,normal,,normal_standard,0,train
dev_0000991,normal,,normal_standard,0,train
dev_0000992,normal,,normal_standard,0,validation
dev_0000993,normal,,normal_standard,0,train
dev_0000994,normal,,normal_standard,0,train
dev_0000995,normal,,normal_standard,0,train
dev_0000996,normal,,normal_standard,0,validation
dev_0000997,normal,,normal_standard,0,train
dev_0000998,normal,,normal_standard,0,train
dev_0000999,normal,,normal_standard,0,train
dev_0001000,normal,,normal_standard,0,train
dev_0001001,normal,,normal_standard,0,validation
dev_0001002,normal,,normal_standard,0,train
dev_0001003,normal,,normal_standard,0,train
dev_0001004,normal,,normal_standard,0,train
dev_0001005,normal,,normal_standard,0,validation
dev_0001006,normal,,normal_standard,0,validation
dev_0001007,normal,,normal_standard,0,validation
dev_0001008,normal,,normal_standard,0,train
dev_0001009,normal,,normal_standard,0,train
dev_0001010,normal,,normal_standard,0,train
dev_0001011,normal,,normal_standard,0,train
dev_0001012,normal,,normal_standard,0,train
dev_0001013,normal,,normal_standard,0,train
dev_0001014,normal,,normal_standard,0,train
dev_0001015,normal,,normal_standard,0,train
dev_0001016,normal,,normal_standard,0,train
dev_0001017,normal,,normal_standard,0,train
dev_0001018,normal,,normal_standard,0,train
dev_0001019,normal,,normal_standard,0,train
dev_0001020,normal,,normal_standard,0,train
dev_0001021,normal,,normal_standard,0,validation
dev_0001022,normal,,normal_standard,0,train
dev_0001023,normal,,normal_standard,0,train
dev_0001024,normal,,normal_standard,0,train
dev_0001025,normal,,normal_standard,0,train
dev_0001026,normal,,normal_standard,0,train
dev_0001027,normal,,normal_standard,0,validation
dev_0001028,normal,,normal_standard,0,train
dev_0001029,normal,,normal_standard,0,train
dev_0001030,normal,,normal_standard,0,validation
dev_0001031,normal,,normal_standard,0,validation
dev_0001032,normal,,normal_standard,0,train
dev_0001033,normal,,normal_standard,0,train
dev_0001034,normal,,normal_standard,0,train
dev_0001035,normal,,normal_standard,0,train
dev_0001036,normal,,normal_standard,0,train
dev_0001037,normal,,normal_standard,0,validation
dev_0001038,normal,,normal_standard,0,train
dev_0001039,normal,,normal_standard,0,validation
dev_0001040,normal,,normal_standard,0,train
dev_0001041,normal,,normal_standard,0,train
dev_0001042,normal,,normal_standard,0,train
dev_0001043,normal,,normal_standard,0,validation
dev_0001044,normal,,normal_standard,0,train
dev_0001045,normal,,normal_standard,0,train
dev_0001046,normal,,normal_standard,0,validation
dev_0001047,normal,,normal_standard,0,train
dev_0001048,normal,,normal_standard,0,train
dev_0001049,normal,,normal_standard,0,train
dev_0001050,normal,,normal_standard,0,train
dev_0001051,normal,,normal_standard,0,train
dev_0001052,normal,,normal_standard,0,validation
dev_0001053,normal,,normal_standard,0,train
dev_0001054,normal,,normal_standard,0,train
dev_0001055,normal,,normal_standard,0,train
dev_0001056,normal,,normal_standard,0,train
dev_0001057,normal,,normal_standard,0,train
dev_0001058,normal,,normal_standard,0,validation
dev_0001059,normal,,normal_standard,0,train
dev_0001060,normal,,normal_standard,0,train
dev_0001061,normal,,normal_standard,0,train
dev_0001062,normal,,normal_standard,0,train
dev_0001063,normal,,normal_standard,0,train
dev_0001064,normal,,normal_standard,0,train
dev_0001065,normal,,normal_standard,0,train
dev_0001066,normal,,normal_standard,0,train
dev_0001067,normal,,normal_standard,0,validation
dev_0001068,normal,,normal_standard,0,train
dev_0001069,normal,,normal_standard,0,train
dev_0001070,normal,,normal_standard,0,train
dev_0001071,normal,,normal_standard,0,train
dev_0001072,normal,,normal_standard,0,train
dev_0001073,normal,,normal_standard,0,validation
dev_0001074,normal,,normal_standard,0,train
dev_0001075,normal,,normal_standard,0,validation
dev_0001076,normal,,normal_standard,0,train
dev_0001077,normal,,normal_standard,0,train
dev_0001078,normal,,normal_standard,0,train
dev_0001079,normal,,normal_standard,0,train
dev_0001080,normal,,normal_standard,0,train
dev_0001081,normal,,normal_standard,0,train
dev_0001082,normal,,normal_standard,0,train
dev_0001083,normal,,normal_standard,0,train
dev_0001084,normal,,normal_standard,0,train
dev_0001085,normal,,normal_standard,0,train
dev_0001086,normal,,normal_standard,0,train
dev_0001087,normal,,normal_standard,0,train
dev_0001088,normal,,normal_standard,0,train
dev_0001089,normal,,normal_standard,0,train
dev_0001090,normal,,normal_standard,0,train
dev_0001091,normal,,normal_standard,0,train
dev_0001092,normal,,normal_standard,0,validation
dev_0001093,normal,,normal_standard,0,train
dev_0001094,normal,,normal_standard,0,validation
dev_0001095,normal,,normal_standard,0,train
dev_0001096,normal,,normal_standard,0,train
dev_0001097,normal,,normal_standard,0,validation
dev_0001098,normal,,normal_standard,0,train
dev_0001099,normal,,normal_standard,0,train
dev_0001100,normal,,normal_standard,0,train
dev_0001101,normal,,normal_standard,0,train
dev_0001102,normal,,normal_standard,0,train
dev_0001103,normal,,normal_standard,0,validation
dev_0001104,normal,,normal_standard,0,train
dev_0001105,normal,,normal_standard,0,train
dev_0001106,normal,,normal_standard,0,train
dev_0001107,normal,,normal_standard,0,train
dev_0001108,normal,,normal_standard,0,train
dev_0001109,normal,,normal_standard,0,train
dev_0001110,normal,,normal_standard,0,train
dev_0001111,normal,,normal_standard,0,train
dev_0001112,normal,,normal_standard,0,train
dev_0001113,normal,,normal_standard,0,validation
dev_0001114,normal,,normal_standard,0,train
dev_0001115,normal,,normal_standard,0,train
dev_0001116,normal,,normal_standard,0,train
dev_0001117,normal,,normal_standard,0,train
dev_0001118,normal,,normal_standard,0,train
dev_0001119,normal,,normal_standard,0,validation
dev_0001120,normal,,normal_standard,0,train
dev_0001121,normal,,normal_standard,0,train
dev_0001122,normal,,normal_standard,0,train
dev_0001123,normal,,normal_standard,0,train
dev_0001124,normal,,normal_standard,0,train
dev_0001125,normal,,normal_standard,0,validation
dev_0001126,normal,,normal_standard,0,train
dev_0001127,normal,,normal_standard,0,train
dev_0001128,normal,,normal_standard,0,validation
dev_0001129,normal,,normal_standard,0,train
dev_0001130,normal,,normal_standard,0,validation
dev_0001131,normal,,normal_standard,0,train
dev_0001132,normal,,normal_standard,0,train
dev_0001133,normal,,normal_standard,0,train
dev_0001134,normal,,normal_standard,0,train
dev_0001135,normal,,normal_standard,0,train
dev_0001136,normal,,normal_standard,0,train
dev_0001137,normal,,normal_standard,0,train
dev_0001138,normal,,normal_standard,0,train
dev_0001139,normal,,normal_standard,0,train
dev_0001140,normal,,normal_standard,0,train
dev_0001141,normal,,normal_standard,0,train
dev_0001142,normal,,normal_standard,0,train
dev_0001143,normal,,normal_standard,0,train
dev_0001144,normal,,normal_standard,0,train
dev_0001145,normal,,normal_standard,0,train
dev_0001146,normal,,normal_standard,0,train
dev_0001147,normal,,normal_standard,0,validation
dev_0001148,normal,,normal_standard,0,train
dev_0001149,normal,,normal_standard,0,train
dev_0001150,normal,,normal_standard,0,train
dev_0001151,normal,,normal_standard,0,train
dev_0001152,normal,,normal_standard,0,train
dev_0001153,normal,,normal_standard,0,train
dev_0001154,normal,,normal_standard,0,train
dev_0001155,normal,,normal_standard,0,train
dev_0001156,normal,,normal_standard,0,validation
dev_0001157,normal,,normal_standard,0,train
dev_0001158,normal,,normal_standard,0,validation
dev_0001159,normal,,normal_standard,0,train
dev_0001160,normal,,normal_standard,0,train
dev_0001161,normal,,normal_standard,0,validation
dev_0001162,normal,,normal_standard,0,train
dev_0001163,normal,,normal_standard,0,train
dev_0001164,normal,,normal_standard,0,train
dev_0001165,normal,,normal_standard,0,train
dev_0001166,normal,,normal_standard,0,train
dev_0001167,normal,,normal_standard,0,train
dev_0001168,normal,,normal_standard,0,train
dev_0001169,normal,,normal_standard,0,train
dev_0001170,normal,,normal_standard,0,train
dev_0001171,normal,,normal_standard,0,train
dev_0001172,normal,,normal_standard,0,train
dev_0001173,normal,,normal_standard,0,train
dev_0001174,normal,,normal_standard,0,train
dev_0001175,normal,,normal_standard,0,train
dev_0001176,normal,,normal_standard,0,train
dev_0001177,normal,,normal_standard,0,train
dev_0001178,normal,,normal_standard,0,train
dev_0001179,normal,,normal_standard,0,train
dev_0001180,normal,,normal_standard,0,train
dev_0001181,normal,,normal_standard,0,train
dev_0001182,normal,,normal_standard,0,validation
dev_0001183,normal,,normal_standard,0,train
dev_0001184,normal,,normal_standard,0,train
dev_0001185,normal,,normal_standard,0,train
dev_0001186,normal,,normal_standard,0,train
dev_0001187,normal,,normal_standard,0,train
dev_0001188,normal,,normal_standard,0,train
dev_0001189,normal,,normal_standard,0,train
dev_0001190,normal,,normal_standard,0,validation
dev_0001191,normal,,normal_standard,0,validation
dev_0001192,normal,,normal_standard,0,train
dev_0001193,normal,,normal_standard,0,train
dev_0001194,normal,,normal_standard,0,validation
dev_0001195,normal,,normal_standard,0,train
dev_0001196,normal,,normal_standard,0,train
dev_0001197,normal,,normal_standard,0,train
dev_0001198,normal,,normal_standard,0,train
dev_0001199,normal,,normal_standard,0,validation
dev_0001200,normal,,normal_standard,0,train
dev_0001201,normal,,normal_standard,0,train
dev_0001202,normal,,normal_standard,0,train
dev_0001203,normal,,normal_standard,0,train
dev_0001204,normal,,normal_standard,0,train
dev_0001205,normal,,normal_standard,0,train
dev_0001206,normal,,normal_standard,0,train
dev_0001207,normal,,normal_standard,0,train
dev_0001208,normal,,normal_standard,0,train
dev_0001209,normal,,normal_standard,0,train
dev_0001210,normal,,normal_standard,0,validation
dev_0001211,normal,,normal_standard,0,train
dev_0001212,normal,,normal_standard,0,validation
dev_0001213,normal,,normal_standard,0,validation
dev_0001214,normal,,normal_standard,0,validation
dev_0001215,normal,,normal_standard,0,train
dev_0001216,normal,,normal_standard,0,train
dev_0001217,normal,,normal_standard,0,train
dev_0001218,normal,,normal_standard,0,train
dev_0001219,normal,,normal_standard,0,train
dev_0001220,normal,,normal_standard,0,train
dev_0001221,normal,,normal_standard,0,train
dev_0001222,normal,,normal_standard,0,train
dev_0001223,normal,,normal_standard,0,train
dev_0001224,normal,,normal_standard,0,train
dev_0001225,normal,,normal_standard,0,validation
dev_0001226,normal,,normal_standard,0,train
dev_0001227,normal,,normal_standard,0,validation
dev_0001228,normal,,normal_standard,0,train
dev_0001229,normal,,normal_standard,0,train
dev_0001230,normal,,normal_standard,0,train
dev_0001231,normal,,normal_standard,0,train
dev_0001232,normal,,normal_standard,0,validation
dev_0001233,normal,,normal_standard,0,train
dev_0001234,normal,,normal_standard,0,train
dev_0001235,normal,,normal_standard,0,validation
dev_0001236,normal,,normal_standard,0,train
dev_0001237,normal,,normal_standard,0,train
dev_0001238,normal,,normal_standard,0,train
dev_0001239,normal,,normal_standard,0,train
dev_0001240,normal,,normal_standard,0,validation
dev_0001241,normal,,normal_standard,0,train
dev_0001242,normal,,normal_standard,0,train
dev_0001243,normal,,normal_standard,0,train
dev_0001244,normal,,normal_standard,0,train
dev_0001245,normal,,normal_standard,0,train
dev_0001246,normal,,normal_standard,0,train
dev_0001247,normal,,normal_standard,0,train
dev_0001248,normal,,normal_standard,0,train
dev_0001249,normal,,normal_standard,0,train
dev_0001250,normal,,normal_standard,0,train
dev_0001251,normal,,normal_standard,0,train
dev_0001252,normal,,normal_standard,0,train
dev_0001253,normal,,normal_standard,0,validation
dev_0001254,normal,,normal_standard,0,train
dev_0001255,normal,,normal_standard,0,train
dev_0001256,normal,,normal_standard,0,train
dev_0001257,normal,,normal_standard,0,train
dev_0001258,normal,,normal_standard,0,train
dev_0001259,normal,,normal_standard,0,validation
dev_0001260,normal,,normal_standard,0,train
dev_0001261,normal,,normal_standard,0,train
dev_0001262,normal,,normal_standard,0,train
dev_0001263,normal,,normal_standard,0,train
dev_0001264,normal,,normal_standard,0,train
dev_0001265,normal,,normal_standard,0,validation
dev_0001266,normal,,normal_standard,0,train
dev_0001267,normal,,normal_standard,0,train
dev_0001268,normal,,normal_standard,0,train
dev_0001269,normal,,normal_standard,0,validation
dev_0001270,normal,,normal_standard,0,train
dev_0001271,normal,,normal_standard,0,validation
dev_0001272,normal,,normal_standard,0,train
dev_0001273,normal,,normal_standard,0,train
dev_0001274,normal,,normal_standard,0,train
dev_0001275,normal,,normal_standard,0,train
dev_0001276,normal,,normal_standard,0,train
dev_0001277,normal,,normal_standard,0,validation
dev_0001278,normal,,normal_standard,0,train
dev_0001279,normal,,normal_standard,0,train
dev_0001280,normal,,normal_standard,0,train
dev_0001281,normal,,normal_standard,0,validation
dev_0001282,normal,,normal_standard,0,train
dev_0001283,normal,,normal_standard,0,train
dev_0001284,normal,,normal_standard,0,train
dev_0001285,normal,,normal_standard,0,validation
dev_0001286,normal,,normal_standard,0,train
dev_0001287,normal,,normal_standard,0,train
dev_0001288,normal,,normal_standard,0,train
dev_0001289,normal,,normal_standard,0,train
dev_0001290,normal,,normal_standard,0,train
dev_0001291,normal,,normal_standard,0,train
dev_0001292,normal,,normal_standard,0,train
dev_0001293,normal,,normal_standard,0,train
dev_0001294,normal,,normal_standard,0,train
dev_0001295,normal,,normal_standard,0,train
dev_0001296,normal,,normal_standard,0,train
dev_0001297,normal,,normal_standard,0,train
dev_0001298,normal,,normal_standard,0,validation
dev_0001299,normal,,normal_standard,0,train
dev_0001300,normal,,normal_standard,0,train
dev_0001301,normal,,normal_standard,0,train
dev_0001302,normal,,normal_standard,0,train
dev_0001303,normal,,normal_standard,0,validation
dev_0001304,normal,,normal_standard,0,train
dev_0001305,normal,,normal_standard,0,train
dev_0001306,normal,,normal_standard,0,train
dev_0001307,normal,,normal_standard,0,train
dev_0001308,normal,,normal_standard,0,train
dev_0001309,normal,,normal_standard,0,train
dev_0001310,normal,,normal_standard,0,validation
dev_0001311,normal,,normal_standard,0,train
dev_0001312,normal,,normal_standard,0,train
dev_0001313,normal,,normal_standard,0,train
dev_0001314,normal,,normal_standard,0,validation
dev_0001315,normal,,normal_standard,0,train
dev_0001316,normal,,normal_standard,0,train
dev_0001317,normal,,normal_standard,0,train
dev_0001318,normal,,normal_standard,0,train
dev_0001319,normal,,normal_standard,0,train
dev_0001320,normal,,normal_standard,0,validation
dev_0001321,normal,,normal_standard,0,train
dev_0001322,normal,,normal_standard,0,train
dev_0001323,normal,,normal_standard,0,validation
dev_0001324,normal,,normal_standard,0,validation
dev_0001325,normal,,normal_standard,0,train
dev_0001326,normal,,normal_standard,0,train
dev_0001327,normal,,normal_standard,0,validation
dev_0001328,normal,,normal_standard,0,train
dev_0001329,normal,,normal_standard,0,validation
dev_0001330,normal,,normal_standard,0,train
dev_0001331,normal,,normal_standard,0,train
dev_0001332,normal,,normal_standard,0,train
dev_0001333,normal,,normal_standard,0,train
dev_0001334,normal,,normal_standard,0,validation
dev_0001335,normal,,normal_standard,0,train
dev_0001336,normal,,normal_standard,0,train
dev_0001337,normal,,normal_standard,0,train
dev_0001338,normal,,normal_standard,0,validation
dev_0001339,normal,,normal_standard,0,validation
dev_0001340,normal,,normal_standard,0,train
dev_0001341,normal,,normal_standard,0,train
dev_0001342,normal,,normal_standard,0,train
dev_0001343,normal,,normal_standard,0,train
dev_0001344,normal,,normal_standard,0,train
dev_0001345,normal,,normal_standard,0,train
dev_0001346,normal,,normal_standard,0,train
dev_0001347,normal,,normal_standard,0,train
dev_0001348,normal,,normal_standard,0,train
dev_0001349,normal,,normal_standard,0,validation
dev_0001350,normal,,normal_standard,0,validation
dev_0001351,normal,,normal_standard,0,train
dev_0001352,normal,,normal_standard,0,train
dev_0001353,normal,,normal_standard,0,train
dev_0001354,normal,,normal_standard,0,train
dev_0001355,normal,,normal_standard,0,train
dev_0001356,normal,,normal_standard,0,train
dev_0001357,normal,,normal_standard,0,train
dev_0001358,normal,,normal_standard,0,train
dev_0001359,normal,,normal_standard,0,train
dev_0001360,normal,,normal_standard,0,train
dev_0001361,normal,,normal_standard,0,train
dev_0001362,normal,,normal_standard,0,train
dev_0001363,normal,,normal_standard,0,train
dev_0001364,normal,,normal_standard,0,validation
dev_0001365,normal,,normal_standard,0,train
dev_0001366,normal,,normal_standard,0,train
dev_0001367,normal,,normal_standard,0,validation
dev_0001368,normal,,normal_standard,0,train
dev_0001369,normal,,normal_standard,0,train
dev_0001370,normal,,normal_standard,0,validation
dev_0001371,normal,,normal_standard,0,train
dev_0001372,normal,,normal_standard,0,train
dev_0001373,normal,,normal_standard,0,train
dev_0001374,normal,,normal_standard,0,train
dev_0001375,normal,,normal_standard,0,train
dev_0001376,normal,,normal_standard,0,train
dev_0001377,normal,,normal_standard,0,train
dev_0001378,normal,,normal_standard,0,train
dev_0001379,normal,,normal_standard,0,train
dev_0001380,normal,,normal_standard,0,train
dev_0001381,normal,,normal_standard,0,validation
dev_0001382,normal,,normal_standard,0,train
dev_0001383,normal,,normal_standard,0,train
dev_0001384,normal,,normal_standard,0,validation
dev_0001385,normal,,normal_standard,0,train
dev_0001386,normal,,normal_standard,0,train
dev_0001387,normal,,normal_standard,0,train
dev_0001388,normal,,normal_standard,0,train
dev_0001389,normal,,normal_standard,0,train
dev_0001390,normal,,normal_standard,0,validation
dev_0001391,normal,,normal_standard,0,validation
dev_0001392,normal,,normal_standard,0,train
dev_0001393,normal,,normal_standard,0,train
dev_0001394,normal,,normal_standard,0,validation
dev_0001395,normal,,normal_standard,0,train
dev_0001396,normal,,normal_standard,0,train
dev_0001397,normal,,normal_standard,0,train
dev_0001398,normal,,normal_standard,0,train
dev_0001399,normal,,normal_standard,0,train
dev_0001400,normal,,normal_standard,0,train
dev_0001401,normal,,normal_standard,0,validation
dev_0001402,normal,,normal_standard,0,train
dev_0001403,normal,,normal_standard,0,train
dev_0001404,normal,,normal_standard,0,train
dev_0001405,normal,,normal_standard,0,train
dev_0001406,normal,,normal_standard,0,train
dev_0001407,normal,,normal_standard,0,train
dev_0001408,normal,,normal_standard,0,train
dev_0001409,normal,,normal_standard,0,validation
dev_0001410,normal,,normal_standard,0,train
dev_0001411,normal,,normal_standard,0,validation
dev_0001412,normal,,normal_standard,0,train
dev_0001413,normal,,normal_standard,0,train
dev_0001414,normal,,normal_standard,0,train
dev_0001415,normal,,normal_standard,0,train
dev_0001416,normal,,normal_standard,0,train
dev_0001417,normal,,normal_standard,0,train
dev_0001418,normal,,normal_standard,0,validation
dev_0001419,normal,,normal_standard,0,train
dev_0001420,normal,,normal_standard,0,train
dev_0001421,normal,,normal_standard,0,validation
dev_0001422,normal,,normal_standard,0,train
dev_0001423,normal,,normal_standard,0,train
dev_0001424,normal,,normal_standard,0,train
dev_0001425,normal,,normal_standard,0,train
dev_0001426,normal,,normal_standard,0,validation
dev_0001427,normal,,normal_standard,0,train
dev_0001428,normal,,normal_standard,0,train
dev_0001429,normal,,normal_standard,0,train
dev_0001430,normal,,normal_standard,0,train
dev_0001431,normal,,normal_standard,0,train
dev_0001432,normal,,normal_standard,0,train
dev_0001433,normal,,normal_standard,0,validation
dev_0001434,normal,,normal_standard,0,train
dev_0001435,normal,,normal_standard,0,validation
dev_0001436,normal,,normal_standard,0,train
dev_0001437,normal,,normal_standard,0,train
dev_0001438,normal,,normal_standard,0,train
dev_0001439,normal,,normal_standard,0,train
dev_0001440,normal,,normal_standard,0,train
dev_0001441,normal,,normal_standard,0,train
dev_0001442,normal,,normal_standard,0,train
dev_0001443,normal,,normal_standard,0,train
dev_0001444,normal,,normal_standard,0,train
dev_0001445,normal,,normal_standard,0,train
dev_0001446,normal,,normal_standard,0,train
dev_0001447,normal,,normal_standard,0,validation
dev_0001448,normal,,normal_standard,0,validation
dev_0001449,normal,,normal_standard,0,train
dev_0001450,normal,,normal_standard,0,validation
dev_0001451,normal,,normal_standard,0,train
dev_0001452,normal,,normal_standard,0,validation
dev_0001453,normal,,normal_standard,0,train
dev_0001454,normal,,normal_standard,0,train
dev_0001455,normal,,normal_standard,0,train
dev_0001456,normal,,normal_standard,0,validation
dev_0001457,normal,,normal_standard,0,train
dev_0001458,normal,,normal_standard,0,validation
dev_0001459,normal,,normal_standard,0,validation
dev_0001460,normal,,normal_standard,0,train
dev_0001461,normal,,normal_standard,0,train
dev_0001462,normal,,normal_standard,0,train
dev_0001463,normal,,normal_standard,0,train
dev_0001464,normal,,normal_standard,0,train
dev_0001465,normal,,normal_standard,0,train
dev_0001466,normal,,normal_standard,0,train
dev_0001467,normal,,normal_standard,0,train
dev_0001468,normal,,normal_standard,0,train
dev_0001469,normal,,normal_standard,0,validation
dev_0001470,normal,,normal_standard,0,validation
dev_0001471,normal,,normal_standard,0,train
dev_0001472,normal,,normal_standard,0,train
dev_0001473,normal,,normal_standard,0,train
dev_0001474,normal,,normal_standard,0,validation
dev_0001475,normal,,normal_standard,0,train
dev_0001476,normal,,normal_standard,0,train
dev_0001477,normal,,normal_standard,0,train
dev_0001478,normal,,normal_standard,0,train
dev_0001479,normal,,normal_standard,0,train
dev_0001480,normal,,normal_standard,0,train
dev_0001481,normal,,normal_standard,0,train
dev_0001482,normal,,normal_standard,0,validation
dev_0001483,normal,,normal_standard,0,train
dev_0001484,normal,,normal_standard,0,train
dev_0001485,normal,,normal_standard,0,train
dev_0001486,normal,,normal_standard,0,train
dev_0001487,normal,,normal_standard,0,train
dev_0001488,normal,,normal_standard,0,train
dev_0001489,normal,,normal_standard,0,train
dev_0001490,normal,,normal_standard,0,validation
dev_0001491,normal,,normal_standard,0,train
dev_0001492,normal,,normal_standard,0,validation
dev_0001493,normal,,normal_standard,0,train
dev_0001494,normal,,normal_standard,0,train
dev_0001495,normal,,normal_standard,0,train
dev_0001496,normal,,normal_standard,0,train
dev_0001497,normal,,normal_standard,0,train
dev_0001498,normal,,normal_standard,0,validation
dev_0001499,normal,,normal_standard,0,train
dev_0001500,normal,,normal_standard,0,train
dev_0001501,normal,,normal_standard,0,train
dev_0001502,normal,,normal_standard,0,validation
dev_0001503,normal,,normal_standard,0,train
dev_0001504,normal,,normal_standard,0,train
dev_0001505,normal,,normal_standard,0,validation
dev_0001506,normal,,normal_standard,0,train
dev_0001507,normal,,normal_standard,0,train
dev_0001508,normal,,normal_standard,0,train
dev_0001509,normal,,normal_standard,0,validation
dev_0001510,normal,,normal_standard,0,train
dev_0001511,normal,,normal_standard,0,train
dev_0001512,normal,,normal_standard,0,train
dev_0001513,normal,,normal_standard,0,train
dev_0001514,normal,,normal_standard,0,train
dev_0001515,normal,,normal_standard,0,train
dev_0001516,normal,,normal_standard,0,train
dev_0001517,normal,,normal_standard,0,train
dev_0001518,normal,,normal_standard,0,train
dev_0001519,normal,,normal_standard,0,train
dev_0001520,normal,,normal_standard,0,train
dev_0001521,normal,,normal_standard,0,train
dev_0001522,normal,,normal_standard,0,train
dev_0001523,normal,,normal_standard,0,train
dev_0001524,normal,,normal_standard,0,train
dev_0001525,normal,,normal_standard,0,validation
dev_0001526,normal,,normal_standard,0,train
dev_0001527,normal,,normal_standard,0,validation
dev_0001528,normal,,normal_standard,0,train
dev_0001529,normal,,normal_standard,0,train
dev_0001530,normal,,normal_standard,0,train
dev_0001531,normal,,normal_standard,0,validation
dev_0001532,normal,,normal_standard,0,train
dev_0001533,normal,,normal_standard,0,train
dev_0001534,normal,,normal_standard,0,validation
dev_0001535,normal,,normal_standard,0,train
dev_0001536,normal,,normal_standard,0,train
dev_0001537,normal,,normal_standard,0,train
dev_0001538,normal,,normal_standard,0,train
dev_0001539,normal,,normal_standard,0,train
dev_0001540,normal,,normal_standard,0,validation
dev_0001541,normal,,normal_standard,0,train
dev_0001542,normal,,normal_standard,0,train
dev_0001543,normal,,normal_standard,0,validation
dev_0001544,normal,,normal_standard,0,train
dev_0001545,normal,,normal_standard,0,train
dev_0001546,normal,,normal_standard,0,train
dev_0001547,normal,,normal_standard,0,train
dev_0001548,normal,,normal_standard,0,validation
dev_0001549,normal,,normal_standard,0,train
dev_0001550,normal,,normal_standard,0,train
dev_0001551,normal,,normal_standard,0,train
dev_0001552,normal,,normal_standard,0,validation
dev_0001553,normal,,normal_standard,0,train
dev_0001554,normal,,normal_standard,0,train
dev_0001555,normal,,normal_standard,0,train
dev_0001556,normal,,normal_standard,0,train
dev_0001557,normal,,normal_standard,0,train
dev_0001558,normal,,normal_standard,0,train
dev_0001559,normal,,normal_standard,0,train
dev_0001560,normal,,normal_standard,0,train
dev_0001561,normal,,normal_standard,0,validation
dev_0001562,normal,,normal_standard,0,validation
dev_0001563,normal,,normal_standard,0,train
dev_0001564,normal,,normal_standard,0,train
dev_0001565,normal,,normal_standard,0,train
dev_0001566,normal,,normal_standard,0,validation
dev_0001567,normal,,normal_standard,0,train
dev_0001568,normal,,normal_standard,0,train
dev_0001569,normal,,normal_standard,0,train
dev_0001570,normal,,normal_standard,0,train
dev_0001571,normal,,normal_standard,0,train
dev_0001572,normal,,normal_standard,0,train
dev_0001573,normal,,normal_standard,0,train
dev_0001574,normal,,normal_standard,0,train
dev_0001575,normal,,normal_standard,0,train
dev_0001576,normal,,normal_standard,0,train
dev_0001577,normal,,normal_standard,0,train
dev_0001578,normal,,normal_standard,0,train
dev_0001579,normal,,normal_standard,0,validation
dev_0001580,normal,,normal_standard,0,validation
dev_0001581,normal,,normal_standard,0,train
dev_0001582,normal,,normal_standard,0,train
dev_0001583,normal,,normal_standard,0,train
dev_0001584,normal,,normal_standard,0,validation
dev_0001585,normal,,normal_standard,0,train
dev_0001586,normal,,normal_standard,0,train
dev_0001587,normal,,normal_standard,0,validation
dev_0001588,normal,,normal_standard,0,train
dev_0001589,normal,,normal_standard,0,train
dev_0001590,normal,,normal_standard,0,train
dev_0001591,normal,,normal_standard,0,train
dev_0001592,normal,,normal_standard,0,train
dev_0001593,normal,,normal_standard,0,train
dev_0001594,normal,,normal_standard,0,train
dev_0001595,normal,,normal_standard,0,train
dev_0001596,normal,,normal_standard,0,validation
dev_0001597,normal,,normal_standard,0,train
dev_0001598,normal,,normal_standard,0,train
dev_0001599,normal,,normal_standard,0,train
dev_0001600,normal,,normal_standard,0,validation
dev_0001601,normal,,normal_standard,0,train
dev_0001602,normal,,normal_standard,0,train
dev_0001603,normal,,normal_standard,0,validation
dev_0001604,normal,,normal_standard,0,train
dev_0001605,normal,,normal_standard,0,train
dev_0001606,normal,,normal_standard,0,train
dev_0001607,normal,,normal_standard,0,train
dev_0001608,normal,,normal_standard,0,validation
dev_0001609,normal,,normal_standard,0,train
dev_0001610,normal,,normal_standard,0,train
dev_0001611,normal,,normal_standard,0,train
dev_0001612,normal,,normal_standard,0,train
dev_0001613,normal,,normal_standard,0,train
dev_0001614,normal,,normal_standard,0,validation
dev_0001615,normal,,normal_standard,0,train
dev_0001616,normal,,normal_standard,0,train
dev_0001617,normal,,normal_standard,0,train
dev_0001618,normal,,normal_standard,0,train
dev_0001619,normal,,normal_standard,0,validation
dev_0001620,normal,,normal_standard,0,train
dev_0001621,normal,,normal_standard,0,validation
dev_0001622,normal,,normal_standard,0,train
dev_0001623,normal,,normal_standard,0,validation
dev_0001624,normal,,normal_standard,0,validation
dev_0001625,normal,,normal_standard,0,train
dev_0001626,normal,,normal_standard,0,validation
dev_0001627,normal,,normal_standard,0,train
dev_0001628,normal,,normal_standard,0,train
dev_0001629,normal,,normal_standard,0,validation
dev_0001630,normal,,normal_standard,0,train
dev_0001631,normal,,normal_standard,0,train
dev_0001632,normal,,normal_standard,0,train
dev_0001633,normal,,normal_standard,0,validation
dev_0001634,normal,,normal_standard,0,train
dev_0001635,normal,,normal_standard,0,train
dev_0001636,normal,,normal_standard,0,train
dev_0001637,normal,,normal_standard,0,train
dev_0001638,normal,,normal_standard,0,validation
dev_0001639,normal,,normal_standard,0,train
dev_0001640,normal,,normal_standard,0,validation
dev_0001641,normal,,normal_standard,0,train
dev_0001642,normal,,normal_standard,0,train
dev_0001643,normal,,normal_standard,0,train
dev_0001644,normal,,normal_standard,0,validation
dev_0001645,normal,,normal_standard,0,train
dev_0001646,normal,,normal_standard,0,validation
dev_0001647,normal,,normal_standard,0,train
dev_0001648,normal,,normal_standard,0,validation
dev_0001649,normal,,normal_standard,0,train
dev_0001650,normal,,normal_standard,0,validation
dev_0001651,normal,,normal_standard,0,train
dev_0001652,normal,,normal_standard,0,validation
dev_0001653,normal,,normal_standard,0,train
dev_0001654,normal,,normal_standard,0,validation
dev_0001655,normal,,normal_standard,0,train
dev_0001656,normal,,normal_standard,0,train
dev_0001657,normal,,normal_standard,0,train
dev_0001658,normal,,normal_standard,0,validation
dev_0001659,normal,,normal_standard,0,train
dev_0001660,normal,,normal_standard,0,train
dev_0001661,normal,,normal_standard,0,train
dev_0001662,normal,,normal_standard,0,train
dev_0001663,normal,,normal_standard,0,train
dev_0001664,normal,,normal_standard,0,train
dev_0001665,normal,,normal_standard,0,train
dev_0001666,normal,,normal_standard,0,train
dev_0001667,normal,,normal_standard,0,train
dev_0001668,normal,,normal_standard,0,train
dev_0001669,normal,,normal_standard,0,train
dev_0001670,normal,,normal_standard,0,train
dev_0001671,normal,,normal_standard,0,validation
dev_0001672,normal,,normal_standard,0,validation
dev_0001673,normal,,normal_standard,0,train
dev_0001674,normal,,normal_standard,0,train
dev_0001675,normal,,normal_standard,0,train
dev_0001676,normal,,normal_standard,0,train
dev_0001677,normal,,normal_standard,0,train
dev_0001678,normal,,normal_standard,0,train
dev_0001679,normal,,normal_standard,0,train
dev_0001680,normal,,normal_standard,0,train
dev_0001681,normal,,normal_standard,0,train
dev_0001682,normal,,normal_standard,0,train
dev_0001683,normal,,normal_standard,0,train
dev_0001684,normal,,normal_standard,0,train
dev_0001685,normal,,normal_standard,0,train
dev_0001686,normal,,normal_standard,0,train
dev_0001687,normal,,normal_standard,0,train
dev_0001688,normal,,normal_standard,0,validation
dev_0001689,normal,,normal_standard,0,train
dev_0001690,normal,,normal_standard,0,train
dev_0001691,normal,,normal_standard,0,train
dev_0001692,normal,,normal_standard,0,train
dev_0001693,normal,,normal_standard,0,train
dev_0001694,normal,,normal_standard,0,train
dev_0001695,normal,,normal_standard,0,train
dev_0001696,normal,,normal_standard,0,train
dev_0001697,normal,,normal_standard,0,train
dev_0001698,normal,,normal_standard,0,train
dev_0001699,normal,,normal_standard,0,train
dev_0001700,normal,,normal_standard,0,train
dev_0001701,normal,,normal_standard,0,train
dev_0001702,normal,,normal_standard,0,train
dev_0001703,normal,,normal_standard,0,train
dev_0001704,normal,,normal_standard,0,train
dev_0001705,normal,,normal_standard,0,train
dev_0001706,normal,,normal_standard,0,validation
dev_0001707,normal,,normal_standard,0,train
dev_0001708,normal,,normal_standard,0,train
dev_0001709,normal,,normal_standard,0,train
dev_0001710,normal,,normal_standard,0,train
dev_0001711,normal,,normal_standard,0,train
dev_0001712,normal,,normal_standard,0,train
dev_0001713,normal,,normal_standard,0,train
dev_0001714,normal,,normal_standard,0,train
dev_0001715,normal,,normal_standard,0,train
dev_0001716,normal,,normal_standard,0,train
dev_0001717,normal,,normal_standard,0,train
dev_0001718,normal,,normal_standard,0,train
dev_0001719,normal,,normal_standard,0,train
dev_0001720,normal,,normal_standard,0,validation
dev_0001721,normal,,normal_standard,0,train
dev_0001722,normal,,normal_standard,0,validation
dev_0001723,normal,,normal_standard,0,train
dev_0001724,normal,,normal_standard,0,train
dev_0001725,normal,,normal_standard,0,train
dev_0001726,normal,,normal_standard,0,train
dev_0001727,normal,,normal_standard,0,train
dev_0001728,normal,,normal_standard,0,train
dev_0001729,normal,,normal_standard,0,train
dev_0001730,normal,,normal_standard,0,validation
dev_0001731,normal,,normal_standard,0,train
dev_0001732,normal,,normal_standard,0,train
dev_0001733,normal,,normal_standard,0,train
dev_0001734,normal,,normal_standard,0,train
dev_0001735,normal,,normal_standard,0,validation
dev_0001736,normal,,normal_standard,0,train
dev_0001737,normal,,normal_standard,0,validation
dev_0001738,normal,,normal_standard,0,validation
dev_0001739,normal,,normal_standard,0,train
dev_0001740,normal,,normal_standard,0,validation
dev_0001741,normal,,normal_standard,0,train
dev_0001742,normal,,normal_standard,0,train
dev_0001743,normal,,normal_standard,0,train
dev_0001744,normal,,normal_standard,0,train
dev_0001745,normal,,normal_standard,0,train
dev_0001746,normal,,normal_standard,0,train
dev_0001747,normal,,normal_standard,0,train
dev_0001748,normal,,normal_standard,0,train
dev_0001749,normal,,normal_standard,0,train
dev_0001750,normal,,normal_standard,0,train
dev_0001751,normal,,normal_standard,0,train
dev_0001752,normal,,normal_standard,0,train
dev_0001753,normal,,normal_standard,0,validation
dev_0001754,normal,,normal_standard,0,train
dev_0001755,normal,,normal_standard,0,train
dev_0001756,normal,,normal_standard,0,validation
dev_0001757,normal,,normal_standard,0,train
dev_0001758,normal,,normal_standard,0,train
dev_0001759,normal,,normal_standard,0,train
dev_0001760,normal,,normal_standard,0,train
dev_0001761,normal,,normal_standard,0,train
dev_0001762,normal,,normal_standard,0,train
dev_0001763,normal,,normal_standard,0,validation
dev_0001764,normal,,normal_standard,0,train
dev_0001765,normal,,normal_standard,0,train
dev_0001766,normal,,normal_standard,0,train
dev_0001767,normal,,normal_standard,0,train
dev_0001768,normal,,normal_standard,0,train
dev_0001769,normal,,normal_standard,0,train
dev_0001770,normal,,normal_standard,0,train
dev_0001771,normal,,normal_standard,0,train
dev_0001772,normal,,normal_standard,0,train
dev_0001773,normal,,normal_standard,0,validation
dev_0001774,normal,,normal_standard,0,train
dev_0001775,normal,,normal_standard,0,train
dev_0001776,normal,,normal_standard,0,train
dev_0001777,normal,,normal_standard,0,validation
dev_0001778,normal,,normal_standard,0,train
dev_0001779,normal,,normal_standard,0,train
dev_0001780,normal,,normal_standard,0,train
dev_0001781,normal,,normal_standard,0,train
dev_0001782,normal,,normal_standard,0,train
dev_0001783,normal,,normal_standard,0,train
dev_0001784,normal,,normal_standard,0,train
dev_0001785,normal,,normal_standard,0,validation
dev_0001786,normal,,normal_standard,0,validation
dev_0001787,normal,,normal_standard,0,validation
dev_0001788,normal,,normal_standard,0,train
dev_0001789,normal,,normal_standard,0,train
dev_0001790,normal,,normal_standard,0,train
dev_0001791,normal,,normal_standard,0,train
dev_0001792,normal,,normal_standard,0,train
dev_0001793,normal,,normal_standard,0,train
dev_0001794,normal,,normal_standard,0,train
dev_0001795,normal,,normal_standard,0,train
dev_0001796,normal,,normal_standard,0,train
dev_0001797,normal,,normal_standard,0,train
dev_0001798,normal,,normal_standard,0,train
dev_0001799,normal,,normal_standard,0,train
dev_0001800,normal,,normal_standard,0,train
dev_0001801,normal,,normal_standard,0,train
dev_0001802,normal,,normal_standard,0,train
dev_0001803,normal,,normal_standard,0,validation
dev_0001804,normal,,normal_standard,0,validation
dev_0001805,normal,,normal_standard,0,train
dev_0001806,normal,,normal_standard,0,train
dev_0001807,normal,,normal_standard,0,train
dev_0001808,normal,,normal_standard,0,train
dev_0001809,normal,,normal_standard,0,train
dev_0001810,normal,,normal_standard,0,train
dev_0001811,normal,,normal_standard,0,train
dev_0001812,normal,,normal_standard,0,validation
dev_0001813,normal,,normal_standard,0,train
dev_0001814,normal,,normal_standard,0,train
dev_0001815,normal,,normal_standard,0,train
dev_0001816,normal,,normal_standard,0,train
dev_0001817,normal,,normal_standard,0,train
dev_0001818,normal,,normal_standard,0,validation
dev_0001819,normal,,normal_standard,0,train
dev_0001820,normal,,normal_standard,0,train
dev_0001821,normal,,normal_standard,0,train
dev_0001822,normal,,normal_standard,0,train
dev_0001823,normal,,normal_standard,0,validation
dev_0001824,normal,,normal_standard,0,train
dev_0001825,normal,,normal_standard,0,validation
dev_0001826,normal,,normal_standard,0,train
dev_0001827,normal,,normal_standard,0,train
dev_0001828,normal,,normal_standard,0,train
dev_0001829,normal,,normal_standard,0,train
dev_0001830,normal,,normal_standard,0,validation
dev_0001831,normal,,normal_standard,0,train
dev_0001832,normal,,normal_standard,0,train
dev_0001833,normal,,normal_standard,0,train
dev_0001834,normal,,normal_standard,0,train
dev_0001835,normal,,normal_standard,0,train
dev_0001836,normal,,normal_standard,0,train
dev_0001837,normal,,normal_standard,0,train
dev_0001838,normal,,normal_standard,0,validation
dev_0001839,normal,,normal_standard,0,train
dev_0001840,normal,,normal_standard,0,train
dev_0001841,normal,,normal_standard,0,train
dev_0001842,normal,,normal_standard,0,train
dev_0001843,normal,,normal_standard,0,validation
dev_0001844,normal,,normal_standard,0,train
dev_0001845,normal,,normal_standard,0,validation
dev_0001846,normal,,normal_standard,0,train
dev_0001847,normal,,normal_standard,0,train
dev_0001848,normal,,normal_standard,0,train
dev_0001849,normal,,normal_standard,0,validation
dev_0001850,normal,,normal_standard,0,train
dev_0001851,normal,,normal_standard,0,train
dev_0001852,normal,,normal_standard,0,train
dev_0001853,normal,,normal_standard,0,validation
dev_0001854,normal,,normal_standard,0,train
dev_0001855,normal,,normal_standard,0,train
dev_0001856,normal,,normal_standard,0,train
dev_0001857,normal,,normal_standard,0,validation
dev_0001858,normal,,normal_standard,0,train
dev_0001859,normal,,normal_standard,0,train
dev_0001860,normal,,normal_standard,0,train
dev_0001861,normal,,normal_standard,0,train
dev_0001862,normal,,normal_standard,0,train
dev_0001863,normal,,normal_standard,0,train
dev_0001864,normal,,normal_standard,0,validation
dev_0001865,normal,,normal_standard,0,train
dev_0001866,normal,,normal_standard,0,train
dev_0001867,normal,,normal_standard,0,train
dev_0001868,normal,,normal_standard,0,train
dev_0001869,normal,,normal_standard,0,train
dev_0001870,normal,,normal_standard,0,train
dev_0001871,normal,,normal_standard,0,train
dev_0001872,normal,,normal_standard,0,train
dev_0001873,normal,,normal_standard,0,train
dev_0001874,normal,,normal_standard,0,train
dev_0001875,normal,,normal_standard,0,train
dev_0001876,normal,,normal_standard,0,validation
dev_0001877,normal,,normal_standard,0,validation
dev_0001878,normal,,normal_standard,0,train
dev_0001879,normal,,normal_standard,0,train
dev_0001880,normal,,normal_standard,0,train
dev_0001881,normal,,normal_standard,0,train
dev_0001882,normal,,normal_standard,0,validation
dev_0001883,normal,,normal_standard,0,train
dev_0001884,normal,,normal_standard,0,validation
dev_0001885,normal,,normal_standard,0,train
dev_0001886,normal,,normal_standard,0,train
dev_0001887,normal,,normal_standard,0,train
dev_0001888,normal,,normal_standard,0,validation
dev_0001889,normal,,normal_standard,0,validation
dev_0001890,normal,,normal_standard,0,train
dev_0001891,normal,,normal_standard,0,train
dev_0001892,normal,,normal_standard,0,train
dev_0001893,normal,,normal_standard,0,validation
dev_0001894,normal,,normal_standard,0,train
dev_0001895,normal,,normal_standard,0,train
dev_0001896,normal,,normal_standard,0,train
dev_0001897,normal,,normal_standard,0,train
dev_0001898,normal,,normal_standard,0,train
dev_0001899,normal,,normal_standard,0,validation
dev_0001900,normal,,normal_standard,0,train
dev_0001901,normal,,normal_standard,0,train
dev_0001902,normal,,normal_standard,0,train
dev_0001903,normal,,normal_standard,0,train
dev_0001904,normal,,normal_standard,0,train
dev_0001905,normal,,normal_standard,0,train
dev_0001906,normal,,normal_standard,0,train
dev_0001907,normal,,normal_standard,0,train
dev_0001908,normal,,normal_standard,0,train
dev_0001909,normal,,normal_standard,0,train
dev_0001910,normal,,normal_standard,0,train
dev_0001911,normal,,normal_standard,0,train
dev_0001912,normal,,normal_standard,0,train
dev_0001913,normal,,normal_standard,0,train
dev_0001914,normal,,normal_standard,0,train
dev_0001915,normal,,normal_standard,0,train
dev_0001916,normal,,normal_standard,0,train
dev_0001917,normal,,normal_standard,0,train
dev_0001918,normal,,normal_standard,0,train
dev_0001919,normal,,normal_standard,0,train
dev_0001920,normal,,normal_standard,0,train
dev_0001921,normal,,normal_standard,0,train
dev_0001922,normal,,normal_standard,0,validation
dev_0001923,normal,,normal_standard,0,validation
dev_0001924,normal,,normal_standard,0,train
dev_0001925,normal,,normal_standard,0,train
dev_0001926,normal,,normal_standard,0,train
dev_0001927,normal,,normal_standard,0,train
dev_0001928,normal,,normal_standard,0,train
dev_0001929,normal,,normal_standard,0,validation
dev_0001930,normal,,normal_standard,0,train
dev_0001931,normal,,normal_standard,0,train
dev_0001932,normal,,normal_standard,0,train
dev_0001933,normal,,normal_standard,0,train
dev_0001934,normal,,normal_standard,0,train
dev_0001935,normal,,normal_standard,0,train
dev_0001936,normal,,normal_standard,0,validation
dev_0001937,normal,,normal_standard,0,train
dev_0001938,normal,,normal_standard,0,train
dev_0001939,normal,,normal_standard,0,validation
dev_0001940,normal,,normal_standard,0,train
dev_0001941,normal,,normal_standard,0,train
dev_0001942,normal,,normal_standard,0,train
dev_0001943,normal,,normal_standard,0,train
dev_0001944,normal,,normal_standard,0,train
dev_0001945,normal,,normal_standard,0,train
dev_0001946,normal,,normal_standard,0,train
dev_0001947,normal,,normal_standard,0,train
dev_0001948,normal,,normal_standard,0,train
dev_0001949,normal,,normal_standard,0,train
dev_0001950,normal,,normal_standard,0,train
dev_0001951,normal,,normal_standard,0,train
dev_0001952,normal,,normal_standard,0,train
dev_0001953,normal,,normal_standard,0,train
dev_0001954,normal,,normal_standard,0,train
dev_0001955,normal,,normal_standard,0,train
dev_0001956,normal,,normal_standard,0,train
dev_0001957,normal,,normal_standard,0,train
dev_0001958,normal,,normal_standard,0,validation
dev_0001959,normal,,normal_standard,0,train
dev_0001960,normal,,normal_standard,0,train
dev_0001961,normal,,normal_standard,0,train
dev_0001962,normal,,normal_standard,0,train
dev_0001963,normal,,normal_standard,0,train
dev_0001964,normal,,normal_standard,0,validation
dev_0001965,normal,,normal_standard,0,train
dev_0001966,normal,,normal_standard,0,validation
dev_0001967,normal,,normal_standard,0,train
dev_0001968,normal,,normal_standard,0,train
dev_0001969,normal,,normal_standard,0,train
dev_0001970,normal,,normal_standard,0,train
dev_0001971,normal,,normal_standard,0,train
dev_0001972,normal,,normal_standard,0,validation
dev_0001973,normal,,normal_standard,0,train
dev_0001974,normal,,normal_standard,0,train
dev_0001975,normal,,normal_standard,0,train
dev_0001976,normal,,normal_standard,0,validation
dev_0001977,normal,,normal_standard,0,train
dev_0001978,normal,,normal_standard,0,validation
dev_0001979,normal,,normal_standard,0,train
dev_0001980,normal,,normal_standard,0,train
dev_0001981,normal,,normal_standard,0,train
dev_0001982,normal,,normal_standard,0,validation
dev_0001983,normal,,normal_standard,0,validation
dev_0001984,normal,,normal_standard,0,train
dev_0001985,normal,,normal_standard,0,validation
dev_0001986,normal,,normal_standard,0,train
dev_0001987,normal,,normal_standard,0,train
dev_0001988,normal,,normal_standard,0,train
dev_0001989,normal,,normal_standard,0,train
dev_0001990,normal,,normal_standard,0,train
dev_0001991,normal,,normal_standard,0,train
dev_0001992,normal,,normal_standard,0,validation
dev_0001993,normal,,normal_standard,0,train
dev_0001994,normal,,normal_standard,0,train
dev_0001995,normal,,normal_standard,0,validation
dev_0001996,normal,,normal_standard,0,train
dev_0001997,normal,,normal_standard,0,train
dev_0001998,normal,,normal_standard,0,train
dev_0001999,normal,,normal_standard,0,train
dev_0002000,normal,,normal_standard,0,train
dev_0002001,normal,,normal_standard,0,train
dev_0002002,normal,,normal_standard,0,train
dev_0002003,normal,,normal_standard,0,validation
dev_0002004,normal,,normal_standard,0,train
dev_0002005,normal,,normal_standard,0,train
dev_0002006,normal,,normal_standard,0,validation
dev_0002007,normal,,normal_standard,0,train
dev_0002008,normal,,normal_standard,0,train
dev_0002009,normal,,normal_standard,0,train
dev_0002010,normal,,normal_standard,0,train
dev_0002011,normal,,normal_standard,0,train
dev_0002012,normal,,normal_standard,0,train
dev_0002013,normal,,normal_standard,0,train
dev_0002014,normal,,normal_standard,0,train
dev_0002015,normal,,normal_standard,0,validation
dev_0002016,normal,,normal_standard,0,train
dev_0002017,normal,,normal_standard,0,train
dev_0002018,normal,,normal_standard,0,validation
dev_0002019,normal,,normal_standard,0,train
dev_0002020,normal,,normal_standard,0,validation
dev_0002021,normal,,normal_standard,0,validation
dev_0002022,normal,,normal_standard,0,train
dev_0002023,normal,,normal_standard,0,train
dev_0002024,normal,,normal_standard,0,train
dev_0002025,normal,,normal_standard,0,train
dev_0002026,normal,,normal_standard,0,validation
dev_0002027,normal,,normal_standard,0,validation
dev_0002028,normal,,normal_standard,0,validation
dev_0002029,normal,,normal_standard,0,train
dev_0002030,normal,,normal_standard,0,train
dev_0002031,normal,,normal_standard,0,validation
dev_0002032,normal,,normal_standard,0,train
dev_0002033,normal,,normal_standard,0,train
dev_0002034,normal,,normal_standard,0,train
dev_0002035,normal,,normal_standard,0,train
dev_0002036,normal,,normal_standard,0,train
dev_0002037,normal,,normal_standard,0,train
dev_0002038,normal,,normal_standard,0,validation
dev_0002039,normal,,normal_standard,0,train
dev_0002040,normal,,normal_standard,0,train
dev_0002041,normal,,normal_standard,0,train
dev_0002042,normal,,normal_standard,0,train
dev_0002043,normal,,normal_standard,0,train
dev_0002044,normal,,normal_standard,0,train
dev_0002045,normal,,normal_standard,0,train
dev_0002046,normal,,normal_standard,0,train
dev_0002047,normal,,normal_standard,0,validation
dev_0002048,normal,,normal_standard,0,train
dev_0002049,normal,,normal_standard,0,train
dev_0002050,normal,,normal_standard,0,validation
dev_0002051,normal,,normal_standard,0,train
dev_0002052,normal,,normal_standard,0,train
dev_0002053,normal,,normal_standard,0,validation
dev_0002054,normal,,normal_standard,0,validation
dev_0002055,normal,,normal_standard,0,train
dev_0002056,normal,,normal_standard,0,train
dev_0002057,normal,,normal_standard,0,train
dev_0002058,normal,,normal_standard,0,train
dev_0002059,normal,,normal_standard,0,train
dev_0002060,normal,,normal_standard,0,train
dev_0002061,normal,,normal_standard,0,train
dev_0002062,normal,,normal_standard,0,train
dev_0002063,normal,,normal_standard,0,validation
dev_0002064,normal,,normal_standard,0,train
dev_0002065,normal,,normal_standard,0,validation
dev_0002066,normal,,normal_standard,0,train
dev_0002067,normal,,normal_standard,0,validation
dev_0002068,normal,,normal_standard,0,train
dev_0002069,normal,,normal_standard,0,train
dev_0002070,normal,,normal_standard,0,train
dev_0002071,normal,,normal_standard,0,train
dev_0002072,normal,,normal_standard,0,train
dev_0002073,normal,,normal_standard,0,train
dev_0002074,normal,,normal_standard,0,train
dev_0002075,normal,,normal_standard,0,train
dev_0002076,normal,,normal_standard,0,train
dev_0002077,normal,,normal_standard,0,train
dev_0002078,normal,,normal_standard,0,validation
dev_0002079,normal,,normal_standard,0,train
dev_0002080,normal,,normal_standard,0,train
dev_0002081,normal,,normal_standard,0,train
dev_0002082,normal,,normal_standard,0,train
dev_0002083,normal,,normal_standard,0,train
dev_0002084,normal,,normal_standard,0,validation
dev_0002085,normal,,normal_standard,0,validation
dev_0002086,normal,,normal_standard,0,validation
dev_0002087,normal,,normal_standard,0,train
dev_0002088,normal,,normal_standard,0,train
dev_0002089,normal,,normal_standard,0,train
dev_0002090,normal,,normal_standard,0,train
dev_0002091,normal,,normal_standard,0,validation
dev_0002092,normal,,normal_standard,0,train
dev_0002093,normal,,normal_standard,0,validation
dev_0002094,normal,,normal_standard,0,validation
dev_0002095,normal,,normal_standard,0,train
dev_0002096,normal,,normal_standard,0,train
dev_0002097,normal,,normal_standard,0,train
dev_0002098,normal,,normal_standard,0,train
dev_0002099,normal,,normal_standard,0,validation
dev_0002100,normal,,normal_standard,0,train
dev_0002101,normal,,normal_standard,0,train
dev_0002102,normal,,normal_standard,0,train
dev_0002103,normal,,normal_standard,0,train
dev_0002104,normal,,normal_standard,0,train
dev_0002105,normal,,normal_standard,0,train
dev_0002106,normal,,normal_standard,0,train
dev_0002107,normal,,normal_standard,0,train
dev_0002108,normal,,normal_standard,0,train
dev_0002109,normal,,normal_standard,0,validation
dev_0002110,normal,,normal_standard,0,train
dev_0002111,normal,,normal_standard,0,train
dev_0002112,normal,,normal_standard,0,train
dev_0002113,normal,,normal_standard,0,train
dev_0002114,normal,,normal_standard,0,train
dev_0002115,normal,,normal_standard,0,validation
dev_0002116,normal,,normal_standard,0,train
dev_0002117,normal,,normal_standard,0,train
dev_0002118,normal,,normal_standard,0,train
dev_0002119,normal,,normal_standard,0,train
dev_0002120,normal,,normal_standard,0,train
dev_0002121,normal,,normal_standard,0,train
dev_0002122,normal,,normal_standard,0,train
dev_0002123,normal,,normal_standard,0,train
dev_0002124,normal,,normal_standard,0,train
dev_0002125,normal,,normal_standard,0,train
dev_0002126,normal,,normal_standard,0,train
dev_0002127,normal,,normal_standard,0,train
dev_0002128,normal,,normal_standard,0,train
dev_0002129,normal,,normal_standard,0,train
dev_0002130,normal,,normal_standard,0,train
dev_0002131,normal,,normal_standard,0,train
dev_0002132,normal,,normal_standard,0,train
dev_0002133,normal,,normal_standard,0,train
dev_0002134,normal,,normal_standard,0,train
dev_0002135,normal,,normal_standard,0,train
dev_0002136,normal,,normal_standard,0,train
dev_0002137,normal,,normal_standard,0,train
dev_0002138,normal,,normal_standard,0,train
dev_0002139,normal,,normal_standard,0,train
dev_0002140,normal,,normal_standard,0,validation
dev_0002141,normal,,normal_standard,0,train
dev_0002142,normal,,normal_standard,0,train
dev_0002143,normal,,normal_standard,0,train
dev_0002144,normal,,normal_standard,0,train
dev_0002145,normal,,normal_standard,0,validation
dev_0002146,normal,,normal_standard,0,validation
dev_0002147,normal,,normal_standard,0,validation
dev_0002148,normal,,normal_standard,0,validation
dev_0002149,normal,,normal_standard,0,train
dev_0002150,normal,,normal_standard,0,train
dev_0002151,normal,,normal_standard,0,train
dev_0002152,normal,,normal_standard,0,train
dev_0002153,normal,,normal_standard,0,train
dev_0002154,normal,,normal_standard,0,train
dev_0002155,normal,,normal_standard,0,train
dev_0002156,normal,,normal_standard,0,train
dev_0002157,normal,,normal_standard,0,train
dev_0002158,normal,,normal_standard,0,validation
dev_0002159,normal,,normal_standard,0,train
dev_0002160,normal,,normal_standard,0,train
dev_0002161,normal,,normal_standard,0,train
dev_0002162,normal,,normal_standard,0,train
dev_0002163,normal,,normal_standard,0,train
dev_0002164,normal,,normal_standard,0,train
dev_0002165,normal,,normal_standard,0,train
dev_0002166,normal,,normal_standard,0,train
dev_0002167,normal,,normal_standard,0,validation
dev_0002168,normal,,normal_standard,0,train
dev_0002169,normal,,normal_standard,0,train
dev_0002170,normal,,normal_standard,0,train
dev_0002171,normal,,normal_standard,0,train
dev_0002172,normal,,normal_standard,0,train
dev_0002173,normal,,normal_standard,0,train
dev_0002174,normal,,normal_standard,0,train
dev_0002175,normal,,normal_standard,0,train
dev_0002176,normal,,normal_standard,0,train
dev_0002177,normal,,normal_standard,0,train
dev_0002178,normal,,normal_standard,0,train
dev_0002179,normal,,normal_standard,0,validation
dev_0002180,normal,,normal_standard,0,train
dev_0002181,normal,,normal_standard,0,train
dev_0002182,normal,,normal_standard,0,train
dev_0002183,normal,,normal_standard,0,train
dev_0002184,normal,,normal_standard,0,train
dev_0002185,normal,,normal_standard,0,train
dev_0002186,normal,,normal_standard,0,train
dev_0002187,normal,,normal_standard,0,train
dev_0002188,normal,,normal_standard,0,train
dev_0002189,normal,,normal_standard,0,train
dev_0002190,normal,,normal_standard,0,train
dev_0002191,normal,,normal_standard,0,train
dev_0002192,normal,,normal_standard,0,train
dev_0002193,normal,,normal_standard,0,train
dev_0002194,normal,,normal_standard,0,train
dev_0002195,normal,,normal_standard,0,validation
dev_0002196,normal,,normal_standard,0,validation
dev_0002197,normal,,normal_standard,0,train
dev_0002198,normal,,normal_standard,0,train
dev_0002199,normal,,normal_standard,0,validation
dev_0002200,normal,,normal_standard,0,train
dev_0002201,normal,,normal_standard,0,train
dev_0002202,normal,,normal_standard,0,train
dev_0002203,normal,,normal_standard,0,train
dev_0002204,normal,,normal_standard,0,train
dev_0002205,normal,,normal_standard,0,train
dev_0002206,normal,,normal_standard,0,train
dev_0002207,normal,,normal_standard,0,train
dev_0002208,normal,,normal_standard,0,train
dev_0002209,normal,,normal_standard,0,train
dev_0002210,normal,,normal_standard,0,train
dev_0002211,normal,,normal_standard,0,validation
dev_0002212,normal,,normal_standard,0,train
dev_0002213,normal,,normal_standard,0,train
dev_0002214,normal,,normal_standard,0,train
dev_0002215,normal,,normal_standard,0,train
dev_0002216,normal,,normal_standard,0,validation
dev_0002217,normal,,normal_standard,0,train
dev_0002218,normal,,normal_standard,0,train
dev_0002219,normal,,normal_standard,0,train
dev_0002220,normal,,normal_standard,0,train
dev_0002221,normal,,normal_standard,0,train
dev_0002222,normal,,normal_standard,0,validation
dev_0002223,normal,,normal_standard,0,train
dev_0002224,normal,,normal_standard,0,train
dev_0002225,normal,,normal_standard,0,train
dev_0002226,normal,,normal_standard,0,validation
dev_0002227,normal,,normal_standard,0,train
dev_0002228,normal,,normal_standard,0,validation
dev_0002229,normal,,normal_standard,0,validation
dev_0002230,normal,,normal_standard,0,train
dev_0002231,normal,,normal_standard,0,train
dev_0002232,normal,,normal_standard,0,train
dev_0002233,normal,,normal_standard,0,train
dev_0002234,normal,,normal_standard,0,train
dev_0002235,normal,,normal_standard,0,validation
dev_0002236,normal,,normal_standard,0,train
dev_0002237,normal,,normal_standard,0,validation
dev_0002238,normal,,normal_standard,0,train
dev_0002239,normal,,normal_standard,0,validation
dev_0002240,normal,,normal_standard,0,train
dev_0002241,normal,,normal_standard,0,train
dev_0002242,normal,,normal_standard,0,train
dev_0002243,normal,,normal_standard,0,train
dev_0002244,normal,,normal_standard,0,train
dev_0002245,normal,,normal_standard,0,train
dev_0002246,normal,,normal_standard,0,train
dev_0002247,normal,,normal_standard,0,validation
dev_0002248,normal,,normal_standard,0,validation
dev_0002249,normal,,normal_standard,0,train
dev_0002250,normal,,normal_standard,0,validation
dev_0002251,normal,,normal_standard,0,train
dev_0002252,normal,,normal_standard,0,validation
dev_0002253,normal,,normal_standard,0,validation
dev_0002254,normal,,normal_standard,0,train
dev_0002255,normal,,normal_standard,0,train
dev_0002256,normal,,normal_standard,0,validation
dev_0002257,normal,,normal_standard,0,train
dev_0002258,normal,,normal_standard,0,train
dev_0002259,normal,,normal_standard,0,validation
dev_0002260,normal,,normal_standard,0,train
dev_0002261,normal,,normal_standard,0,train
dev_0002262,normal,,normal_standard,0,train
dev_0002263,normal,,normal_standard,0,train
dev_0002264,normal,,normal_standard,0,train
dev_0002265,normal,,normal_standard,0,train
dev_0002266,normal,,normal_standard,0,train
dev_0002267,normal,,normal_standard,0,train
dev_0002268,normal,,normal_standard,0,validation
dev_0002269,normal,,normal_standard,0,validation
dev_0002270,normal,,normal_standard,0,train
dev_0002271,normal,,normal_standard,0,train
dev_0002272,normal,,normal_standard,0,train
dev_0002273,normal,,normal_standard,0,train
dev_0002274,normal,,normal_standard,0,train
dev_0002275,normal,,normal_standard,0,train
dev_0002276,normal,,normal_standard,0,validation
dev_0002277,normal,,normal_standard,0,train
dev_0002278,normal,,normal_standard,0,train
dev_0002279,normal,,normal_standard,0,train
dev_0002280,normal,,normal_standard,0,train
dev_0002281,normal,,normal_standard,0,train
dev_0002282,normal,,normal_standard,0,validation
dev_0002283,normal,,normal_standard,0,train
dev_0002284,normal,,normal_standard,0,train
dev_0002285,normal,,normal_standard,0,train
dev_0002286,normal,,normal_standard,0,train
dev_0002287,normal,,normal_standard,0,train
dev_0002288,normal,,normal_standard,0,train
dev_0002289,normal,,normal_standard,0,train
dev_0002290,normal,,normal_standard,0,train
dev_0002291,normal,,normal_standard,0,train
dev_0002292,normal,,normal_standard,0,validation
dev_0002293,normal,,normal_standard,0,train
dev_0002294,normal,,normal_standard,0,train
dev_0002295,normal,,normal_standard,0,train
dev_0002296,normal,,normal_standard,0,train
dev_0002297,normal,,normal_standard,0,train
dev_0002298,normal,,normal_standard,0,train
dev_0002299,normal,,normal_standard,0,train
dev_0002300,normal,,normal_standard,0,train
dev_0002301,normal,,normal_standard,0,train
dev_0002302,normal,,normal_standard,0,train
dev_0002303,normal,,normal_standard,0,train
dev_0002304,normal,,normal_standard,0,train
dev_0002305,normal,,normal_standard,0,train
dev_0002306,normal,,normal_standard,0,train
dev_0002307,normal,,normal_standard,0,train
dev_0002308,normal,,normal_standard,0,train
dev_0002309,normal,,normal_standard,0,train
dev_0002310,normal,,normal_standard,0,train
dev_0002311,normal,,normal_standard,0,train
dev_0002312,normal,,normal_standard,0,train
dev_0002313,normal,,normal_standard,0,train
dev_0002314,normal,,normal_standard,0,train
dev_0002315,normal,,normal_standard,0,validation
dev_0002316,normal,,normal_standard,0,train
dev_0002317,normal,,normal_standard,0,validation
dev_0002318,normal,,normal_standard,0,train
dev_0002319,normal,,normal_standard,0,train
dev_0002320,normal,,normal_standard,0,train
dev_0002321,normal,,normal_standard,0,train
dev_0002322,normal,,normal_standard,0,train
dev_0002323,normal,,normal_standard,0,train
dev_0002324,normal,,normal_standard,0,train
dev_0002325,normal,,normal_standard,0,train
dev_0002326,normal,,normal_standard,0,train
dev_0002327,normal,,normal_standard,0,train
dev_0002328,normal,,normal_standard,0,train
dev_0002329,normal,,normal_standard,0,train
dev_0002330,normal,,normal_standard,0,train
dev_0002331,normal,,normal_standard,0,train
dev_0002332,normal,,normal_standard,0,train
dev_0002333,normal,,normal_standard,0,train
dev_0002334,normal,,normal_standard,0,train
dev_0002335,normal,,normal_standard,0,train
dev_0002336,normal,,normal_standard,0,train
dev_0002337,normal,,normal_standard,0,train
dev_0002338,normal,,normal_standard,0,train
dev_0002339,normal,,normal_standard,0,validation
dev_0002340,normal,,normal_standard,0,train
dev_0002341,normal,,normal_standard,0,train
dev_0002342,normal,,normal_standard,0,validation
dev_0002343,normal,,normal_standard,0,train
dev_0002344,normal,,normal_standard,0,train
dev_0002345,normal,,normal_standard,0,train
dev_0002346,normal,,normal_standard,0,train
dev_0002347,normal,,normal_standard,0,validation
dev_0002348,normal,,normal_standard,0,train
dev_0002349,normal,,normal_standard,0,train
dev_0002350,normal,,normal_standard,0,train
dev_0002351,normal,,normal_standard,0,validation
dev_0002352,normal,,normal_standard,0,train
dev_0002353,normal,,normal_standard,0,validation
dev_0002354,normal,,normal_standard,0,train
dev_0002355,normal,,normal_standard,0,validation
dev_0002356,normal,,normal_standard,0,train
dev_0002357,normal,,normal_standard,0,train
dev_0002358,normal,,normal_standard,0,train
dev_0002359,normal,,normal_standard,0,train
dev_0002360,normal,,normal_standard,0,validation
dev_0002361,normal,,normal_standard,0,train
dev_0002362,normal,,normal_standard,0,train
dev_0002363,normal,,normal_standard,0,validation
dev_0002364,normal,,normal_standard,0,train
dev_0002365,normal,,normal_standard,0,train
dev_0002366,normal,,normal_standard,0,train
dev_0002367,normal,,normal_standard,0,train
dev_0002368,normal,,normal_standard,0,train
dev_0002369,normal,,normal_standard,0,train
dev_0002370,normal,,normal_standard,0,train
dev_0002371,normal,,normal_standard,0,validation
dev_0002372,normal,,normal_standard,0,train
dev_0002373,normal,,normal_standard,0,train
dev_0002374,normal,,normal_standard,0,train
dev_0002375,normal,,normal_standard,0,train
dev_0002376,normal,,normal_standard,0,train
dev_0002377,normal,,normal_standard,0,train
dev_0002378,normal,,normal_standard,0,train
dev_0002379,normal,,normal_standard,0,validation
dev_0002380,normal,,normal_standard,0,validation
dev_0002381,normal,,normal_standard,0,train
dev_0002382,normal,,normal_standard,0,train
dev_0002383,normal,,normal_standard,0,train
dev_0002384,normal,,normal_standard,0,validation
dev_0002385,normal,,normal_standard,0,train
dev_0002386,normal,,normal_standard,0,validation
dev_0002387,normal,,normal_standard,0,train
dev_0002388,normal,,normal_standard,0,train
dev_0002389,normal,,normal_standard,0,train
dev_0002390,normal,,normal_standard,0,train
dev_0002391,normal,,normal_standard,0,train
dev_0002392,normal,,normal_standard,0,train
dev_0002393,normal,,normal_standard,0,train
dev_0002394,normal,,normal_standard,0,train
dev_0002395,normal,,normal_standard,0,train
dev_0002396,normal,,normal_standard,0,train
dev_0002397,normal,,normal_standard,0,train
dev_0002398,normal,,normal_standard,0,train
dev_0002399,normal,,normal_standard,0,train
dev_0002400,normal,,normal_standard,0,validation
dev_0002401,normal,,normal_standard,0,validation
dev_0002402,normal,,normal_standard,0,validation
dev_0002403,normal,,normal_standard,0,train
dev_0002404,normal,,normal_standard,0,train
dev_0002405,normal,,normal_standard,0,train
dev_0002406,normal,,normal_standard,0,validation
dev_0002407,normal,,normal_standard,0,validation
dev_0002408,normal,,normal_standard,0,validation
dev_0002409,normal,,normal_standard,0,validation
dev_0002410,normal,,normal_standard,0,validation
dev_0002411,normal,,normal_standard,0,train
dev_0002412,normal,,normal_standard,0,validation
dev_0002413,normal,,normal_standard,0,train
dev_0002414,normal,,normal_standard,0,validation
dev_0002415,normal,,normal_standard,0,validation
dev_0002416,normal,,normal_standard,0,train
dev_0002417,normal,,normal_standard,0,train
dev_0002418,normal,,normal_standard,0,validation
dev_0002419,normal,,normal_standard,0,train
dev_0002420,normal,,normal_standard,0,train
dev_0002421,normal,,normal_standard,0,validation
dev_0002422,normal,,normal_standard,0,validation
dev_0002423,normal,,normal_standard,0,train
dev_0002424,normal,,normal_standard,0,validation
dev_0002425,normal,,normal_standard,0,validation
dev_0002426,normal,,normal_standard,0,train
dev_0002427,normal,,normal_standard,0,train
dev_0002428,normal,,normal_standard,0,train
dev_0002429,normal,,normal_standard,0,train
dev_0002430,normal,,normal_standard,0,train
dev_0002431,normal,,normal_standard,0,train
dev_0002432,normal,,normal_standard,0,train
dev_0002433,normal,,normal_standard,0,train
dev_0002434,normal,,normal_standard,0,train
dev_0002435,normal,,normal_standard,0,train
dev_0002436,normal,,normal_standard,0,train
dev_0002437,normal,,normal_standard,0,train
dev_0002438,normal,,normal_standard,0,train
dev_0002439,normal,,normal_standard,0,train
dev_0002440,normal,,normal_standard,0,train
dev_0002441,normal,,normal_standard,0,train
dev_0002442,normal,,normal_standard,0,train
dev_0002443,normal,,normal_standard,0,train
dev_0002444,normal,,normal_standard,0,validation
dev_0002445,normal,,normal_standard,0,train
dev_0002446,normal,,normal_standard,0,train
dev_0002447,normal,,normal_standard,0,validation
dev_0002448,normal,,normal_standard,0,validation
dev_0002449,normal,,normal_standard,0,train
dev_0002450,normal,,normal_standard,0,validation
dev_0002451,normal,,normal_standard,0,train
dev_0002452,normal,,normal_standard,0,train
dev_0002453,normal,,normal_standard,0,validation
dev_0002454,normal,,normal_standard,0,train
dev_0002455,normal,,normal_standard,0,train
dev_0002456,normal,,normal_standard,0,train
dev_0002457,normal,,normal_standard,0,train
dev_0002458,normal,,normal_standard,0,train
dev_0002459,normal,,normal_standard,0,train
dev_0002460,normal,,normal_standard,0,train
dev_0002461,normal,,normal_standard,0,train
dev_0002462,normal,,normal_standard,0,train
dev_0002463,normal,,normal_standard,0,train
dev_0002464,normal,,normal_standard,0,train
dev_0002465,normal,,normal_standard,0,train
dev_0002466,normal,,normal_standard,0,train
dev_0002467,normal,,normal_standard,0,train
dev_0002468,normal,,normal_standard,0,validation
dev_0002469,normal,,normal_standard,0,train
dev_0002470,normal,,normal_standard,0,train
dev_0002471,normal,,normal_standard,0,train
dev_0002472,normal,,normal_standard,0,train
dev_0002473,normal,,normal_standard,0,validation
dev_0002474,normal,,normal_standard,0,validation
dev_0002475,normal,,normal_standard,0,validation
dev_0002476,normal,,normal_standard,0,validation
dev_0002477,normal,,normal_standard,0,train
dev_0002478,normal,,normal_standard,0,train
dev_0002479,normal,,normal_standard,0,validation
dev_0002480,normal,,normal_standard,0,train
dev_0002481,normal,,normal_standard,0,train
dev_0002482,normal,,normal_standard,0,validation
dev_0002483,normal,,normal_standard,0,train
dev_0002484,normal,,normal_standard,0,train
dev_0002485,normal,,normal_standard,0,train
dev_0002486,normal,,normal_standard,0,validation
dev_0002487,normal,,normal_standard,0,train
dev_0002488,normal,,normal_standard,0,train
dev_0002489,normal,,normal_standard,0,train
dev_0002490,normal,,normal_standard,0,train
dev_0002491,normal,,normal_standard,0,validation
dev_0002492,normal,,normal_standard,0,train
dev_0002493,normal,,normal_standard,0,train
dev_0002494,normal,,normal_standard,0,train
dev_0002495,normal,,normal_standard,0,train
dev_0002496,normal,,normal_standard,0,train
dev_0002497,normal,,normal_standard,0,train
dev_0002498,normal,,normal_standard,0,train
dev_0002499,normal,,normal_standard,0,validation
dev_0002500,normal,,normal_standard,0,train
dev_0002501,normal,,normal_standard,0,train
dev_0002502,normal,,normal_standard,0,train
dev_0002503,normal,,normal_standard,0,validation
dev_0002504,normal,,normal_standard,0,train
dev_0002505,normal,,normal_standard,0,train
dev_0002506,normal,,normal_standard,0,train
dev_0002507,normal,,normal_standard,0,validation
dev_0002508,normal,,normal_standard,0,train
dev_0002509,normal,,normal_standard,0,train
dev_0002510,normal,,normal_standard,0,train
dev_0002511,normal,,normal_standard,0,train
dev_0002512,normal,,normal_standard,0,train
dev_0002513,normal,,normal_standard,0,validation
dev_0002514,normal,,normal_standard,0,train
dev_0002515,normal,,normal_standard,0,train
dev_0002516,normal,,normal_standard,0,train
dev_0002517,normal,,normal_standard,0,train
dev_0002518,normal,,normal_standard,0,validation
dev_0002519,normal,,normal_standard,0,train
dev_0002520,normal,,normal_standard,0,train
dev_0002521,normal,,normal_standard,0,validation
dev_0002522,normal,,normal_standard,0,train
dev_0002523,normal,,normal_standard,0,train
dev_0002524,normal,,normal_standard,0,train
dev_0002525,normal,,normal_standard,0,train
dev_0002526,normal,,normal_standard,0,train
dev_0002527,normal,,normal_standard,0,train
dev_0002528,normal,,normal_standard,0,train
dev_0002529,normal,,normal_standard,0,validation
dev_0002530,normal,,normal_standard,0,train
dev_0002531,normal,,normal_standard,0,validation
dev_0002532,normal,,normal_standard,0,train
dev_0002533,normal,,normal_standard,0,train
dev_0002534,normal,,normal_standard,0,train
dev_0002535,normal,,normal_standard,0,train
dev_0002536,normal,,normal_standard,0,train
dev_0002537,normal,,normal_standard,0,validation
dev_0002538,normal,,normal_standard,0,train
dev_0002539,normal,,normal_standard,0,validation
dev_0002540,normal,,normal_standard,0,train
dev_0002541,normal,,normal_standard,0,train
dev_0002542,normal,,normal_standard,0,train
dev_0002543,normal,,normal_standard,0,train
dev_0002544,normal,,normal_standard,0,validation
dev_0002545,normal,,normal_standard,0,train
dev_0002546,normal,,normal_standard,0,train
dev_0002547,normal,,normal_standard,0,train
dev_0002548,normal,,normal_standard,0,validation
dev_0002549,normal,,normal_standard,0,train
dev_0002550,normal,,normal_standard,0,train
dev_0002551,normal,,normal_standard,0,train
dev_0002552,normal,,normal_standard,0,train
dev_0002553,normal,,normal_standard,0,train
dev_0002554,normal,,normal_standard,0,train
dev_0002555,normal,,normal_standard,0,train
dev_0002556,normal,,normal_standard,0,train
dev_0002557,normal,,normal_standard,0,train
dev_0002558,normal,,normal_standard,0,train
dev_0002559,normal,,normal_standard,0,train
dev_0002560,normal,,normal_standard,0,train
dev_0002561,normal,,normal_standard,0,train
dev_0002562,normal,,normal_standard,0,validation
dev_0002563,normal,,normal_standard,0,validation
dev_0002564,normal,,normal_standard,0,train
dev_0002565,normal,,normal_standard,0,validation
dev_0002566,normal,,normal_standard,0,validation
dev_0002567,normal,,normal_standard,0,train
dev_0002568,normal,,normal_standard,0,train
dev_0002569,normal,,normal_standard,0,train
dev_0002570,normal,,normal_standard,0,validation
dev_0002571,normal,,normal_standard,0,train
dev_0002572,normal,,normal_standard,0,train
dev_0002573,normal,,normal_standard,0,validation
dev_0002574,normal,,normal_standard,0,train
dev_0002575,normal,,normal_standard,0,train
dev_0002576,normal,,normal_standard,0,train
dev_0002577,normal,,normal_standard,0,train
dev_0002578,normal,,normal_standard,0,train
dev_0002579,normal,,normal_standard,0,validation
dev_0002580,normal,,normal_standard,0,validation
dev_0002581,normal,,normal_standard,0,train
dev_0002582,normal,,normal_standard,0,train
dev_0002583,normal,,normal_standard,0,train
dev_0002584,normal,,normal_standard,0,validation
dev_0002585,normal,,normal_standard,0,validation
dev_0002586,normal,,normal_standard,0,train
dev_0002587,normal,,normal_standard,0,train
dev_0002588,normal,,normal_standard,0,train
dev_0002589,normal,,normal_standard,0,train
dev_0002590,normal,,normal_standard,0,validation
dev_0002591,normal,,normal_standard,0,train
dev_0002592,normal,,normal_standard,0,train
dev_0002593,normal,,normal_standard,0,train
dev_0002594,normal,,normal_standard,0,train
dev_0002595,normal,,normal_standard,0,train
dev_0002596,normal,,normal_standard,0,validation
dev_0002597,normal,,normal_standard,0,validation
dev_0002598,normal,,normal_standard,0,train
dev_0002599,normal,,normal_standard,0,validation
dev_0002600,normal,,normal_standard,0,train
dev_0002601,normal,,normal_standard,0,train
dev_0002602,normal,,normal_standard,0,train
dev_0002603,normal,,normal_standard,0,train
dev_0002604,normal,,normal_standard,0,train
dev_0002605,normal,,normal_standard,0,train
dev_0002606,normal,,normal_standard,0,train
dev_0002607,normal,,normal_standard,0,train
dev_0002608,normal,,normal_standard,0,train
dev_0002609,normal,,normal_standard,0,train
dev_0002610,normal,,normal_standard,0,train
dev_0002611,normal,,normal_standard,0,train
dev_0002612,normal,,normal_standard,0,train
dev_0002613,normal,,normal_standard,0,train
dev_0002614,normal,,normal_standard,0,train
dev_0002615,normal,,normal_standard,0,train
dev_0002616,normal,,normal_standard,0,validation
dev_0002617,normal,,normal_standard,0,train
dev_0002618,normal,,normal_standard,0,validation
dev_0002619,normal,,normal_standard,0,train
dev_0002620,normal,,normal_standard,0,train
dev_0002621,normal,,normal_standard,0,train
dev_0002622,normal,,normal_standard,0,train
dev_0002623,normal,,normal_standard,0,validation
dev_0002624,normal,,normal_standard,0,train
dev_0002625,normal,,normal_standard,0,validation
dev_0002626,normal,,normal_standard,0,train
dev_0002627,normal,,normal_standard,0,train
dev_0002628,normal,,normal_standard,0,train
dev_0002629,normal,,normal_standard,0,train
dev_0002630,normal,,normal_standard,0,validation
dev_0002631,normal,,normal_standard,0,train
dev_0002632,normal,,normal_standard,0,train
dev_0002633,normal,,normal_standard,0,train
dev_0002634,normal,,normal_standard,0,train
dev_0002635,normal,,normal_standard,0,train
dev_0002636,normal,,normal_standard,0,train
dev_0002637,normal,,normal_standard,0,train
dev_0002638,normal,,normal_standard,0,train
dev_0002639,normal,,normal_standard,0,validation
dev_0002640,normal,,normal_standard,0,train
dev_0002641,normal,,normal_standard,0,train
dev_0002642,normal,,normal_standard,0,train
dev_0002643,normal,,normal_standard,0,train
dev_0002644,normal,,normal_standard,0,train
dev_0002645,normal,,normal_standard,0,train
dev_0002646,normal,,normal_standard,0,validation
dev_0002647,normal,,normal_standard,0,validation
dev_0002648,normal,,normal_standard,0,validation
dev_0002649,normal,,normal_standard,0,train
dev_0002650,normal,,normal_standard,0,train
dev_0002651,normal,,normal_standard,0,train
dev_0002652,normal,,normal_standard,0,train
dev_0002653,normal,,normal_standard,0,train
dev_0002654,normal,,normal_standard,0,train
dev_0002655,normal,,normal_standard,0,train
dev_0002656,normal,,normal_standard,0,validation
dev_0002657,normal,,normal_standard,0,train
dev_0002658,normal,,normal_standard,0,train
dev_0002659,normal,,normal_standard,0,train
dev_0002660,normal,,normal_standard,0,train
dev_0002661,normal,,normal_standard,0,train
dev_0002662,normal,,normal_standard,0,train
dev_0002663,normal,,normal_standard,0,train
dev_0002664,normal,,normal_standard,0,train
dev_0002665,normal,,normal_standard,0,validation
dev_0002666,normal,,normal_standard,0,train
dev_0002667,normal,,normal_standard,0,train
dev_0002668,normal,,normal_standard,0,train
dev_0002669,normal,,normal_standard,0,train
dev_0002670,normal,,normal_standard,0,train
dev_0002671,normal,,normal_standard,0,train
dev_0002672,normal,,normal_standard,0,train
dev_0002673,normal,,normal_standard,0,train
dev_0002674,normal,,normal_standard,0,train
dev_0002675,normal,,normal_standard,0,train
dev_0002676,normal,,normal_standard,0,train
dev_0002677,normal,,normal_standard,0,train
dev_0002678,normal,,normal_standard,0,train
dev_0002679,normal,,normal_standard,0,train
dev_0002680,normal,,normal_standard,0,train
dev_0002681,normal,,normal_standard,0,train
dev_0002682,normal,,normal_standard,0,validation
dev_0002683,normal,,normal_standard,0,train
dev_0002684,normal,,normal_standard,0,validation
dev_0002685,normal,,normal_standard,0,train
dev_0002686,normal,,normal_standard,0,train
dev_0002687,normal,,normal_standard,0,train
dev_0002688,normal,,normal_standard,0,train
dev_0002689,normal,,normal_standard,0,train
dev_0002690,normal,,normal_standard,0,train
dev_0002691,normal,,normal_standard,0,train
dev_0002692,normal,,normal_standard,0,validation
dev_0002693,normal,,normal_standard,0,train
dev_0002694,normal,,normal_standard,0,train
dev_0002695,normal,,normal_standard,0,validation
dev_0002696,normal,,normal_standard,0,validation
dev_0002697,normal,,normal_standard,0,train
dev_0002698,normal,,normal_standard,0,train
dev_0002699,normal,,normal_standard,0,train
dev_0002700,normal,,normal_standard,0,train
dev_0002701,normal,,normal_standard,0,train
dev_0002702,normal,,normal_standard,0,train
dev_0002703,normal,,normal_standard,0,train
dev_0002704,normal,,normal_standard,0,validation
dev_0002705,normal,,normal_standard,0,train
dev_0002706,normal,,normal_standard,0,train
dev_0002707,normal,,normal_standard,0,validation
dev_0002708,normal,,normal_standard,0,validation
dev_0002709,normal,,normal_standard,0,train
dev_0002710,normal,,normal_standard,0,train
dev_0002711,normal,,normal_standard,0,train
dev_0002712,normal,,normal_standard,0,train
dev_0002713,normal,,normal_standard,0,train
dev_0002714,normal,,normal_standard,0,train
dev_0002715,normal,,normal_standard,0,validation
dev_0002716,normal,,normal_standard,0,validation
dev_0002717,normal,,normal_standard,0,validation
dev_0002718,normal,,normal_standard,0,train
dev_0002719,normal,,normal_standard,0,train
dev_0002720,normal,,normal_standard,0,validation
dev_0002721,normal,,normal_standard,0,validation
dev_0002722,normal,,normal_standard,0,train
dev_0002723,normal,,normal_standard,0,train
dev_0002724,normal,,normal_standard,0,validation
dev_0002725,normal,,normal_standard,0,train
dev_0002726,normal,,normal_standard,0,train
dev_0002727,normal,,normal_standard,0,train
dev_0002728,normal,,normal_standard,0,train
dev_0002729,normal,,normal_standard,0,train
dev_0002730,normal,,normal_standard,0,train
dev_0002731,normal,,normal_standard,0,train
dev_0002732,normal,,normal_standard,0,train
dev_0002733,normal,,normal_standard,0,train
dev_0002734,normal,,normal_standard,0,train
dev_0002735,normal,,normal_standard,0,validation
dev_0002736,normal,,normal_standard,0,train
dev_0002737,normal,,normal_standard,0,train
dev_0002738,normal,,normal_standard,0,train
dev_0002739,normal,,normal_standard,0,train
dev_0002740,normal,,normal_standard,0,train
dev_0002741,normal,,normal_standard,0,train
dev_0002742,normal,,normal_standard,0,train
dev_0002743,normal,,normal_standard,0,train
dev_0002744,normal,,normal_standard,0,train
dev_0002745,normal,,normal_standard,0,validation
dev_0002746,normal,,normal_standard,0,train
dev_0002747,normal,,normal_standard,0,validation
dev_0002748,normal,,normal_standard,0,train
dev_0002749,normal,,normal_standard,0,train
dev_0002750,normal,,normal_standard,0,validation
dev_0002751,normal,,normal_standard,0,train
dev_0002752,normal,,normal_standard,0,train
dev_0002753,normal,,normal_standard,0,train
dev_0002754,normal,,normal_standard,0,train
dev_0002755,normal,,normal_standard,0,train
dev_0002756,normal,,normal_standard,0,train
dev_0002757,normal,,normal_standard,0,validation
dev_0002758,normal,,normal_standard,0,validation
dev_0002759,normal,,normal_standard,0,train
dev_0002760,normal,,normal_standard,0,train
dev_0002761,normal,,normal_standard,0,validation
dev_0002762,normal,,normal_standard,0,validation
dev_0002763,normal,,normal_standard,0,train
dev_0002764,normal,,normal_standard,0,train
dev_0002765,normal,,normal_standard,0,validation
dev_0002766,normal,,normal_standard,0,validation
dev_0002767,normal,,normal_standard,0,train
dev_0002768,normal,,normal_standard,0,train
dev_0002769,normal,,normal_standard,0,train
dev_0002770,normal,,normal_standard,0,train
dev_0002771,normal,,normal_standard,0,validation
dev_0002772,normal,,normal_standard,0,train
dev_0002773,normal,,normal_standard,0,train
dev_0002774,normal,,normal_standard,0,train
dev_0002775,normal,,normal_standard,0,train
dev_0002776,normal,,normal_standard,0,train
dev_0002777,normal,,normal_standard,0,train
dev_0002778,normal,,normal_standard,0,train
dev_0002779,normal,,normal_standard,0,train
dev_0002780,normal,,normal_standard,0,train
dev_0002781,normal,,normal_standard,0,train
dev_0002782,normal,,normal_standard,0,validation
dev_0002783,normal,,normal_standard,0,train
dev_0002784,normal,,normal_standard,0,validation
dev_0002785,normal,,normal_standard,0,train
dev_0002786,normal,,normal_standard,0,train
dev_0002787,normal,,normal_standard,0,train
dev_0002788,normal,,normal_standard,0,train
dev_0002789,normal,,normal_standard,0,validation
dev_0002790,normal,,normal_standard,0,train
dev_0002791,normal,,normal_standard,0,train
dev_0002792,normal,,normal_standard,0,validation
dev_0002793,normal,,normal_standard,0,train
dev_0002794,normal,,normal_standard,0,train
dev_0002795,normal,,normal_standard,0,validation
dev_0002796,normal,,normal_standard,0,train
dev_0002797,normal,,normal_standard,0,train
dev_0002798,normal,,normal_standard,0,train
dev_0002799,normal,,normal_standard,0,train
dev_0002800,normal,,normal_standard,0,train
dev_0002801,normal,,normal_standard,0,train
dev_0002802,normal,,normal_standard,0,validation
dev_0002803,normal,,normal_standard,0,train
dev_0002804,normal,,normal_standard,0,train
dev_0002805,normal,,normal_standard,0,validation
dev_0002806,normal,,normal_standard,0,train
dev_0002807,normal,,normal_standard,0,train
dev_0002808,normal,,normal_standard,0,train
dev_0002809,normal,,normal_standard,0,train
dev_0002810,normal,,normal_standard,0,train
dev_0002811,normal,,normal_standard,0,train
dev_0002812,normal,,normal_standard,0,validation
dev_0002813,normal,,normal_standard,0,train
dev_0002814,normal,,normal_standard,0,train
dev_0002815,normal,,normal_standard,0,validation
dev_0002816,normal,,normal_standard,0,train
dev_0002817,normal,,normal_standard,0,train
dev_0002818,normal,,normal_standard,0,validation
dev_0002819,normal,,normal_standard,0,validation
dev_0002820,normal,,normal_standard,0,validation
dev_0002821,normal,,normal_standard,0,train
dev_0002822,normal,,normal_standard,0,train
dev_0002823,normal,,normal_standard,0,train
dev_0002824,normal,,normal_standard,0,train
dev_0002825,normal,,normal_standard,0,train
dev_0002826,normal,,normal_standard,0,validation
dev_0002827,normal,,normal_standard,0,train
dev_0002828,normal,,normal_standard,0,train
dev_0002829,normal,,normal_standard,0,train
dev_0002830,normal,,normal_standard,0,train
dev_0002831,normal,,normal_standard,0,train
dev_0002832,normal,,normal_standard,0,train
dev_0002833,normal,,normal_standard,0,validation
dev_0002834,normal,,normal_standard,0,train
dev_0002835,normal,,normal_standard,0,train
dev_0002836,normal,,normal_standard,0,train
dev_0002837,normal,,normal_standard,0,train
dev_0002838,normal,,normal_standard,0,train
dev_0002839,normal,,normal_standard,0,train
dev_0002840,normal,,normal_standard,0,train
dev_0002841,normal,,normal_standard,0,train
dev_0002842,normal,,normal_standard,0,train
dev_0002843,normal,,normal_standard,0,train
dev_0002844,normal,,normal_standard,0,validation
dev_0002845,normal,,normal_standard,0,train
dev_0002846,normal,,normal_standard,0,train
dev_0002847,normal,,normal_standard,0,train
dev_0002848,normal,,normal_standard,0,train
dev_0002849,normal,,normal_standard,0,train
dev_0002850,normal,,normal_standard,0,train
dev_0002851,normal,,normal_standard,0,train
dev_0002852,normal,,normal_standard,0,train
dev_0002853,normal,,normal_standard,0,train
dev_0002854,normal,,normal_standard,0,train
dev_0002855,normal,,normal_standard,0,train
dev_0002856,normal,,normal_standard,0,train
dev_0002857,normal,,normal_standard,0,validation
dev_0002858,normal,,normal_standard,0,train
dev_0002859,normal,,normal_standard,0,train
dev_0002860,normal,,normal_standard,0,train
dev_0002861,normal,,normal_standard,0,train
dev_0002862,normal,,normal_standard,0,validation
dev_0002863,normal,,normal_standard,0,train
dev_0002864,normal,,normal_standard,0,train
dev_0002865,normal,,normal_standard,0,train
dev_0002866,normal,,normal_standard,0,train
dev_0002867,normal,,normal_standard,0,validation
dev_0002868,normal,,normal_standard,0,train
dev_0002869,normal,,normal_standard,0,train
dev_0002870,normal,,normal_standard,0,validation
dev_0002871,normal,,normal_standard,0,train
dev_0002872,normal,,normal_standard,0,train
dev_0002873,normal,,normal_standard,0,validation
dev_0002874,normal,,normal_standard,0,train
dev_0002875,normal,,normal_standard,0,validation
dev_0002876,normal,,normal_standard,0,train
dev_0002877,normal,,normal_standard,0,validation
dev_0002878,normal,,normal_standard,0,train
dev_0002879,normal,,normal_standard,0,train
dev_0002880,normal,,normal_standard,0,train
dev_0002881,normal,,normal_standard,0,train
dev_0002882,normal,,normal_standard,0,train
dev_0002883,normal,,normal_standard,0,train
dev_0002884,normal,,normal_standard,0,validation
dev_0002885,normal,,normal_standard,0,train
dev_0002886,normal,,normal_standard,0,train
dev_0002887,normal,,normal_standard,0,validation
dev_0002888,normal,,normal_standard,0,train
dev_0002889,normal,,normal_standard,0,validation
dev_0002890,normal,,normal_standard,0,train
dev_0002891,normal,,normal_standard,0,train
dev_0002892,normal,,normal_standard,0,train
dev_0002893,normal,,normal_standard,0,train
dev_0002894,normal,,normal_standard,0,validation
dev_0002895,normal,,normal_standard,0,train
dev_0002896,normal,,normal_standard,0,train
dev_0002897,normal,,normal_standard,0,validation
dev_0002898,normal,,normal_standard,0,validation
dev_0002899,normal,,normal_standard,0,train
dev_0002900,normal,,normal_standard,0,train
dev_0002901,normal,,normal_standard,0,train
dev_0002902,normal,,normal_standard,0,train
dev_0002903,normal,,normal_standard,0,train
dev_0002904,normal,,normal_standard,0,train
dev_0002905,normal,,normal_standard,0,train
dev_0002906,normal,,normal_standard,0,train
dev_0002907,normal,,normal_standard,0,train
dev_0002908,normal,,normal_standard,0,train
dev_0002909,normal,,normal_standard,0,train
dev_0002910,normal,,normal_standard,0,validation
dev_0002911,normal,,normal_standard,0,train
dev_0002912,normal,,normal_standard,0,train
dev_0002913,normal,,normal_standard,0,train
dev_0002914,normal,,normal_standard,0,validation
dev_0002915,normal,,normal_standard,0,train
dev_0002916,normal,,normal_standard,0,validation
dev_0002917,normal,,normal_standard,0,train
dev_0002918,normal,,normal_standard,0,validation
dev_0002919,normal,,normal_standard,0,train
dev_0002920,normal,,normal_standard,0,train
dev_0002921,normal,,normal_standard,0,train
dev_0002922,normal,,normal_standard,0,train
dev_0002923,normal,,normal_standard,0,train
dev_0002924,normal,,normal_standard,0,train
dev_0002925,normal,,normal_standard,0,train
dev_0002926,normal,,normal_standard,0,validation
dev_0002927,normal,,normal_standard,0,train
dev_0002928,normal,,normal_standard,0,train
dev_0002929,normal,,normal_standard,0,train
dev_0002930,normal,,normal_standard,0,train
dev_0002931,normal,,normal_standard,0,train
dev_0002932,normal,,normal_standard,0,validation
dev_0002933,normal,,normal_standard,0,train
dev_0002934,normal,,normal_standard,0,train
dev_0002935,normal,,normal_standard,0,validation
dev_0002936,normal,,normal_standard,0,validation
dev_0002937,normal,,normal_standard,0,train
dev_0002938,normal,,normal_standard,0,train
dev_0002939,normal,,normal_standard,0,train
dev_0002940,normal,,normal_standard,0,train
dev_0002941,normal,,normal_standard,0,train
dev_0002942,normal,,normal_standard,0,train
dev_0002943,normal,,normal_standard,0,train
dev_0002944,normal,,normal_standard,0,train
dev_0002945,normal,,normal_standard,0,train
dev_0002946,normal,,normal_standard,0,train
dev_0002947,normal,,normal_standard,0,validation
dev_0002948,normal,,normal_standard,0,train
dev_0002949,normal,,normal_standard,0,train
dev_0002950,normal,,normal_standard,0,validation
dev_0002951,normal,,normal_standard,0,train
dev_0002952,normal,,normal_standard,0,train
dev_0002953,normal,,normal_standard,0,train
dev_0002954,normal,,normal_standard,0,validation
dev_0002955,normal,,normal_standard,0,train
dev_0002956,normal,,normal_standard,0,validation
dev_0002957,normal,,normal_standard,0,validation
dev_0002958,normal,,normal_standard,0,train
dev_0002959,normal,,normal_standard,0,train
dev_0002960,normal,,normal_standard,0,train
dev_0002961,normal,,normal_standard,0,train
dev_0002962,normal,,normal_standard,0,train
dev_0002963,normal,,normal_standard,0,train
dev_0002964,normal,,normal_standard,0,train
dev_0002965,normal,,normal_standard,0,train
dev_0002966,normal,,normal_standard,0,validation
dev_0002967,normal,,normal_standard,0,train
dev_0002968,normal,,normal_standard,0,train
dev_0002969,normal,,normal_standard,0,train
dev_0002970,normal,,normal_standard,0,train
dev_0002971,normal,,normal_standard,0,train
dev_0002972,normal,,normal_standard,0,train
dev_0002973,normal,,normal_standard,0,train
dev_0002974,normal,,normal_standard,0,train
dev_0002975,normal,,normal_standard,0,train
dev_0002976,normal,,normal_standard,0,train
dev_0002977,normal,,normal_standard,0,train
dev_0002978,normal,,normal_standard,0,validation
dev_0002979,normal,,normal_standard,0,train
dev_0002980,normal,,normal_standard,0,validation
dev_0002981,normal,,normal_standard,0,train
dev_0002982,normal,,normal_standard,0,train
dev_0002983,normal,,normal_standard,0,train
dev_0002984,normal,,normal_standard,0,train
dev_0002985,normal,,normal_standard,0,train
dev_0002986,normal,,normal_standard,0,validation
dev_0002987,normal,,normal_standard,0,train
dev_0002988,normal,,normal_standard,0,train
dev_0002989,normal,,normal_standard,0,validation
dev_0002990,normal,,normal_standard,0,validation
dev_0002991,normal,,normal_standard,0,validation
dev_0002992,normal,,normal_standard,0,train
dev_0002993,normal,,normal_standard,0,train
dev_0002994,normal,,normal_standard,0,train
dev_0002995,normal,,normal_standard,0,validation
dev_0002996,normal,,normal_standard,0,train
dev_0002997,normal,,normal_standard,0,train
dev_0002998,normal,,normal_standard,0,train
dev_0002999,normal,,normal_standard,0,train
dev_0003000,normal,,normal_standard,0,train
dev_0003001,normal,,normal_standard,0,validation
dev_0003002,normal,,normal_standard,0,train
dev_0003003,normal,,normal_standard,0,train
dev_0003004,normal,,normal_standard,0,train
dev_0003005,normal,,normal_standard,0,train
dev_0003006,normal,,normal_standard,0,train
dev_0003007,normal,,normal_standard,0,train
dev_0003008,normal,,normal_standard,0,train
dev_0003009,normal,,normal_standard,0,train
dev_0003010,normal,,normal_standard,0,train
dev_0003011,normal,,normal_standard,0,train
dev_0003012,normal,,normal_standard,0,train
dev_0003013,normal,,normal_standard,0,train
dev_0003014,normal,,normal_standard,0,train
dev_0003015,normal,,normal_standard,0,train
dev_0003016,normal,,normal_standard,0,train
dev_0003017,normal,,normal_standard,0,train
dev_0003018,normal,,normal_standard,0,train
dev_0003019,normal,,normal_standard,0,train
dev_0003020,normal,,normal_standard,0,train
dev_0003021,normal,,normal_standard,0,train
dev_0003022,normal,,normal_standard,0,validation
dev_0003023,normal,,normal_standard,0,validation
dev_0003024,normal,,normal_standard,0,train
dev_0003025,normal,,normal_standard,0,train
dev_0003026,normal,,normal_standard,0,train
dev_0003027,normal,,normal_standard,0,train
dev_0003028,normal,,normal_standard,0,train
dev_0003029,normal,,normal_standard,0,validation
dev_0003030,normal,,normal_standard,0,train
dev_0003031,normal,,normal_standard,0,train
dev_0003032,normal,,normal_standard,0,train
dev_0003033,normal,,normal_standard,0,train
dev_0003034,normal,,normal_standard,0,train
dev_0003035,normal,,normal_standard,0,train
dev_0003036,normal,,normal_standard,0,train
dev_0003037,normal,,normal_standard,0,train
dev_0003038,normal,,normal_standard,0,train
dev_0003039,normal,,normal_standard,0,train
dev_0003040,normal,,normal_standard,0,train
dev_0003041,normal,,normal_standard,0,validation
dev_0003042,normal,,normal_standard,0,train
dev_0003043,normal,,normal_standard,0,train
dev_0003044,normal,,normal_standard,0,train
dev_0003045,normal,,normal_standard,0,train
dev_0003046,normal,,normal_standard,0,train
dev_0003047,normal,,normal_standard,0,train
dev_0003048,normal,,normal_standard,0,train
dev_0003049,normal,,normal_standard,0,train
dev_0003050,normal,,normal_standard,0,train
dev_0003051,normal,,normal_standard,0,train
dev_0003052,normal,,normal_standard,0,train
dev_0003053,normal,,normal_standard,0,train
dev_0003054,normal,,normal_standard,0,train
dev_0003055,normal,,normal_standard,0,train
dev_0003056,normal,,normal_standard,0,validation
dev_0003057,normal,,normal_standard,0,train
dev_0003058,normal,,normal_standard,0,train
dev_0003059,normal,,normal_standard,0,validation
dev_0003060,normal,,normal_standard,0,train
dev_0003061,normal,,normal_standard,0,train
dev_0003062,normal,,normal_standard,0,validation
dev_0003063,normal,,normal_standard,0,train
dev_0003064,normal,,normal_standard,0,train
dev_0003065,normal,,normal_standard,0,train
dev_0003066,normal,,normal_standard,0,validation
dev_0003067,normal,,normal_standard,0,train
dev_0003068,normal,,normal_standard,0,train
dev_0003069,normal,,normal_standard,0,train
dev_0003070,normal,,normal_standard,0,train
dev_0003071,normal,,normal_standard,0,train
dev_0003072,normal,,normal_standard,0,train
dev_0003073,normal,,normal_standard,0,train
dev_0003074,normal,,normal_standard,0,train
dev_0003075,normal,,normal_standard,0,validation
dev_0003076,normal,,normal_standard,0,train
dev_0003077,normal,,normal_standard,0,train
dev_0003078,normal,,normal_standard,0,train
dev_0003079,normal,,normal_standard,0,train
dev_0003080,normal,,normal_standard,0,train
dev_0003081,normal,,normal_standard,0,train
dev_0003082,normal,,normal_standard,0,train
dev_0003083,normal,,normal_standard,0,validation
dev_0003084,normal,,normal_standard,0,train
dev_0003085,normal,,normal_standard,0,train
dev_0003086,normal,,normal_standard,0,validation
dev_0003087,normal,,normal_standard,0,train
dev_0003088,normal,,normal_standard,0,train
dev_0003089,normal,,normal_standard,0,train
dev_0003090,normal,,normal_standard,0,train
dev_0003091,normal,,normal_standard,0,train
dev_0003092,normal,,normal_standard,0,train
dev_0003093,normal,,normal_standard,0,train
dev_0003094,normal,,normal_standard,0,train
dev_0003095,normal,,normal_standard,0,train
dev_0003096,normal,,normal_standard,0,train
dev_0003097,normal,,normal_standard,0,validation
dev_0003098,normal,,normal_standard,0,validation
dev_0003099,normal,,normal_standard,0,train
dev_0003100,normal,,normal_standard,0,train
dev_0003101,normal,,normal_standard,0,train
dev_0003102,normal,,normal_standard,0,train
dev_0003103,normal,,normal_standard,0,train
dev_0003104,normal,,normal_standard,0,train
dev_0003105,normal,,normal_standard,0,train
dev_0003106,normal,,normal_standard,0,train
dev_0003107,normal,,normal_standard,0,train
dev_0003108,normal,,normal_standard,0,train
dev_0003109,normal,,normal_standard,0,validation
dev_0003110,normal,,normal_standard,0,train
dev_0003111,normal,,normal_standard,0,train
dev_0003112,normal,,normal_standard,0,validation
dev_0003113,normal,,normal_standard,0,train
dev_0003114,normal,,normal_standard,0,validation
dev_0003115,normal,,normal_standard,0,train
dev_0003116,normal,,normal_standard,0,train
dev_0003117,normal,,normal_standard,0,train
dev_0003118,normal,,normal_standard,0,train
dev_0003119,normal,,normal_standard,0,train
dev_0003120,normal,,normal_standard,0,train
dev_0003121,normal,,normal_standard,0,train
dev_0003122,normal,,normal_standard,0,train
dev_0003123,normal,,normal_standard,0,train
dev_0003124,normal,,normal_standard,0,train
dev_0003125,normal,,normal_standard,0,train
dev_0003126,normal,,normal_standard,0,validation
dev_0003127,normal,,normal_standard,0,validation
dev_0003128,normal,,normal_standard,0,train
dev_0003129,normal,,normal_standard,0,train
dev_0003130,normal,,normal_standard,0,train
dev_0003131,normal,,normal_standard,0,train
dev_0003132,normal,,normal_standard,0,train
dev_0003133,normal,,normal_standard,0,train
dev_0003134,normal,,normal_standard,0,train
dev_0003135,normal,,normal_standard,0,train
dev_0003136,normal,,normal_standard,0,train
dev_0003137,normal,,normal_standard,0,train
dev_0003138,normal,,normal_standard,0,validation
dev_0003139,normal,,normal_standard,0,train
dev_0003140,normal,,normal_standard,0,train
dev_0003141,normal,,normal_standard,0,train
dev_0003142,normal,,normal_standard,0,train
dev_0003143,normal,,normal_standard,0,train
dev_0003144,normal,,normal_standard,0,validation
dev_0003145,normal,,normal_standard,0,train
dev_0003146,normal,,normal_standard,0,train
dev_0003147,normal,,normal_standard,0,train
dev_0003148,normal,,normal_standard,0,validation
dev_0003149,normal,,normal_standard,0,train
dev_0003150,normal,,normal_standard,0,train
dev_0003151,normal,,normal_standard,0,train
dev_0003152,normal,,normal_standard,0,train
dev_0003153,normal,,normal_standard,0,validation
dev_0003154,normal,,normal_standard,0,train
dev_0003155,normal,,normal_standard,0,validation
dev_0003156,normal,,normal_standard,0,train
dev_0003157,normal,,normal_standard,0,train
dev_0003158,normal,,normal_standard,0,validation
dev_0003159,normal,,normal_standard,0,train
dev_0003160,normal,,normal_standard,0,train
dev_0003161,normal,,normal_standard,0,train
dev_0003162,normal,,normal_standard,0,train
dev_0003163,normal,,normal_standard,0,validation
dev_0003164,normal,,normal_standard,0,train
dev_0003165,normal,,normal_standard,0,train
dev_0003166,normal,,normal_standard,0,train
dev_0003167,normal,,normal_standard,0,train
dev_0003168,normal,,normal_standard,0,train
dev_0003169,normal,,normal_standard,0,train
dev_0003170,normal,,normal_standard,0,validation
dev_0003171,normal,,normal_standard,0,train
dev_0003172,normal,,normal_standard,0,train
dev_0003173,normal,,normal_standard,0,train
dev_0003174,normal,,normal_standard,0,train
dev_0003175,normal,,normal_standard,0,train
dev_0003176,normal,,normal_standard,0,train
dev_0003177,normal,,normal_standard,0,train
dev_0003178,normal,,normal_standard,0,train
dev_0003179,normal,,normal_standard,0,train
dev_0003180,normal,,normal_standard,0,train
dev_0003181,normal,,normal_standard,0,train
dev_0003182,normal,,normal_standard,0,train
dev_0003183,normal,,normal_standard,0,train
dev_0003184,normal,,normal_standard,0,train
dev_0003185,normal,,normal_standard,0,train
dev_0003186,normal,,normal_standard,0,train
dev_0003187,normal,,normal_standard,0,train
dev_0003188,normal,,normal_standard,0,train
dev_0003189,normal,,normal_standard,0,train
dev_0003190,normal,,normal_standard,0,validation
dev_0003191,normal,,normal_standard,0,train
dev_0003192,normal,,normal_standard,0,train
dev_0003193,normal,,normal_standard,0,train
dev_0003194,normal,,normal_standard,0,train
dev_0003195,normal,,normal_standard,0,validation
dev_0003196,normal,,normal_standard,0,train
dev_0003197,normal,,normal_standard,0,train
dev_0003198,normal,,normal_standard,0,validation
dev_0003199,normal,,normal_standard,0,train
dev_0003200,normal,,normal_standard,0,train
dev_0003201,normal,,normal_standard,0,train
dev_0003202,normal,,normal_standard,0,train
dev_0003203,normal,,normal_standard,0,train
dev_0003204,normal,,normal_standard,0,train
dev_0003205,normal,,normal_standard,0,train
dev_0003206,normal,,normal_standard,0,train
dev_0003207,normal,,normal_standard,0,validation
dev_0003208,normal,,normal_standard,0,train
dev_0003209,normal,,normal_standard,0,train
dev_0003210,normal,,normal_standard,0,train
dev_0003211,normal,,normal_standard,0,validation
dev_0003212,normal,,normal_standard,0,train
dev_0003213,normal,,normal_standard,0,train
dev_0003214,normal,,normal_standard,0,validation
dev_0003215,normal,,normal_standard,0,train
dev_0003216,normal,,normal_standard,0,validation
dev_0003217,normal,,normal_standard,0,validation
dev_0003218,normal,,normal_standard,0,train
dev_0003219,normal,,normal_standard,0,train
dev_0003220,normal,,normal_standard,0,train
dev_0003221,normal,,normal_standard,0,validation
dev_0003222,normal,,normal_standard,0,train
dev_0003223,normal,,normal_standard,0,train
dev_0003224,normal,,normal_standard,0,validation
dev_0003225,normal,,normal_standard,0,train
dev_0003226,normal,,normal_standard,0,train
dev_0003227,normal,,normal_standard,0,train
dev_0003228,normal,,normal_standard,0,train
dev_0003229,normal,,normal_standard,0,validation
dev_0003230,normal,,normal_standard,0,train
dev_0003231,normal,,normal_standard,0,train
dev_0003232,normal,,normal_standard,0,train
dev_0003233,normal,,normal_standard,0,train
dev_0003234,normal,,normal_standard,0,train
dev_0003235,normal,,normal_standard,0,train
dev_0003236,normal,,normal_standard,0,train
dev_0003237,normal,,normal_standard,0,train
dev_0003238,normal,,normal_standard,0,validation
dev_0003239,normal,,normal_standard,0,train
dev_0003240,normal,,normal_standard,0,train
dev_0003241,normal,,normal_standard,0,train
dev_0003242,normal,,normal_standard,0,train
dev_0003243,normal,,normal_standard,0,train
dev_0003244,normal,,normal_standard,0,train
dev_0003245,normal,,normal_standard,0,train
dev_0003246,normal,,normal_standard,0,train
dev_0003247,normal,,normal_standard,0,train
dev_0003248,normal,,normal_standard,0,train
dev_0003249,normal,,normal_standard,0,train
dev_0003250,normal,,normal_standard,0,train
dev_0003251,normal,,normal_standard,0,train
dev_0003252,normal,,normal_standard,0,train
dev_0003253,normal,,normal_standard,0,train
dev_0003254,normal,,normal_standard,0,train
dev_0003255,normal,,normal_standard,0,train
dev_0003256,normal,,normal_standard,0,train
dev_0003257,normal,,normal_standard,0,validation
dev_0003258,normal,,normal_standard,0,validation
dev_0003259,normal,,normal_standard,0,train
dev_0003260,normal,,normal_standard,0,train
dev_0003261,normal,,normal_standard,0,train
dev_0003262,normal,,normal_standard,0,train
dev_0003263,normal,,normal_standard,0,train
dev_0003264,normal,,normal_standard,0,validation
dev_0003265,normal,,normal_standard,0,validation
dev_0003266,normal,,normal_standard,0,train
dev_0003267,normal,,normal_standard,0,train
dev_0003268,normal,,normal_standard,0,validation
dev_0003269,normal,,normal_standard,0,train
dev_0003270,normal,,normal_standard,0,validation
dev_0003271,normal,,normal_standard,0,train
dev_0003272,normal,,normal_standard,0,validation
dev_0003273,normal,,normal_standard,0,train
dev_0003274,normal,,normal_standard,0,train
dev_0003275,normal,,normal_standard,0,train
dev_0003276,normal,,normal_standard,0,validation
dev_0003277,normal,,normal_standard,0,train
dev_0003278,normal,,normal_standard,0,train
dev_0003279,normal,,normal_standard,0,validation
dev_0003280,normal,,normal_standard,0,validation
dev_0003281,normal,,normal_standard,0,train
dev_0003282,normal,,normal_standard,0,train
dev_0003283,normal,,normal_standard,0,train
dev_0003284,normal,,normal_standard,0,train
dev_0003285,normal,,normal_standard,0,train
dev_0003286,normal,,normal_standard,0,train
dev_0003287,normal,,normal_standard,0,train
dev_0003288,normal,,normal_standard,0,train
dev_0003289,normal,,normal_standard,0,train
dev_0003290,normal,,normal_standard,0,train
dev_0003291,normal,,normal_standard,0,validation
dev_0003292,normal,,normal_standard,0,validation
dev_0003293,normal,,normal_standard,0,train
dev_0003294,normal,,normal_standard,0,train
dev_0003295,normal,,normal_standard,0,train
dev_0003296,normal,,normal_standard,0,validation
dev_0003297,normal,,normal_standard,0,validation
dev_0003298,normal,,normal_standard,0,train
dev_0003299,normal,,normal_standard,0,train
dev_0003300,normal,,normal_standard,0,train
dev_0003301,normal,,normal_standard,0,train
dev_0003302,normal,,normal_standard,0,train
dev_0003303,normal,,normal_standard,0,train
dev_0003304,normal,,normal_standard,0,validation
dev_0003305,normal,,normal_standard,0,train
dev_0003306,normal,,normal_standard,0,train
dev_0003307,normal,,normal_standard,0,validation
dev_0003308,normal,,normal_standard,0,train
dev_0003309,normal,,normal_standard,0,train
dev_0003310,normal,,normal_standard,0,train
dev_0003311,normal,,normal_standard,0,train
dev_0003312,normal,,normal_standard,0,train
dev_0003313,normal,,normal_standard,0,validation
dev_0003314,normal,,normal_standard,0,train
dev_0003315,normal,,normal_standard,0,validation
dev_0003316,normal,,normal_standard,0,validation
dev_0003317,normal,,normal_standard,0,validation
dev_0003318,normal,,normal_standard,0,train
dev_0003319,normal,,normal_standard,0,train
dev_0003320,normal,,normal_standard,0,validation
dev_0003321,normal,,normal_standard,0,train
dev_0003322,normal,,normal_standard,0,train
dev_0003323,normal,,normal_standard,0,train
dev_0003324,normal,,normal_standard,0,validation
dev_0003325,normal,,normal_standard,0,train
dev_0003326,normal,,normal_standard,0,train
dev_0003327,normal,,normal_standard,0,train
dev_0003328,normal,,normal_standard,0,train
dev_0003329,normal,,normal_standard,0,train
dev_0003330,normal,,normal_standard,0,train
dev_0003331,normal,,normal_standard,0,validation
dev_0003332,normal,,normal_standard,0,train
dev_0003333,normal,,normal_standard,0,train
dev_0003334,normal,,normal_standard,0,validation
dev_0003335,normal,,normal_standard,0,train
dev_0003336,normal,,normal_standard,0,train
dev_0003337,normal,,normal_standard,0,train
dev_0003338,normal,,normal_standard,0,train
dev_0003339,normal,,normal_standard,0,train
dev_0003340,normal,,normal_standard,0,train
dev_0003341,normal,,normal_standard,0,train
dev_0003342,normal,,normal_standard,0,train
dev_0003343,normal,,normal_standard,0,validation
dev_0003344,normal,,normal_standard,0,train
dev_0003345,normal,,normal_standard,0,train
dev_0003346,normal,,normal_standard,0,train
dev_0003347,normal,,normal_standard,0,train
dev_0003348,normal,,normal_standard,0,train
dev_0003349,normal,,normal_standard,0,train
dev_0003350,normal,,normal_standard,0,validation
dev_0003351,normal,,normal_standard,0,train
dev_0003352,normal,,normal_standard,0,train
dev_0003353,normal,,normal_standard,0,train
dev_0003354,normal,,normal_standard,0,train
dev_0003355,normal,,normal_standard,0,validation
dev_0003356,normal,,normal_standard,0,validation
dev_0003357,normal,,normal_standard,0,train
dev_0003358,normal,,normal_standard,0,train
dev_0003359,normal,,normal_standard,0,train
dev_0003360,normal,,normal_standard,0,train
dev_0003361,normal,,normal_standard,0,train
dev_0003362,normal,,normal_standard,0,train
dev_0003363,normal,,normal_standard,0,train
dev_0003364,normal,,normal_standard,0,validation
dev_0003365,normal,,normal_standard,0,train
dev_0003366,normal,,normal_standard,0,train
dev_0003367,normal,,normal_standard,0,train
dev_0003368,normal,,normal_standard,0,validation
dev_0003369,normal,,normal_standard,0,train
dev_0003370,normal,,normal_standard,0,train
dev_0003371,normal,,normal_standard,0,train
dev_0003372,normal,,normal_standard,0,validation
dev_0003373,normal,,normal_standard,0,train
dev_0003374,normal,,normal_standard,0,train
dev_0003375,normal,,normal_standard,0,validation
dev_0003376,normal,,normal_standard,0,train
dev_0003377,normal,,normal_standard,0,train
dev_0003378,normal,,normal_standard,0,train
dev_0003379,normal,,normal_standard,0,train
dev_0003380,normal,,normal_standard,0,train
dev_0003381,normal,,normal_standard,0,train
dev_0003382,normal,,normal_standard,0,train
dev_0003383,normal,,normal_standard,0,train
dev_0003384,normal,,normal_standard,0,train
dev_0003385,normal,,normal_standard,0,validation
dev_0003386,normal,,normal_standard,0,train
dev_0003387,normal,,normal_standard,0,train
dev_0003388,normal,,normal_standard,0,train
dev_0003389,normal,,normal_standard,0,train
dev_0003390,normal,,normal_standard,0,train
dev_0003391,normal,,normal_standard,0,train
dev_0003392,normal,,normal_standard,0,train
dev_0003393,normal,,normal_standard,0,train
dev_0003394,normal,,normal_standard,0,train
dev_0003395,normal,,normal_standard,0,train
dev_0003396,normal,,normal_standard,0,validation
dev_0003397,normal,,normal_standard,0,validation
dev_0003398,normal,,normal_standard,0,train
dev_0003399,normal,,normal_standard,0,train
dev_0003400,normal,,normal_standard,0,validation
dev_0003401,normal,,normal_standard,0,validation
dev_0003402,normal,,normal_standard,0,train
dev_0003403,normal,,normal_standard,0,train
dev_0003404,normal,,normal_standard,0,train
dev_0003405,normal,,normal_standard,0,train
dev_0003406,normal,,normal_standard,0,validation
dev_0003407,normal,,normal_standard,0,train
dev_0003408,normal,,normal_standard,0,train
dev_0003409,normal,,normal_standard,0,train
dev_0003410,normal,,normal_standard,0,train
dev_0003411,normal,,normal_standard,0,train
dev_0003412,normal,,normal_standard,0,train
dev_0003413,normal,,normal_standard,0,train
dev_0003414,normal,,normal_standard,0,train
dev_0003415,normal,,normal_standard,0,train
dev_0003416,normal,,normal_standard,0,validation
dev_0003417,normal,,normal_standard,0,train
dev_0003418,normal,,normal_standard,0,train
dev_0003419,normal,,normal_standard,0,validation
dev_0003420,normal,,normal_standard,0,train
dev_0003421,normal,,normal_standard,0,train
dev_0003422,normal,,normal_standard,0,train
dev_0003423,normal,,normal_standard,0,train
dev_0003424,normal,,normal_standard,0,train
dev_0003425,normal,,normal_standard,0,validation
dev_0003426,normal,,normal_standard,0,train
dev_0003427,normal,,normal_standard,0,train
dev_0003428,normal,,normal_standard,0,train
dev_0003429,normal,,normal_standard,0,train
dev_0003430,normal,,normal_standard,0,train
dev_0003431,normal,,normal_standard,0,train
dev_0003432,normal,,normal_standard,0,validation
dev_0003433,normal,,normal_standard,0,train
dev_0003434,normal,,normal_standard,0,train
dev_0003435,normal,,normal_standard,0,validation
dev_0003436,normal,,normal_standard,0,train
dev_0003437,normal,,normal_standard,0,train
dev_0003438,normal,,normal_standard,0,train
dev_0003439,normal,,normal_standard,0,train
dev_0003440,normal,,normal_standard,0,train
dev_0003441,normal,,normal_standard,0,train
dev_0003442,normal,,normal_standard,0,train
dev_0003443,normal,,normal_standard,0,validation
dev_0003444,normal,,normal_standard,0,train
dev_0003445,normal,,normal_standard,0,validation
dev_0003446,normal,,normal_standard,0,train
dev_0003447,normal,,normal_standard,0,train
dev_0003448,normal,,normal_standard,0,train
dev_0003449,normal,,normal_standard,0,train
dev_0003450,normal,,normal_standard,0,train
dev_0003451,normal,,normal_standard,0,train
dev_0003452,normal,,normal_standard,0,validation
dev_0003453,normal,,normal_standard,0,train
dev_0003454,normal,,normal_standard,0,train
dev_0003455,normal,,normal_standard,0,train
dev_0003456,normal,,normal_standard,0,train
dev_0003457,normal,,normal_standard,0,validation
dev_0003458,normal,,normal_standard,0,train
dev_0003459,normal,,normal_standard,0,train
dev_0003460,normal,,normal_standard,0,train
dev_0003461,normal,,normal_standard,0,train
dev_0003462,normal,,normal_standard,0,validation
dev_0003463,normal,,normal_standard,0,train
dev_0003464,normal,,normal_standard,0,validation
dev_0003465,normal,,normal_standard,0,train
dev_0003466,normal,,normal_standard,0,train
dev_0003467,normal,,normal_standard,0,validation
dev_0003468,normal,,normal_standard,0,train
dev_0003469,normal,,normal_standard,0,train
dev_0003470,normal,,normal_standard,0,validation
dev_0003471,normal,,normal_standard,0,validation
dev_0003472,normal,,normal_standard,0,train
dev_0003473,normal,,normal_standard,0,validation
dev_0003474,normal,,normal_standard,0,train
dev_0003475,normal,,normal_standard,0,train
dev_0003476,normal,,normal_standard,0,train
dev_0003477,normal,,normal_standard,0,train
dev_0003478,normal,,normal_standard,0,train
dev_0003479,normal,,normal_standard,0,train
dev_0003480,normal,,normal_standard,0,validation
dev_0003481,normal,,normal_standard,0,train
dev_0003482,normal,,normal_standard,0,train
dev_0003483,normal,,normal_standard,0,train
dev_0003484,normal,,normal_standard,0,train
dev_0003485,normal,,normal_standard,0,train
dev_0003486,normal,,normal_standard,0,train
dev_0003487,normal,,normal_standard,0,train
dev_0003488,normal,,normal_standard,0,train
dev_0003489,normal,,normal_standard,0,train
dev_0003490,normal,,normal_standard,0,validation
dev_0003491,normal,,normal_standard,0,validation
dev_0003492,normal,,normal_standard,0,validation
dev_0003493,normal,,normal_standard,0,train
dev_0003494,normal,,normal_standard,0,train
dev_0003495,normal,,normal_standard,0,train
dev_0003496,normal,,normal_standard,0,validation
dev_0003497,normal,,normal_standard,0,validation
dev_0003498,normal,,normal_standard,0,train
dev_0003499,normal,,normal_standard,0,train
dev_0003500,normal,,normal_standard,0,train
dev_0003501,normal,,normal_standard,0,train
dev_0003502,normal,,normal_standard,0,train
dev_0003503,normal,,normal_standard,0,train
dev_0003504,normal,,normal_standard,0,train
dev_0003505,normal,,normal_standard,0,train
dev_0003506,normal,,normal_standard,0,train
dev_0003507,normal,,normal_standard,0,train
dev_0003508,normal,,normal_standard,0,validation
dev_0003509,normal,,normal_standard,0,train
dev_0003510,normal,,normal_standard,0,train
dev_0003511,normal,,normal_standard,0,train
dev_0003512,normal,,normal_standard,0,train
dev_0003513,normal,,normal_standard,0,validation
dev_0003514,normal,,normal_standard,0,validation
dev_0003515,normal,,normal_standard,0,validation
dev_0003516,normal,,normal_standard,0,train
dev_0003517,normal,,normal_standard,0,train
dev_0003518,normal,,normal_standard,0,validation
dev_0003519,normal,,normal_standard,0,train
dev_0003520,normal,,normal_standard,0,train
dev_0003521,normal,,normal_standard,0,train
dev_0003522,normal,,normal_standard,0,train
dev_0003523,normal,,normal_standard,0,train
dev_0003524,normal,,normal_standard,0,train
dev_0003525,normal,,normal_standard,0,train
dev_0003526,normal,,normal_standard,0,train
dev_0003527,normal,,normal_standard,0,validation
dev_0003528,normal,,normal_standard,0,train
dev_0003529,normal,,normal_standard,0,train
dev_0003530,normal,,normal_standard,0,train
dev_0003531,normal,,normal_standard,0,train
dev_0003532,normal,,normal_standard,0,train
dev_0003533,normal,,normal_standard,0,train
dev_0003534,normal,,normal_standard,0,train
dev_0003535,normal,,normal_standard,0,train
dev_0003536,normal,,normal_standard,0,train
dev_0003537,normal,,normal_standard,0,train
dev_0003538,normal,,normal_standard,0,train
dev_0003539,normal,,normal_standard,0,validation
dev_0003540,normal,,normal_standard,0,train
dev_0003541,normal,,normal_standard,0,train
dev_0003542,normal,,normal_standard,0,train
dev_0003543,normal,,normal_standard,0,train
dev_0003544,normal,,normal_standard,0,train
dev_0003545,normal,,normal_standard,0,train
dev_0003546,normal,,normal_standard,0,train
dev_0003547,normal,,normal_standard,0,train
dev_0003548,normal,,normal_standard,0,train
dev_0003549,normal,,normal_standard,0,train
dev_0003550,normal,,normal_standard,0,train
dev_0003551,normal,,normal_standard,0,train
dev_0003552,normal,,normal_standard,0,train
dev_0003553,normal,,normal_standard,0,train
dev_0003554,normal,,normal_standard,0,train
dev_0003555,normal,,normal_standard,0,train
dev_0003556,normal,,normal_standard,0,train
dev_0003557,normal,,normal_standard,0,train
dev_0003558,normal,,normal_standard,0,train
dev_0003559,normal,,normal_standard,0,train
dev_0003560,normal,,normal_standard,0,train
dev_0003561,normal,,normal_standard,0,validation
dev_0003562,normal,,normal_standard,0,validation
dev_0003563,normal,,normal_standard,0,train
dev_0003564,normal,,normal_standard,0,validation
dev_0003565,normal,,normal_standard,0,train
dev_0003566,normal,,normal_standard,0,train
dev_0003567,normal,,normal_standard,0,train
dev_0003568,normal,,normal_standard,0,train
dev_0003569,normal,,normal_standard,0,train
dev_0003570,normal,,normal_standard,0,validation
dev_0003571,normal,,normal_standard,0,validation
dev_0003572,normal,,normal_standard,0,train
dev_0003573,normal,,normal_standard,0,validation
dev_0003574,normal,,normal_standard,0,validation
dev_0003575,normal,,normal_standard,0,train
dev_0003576,normal,,normal_standard,0,train
dev_0003577,normal,,normal_standard,0,train
dev_0003578,normal,,normal_standard,0,validation
dev_0003579,normal,,normal_standard,0,train
dev_0003580,normal,,normal_standard,0,train
dev_0003581,normal,,normal_standard,0,train
dev_0003582,normal,,normal_standard,0,validation
dev_0003583,normal,,normal_standard,0,train
dev_0003584,normal,,normal_standard,0,train
dev_0003585,normal,,normal_standard,0,train
dev_0003586,normal,,normal_standard,0,train
dev_0003587,normal,,normal_standard,0,train
dev_0003588,normal,,normal_standard,0,train
dev_0003589,normal,,normal_standard,0,train
dev_0003590,normal,,normal_standard,0,train
dev_0003591,normal,,normal_standard,0,train
dev_0003592,normal,,normal_standard,0,train
dev_0003593,normal,,normal_standard,0,train
dev_0003594,normal,,normal_standard,0,validation
dev_0003595,normal,,normal_standard,0,validation
dev_0003596,normal,,normal_standard,0,train
dev_0003597,normal,,normal_standard,0,train
dev_0003598,normal,,normal_standard,0,train
dev_0003599,normal,,normal_standard,0,train
dev_0003600,normal,,normal_standard,0,train
dev_0003601,normal,,normal_standard,0,train
dev_0003602,normal,,normal_standard,0,train
dev_0003603,normal,,normal_standard,0,train
dev_0003604,normal,,normal_standard,0,train
dev_0003605,normal,,normal_standard,0,train
dev_0003606,normal,,normal_standard,0,train
dev_0003607,normal,,normal_standard,0,train
dev_0003608,normal,,normal_standard,0,train
dev_0003609,normal,,normal_standard,0,validation
dev_0003610,normal,,normal_standard,0,validation
dev_0003611,normal,,normal_standard,0,train
dev_0003612,normal,,normal_standard,0,train
dev_0003613,normal,,normal_standard,0,train
dev_0003614,normal,,normal_standard,0,train
dev_0003615,normal,,normal_standard,0,validation
dev_0003616,normal,,normal_standard,0,train
dev_0003617,normal,,normal_standard,0,train
dev_0003618,normal,,normal_standard,0,validation
dev_0003619,normal,,normal_standard,0,train
dev_0003620,normal,,normal_standard,0,train
dev_0003621,normal,,normal_standard,0,train
dev_0003622,normal,,normal_standard,0,train
dev_0003623,normal,,normal_standard,0,train
dev_0003624,normal,,normal_standard,0,train
dev_0003625,normal,,normal_standard,0,train
dev_0003626,normal,,normal_standard,0,train
dev_0003627,normal,,normal_standard,0,train
dev_0003628,normal,,normal_standard,0,validation
dev_0003629,normal,,normal_standard,0,train
dev_0003630,normal,,normal_standard,0,validation
dev_0003631,normal,,normal_standard,0,train
dev_0003632,normal,,normal_standard,0,train
dev_0003633,normal,,normal_standard,0,train
dev_0003634,normal,,normal_standard,0,validation
dev_0003635,normal,,normal_standard,0,train
dev_0003636,normal,,normal_standard,0,train
dev_0003637,normal,,normal_standard,0,train
dev_0003638,normal,,normal_standard,0,train
dev_0003639,normal,,normal_standard,0,train
dev_0003640,normal,,normal_standard,0,train
dev_0003641,normal,,normal_standard,0,train
dev_0003642,normal,,normal_standard,0,train
dev_0003643,normal,,normal_standard,0,train
dev_0003644,normal,,normal_standard,0,validation
dev_0003645,normal,,normal_standard,0,train
dev_0003646,normal,,normal_standard,0,train
dev_0003647,normal,,normal_standard,0,train
dev_0003648,normal,,normal_standard,0,train
dev_0003649,normal,,normal_standard,0,train
dev_0003650,normal,,normal_standard,0,train
dev_0003651,normal,,normal_standard,0,train
dev_0003652,normal,,normal_standard,0,train
dev_0003653,normal,,normal_standard,0,train
dev_0003654,normal,,normal_standard,0,train
dev_0003655,normal,,normal_standard,0,validation
dev_0003656,normal,,normal_standard,0,train
dev_0003657,normal,,normal_standard,0,train
dev_0003658,normal,,normal_standard,0,validation
dev_0003659,normal,,normal_standard,0,train
dev_0003660,normal,,normal_standard,0,train
dev_0003661,normal,,normal_standard,0,train
dev_0003662,normal,,normal_standard,0,train
dev_0003663,normal,,normal_standard,0,train
dev_0003664,normal,,normal_standard,0,train
dev_0003665,normal,,normal_standard,0,validation
dev_0003666,normal,,normal_standard,0,train
dev_0003667,normal,,normal_standard,0,validation
dev_0003668,normal,,normal_standard,0,train
dev_0003669,normal,,normal_standard,0,train
dev_0003670,normal,,normal_standard,0,train
dev_0003671,normal,,normal_standard,0,train
dev_0003672,normal,,normal_standard,0,train
dev_0003673,normal,,normal_standard,0,train
dev_0003674,normal,,normal_standard,0,train
dev_0003675,normal,,normal_standard,0,train
dev_0003676,normal,,normal_standard,0,validation
dev_0003677,normal,,normal_standard,0,train
dev_0003678,normal,,normal_standard,0,train
dev_0003679,normal,,normal_standard,0,validation
dev_0003680,normal,,normal_standard,0,train
dev_0003681,normal,,normal_standard,0,train
dev_0003682,normal,,normal_standard,0,train
dev_0003683,normal,,normal_standard,0,validation
dev_0003684,normal,,normal_standard,0,train
dev_0003685,normal,,normal_standard,0,train
dev_0003686,normal,,normal_standard,0,validation
dev_0003687,normal,,normal_standard,0,train
dev_0003688,normal,,normal_standard,0,train
dev_0003689,normal,,normal_standard,0,train
dev_0003690,normal,,normal_standard,0,train
dev_0003691,normal,,normal_standard,0,train
dev_0003692,normal,,normal_standard,0,train
dev_0003693,normal,,normal_standard,0,train
dev_0003694,normal,,normal_standard,0,train
dev_0003695,normal,,normal_standard,0,train
dev_0003696,normal,,normal_standard,0,train
dev_0003697,normal,,normal_standard,0,train
dev_0003698,normal,,normal_standard,0,train
dev_0003699,normal,,normal_standard,0,train
dev_0003700,normal,,normal_standard,0,validation
dev_0003701,normal,,normal_standard,0,validation
dev_0003702,normal,,normal_standard,0,train
dev_0003703,normal,,normal_standard,0,validation
dev_0003704,normal,,normal_standard,0,train
dev_0003705,normal,,normal_standard,0,validation
dev_0003706,normal,,normal_standard,0,train
dev_0003707,normal,,normal_standard,0,validation
dev_0003708,normal,,normal_standard,0,train
dev_0003709,normal,,normal_standard,0,train
dev_0003710,normal,,normal_standard,0,train
dev_0003711,normal,,normal_standard,0,train
dev_0003712,normal,,normal_standard,0,train
dev_0003713,normal,,normal_standard,0,train
dev_0003714,normal,,normal_standard,0,train
dev_0003715,normal,,normal_standard,0,train
dev_0003716,normal,,normal_standard,0,validation
dev_0003717,normal,,normal_standard,0,train
dev_0003718,normal,,normal_standard,0,train
dev_0003719,normal,,normal_standard,0,train
dev_0003720,normal,,normal_standard,0,validation
dev_0003721,normal,,normal_standard,0,train
dev_0003722,normal,,normal_standard,0,train
dev_0003723,normal,,normal_standard,0,train
dev_0003724,normal,,normal_standard,0,validation
dev_0003725,normal,,normal_standard,0,validation
dev_0003726,normal,,normal_standard,0,train
dev_0003727,normal,,normal_standard,0,validation
dev_0003728,normal,,normal_standard,0,train
dev_0003729,normal,,normal_standard,0,train
dev_0003730,normal,,normal_standard,0,train
dev_0003731,normal,,normal_standard,0,validation
dev_0003732,normal,,normal_standard,0,train
dev_0003733,normal,,normal_standard,0,train
dev_0003734,normal,,normal_standard,0,train
dev_0003735,normal,,normal_standard,0,validation
dev_0003736,normal,,normal_standard,0,validation
dev_0003737,normal,,normal_standard,0,train
dev_0003738,normal,,normal_standard,0,train
dev_0003739,normal,,normal_standard,0,validation
dev_0003740,normal,,normal_standard,0,train
dev_0003741,normal,,normal_standard,0,train
dev_0003742,normal,,normal_standard,0,train
dev_0003743,normal,,normal_standard,0,train
dev_0003744,normal,,normal_standard,0,train
dev_0003745,normal,,normal_standard,0,train
dev_0003746,normal,,normal_standard,0,train
dev_0003747,normal,,normal_standard,0,validation
dev_0003748,normal,,normal_standard,0,train
dev_0003749,normal,,normal_standard,0,train
dev_0003750,normal,,normal_standard,0,train
dev_0003751,normal,,normal_standard,0,train
dev_0003752,normal,,normal_standard,0,train
dev_0003753,normal,,normal_standard,0,train
dev_0003754,normal,,normal_standard,0,train
dev_0003755,normal,,normal_standard,0,train
dev_0003756,normal,,normal_standard,0,train
dev_0003757,normal,,normal_standard,0,validation
dev_0003758,normal,,normal_standard,0,validation
dev_0003759,normal,,normal_standard,0,validation
dev_0003760,normal,,normal_standard,0,train
dev_0003761,normal,,normal_standard,0,train
dev_0003762,normal,,normal_standard,0,train
dev_0003763,normal,,normal_standard,0,train
dev_0003764,normal,,normal_standard,0,validation
dev_0003765,normal,,normal_standard,0,train
dev_0003766,normal,,normal_standard,0,train
dev_0003767,normal,,normal_standard,0,train
dev_0003768,normal,,normal_standard,0,train
dev_0003769,normal,,normal_standard,0,train
dev_0003770,normal,,normal_standard,0,train
dev_0003771,normal,,normal_standard,0,validation
dev_0003772,normal,,normal_standard,0,train
dev_0003773,normal,,normal_standard,0,train
dev_0003774,normal,,normal_standard,0,validation
dev_0003775,normal,,normal_standard,0,train
dev_0003776,normal,,normal_standard,0,train
dev_0003777,normal,,normal_standard,0,train
dev_0003778,normal,,normal_standard,0,train
dev_0003779,normal,,normal_standard,0,train
dev_0003780,normal,,normal_standard,0,train
dev_0003781,normal,,normal_standard,0,train
dev_0003782,normal,,normal_standard,0,train
dev_0003783,normal,,normal_standard,0,train
dev_0003784,normal,,normal_standard,0,train
dev_0003785,normal,,normal_standard,0,train
dev_0003786,normal,,normal_standard,0,train
dev_0003787,normal,,normal_standard,0,train
dev_0003788,normal,,normal_standard,0,train
dev_0003789,normal,,normal_standard,0,train
dev_0003790,normal,,normal_standard,0,validation
dev_0003791,normal,,normal_standard,0,train
dev_0003792,normal,,normal_standard,0,train
dev_0003793,normal,,normal_standard,0,train
dev_0003794,normal,,normal_standard,0,train
dev_0003795,normal,,normal_standard,0,train
dev_0003796,normal,,normal_standard,0,train
dev_0003797,normal,,normal_standard,0,train
dev_0003798,normal,,normal_standard,0,train
dev_0003799,normal,,normal_standard,0,train
dev_0003800,normal,,normal_standard,0,train
dev_0003801,normal,,normal_standard,0,train
dev_0003802,normal,,normal_standard,0,validation
dev_0003803,normal,,normal_standard,0,train
dev_0003804,normal,,normal_standard,0,train
dev_0003805,normal,,normal_standard,0,train
dev_0003806,normal,,normal_standard,0,train
dev_0003807,normal,,normal_standard,0,train
dev_0003808,normal,,normal_standard,0,train
dev_0003809,normal,,normal_standard,0,validation
dev_0003810,normal,,normal_standard,0,train
dev_0003811,normal,,normal_standard,0,validation
dev_0003812,normal,,normal_standard,0,train
dev_0003813,normal,,normal_standard,0,train
dev_0003814,normal,,normal_standard,0,train
dev_0003815,normal,,normal_standard,0,train
dev_0003816,normal,,normal_standard,0,train
dev_0003817,normal,,normal_standard,0,train
dev_0003818,normal,,normal_standard,0,validation
dev_0003819,normal,,normal_standard,0,train
dev_0003820,normal,,normal_standard,0,train
dev_0003821,normal,,normal_standard,0,train
dev_0003822,normal,,normal_standard,0,train
dev_0003823,normal,,normal_standard,0,train
dev_0003824,normal,,normal_standard,0,train
dev_0003825,normal,,normal_standard,0,train
dev_0003826,normal,,normal_standard,0,validation
dev_0003827,normal,,normal_standard,0,train
dev_0003828,normal,,normal_standard,0,validation
dev_0003829,normal,,normal_standard,0,train
dev_0003830,normal,,normal_standard,0,train
dev_0003831,normal,,normal_standard,0,train
dev_0003832,normal,,normal_standard,0,train
dev_0003833,normal,,normal_standard,0,train
dev_0003834,normal,,normal_standard,0,train
dev_0003835,normal,,normal_standard,0,train
dev_0003836,normal,,normal_standard,0,train
dev_0003837,normal,,normal_standard,0,train
dev_0003838,normal,,normal_standard,0,train
dev_0003839,normal,,normal_standard,0,train
dev_0003840,normal,,normal_standard,0,train
dev_0003841,normal,,normal_standard,0,train
dev_0003842,normal,,normal_standard,0,train
dev_0003843,normal,,normal_standard,0,train
dev_0003844,normal,,normal_standard,0,train
dev_0003845,normal,,normal_standard,0,train
dev_0003846,normal,,normal_standard,0,train
dev_0003847,normal,,normal_standard,0,train
dev_0003848,normal,,normal_standard,0,train
dev_0003849,normal,,normal_standard,0,train
dev_0003850,normal,,normal_standard,0,train
dev_0003851,normal,,normal_standard,0,train
dev_0003852,normal,,normal_standard,0,train
dev_0003853,normal,,normal_standard,0,train
dev_0003854,normal,,normal_standard,0,train
dev_0003855,normal,,normal_standard,0,train
dev_0003856,normal,,normal_standard,0,train
dev_0003857,normal,,normal_standard,0,train
dev_0003858,normal,,normal_standard,0,train
dev_0003859,normal,,normal_standard,0,train
dev_0003860,normal,,normal_standard,0,train
dev_0003861,normal,,normal_standard,0,train
dev_0003862,normal,,normal_standard,0,train
dev_0003863,normal,,normal_standard,0,validation
dev_0003864,normal,,normal_standard,0,validation
dev_0003865,normal,,normal_standard,0,train
dev_0003866,normal,,normal_standard,0,validation
dev_0003867,normal,,normal_standard,0,train
dev_0003868,normal,,normal_standard,0,train
dev_0003869,normal,,normal_standard,0,validation
dev_0003870,normal,,normal_standard,0,train
dev_0003871,normal,,normal_standard,0,train
dev_0003872,normal,,normal_standard,0,train
dev_0003873,normal,,normal_standard,0,train
dev_0003874,normal,,normal_standard,0,train
dev_0003875,normal,,normal_standard,0,train
dev_0003876,normal,,normal_standard,0,train
dev_0003877,normal,,normal_standard,0,train
dev_0003878,normal,,normal_standard,0,train
dev_0003879,normal,,normal_standard,0,train
dev_0003880,normal,,normal_standard,0,train
dev_0003881,normal,,normal_standard,0,validation
dev_0003882,normal,,normal_standard,0,validation
dev_0003883,normal,,normal_standard,0,validation
dev_0003884,normal,,normal_standard,0,train
dev_0003885,normal,,normal_standard,0,train
dev_0003886,normal,,normal_standard,0,train
dev_0003887,normal,,normal_standard,0,validation
dev_0003888,normal,,normal_standard,0,train
dev_0003889,normal,,normal_standard,0,train
dev_0003890,normal,,normal_standard,0,train
dev_0003891,normal,,normal_standard,0,train
dev_0003892,normal,,normal_standard,0,train
dev_0003893,normal,,normal_standard,0,train
dev_0003894,normal,,normal_standard,0,validation
dev_0003895,normal,,normal_standard,0,train
dev_0003896,normal,,normal_standard,0,train
dev_0003897,normal,,normal_standard,0,train
dev_0003898,normal,,normal_standard,0,train
dev_0003899,normal,,normal_standard,0,train
dev_0003900,normal,,normal_standard,0,train
dev_0003901,normal,,normal_standard,0,train
dev_0003902,normal,,normal_standard,0,train
dev_0003903,normal,,normal_standard,0,train
dev_0003904,normal,,normal_standard,0,train
dev_0003905,normal,,normal_standard,0,train
dev_0003906,normal,,normal_standard,0,train
dev_0003907,normal,,normal_standard,0,train
dev_0003908,normal,,normal_standard,0,train
dev_0003909,normal,,normal_standard,0,train
dev_0003910,normal,,normal_standard,0,train
dev_0003911,normal,,normal_standard,0,train
dev_0003912,normal,,normal_standard,0,train
dev_0003913,normal,,normal_standard,0,train
dev_0003914,normal,,normal_standard,0,validation
dev_0003915,normal,,normal_standard,0,train
dev_0003916,normal,,normal_standard,0,train
dev_0003917,normal,,normal_standard,0,train
dev_0003918,normal,,normal_standard,0,train
dev_0003919,normal,,normal_standard,0,train
dev_0003920,normal,,normal_standard,0,train
dev_0003921,normal,,normal_standard,0,train
dev_0003922,normal,,normal_standard,0,train
dev_0003923,normal,,normal_standard,0,validation
dev_0003924,normal,,normal_standard,0,train
dev_0003925,normal,,normal_standard,0,train
dev_0003926,normal,,normal_standard,0,train
dev_0003927,normal,,normal_standard,0,train
dev_0003928,normal,,normal_standard,0,train
dev_0003929,normal,,normal_standard,0,train
dev_0003930,normal,,normal_standard,0,train
dev_0003931,normal,,normal_standard,0,train
dev_0003932,normal,,normal_standard,0,train
dev_0003933,normal,,normal_standard,0,train
dev_0003934,normal,,normal_standard,0,train
dev_0003935,normal,,normal_standard,0,train
dev_0003936,normal,,normal_standard,0,train
dev_0003937,normal,,normal_standard,0,train
dev_0003938,normal,,normal_standard,0,train
dev_0003939,normal,,normal_standard,0,train
dev_0003940,normal,,normal_standard,0,train
dev_0003941,normal,,normal_standard,0,train
dev_0003942,normal,,normal_standard,0,train
dev_0003943,normal,,normal_standard,0,train
dev_0003944,normal,,normal_standard,0,validation
dev_0003945,normal,,normal_standard,0,validation
dev_0003946,normal,,normal_standard,0,train
dev_0003947,normal,,normal_standard,0,train
dev_0003948,normal,,normal_standard,0,validation
dev_0003949,normal,,normal_standard,0,train
dev_0003950,normal,,normal_standard,0,train
dev_0003951,normal,,normal_standard,0,train
dev_0003952,normal,,normal_standard,0,train
dev_0003953,normal,,normal_standard,0,train
dev_0003954,normal,,normal_standard,0,train
dev_0003955,normal,,normal_standard,0,train
dev_0003956,normal,,normal_standard,0,train
dev_0003957,normal,,normal_standard,0,validation
dev_0003958,normal,,normal_standard,0,train
dev_0003959,normal,,normal_standard,0,train
dev_0003960,normal,,normal_standard,0,train
dev_0003961,normal,,normal_standard,0,train
dev_0003962,normal,,normal_standard,0,train
dev_0003963,normal,,normal_standard,0,train
dev_0003964,normal,,normal_standard,0,validation
dev_0003965,normal,,normal_standard,0,train
dev_0003966,normal,,normal_standard,0,train
dev_0003967,normal,,normal_standard,0,validation
dev_0003968,normal,,normal_standard,0,train
dev_0003969,normal,,normal_standard,0,train
dev_0003970,normal,,normal_standard,0,train
dev_0003971,normal,,normal_standard,0,train
dev_0003972,normal,,normal_standard,0,train
dev_0003973,normal,,normal_standard,0,train
dev_0003974,normal,,normal_standard,0,train
dev_0003975,normal,,normal_standard,0,train
dev_0003976,normal,,normal_standard,0,train
dev_0003977,normal,,normal_standard,0,train
dev_0003978,normal,,normal_standard,0,train
dev_0003979,normal,,normal_standard,0,train
dev_0003980,normal,,normal_standard,0,validation
dev_0003981,normal,,normal_standard,0,train
dev_0003982,normal,,normal_standard,0,train
dev_0003983,normal,,normal_standard,0,train
dev_0003984,normal,,normal_standard,0,validation
dev_0003985,normal,,normal_standard,0,validation
dev_0003986,normal,,normal_standard,0,train
dev_0003987,normal,,normal_standard,0,train
dev_0003988,normal,,normal_standard,0,train
dev_0003989,normal,,normal_standard,0,train
dev_0003990,normal,,normal_standard,0,train
dev_0003991,normal,,normal_standard,0,train
dev_0003992,normal,,normal_standard,0,train
dev_0003993,normal,,normal_standard,0,validation
dev_0003994,normal,,normal_standard,0,train
dev_0003995,normal,,normal_standard,0,train
dev_0003996,normal,,normal_standard,0,train
dev_0003997,normal,,normal_standard,0,validation
dev_0003998,normal,,normal_standard,0,train
dev_0003999,normal,,normal_standard,0,train
dev_0004000,normal,,normal_standard,0,train
dev_0004001,normal,,normal_standard,0,validation
dev_0004002,normal,,normal_standard,0,train
dev_0004003,normal,,normal_standard,0,train
dev_0004004,normal,,normal_standard,0,train
dev_0004005,normal,,normal_standard,0,train
dev_0004006,normal,,normal_standard,0,train
dev_0004007,normal,,normal_standard,0,train
dev_0004008,normal,,normal_standard,0,train
dev_0004009,normal,,normal_standard,0,train
dev_0004010,normal,,normal_standard,0,train
dev_0004011,normal,,normal_standard,0,train
dev_0004012,normal,,normal_standard,0,train
dev_0004013,normal,,normal_standard,0,train
dev_0004014,normal,,normal_standard,0,train
dev_0004015,normal,,normal_standard,0,train
dev_0004016,normal,,normal_standard,0,train
dev_0004017,normal,,normal_standard,0,train
dev_0004018,normal,,normal_standard,0,train
dev_0004019,normal,,normal_standard,0,train
dev_0004020,normal,,normal_standard,0,train
dev_0004021,normal,,normal_standard,0,validation
dev_0004022,normal,,normal_standard,0,train
dev_0004023,normal,,normal_standard,0,train
dev_0004024,normal,,normal_standard,0,train
dev_0004025,normal,,normal_standard,0,train
dev_0004026,normal,,normal_standard,0,train
dev_0004027,normal,,normal_standard,0,validation
dev_0004028,normal,,normal_standard,0,validation
dev_0004029,normal,,normal_standard,0,train
dev_0004030,normal,,normal_standard,0,train
dev_0004031,normal,,normal_standard,0,train
dev_0004032,normal,,normal_standard,0,train
dev_0004033,normal,,normal_standard,0,train
dev_0004034,normal,,normal_standard,0,validation
dev_0004035,normal,,normal_standard,0,train
dev_0004036,normal,,normal_standard,0,train
dev_0004037,normal,,normal_standard,0,validation
dev_0004038,normal,,normal_standard,0,train
dev_0004039,normal,,normal_standard,0,train
dev_0004040,normal,,normal_standard,0,train
dev_0004041,normal,,normal_standard,0,validation
dev_0004042,normal,,normal_standard,0,train
dev_0004043,normal,,normal_standard,0,train
dev_0004044,normal,,normal_standard,0,train
dev_0004045,normal,,normal_standard,0,train
dev_0004046,normal,,normal_standard,0,validation
dev_0004047,normal,,normal_standard,0,train
dev_0004048,normal,,normal_standard,0,train
dev_0004049,normal,,normal_standard,0,train
dev_0004050,normal,,normal_standard,0,train
dev_0004051,normal,,normal_standard,0,train
dev_0004052,normal,,normal_standard,0,train
dev_0004053,normal,,normal_standard,0,train
dev_0004054,normal,,normal_standard,0,train
dev_0004055,normal,,normal_standard,0,train
dev_0004056,normal,,normal_standard,0,train
dev_0004057,normal,,normal_standard,0,validation
dev_0004058,normal,,normal_standard,0,train
dev_0004059,normal,,normal_standard,0,train
dev_0004060,normal,,normal_standard,0,train
dev_0004061,normal,,normal_standard,0,train
dev_0004062,normal,,normal_standard,0,train
dev_0004063,normal,,normal_standard,0,train
dev_0004064,normal,,normal_standard,0,train
dev_0004065,normal,,normal_standard,0,train
dev_0004066,normal,,normal_standard,0,train
dev_0004067,normal,,normal_standard,0,train
dev_0004068,normal,,normal_standard,0,train
dev_0004069,normal,,normal_standard,0,train
dev_0004070,normal,,normal_standard,0,train
dev_0004071,normal,,normal_standard,0,train
dev_0004072,normal,,normal_standard,0,train
dev_0004073,normal,,normal_standard,0,train
dev_0004074,normal,,normal_standard,0,train
dev_0004075,normal,,normal_standard,0,train
dev_0004076,normal,,normal_standard,0,train
dev_0004077,normal,,normal_standard,0,train
dev_0004078,normal,,normal_standard,0,validation
dev_0004079,normal,,normal_standard,0,train
dev_0004080,normal,,normal_standard,0,train
dev_0004081,normal,,normal_standard,0,train
dev_0004082,normal,,normal_standard,0,train
dev_0004083,normal,,normal_standard,0,validation
dev_0004084,normal,,normal_standard,0,train
dev_0004085,normal,,normal_standard,0,train
dev_0004086,normal,,normal_standard,0,train
dev_0004087,normal,,normal_standard,0,train
dev_0004088,normal,,normal_standard,0,train
dev_0004089,normal,,normal_standard,0,train
dev_0004090,normal,,normal_standard,0,train
dev_0004091,normal,,normal_standard,0,validation
dev_0004092,normal,,normal_standard,0,train
dev_0004093,normal,,normal_standard,0,train
dev_0004094,normal,,normal_standard,0,train
dev_0004095,normal,,normal_standard,0,train
dev_0004096,normal,,normal_standard,0,train
dev_0004097,normal,,normal_standard,0,train
dev_0004098,normal,,normal_standard,0,train
dev_0004099,normal,,normal_standard,0,train
dev_0004100,normal,,normal_standard,0,train
dev_0004101,normal,,normal_standard,0,train
dev_0004102,normal,,normal_standard,0,train
dev_0004103,normal,,normal_standard,0,validation
dev_0004104,normal,,normal_standard,0,train
dev_0004105,normal,,normal_standard,0,train
dev_0004106,normal,,normal_standard,0,validation
dev_0004107,normal,,normal_standard,0,train
dev_0004108,normal,,normal_standard,0,train
dev_0004109,normal,,normal_standard,0,train
dev_0004110,normal,,normal_standard,0,train
dev_0004111,normal,,normal_standard,0,train
dev_0004112,normal,,normal_standard,0,train
dev_0004113,normal,,normal_standard,0,train
dev_0004114,normal,,normal_standard,0,train
dev_0004115,normal,,normal_standard,0,validation
dev_0004116,normal,,normal_standard,0,train
dev_0004117,normal,,normal_standard,0,train
dev_0004118,normal,,normal_standard,0,train
dev_0004119,normal,,normal_standard,0,train
dev_0004120,normal,,normal_standard,0,train
dev_0004121,normal,,normal_standard,0,validation
dev_0004122,normal,,normal_standard,0,train
dev_0004123,normal,,normal_standard,0,validation
dev_0004124,normal,,normal_standard,0,train
dev_0004125,normal,,normal_standard,0,train
dev_0004126,normal,,normal_standard,0,train
dev_0004127,normal,,normal_standard,0,train
dev_0004128,normal,,normal_standard,0,train
dev_0004129,normal,,normal_standard,0,train
dev_0004130,normal,,normal_standard,0,train
dev_0004131,normal,,normal_standard,0,train
dev_0004132,normal,,normal_standard,0,train
dev_0004133,normal,,normal_standard,0,validation
dev_0004134,normal,,normal_standard,0,train
dev_0004135,normal,,normal_standard,0,train
dev_0004136,normal,,normal_standard,0,train
dev_0004137,normal,,normal_standard,0,train
dev_0004138,normal,,normal_standard,0,train
dev_0004139,normal,,normal_standard,0,validation
dev_0004140,normal,,normal_standard,0,train
dev_0004141,normal,,normal_standard,0,validation
dev_0004142,normal,,normal_standard,0,train
dev_0004143,normal,,normal_standard,0,train
dev_0004144,normal,,normal_standard,0,train
dev_0004145,normal,,normal_standard,0,train
dev_0004146,normal,,normal_standard,0,train
dev_0004147,normal,,normal_standard,0,validation
dev_0004148,normal,,normal_standard,0,train
dev_0004149,normal,,normal_standard,0,train
dev_0004150,normal,,normal_standard,0,validation
dev_0004151,normal,,normal_standard,0,train
dev_0004152,normal,,normal_standard,0,train
dev_0004153,normal,,normal_standard,0,validation
dev_0004154,normal,,normal_standard,0,validation
dev_0004155,normal,,normal_standard,0,train
dev_0004156,normal,,normal_standard,0,train
dev_0004157,normal,,normal_standard,0,validation
dev_0004158,normal,,normal_standard,0,validation
dev_0004159,normal,,normal_standard,0,train
dev_0004160,normal,,normal_standard,0,train
dev_0004161,normal,,normal_standard,0,validation
dev_0004162,normal,,normal_standard,0,train
dev_0004163,normal,,normal_standard,0,train
dev_0004164,normal,,normal_standard,0,train
dev_0004165,normal,,normal_standard,0,train
dev_0004166,normal,,normal_standard,0,train
dev_0004167,normal,,normal_standard,0,train
dev_0004168,normal,,normal_standard,0,train
dev_0004169,normal,,normal_standard,0,validation
dev_0004170,normal,,normal_standard,0,train
dev_0004171,normal,,normal_standard,0,train
dev_0004172,normal,,normal_standard,0,train
dev_0004173,normal,,normal_standard,0,train
dev_0004174,normal,,normal_standard,0,validation
dev_0004175,normal,,normal_standard,0,train
dev_0004176,normal,,normal_standard,0,train
dev_0004177,normal,,normal_standard,0,train
dev_0004178,normal,,normal_standard,0,train
dev_0004179,normal,,normal_standard,0,train
dev_0004180,normal,,normal_standard,0,train
dev_0004181,normal,,normal_standard,0,validation
dev_0004182,normal,,normal_standard,0,validation
dev_0004183,normal,,normal_standard,0,validation
dev_0004184,normal,,normal_standard,0,train
dev_0004185,normal,,normal_standard,0,validation
dev_0004186,normal,,normal_standard,0,train
dev_0004187,normal,,normal_standard,0,train
dev_0004188,normal,,normal_standard,0,validation
dev_0004189,normal,,normal_standard,0,train
dev_0004190,normal,,normal_standard,0,train
dev_0004191,normal,,normal_standard,0,train
dev_0004192,normal,,normal_standard,0,train
dev_0004193,normal,,normal_standard,0,train
dev_0004194,normal,,normal_standard,0,train
dev_0004195,normal,,normal_standard,0,validation
dev_0004196,normal,,normal_standard,0,train
dev_0004197,normal,,normal_standard,0,train
dev_0004198,normal,,normal_standard,0,train
dev_0004199,normal,,normal_standard,0,train
dev_0004200,normal,,normal_standard,0,validation
dev_0004201,normal,,normal_standard,0,train
dev_0004202,normal,,normal_standard,0,train
dev_0004203,normal,,normal_standard,0,validation
dev_0004204,normal,,normal_standard,0,validation
dev_0004205,normal,,normal_standard,0,validation
dev_0004206,normal,,normal_standard,0,train
dev_0004207,normal,,normal_standard,0,train
dev_0004208,normal,,normal_standard,0,validation
dev_0004209,normal,,normal_standard,0,train
dev_0004210,normal,,normal_standard,0,validation
dev_0004211,normal,,normal_standard,0,train
dev_0004212,normal,,normal_standard,0,train
dev_0004213,normal,,normal_standard,0,train
dev_0004214,normal,,normal_standard,0,train
dev_0004215,normal,,normal_standard,0,train
dev_0004216,normal,,normal_standard,0,train
dev_0004217,normal,,normal_standard,0,validation
dev_0004218,normal,,normal_standard,0,train
dev_0004219,normal,,normal_standard,0,train
dev_0004220,normal,,normal_standard,0,validation
dev_0004221,normal,,normal_standard,0,train
dev_0004222,normal,,normal_standard,0,train
dev_0004223,normal,,normal_standard,0,train
dev_0004224,normal,,normal_standard,0,train
dev_0004225,normal,,normal_standard,0,train
dev_0004226,normal,,normal_standard,0,train
dev_0004227,normal,,normal_standard,0,train
dev_0004228,normal,,normal_standard,0,train
dev_0004229,normal,,normal_standard,0,train
dev_0004230,normal,,normal_standard,0,train
dev_0004231,normal,,normal_standard,0,train
dev_0004232,normal,,normal_standard,0,train
dev_0004233,normal,,normal_standard,0,train
dev_0004234,normal,,normal_standard,0,train
dev_0004235,normal,,normal_standard,0,train
dev_0004236,normal,,normal_standard,0,train
dev_0004237,normal,,normal_standard,0,validation
dev_0004238,normal,,normal_standard,0,train
dev_0004239,normal,,normal_standard,0,train
dev_0004240,normal,,normal_standard,0,train
dev_0004241,normal,,normal_standard,0,train
dev_0004242,normal,,normal_standard,0,train
dev_0004243,normal,,normal_standard,0,train
dev_0004244,normal,,normal_standard,0,train
dev_0004245,normal,,normal_standard,0,train
dev_0004246,normal,,normal_standard,0,train
dev_0004247,normal,,normal_standard,0,train
dev_0004248,normal,,normal_standard,0,train
dev_0004249,normal,,normal_standard,0,train
dev_0004250,normal,,normal_standard,0,validation
dev_0004251,normal,,normal_standard,0,train
dev_0004252,normal,,normal_standard,0,validation
dev_0004253,normal,,normal_standard,0,train
dev_0004254,normal,,normal_standard,0,train
dev_0004255,normal,,normal_standard,0,train
dev_0004256,normal,,normal_standard,0,train
dev_0004257,normal,,normal_standard,0,train
dev_0004258,normal,,normal_standard,0,validation
dev_0004259,normal,,normal_standard,0,train
dev_0004260,normal,,normal_standard,0,train
dev_0004261,normal,,normal_standard,0,validation
dev_0004262,normal,,normal_standard,0,train
dev_0004263,normal,,normal_standard,0,train
dev_0004264,normal,,normal_standard,0,train
dev_0004265,normal,,normal_standard,0,train
dev_0004266,normal,,normal_standard,0,train
dev_0004267,normal,,normal_standard,0,train
dev_0004268,normal,,normal_standard,0,train
dev_0004269,normal,,normal_standard,0,train
dev_0004270,normal,,normal_standard,0,train
dev_0004271,normal,,normal_standard,0,validation
dev_0004272,normal,,normal_standard,0,train
dev_0004273,normal,,normal_standard,0,train
dev_0004274,normal,,normal_standard,0,train
dev_0004275,normal,,normal_standard,0,train
dev_0004276,normal,,normal_standard,0,train
dev_0004277,normal,,normal_standard,0,train
dev_0004278,normal,,normal_standard,0,train
dev_0004279,normal,,normal_standard,0,train
dev_0004280,normal,,normal_standard,0,train
dev_0004281,normal,,normal_standard,0,train
dev_0004282,normal,,normal_standard,0,train
dev_0004283,normal,,normal_standard,0,train
dev_0004284,normal,,normal_standard,0,train
dev_0004285,normal,,normal_standard,0,train
dev_0004286,normal,,normal_standard,0,validation
dev_0004287,normal,,normal_standard,0,validation
dev_0004288,normal,,normal_standard,0,train
dev_0004289,normal,,normal_standard,0,train
dev_0004290,normal,,normal_standard,0,validation
dev_0004291,normal,,normal_standard,0,train
dev_0004292,normal,,normal_standard,0,train
dev_0004293,normal,,normal_standard,0,validation
dev_0004294,normal,,normal_standard,0,train
dev_0004295,normal,,normal_standard,0,train
dev_0004296,normal,,normal_standard,0,train
dev_0004297,normal,,normal_standard,0,train
dev_0004298,normal,,normal_standard,0,validation
dev_0004299,normal,,normal_standard,0,train
dev_0004300,normal,,normal_standard,0,train
dev_0004301,normal,,normal_standard,0,train
dev_0004302,normal,,normal_standard,0,train
dev_0004303,normal,,normal_standard,0,train
dev_0004304,normal,,normal_standard,0,validation
dev_0004305,normal,,normal_standard,0,train
dev_0004306,normal,,normal_standard,0,train
dev_0004307,normal,,normal_standard,0,train
dev_0004308,normal,,normal_standard,0,train
dev_0004309,normal,,normal_standard,0,train
dev_0004310,normal,,normal_standard,0,train
dev_0004311,normal,,normal_standard,0,train
dev_0004312,normal,,normal_standard,0,train
dev_0004313,normal,,normal_standard,0,validation
dev_0004314,normal,,normal_standard,0,train
dev_0004315,normal,,normal_standard,0,train
dev_0004316,normal,,normal_standard,0,train
dev_0004317,normal,,normal_standard,0,train
dev_0004318,normal,,normal_standard,0,train
dev_0004319,normal,,normal_standard,0,train
dev_0004320,normal,,normal_standard,0,train
dev_0004321,normal,,normal_standard,0,train
dev_0004322,normal,,normal_standard,0,train
dev_0004323,normal,,normal_standard,0,train
dev_0004324,normal,,normal_standard,0,train
dev_0004325,normal,,normal_standard,0,train
dev_0004326,normal,,normal_standard,0,train
dev_0004327,normal,,normal_standard,0,train
dev_0004328,normal,,normal_standard,0,train
dev_0004329,normal,,normal_standard,0,train
dev_0004330,normal,,normal_standard,0,train
dev_0004331,normal,,normal_standard,0,validation
dev_0004332,normal,,normal_standard,0,train
dev_0004333,normal,,normal_standard,0,validation
dev_0004334,normal,,normal_standard,0,train
dev_0004335,normal,,normal_standard,0,train
dev_0004336,normal,,normal_standard,0,train
dev_0004337,normal,,normal_standard,0,train
dev_0004338,normal,,normal_standard,0,train
dev_0004339,normal,,normal_standard,0,train
dev_0004340,normal,,normal_standard,0,train
dev_0004341,normal,,normal_standard,0,train
dev_0004342,normal,,normal_standard,0,validation
dev_0004343,normal,,normal_standard,0,train
dev_0004344,normal,,normal_standard,0,validation
dev_0004345,normal,,normal_standard,0,validation
dev_0004346,normal,,normal_standard,0,train
dev_0004347,normal,,normal_standard,0,train
dev_0004348,normal,,normal_standard,0,train
dev_0004349,normal,,normal_standard,0,validation
dev_0004350,normal,,normal_standard,0,validation
dev_0004351,normal,,normal_standard,0,train
dev_0004352,normal,,normal_standard,0,validation
dev_0004353,normal,,normal_standard,0,train
dev_0004354,normal,,normal_standard,0,validation
dev_0004355,normal,,normal_standard,0,train
dev_0004356,normal,,normal_standard,0,train
dev_0004357,normal,,normal_standard,0,validation
dev_0004358,normal,,normal_standard,0,train
dev_0004359,normal,,normal_standard,0,train
dev_0004360,normal,,normal_standard,0,train
dev_0004361,normal,,normal_standard,0,train
dev_0004362,normal,,normal_standard,0,validation
dev_0004363,normal,,normal_standard,0,train
dev_0004364,normal,,normal_standard,0,validation
dev_0004365,normal,,normal_standard,0,train
dev_0004366,normal,,normal_standard,0,train
dev_0004367,normal,,normal_standard,0,validation
dev_0004368,normal,,normal_standard,0,validation
dev_0004369,normal,,normal_standard,0,train
dev_0004370,normal,,normal_standard,0,train
dev_0004371,normal,,normal_standard,0,train
dev_0004372,normal,,normal_standard,0,train
dev_0004373,normal,,normal_standard,0,train
dev_0004374,normal,,normal_standard,0,train
dev_0004375,normal,,normal_standard,0,train
dev_0004376,normal,,normal_standard,0,train
dev_0004377,normal,,normal_standard,0,train
dev_0004378,normal,,normal_standard,0,validation
dev_0004379,normal,,normal_standard,0,train
dev_0004380,normal,,normal_standard,0,train
dev_0004381,normal,,normal_standard,0,train
dev_0004382,normal,,normal_standard,0,train
dev_0004383,normal,,normal_standard,0,train
dev_0004384,normal,,normal_standard,0,train
dev_0004385,normal,,normal_standard,0,train
dev_0004386,normal,,normal_standard,0,train
dev_0004387,normal,,normal_standard,0,train
dev_0004388,normal,,normal_standard,0,train
dev_0004389,normal,,normal_standard,0,train
dev_0004390,normal,,normal_standard,0,train
dev_0004391,normal,,normal_standard,0,train
dev_0004392,normal,,normal_standard,0,train
dev_0004393,normal,,normal_standard,0,train
dev_0004394,normal,,normal_standard,0,train
dev_0004395,normal,,normal_standard,0,validation
dev_0004396,normal,,normal_standard,0,train
dev_0004397,normal,,normal_standard,0,train
dev_0004398,normal,,normal_standard,0,train
dev_0004399,normal,,normal_standard,0,train
dev_0004400,normal,,normal_standard,0,train
dev_0004401,normal,,normal_standard,0,train
dev_0004402,normal,,normal_standard,0,train
dev_0004403,normal,,normal_standard,0,train
dev_0004404,normal,,normal_standard,0,train
dev_0004405,normal,,normal_standard,0,train
dev_0004406,normal,,normal_standard,0,train
dev_0004407,normal,,normal_standard,0,train
dev_0004408,normal,,normal_standard,0,train
dev_0004409,normal,,normal_standard,0,validation
dev_0004410,normal,,normal_standard,0,validation
dev_0004411,normal,,normal_standard,0,train
dev_0004412,normal,,normal_standard,0,train
dev_0004413,normal,,normal_standard,0,train
dev_0004414,normal,,normal_standard,0,train
dev_0004415,normal,,normal_standard,0,train
dev_0004416,normal,,normal_standard,0,train
dev_0004417,normal,,normal_standard,0,train
dev_0004418,normal,,normal_standard,0,train
dev_0004419,normal,,normal_standard,0,train
dev_0004420,normal,,normal_standard,0,train
dev_0004421,normal,,normal_standard,0,train
dev_0004422,normal,,normal_standard,0,validation
dev_0004423,normal,,normal_standard,0,train
dev_0004424,normal,,normal_standard,0,train
dev_0004425,normal,,normal_standard,0,train
dev_0004426,normal,,normal_standard,0,train
dev_0004427,normal,,normal_standard,0,validation
dev_0004428,normal,,normal_standard,0,train
dev_0004429,normal,,normal_standard,0,train
dev_0004430,normal,,normal_standard,0,train
dev_0004431,normal,,normal_standard,0,validation
dev_0004432,normal,,normal_standard,0,train
dev_0004433,normal,,normal_standard,0,train
dev_0004434,normal,,normal_standard,0,train
dev_0004435,normal,,normal_standard,0,validation
dev_0004436,normal,,normal_standard,0,train
dev_0004437,normal,,normal_standard,0,train
dev_0004438,normal,,normal_standard,0,train
dev_0004439,normal,,normal_standard,0,train
dev_0004440,normal,,normal_standard,0,validation
dev_0004441,normal,,normal_standard,0,train
dev_0004442,normal,,normal_standard,0,train
dev_0004443,normal,,normal_standard,0,train
dev_0004444,normal,,normal_standard,0,train
dev_0004445,normal,,normal_standard,0,train
dev_0004446,normal,,normal_standard,0,train
dev_0004447,normal,,normal_standard,0,train
dev_0004448,normal,,normal_standard,0,train
dev_0004449,normal,,normal_standard,0,train
dev_0004450,normal,,normal_standard,0,train
dev_0004451,normal,,normal_standard,0,validation
dev_0004452,normal,,normal_standard,0,train
dev_0004453,normal,,normal_standard,0,validation
dev_0004454,normal,,normal_standard,0,train
dev_0004455,normal,,normal_standard,0,train
dev_0004456,normal,,normal_standard,0,validation
dev_0004457,normal,,normal_standard,0,train
dev_0004458,normal,,normal_standard,0,train
dev_0004459,normal,,normal_standard,0,train
dev_0004460,normal,,normal_standard,0,train
dev_0004461,normal,,normal_standard,0,validation
dev_0004462,normal,,normal_standard,0,train
dev_0004463,normal,,normal_standard,0,train
dev_0004464,normal,,normal_standard,0,train
dev_0004465,normal,,normal_standard,0,train
dev_0004466,normal,,normal_standard,0,train
dev_0004467,normal,,normal_standard,0,train
dev_0004468,normal,,normal_standard,0,train
dev_0004469,normal,,normal_standard,0,train
dev_0004470,normal,,normal_standard,0,train
dev_0004471,normal,,normal_standard,0,validation
dev_0004472,normal,,normal_standard,0,train
dev_0004473,normal,,normal_standard,0,train
dev_0004474,normal,,normal_standard,0,train
dev_0004475,normal,,normal_standard,0,validation
dev_0004476,normal,,normal_standard,0,validation
dev_0004477,normal,,normal_standard,0,train
dev_0004478,normal,,normal_standard,0,train
dev_0004479,normal,,normal_standard,0,train
dev_0004480,normal,,normal_standard,0,validation
dev_0004481,normal,,normal_standard,0,train
dev_0004482,normal,,normal_standard,0,train
dev_0004483,normal,,normal_standard,0,validation
dev_0004484,normal,,normal_standard,0,train
dev_0004485,normal,,normal_standard,0,train
dev_0004486,normal,,normal_standard,0,train
dev_0004487,normal,,normal_standard,0,train
dev_0004488,normal,,normal_standard,0,train
dev_0004489,normal,,normal_standard,0,validation
dev_0004490,normal,,normal_standard,0,train
dev_0004491,normal,,normal_standard,0,validation
dev_0004492,normal,,normal_standard,0,train
dev_0004493,normal,,normal_standard,0,train
dev_0004494,normal,,normal_standard,0,train
dev_0004495,normal,,normal_standard,0,train
dev_0004496,normal,,normal_standard,0,train
dev_0004497,normal,,normal_standard,0,train
dev_0004498,normal,,normal_standard,0,train
dev_0004499,normal,,normal_standard,0,train
dev_0004500,normal,,normal_standard,0,train
dev_0004501,normal,,normal_standard,0,validation
dev_0004502,normal,,normal_standard,0,train
dev_0004503,normal,,normal_standard,0,train
dev_0004504,normal,,normal_standard,0,train
dev_0004505,normal,,normal_standard,0,validation
dev_0004506,normal,,normal_standard,0,validation
dev_0004507,normal,,normal_standard,0,train
dev_0004508,normal,,normal_standard,0,validation
dev_0004509,normal,,normal_standard,0,train
dev_0004510,normal,,normal_standard,0,train
dev_0004511,normal,,normal_standard,0,train
dev_0004512,normal,,normal_standard,0,train
dev_0004513,normal,,normal_standard,0,train
dev_0004514,normal,,normal_standard,0,train
dev_0004515,normal,,normal_standard,0,train
dev_0004516,normal,,normal_standard,0,train
dev_0004517,normal,,normal_standard,0,validation
dev_0004518,normal,,normal_standard,0,train
dev_0004519,normal,,normal_standard,0,train
dev_0004520,normal,,normal_standard,0,train
dev_0004521,normal,,normal_standard,0,validation
dev_0004522,normal,,normal_standard,0,validation
dev_0004523,normal,,normal_standard,0,train
dev_0004524,normal,,normal_standard,0,train
dev_0004525,normal,,normal_standard,0,train
dev_0004526,normal,,normal_standard,0,train
dev_0004527,normal,,normal_standard,0,train
dev_0004528,normal,,normal_standard,0,train
dev_0004529,normal,,normal_standard,0,validation
dev_0004530,normal,,normal_standard,0,train
dev_0004531,normal,,normal_standard,0,train
dev_0004532,normal,,normal_standard,0,train
dev_0004533,normal,,normal_standard,0,train
dev_0004534,normal,,normal_standard,0,train
dev_0004535,normal,,normal_standard,0,train
dev_0004536,normal,,normal_standard,0,train
dev_0004537,normal,,normal_standard,0,train
dev_0004538,normal,,normal_standard,0,train
dev_0004539,normal,,normal_standard,0,train
dev_0004540,normal,,normal_standard,0,train
dev_0004541,normal,,normal_standard,0,train
dev_0004542,normal,,normal_standard,0,train
dev_0004543,normal,,normal_standard,0,train
dev_0004544,normal,,normal_standard,0,train
dev_0004545,normal,,normal_standard,0,train
dev_0004546,normal,,normal_standard,0,train
dev_0004547,normal,,normal_standard,0,train
dev_0004548,normal,,normal_standard,0,validation
dev_0004549,normal,,normal_standard,0,train
dev_0004550,normal,,normal_standard,0,train
dev_0004551,normal,,normal_standard,0,train
dev_0004552,normal,,normal_standard,0,train
dev_0004553,normal,,normal_standard,0,train
dev_0004554,normal,,normal_standard,0,train
dev_0004555,normal,,normal_standard,0,train
dev_0004556,normal,,normal_standard,0,train
dev_0004557,normal,,normal_standard,0,train
dev_0004558,normal,,normal_standard,0,validation
dev_0004559,normal,,normal_standard,0,train
dev_0004560,normal,,normal_standard,0,train
dev_0004561,normal,,normal_standard,0,train
dev_0004562,normal,,normal_standard,0,validation
dev_0004563,normal,,normal_standard,0,train
dev_0004564,normal,,normal_standard,0,train
dev_0004565,normal,,normal_standard,0,validation
dev_0004566,normal,,normal_standard,0,validation
dev_0004567,normal,,normal_standard,0,train
dev_0004568,normal,,normal_standard,0,train
dev_0004569,normal,,normal_standard,0,train
dev_0004570,normal,,normal_standard,0,validation
dev_0004571,normal,,normal_standard,0,train
dev_0004572,normal,,normal_standard,0,validation
dev_0004573,normal,,normal_standard,0,validation
dev_0004574,normal,,normal_standard,0,validation
dev_0004575,normal,,normal_standard,0,train
dev_0004576,normal,,normal_standard,0,train
dev_0004577,normal,,normal_standard,0,train
dev_0004578,normal,,normal_standard,0,train
dev_0004579,normal,,normal_standard,0,train
dev_0004580,normal,,normal_standard,0,validation
dev_0004581,normal,,normal_standard,0,train
dev_0004582,normal,,normal_standard,0,train
dev_0004583,normal,,normal_standard,0,train
dev_0004584,normal,,normal_standard,0,validation
dev_0004585,normal,,normal_standard,0,train
dev_0004586,normal,,normal_standard,0,validation
dev_0004587,normal,,normal_standard,0,validation
dev_0004588,normal,,normal_standard,0,validation
dev_0004589,normal,,normal_standard,0,validation
dev_0004590,normal,,normal_standard,0,train
dev_0004591,normal,,normal_standard,0,train
dev_0004592,normal,,normal_standard,0,validation
dev_0004593,normal,,normal_standard,0,train
dev_0004594,normal,,normal_standard,0,train
dev_0004595,normal,,normal_standard,0,train
dev_0004596,normal,,normal_standard,0,train
dev_0004597,normal,,normal_standard,0,validation
dev_0004598,normal,,normal_standard,0,validation
dev_0004599,normal,,normal_standard,0,train
dev_0004600,normal,,normal_standard,0,train
dev_0004601,normal,,normal_standard,0,train
dev_0004602,normal,,normal_standard,0,train
dev_0004603,normal,,normal_standard,0,train
dev_0004604,normal,,normal_standard,0,train
dev_0004605,normal,,normal_standard,0,train
dev_0004606,normal,,normal_standard,0,validation
dev_0004607,normal,,normal_standard,0,train
dev_0004608,normal,,normal_standard,0,train
dev_0004609,normal,,normal_standard,0,train
dev_0004610,normal,,normal_standard,0,train
dev_0004611,normal,,normal_standard,0,train
dev_0004612,normal,,normal_standard,0,validation
dev_0004613,normal,,normal_standard,0,train
dev_0004614,normal,,normal_standard,0,train
dev_0004615,normal,,normal_standard,0,train
dev_0004616,normal,,normal_standard,0,validation
dev_0004617,normal,,normal_standard,0,validation
dev_0004618,normal,,normal_standard,0,validation
dev_0004619,normal,,normal_standard,0,train
dev_0004620,normal,,normal_standard,0,train
dev_0004621,normal,,normal_standard,0,validation
dev_0004622,normal,,normal_standard,0,train
dev_0004623,normal,,normal_standard,0,validation
dev_0004624,normal,,normal_standard,0,train
dev_0004625,normal,,normal_standard,0,validation
dev_0004626,normal,,normal_standard,0,validation
dev_0004627,normal,,normal_standard,0,validation
dev_0004628,normal,,normal_standard,0,train
dev_0004629,normal,,normal_standard,0,validation
dev_0004630,normal,,normal_standard,0,train
dev_0004631,normal,,normal_standard,0,train
dev_0004632,normal,,normal_standard,0,train
dev_0004633,normal,,normal_standard,0,train
dev_0004634,normal,,normal_standard,0,train
dev_0004635,normal,,normal_standard,0,train
dev_0004636,normal,,normal_standard,0,train
dev_0004637,normal,,normal_standard,0,train
dev_0004638,normal,,normal_standard,0,train
dev_0004639,normal,,normal_standard,0,train
dev_0004640,normal,,normal_standard,0,train
dev_0004641,normal,,normal_standard,0,train
dev_0004642,normal,,normal_standard,0,validation
dev_0004643,normal,,normal_standard,0,validation
dev_0004644,normal,,normal_standard,0,validation
dev_0004645,normal,,normal_standard,0,train
dev_0004646,normal,,normal_standard,0,train
dev_0004647,normal,,normal_standard,0,train
dev_0004648,normal,,normal_standard,0,train
dev_0004649,normal,,normal_standard,0,train
dev_0004650,normal,,normal_standard,0,train
dev_0004651,normal,,normal_standard,0,train
dev_0004652,normal,,normal_standard,0,train
dev_0004653,normal,,normal_standard,0,train
dev_0004654,normal,,normal_standard,0,validation
dev_0004655,normal,,normal_standard,0,train
dev_0004656,normal,,normal_standard,0,train
dev_0004657,normal,,normal_standard,0,validation
dev_0004658,normal,,normal_standard,0,train
dev_0004659,normal,,normal_standard,0,train
dev_0004660,normal,,normal_standard,0,train
dev_0004661,normal,,normal_standard,0,validation
dev_0004662,normal,,normal_standard,0,train
dev_0004663,normal,,normal_standard,0,validation
dev_0004664,normal,,normal_standard,0,validation
dev_0004665,normal,,normal_standard,0,train
dev_0004666,normal,,normal_standard,0,train
dev_0004667,normal,,normal_standard,0,train
dev_0004668,normal,,normal_standard,0,train
dev_0004669,normal,,normal_standard,0,train
dev_0004670,normal,,normal_standard,0,train
dev_0004671,normal,,normal_standard,0,train
dev_0004672,normal,,normal_standard,0,train
dev_0004673,normal,,normal_standard,0,train
dev_0004674,normal,,normal_standard,0,train
dev_0004675,normal,,normal_standard,0,train
dev_0004676,normal,,normal_standard,0,train
dev_0004677,normal,,normal_standard,0,train
dev_0004678,normal,,normal_standard,0,train
dev_0004679,normal,,normal_standard,0,train
dev_0004680,normal,,normal_standard,0,train
dev_0004681,normal,,normal_standard,0,validation
dev_0004682,normal,,normal_standard,0,train
dev_0004683,normal,,normal_standard,0,validation
dev_0004684,normal,,normal_standard,0,train
dev_0004685,normal,,normal_standard,0,validation
dev_0004686,normal,,normal_standard,0,train
dev_0004687,normal,,normal_standard,0,train
dev_0004688,normal,,normal_standard,0,train
dev_0004689,normal,,normal_standard,0,train
dev_0004690,normal,,normal_standard,0,train
dev_0004691,normal,,normal_standard,0,train
dev_0004692,normal,,normal_standard,0,train
dev_0004693,normal,,normal_standard,0,validation
dev_0004694,normal,,normal_standard,0,validation
dev_0004695,normal,,normal_standard,0,train
dev_0004696,normal,,normal_standard,0,train
dev_0004697,normal,,normal_standard,0,train
dev_0004698,normal,,normal_standard,0,validation
dev_0004699,normal,,normal_standard,0,train
dev_0004700,normal,,normal_standard,0,train
dev_0004701,normal,,normal_standard,0,train
dev_0004702,normal,,normal_standard,0,train
dev_0004703,normal,,normal_standard,0,train
dev_0004704,normal,,normal_standard,0,train
dev_0004705,normal,,normal_standard,0,train
dev_0004706,normal,,normal_standard,0,train
dev_0004707,normal,,normal_standard,0,validation
dev_0004708,normal,,normal_standard,0,train
dev_0004709,normal,,normal_standard,0,train
dev_0004710,normal,,normal_standard,0,train
dev_0004711,normal,,normal_standard,0,validation
dev_0004712,normal,,normal_standard,0,train
dev_0004713,normal,,normal_standard,0,train
dev_0004714,normal,,normal_standard,0,validation
dev_0004715,normal,,normal_standard,0,validation
dev_0004716,normal,,normal_standard,0,train
dev_0004717,normal,,normal_standard,0,train
dev_0004718,normal,,normal_standard,0,train
dev_0004719,normal,,normal_standard,0,train
dev_0004720,normal,,normal_standard,0,train
dev_0004721,normal,,normal_standard,0,train
dev_0004722,normal,,normal_standard,0,validation
dev_0004723,normal,,normal_standard,0,train
dev_0004724,normal,,normal_standard,0,train
dev_0004725,normal,,normal_standard,0,train
dev_0004726,normal,,normal_standard,0,train
dev_0004727,normal,,normal_standard,0,validation
dev_0004728,normal,,normal_standard,0,train
dev_0004729,normal,,normal_standard,0,train
dev_0004730,normal,,normal_standard,0,train
dev_0004731,normal,,normal_standard,0,train
dev_0004732,normal,,normal_standard,0,train
dev_0004733,normal,,normal_standard,0,train
dev_0004734,normal,,normal_standard,0,train
dev_0004735,normal,,normal_standard,0,train
dev_0004736,normal,,normal_standard,0,train
dev_0004737,normal,,normal_standard,0,train
dev_0004738,normal,,normal_standard,0,validation
dev_0004739,normal,,normal_standard,0,train
dev_0004740,normal,,normal_standard,0,train
dev_0004741,normal,,normal_standard,0,train
dev_0004742,normal,,normal_standard,0,validation
dev_0004743,normal,,normal_standard,0,train
dev_0004744,normal,,normal_standard,0,train
dev_0004745,normal,,normal_standard,0,validation
dev_0004746,normal,,normal_standard,0,train
dev_0004747,normal,,normal_standard,0,train
dev_0004748,normal,,normal_standard,0,train
dev_0004749,normal,,normal_standard,0,train
dev_0004750,normal,,normal_standard,0,train
dev_0004751,normal,,normal_standard,0,validation
dev_0004752,normal,,normal_standard,0,train
dev_0004753,normal,,normal_standard,0,train
dev_0004754,normal,,normal_standard,0,train
dev_0004755,normal,,normal_standard,0,train
dev_0004756,normal,,normal_standard,0,train
dev_0004757,normal,,normal_standard,0,train
dev_0004758,normal,,normal_standard,0,train
dev_0004759,normal,,normal_standard,0,train
dev_0004760,normal,,normal_standard,0,validation
dev_0004761,normal,,normal_standard,0,train
dev_0004762,normal,,normal_standard,0,validation
dev_0004763,normal,,normal_standard,0,train
dev_0004764,normal,,normal_standard,0,validation
dev_0004765,normal,,normal_standard,0,validation
dev_0004766,normal,,normal_standard,0,train
dev_0004767,normal,,normal_standard,0,train
dev_0004768,normal,,normal_standard,0,validation
dev_0004769,normal,,normal_standard,0,train
dev_0004770,normal,,normal_standard,0,train
dev_0004771,normal,,normal_standard,0,train
dev_0004772,normal,,normal_standard,0,train
dev_0004773,normal,,normal_standard,0,train
dev_0004774,normal,,normal_standard,0,validation
dev_0004775,normal,,normal_standard,0,validation
dev_0004776,normal,,normal_standard,0,train
dev_0004777,normal,,normal_standard,0,train
dev_0004778,normal,,normal_standard,0,train
dev_0004779,normal,,normal_standard,0,train
dev_0004780,normal,,normal_standard,0,train
dev_0004781,normal,,normal_standard,0,validation
dev_0004782,normal,,normal_standard,0,train
dev_0004783,normal,,normal_standard,0,train
dev_0004784,normal,,normal_standard,0,train
dev_0004785,normal,,normal_standard,0,train
dev_0004786,normal,,normal_standard,0,validation
dev_0004787,normal,,normal_standard,0,train
dev_0004788,normal,,normal_standard,0,train
dev_0004789,normal,,normal_standard,0,train
dev_0004790,normal,,normal_standard,0,train
dev_0004791,normal,,normal_standard,0,train
dev_0004792,normal,,normal_standard,0,train
dev_0004793,normal,,normal_standard,0,validation
dev_0004794,normal,,normal_standard,0,train
dev_0004795,normal,,normal_standard,0,train
dev_0004796,normal,,normal_standard,0,train
dev_0004797,normal,,normal_standard,0,train
dev_0004798,normal,,normal_standard,0,train
dev_0004799,normal,,normal_standard,0,train
dev_0004800,normal,,normal_standard,0,train
dev_0004801,normal,,normal_standard,0,validation
dev_0004802,normal,,normal_standard,0,train
dev_0004803,normal,,normal_standard,0,train
dev_0004804,normal,,normal_standard,0,train
dev_0004805,normal,,normal_standard,0,train
dev_0004806,normal,,normal_standard,0,train
dev_0004807,normal,,normal_standard,0,train
dev_0004808,normal,,normal_standard,0,train
dev_0004809,normal,,normal_standard,0,train
dev_0004810,normal,,normal_standard,0,train
dev_0004811,normal,,normal_standard,0,validation
dev_0004812,normal,,normal_standard,0,train
dev_0004813,normal,,normal_standard,0,train
dev_0004814,normal,,normal_standard,0,validation
dev_0004815,normal,,normal_standard,0,train
dev_0004816,normal,,normal_standard,0,train
dev_0004817,normal,,normal_standard,0,train
dev_0004818,normal,,normal_standard,0,train
dev_0004819,normal,,normal_standard,0,validation
dev_0004820,normal,,normal_standard,0,validation
dev_0004821,normal,,normal_standard,0,train
dev_0004822,normal,,normal_standard,0,train
dev_0004823,normal,,normal_standard,0,train
dev_0004824,normal,,normal_standard,0,train
dev_0004825,normal,,normal_standard,0,train
dev_0004826,normal,,normal_standard,0,train
dev_0004827,normal,,normal_standard,0,validation
dev_0004828,normal,,normal_standard,0,train
dev_0004829,normal,,normal_standard,0,train
dev_0004830,normal,,normal_standard,0,train
dev_0004831,normal,,normal_standard,0,train
dev_0004832,normal,,normal_standard,0,train
dev_0004833,normal,,normal_standard,0,train
dev_0004834,normal,,normal_standard,0,train
dev_0004835,normal,,normal_standard,0,train
dev_0004836,normal,,normal_standard,0,train
dev_0004837,normal,,normal_standard,0,train
dev_0004838,normal,,normal_standard,0,train
dev_0004839,normal,,normal_standard,0,validation
dev_0004840,normal,,normal_standard,0,train
dev_0004841,normal,,normal_standard,0,validation
dev_0004842,normal,,normal_standard,0,validation
dev_0004843,normal,,normal_standard,0,train
dev_0004844,normal,,normal_standard,0,train
dev_0004845,normal,,normal_standard,0,train
dev_0004846,normal,,normal_standard,0,train
dev_0004847,normal,,normal_standard,0,train
dev_0004848,normal,,normal_standard,0,validation
dev_0004849,normal,,normal_standard,0,train
dev_0004850,normal,,normal_standard,0,train
dev_0004851,normal,,normal_standard,0,train
dev_0004852,normal,,normal_standard,0,train
dev_0004853,normal,,normal_standard,0,train
dev_0004854,normal,,normal_standard,0,train
dev_0004855,normal,,normal_standard,0,train
dev_0004856,normal,,normal_standard,0,train
dev_0004857,normal,,normal_standard,0,train
dev_0004858,normal,,normal_standard,0,train
dev_0004859,normal,,normal_standard,0,validation
dev_0004860,normal,,normal_standard,0,train
dev_0004861,normal,,normal_standard,0,train
dev_0004862,normal,,normal_standard,0,validation
dev_0004863,normal,,normal_standard,0,train
dev_0004864,normal,,normal_standard,0,train
dev_0004865,normal,,normal_standard,0,train
dev_0004866,normal,,normal_standard,0,train
dev_0004867,normal,,normal_standard,0,train
dev_0004868,normal,,normal_standard,0,train
dev_0004869,normal,,normal_standard,0,train
dev_0004870,normal,,normal_standard,0,train
dev_0004871,normal,,normal_standard,0,validation
dev_0004872,normal,,normal_standard,0,train
dev_0004873,normal,,normal_standard,0,validation
dev_0004874,normal,,normal_standard,0,train
dev_0004875,normal,,normal_standard,0,train
dev_0004876,normal,,normal_standard,0,train
dev_0004877,normal,,normal_standard,0,train
dev_0004878,normal,,normal_standard,0,train
dev_0004879,normal,,normal_standard,0,train
dev_0004880,normal,,normal_standard,0,validation
dev_0004881,normal,,normal_standard,0,train
dev_0004882,normal,,normal_standard,0,train
dev_0004883,normal,,normal_standard,0,train
dev_0004884,normal,,normal_standard,0,train
dev_0004885,normal,,normal_standard,0,train
dev_0004886,normal,,normal_standard,0,train
dev_0004887,normal,,normal_standard,0,train
dev_0004888,normal,,normal_standard,0,train
dev_0004889,normal,,normal_standard,0,train
dev_0004890,normal,,normal_standard,0,validation
dev_0004891,normal,,normal_standard,0,validation
dev_0004892,normal,,normal_standard,0,train
dev_0004893,normal,,normal_standard,0,train
dev_0004894,normal,,normal_standard,0,train
dev_0004895,normal,,normal_standard,0,validation
dev_0004896,normal,,normal_standard,0,train
dev_0004897,normal,,normal_standard,0,train
dev_0004898,normal,,normal_standard,0,train
dev_0004899,normal,,normal_standard,0,train
dev_0004900,normal,,normal_standard,0,train
dev_0004901,normal,,normal_standard,0,train
dev_0004902,normal,,normal_standard,0,train
dev_0004903,normal,,normal_standard,0,train
dev_0004904,normal,,normal_standard,0,validation
dev_0004905,normal,,normal_standard,0,train
dev_0004906,normal,,normal_standard,0,train
dev_0004907,normal,,normal_standard,0,train
dev_0004908,normal,,normal_standard,0,train
dev_0004909,normal,,normal_standard,0,train
dev_0004910,normal,,normal_standard,0,train
dev_0004911,normal,,normal_standard,0,validation
dev_0004912,normal,,normal_standard,0,train
dev_0004913,normal,,normal_standard,0,train
dev_0004914,normal,,normal_standard,0,train
dev_0004915,normal,,normal_standard,0,train
dev_0004916,normal,,normal_standard,0,train
dev_0004917,normal,,normal_standard,0,train
dev_0004918,normal,,normal_standard,0,train
dev_0004919,normal,,normal_standard,0,train
dev_0004920,normal,,normal_standard,0,train
dev_0004921,normal,,normal_standard,0,train
dev_0004922,normal,,normal_standard,0,train
dev_0004923,normal,,normal_standard,0,train
dev_0004924,normal,,normal_standard,0,train
dev_0004925,normal,,normal_standard,0,validation
dev_0004926,normal,,normal_standard,0,train
dev_0004927,normal,,normal_standard,0,train
dev_0004928,normal,,normal_standard,0,train
dev_0004929,normal,,normal_standard,0,train
dev_0004930,normal,,normal_standard,0,validation
dev_0004931,normal,,normal_standard,0,train
dev_0004932,normal,,normal_standard,0,train
dev_0004933,normal,,normal_standard,0,train
dev_0004934,normal,,normal_standard,0,train
dev_0004935,normal,,normal_standard,0,train
dev_0004936,normal,,normal_standard,0,train
dev_0004937,normal,,normal_standard,0,train
dev_0004938,normal,,normal_standard,0,train
dev_0004939,normal,,normal_standard,0,train
dev_0004940,normal,,normal_standard,0,validation
dev_0004941,normal,,normal_standard,0,train
dev_0004942,normal,,normal_standard,0,train
dev_0004943,normal,,normal_standard,0,train
dev_0004944,normal,,normal_standard,0,train
dev_0004945,normal,,normal_standard,0,train
dev_0004946,normal,,normal_standard,0,train
dev_0004947,normal,,normal_standard,0,train
dev_0004948,normal,,normal_standard,0,train
dev_0004949,normal,,normal_standard,0,train
dev_0004950,normal,,normal_standard,0,train
dev_0004951,normal,,normal_standard,0,train
dev_0004952,normal,,normal_standard,0,train
dev_0004953,normal,,normal_standard,0,validation
dev_0004954,normal,,normal_standard,0,train
dev_0004955,normal,,normal_standard,0,train
dev_0004956,normal,,normal_standard,0,train
dev_0004957,normal,,normal_standard,0,train
dev_0004958,normal,,normal_standard,0,train
dev_0004959,normal,,normal_standard,0,train
dev_0004960,normal,,normal_standard,0,validation
dev_0004961,normal,,normal_standard,0,train
dev_0004962,normal,,normal_standard,0,train
dev_0004963,normal,,normal_standard,0,train
dev_0004964,normal,,normal_standard,0,validation
dev_0004965,normal,,normal_standard,0,train
dev_0004966,normal,,normal_standard,0,validation
dev_0004967,normal,,normal_standard,0,train
dev_0004968,normal,,normal_standard,0,validation
dev_0004969,normal,,normal_standard,0,train
dev_0004970,normal,,normal_standard,0,train
dev_0004971,normal,,normal_standard,0,train
dev_0004972,normal,,normal_standard,0,train
dev_0004973,normal,,normal_standard,0,train
dev_0004974,normal,,normal_standard,0,train
dev_0004975,normal,,normal_standard,0,train
dev_0004976,normal,,normal_standard,0,train
dev_0004977,normal,,normal_standard,0,train
dev_0004978,normal,,normal_standard,0,train
dev_0004979,normal,,normal_standard,0,train
dev_0004980,normal,,normal_standard,0,train
dev_0004981,normal,,normal_standard,0,train
dev_0004982,normal,,normal_standard,0,train
dev_0004983,normal,,normal_standard,0,train
dev_0004984,normal,,normal_standard,0,train
dev_0004985,normal,,normal_standard,0,train
dev_0004986,normal,,normal_standard,0,train
dev_0004987,normal,,normal_standard,0,validation
dev_0004988,normal,,normal_standard,0,train
dev_0004989,normal,,normal_standard,0,train
dev_0004990,normal,,normal_standard,0,validation
dev_0004991,normal,,normal_standard,0,train
dev_0004992,normal,,normal_standard,0,validation
dev_0004993,normal,,normal_standard,0,train
dev_0004994,normal,,normal_standard,0,train
dev_0004995,normal,,normal_standard,0,train
dev_0004996,normal,,normal_standard,0,validation
dev_0004997,normal,,normal_standard,0,train
dev_0004998,normal,,normal_standard,0,train
dev_0004999,normal,,normal_standard,0,train
dev_0005000,normal,,normal_standard,0,train
dev_0005001,normal,,normal_standard,0,train
dev_0005002,normal,,normal_standard,0,train
dev_0005003,normal,,normal_standard,0,train
dev_0005004,normal,,normal_standard,0,train
dev_0005005,normal,,normal_standard,0,train
dev_0005006,normal,,normal_standard,0,train
dev_0005007,normal,,normal_standard,0,train
dev_0005008,normal,,normal_standard,0,train
dev_0005009,normal,,normal_standard,0,validation
dev_0005010,normal,,normal_standard,0,train
dev_0005011,normal,,normal_standard,0,train
dev_0005012,normal,,normal_standard,0,validation
dev_0005013,normal,,normal_standard,0,train
dev_0005014,normal,,normal_standard,0,train
dev_0005015,normal,,normal_standard,0,train
dev_0005016,normal,,normal_standard,0,train
dev_0005017,normal,,normal_standard,0,train
dev_0005018,normal,,normal_standard,0,validation
dev_0005019,normal,,normal_standard,0,train
dev_0005020,normal,,normal_standard,0,train
dev_0005021,normal,,normal_standard,0,train
dev_0005022,normal,,normal_standard,0,train
dev_0005023,normal,,normal_standard,0,train
dev_0005024,normal,,normal_standard,0,train
dev_0005025,normal,,normal_standard,0,train
dev_0005026,normal,,normal_standard,0,validation
dev_0005027,normal,,normal_standard,0,train
dev_0005028,normal,,normal_standard,0,train
dev_0005029,normal,,normal_standard,0,train
dev_0005030,normal,,normal_standard,0,train
dev_0005031,normal,,normal_standard,0,validation
dev_0005032,normal,,normal_standard,0,train
dev_0005033,normal,,normal_standard,0,train
dev_0005034,normal,,normal_standard,0,train
dev_0005035,normal,,normal_standard,0,validation
dev_0005036,normal,,normal_standard,0,validation
dev_0005037,normal,,normal_standard,0,train
dev_0005038,normal,,normal_standard,0,train
dev_0005039,normal,,normal_standard,0,train
dev_0005040,normal,,normal_standard,0,train
dev_0005041,normal,,normal_standard,0,train
dev_0005042,normal,,normal_standard,0,train
dev_0005043,normal,,normal_standard,0,train
dev_0005044,normal,,normal_standard,0,train
dev_0005045,normal,,normal_standard,0,validation
dev_0005046,normal,,normal_standard,0,train
dev_0005047,normal,,normal_standard,0,validation
dev_0005048,normal,,normal_standard,0,train
dev_0005049,normal,,normal_standard,0,train
dev_0005050,normal,,normal_standard,0,train
dev_0005051,normal,,normal_standard,0,train
dev_0005052,normal,,normal_standard,0,train
dev_0005053,normal,,normal_standard,0,train
dev_0005054,normal,,normal_standard,0,train
dev_0005055,normal,,normal_standard,0,train
dev_0005056,normal,,normal_standard,0,train
dev_0005057,normal,,normal_standard,0,train
dev_0005058,normal,,normal_standard,0,validation
dev_0005059,normal,,normal_standard,0,train
dev_0005060,normal,,normal_standard,0,validation
dev_0005061,normal,,normal_standard,0,train
dev_0005062,normal,,normal_standard,0,train
dev_0005063,normal,,normal_standard,0,train
dev_0005064,normal,,normal_standard,0,train
dev_0005065,normal,,normal_standard,0,validation
dev_0005066,normal,,normal_standard,0,train
dev_0005067,normal,,normal_standard,0,train
dev_0005068,normal,,normal_standard,0,train
dev_0005069,normal,,normal_standard,0,validation
dev_0005070,normal,,normal_standard,0,validation
dev_0005071,normal,,normal_standard,0,train
dev_0005072,normal,,normal_standard,0,train
dev_0005073,normal,,normal_standard,0,train
dev_0005074,normal,,normal_standard,0,train
dev_0005075,normal,,normal_standard,0,validation
dev_0005076,normal,,normal_standard,0,validation
dev_0005077,normal,,normal_standard,0,train
dev_0005078,normal,,normal_standard,0,train
dev_0005079,normal,,normal_standard,0,validation
dev_0005080,normal,,normal_standard,0,train
dev_0005081,normal,,normal_standard,0,train
dev_0005082,normal,,normal_standard,0,train
dev_0005083,normal,,normal_standard,0,validation
dev_0005084,normal,,normal_standard,0,train
dev_0005085,normal,,normal_standard,0,train
dev_0005086,normal,,normal_standard,0,train
dev_0005087,normal,,normal_standard,0,validation
dev_0005088,normal,,normal_standard,0,train
dev_0005089,normal,,normal_standard,0,train
dev_0005090,normal,,normal_standard,0,train
dev_0005091,normal,,normal_standard,0,train
dev_0005092,normal,,normal_standard,0,train
dev_0005093,normal,,normal_standard,0,train
dev_0005094,normal,,normal_standard,0,train
dev_0005095,normal,,normal_standard,0,train
dev_0005096,normal,,normal_standard,0,train
dev_0005097,normal,,normal_standard,0,validation
dev_0005098,normal,,normal_standard,0,train
dev_0005099,normal,,normal_standard,0,train
dev_0005100,normal,,normal_standard,0,train
dev_0005101,normal,,normal_standard,0,train
dev_0005102,normal,,normal_standard,0,train
dev_0005103,normal,,normal_standard,0,train
dev_0005104,normal,,normal_standard,0,train
dev_0005105,normal,,normal_standard,0,train
dev_0005106,normal,,normal_standard,0,train
dev_0005107,normal,,normal_standard,0,train
dev_0005108,normal,,normal_standard,0,train
dev_0005109,normal,,normal_standard,0,train
dev_0005110,normal,,normal_standard,0,train
dev_0005111,normal,,normal_standard,0,train
dev_0005112,normal,,normal_standard,0,validation
dev_0005113,normal,,normal_standard,0,validation
dev_0005114,normal,,normal_standard,0,validation
dev_0005115,normal,,normal_standard,0,train
dev_0005116,normal,,normal_standard,0,train
dev_0005117,normal,,normal_standard,0,train
dev_0005118,normal,,normal_standard,0,train
dev_0005119,normal,,normal_standard,0,train
dev_0005120,normal,,normal_standard,0,train
dev_0005121,normal,,normal_standard,0,train
dev_0005122,normal,,normal_standard,0,train
dev_0005123,normal,,normal_standard,0,train
dev_0005124,normal,,normal_standard,0,train
dev_0005125,normal,,normal_standard,0,train
dev_0005126,normal,,normal_standard,0,train
dev_0005127,normal,,normal_standard,0,train
dev_0005128,normal,,normal_standard,0,train
dev_0005129,normal,,normal_standard,0,validation
dev_0005130,normal,,normal_standard,0,validation
dev_0005131,normal,,normal_standard,0,train
dev_0005132,normal,,normal_standard,0,validation
dev_0005133,normal,,normal_standard,0,train
dev_0005134,normal,,normal_standard,0,train
dev_0005135,normal,,normal_standard,0,train
dev_0005136,normal,,normal_standard,0,train
dev_0005137,normal,,normal_standard,0,train
dev_0005138,normal,,normal_standard,0,validation
dev_0005139,normal,,normal_standard,0,train
dev_0005140,normal,,normal_standard,0,train
dev_0005141,normal,,normal_standard,0,train
dev_0005142,normal,,normal_standard,0,train
dev_0005143,normal,,normal_standard,0,validation
dev_0005144,normal,,normal_standard,0,train
dev_0005145,normal,,normal_standard,0,train
dev_0005146,normal,,normal_standard,0,validation
dev_0005147,normal,,normal_standard,0,train
dev_0005148,normal,,normal_standard,0,validation
dev_0005149,normal,,normal_standard,0,train
dev_0005150,normal,,normal_standard,0,train
dev_0005151,normal,,normal_standard,0,train
dev_0005152,normal,,normal_standard,0,validation
dev_0005153,normal,,normal_standard,0,train
dev_0005154,normal,,normal_standard,0,validation
dev_0005155,normal,,normal_standard,0,train
dev_0005156,normal,,normal_standard,0,train
dev_0005157,normal,,normal_standard,0,train
dev_0005158,normal,,normal_standard,0,train
dev_0005159,normal,,normal_standard,0,train
dev_0005160,normal,,normal_standard,0,validation
dev_0005161,normal,,normal_standard,0,train
dev_0005162,normal,,normal_standard,0,train
dev_0005163,normal,,normal_standard,0,train
dev_0005164,normal,,normal_standard,0,train
dev_0005165,normal,,normal_standard,0,train
dev_0005166,normal,,normal_standard,0,train
dev_0005167,normal,,normal_standard,0,validation
dev_0005168,normal,,normal_standard,0,train
dev_0005169,normal,,normal_standard,0,train
dev_0005170,normal,,normal_standard,0,train
dev_0005171,normal,,normal_standard,0,train
dev_0005172,normal,,normal_standard,0,train
dev_0005173,normal,,normal_standard,0,train
dev_0005174,normal,,normal_standard,0,validation
dev_0005175,normal,,normal_standard,0,train
dev_0005176,normal,,normal_standard,0,train
dev_0005177,normal,,normal_standard,0,train
dev_0005178,normal,,normal_standard,0,train
dev_0005179,normal,,normal_standard,0,train
dev_0005180,normal,,normal_standard,0,validation
dev_0005181,normal,,normal_standard,0,train
dev_0005182,normal,,normal_standard,0,train
dev_0005183,normal,,normal_standard,0,train
dev_0005184,normal,,normal_standard,0,train
dev_0005185,normal,,normal_standard,0,validation
dev_0005186,normal,,normal_standard,0,train
dev_0005187,normal,,normal_standard,0,train
dev_0005188,normal,,normal_standard,0,train
dev_0005189,normal,,normal_standard,0,validation
dev_0005190,normal,,normal_standard,0,train
dev_0005191,normal,,normal_standard,0,train
dev_0005192,normal,,normal_standard,0,train
dev_0005193,normal,,normal_standard,0,train
dev_0005194,normal,,normal_standard,0,train
dev_0005195,normal,,normal_standard,0,train
dev_0005196,normal,,normal_standard,0,train
dev_0005197,normal,,normal_standard,0,train
dev_0005198,normal,,normal_standard,0,validation
dev_0005199,normal,,normal_standard,0,train
dev_0005200,normal,,normal_standard,0,train
dev_0005201,normal,,normal_standard,0,train
dev_0005202,normal,,normal_standard,0,validation
dev_0005203,normal,,normal_standard,0,train
dev_0005204,normal,,normal_standard,0,train
dev_0005205,normal,,normal_standard,0,train
dev_0005206,normal,,normal_standard,0,train
dev_0005207,normal,,normal_standard,0,train
dev_0005208,normal,,normal_standard,0,train
dev_0005209,normal,,normal_standard,0,train
dev_0005210,normal,,normal_standard,0,train
dev_0005211,normal,,normal_standard,0,train
dev_0005212,normal,,normal_standard,0,train
dev_0005213,normal,,normal_standard,0,train
dev_0005214,normal,,normal_standard,0,validation
dev_0005215,normal,,normal_standard,0,train
dev_0005216,normal,,normal_standard,0,train
dev_0005217,normal,,normal_standard,0,train
dev_0005218,normal,,normal_standard,0,validation
dev_0005219,normal,,normal_standard,0,train
dev_0005220,normal,,normal_standard,0,train
dev_0005221,normal,,normal_standard,0,train
dev_0005222,normal,,normal_standard,0,train
dev_0005223,normal,,normal_standard,0,validation
dev_0005224,normal,,normal_standard,0,validation
dev_0005225,normal,,normal_standard,0,train
dev_0005226,normal,,normal_standard,0,train
dev_0005227,normal,,normal_standard,0,train
dev_0005228,normal,,normal_standard,0,validation
dev_0005229,normal,,normal_standard,0,train
dev_0005230,normal,,normal_standard,0,validation
dev_0005231,normal,,normal_standard,0,validation
dev_0005232,normal,,normal_standard,0,train
dev_0005233,normal,,normal_standard,0,train
dev_0005234,normal,,normal_standard,0,train
dev_0005235,normal,,normal_standard,0,train
dev_0005236,normal,,normal_standard,0,train
dev_0005237,normal,,normal_standard,0,train
dev_0005238,normal,,normal_standard,0,train
dev_0005239,normal,,normal_standard,0,validation
dev_0005240,normal,,normal_standard,0,train
dev_0005241,normal,,normal_standard,0,train
dev_0005242,normal,,normal_standard,0,train
dev_0005243,normal,,normal_standard,0,train
dev_0005244,normal,,normal_standard,0,train
dev_0005245,normal,,normal_standard,0,train
dev_0005246,normal,,normal_standard,0,validation
dev_0005247,normal,,normal_standard,0,train
dev_0005248,normal,,normal_standard,0,train
dev_0005249,normal,,normal_standard,0,train
dev_0005250,normal,,normal_standard,0,train
dev_0005251,normal,,normal_standard,0,validation
dev_0005252,normal,,normal_standard,0,train
dev_0005253,normal,,normal_standard,0,validation
dev_0005254,normal,,normal_standard,0,validation
dev_0005255,normal,,normal_standard,0,train
dev_0005256,normal,,normal_standard,0,train
dev_0005257,normal,,normal_standard,0,train
dev_0005258,normal,,normal_standard,0,train
dev_0005259,normal,,normal_standard,0,validation
dev_0005260,normal,,normal_standard,0,train
dev_0005261,normal,,normal_standard,0,train
dev_0005262,normal,,normal_standard,0,train
dev_0005263,normal,,normal_standard,0,train
dev_0005264,normal,,normal_standard,0,train
dev_0005265,normal,,normal_standard,0,validation
dev_0005266,normal,,normal_standard,0,train
dev_0005267,normal,,normal_standard,0,train
dev_0005268,normal,,normal_standard,0,validation
dev_0005269,normal,,normal_standard,0,validation
dev_0005270,normal,,normal_standard,0,train
dev_0005271,normal,,normal_standard,0,train
dev_0005272,normal,,normal_standard,0,train
dev_0005273,normal,,normal_standard,0,train
dev_0005274,normal,,normal_standard,0,train
dev_0005275,normal,,normal_standard,0,train
dev_0005276,normal,,normal_standard,0,train
dev_0005277,normal,,normal_standard,0,train
dev_0005278,normal,,normal_standard,0,train
dev_0005279,normal,,normal_standard,0,validation
dev_0005280,normal,,normal_standard,0,train
dev_0005281,normal,,normal_standard,0,train
dev_0005282,normal,,normal_standard,0,train
dev_0005283,normal,,normal_standard,0,train
dev_0005284,normal,,normal_standard,0,train
dev_0005285,normal,,normal_standard,0,validation
dev_0005286,normal,,normal_standard,0,train
dev_0005287,normal,,normal_standard,0,validation
dev_0005288,normal,,normal_standard,0,train
dev_0005289,normal,,normal_standard,0,train
dev_0005290,normal,,normal_standard,0,train
dev_0005291,normal,,normal_standard,0,train
dev_0005292,normal,,normal_standard,0,train
dev_0005293,normal,,normal_standard,0,validation
dev_0005294,normal,,normal_standard,0,train
dev_0005295,normal,,normal_standard,0,train
dev_0005296,normal,,normal_standard,0,train
dev_0005297,normal,,normal_standard,0,train
dev_0005298,normal,,normal_standard,0,validation
dev_0005299,normal,,normal_standard,0,train
dev_0005300,normal,,normal_standard,0,train
dev_0005301,normal,,normal_standard,0,train
dev_0005302,normal,,normal_standard,0,train
dev_0005303,normal,,normal_standard,0,train
dev_0005304,normal,,normal_standard,0,train
dev_0005305,normal,,normal_standard,0,train
dev_0005306,normal,,normal_standard,0,train
dev_0005307,normal,,normal_standard,0,train
dev_0005308,normal,,normal_standard,0,train
dev_0005309,normal,,normal_standard,0,validation
dev_0005310,normal,,normal_standard,0,train
dev_0005311,normal,,normal_standard,0,train
dev_0005312,normal,,normal_standard,0,train
dev_0005313,normal,,normal_standard,0,validation
dev_0005314,normal,,normal_standard,0,train
dev_0005315,normal,,normal_standard,0,train
dev_0005316,normal,,normal_standard,0,train
dev_0005317,normal,,normal_standard,0,train
dev_0005318,normal,,normal_standard,0,train
dev_0005319,normal,,normal_standard,0,train
dev_0005320,normal,,normal_standard,0,train
dev_0005321,normal,,normal_standard,0,train
dev_0005322,normal,,normal_standard,0,train
dev_0005323,normal,,normal_standard,0,train
dev_0005324,normal,,normal_standard,0,train
dev_0005325,normal,,normal_standard,0,validation
dev_0005326,normal,,normal_standard,0,train
dev_0005327,normal,,normal_standard,0,train
dev_0005328,normal,,normal_standard,0,validation
dev_0005329,normal,,normal_standard,0,train
dev_0005330,normal,,normal_standard,0,train
dev_0005331,normal,,normal_standard,0,train
dev_0005332,normal,,normal_standard,0,train
dev_0005333,normal,,normal_standard,0,train
dev_0005334,normal,,normal_standard,0,train
dev_0005335,normal,,normal_standard,0,validation
dev_0005336,normal,,normal_standard,0,train
dev_0005337,normal,,normal_standard,0,train
dev_0005338,normal,,normal_standard,0,train
dev_0005339,normal,,normal_standard,0,validation
dev_0005340,normal,,normal_standard,0,train
dev_0005341,normal,,normal_standard,0,train
dev_0005342,normal,,normal_standard,0,train
dev_0005343,normal,,normal_standard,0,validation
dev_0005344,normal,,normal_standard,0,train
dev_0005345,normal,,normal_standard,0,train
dev_0005346,normal,,normal_standard,0,train
dev_0005347,normal,,normal_standard,0,train
dev_0005348,normal,,normal_standard,0,train
dev_0005349,normal,,normal_standard,0,train
dev_0005350,normal,,normal_standard,0,validation
dev_0005351,normal,,normal_standard,0,train
dev_0005352,normal,,normal_standard,0,train
dev_0005353,normal,,normal_standard,0,train
dev_0005354,normal,,normal_standard,0,validation
dev_0005355,normal,,normal_standard,0,train
dev_0005356,normal,,normal_standard,0,train
dev_0005357,normal,,normal_standard,0,validation
dev_0005358,normal,,normal_standard,0,train
dev_0005359,normal,,normal_standard,0,train
dev_0005360,normal,,normal_standard,0,validation
dev_0005361,normal,,normal_standard,0,train
dev_0005362,normal,,normal_standard,0,validation
dev_0005363,normal,,normal_standard,0,train
dev_0005364,normal,,normal_standard,0,train
dev_0005365,normal,,normal_standard,0,train
dev_0005366,normal,,normal_standard,0,validation
dev_0005367,normal,,normal_standard,0,train
dev_0005368,normal,,normal_standard,0,train
dev_0005369,normal,,normal_standard,0,train
dev_0005370,normal,,normal_standard,0,train
dev_0005371,normal,,normal_standard,0,train
dev_0005372,normal,,normal_standard,0,train
dev_0005373,normal,,normal_standard,0,train
dev_0005374,normal,,normal_standard,0,train
dev_0005375,normal,,normal_standard,0,validation
dev_0005376,normal,,normal_standard,0,train
dev_0005377,normal,,normal_standard,0,train
dev_0005378,normal,,normal_standard,0,train
dev_0005379,normal,,normal_standard,0,train
dev_0005380,normal,,normal_standard,0,train
dev_0005381,normal,,normal_standard,0,train
dev_0005382,normal,,normal_standard,0,train
dev_0005383,normal,,normal_standard,0,train
dev_0005384,normal,,normal_standard,0,train
dev_0005385,normal,,normal_standard,0,train
dev_0005386,normal,,normal_standard,0,train
dev_0005387,normal,,normal_standard,0,validation
dev_0005388,normal,,normal_standard,0,train
dev_0005389,normal,,normal_standard,0,train
dev_0005390,normal,,normal_standard,0,validation
dev_0005391,normal,,normal_standard,0,train
dev_0005392,normal,,normal_standard,0,train
dev_0005393,normal,,normal_standard,0,validation
dev_0005394,normal,,normal_standard,0,train
dev_0005395,normal,,normal_standard,0,train
dev_0005396,normal,,normal_standard,0,train
dev_0005397,normal,,normal_standard,0,train
dev_0005398,normal,,normal_standard,0,validation
dev_0005399,normal,,normal_standard,0,train
dev_0005400,normal,,normal_standard,0,train
dev_0005401,normal,,normal_standard,0,train
dev_0005402,normal,,normal_standard,0,train
dev_0005403,normal,,normal_standard,0,train
dev_0005404,normal,,normal_standard,0,train
dev_0005405,normal,,normal_standard,0,train
dev_0005406,normal,,normal_standard,0,train
dev_0005407,normal,,normal_standard,0,train
dev_0005408,normal,,normal_standard,0,validation
dev_0005409,normal,,normal_standard,0,train
dev_0005410,normal,,normal_standard,0,validation
dev_0005411,normal,,normal_standard,0,train
dev_0005412,normal,,normal_standard,0,train
dev_0005413,normal,,normal_standard,0,train
dev_0005414,normal,,normal_standard,0,train
dev_0005415,normal,,normal_standard,0,validation
dev_0005416,normal,,normal_standard,0,train
dev_0005417,normal,,normal_standard,0,train
dev_0005418,normal,,normal_standard,0,train
dev_0005419,normal,,normal_standard,0,train
dev_0005420,normal,,normal_standard,0,train
dev_0005421,normal,,normal_standard,0,train
dev_0005422,normal,,normal_standard,0,train
dev_0005423,normal,,normal_standard,0,validation
dev_0005424,normal,,normal_standard,0,train
dev_0005425,normal,,normal_standard,0,train
dev_0005426,normal,,normal_standard,0,train
dev_0005427,normal,,normal_standard,0,train
dev_0005428,normal,,normal_standard,0,validation
dev_0005429,normal,,normal_standard,0,train
dev_0005430,normal,,normal_standard,0,train
dev_0005431,normal,,normal_standard,0,train
dev_0005432,normal,,normal_standard,0,train
dev_0005433,normal,,normal_standard,0,validation
dev_0005434,normal,,normal_standard,0,train
dev_0005435,normal,,normal_standard,0,validation
dev_0005436,normal,,normal_standard,0,validation
dev_0005437,normal,,normal_standard,0,train
dev_0005438,normal,,normal_standard,0,train
dev_0005439,normal,,normal_standard,0,train
dev_0005440,normal,,normal_standard,0,train
dev_0005441,normal,,normal_standard,0,train
dev_0005442,normal,,normal_standard,0,train
dev_0005443,normal,,normal_standard,0,train
dev_0005444,normal,,normal_standard,0,train
dev_0005445,normal,,normal_standard,0,train
dev_0005446,normal,,normal_standard,0,validation
dev_0005447,normal,,normal_standard,0,train
dev_0005448,normal,,normal_standard,0,validation
dev_0005449,normal,,normal_standard,0,train
dev_0005450,normal,,normal_standard,0,train
dev_0005451,normal,,normal_standard,0,train
dev_0005452,normal,,normal_standard,0,train
dev_0005453,normal,,normal_standard,0,train
dev_0005454,normal,,normal_standard,0,train
dev_0005455,normal,,normal_standard,0,train
dev_0005456,normal,,normal_standard,0,train
dev_0005457,normal,,normal_standard,0,train
dev_0005458,normal,,normal_standard,0,validation
dev_0005459,normal,,normal_standard,0,train
dev_0005460,normal,,normal_standard,0,train
dev_0005461,normal,,normal_standard,0,train
dev_0005462,normal,,normal_standard,0,train
dev_0005463,normal,,normal_standard,0,train
dev_0005464,normal,,normal_standard,0,train
dev_0005465,normal,,normal_standard,0,train
dev_0005466,normal,,normal_standard,0,validation
dev_0005467,normal,,normal_standard,0,train
dev_0005468,normal,,normal_standard,0,train
dev_0005469,normal,,normal_standard,0,validation
dev_0005470,normal,,normal_standard,0,validation
dev_0005471,normal,,normal_standard,0,train
dev_0005472,normal,,normal_standard,0,train
dev_0005473,normal,,normal_standard,0,validation
dev_0005474,normal,,normal_standard,0,train
dev_0005475,normal,,normal_standard,0,train
dev_0005476,normal,,normal_standard,0,validation
dev_0005477,normal,,normal_standard,0,validation
dev_0005478,normal,,normal_standard,0,train
dev_0005479,normal,,normal_standard,0,train
dev_0005480,normal,,normal_standard,0,train
dev_0005481,normal,,normal_standard,0,train
dev_0005482,normal,,normal_standard,0,validation
dev_0005483,normal,,normal_standard,0,train
dev_0005484,normal,,normal_standard,0,train
dev_0005485,normal,,normal_standard,0,train
dev_0005486,normal,,normal_standard,0,validation
dev_0005487,normal,,normal_standard,0,train
dev_0005488,normal,,normal_standard,0,validation
dev_0005489,normal,,normal_standard,0,train
dev_0005490,normal,,normal_standard,0,train
dev_0005491,normal,,normal_standard,0,validation
dev_0005492,normal,,normal_standard,0,train
dev_0005493,normal,,normal_standard,0,train
dev_0005494,normal,,normal_standard,0,train
dev_0005495,normal,,normal_standard,0,train
dev_0005496,normal,,normal_standard,0,validation
dev_0005497,normal,,normal_standard,0,train
dev_0005498,normal,,normal_standard,0,train
dev_0005499,normal,,normal_standard,0,train
dev_0005500,normal,,normal_standard,0,validation
dev_0005501,normal,,normal_standard,0,train
dev_0005502,normal,,normal_standard,0,train
dev_0005503,normal,,normal_standard,0,train
dev_0005504,normal,,normal_standard,0,train
dev_0005505,normal,,normal_standard,0,train
dev_0005506,normal,,normal_standard,0,train
dev_0005507,normal,,normal_standard,0,train
dev_0005508,normal,,normal_standard,0,train
dev_0005509,normal,,normal_standard,0,train
dev_0005510,normal,,normal_standard,0,train
dev_0005511,normal,,normal_standard,0,validation
dev_0005512,normal,,normal_standard,0,train
dev_0005513,normal,,normal_standard,0,validation
dev_0005514,normal,,normal_standard,0,train
dev_0005515,normal,,normal_standard,0,train
dev_0005516,normal,,normal_standard,0,train
dev_0005517,normal,,normal_standard,0,train
dev_0005518,normal,,normal_standard,0,validation
dev_0005519,normal,,normal_standard,0,train
dev_0005520,normal,,normal_standard,0,validation
dev_0005521,normal,,normal_standard,0,train
dev_0005522,normal,,normal_standard,0,train
dev_0005523,normal,,normal_standard,0,train
dev_0005524,normal,,normal_standard,0,validation
dev_0005525,normal,,normal_standard,0,train
dev_0005526,normal,,normal_standard,0,train
dev_0005527,normal,,normal_standard,0,train
dev_0005528,normal,,normal_standard,0,train
dev_0005529,normal,,normal_standard,0,validation
dev_0005530,normal,,normal_standard,0,train
dev_0005531,normal,,normal_standard,0,train
dev_0005532,normal,,normal_standard,0,train
dev_0005533,normal,,normal_standard,0,train
dev_0005534,normal,,normal_standard,0,train
dev_0005535,normal,,normal_standard,0,train
dev_0005536,normal,,normal_standard,0,validation
dev_0005537,normal,,normal_standard,0,train
dev_0005538,normal,,normal_standard,0,train
dev_0005539,normal,,normal_standard,0,validation
dev_0005540,normal,,normal_standard,0,train
dev_0005541,normal,,normal_standard,0,train
dev_0005542,normal,,normal_standard,0,train
dev_0005543,normal,,normal_standard,0,train
dev_0005544,normal,,normal_standard,0,train
dev_0005545,normal,,normal_standard,0,train
dev_0005546,normal,,normal_standard,0,validation
dev_0005547,normal,,normal_standard,0,train
dev_0005548,normal,,normal_standard,0,validation
dev_0005549,normal,,normal_standard,0,train
dev_0005550,normal,,normal_standard,0,train
dev_0005551,normal,,normal_standard,0,train
dev_0005552,normal,,normal_standard,0,train
dev_0005553,normal,,normal_standard,0,train
dev_0005554,normal,,normal_standard,0,validation
dev_0005555,normal,,normal_standard,0,train
dev_0005556,normal,,normal_standard,0,train
dev_0005557,normal,,normal_standard,0,train
dev_0005558,normal,,normal_standard,0,train
dev_0005559,normal,,normal_standard,0,train
dev_0005560,normal,,normal_standard,0,train
dev_0005561,normal,,normal_standard,0,train
dev_0005562,normal,,normal_standard,0,validation
dev_0005563,normal,,normal_standard,0,train
dev_0005564,normal,,normal_standard,0,validation
dev_0005565,normal,,normal_standard,0,validation
dev_0005566,normal,,normal_standard,0,train
dev_0005567,normal,,normal_standard,0,validation
dev_0005568,normal,,normal_standard,0,validation
dev_0005569,normal,,normal_standard,0,train
dev_0005570,normal,,normal_standard,0,train
dev_0005571,normal,,normal_standard,0,train
dev_0005572,normal,,normal_standard,0,train
dev_0005573,normal,,normal_standard,0,train
dev_0005574,normal,,normal_standard,0,train
dev_0005575,normal,,normal_standard,0,train
dev_0005576,normal,,normal_standard,0,train
dev_0005577,normal,,normal_standard,0,train
dev_0005578,normal,,normal_standard,0,train
dev_0005579,normal,,normal_standard,0,train
dev_0005580,normal,,normal_standard,0,train
dev_0005581,normal,,normal_standard,0,validation
dev_0005582,normal,,normal_standard,0,train
dev_0005583,normal,,normal_standard,0,train
dev_0005584,normal,,normal_standard,0,train
dev_0005585,normal,,normal_standard,0,train
dev_0005586,normal,,normal_standard,0,validation
dev_0005587,normal,,normal_standard,0,train
dev_0005588,normal,,normal_standard,0,validation
dev_0005589,normal,,normal_standard,0,train
dev_0005590,normal,,normal_standard,0,train
dev_0005591,normal,,normal_standard,0,train
dev_0005592,normal,,normal_standard,0,train
dev_0005593,normal,,normal_standard,0,train
dev_0005594,normal,,normal_standard,0,train
dev_0005595,normal,,normal_standard,0,validation
dev_0005596,normal,,normal_standard,0,train
dev_0005597,normal,,normal_standard,0,train
dev_0005598,normal,,normal_standard,0,train
dev_0005599,normal,,normal_standard,0,validation
dev_0005600,normal,,normal_standard,0,train
dev_0005601,normal,,normal_standard,0,train
dev_0005602,normal,,normal_standard,0,train
dev_0005603,normal,,normal_standard,0,train
dev_0005604,normal,,normal_standard,0,validation
dev_0005605,normal,,normal_standard,0,validation
dev_0005606,normal,,normal_standard,0,validation
dev_0005607,normal,,normal_standard,0,train
dev_0005608,normal,,normal_standard,0,validation
dev_0005609,normal,,normal_standard,0,train
dev_0005610,normal,,normal_standard,0,train
dev_0005611,normal,,normal_standard,0,train
dev_0005612,normal,,normal_standard,0,validation
dev_0005613,normal,,normal_standard,0,train
dev_0005614,normal,,normal_standard,0,train
dev_0005615,normal,,normal_standard,0,train
dev_0005616,normal,,normal_standard,0,validation
dev_0005617,normal,,normal_standard,0,train
dev_0005618,normal,,normal_standard,0,train
dev_0005619,normal,,normal_standard,0,train
dev_0005620,normal,,normal_standard,0,train
dev_0005621,normal,,normal_standard,0,train
dev_0005622,normal,,normal_standard,0,train
dev_0005623,normal,,normal_standard,0,train
dev_0005624,normal,,normal_standard,0,train
dev_0005625,normal,,normal_standard,0,validation
dev_0005626,normal,,normal_standard,0,validation
dev_0005627,normal,,normal_standard,0,validation
dev_0005628,normal,,normal_standard,0,train
dev_0005629,normal,,normal_standard,0,validation
dev_0005630,normal,,normal_standard,0,train
dev_0005631,normal,,normal_standard,0,train
dev_0005632,normal,,normal_standard,0,train
dev_0005633,normal,,normal_standard,0,train
dev_0005634,normal,,normal_standard,0,train
dev_0005635,normal,,normal_standard,0,validation
dev_0005636,normal,,normal_standard,0,train
dev_0005637,normal,,normal_standard,0,train
dev_0005638,normal,,normal_standard,0,train
dev_0005639,normal,,normal_standard,0,train
dev_0005640,normal,,normal_standard,0,validation
dev_0005641,normal,,normal_standard,0,train
dev_0005642,normal,,normal_standard,0,train
dev_0005643,normal,,normal_standard,0,train
dev_0005644,normal,,normal_standard,0,train
dev_0005645,normal,,normal_standard,0,train
dev_0005646,normal,,normal_standard,0,validation
dev_0005647,normal,,normal_standard,0,train
dev_0005648,normal,,normal_standard,0,train
dev_0005649,normal,,normal_standard,0,train
dev_0005650,normal,,normal_standard,0,train
dev_0005651,normal,,normal_standard,0,train
dev_0005652,normal,,normal_standard,0,train
dev_0005653,normal,,normal_standard,0,validation
dev_0005654,normal,,normal_standard,0,train
dev_0005655,normal,,normal_standard,0,validation
dev_0005656,normal,,normal_standard,0,train
dev_0005657,normal,,normal_standard,0,train
dev_0005658,normal,,normal_standard,0,train
dev_0005659,normal,,normal_standard,0,validation
dev_0005660,normal,,normal_standard,0,validation
dev_0005661,normal,,normal_standard,0,train
dev_0005662,normal,,normal_standard,0,train
dev_0005663,normal,,normal_standard,0,train
dev_0005664,normal,,normal_standard,0,train
dev_0005665,normal,,normal_standard,0,train
dev_0005666,normal,,normal_standard,0,train
dev_0005667,normal,,normal_standard,0,train
dev_0005668,normal,,normal_standard,0,train
dev_0005669,normal,,normal_standard,0,train
dev_0005670,normal,,normal_standard,0,train
dev_0005671,normal,,normal_standard,0,train
dev_0005672,normal,,normal_standard,0,train
dev_0005673,normal,,normal_standard,0,train
dev_0005674,normal,,normal_standard,0,train
dev_0005675,normal,,normal_standard,0,train
dev_0005676,normal,,normal_standard,0,validation
dev_0005677,normal,,normal_standard,0,validation
dev_0005678,normal,,normal_standard,0,train
dev_0005679,normal,,normal_standard,0,validation
dev_0005680,normal,,normal_standard,0,validation
dev_0005681,normal,,normal_standard,0,train
dev_0005682,normal,,normal_standard,0,train
dev_0005683,normal,,normal_standard,0,validation
dev_0005684,normal,,normal_standard,0,train
dev_0005685,normal,,normal_standard,0,validation
dev_0005686,normal,,normal_standard,0,train
dev_0005687,normal,,normal_standard,0,train
dev_0005688,normal,,normal_standard,0,train
dev_0005689,normal,,normal_standard,0,train
dev_0005690,normal,,normal_standard,0,train
dev_0005691,normal,,normal_standard,0,validation
dev_0005692,normal,,normal_standard,0,train
dev_0005693,normal,,normal_standard,0,train
dev_0005694,normal,,normal_standard,0,train
dev_0005695,normal,,normal_standard,0,train
dev_0005696,normal,,normal_standard,0,train
dev_0005697,normal,,normal_standard,0,train
dev_0005698,normal,,normal_standard,0,train
dev_0005699,normal,,normal_standard,0,train
dev_0005700,normal,,normal_standard,0,train
dev_0005701,normal,,normal_standard,0,train
dev_0005702,normal,,normal_standard,0,train
dev_0005703,normal,,normal_standard,0,train
dev_0005704,normal,,normal_standard,0,train
dev_0005705,normal,,normal_standard,0,train
dev_0005706,normal,,normal_standard,0,train
dev_0005707,normal,,normal_standard,0,train
dev_0005708,normal,,normal_standard,0,train
dev_0005709,normal,,normal_standard,0,train
dev_0005710,normal,,normal_standard,0,train
dev_0005711,normal,,normal_standard,0,train
dev_0005712,normal,,normal_standard,0,train
dev_0005713,normal,,normal_standard,0,train
dev_0005714,normal,,normal_standard,0,train
dev_0005715,normal,,normal_standard,0,train
dev_0005716,normal,,normal_standard,0,validation
dev_0005717,normal,,normal_standard,0,train
dev_0005718,normal,,normal_standard,0,train
dev_0005719,normal,,normal_standard,0,train
dev_0005720,normal,,normal_standard,0,validation
dev_0005721,normal,,normal_standard,0,train
dev_0005722,normal,,normal_standard,0,train
dev_0005723,normal,,normal_standard,0,train
dev_0005724,normal,,normal_standard,0,train
dev_0005725,normal,,normal_standard,0,train
dev_0005726,normal,,normal_standard,0,train
dev_0005727,normal,,normal_standard,0,train
dev_0005728,normal,,normal_standard,0,train
dev_0005729,normal,,normal_standard,0,validation
dev_0005730,normal,,normal_standard,0,train
dev_0005731,normal,,normal_standard,0,train
dev_0005732,normal,,normal_standard,0,train
dev_0005733,normal,,normal_standard,0,train
dev_0005734,normal,,normal_standard,0,validation
dev_0005735,normal,,normal_standard,0,train
dev_0005736,normal,,normal_standard,0,train
dev_0005737,normal,,normal_standard,0,validation
dev_0005738,normal,,normal_standard,0,train
dev_0005739,normal,,normal_standard,0,train
dev_0005740,normal,,normal_standard,0,train
dev_0005741,normal,,normal_standard,0,train
dev_0005742,normal,,normal_standard,0,train
dev_0005743,normal,,normal_standard,0,train
dev_0005744,normal,,normal_standard,0,train
dev_0005745,normal,,normal_standard,0,validation
dev_0005746,normal,,normal_standard,0,train
dev_0005747,normal,,normal_standard,0,train
dev_0005748,normal,,normal_standard,0,train
dev_0005749,normal,,normal_standard,0,train
dev_0005750,normal,,normal_standard,0,train
dev_0005751,normal,,normal_standard,0,train
dev_0005752,normal,,normal_standard,0,train
dev_0005753,normal,,normal_standard,0,train
dev_0005754,normal,,normal_standard,0,validation
dev_0005755,normal,,normal_standard,0,train
dev_0005756,normal,,normal_standard,0,train
dev_0005757,normal,,normal_standard,0,train
dev_0005758,normal,,normal_standard,0,train
dev_0005759,normal,,normal_standard,0,train
dev_0005760,normal,,normal_standard,0,train
dev_0005761,normal,,normal_standard,0,train
dev_0005762,normal,,normal_standard,0,train
dev_0005763,normal,,normal_standard,0,train
dev_0005764,normal,,normal_standard,0,train
dev_0005765,normal,,normal_standard,0,train
dev_0005766,normal,,normal_standard,0,validation
dev_0005767,normal,,normal_standard,0,train
dev_0005768,normal,,normal_standard,0,train
dev_0005769,normal,,normal_standard,0,train
dev_0005770,normal,,normal_standard,0,train
dev_0005771,normal,,normal_standard,0,train
dev_0005772,normal,,normal_standard,0,train
dev_0005773,normal,,normal_standard,0,train
dev_0005774,normal,,normal_standard,0,train
dev_0005775,normal,,normal_standard,0,validation
dev_0005776,normal,,normal_standard,0,validation
dev_0005777,normal,,normal_standard,0,train
dev_0005778,normal,,normal_standard,0,train
dev_0005779,normal,,normal_standard,0,train
dev_0005780,normal,,normal_standard,0,train
dev_0005781,normal,,normal_standard,0,train
dev_0005782,normal,,normal_standard,0,train
dev_0005783,normal,,normal_standard,0,train
dev_0005784,normal,,normal_standard,0,train
dev_0005785,normal,,normal_standard,0,train
dev_0005786,normal,,normal_standard,0,train
dev_0005787,normal,,normal_standard,0,train
dev_0005788,normal,,normal_standard,0,train
dev_0005789,normal,,normal_standard,0,train
dev_0005790,normal,,normal_standard,0,train
dev_0005791,normal,,normal_standard,0,train
dev_0005792,normal,,normal_standard,0,train
dev_0005793,normal,,normal_standard,0,train
dev_0005794,normal,,normal_standard,0,train
dev_0005795,normal,,normal_standard,0,validation
dev_0005796,normal,,normal_standard,0,train
dev_0005797,normal,,normal_standard,0,train
dev_0005798,normal,,normal_standard,0,train
dev_0005799,normal,,normal_standard,0,train
dev_0005800,normal,,normal_standard,0,train
dev_0005801,normal,,normal_standard,0,train
dev_0005802,normal,,normal_standard,0,validation
dev_0005803,normal,,normal_standard,0,train
dev_0005804,normal,,normal_standard,0,train
dev_0005805,normal,,normal_standard,0,train
dev_0005806,normal,,normal_standard,0,train
dev_0005807,normal,,normal_standard,0,validation
dev_0005808,normal,,normal_standard,0,validation
dev_0005809,normal,,normal_standard,0,train
dev_0005810,normal,,normal_standard,0,train
dev_0005811,normal,,normal_standard,0,train
dev_0005812,normal,,normal_standard,0,train
dev_0005813,normal,,normal_standard,0,train
dev_0005814,normal,,normal_standard,0,train
dev_0005815,normal,,normal_standard,0,train
dev_0005816,normal,,normal_standard,0,validation
dev_0005817,normal,,normal_standard,0,train
dev_0005818,normal,,normal_standard,0,train
dev_0005819,normal,,normal_standard,0,train
dev_0005820,normal,,normal_standard,0,validation
dev_0005821,normal,,normal_standard,0,train
dev_0005822,normal,,normal_standard,0,train
dev_0005823,normal,,normal_standard,0,train
dev_0005824,normal,,normal_standard,0,train
dev_0005825,normal,,normal_standard,0,train
dev_0005826,normal,,normal_standard,0,train
dev_0005827,normal,,normal_standard,0,validation
dev_0005828,normal,,normal_standard,0,train
dev_0005829,normal,,normal_standard,0,train
dev_0005830,normal,,normal_standard,0,validation
dev_0005831,normal,,normal_standard,0,train
dev_0005832,normal,,normal_standard,0,train
dev_0005833,normal,,normal_standard,0,validation
dev_0005834,normal,,normal_standard,0,train
dev_0005835,normal,,normal_standard,0,train
dev_0005836,normal,,normal_standard,0,train
dev_0005837,normal,,normal_standard,0,train
dev_0005838,normal,,normal_standard,0,train
dev_0005839,normal,,normal_standard,0,train
dev_0005840,normal,,normal_standard,0,train
dev_0005841,normal,,normal_standard,0,validation
dev_0005842,normal,,normal_standard,0,train
dev_0005843,normal,,normal_standard,0,train
dev_0005844,normal,,normal_standard,0,train
dev_0005845,normal,,normal_standard,0,train
dev_0005846,normal,,normal_standard,0,train
dev_0005847,normal,,normal_standard,0,train
dev_0005848,normal,,normal_standard,0,train
dev_0005849,normal,,normal_standard,0,train
dev_0005850,normal,,normal_standard,0,train
dev_0005851,normal,,normal_standard,0,train
dev_0005852,normal,,normal_standard,0,train
dev_0005853,normal,,normal_standard,0,validation
dev_0005854,normal,,normal_standard,0,train
dev_0005855,normal,,normal_standard,0,train
dev_0005856,normal,,normal_standard,0,train
dev_0005857,normal,,normal_standard,0,validation
dev_0005858,normal,,normal_standard,0,train
dev_0005859,normal,,normal_standard,0,train
dev_0005860,normal,,normal_standard,0,train
dev_0005861,normal,,normal_standard,0,train
dev_0005862,normal,,normal_standard,0,train
dev_0005863,normal,,normal_standard,0,train
dev_0005864,normal,,normal_standard,0,validation
dev_0005865,normal,,normal_standard,0,train
dev_0005866,normal,,normal_standard,0,train
dev_0005867,normal,,normal_standard,0,validation
dev_0005868,normal,,normal_standard,0,train
dev_0005869,normal,,normal_standard,0,validation
dev_0005870,normal,,normal_standard,0,validation
dev_0005871,normal,,normal_standard,0,train
dev_0005872,normal,,normal_standard,0,train
dev_0005873,normal,,normal_standard,0,train
dev_0005874,normal,,normal_standard,0,validation
dev_0005875,normal,,normal_standard,0,train
dev_0005876,normal,,normal_standard,0,train
dev_0005877,normal,,normal_standard,0,train
dev_0005878,normal,,normal_standard,0,train
dev_0005879,normal,,normal_standard,0,train
dev_0005880,normal,,normal_standard,0,train
dev_0005881,normal,,normal_standard,0,train
dev_0005882,normal,,normal_standard,0,train
dev_0005883,normal,,normal_standard,0,validation
dev_0005884,normal,,normal_standard,0,train
dev_0005885,normal,,normal_standard,0,train
dev_0005886,normal,,normal_standard,0,validation
dev_0005887,normal,,normal_standard,0,train
dev_0005888,normal,,normal_standard,0,train
dev_0005889,normal,,normal_standard,0,train
dev_0005890,normal,,normal_standard,0,train
dev_0005891,normal,,normal_standard,0,train
dev_0005892,normal,,normal_standard,0,train
dev_0005893,normal,,normal_standard,0,train
dev_0005894,normal,,normal_standard,0,train
dev_0005895,normal,,normal_standard,0,train
dev_0005896,normal,,normal_standard,0,train
dev_0005897,normal,,normal_standard,0,train
dev_0005898,normal,,normal_standard,0,train
dev_0005899,normal,,normal_standard,0,train
dev_0005900,normal,,normal_standard,0,validation
dev_0005901,normal,,normal_standard,0,train
dev_0005902,normal,,normal_standard,0,train
dev_0005903,normal,,normal_standard,0,validation
dev_0005904,normal,,normal_standard,0,validation
dev_0005905,normal,,normal_standard,0,train
dev_0005906,normal,,normal_standard,0,train
dev_0005907,normal,,normal_standard,0,train
dev_0005908,normal,,normal_standard,0,validation
dev_0005909,normal,,normal_standard,0,train
dev_0005910,normal,,normal_standard,0,train
dev_0005911,normal,,normal_standard,0,validation
dev_0005912,normal,,normal_standard,0,train
dev_0005913,normal,,normal_standard,0,validation
dev_0005914,normal,,normal_standard,0,train
dev_0005915,normal,,normal_standard,0,train
dev_0005916,normal,,normal_standard,0,train
dev_0005917,normal,,normal_standard,0,train
dev_0005918,normal,,normal_standard,0,train
dev_0005919,normal,,normal_standard,0,train
dev_0005920,normal,,normal_standard,0,train
dev_0005921,normal,,normal_standard,0,train
dev_0005922,normal,,normal_standard,0,train
dev_0005923,normal,,normal_standard,0,train
dev_0005924,normal,,normal_standard,0,validation
dev_0005925,normal,,normal_standard,0,train
dev_0005926,normal,,normal_standard,0,validation
dev_0005927,normal,,normal_standard,0,train
dev_0005928,normal,,normal_standard,0,train
dev_0005929,normal,,normal_standard,0,train
dev_0005930,normal,,normal_standard,0,train
dev_0005931,normal,,normal_standard,0,train
dev_0005932,normal,,normal_standard,0,train
dev_0005933,normal,,normal_standard,0,train
dev_0005934,normal,,normal_standard,0,train
dev_0005935,normal,,normal_standard,0,validation
dev_0005936,normal,,normal_standard,0,train
dev_0005937,normal,,normal_standard,0,validation
dev_0005938,normal,,normal_standard,0,train
dev_0005939,normal,,normal_standard,0,validation
dev_0005940,normal,,normal_standard,0,train
dev_0005941,normal,,normal_standard,0,validation
dev_0005942,normal,,normal_standard,0,train
dev_0005943,normal,,normal_standard,0,train
dev_0005944,normal,,normal_standard,0,train
dev_0005945,normal,,normal_standard,0,train
dev_0005946,normal,,normal_standard,0,train
dev_0005947,normal,,normal_standard,0,train
dev_0005948,normal,,normal_standard,0,train
dev_0005949,normal,,normal_standard,0,train
dev_0005950,normal,,normal_standard,0,train
dev_0005951,normal,,normal_standard,0,train
dev_0005952,normal,,normal_standard,0,train
dev_0005953,normal,,normal_standard,0,train
dev_0005954,normal,,normal_standard,0,train
dev_0005955,normal,,normal_standard,0,train
dev_0005956,normal,,normal_standard,0,train
dev_0005957,normal,,normal_standard,0,validation
dev_0005958,normal,,normal_standard,0,validation
dev_0005959,normal,,normal_standard,0,train
dev_0005960,normal,,normal_standard,0,validation
dev_0005961,normal,,normal_standard,0,validation
dev_0005962,normal,,normal_standard,0,train
dev_0005963,normal,,normal_standard,0,train
dev_0005964,normal,,normal_standard,0,train
dev_0005965,normal,,normal_standard,0,train
dev_0005966,normal,,normal_standard,0,train
dev_0005967,normal,,normal_standard,0,validation
dev_0005968,normal,,normal_standard,0,validation
dev_0005969,normal,,normal_standard,0,train
dev_0005970,normal,,normal_standard,0,train
dev_0005971,normal,,normal_standard,0,train
dev_0005972,normal,,normal_standard,0,train
dev_0005973,normal,,normal_standard,0,train
dev_0005974,normal,,normal_standard,0,train
dev_0005975,normal,,normal_standard,0,train
dev_0005976,normal,,normal_standard,0,validation
dev_0005977,normal,,normal_standard,0,train
dev_0005978,normal,,normal_standard,0,train
dev_0005979,normal,,normal_standard,0,train
dev_0005980,normal,,normal_standard,0,train
dev_0005981,normal,,normal_standard,0,train
dev_0005982,normal,,normal_standard,0,train
dev_0005983,normal,,normal_standard,0,train
dev_0005984,normal,,normal_standard,0,train
dev_0005985,normal,,normal_standard,0,validation
dev_0005986,normal,,normal_standard,0,train
dev_0005987,normal,,normal_standard,0,validation
dev_0005988,normal,,normal_standard,0,train
dev_0005989,normal,,normal_standard,0,train
dev_0005990,normal,,normal_standard,0,validation
dev_0005991,normal,,normal_standard,0,train
dev_0005992,normal,,normal_standard,0,validation
dev_0005993,normal,,normal_standard,0,train
dev_0005994,normal,,normal_standard,0,train
dev_0005995,normal,,normal_standard,0,train
dev_0005996,normal,,normal_standard,0,train
dev_0005997,normal,,normal_standard,0,validation
dev_0005998,normal,,normal_standard,0,train
dev_0005999,normal,,normal_standard,0,train
dev_0006000,normal,,normal_standard,0,train
dev_0006001,normal,,normal_bad_luck,0,train
dev_0006002,normal,,normal_bad_luck,0,train
dev_0006003,normal,,normal_bad_luck,0,validation
dev_0006004,normal,,normal_bad_luck,0,train
dev_0006005,normal,,normal_bad_luck,0,train
dev_0006006,normal,,normal_bad_luck,0,train
dev_0006007,normal,,normal_bad_luck,0,train
dev_0006008,normal,,normal_bad_luck,0,train
dev_0006009,normal,,normal_bad_luck,0,train
dev_0006010,normal,,normal_bad_luck,0,train
dev_0006011,normal,,normal_bad_luck,0,validation
dev_0006012,normal,,normal_bad_luck,0,train
dev_0006013,normal,,normal_bad_luck,0,train
dev_0006014,normal,,normal_bad_luck,0,train
dev_0006015,normal,,normal_bad_luck,0,validation
dev_0006016,normal,,normal_bad_luck,0,train
dev_0006017,normal,,normal_bad_luck,0,train
dev_0006018,normal,,normal_bad_luck,0,train
dev_0006019,normal,,normal_bad_luck,0,train
dev_0006020,normal,,normal_bad_luck,0,train
dev_0006021,normal,,normal_bad_luck,0,train
dev_0006022,normal,,normal_bad_luck,0,train
dev_0006023,normal,,normal_bad_luck,0,train
dev_0006024,normal,,normal_bad_luck,0,validation
dev_0006025,normal,,normal_bad_luck,0,train
dev_0006026,normal,,normal_bad_luck,0,train
dev_0006027,normal,,normal_bad_luck,0,train
dev_0006028,normal,,normal_bad_luck,0,train
dev_0006029,normal,,normal_bad_luck,0,train
dev_0006030,normal,,normal_bad_luck,0,train
dev_0006031,normal,,normal_bad_luck,0,train
dev_0006032,normal,,normal_bad_luck,0,train
dev_0006033,normal,,normal_bad_luck,0,train
dev_0006034,normal,,normal_bad_luck,0,train
dev_0006035,normal,,normal_bad_luck,0,train
dev_0006036,normal,,normal_bad_luck,0,train
dev_0006037,normal,,normal_bad_luck,0,train
dev_0006038,normal,,normal_bad_luck,0,train
dev_0006039,normal,,normal_bad_luck,0,train
dev_0006040,normal,,normal_bad_luck,0,train
dev_0006041,normal,,normal_bad_luck,0,train
dev_0006042,normal,,normal_bad_luck,0,validation
dev_0006043,normal,,normal_bad_luck,0,train
dev_0006044,normal,,normal_bad_luck,0,train
dev_0006045,normal,,normal_bad_luck,0,train
dev_0006046,normal,,normal_bad_luck,0,train
dev_0006047,normal,,normal_bad_luck,0,train
dev_0006048,normal,,normal_bad_luck,0,train
dev_0006049,normal,,normal_bad_luck,0,train
dev_0006050,normal,,normal_bad_luck,0,train
dev_0006051,normal,,normal_bad_luck,0,train
dev_0006052,normal,,normal_bad_luck,0,train
dev_0006053,normal,,normal_bad_luck,0,train
dev_0006054,normal,,normal_bad_luck,0,train
dev_0006055,normal,,normal_bad_luck,0,train
dev_0006056,normal,,normal_bad_luck,0,validation
dev_0006057,normal,,normal_bad_luck,0,validation
dev_0006058,normal,,normal_bad_luck,0,train
dev_0006059,normal,,normal_bad_luck,0,train
dev_0006060,normal,,normal_bad_luck,0,validation
dev_0006061,normal,,normal_bad_luck,0,validation
dev_0006062,normal,,normal_bad_luck,0,validation
dev_0006063,normal,,normal_bad_luck,0,train
dev_0006064,normal,,normal_bad_luck,0,train
dev_0006065,normal,,normal_bad_luck,0,train
dev_0006066,normal,,normal_bad_luck,0,train
dev_0006067,normal,,normal_bad_luck,0,train
dev_0006068,normal,,normal_bad_luck,0,validation
dev_0006069,normal,,normal_bad_luck,0,validation
dev_0006070,normal,,normal_bad_luck,0,train
dev_0006071,normal,,normal_bad_luck,0,validation
dev_0006072,normal,,normal_bad_luck,0,train
dev_0006073,normal,,normal_bad_luck,0,train
dev_0006074,normal,,normal_bad_luck,0,validation
dev_0006075,normal,,normal_bad_luck,0,train
dev_0006076,normal,,normal_bad_luck,0,validation
dev_0006077,normal,,normal_bad_luck,0,train
dev_0006078,normal,,normal_bad_luck,0,train
dev_0006079,normal,,normal_bad_luck,0,train
dev_0006080,normal,,normal_bad_luck,0,validation
dev_0006081,normal,,normal_bad_luck,0,train
dev_0006082,normal,,normal_bad_luck,0,train
dev_0006083,normal,,normal_bad_luck,0,train
dev_0006084,normal,,normal_bad_luck,0,train
dev_0006085,normal,,normal_bad_luck,0,train
dev_0006086,normal,,normal_bad_luck,0,validation
dev_0006087,normal,,normal_bad_luck,0,train
dev_0006088,normal,,normal_bad_luck,0,train
dev_0006089,normal,,normal_bad_luck,0,train
dev_0006090,normal,,normal_bad_luck,0,train
dev_0006091,normal,,normal_bad_luck,0,train
dev_0006092,normal,,normal_bad_luck,0,train
dev_0006093,normal,,normal_bad_luck,0,train
dev_0006094,normal,,normal_bad_luck,0,train
dev_0006095,normal,,normal_bad_luck,0,train
dev_0006096,normal,,normal_bad_luck,0,train
dev_0006097,normal,,normal_bad_luck,0,train
dev_0006098,normal,,normal_bad_luck,0,validation
dev_0006099,normal,,normal_bad_luck,0,train
dev_0006100,normal,,normal_bad_luck,0,train
dev_0006101,normal,,normal_bad_luck,0,train
dev_0006102,normal,,normal_bad_luck,0,validation
dev_0006103,normal,,normal_bad_luck,0,train
dev_0006104,normal,,normal_bad_luck,0,train
dev_0006105,normal,,normal_bad_luck,0,train
dev_0006106,normal,,normal_bad_luck,0,train
dev_0006107,normal,,normal_bad_luck,0,validation
dev_0006108,normal,,normal_bad_luck,0,train
dev_0006109,normal,,normal_bad_luck,0,train
dev_0006110,normal,,normal_bad_luck,0,train
dev_0006111,normal,,normal_bad_luck,0,train
dev_0006112,normal,,normal_bad_luck,0,train
dev_0006113,normal,,normal_bad_luck,0,train
dev_0006114,normal,,normal_bad_luck,0,validation
dev_0006115,normal,,normal_bad_luck,0,train
dev_0006116,normal,,normal_bad_luck,0,train
dev_0006117,normal,,normal_bad_luck,0,train
dev_0006118,normal,,normal_bad_luck,0,train
dev_0006119,normal,,normal_bad_luck,0,validation
dev_0006120,normal,,normal_bad_luck,0,train
dev_0006121,normal,,normal_bad_luck,0,train
dev_0006122,normal,,normal_bad_luck,0,train
dev_0006123,normal,,normal_bad_luck,0,validation
dev_0006124,normal,,normal_bad_luck,0,train
dev_0006125,normal,,normal_bad_luck,0,validation
dev_0006126,normal,,normal_bad_luck,0,train
dev_0006127,normal,,normal_bad_luck,0,validation
dev_0006128,normal,,normal_bad_luck,0,train
dev_0006129,normal,,normal_bad_luck,0,train
dev_0006130,normal,,normal_bad_luck,0,train
dev_0006131,normal,,normal_bad_luck,0,validation
dev_0006132,normal,,normal_bad_luck,0,train
dev_0006133,normal,,normal_bad_luck,0,train
dev_0006134,normal,,normal_bad_luck,0,train
dev_0006135,normal,,normal_bad_luck,0,train
dev_0006136,normal,,normal_bad_luck,0,validation
dev_0006137,normal,,normal_bad_luck,0,validation
dev_0006138,normal,,normal_bad_luck,0,train
dev_0006139,normal,,normal_bad_luck,0,train
dev_0006140,normal,,normal_bad_luck,0,validation
dev_0006141,normal,,normal_bad_luck,0,validation
dev_0006142,normal,,normal_bad_luck,0,train
dev_0006143,normal,,normal_bad_luck,0,train
dev_0006144,normal,,normal_bad_luck,0,train
dev_0006145,normal,,normal_bad_luck,0,train
dev_0006146,normal,,normal_bad_luck,0,train
dev_0006147,normal,,normal_bad_luck,0,train
dev_0006148,normal,,normal_bad_luck,0,train
dev_0006149,normal,,normal_bad_luck,0,train
dev_0006150,normal,,normal_bad_luck,0,train
dev_0006151,normal,,normal_bad_luck,0,train
dev_0006152,normal,,normal_bad_luck,0,validation
dev_0006153,normal,,normal_bad_luck,0,train
dev_0006154,normal,,normal_bad_luck,0,train
dev_0006155,normal,,normal_bad_luck,0,validation
dev_0006156,normal,,normal_bad_luck,0,train
dev_0006157,normal,,normal_bad_luck,0,train
dev_0006158,normal,,normal_bad_luck,0,validation
dev_0006159,normal,,normal_bad_luck,0,train
dev_0006160,normal,,normal_bad_luck,0,train
dev_0006161,normal,,normal_bad_luck,0,validation
dev_0006162,normal,,normal_bad_luck,0,train
dev_0006163,normal,,normal_bad_luck,0,train
dev_0006164,normal,,normal_bad_luck,0,train
dev_0006165,normal,,normal_bad_luck,0,validation
dev_0006166,normal,,normal_bad_luck,0,train
dev_0006167,normal,,normal_bad_luck,0,validation
dev_0006168,normal,,normal_bad_luck,0,train
dev_0006169,normal,,normal_bad_luck,0,train
dev_0006170,normal,,normal_bad_luck,0,train
dev_0006171,normal,,normal_bad_luck,0,train
dev_0006172,normal,,normal_bad_luck,0,train
dev_0006173,normal,,normal_bad_luck,0,train
dev_0006174,normal,,normal_bad_luck,0,train
dev_0006175,normal,,normal_bad_luck,0,train
dev_0006176,normal,,normal_bad_luck,0,train
dev_0006177,normal,,normal_bad_luck,0,train
dev_0006178,normal,,normal_bad_luck,0,train
dev_0006179,normal,,normal_bad_luck,0,train
dev_0006180,normal,,normal_bad_luck,0,train
dev_0006181,normal,,normal_bad_luck,0,train
dev_0006182,normal,,normal_bad_luck,0,train
dev_0006183,normal,,normal_bad_luck,0,train
dev_0006184,normal,,normal_bad_luck,0,validation
dev_0006185,normal,,normal_bad_luck,0,train
dev_0006186,normal,,normal_bad_luck,0,train
dev_0006187,normal,,normal_bad_luck,0,train
dev_0006188,normal,,normal_bad_luck,0,validation
dev_0006189,normal,,normal_bad_luck,0,train
dev_0006190,normal,,normal_bad_luck,0,train
dev_0006191,normal,,normal_bad_luck,0,train
dev_0006192,normal,,normal_bad_luck,0,train
dev_0006193,normal,,normal_bad_luck,0,train
dev_0006194,normal,,normal_bad_luck,0,train
dev_0006195,normal,,normal_bad_luck,0,train
dev_0006196,normal,,normal_bad_luck,0,train
dev_0006197,normal,,normal_bad_luck,0,train
dev_0006198,normal,,normal_bad_luck,0,train
dev_0006199,normal,,normal_bad_luck,0,train
dev_0006200,normal,,normal_bad_luck,0,train
dev_0006201,normal,,normal_bad_luck,0,validation
dev_0006202,normal,,normal_bad_luck,0,train
dev_0006203,normal,,normal_bad_luck,0,train
dev_0006204,normal,,normal_bad_luck,0,train
dev_0006205,normal,,normal_bad_luck,0,train
dev_0006206,normal,,normal_bad_luck,0,train
dev_0006207,normal,,normal_bad_luck,0,validation
dev_0006208,normal,,normal_bad_luck,0,train
dev_0006209,normal,,normal_bad_luck,0,train
dev_0006210,normal,,normal_bad_luck,0,train
dev_0006211,normal,,normal_bad_luck,0,train
dev_0006212,normal,,normal_bad_luck,0,train
dev_0006213,normal,,normal_bad_luck,0,train
dev_0006214,normal,,normal_bad_luck,0,train
dev_0006215,normal,,normal_bad_luck,0,validation
dev_0006216,normal,,normal_bad_luck,0,train
dev_0006217,normal,,normal_bad_luck,0,train
dev_0006218,normal,,normal_bad_luck,0,train
dev_0006219,normal,,normal_bad_luck,0,train
dev_0006220,normal,,normal_bad_luck,0,validation
dev_0006221,normal,,normal_bad_luck,0,validation
dev_0006222,normal,,normal_bad_luck,0,validation
dev_0006223,normal,,normal_bad_luck,0,train
dev_0006224,normal,,normal_bad_luck,0,validation
dev_0006225,normal,,normal_bad_luck,0,train
dev_0006226,normal,,normal_bad_luck,0,train
dev_0006227,normal,,normal_bad_luck,0,train
dev_0006228,normal,,normal_bad_luck,0,train
dev_0006229,normal,,normal_bad_luck,0,train
dev_0006230,normal,,normal_bad_luck,0,train
dev_0006231,normal,,normal_bad_luck,0,train
dev_0006232,normal,,normal_bad_luck,0,validation
dev_0006233,normal,,normal_bad_luck,0,train
dev_0006234,normal,,normal_bad_luck,0,train
dev_0006235,normal,,normal_bad_luck,0,train
dev_0006236,normal,,normal_bad_luck,0,train
dev_0006237,normal,,normal_bad_luck,0,train
dev_0006238,normal,,normal_bad_luck,0,train
dev_0006239,normal,,normal_bad_luck,0,train
dev_0006240,normal,,normal_bad_luck,0,train
dev_0006241,normal,,normal_bad_luck,0,train
dev_0006242,normal,,normal_bad_luck,0,train
dev_0006243,normal,,normal_bad_luck,0,train
dev_0006244,normal,,normal_bad_luck,0,validation
dev_0006245,normal,,normal_bad_luck,0,train
dev_0006246,normal,,normal_bad_luck,0,train
dev_0006247,normal,,normal_bad_luck,0,train
dev_0006248,normal,,normal_bad_luck,0,validation
dev_0006249,normal,,normal_bad_luck,0,train
dev_0006250,normal,,normal_bad_luck,0,validation
dev_0006251,normal,,normal_bad_luck,0,train
dev_0006252,normal,,normal_bad_luck,0,train
dev_0006253,normal,,normal_bad_luck,0,train
dev_0006254,normal,,normal_bad_luck,0,train
dev_0006255,normal,,normal_bad_luck,0,train
dev_0006256,normal,,normal_bad_luck,0,train
dev_0006257,normal,,normal_bad_luck,0,train
dev_0006258,normal,,normal_bad_luck,0,train
dev_0006259,normal,,normal_bad_luck,0,train
dev_0006260,normal,,normal_bad_luck,0,train
dev_0006261,normal,,normal_bad_luck,0,train
dev_0006262,normal,,normal_bad_luck,0,train
dev_0006263,normal,,normal_bad_luck,0,train
dev_0006264,normal,,normal_bad_luck,0,train
dev_0006265,normal,,normal_bad_luck,0,train
dev_0006266,normal,,normal_bad_luck,0,train
dev_0006267,normal,,normal_bad_luck,0,train
dev_0006268,normal,,normal_bad_luck,0,validation
dev_0006269,normal,,normal_bad_luck,0,train
dev_0006270,normal,,normal_bad_luck,0,train
dev_0006271,normal,,normal_bad_luck,0,train
dev_0006272,normal,,normal_bad_luck,0,train
dev_0006273,normal,,normal_bad_luck,0,validation
dev_0006274,normal,,normal_bad_luck,0,train
dev_0006275,normal,,normal_bad_luck,0,train
dev_0006276,normal,,normal_bad_luck,0,train
dev_0006277,normal,,normal_bad_luck,0,train
dev_0006278,normal,,normal_bad_luck,0,train
dev_0006279,normal,,normal_bad_luck,0,train
dev_0006280,normal,,normal_bad_luck,0,train
dev_0006281,normal,,normal_bad_luck,0,train
dev_0006282,normal,,normal_bad_luck,0,validation
dev_0006283,normal,,normal_bad_luck,0,train
dev_0006284,normal,,normal_bad_luck,0,train
dev_0006285,normal,,normal_bad_luck,0,train
dev_0006286,normal,,normal_bad_luck,0,train
dev_0006287,normal,,normal_bad_luck,0,train
dev_0006288,normal,,normal_bad_luck,0,validation
dev_0006289,normal,,normal_bad_luck,0,validation
dev_0006290,normal,,normal_bad_luck,0,train
dev_0006291,normal,,normal_bad_luck,0,train
dev_0006292,normal,,normal_bad_luck,0,train
dev_0006293,normal,,normal_bad_luck,0,train
dev_0006294,normal,,normal_bad_luck,0,train
dev_0006295,normal,,normal_bad_luck,0,train
dev_0006296,normal,,normal_bad_luck,0,train
dev_0006297,normal,,normal_bad_luck,0,validation
dev_0006298,normal,,normal_bad_luck,0,train
dev_0006299,normal,,normal_bad_luck,0,train
dev_0006300,normal,,normal_bad_luck,0,validation
dev_0006301,normal,,normal_bad_luck,0,train
dev_0006302,normal,,normal_bad_luck,0,train
dev_0006303,normal,,normal_bad_luck,0,train
dev_0006304,normal,,normal_bad_luck,0,train
dev_0006305,normal,,normal_bad_luck,0,validation
dev_0006306,normal,,normal_bad_luck,0,train
dev_0006307,normal,,normal_bad_luck,0,train
dev_0006308,normal,,normal_bad_luck,0,validation
dev_0006309,normal,,normal_bad_luck,0,train
dev_0006310,normal,,normal_bad_luck,0,validation
dev_0006311,normal,,normal_bad_luck,0,train
dev_0006312,normal,,normal_bad_luck,0,validation
dev_0006313,normal,,normal_bad_luck,0,train
dev_0006314,normal,,normal_bad_luck,0,train
dev_0006315,normal,,normal_bad_luck,0,validation
dev_0006316,normal,,normal_bad_luck,0,train
dev_0006317,normal,,normal_bad_luck,0,validation
dev_0006318,normal,,normal_bad_luck,0,train
dev_0006319,normal,,normal_bad_luck,0,train
dev_0006320,normal,,normal_bad_luck,0,train
dev_0006321,normal,,normal_bad_luck,0,train
dev_0006322,normal,,normal_bad_luck,0,train
dev_0006323,normal,,normal_bad_luck,0,train
dev_0006324,normal,,normal_bad_luck,0,train
dev_0006325,normal,,normal_bad_luck,0,train
dev_0006326,normal,,normal_bad_luck,0,validation
dev_0006327,normal,,normal_bad_luck,0,train
dev_0006328,normal,,normal_bad_luck,0,train
dev_0006329,normal,,normal_bad_luck,0,train
dev_0006330,normal,,normal_bad_luck,0,train
dev_0006331,normal,,normal_bad_luck,0,validation
dev_0006332,normal,,normal_bad_luck,0,train
dev_0006333,normal,,normal_bad_luck,0,train
dev_0006334,normal,,normal_bad_luck,0,train
dev_0006335,normal,,normal_bad_luck,0,validation
dev_0006336,normal,,normal_bad_luck,0,train
dev_0006337,normal,,normal_bad_luck,0,train
dev_0006338,normal,,normal_bad_luck,0,train
dev_0006339,normal,,normal_bad_luck,0,validation
dev_0006340,normal,,normal_bad_luck,0,train
dev_0006341,normal,,normal_bad_luck,0,train
dev_0006342,normal,,normal_bad_luck,0,train
dev_0006343,normal,,normal_bad_luck,0,train
dev_0006344,normal,,normal_bad_luck,0,validation
dev_0006345,normal,,normal_bad_luck,0,train
dev_0006346,normal,,normal_bad_luck,0,train
dev_0006347,normal,,normal_bad_luck,0,train
dev_0006348,normal,,normal_bad_luck,0,train
dev_0006349,normal,,normal_bad_luck,0,train
dev_0006350,normal,,normal_bad_luck,0,validation
dev_0006351,normal,,normal_bad_luck,0,train
dev_0006352,normal,,normal_bad_luck,0,train
dev_0006353,normal,,normal_bad_luck,0,train
dev_0006354,normal,,normal_bad_luck,0,train
dev_0006355,normal,,normal_bad_luck,0,train
dev_0006356,normal,,normal_bad_luck,0,validation
dev_0006357,normal,,normal_bad_luck,0,train
dev_0006358,normal,,normal_bad_luck,0,train
dev_0006359,normal,,normal_bad_luck,0,train
dev_0006360,normal,,normal_bad_luck,0,train
dev_0006361,normal,,normal_bad_luck,0,validation
dev_0006362,normal,,normal_bad_luck,0,train
dev_0006363,normal,,normal_bad_luck,0,validation
dev_0006364,normal,,normal_bad_luck,0,train
dev_0006365,normal,,normal_bad_luck,0,train
dev_0006366,normal,,normal_bad_luck,0,train
dev_0006367,normal,,normal_bad_luck,0,validation
dev_0006368,normal,,normal_bad_luck,0,train
dev_0006369,normal,,normal_bad_luck,0,train
dev_0006370,normal,,normal_bad_luck,0,train
dev_0006371,normal,,normal_bad_luck,0,train
dev_0006372,normal,,normal_bad_luck,0,train
dev_0006373,normal,,normal_bad_luck,0,train
dev_0006374,normal,,normal_bad_luck,0,train
dev_0006375,normal,,normal_bad_luck,0,validation
dev_0006376,normal,,normal_bad_luck,0,validation
dev_0006377,normal,,normal_bad_luck,0,validation
dev_0006378,normal,,normal_bad_luck,0,train
dev_0006379,normal,,normal_bad_luck,0,train
dev_0006380,normal,,normal_bad_luck,0,train
dev_0006381,normal,,normal_bad_luck,0,train
dev_0006382,normal,,normal_bad_luck,0,train
dev_0006383,normal,,normal_bad_luck,0,train
dev_0006384,normal,,normal_bad_luck,0,train
dev_0006385,normal,,normal_bad_luck,0,train
dev_0006386,normal,,normal_bad_luck,0,train
dev_0006387,normal,,normal_bad_luck,0,train
dev_0006388,normal,,normal_bad_luck,0,train
dev_0006389,normal,,normal_bad_luck,0,validation
dev_0006390,normal,,normal_bad_luck,0,train
dev_0006391,normal,,normal_bad_luck,0,train
dev_0006392,normal,,normal_bad_luck,0,train
dev_0006393,normal,,normal_bad_luck,0,train
dev_0006394,normal,,normal_bad_luck,0,train
dev_0006395,normal,,normal_bad_luck,0,train
dev_0006396,normal,,normal_bad_luck,0,train
dev_0006397,normal,,normal_bad_luck,0,train
dev_0006398,normal,,normal_bad_luck,0,validation
dev_0006399,normal,,normal_bad_luck,0,train
dev_0006400,normal,,normal_bad_luck,0,train
dev_0006401,normal,,normal_bad_luck,0,train
dev_0006402,normal,,normal_bad_luck,0,train
dev_0006403,normal,,normal_bad_luck,0,train
dev_0006404,normal,,normal_bad_luck,0,validation
dev_0006405,normal,,normal_bad_luck,0,validation
dev_0006406,normal,,normal_bad_luck,0,train
dev_0006407,normal,,normal_bad_luck,0,train
dev_0006408,normal,,normal_bad_luck,0,train
dev_0006409,normal,,normal_bad_luck,0,train
dev_0006410,normal,,normal_bad_luck,0,validation
dev_0006411,normal,,normal_bad_luck,0,train
dev_0006412,normal,,normal_bad_luck,0,train
dev_0006413,normal,,normal_bad_luck,0,train
dev_0006414,normal,,normal_bad_luck,0,validation
dev_0006415,normal,,normal_bad_luck,0,train
dev_0006416,normal,,normal_bad_luck,0,validation
dev_0006417,normal,,normal_bad_luck,0,validation
dev_0006418,normal,,normal_bad_luck,0,train
dev_0006419,normal,,normal_bad_luck,0,train
dev_0006420,normal,,normal_bad_luck,0,train
dev_0006421,normal,,normal_bad_luck,0,train
dev_0006422,normal,,normal_bad_luck,0,train
dev_0006423,normal,,normal_bad_luck,0,train
dev_0006424,normal,,normal_bad_luck,0,train
dev_0006425,normal,,normal_bad_luck,0,train
dev_0006426,normal,,normal_bad_luck,0,train
dev_0006427,normal,,normal_bad_luck,0,train
dev_0006428,normal,,normal_bad_luck,0,train
dev_0006429,normal,,normal_bad_luck,0,train
dev_0006430,normal,,normal_bad_luck,0,train
dev_0006431,normal,,normal_bad_luck,0,train
dev_0006432,normal,,normal_bad_luck,0,train
dev_0006433,normal,,normal_bad_luck,0,train
dev_0006434,normal,,normal_bad_luck,0,validation
dev_0006435,normal,,normal_bad_luck,0,train
dev_0006436,normal,,normal_bad_luck,0,train
dev_0006437,normal,,normal_bad_luck,0,train
dev_0006438,normal,,normal_bad_luck,0,train
dev_0006439,normal,,normal_bad_luck,0,validation
dev_0006440,normal,,normal_bad_luck,0,validation
dev_0006441,normal,,normal_bad_luck,0,train
dev_0006442,normal,,normal_bad_luck,0,train
dev_0006443,normal,,normal_bad_luck,0,train
dev_0006444,normal,,normal_bad_luck,0,train
dev_0006445,normal,,normal_bad_luck,0,train
dev_0006446,normal,,normal_bad_luck,0,train
dev_0006447,normal,,normal_bad_luck,0,train
dev_0006448,normal,,normal_bad_luck,0,train
dev_0006449,normal,,normal_bad_luck,0,train
dev_0006450,normal,,normal_bad_luck,0,train
dev_0006451,normal,,normal_bad_luck,0,validation
dev_0006452,normal,,normal_bad_luck,0,validation
dev_0006453,normal,,normal_bad_luck,0,train
dev_0006454,normal,,normal_bad_luck,0,train
dev_0006455,normal,,normal_bad_luck,0,train
dev_0006456,normal,,normal_bad_luck,0,train
dev_0006457,normal,,normal_bad_luck,0,train
dev_0006458,normal,,normal_bad_luck,0,validation
dev_0006459,normal,,normal_bad_luck,0,train
dev_0006460,normal,,normal_bad_luck,0,validation
dev_0006461,normal,,normal_bad_luck,0,train
dev_0006462,normal,,normal_bad_luck,0,train
dev_0006463,normal,,normal_bad_luck,0,validation
dev_0006464,normal,,normal_bad_luck,0,train
dev_0006465,normal,,normal_bad_luck,0,validation
dev_0006466,normal,,normal_bad_luck,0,train
dev_0006467,normal,,normal_bad_luck,0,train
dev_0006468,normal,,normal_bad_luck,0,validation
dev_0006469,normal,,normal_bad_luck,0,train
dev_0006470,normal,,normal_bad_luck,0,train
dev_0006471,normal,,normal_bad_luck,0,train
dev_0006472,normal,,normal_bad_luck,0,train
dev_0006473,normal,,normal_bad_luck,0,validation
dev_0006474,normal,,normal_bad_luck,0,train
dev_0006475,normal,,normal_bad_luck,0,train
dev_0006476,normal,,normal_bad_luck,0,train
dev_0006477,normal,,normal_bad_luck,0,train
dev_0006478,normal,,normal_bad_luck,0,validation
dev_0006479,normal,,normal_bad_luck,0,validation
dev_0006480,normal,,normal_bad_luck,0,train
dev_0006481,normal,,normal_bad_luck,0,train
dev_0006482,normal,,normal_bad_luck,0,validation
dev_0006483,normal,,normal_bad_luck,0,train
dev_0006484,normal,,normal_bad_luck,0,validation
dev_0006485,normal,,normal_bad_luck,0,train
dev_0006486,normal,,normal_bad_luck,0,validation
dev_0006487,normal,,normal_bad_luck,0,train
dev_0006488,normal,,normal_bad_luck,0,validation
dev_0006489,normal,,normal_bad_luck,0,train
dev_0006490,normal,,normal_bad_luck,0,train
dev_0006491,normal,,normal_bad_luck,0,train
dev_0006492,normal,,normal_bad_luck,0,train
dev_0006493,normal,,normal_bad_luck,0,train
dev_0006494,normal,,normal_bad_luck,0,train
dev_0006495,normal,,normal_bad_luck,0,train
dev_0006496,normal,,normal_bad_luck,0,train
dev_0006497,normal,,normal_bad_luck,0,train
dev_0006498,normal,,normal_bad_luck,0,train
dev_0006499,normal,,normal_bad_luck,0,train
dev_0006500,normal,,normal_bad_luck,0,train
dev_0006501,flash_sale,,flash_standard,0,validation
dev_0006502,flash_sale,,flash_standard,0,train
dev_0006503,flash_sale,,flash_standard,0,train
dev_0006504,flash_sale,,flash_standard,0,train
dev_0006505,flash_sale,,flash_standard,0,train
dev_0006506,flash_sale,,flash_standard,0,validation
dev_0006507,flash_sale,,flash_standard,0,train
dev_0006508,flash_sale,,flash_standard,0,train
dev_0006509,flash_sale,,flash_standard,0,train
dev_0006510,flash_sale,,flash_standard,0,train
dev_0006511,flash_sale,,flash_standard,0,train
dev_0006512,flash_sale,,flash_standard,0,train
dev_0006513,flash_sale,,flash_standard,0,train
dev_0006514,flash_sale,,flash_standard,0,validation
dev_0006515,flash_sale,,flash_standard,0,train
dev_0006516,flash_sale,,flash_standard,0,train
dev_0006517,flash_sale,,flash_standard,0,train
dev_0006518,flash_sale,,flash_standard,0,validation
dev_0006519,flash_sale,,flash_standard,0,train
dev_0006520,flash_sale,,flash_standard,0,train
dev_0006521,flash_sale,,flash_standard,0,validation
dev_0006522,flash_sale,,flash_standard,0,train
dev_0006523,flash_sale,,flash_standard,0,validation
dev_0006524,flash_sale,,flash_standard,0,train
dev_0006525,flash_sale,,flash_standard,0,train
dev_0006526,flash_sale,,flash_standard,0,validation
dev_0006527,flash_sale,,flash_standard,0,validation
dev_0006528,flash_sale,,flash_standard,0,validation
dev_0006529,flash_sale,,flash_standard,0,train
dev_0006530,flash_sale,,flash_standard,0,validation
dev_0006531,flash_sale,,flash_standard,0,train
dev_0006532,flash_sale,,flash_standard,0,train
dev_0006533,flash_sale,,flash_standard,0,train
dev_0006534,flash_sale,,flash_standard,0,train
dev_0006535,flash_sale,,flash_standard,0,train
dev_0006536,flash_sale,,flash_standard,0,validation
dev_0006537,flash_sale,,flash_standard,0,train
dev_0006538,flash_sale,,flash_standard,0,train
dev_0006539,flash_sale,,flash_standard,0,train
dev_0006540,flash_sale,,flash_standard,0,train
dev_0006541,flash_sale,,flash_standard,0,train
dev_0006542,flash_sale,,flash_standard,0,train
dev_0006543,flash_sale,,flash_standard,0,train
dev_0006544,flash_sale,,flash_standard,0,train
dev_0006545,flash_sale,,flash_standard,0,train
dev_0006546,flash_sale,,flash_standard,0,train
dev_0006547,flash_sale,,flash_standard,0,train
dev_0006548,flash_sale,,flash_standard,0,train
dev_0006549,flash_sale,,flash_standard,0,train
dev_0006550,flash_sale,,flash_standard,0,train
dev_0006551,flash_sale,,flash_standard,0,validation
dev_0006552,flash_sale,,flash_standard,0,train
dev_0006553,flash_sale,,flash_standard,0,train
dev_0006554,flash_sale,,flash_standard,0,train
dev_0006555,flash_sale,,flash_standard,0,train
dev_0006556,flash_sale,,flash_standard,0,train
dev_0006557,flash_sale,,flash_standard,0,train
dev_0006558,flash_sale,,flash_standard,0,train
dev_0006559,flash_sale,,flash_standard,0,train
dev_0006560,flash_sale,,flash_standard,0,train
dev_0006561,flash_sale,,flash_standard,0,train
dev_0006562,flash_sale,,flash_standard,0,train
dev_0006563,flash_sale,,flash_standard,0,train
dev_0006564,flash_sale,,flash_standard,0,train
dev_0006565,flash_sale,,flash_standard,0,train
dev_0006566,flash_sale,,flash_standard,0,train
dev_0006567,flash_sale,,flash_standard,0,train
dev_0006568,flash_sale,,flash_standard,0,validation
dev_0006569,flash_sale,,flash_standard,0,train
dev_0006570,flash_sale,,flash_standard,0,train
dev_0006571,flash_sale,,flash_standard,0,validation
dev_0006572,flash_sale,,flash_standard,0,train
dev_0006573,flash_sale,,flash_standard,0,train
dev_0006574,flash_sale,,flash_standard,0,train
dev_0006575,flash_sale,,flash_standard,0,validation
dev_0006576,flash_sale,,flash_standard,0,validation
dev_0006577,flash_sale,,flash_standard,0,train
dev_0006578,flash_sale,,flash_standard,0,validation
dev_0006579,flash_sale,,flash_standard,0,train
dev_0006580,flash_sale,,flash_standard,0,validation
dev_0006581,flash_sale,,flash_standard,0,train
dev_0006582,flash_sale,,flash_standard,0,train
dev_0006583,flash_sale,,flash_standard,0,train
dev_0006584,flash_sale,,flash_standard,0,train
dev_0006585,flash_sale,,flash_standard,0,train
dev_0006586,flash_sale,,flash_standard,0,train
dev_0006587,flash_sale,,flash_standard,0,validation
dev_0006588,flash_sale,,flash_standard,0,train
dev_0006589,flash_sale,,flash_standard,0,validation
dev_0006590,flash_sale,,flash_standard,0,validation
dev_0006591,flash_sale,,flash_standard,0,validation
dev_0006592,flash_sale,,flash_standard,0,train
dev_0006593,flash_sale,,flash_standard,0,validation
dev_0006594,flash_sale,,flash_standard,0,validation
dev_0006595,flash_sale,,flash_standard,0,train
dev_0006596,flash_sale,,flash_standard,0,train
dev_0006597,flash_sale,,flash_standard,0,train
dev_0006598,flash_sale,,flash_standard,0,train
dev_0006599,flash_sale,,flash_standard,0,train
dev_0006600,flash_sale,,flash_standard,0,validation
dev_0006601,flash_sale,,flash_standard,0,train
dev_0006602,flash_sale,,flash_standard,0,validation
dev_0006603,flash_sale,,flash_standard,0,validation
dev_0006604,flash_sale,,flash_standard,0,train
dev_0006605,flash_sale,,flash_standard,0,train
dev_0006606,flash_sale,,flash_standard,0,validation
dev_0006607,flash_sale,,flash_standard,0,train
dev_0006608,flash_sale,,flash_standard,0,train
dev_0006609,flash_sale,,flash_standard,0,train
dev_0006610,flash_sale,,flash_standard,0,train
dev_0006611,flash_sale,,flash_standard,0,train
dev_0006612,flash_sale,,flash_standard,0,train
dev_0006613,flash_sale,,flash_standard,0,train
dev_0006614,flash_sale,,flash_standard,0,train
dev_0006615,flash_sale,,flash_standard,0,validation
dev_0006616,flash_sale,,flash_standard,0,train
dev_0006617,flash_sale,,flash_standard,0,train
dev_0006618,flash_sale,,flash_standard,0,train
dev_0006619,flash_sale,,flash_standard,0,validation
dev_0006620,flash_sale,,flash_standard,0,train
dev_0006621,flash_sale,,flash_standard,0,train
dev_0006622,flash_sale,,flash_standard,0,train
dev_0006623,flash_sale,,flash_standard,0,train
dev_0006624,flash_sale,,flash_standard,0,train
dev_0006625,flash_sale,,flash_standard,0,train
dev_0006626,flash_sale,,flash_standard,0,train
dev_0006627,flash_sale,,flash_standard,0,train
dev_0006628,flash_sale,,flash_standard,0,train
dev_0006629,flash_sale,,flash_standard,0,train
dev_0006630,flash_sale,,flash_standard,0,train
dev_0006631,flash_sale,,flash_standard,0,train
dev_0006632,flash_sale,,flash_standard,0,train
dev_0006633,flash_sale,,flash_standard,0,train
dev_0006634,flash_sale,,flash_standard,0,train
dev_0006635,flash_sale,,flash_standard,0,train
dev_0006636,flash_sale,,flash_standard,0,train
dev_0006637,flash_sale,,flash_standard,0,validation
dev_0006638,flash_sale,,flash_standard,0,train
dev_0006639,flash_sale,,flash_standard,0,validation
dev_0006640,flash_sale,,flash_standard,0,validation
dev_0006641,flash_sale,,flash_standard,0,train
dev_0006642,flash_sale,,flash_standard,0,train
dev_0006643,flash_sale,,flash_standard,0,train
dev_0006644,flash_sale,,flash_standard,0,train
dev_0006645,flash_sale,,flash_standard,0,train
dev_0006646,flash_sale,,flash_standard,0,train
dev_0006647,flash_sale,,flash_standard,0,train
dev_0006648,flash_sale,,flash_standard,0,train
dev_0006649,flash_sale,,flash_standard,0,train
dev_0006650,flash_sale,,flash_standard,0,train
dev_0006651,flash_sale,,flash_standard,0,train
dev_0006652,flash_sale,,flash_standard,0,validation
dev_0006653,flash_sale,,flash_standard,0,train
dev_0006654,flash_sale,,flash_standard,0,train
dev_0006655,flash_sale,,flash_standard,0,train
dev_0006656,flash_sale,,flash_standard,0,train
dev_0006657,flash_sale,,flash_standard,0,train
dev_0006658,flash_sale,,flash_standard,0,train
dev_0006659,flash_sale,,flash_standard,0,train
dev_0006660,flash_sale,,flash_standard,0,train
dev_0006661,flash_sale,,flash_standard,0,train
dev_0006662,flash_sale,,flash_standard,0,train
dev_0006663,flash_sale,,flash_standard,0,validation
dev_0006664,flash_sale,,flash_standard,0,train
dev_0006665,flash_sale,,flash_standard,0,train
dev_0006666,flash_sale,,flash_standard,0,train
dev_0006667,flash_sale,,flash_standard,0,train
dev_0006668,flash_sale,,flash_standard,0,train
dev_0006669,flash_sale,,flash_standard,0,train
dev_0006670,flash_sale,,flash_standard,0,train
dev_0006671,flash_sale,,flash_standard,0,train
dev_0006672,flash_sale,,flash_standard,0,train
dev_0006673,flash_sale,,flash_standard,0,train
dev_0006674,flash_sale,,flash_standard,0,train
dev_0006675,flash_sale,,flash_standard,0,validation
dev_0006676,flash_sale,,flash_standard,0,train
dev_0006677,flash_sale,,flash_standard,0,validation
dev_0006678,flash_sale,,flash_standard,0,train
dev_0006679,flash_sale,,flash_standard,0,train
dev_0006680,flash_sale,,flash_standard,0,train
dev_0006681,flash_sale,,flash_standard,0,train
dev_0006682,flash_sale,,flash_standard,0,train
dev_0006683,flash_sale,,flash_standard,0,validation
dev_0006684,flash_sale,,flash_standard,0,train
dev_0006685,flash_sale,,flash_standard,0,train
dev_0006686,flash_sale,,flash_standard,0,train
dev_0006687,flash_sale,,flash_standard,0,train
dev_0006688,flash_sale,,flash_standard,0,train
dev_0006689,flash_sale,,flash_standard,0,validation
dev_0006690,flash_sale,,flash_standard,0,train
dev_0006691,flash_sale,,flash_standard,0,train
dev_0006692,flash_sale,,flash_standard,0,validation
dev_0006693,flash_sale,,flash_standard,0,validation
dev_0006694,flash_sale,,flash_standard,0,validation
dev_0006695,flash_sale,,flash_standard,0,train
dev_0006696,flash_sale,,flash_standard,0,validation
dev_0006697,flash_sale,,flash_standard,0,train
dev_0006698,flash_sale,,flash_standard,0,train
dev_0006699,flash_sale,,flash_standard,0,train
dev_0006700,flash_sale,,flash_standard,0,validation
dev_0006701,flash_sale,,flash_standard,0,validation
dev_0006702,flash_sale,,flash_standard,0,train
dev_0006703,flash_sale,,flash_standard,0,train
dev_0006704,flash_sale,,flash_standard,0,train
dev_0006705,flash_sale,,flash_standard,0,train
dev_0006706,flash_sale,,flash_standard,0,train
dev_0006707,flash_sale,,flash_standard,0,train
dev_0006708,flash_sale,,flash_standard,0,train
dev_0006709,flash_sale,,flash_standard,0,train
dev_0006710,flash_sale,,flash_standard,0,validation
dev_0006711,flash_sale,,flash_standard,0,train
dev_0006712,flash_sale,,flash_standard,0,validation
dev_0006713,flash_sale,,flash_standard,0,train
dev_0006714,flash_sale,,flash_standard,0,validation
dev_0006715,flash_sale,,flash_standard,0,train
dev_0006716,flash_sale,,flash_standard,0,train
dev_0006717,flash_sale,,flash_standard,0,train
dev_0006718,flash_sale,,flash_standard,0,train
dev_0006719,flash_sale,,flash_standard,0,train
dev_0006720,flash_sale,,flash_standard,0,train
dev_0006721,flash_sale,,flash_standard,0,train
dev_0006722,flash_sale,,flash_standard,0,train
dev_0006723,flash_sale,,flash_standard,0,validation
dev_0006724,flash_sale,,flash_standard,0,train
dev_0006725,flash_sale,,flash_standard,0,train
dev_0006726,flash_sale,,flash_standard,0,train
dev_0006727,flash_sale,,flash_standard,0,train
dev_0006728,flash_sale,,flash_standard,0,train
dev_0006729,flash_sale,,flash_standard,0,validation
dev_0006730,flash_sale,,flash_standard,0,train
dev_0006731,flash_sale,,flash_standard,0,validation
dev_0006732,flash_sale,,flash_standard,0,validation
dev_0006733,flash_sale,,flash_standard,0,train
dev_0006734,flash_sale,,flash_standard,0,train
dev_0006735,flash_sale,,flash_standard,0,train
dev_0006736,flash_sale,,flash_standard,0,train
dev_0006737,flash_sale,,flash_standard,0,train
dev_0006738,flash_sale,,flash_standard,0,train
dev_0006739,flash_sale,,flash_standard,0,train
dev_0006740,flash_sale,,flash_standard,0,train
dev_0006741,flash_sale,,flash_standard,0,train
dev_0006742,flash_sale,,flash_standard,0,validation
dev_0006743,flash_sale,,flash_standard,0,train
dev_0006744,flash_sale,,flash_standard,0,train
dev_0006745,flash_sale,,flash_standard,0,train
dev_0006746,flash_sale,,flash_standard,0,train
dev_0006747,flash_sale,,flash_standard,0,train
dev_0006748,flash_sale,,flash_standard,0,train
dev_0006749,flash_sale,,flash_standard,0,train
dev_0006750,flash_sale,,flash_standard,0,train
dev_0006751,flash_sale,,flash_standard,0,train
dev_0006752,flash_sale,,flash_standard,0,train
dev_0006753,flash_sale,,flash_standard,0,validation
dev_0006754,flash_sale,,flash_standard,0,train
dev_0006755,flash_sale,,flash_standard,0,train
dev_0006756,flash_sale,,flash_standard,0,train
dev_0006757,flash_sale,,flash_standard,0,train
dev_0006758,flash_sale,,flash_standard,0,train
dev_0006759,flash_sale,,flash_standard,0,train
dev_0006760,flash_sale,,flash_standard,0,train
dev_0006761,flash_sale,,flash_standard,0,train
dev_0006762,flash_sale,,flash_standard,0,validation
dev_0006763,flash_sale,,flash_standard,0,train
dev_0006764,flash_sale,,flash_standard,0,train
dev_0006765,flash_sale,,flash_standard,0,validation
dev_0006766,flash_sale,,flash_standard,0,validation
dev_0006767,flash_sale,,flash_standard,0,train
dev_0006768,flash_sale,,flash_standard,0,train
dev_0006769,flash_sale,,flash_standard,0,train
dev_0006770,flash_sale,,flash_standard,0,validation
dev_0006771,flash_sale,,flash_standard,0,train
dev_0006772,flash_sale,,flash_standard,0,train
dev_0006773,flash_sale,,flash_standard,0,validation
dev_0006774,flash_sale,,flash_standard,0,train
dev_0006775,flash_sale,,flash_standard,0,train
dev_0006776,flash_sale,,flash_standard,0,train
dev_0006777,flash_sale,,flash_standard,0,train
dev_0006778,flash_sale,,flash_standard,0,train
dev_0006779,flash_sale,,flash_standard,0,train
dev_0006780,flash_sale,,flash_standard,0,train
dev_0006781,flash_sale,,flash_standard,0,train
dev_0006782,flash_sale,,flash_standard,0,train
dev_0006783,flash_sale,,flash_standard,0,train
dev_0006784,flash_sale,,flash_standard,0,validation
dev_0006785,flash_sale,,flash_standard,0,train
dev_0006786,flash_sale,,flash_standard,0,train
dev_0006787,flash_sale,,flash_standard,0,validation
dev_0006788,flash_sale,,flash_standard,0,validation
dev_0006789,flash_sale,,flash_standard,0,train
dev_0006790,flash_sale,,flash_standard,0,train
dev_0006791,flash_sale,,flash_standard,0,train
dev_0006792,flash_sale,,flash_standard,0,validation
dev_0006793,flash_sale,,flash_standard,0,train
dev_0006794,flash_sale,,flash_standard,0,train
dev_0006795,flash_sale,,flash_standard,0,train
dev_0006796,flash_sale,,flash_standard,0,train
dev_0006797,flash_sale,,flash_standard,0,train
dev_0006798,flash_sale,,flash_standard,0,validation
dev_0006799,flash_sale,,flash_standard,0,train
dev_0006800,flash_sale,,flash_standard,0,train
dev_0006801,flash_sale,,flash_standard,0,validation
dev_0006802,flash_sale,,flash_standard,0,train
dev_0006803,flash_sale,,flash_standard,0,train
dev_0006804,flash_sale,,flash_standard,0,train
dev_0006805,flash_sale,,flash_standard,0,train
dev_0006806,flash_sale,,flash_standard,0,train
dev_0006807,flash_sale,,flash_standard,0,train
dev_0006808,flash_sale,,flash_standard,0,train
dev_0006809,flash_sale,,flash_standard,0,train
dev_0006810,flash_sale,,flash_standard,0,train
dev_0006811,flash_sale,,flash_standard,0,train
dev_0006812,flash_sale,,flash_standard,0,validation
dev_0006813,flash_sale,,flash_standard,0,train
dev_0006814,flash_sale,,flash_standard,0,validation
dev_0006815,flash_sale,,flash_standard,0,train
dev_0006816,flash_sale,,flash_standard,0,train
dev_0006817,flash_sale,,flash_standard,0,train
dev_0006818,flash_sale,,flash_standard,0,validation
dev_0006819,flash_sale,,flash_standard,0,train
dev_0006820,flash_sale,,flash_standard,0,train
dev_0006821,flash_sale,,flash_standard,0,train
dev_0006822,flash_sale,,flash_standard,0,train
dev_0006823,flash_sale,,flash_standard,0,validation
dev_0006824,flash_sale,,flash_standard,0,train
dev_0006825,flash_sale,,flash_standard,0,train
dev_0006826,flash_sale,,flash_standard,0,train
dev_0006827,flash_sale,,flash_standard,0,validation
dev_0006828,flash_sale,,flash_standard,0,train
dev_0006829,flash_sale,,flash_standard,0,train
dev_0006830,flash_sale,,flash_standard,0,train
dev_0006831,flash_sale,,flash_standard,0,train
dev_0006832,flash_sale,,flash_standard,0,train
dev_0006833,flash_sale,,flash_standard,0,train
dev_0006834,flash_sale,,flash_standard,0,train
dev_0006835,flash_sale,,flash_standard,0,validation
dev_0006836,flash_sale,,flash_standard,0,train
dev_0006837,flash_sale,,flash_standard,0,validation
dev_0006838,flash_sale,,flash_standard,0,train
dev_0006839,flash_sale,,flash_standard,0,train
dev_0006840,flash_sale,,flash_standard,0,validation
dev_0006841,flash_sale,,flash_standard,0,train
dev_0006842,flash_sale,,flash_standard,0,train
dev_0006843,flash_sale,,flash_standard,0,train
dev_0006844,flash_sale,,flash_standard,0,train
dev_0006845,flash_sale,,flash_standard,0,train
dev_0006846,flash_sale,,flash_standard,0,train
dev_0006847,flash_sale,,flash_standard,0,train
dev_0006848,flash_sale,,flash_standard,0,train
dev_0006849,flash_sale,,flash_standard,0,validation
dev_0006850,flash_sale,,flash_standard,0,train
dev_0006851,flash_sale,,flash_standard,0,train
dev_0006852,flash_sale,,flash_standard,0,train
dev_0006853,flash_sale,,flash_standard,0,train
dev_0006854,flash_sale,,flash_standard,0,train
dev_0006855,flash_sale,,flash_standard,0,train
dev_0006856,flash_sale,,flash_standard,0,validation
dev_0006857,flash_sale,,flash_standard,0,train
dev_0006858,flash_sale,,flash_standard,0,train
dev_0006859,flash_sale,,flash_standard,0,validation
dev_0006860,flash_sale,,flash_standard,0,validation
dev_0006861,flash_sale,,flash_standard,0,train
dev_0006862,flash_sale,,flash_standard,0,validation
dev_0006863,flash_sale,,flash_standard,0,train
dev_0006864,flash_sale,,flash_standard,0,train
dev_0006865,flash_sale,,flash_standard,0,train
dev_0006866,flash_sale,,flash_standard,0,train
dev_0006867,flash_sale,,flash_standard,0,train
dev_0006868,flash_sale,,flash_standard,0,train
dev_0006869,flash_sale,,flash_standard,0,train
dev_0006870,flash_sale,,flash_standard,0,train
dev_0006871,flash_sale,,flash_standard,0,train
dev_0006872,flash_sale,,flash_standard,0,train
dev_0006873,flash_sale,,flash_standard,0,train
dev_0006874,flash_sale,,flash_standard,0,validation
dev_0006875,flash_sale,,flash_standard,0,train
dev_0006876,flash_sale,,flash_standard,0,train
dev_0006877,flash_sale,,flash_standard,0,train
dev_0006878,flash_sale,,flash_standard,0,validation
dev_0006879,flash_sale,,flash_standard,0,train
dev_0006880,flash_sale,,flash_standard,0,validation
dev_0006881,flash_sale,,flash_standard,0,train
dev_0006882,flash_sale,,flash_standard,0,train
dev_0006883,flash_sale,,flash_standard,0,train
dev_0006884,flash_sale,,flash_standard,0,validation
dev_0006885,flash_sale,,flash_standard,0,validation
dev_0006886,flash_sale,,flash_standard,0,train
dev_0006887,flash_sale,,flash_standard,0,train
dev_0006888,flash_sale,,flash_standard,0,train
dev_0006889,flash_sale,,flash_standard,0,train
dev_0006890,flash_sale,,flash_standard,0,train
dev_0006891,flash_sale,,flash_standard,0,train
dev_0006892,flash_sale,,flash_standard,0,train
dev_0006893,flash_sale,,flash_standard,0,train
dev_0006894,flash_sale,,flash_standard,0,train
dev_0006895,flash_sale,,flash_standard,0,train
dev_0006896,flash_sale,,flash_standard,0,train
dev_0006897,flash_sale,,flash_standard,0,train
dev_0006898,flash_sale,,flash_standard,0,train
dev_0006899,flash_sale,,flash_standard,0,train
dev_0006900,flash_sale,,flash_standard,0,validation
dev_0006901,flash_sale,,flash_standard,0,validation
dev_0006902,flash_sale,,flash_standard,0,train
dev_0006903,flash_sale,,flash_standard,0,train
dev_0006904,flash_sale,,flash_standard,0,validation
dev_0006905,flash_sale,,flash_standard,0,validation
dev_0006906,flash_sale,,flash_standard,0,train
dev_0006907,flash_sale,,flash_standard,0,train
dev_0006908,flash_sale,,flash_standard,0,validation
dev_0006909,flash_sale,,flash_standard,0,validation
dev_0006910,flash_sale,,flash_standard,0,train
dev_0006911,flash_sale,,flash_standard,0,validation
dev_0006912,flash_sale,,flash_standard,0,validation
dev_0006913,flash_sale,,flash_standard,0,train
dev_0006914,flash_sale,,flash_standard,0,validation
dev_0006915,flash_sale,,flash_standard,0,train
dev_0006916,flash_sale,,flash_standard,0,train
dev_0006917,flash_sale,,flash_standard,0,train
dev_0006918,flash_sale,,flash_standard,0,train
dev_0006919,flash_sale,,flash_standard,0,train
dev_0006920,flash_sale,,flash_standard,0,train
dev_0006921,flash_sale,,flash_standard,0,train
dev_0006922,flash_sale,,flash_standard,0,train
dev_0006923,flash_sale,,flash_standard,0,train
dev_0006924,flash_sale,,flash_standard,0,train
dev_0006925,flash_sale,,flash_standard,0,train
dev_0006926,flash_sale,,flash_standard,0,validation
dev_0006927,flash_sale,,flash_standard,0,train
dev_0006928,flash_sale,,flash_standard,0,train
dev_0006929,flash_sale,,flash_standard,0,validation
dev_0006930,flash_sale,,flash_standard,0,train
dev_0006931,flash_sale,,flash_standard,0,train
dev_0006932,flash_sale,,flash_standard,0,validation
dev_0006933,flash_sale,,flash_standard,0,train
dev_0006934,flash_sale,,flash_standard,0,validation
dev_0006935,flash_sale,,flash_standard,0,train
dev_0006936,flash_sale,,flash_standard,0,train
dev_0006937,flash_sale,,flash_standard,0,validation
dev_0006938,flash_sale,,flash_standard,0,train
dev_0006939,flash_sale,,flash_standard,0,train
dev_0006940,flash_sale,,flash_standard,0,train
dev_0006941,flash_sale,,flash_standard,0,train
dev_0006942,flash_sale,,flash_standard,0,train
dev_0006943,flash_sale,,flash_standard,0,train
dev_0006944,flash_sale,,flash_standard,0,train
dev_0006945,flash_sale,,flash_standard,0,train
dev_0006946,flash_sale,,flash_standard,0,train
dev_0006947,flash_sale,,flash_standard,0,train
dev_0006948,flash_sale,,flash_standard,0,validation
dev_0006949,flash_sale,,flash_standard,0,train
dev_0006950,flash_sale,,flash_standard,0,train
dev_0006951,flash_sale,,flash_standard,0,train
dev_0006952,flash_sale,,flash_standard,0,validation
dev_0006953,flash_sale,,flash_standard,0,train
dev_0006954,flash_sale,,flash_standard,0,train
dev_0006955,flash_sale,,flash_standard,0,train
dev_0006956,flash_sale,,flash_standard,0,validation
dev_0006957,flash_sale,,flash_standard,0,validation
dev_0006958,flash_sale,,flash_standard,0,train
dev_0006959,flash_sale,,flash_standard,0,train
dev_0006960,flash_sale,,flash_standard,0,train
dev_0006961,flash_sale,,flash_standard,0,train
dev_0006962,flash_sale,,flash_standard,0,train
dev_0006963,flash_sale,,flash_standard,0,train
dev_0006964,flash_sale,,flash_standard,0,train
dev_0006965,flash_sale,,flash_standard,0,train
dev_0006966,flash_sale,,flash_standard,0,train
dev_0006967,flash_sale,,flash_standard,0,validation
dev_0006968,flash_sale,,flash_standard,0,train
dev_0006969,flash_sale,,flash_standard,0,train
dev_0006970,flash_sale,,flash_standard,0,train
dev_0006971,flash_sale,,flash_standard,0,train
dev_0006972,flash_sale,,flash_standard,0,train
dev_0006973,flash_sale,,flash_standard,0,train
dev_0006974,flash_sale,,flash_standard,0,train
dev_0006975,flash_sale,,flash_standard,0,train
dev_0006976,flash_sale,,flash_standard,0,train
dev_0006977,flash_sale,,flash_standard,0,train
dev_0006978,flash_sale,,flash_standard,0,train
dev_0006979,flash_sale,,flash_standard,0,train
dev_0006980,flash_sale,,flash_standard,0,train
dev_0006981,flash_sale,,flash_standard,0,train
dev_0006982,flash_sale,,flash_standard,0,train
dev_0006983,flash_sale,,flash_standard,0,train
dev_0006984,flash_sale,,flash_standard,0,train
dev_0006985,flash_sale,,flash_standard,0,train
dev_0006986,flash_sale,,flash_standard,0,train
dev_0006987,flash_sale,,flash_standard,0,train
dev_0006988,flash_sale,,flash_standard,0,validation
dev_0006989,flash_sale,,flash_standard,0,validation
dev_0006990,flash_sale,,flash_standard,0,train
dev_0006991,flash_sale,,flash_standard,0,train
dev_0006992,flash_sale,,flash_standard,0,train
dev_0006993,flash_sale,,flash_standard,0,train
dev_0006994,flash_sale,,flash_standard,0,train
dev_0006995,flash_sale,,flash_standard,0,train
dev_0006996,flash_sale,,flash_standard,0,train
dev_0006997,flash_sale,,flash_standard,0,train
dev_0006998,flash_sale,,flash_standard,0,validation
dev_0006999,flash_sale,,flash_standard,0,train
dev_0007000,flash_sale,,flash_standard,0,train
dev_0007001,flash_sale,,flash_standard,0,train
dev_0007002,flash_sale,,flash_standard,0,train
dev_0007003,flash_sale,,flash_standard,0,train
dev_0007004,flash_sale,,flash_standard,0,train
dev_0007005,flash_sale,,flash_standard,0,train
dev_0007006,flash_sale,,flash_standard,0,train
dev_0007007,flash_sale,,flash_standard,0,train
dev_0007008,flash_sale,,flash_standard,0,train
dev_0007009,flash_sale,,flash_standard,0,train
dev_0007010,flash_sale,,flash_standard,0,train
dev_0007011,flash_sale,,flash_standard,0,validation
dev_0007012,flash_sale,,flash_standard,0,train
dev_0007013,flash_sale,,flash_standard,0,train
dev_0007014,flash_sale,,flash_standard,0,train
dev_0007015,flash_sale,,flash_standard,0,train
dev_0007016,flash_sale,,flash_standard,0,validation
dev_0007017,flash_sale,,flash_standard,0,train
dev_0007018,flash_sale,,flash_standard,0,train
dev_0007019,flash_sale,,flash_standard,0,train
dev_0007020,flash_sale,,flash_standard,0,train
dev_0007021,flash_sale,,flash_standard,0,validation
dev_0007022,flash_sale,,flash_standard,0,train
dev_0007023,flash_sale,,flash_standard,0,train
dev_0007024,flash_sale,,flash_standard,0,train
dev_0007025,flash_sale,,flash_standard,0,train
dev_0007026,flash_sale,,flash_standard,0,train
dev_0007027,flash_sale,,flash_standard,0,train
dev_0007028,flash_sale,,flash_standard,0,train
dev_0007029,flash_sale,,flash_standard,0,train
dev_0007030,flash_sale,,flash_standard,0,train
dev_0007031,flash_sale,,flash_standard,0,train
dev_0007032,flash_sale,,flash_standard,0,train
dev_0007033,flash_sale,,flash_standard,0,train
dev_0007034,flash_sale,,flash_standard,0,train
dev_0007035,flash_sale,,flash_standard,0,train
dev_0007036,flash_sale,,flash_standard,0,validation
dev_0007037,flash_sale,,flash_standard,0,train
dev_0007038,flash_sale,,flash_standard,0,train
dev_0007039,flash_sale,,flash_standard,0,train
dev_0007040,flash_sale,,flash_standard,0,train
dev_0007041,flash_sale,,flash_standard,0,train
dev_0007042,flash_sale,,flash_standard,0,validation
dev_0007043,flash_sale,,flash_standard,0,train
dev_0007044,flash_sale,,flash_standard,0,validation
dev_0007045,flash_sale,,flash_standard,0,train
dev_0007046,flash_sale,,flash_standard,0,train
dev_0007047,flash_sale,,flash_standard,0,train
dev_0007048,flash_sale,,flash_standard,0,train
dev_0007049,flash_sale,,flash_standard,0,train
dev_0007050,flash_sale,,flash_standard,0,train
dev_0007051,flash_sale,,flash_standard,0,train
dev_0007052,flash_sale,,flash_standard,0,validation
dev_0007053,flash_sale,,flash_standard,0,train
dev_0007054,flash_sale,,flash_standard,0,validation
dev_0007055,flash_sale,,flash_standard,0,train
dev_0007056,flash_sale,,flash_standard,0,validation
dev_0007057,flash_sale,,flash_standard,0,train
dev_0007058,flash_sale,,flash_standard,0,train
dev_0007059,flash_sale,,flash_standard,0,validation
dev_0007060,flash_sale,,flash_standard,0,train
dev_0007061,flash_sale,,flash_standard,0,train
dev_0007062,flash_sale,,flash_standard,0,train
dev_0007063,flash_sale,,flash_standard,0,train
dev_0007064,flash_sale,,flash_standard,0,train
dev_0007065,flash_sale,,flash_standard,0,train
dev_0007066,flash_sale,,flash_standard,0,train
dev_0007067,flash_sale,,flash_standard,0,train
dev_0007068,flash_sale,,flash_standard,0,train
dev_0007069,flash_sale,,flash_standard,0,train
dev_0007070,flash_sale,,flash_standard,0,validation
dev_0007071,flash_sale,,flash_standard,0,validation
dev_0007072,flash_sale,,flash_standard,0,train
dev_0007073,flash_sale,,flash_standard,0,train
dev_0007074,flash_sale,,flash_standard,0,train
dev_0007075,flash_sale,,flash_standard,0,train
dev_0007076,flash_sale,,flash_standard,0,train
dev_0007077,flash_sale,,flash_standard,0,train
dev_0007078,flash_sale,,flash_standard,0,train
dev_0007079,flash_sale,,flash_standard,0,train
dev_0007080,flash_sale,,flash_standard,0,validation
dev_0007081,flash_sale,,flash_standard,0,train
dev_0007082,flash_sale,,flash_standard,0,train
dev_0007083,flash_sale,,flash_standard,0,train
dev_0007084,flash_sale,,flash_standard,0,train
dev_0007085,flash_sale,,flash_standard,0,train
dev_0007086,flash_sale,,flash_standard,0,train
dev_0007087,flash_sale,,flash_standard,0,train
dev_0007088,flash_sale,,flash_standard,0,train
dev_0007089,flash_sale,,flash_standard,0,validation
dev_0007090,flash_sale,,flash_standard,0,train
dev_0007091,flash_sale,,flash_standard,0,train
dev_0007092,flash_sale,,flash_standard,0,train
dev_0007093,flash_sale,,flash_standard,0,train
dev_0007094,flash_sale,,flash_standard,0,train
dev_0007095,flash_sale,,flash_standard,0,validation
dev_0007096,flash_sale,,flash_standard,0,train
dev_0007097,flash_sale,,flash_standard,0,train
dev_0007098,flash_sale,,flash_standard,0,train
dev_0007099,flash_sale,,flash_standard,0,train
dev_0007100,flash_sale,,flash_standard,0,validation
dev_0007101,flash_sale,,flash_standard,0,train
dev_0007102,flash_sale,,flash_standard,0,train
dev_0007103,flash_sale,,flash_standard,0,validation
dev_0007104,flash_sale,,flash_standard,0,validation
dev_0007105,flash_sale,,flash_standard,0,validation
dev_0007106,flash_sale,,flash_standard,0,train
dev_0007107,flash_sale,,flash_standard,0,train
dev_0007108,flash_sale,,flash_standard,0,train
dev_0007109,flash_sale,,flash_standard,0,train
dev_0007110,flash_sale,,flash_standard,0,train
dev_0007111,flash_sale,,flash_standard,0,train
dev_0007112,flash_sale,,flash_standard,0,train
dev_0007113,flash_sale,,flash_standard,0,train
dev_0007114,flash_sale,,flash_standard,0,validation
dev_0007115,flash_sale,,flash_standard,0,validation
dev_0007116,flash_sale,,flash_standard,0,train
dev_0007117,flash_sale,,flash_standard,0,validation
dev_0007118,flash_sale,,flash_standard,0,train
dev_0007119,flash_sale,,flash_standard,0,train
dev_0007120,flash_sale,,flash_standard,0,validation
dev_0007121,flash_sale,,flash_standard,0,train
dev_0007122,flash_sale,,flash_standard,0,train
dev_0007123,flash_sale,,flash_standard,0,train
dev_0007124,flash_sale,,flash_standard,0,train
dev_0007125,flash_sale,,flash_standard,0,train
dev_0007126,flash_sale,,flash_standard,0,train
dev_0007127,flash_sale,,flash_standard,0,train
dev_0007128,flash_sale,,flash_standard,0,train
dev_0007129,flash_sale,,flash_standard,0,train
dev_0007130,flash_sale,,flash_standard,0,train
dev_0007131,flash_sale,,flash_standard,0,train
dev_0007132,flash_sale,,flash_standard,0,train
dev_0007133,flash_sale,,flash_standard,0,train
dev_0007134,flash_sale,,flash_standard,0,validation
dev_0007135,flash_sale,,flash_standard,0,train
dev_0007136,flash_sale,,flash_standard,0,validation
dev_0007137,flash_sale,,flash_standard,0,train
dev_0007138,flash_sale,,flash_standard,0,train
dev_0007139,flash_sale,,flash_standard,0,train
dev_0007140,flash_sale,,flash_standard,0,train
dev_0007141,flash_sale,,flash_standard,0,train
dev_0007142,flash_sale,,flash_standard,0,train
dev_0007143,flash_sale,,flash_standard,0,train
dev_0007144,flash_sale,,flash_standard,0,train
dev_0007145,flash_sale,,flash_standard,0,train
dev_0007146,flash_sale,,flash_standard,0,train
dev_0007147,flash_sale,,flash_standard,0,train
dev_0007148,flash_sale,,flash_standard,0,train
dev_0007149,flash_sale,,flash_standard,0,train
dev_0007150,flash_sale,,flash_standard,0,train
dev_0007151,flash_sale,,flash_standard,0,train
dev_0007152,flash_sale,,flash_standard,0,train
dev_0007153,flash_sale,,flash_standard,0,train
dev_0007154,flash_sale,,flash_standard,0,train
dev_0007155,flash_sale,,flash_standard,0,train
dev_0007156,flash_sale,,flash_standard,0,train
dev_0007157,flash_sale,,flash_standard,0,train
dev_0007158,flash_sale,,flash_standard,0,train
dev_0007159,flash_sale,,flash_standard,0,train
dev_0007160,flash_sale,,flash_standard,0,train
dev_0007161,flash_sale,,flash_standard,0,train
dev_0007162,flash_sale,,flash_standard,0,train
dev_0007163,flash_sale,,flash_standard,0,train
dev_0007164,flash_sale,,flash_standard,0,train
dev_0007165,flash_sale,,flash_standard,0,train
dev_0007166,flash_sale,,flash_standard,0,train
dev_0007167,flash_sale,,flash_standard,0,train
dev_0007168,flash_sale,,flash_standard,0,validation
dev_0007169,flash_sale,,flash_standard,0,validation
dev_0007170,flash_sale,,flash_standard,0,train
dev_0007171,flash_sale,,flash_standard,0,train
dev_0007172,flash_sale,,flash_standard,0,train
dev_0007173,flash_sale,,flash_standard,0,train
dev_0007174,flash_sale,,flash_standard,0,train
dev_0007175,flash_sale,,flash_standard,0,train
dev_0007176,flash_sale,,flash_standard,0,train
dev_0007177,flash_sale,,flash_standard,0,validation
dev_0007178,flash_sale,,flash_standard,0,train
dev_0007179,flash_sale,,flash_standard,0,train
dev_0007180,flash_sale,,flash_standard,0,validation
dev_0007181,flash_sale,,flash_standard,0,train
dev_0007182,flash_sale,,flash_standard,0,validation
dev_0007183,flash_sale,,flash_standard,0,train
dev_0007184,flash_sale,,flash_standard,0,train
dev_0007185,flash_sale,,flash_standard,0,validation
dev_0007186,flash_sale,,flash_standard,0,validation
dev_0007187,flash_sale,,flash_standard,0,validation
dev_0007188,flash_sale,,flash_standard,0,train
dev_0007189,flash_sale,,flash_standard,0,train
dev_0007190,flash_sale,,flash_standard,0,validation
dev_0007191,flash_sale,,flash_standard,0,train
dev_0007192,flash_sale,,flash_standard,0,train
dev_0007193,flash_sale,,flash_standard,0,train
dev_0007194,flash_sale,,flash_standard,0,train
dev_0007195,flash_sale,,flash_standard,0,validation
dev_0007196,flash_sale,,flash_standard,0,validation
dev_0007197,flash_sale,,flash_standard,0,train
dev_0007198,flash_sale,,flash_standard,0,validation
dev_0007199,flash_sale,,flash_standard,0,validation
dev_0007200,flash_sale,,flash_standard,0,train
dev_0007201,flash_sale,,flash_standard,0,train
dev_0007202,flash_sale,,flash_standard,0,train
dev_0007203,flash_sale,,flash_standard,0,train
dev_0007204,flash_sale,,flash_standard,0,train
dev_0007205,flash_sale,,flash_standard,0,train
dev_0007206,flash_sale,,flash_standard,0,train
dev_0007207,flash_sale,,flash_standard,0,train
dev_0007208,flash_sale,,flash_standard,0,validation
dev_0007209,flash_sale,,flash_standard,0,train
dev_0007210,flash_sale,,flash_standard,0,train
dev_0007211,flash_sale,,flash_standard,0,train
dev_0007212,flash_sale,,flash_standard,0,train
dev_0007213,flash_sale,,flash_standard,0,validation
dev_0007214,flash_sale,,flash_standard,0,train
dev_0007215,flash_sale,,flash_standard,0,train
dev_0007216,flash_sale,,flash_standard,0,validation
dev_0007217,flash_sale,,flash_standard,0,train
dev_0007218,flash_sale,,flash_standard,0,train
dev_0007219,flash_sale,,flash_standard,0,validation
dev_0007220,flash_sale,,flash_standard,0,train
dev_0007221,flash_sale,,flash_standard,0,train
dev_0007222,flash_sale,,flash_standard,0,train
dev_0007223,flash_sale,,flash_standard,0,validation
dev_0007224,flash_sale,,flash_standard,0,train
dev_0007225,flash_sale,,flash_standard,0,validation
dev_0007226,flash_sale,,flash_standard,0,train
dev_0007227,flash_sale,,flash_standard,0,train
dev_0007228,flash_sale,,flash_standard,0,train
dev_0007229,flash_sale,,flash_standard,0,train
dev_0007230,flash_sale,,flash_standard,0,train
dev_0007231,flash_sale,,flash_standard,0,train
dev_0007232,flash_sale,,flash_standard,0,validation
dev_0007233,flash_sale,,flash_standard,0,train
dev_0007234,flash_sale,,flash_standard,0,validation
dev_0007235,flash_sale,,flash_standard,0,validation
dev_0007236,flash_sale,,flash_standard,0,validation
dev_0007237,flash_sale,,flash_standard,0,train
dev_0007238,flash_sale,,flash_standard,0,train
dev_0007239,flash_sale,,flash_standard,0,train
dev_0007240,flash_sale,,flash_standard,0,train
dev_0007241,flash_sale,,flash_standard,0,train
dev_0007242,flash_sale,,flash_standard,0,train
dev_0007243,flash_sale,,flash_standard,0,validation
dev_0007244,flash_sale,,flash_standard,0,validation
dev_0007245,flash_sale,,flash_standard,0,train
dev_0007246,flash_sale,,flash_standard,0,train
dev_0007247,flash_sale,,flash_standard,0,train
dev_0007248,flash_sale,,flash_standard,0,train
dev_0007249,flash_sale,,flash_standard,0,train
dev_0007250,flash_sale,,flash_standard,0,train
dev_0007251,flash_sale,,flash_standard,0,train
dev_0007252,flash_sale,,flash_standard,0,train
dev_0007253,flash_sale,,flash_standard,0,train
dev_0007254,flash_sale,,flash_standard,0,train
dev_0007255,flash_sale,,flash_standard,0,train
dev_0007256,flash_sale,,flash_standard,0,train
dev_0007257,flash_sale,,flash_standard,0,validation
dev_0007258,flash_sale,,flash_standard,0,train
dev_0007259,flash_sale,,flash_standard,0,validation
dev_0007260,flash_sale,,flash_standard,0,validation
dev_0007261,flash_sale,,flash_standard,0,train
dev_0007262,flash_sale,,flash_standard,0,train
dev_0007263,flash_sale,,flash_standard,0,train
dev_0007264,flash_sale,,flash_standard,0,train
dev_0007265,flash_sale,,flash_standard,0,train
dev_0007266,flash_sale,,flash_standard,0,train
dev_0007267,flash_sale,,flash_standard,0,train
dev_0007268,flash_sale,,flash_standard,0,train
dev_0007269,flash_sale,,flash_standard,0,train
dev_0007270,flash_sale,,flash_standard,0,train
dev_0007271,flash_sale,,flash_standard,0,train
dev_0007272,flash_sale,,flash_standard,0,validation
dev_0007273,flash_sale,,flash_standard,0,train
dev_0007274,flash_sale,,flash_standard,0,train
dev_0007275,flash_sale,,flash_standard,0,train
dev_0007276,flash_sale,,flash_standard,0,validation
dev_0007277,flash_sale,,flash_standard,0,validation
dev_0007278,flash_sale,,flash_standard,0,validation
dev_0007279,flash_sale,,flash_standard,0,train
dev_0007280,flash_sale,,flash_standard,0,train
dev_0007281,flash_sale,,flash_standard,0,train
dev_0007282,flash_sale,,flash_standard,0,train
dev_0007283,flash_sale,,flash_standard,0,validation
dev_0007284,flash_sale,,flash_standard,0,train
dev_0007285,flash_sale,,flash_standard,0,train
dev_0007286,flash_sale,,flash_standard,0,train
dev_0007287,flash_sale,,flash_standard,0,train
dev_0007288,flash_sale,,flash_standard,0,train
dev_0007289,flash_sale,,flash_standard,0,validation
dev_0007290,flash_sale,,flash_standard,0,validation
dev_0007291,flash_sale,,flash_standard,0,train
dev_0007292,flash_sale,,flash_standard,0,train
dev_0007293,flash_sale,,flash_standard,0,validation
dev_0007294,flash_sale,,flash_standard,0,train
dev_0007295,flash_sale,,flash_standard,0,validation
dev_0007296,flash_sale,,flash_standard,0,train
dev_0007297,flash_sale,,flash_standard,0,validation
dev_0007298,flash_sale,,flash_standard,0,train
dev_0007299,flash_sale,,flash_standard,0,train
dev_0007300,flash_sale,,flash_standard,0,validation
dev_0007301,flash_sale,,flash_standard,0,validation
dev_0007302,flash_sale,,flash_standard,0,validation
dev_0007303,flash_sale,,flash_standard,0,train
dev_0007304,flash_sale,,flash_standard,0,validation
dev_0007305,flash_sale,,flash_standard,0,train
dev_0007306,flash_sale,,flash_standard,0,validation
dev_0007307,flash_sale,,flash_standard,0,train
dev_0007308,flash_sale,,flash_standard,0,train
dev_0007309,flash_sale,,flash_standard,0,train
dev_0007310,flash_sale,,flash_standard,0,train
dev_0007311,flash_sale,,flash_standard,0,train
dev_0007312,flash_sale,,flash_standard,0,validation
dev_0007313,flash_sale,,flash_standard,0,train
dev_0007314,flash_sale,,flash_standard,0,train
dev_0007315,flash_sale,,flash_standard,0,validation
dev_0007316,flash_sale,,flash_standard,0,train
dev_0007317,flash_sale,,flash_standard,0,train
dev_0007318,flash_sale,,flash_standard,0,train
dev_0007319,flash_sale,,flash_standard,0,train
dev_0007320,flash_sale,,flash_standard,0,train
dev_0007321,flash_sale,,flash_standard,0,train
dev_0007322,flash_sale,,flash_standard,0,train
dev_0007323,flash_sale,,flash_standard,0,train
dev_0007324,flash_sale,,flash_standard,0,train
dev_0007325,flash_sale,,flash_standard,0,train
dev_0007326,flash_sale,,flash_standard,0,validation
dev_0007327,flash_sale,,flash_standard,0,train
dev_0007328,flash_sale,,flash_standard,0,train
dev_0007329,flash_sale,,flash_standard,0,validation
dev_0007330,flash_sale,,flash_standard,0,train
dev_0007331,flash_sale,,flash_standard,0,train
dev_0007332,flash_sale,,flash_standard,0,train
dev_0007333,flash_sale,,flash_standard,0,train
dev_0007334,flash_sale,,flash_standard,0,train
dev_0007335,flash_sale,,flash_standard,0,train
dev_0007336,flash_sale,,flash_standard,0,train
dev_0007337,flash_sale,,flash_standard,0,validation
dev_0007338,flash_sale,,flash_standard,0,train
dev_0007339,flash_sale,,flash_standard,0,train
dev_0007340,flash_sale,,flash_standard,0,validation
dev_0007341,flash_sale,,flash_standard,0,train
dev_0007342,flash_sale,,flash_standard,0,validation
dev_0007343,flash_sale,,flash_standard,0,train
dev_0007344,flash_sale,,flash_standard,0,train
dev_0007345,flash_sale,,flash_standard,0,train
dev_0007346,flash_sale,,flash_standard,0,train
dev_0007347,flash_sale,,flash_standard,0,train
dev_0007348,flash_sale,,flash_standard,0,train
dev_0007349,flash_sale,,flash_standard,0,train
dev_0007350,flash_sale,,flash_standard,0,train
dev_0007351,flash_sale,,flash_standard,0,train
dev_0007352,flash_sale,,flash_standard,0,train
dev_0007353,flash_sale,,flash_standard,0,validation
dev_0007354,flash_sale,,flash_standard,0,train
dev_0007355,flash_sale,,flash_standard,0,train
dev_0007356,flash_sale,,flash_standard,0,train
dev_0007357,flash_sale,,flash_standard,0,train
dev_0007358,flash_sale,,flash_standard,0,train
dev_0007359,flash_sale,,flash_standard,0,validation
dev_0007360,flash_sale,,flash_standard,0,train
dev_0007361,flash_sale,,flash_standard,0,train
dev_0007362,flash_sale,,flash_standard,0,train
dev_0007363,flash_sale,,flash_standard,0,train
dev_0007364,flash_sale,,flash_standard,0,train
dev_0007365,flash_sale,,flash_standard,0,train
dev_0007366,flash_sale,,flash_standard,0,train
dev_0007367,flash_sale,,flash_standard,0,validation
dev_0007368,flash_sale,,flash_standard,0,validation
dev_0007369,flash_sale,,flash_standard,0,train
dev_0007370,flash_sale,,flash_standard,0,train
dev_0007371,flash_sale,,flash_standard,0,train
dev_0007372,flash_sale,,flash_standard,0,train
dev_0007373,flash_sale,,flash_standard,0,train
dev_0007374,flash_sale,,flash_standard,0,train
dev_0007375,flash_sale,,flash_standard,0,validation
dev_0007376,flash_sale,,flash_standard,0,train
dev_0007377,flash_sale,,flash_standard,0,train
dev_0007378,flash_sale,,flash_standard,0,validation
dev_0007379,flash_sale,,flash_standard,0,train
dev_0007380,flash_sale,,flash_standard,0,train
dev_0007381,flash_sale,,flash_standard,0,train
dev_0007382,flash_sale,,flash_standard,0,train
dev_0007383,flash_sale,,flash_standard,0,train
dev_0007384,flash_sale,,flash_standard,0,train
dev_0007385,flash_sale,,flash_standard,0,train
dev_0007386,flash_sale,,flash_standard,0,train
dev_0007387,flash_sale,,flash_standard,0,validation
dev_0007388,flash_sale,,flash_standard,0,train
dev_0007389,flash_sale,,flash_standard,0,train
dev_0007390,flash_sale,,flash_standard,0,train
dev_0007391,flash_sale,,flash_standard,0,train
dev_0007392,flash_sale,,flash_standard,0,validation
dev_0007393,flash_sale,,flash_standard,0,validation
dev_0007394,flash_sale,,flash_standard,0,train
dev_0007395,flash_sale,,flash_standard,0,train
dev_0007396,flash_sale,,flash_standard,0,train
dev_0007397,flash_sale,,flash_standard,0,train
dev_0007398,flash_sale,,flash_standard,0,validation
dev_0007399,flash_sale,,flash_standard,0,train
dev_0007400,flash_sale,,flash_standard,0,train
dev_0007401,flash_sale,,flash_standard,0,train
dev_0007402,flash_sale,,flash_standard,0,train
dev_0007403,flash_sale,,flash_standard,0,train
dev_0007404,flash_sale,,flash_standard,0,train
dev_0007405,flash_sale,,flash_standard,0,train
dev_0007406,flash_sale,,flash_standard,0,train
dev_0007407,flash_sale,,flash_standard,0,train
dev_0007408,flash_sale,,flash_standard,0,train
dev_0007409,flash_sale,,flash_standard,0,train
dev_0007410,flash_sale,,flash_standard,0,train
dev_0007411,flash_sale,,flash_standard,0,validation
dev_0007412,flash_sale,,flash_standard,0,train
dev_0007413,flash_sale,,flash_standard,0,train
dev_0007414,flash_sale,,flash_standard,0,train
dev_0007415,flash_sale,,flash_standard,0,validation
dev_0007416,flash_sale,,flash_standard,0,train
dev_0007417,flash_sale,,flash_standard,0,train
dev_0007418,flash_sale,,flash_standard,0,train
dev_0007419,flash_sale,,flash_standard,0,train
dev_0007420,flash_sale,,flash_standard,0,train
dev_0007421,flash_sale,,flash_standard,0,validation
dev_0007422,flash_sale,,flash_standard,0,train
dev_0007423,flash_sale,,flash_standard,0,train
dev_0007424,flash_sale,,flash_standard,0,train
dev_0007425,flash_sale,,flash_standard,0,train
dev_0007426,flash_sale,,flash_standard,0,train
dev_0007427,flash_sale,,flash_standard,0,train
dev_0007428,flash_sale,,flash_standard,0,train
dev_0007429,flash_sale,,flash_standard,0,validation
dev_0007430,flash_sale,,flash_standard,0,train
dev_0007431,flash_sale,,flash_standard,0,train
dev_0007432,flash_sale,,flash_standard,0,train
dev_0007433,flash_sale,,flash_standard,0,train
dev_0007434,flash_sale,,flash_standard,0,train
dev_0007435,flash_sale,,flash_standard,0,train
dev_0007436,flash_sale,,flash_standard,0,train
dev_0007437,flash_sale,,flash_standard,0,train
dev_0007438,flash_sale,,flash_standard,0,train
dev_0007439,flash_sale,,flash_standard,0,validation
dev_0007440,flash_sale,,flash_standard,0,train
dev_0007441,flash_sale,,flash_standard,0,train
dev_0007442,flash_sale,,flash_standard,0,train
dev_0007443,flash_sale,,flash_standard,0,train
dev_0007444,flash_sale,,flash_standard,0,train
dev_0007445,flash_sale,,flash_standard,0,train
dev_0007446,flash_sale,,flash_standard,0,train
dev_0007447,flash_sale,,flash_standard,0,train
dev_0007448,flash_sale,,flash_standard,0,train
dev_0007449,flash_sale,,flash_standard,0,train
dev_0007450,flash_sale,,flash_standard,0,train
dev_0007451,flash_sale,,flash_standard,0,train
dev_0007452,flash_sale,,flash_standard,0,validation
dev_0007453,flash_sale,,flash_standard,0,train
dev_0007454,flash_sale,,flash_standard,0,validation
dev_0007455,flash_sale,,flash_standard,0,train
dev_0007456,flash_sale,,flash_standard,0,train
dev_0007457,flash_sale,,flash_standard,0,train
dev_0007458,flash_sale,,flash_standard,0,train
dev_0007459,flash_sale,,flash_standard,0,train
dev_0007460,flash_sale,,flash_standard,0,train
dev_0007461,flash_sale,,flash_standard,0,train
dev_0007462,flash_sale,,flash_standard,0,train
dev_0007463,flash_sale,,flash_standard,0,train
dev_0007464,flash_sale,,flash_standard,0,train
dev_0007465,flash_sale,,flash_standard,0,train
dev_0007466,flash_sale,,flash_standard,0,train
dev_0007467,flash_sale,,flash_standard,0,train
dev_0007468,flash_sale,,flash_standard,0,train
dev_0007469,flash_sale,,flash_standard,0,train
dev_0007470,flash_sale,,flash_standard,0,validation
dev_0007471,flash_sale,,flash_standard,0,train
dev_0007472,flash_sale,,flash_standard,0,train
dev_0007473,flash_sale,,flash_standard,0,train
dev_0007474,flash_sale,,flash_standard,0,train
dev_0007475,flash_sale,,flash_standard,0,train
dev_0007476,flash_sale,,flash_standard,0,train
dev_0007477,flash_sale,,flash_standard,0,train
dev_0007478,flash_sale,,flash_standard,0,train
dev_0007479,flash_sale,,flash_standard,0,train
dev_0007480,flash_sale,,flash_standard,0,train
dev_0007481,flash_sale,,flash_standard,0,validation
dev_0007482,flash_sale,,flash_standard,0,validation
dev_0007483,flash_sale,,flash_standard,0,train
dev_0007484,flash_sale,,flash_standard,0,train
dev_0007485,flash_sale,,flash_standard,0,validation
dev_0007486,flash_sale,,flash_standard,0,train
dev_0007487,flash_sale,,flash_standard,0,train
dev_0007488,flash_sale,,flash_standard,0,train
dev_0007489,flash_sale,,flash_standard,0,train
dev_0007490,flash_sale,,flash_standard,0,train
dev_0007491,flash_sale,,flash_standard,0,train
dev_0007492,flash_sale,,flash_standard,0,train
dev_0007493,flash_sale,,flash_standard,0,train
dev_0007494,flash_sale,,flash_standard,0,train
dev_0007495,flash_sale,,flash_standard,0,train
dev_0007496,flash_sale,,flash_standard,0,train
dev_0007497,flash_sale,,flash_standard,0,train
dev_0007498,flash_sale,,flash_standard,0,train
dev_0007499,flash_sale,,flash_standard,0,train
dev_0007500,flash_sale,,flash_standard,0,validation
dev_0007501,flash_sale,,flash_standard,0,validation
dev_0007502,flash_sale,,flash_standard,0,train
dev_0007503,flash_sale,,flash_standard,0,train
dev_0007504,flash_sale,,flash_standard,0,train
dev_0007505,flash_sale,,flash_standard,0,train
dev_0007506,flash_sale,,flash_standard,0,train
dev_0007507,flash_sale,,flash_standard,0,train
dev_0007508,flash_sale,,flash_standard,0,train
dev_0007509,flash_sale,,flash_standard,0,train
dev_0007510,flash_sale,,flash_standard,0,train
dev_0007511,flash_sale,,flash_standard,0,train
dev_0007512,flash_sale,,flash_standard,0,validation
dev_0007513,flash_sale,,flash_standard,0,validation
dev_0007514,flash_sale,,flash_standard,0,train
dev_0007515,flash_sale,,flash_standard,0,train
dev_0007516,flash_sale,,flash_standard,0,train
dev_0007517,flash_sale,,flash_standard,0,train
dev_0007518,flash_sale,,flash_standard,0,train
dev_0007519,flash_sale,,flash_standard,0,train
dev_0007520,flash_sale,,flash_standard,0,train
dev_0007521,flash_sale,,flash_standard,0,train
dev_0007522,flash_sale,,flash_standard,0,train
dev_0007523,flash_sale,,flash_standard,0,train
dev_0007524,flash_sale,,flash_standard,0,train
dev_0007525,flash_sale,,flash_standard,0,validation
dev_0007526,flash_sale,,flash_standard,0,validation
dev_0007527,flash_sale,,flash_standard,0,validation
dev_0007528,flash_sale,,flash_standard,0,train
dev_0007529,flash_sale,,flash_standard,0,train
dev_0007530,flash_sale,,flash_standard,0,train
dev_0007531,flash_sale,,flash_standard,0,validation
dev_0007532,flash_sale,,flash_standard,0,train
dev_0007533,flash_sale,,flash_standard,0,validation
dev_0007534,flash_sale,,flash_standard,0,train
dev_0007535,flash_sale,,flash_standard,0,validation
dev_0007536,flash_sale,,flash_standard,0,train
dev_0007537,flash_sale,,flash_standard,0,train
dev_0007538,flash_sale,,flash_standard,0,train
dev_0007539,flash_sale,,flash_standard,0,validation
dev_0007540,flash_sale,,flash_standard,0,train
dev_0007541,flash_sale,,flash_standard,0,train
dev_0007542,flash_sale,,flash_standard,0,train
dev_0007543,flash_sale,,flash_standard,0,train
dev_0007544,flash_sale,,flash_standard,0,train
dev_0007545,flash_sale,,flash_standard,0,train
dev_0007546,flash_sale,,flash_standard,0,train
dev_0007547,flash_sale,,flash_standard,0,train
dev_0007548,flash_sale,,flash_standard,0,validation
dev_0007549,flash_sale,,flash_standard,0,validation
dev_0007550,flash_sale,,flash_standard,0,train
dev_0007551,flash_sale,,flash_standard,0,train
dev_0007552,flash_sale,,flash_standard,0,train
dev_0007553,flash_sale,,flash_standard,0,validation
dev_0007554,flash_sale,,flash_standard,0,train
dev_0007555,flash_sale,,flash_standard,0,train
dev_0007556,flash_sale,,flash_standard,0,validation
dev_0007557,flash_sale,,flash_standard,0,train
dev_0007558,flash_sale,,flash_standard,0,train
dev_0007559,flash_sale,,flash_standard,0,train
dev_0007560,flash_sale,,flash_standard,0,train
dev_0007561,flash_sale,,flash_standard,0,train
dev_0007562,flash_sale,,flash_standard,0,train
dev_0007563,flash_sale,,flash_standard,0,train
dev_0007564,flash_sale,,flash_standard,0,train
dev_0007565,flash_sale,,flash_standard,0,train
dev_0007566,flash_sale,,flash_standard,0,train
dev_0007567,flash_sale,,flash_standard,0,train
dev_0007568,flash_sale,,flash_standard,0,validation
dev_0007569,flash_sale,,flash_standard,0,train
dev_0007570,flash_sale,,flash_standard,0,train
dev_0007571,flash_sale,,flash_standard,0,validation
dev_0007572,flash_sale,,flash_standard,0,train
dev_0007573,flash_sale,,flash_standard,0,train
dev_0007574,flash_sale,,flash_standard,0,train
dev_0007575,flash_sale,,flash_standard,0,train
dev_0007576,flash_sale,,flash_standard,0,train
dev_0007577,flash_sale,,flash_standard,0,train
dev_0007578,flash_sale,,flash_standard,0,train
dev_0007579,flash_sale,,flash_standard,0,train
dev_0007580,flash_sale,,flash_standard,0,train
dev_0007581,flash_sale,,flash_standard,0,train
dev_0007582,flash_sale,,flash_standard,0,validation
dev_0007583,flash_sale,,flash_standard,0,train
dev_0007584,flash_sale,,flash_standard,0,train
dev_0007585,flash_sale,,flash_standard,0,train
dev_0007586,flash_sale,,flash_standard,0,train
dev_0007587,flash_sale,,flash_standard,0,train
dev_0007588,flash_sale,,flash_standard,0,train
dev_0007589,flash_sale,,flash_standard,0,train
dev_0007590,flash_sale,,flash_standard,0,train
dev_0007591,flash_sale,,flash_standard,0,train
dev_0007592,flash_sale,,flash_standard,0,train
dev_0007593,flash_sale,,flash_standard,0,train
dev_0007594,flash_sale,,flash_standard,0,validation
dev_0007595,flash_sale,,flash_standard,0,train
dev_0007596,flash_sale,,flash_standard,0,train
dev_0007597,flash_sale,,flash_standard,0,train
dev_0007598,flash_sale,,flash_standard,0,train
dev_0007599,flash_sale,,flash_standard,0,train
dev_0007600,flash_sale,,flash_standard,0,train
dev_0007601,flash_sale,,flash_standard,0,train
dev_0007602,flash_sale,,flash_standard,0,train
dev_0007603,flash_sale,,flash_standard,0,train
dev_0007604,flash_sale,,flash_standard,0,train
dev_0007605,flash_sale,,flash_standard,0,train
dev_0007606,flash_sale,,flash_standard,0,train
dev_0007607,flash_sale,,flash_standard,0,validation
dev_0007608,flash_sale,,flash_standard,0,validation
dev_0007609,flash_sale,,flash_standard,0,train
dev_0007610,flash_sale,,flash_standard,0,validation
dev_0007611,flash_sale,,flash_standard,0,train
dev_0007612,flash_sale,,flash_standard,0,train
dev_0007613,flash_sale,,flash_standard,0,validation
dev_0007614,flash_sale,,flash_standard,0,train
dev_0007615,flash_sale,,flash_standard,0,validation
dev_0007616,flash_sale,,flash_standard,0,train
dev_0007617,flash_sale,,flash_standard,0,train
dev_0007618,flash_sale,,flash_standard,0,train
dev_0007619,flash_sale,,flash_standard,0,validation
dev_0007620,flash_sale,,flash_standard,0,validation
dev_0007621,flash_sale,,flash_standard,0,train
dev_0007622,flash_sale,,flash_standard,0,validation
dev_0007623,flash_sale,,flash_standard,0,train
dev_0007624,flash_sale,,flash_standard,0,train
dev_0007625,flash_sale,,flash_standard,0,train
dev_0007626,flash_sale,,flash_standard,0,train
dev_0007627,flash_sale,,flash_standard,0,validation
dev_0007628,flash_sale,,flash_standard,0,train
dev_0007629,flash_sale,,flash_standard,0,validation
dev_0007630,flash_sale,,flash_standard,0,train
dev_0007631,flash_sale,,flash_standard,0,train
dev_0007632,flash_sale,,flash_standard,0,train
dev_0007633,flash_sale,,flash_standard,0,validation
dev_0007634,flash_sale,,flash_standard,0,validation
dev_0007635,flash_sale,,flash_standard,0,train
dev_0007636,flash_sale,,flash_standard,0,train
dev_0007637,flash_sale,,flash_standard,0,validation
dev_0007638,flash_sale,,flash_standard,0,train
dev_0007639,flash_sale,,flash_standard,0,train
dev_0007640,flash_sale,,flash_standard,0,train
dev_0007641,flash_sale,,flash_standard,0,train
dev_0007642,flash_sale,,flash_standard,0,train
dev_0007643,flash_sale,,flash_standard,0,validation
dev_0007644,flash_sale,,flash_standard,0,train
dev_0007645,flash_sale,,flash_standard,0,train
dev_0007646,flash_sale,,flash_standard,0,validation
dev_0007647,flash_sale,,flash_standard,0,train
dev_0007648,flash_sale,,flash_standard,0,train
dev_0007649,flash_sale,,flash_standard,0,train
dev_0007650,flash_sale,,flash_standard,0,train
dev_0007651,flash_sale,,flash_standard,0,train
dev_0007652,flash_sale,,flash_standard,0,train
dev_0007653,flash_sale,,flash_standard,0,train
dev_0007654,flash_sale,,flash_standard,0,train
dev_0007655,flash_sale,,flash_standard,0,train
dev_0007656,flash_sale,,flash_standard,0,train
dev_0007657,flash_sale,,flash_standard,0,train
dev_0007658,flash_sale,,flash_standard,0,train
dev_0007659,flash_sale,,flash_standard,0,train
dev_0007660,flash_sale,,flash_standard,0,train
dev_0007661,flash_sale,,flash_standard,0,train
dev_0007662,flash_sale,,flash_standard,0,train
dev_0007663,flash_sale,,flash_standard,0,validation
dev_0007664,flash_sale,,flash_standard,0,train
dev_0007665,flash_sale,,flash_standard,0,train
dev_0007666,flash_sale,,flash_standard,0,train
dev_0007667,flash_sale,,flash_standard,0,train
dev_0007668,flash_sale,,flash_standard,0,validation
dev_0007669,flash_sale,,flash_standard,0,validation
dev_0007670,flash_sale,,flash_standard,0,validation
dev_0007671,flash_sale,,flash_standard,0,train
dev_0007672,flash_sale,,flash_standard,0,train
dev_0007673,flash_sale,,flash_standard,0,train
dev_0007674,flash_sale,,flash_standard,0,train
dev_0007675,flash_sale,,flash_standard,0,train
dev_0007676,flash_sale,,flash_standard,0,train
dev_0007677,flash_sale,,flash_standard,0,train
dev_0007678,flash_sale,,flash_standard,0,train
dev_0007679,flash_sale,,flash_standard,0,train
dev_0007680,flash_sale,,flash_standard,0,train
dev_0007681,flash_sale,,flash_standard,0,train
dev_0007682,flash_sale,,flash_standard,0,train
dev_0007683,flash_sale,,flash_standard,0,train
dev_0007684,flash_sale,,flash_standard,0,train
dev_0007685,flash_sale,,flash_standard,0,train
dev_0007686,flash_sale,,flash_standard,0,validation
dev_0007687,flash_sale,,flash_standard,0,train
dev_0007688,flash_sale,,flash_standard,0,train
dev_0007689,flash_sale,,flash_standard,0,train
dev_0007690,flash_sale,,flash_standard,0,train
dev_0007691,flash_sale,,flash_standard,0,validation
dev_0007692,flash_sale,,flash_standard,0,validation
dev_0007693,flash_sale,,flash_standard,0,train
dev_0007694,flash_sale,,flash_standard,0,train
dev_0007695,flash_sale,,flash_standard,0,train
dev_0007696,flash_sale,,flash_standard,0,train
dev_0007697,flash_sale,,flash_standard,0,train
dev_0007698,flash_sale,,flash_standard,0,validation
dev_0007699,flash_sale,,flash_standard,0,train
dev_0007700,flash_sale,,flash_standard,0,train
dev_0007701,flash_sale,,flash_standard,0,train
dev_0007702,flash_sale,,flash_standard,0,train
dev_0007703,flash_sale,,flash_standard,0,train
dev_0007704,flash_sale,,flash_standard,0,train
dev_0007705,flash_sale,,flash_standard,0,train
dev_0007706,flash_sale,,flash_standard,0,train
dev_0007707,flash_sale,,flash_standard,0,train
dev_0007708,flash_sale,,flash_standard,0,validation
dev_0007709,flash_sale,,flash_standard,0,train
dev_0007710,flash_sale,,flash_standard,0,train
dev_0007711,flash_sale,,flash_standard,0,train
dev_0007712,flash_sale,,flash_standard,0,train
dev_0007713,flash_sale,,flash_standard,0,validation
dev_0007714,flash_sale,,flash_standard,0,train
dev_0007715,flash_sale,,flash_standard,0,validation
dev_0007716,flash_sale,,flash_standard,0,train
dev_0007717,flash_sale,,flash_standard,0,train
dev_0007718,flash_sale,,flash_standard,0,validation
dev_0007719,flash_sale,,flash_standard,0,train
dev_0007720,flash_sale,,flash_standard,0,train
dev_0007721,flash_sale,,flash_standard,0,train
dev_0007722,flash_sale,,flash_standard,0,train
dev_0007723,flash_sale,,flash_standard,0,train
dev_0007724,flash_sale,,flash_standard,0,train
dev_0007725,flash_sale,,flash_standard,0,train
dev_0007726,flash_sale,,flash_standard,0,validation
dev_0007727,flash_sale,,flash_standard,0,train
dev_0007728,flash_sale,,flash_standard,0,train
dev_0007729,flash_sale,,flash_standard,0,train
dev_0007730,flash_sale,,flash_standard,0,train
dev_0007731,flash_sale,,flash_standard,0,train
dev_0007732,flash_sale,,flash_standard,0,train
dev_0007733,flash_sale,,flash_standard,0,train
dev_0007734,flash_sale,,flash_standard,0,train
dev_0007735,flash_sale,,flash_standard,0,train
dev_0007736,flash_sale,,flash_standard,0,train
dev_0007737,flash_sale,,flash_standard,0,validation
dev_0007738,flash_sale,,flash_standard,0,train
dev_0007739,flash_sale,,flash_standard,0,train
dev_0007740,flash_sale,,flash_standard,0,train
dev_0007741,flash_sale,,flash_standard,0,train
dev_0007742,flash_sale,,flash_standard,0,train
dev_0007743,flash_sale,,flash_standard,0,validation
dev_0007744,flash_sale,,flash_standard,0,train
dev_0007745,flash_sale,,flash_standard,0,validation
dev_0007746,flash_sale,,flash_standard,0,train
dev_0007747,flash_sale,,flash_standard,0,train
dev_0007748,flash_sale,,flash_standard,0,validation
dev_0007749,flash_sale,,flash_standard,0,validation
dev_0007750,flash_sale,,flash_standard,0,train
dev_0007751,flash_sale,,flash_standard,0,validation
dev_0007752,flash_sale,,flash_standard,0,train
dev_0007753,flash_sale,,flash_standard,0,validation
dev_0007754,flash_sale,,flash_standard,0,train
dev_0007755,flash_sale,,flash_standard,0,train
dev_0007756,flash_sale,,flash_standard,0,validation
dev_0007757,flash_sale,,flash_standard,0,train
dev_0007758,flash_sale,,flash_standard,0,train
dev_0007759,flash_sale,,flash_standard,0,validation
dev_0007760,flash_sale,,flash_standard,0,validation
dev_0007761,flash_sale,,flash_standard,0,train
dev_0007762,flash_sale,,flash_standard,0,train
dev_0007763,flash_sale,,flash_standard,0,train
dev_0007764,flash_sale,,flash_standard,0,train
dev_0007765,flash_sale,,flash_standard,0,train
dev_0007766,flash_sale,,flash_standard,0,train
dev_0007767,flash_sale,,flash_standard,0,train
dev_0007768,flash_sale,,flash_standard,0,train
dev_0007769,flash_sale,,flash_standard,0,train
dev_0007770,flash_sale,,flash_standard,0,train
dev_0007771,flash_sale,,flash_standard,0,train
dev_0007772,flash_sale,,flash_standard,0,train
dev_0007773,flash_sale,,flash_standard,0,train
dev_0007774,flash_sale,,flash_standard,0,train
dev_0007775,flash_sale,,flash_standard,0,train
dev_0007776,flash_sale,,flash_standard,0,validation
dev_0007777,flash_sale,,flash_standard,0,train
dev_0007778,flash_sale,,flash_standard,0,validation
dev_0007779,flash_sale,,flash_standard,0,validation
dev_0007780,flash_sale,,flash_standard,0,train
dev_0007781,flash_sale,,flash_standard,0,validation
dev_0007782,flash_sale,,flash_standard,0,train
dev_0007783,flash_sale,,flash_standard,0,train
dev_0007784,flash_sale,,flash_standard,0,train
dev_0007785,flash_sale,,flash_standard,0,train
dev_0007786,flash_sale,,flash_standard,0,train
dev_0007787,flash_sale,,flash_standard,0,train
dev_0007788,flash_sale,,flash_standard,0,train
dev_0007789,flash_sale,,flash_standard,0,train
dev_0007790,flash_sale,,flash_standard,0,train
dev_0007791,flash_sale,,flash_standard,0,validation
dev_0007792,flash_sale,,flash_standard,0,validation
dev_0007793,flash_sale,,flash_standard,0,train
dev_0007794,flash_sale,,flash_standard,0,train
dev_0007795,flash_sale,,flash_standard,0,train
dev_0007796,flash_sale,,flash_standard,0,validation
dev_0007797,flash_sale,,flash_standard,0,validation
dev_0007798,flash_sale,,flash_standard,0,validation
dev_0007799,flash_sale,,flash_standard,0,train
dev_0007800,flash_sale,,flash_standard,0,train
dev_0007801,flash_sale,,flash_standard,0,validation
dev_0007802,flash_sale,,flash_standard,0,train
dev_0007803,flash_sale,,flash_standard,0,train
dev_0007804,flash_sale,,flash_standard,0,validation
dev_0007805,flash_sale,,flash_standard,0,validation
dev_0007806,flash_sale,,flash_standard,0,validation
dev_0007807,flash_sale,,flash_standard,0,validation
dev_0007808,flash_sale,,flash_standard,0,train
dev_0007809,flash_sale,,flash_standard,0,train
dev_0007810,flash_sale,,flash_standard,0,train
dev_0007811,flash_sale,,flash_standard,0,train
dev_0007812,flash_sale,,flash_standard,0,train
dev_0007813,flash_sale,,flash_standard,0,validation
dev_0007814,flash_sale,,flash_standard,0,validation
dev_0007815,flash_sale,,flash_standard,0,train
dev_0007816,flash_sale,,flash_standard,0,train
dev_0007817,flash_sale,,flash_standard,0,train
dev_0007818,flash_sale,,flash_standard,0,train
dev_0007819,flash_sale,,flash_standard,0,train
dev_0007820,flash_sale,,flash_standard,0,train
dev_0007821,flash_sale,,flash_standard,0,validation
dev_0007822,flash_sale,,flash_standard,0,train
dev_0007823,flash_sale,,flash_standard,0,train
dev_0007824,flash_sale,,flash_standard,0,validation
dev_0007825,flash_sale,,flash_standard,0,train
dev_0007826,flash_sale,,flash_standard,0,train
dev_0007827,flash_sale,,flash_standard,0,train
dev_0007828,flash_sale,,flash_standard,0,train
dev_0007829,flash_sale,,flash_standard,0,train
dev_0007830,flash_sale,,flash_standard,0,train
dev_0007831,flash_sale,,flash_standard,0,train
dev_0007832,flash_sale,,flash_standard,0,train
dev_0007833,flash_sale,,flash_standard,0,train
dev_0007834,flash_sale,,flash_standard,0,validation
dev_0007835,flash_sale,,flash_standard,0,train
dev_0007836,flash_sale,,flash_standard,0,train
dev_0007837,flash_sale,,flash_standard,0,train
dev_0007838,flash_sale,,flash_standard,0,train
dev_0007839,flash_sale,,flash_standard,0,validation
dev_0007840,flash_sale,,flash_standard,0,train
dev_0007841,flash_sale,,flash_standard,0,train
dev_0007842,flash_sale,,flash_standard,0,train
dev_0007843,flash_sale,,flash_standard,0,train
dev_0007844,flash_sale,,flash_standard,0,validation
dev_0007845,flash_sale,,flash_standard,0,train
dev_0007846,flash_sale,,flash_standard,0,train
dev_0007847,flash_sale,,flash_standard,0,train
dev_0007848,flash_sale,,flash_standard,0,train
dev_0007849,flash_sale,,flash_standard,0,validation
dev_0007850,flash_sale,,flash_standard,0,train
dev_0007851,flash_sale,,flash_standard,0,validation
dev_0007852,flash_sale,,flash_standard,0,validation
dev_0007853,flash_sale,,flash_standard,0,train
dev_0007854,flash_sale,,flash_standard,0,train
dev_0007855,flash_sale,,flash_standard,0,train
dev_0007856,flash_sale,,flash_standard,0,train
dev_0007857,flash_sale,,flash_standard,0,validation
dev_0007858,flash_sale,,flash_standard,0,train
dev_0007859,flash_sale,,flash_standard,0,train
dev_0007860,flash_sale,,flash_standard,0,validation
dev_0007861,flash_sale,,flash_standard,0,train
dev_0007862,flash_sale,,flash_standard,0,train
dev_0007863,flash_sale,,flash_standard,0,train
dev_0007864,flash_sale,,flash_standard,0,validation
dev_0007865,flash_sale,,flash_standard,0,train
dev_0007866,flash_sale,,flash_standard,0,validation
dev_0007867,flash_sale,,flash_standard,0,train
dev_0007868,flash_sale,,flash_standard,0,train
dev_0007869,flash_sale,,flash_standard,0,train
dev_0007870,flash_sale,,flash_standard,0,train
dev_0007871,flash_sale,,flash_standard,0,train
dev_0007872,flash_sale,,flash_standard,0,train
dev_0007873,flash_sale,,flash_standard,0,train
dev_0007874,flash_sale,,flash_standard,0,train
dev_0007875,flash_sale,,flash_standard,0,train
dev_0007876,flash_sale,,flash_standard,0,train
dev_0007877,flash_sale,,flash_standard,0,train
dev_0007878,flash_sale,,flash_standard,0,validation
dev_0007879,flash_sale,,flash_standard,0,validation
dev_0007880,flash_sale,,flash_standard,0,train
dev_0007881,flash_sale,,flash_standard,0,train
dev_0007882,flash_sale,,flash_standard,0,train
dev_0007883,flash_sale,,flash_standard,0,train
dev_0007884,flash_sale,,flash_standard,0,train
dev_0007885,flash_sale,,flash_standard,0,train
dev_0007886,flash_sale,,flash_standard,0,train
dev_0007887,flash_sale,,flash_standard,0,validation
dev_0007888,flash_sale,,flash_standard,0,train
dev_0007889,flash_sale,,flash_standard,0,train
dev_0007890,flash_sale,,flash_standard,0,train
dev_0007891,flash_sale,,flash_standard,0,train
dev_0007892,flash_sale,,flash_standard,0,train
dev_0007893,flash_sale,,flash_standard,0,train
dev_0007894,flash_sale,,flash_standard,0,train
dev_0007895,flash_sale,,flash_standard,0,train
dev_0007896,flash_sale,,flash_standard,0,train
dev_0007897,flash_sale,,flash_standard,0,train
dev_0007898,flash_sale,,flash_standard,0,train
dev_0007899,flash_sale,,flash_standard,0,train
dev_0007900,flash_sale,,flash_standard,0,train
dev_0007901,flash_sale,,flash_standard,0,train
dev_0007902,flash_sale,,flash_standard,0,train
dev_0007903,flash_sale,,flash_standard,0,validation
dev_0007904,flash_sale,,flash_standard,0,train
dev_0007905,flash_sale,,flash_standard,0,train
dev_0007906,flash_sale,,flash_standard,0,train
dev_0007907,flash_sale,,flash_standard,0,train
dev_0007908,flash_sale,,flash_standard,0,train
dev_0007909,flash_sale,,flash_standard,0,train
dev_0007910,flash_sale,,flash_standard,0,train
dev_0007911,flash_sale,,flash_standard,0,train
dev_0007912,flash_sale,,flash_standard,0,train
dev_0007913,flash_sale,,flash_standard,0,train
dev_0007914,flash_sale,,flash_standard,0,train
dev_0007915,flash_sale,,flash_standard,0,train
dev_0007916,flash_sale,,flash_standard,0,validation
dev_0007917,flash_sale,,flash_standard,0,train
dev_0007918,flash_sale,,flash_standard,0,train
dev_0007919,flash_sale,,flash_standard,0,train
dev_0007920,flash_sale,,flash_standard,0,train
dev_0007921,flash_sale,,flash_standard,0,train
dev_0007922,flash_sale,,flash_standard,0,train
dev_0007923,flash_sale,,flash_standard,0,train
dev_0007924,flash_sale,,flash_standard,0,train
dev_0007925,flash_sale,,flash_standard,0,train
dev_0007926,flash_sale,,flash_standard,0,train
dev_0007927,flash_sale,,flash_standard,0,train
dev_0007928,flash_sale,,flash_standard,0,validation
dev_0007929,flash_sale,,flash_standard,0,train
dev_0007930,flash_sale,,flash_standard,0,train
dev_0007931,flash_sale,,flash_standard,0,train
dev_0007932,flash_sale,,flash_standard,0,train
dev_0007933,flash_sale,,flash_standard,0,train
dev_0007934,flash_sale,,flash_standard,0,train
dev_0007935,flash_sale,,flash_standard,0,train
dev_0007936,flash_sale,,flash_standard,0,train
dev_0007937,flash_sale,,flash_standard,0,train
dev_0007938,flash_sale,,flash_standard,0,train
dev_0007939,flash_sale,,flash_standard,0,train
dev_0007940,flash_sale,,flash_standard,0,train
dev_0007941,flash_sale,,flash_standard,0,train
dev_0007942,flash_sale,,flash_standard,0,train
dev_0007943,flash_sale,,flash_standard,0,train
dev_0007944,flash_sale,,flash_standard,0,train
dev_0007945,flash_sale,,flash_standard,0,train
dev_0007946,flash_sale,,flash_standard,0,train
dev_0007947,flash_sale,,flash_standard,0,train
dev_0007948,flash_sale,,flash_standard,0,train
dev_0007949,flash_sale,,flash_standard,0,train
dev_0007950,flash_sale,,flash_standard,0,train
dev_0007951,flash_sale,,flash_standard,0,train
dev_0007952,flash_sale,,flash_standard,0,train
dev_0007953,flash_sale,,flash_standard,0,train
dev_0007954,flash_sale,,flash_standard,0,validation
dev_0007955,flash_sale,,flash_standard,0,train
dev_0007956,flash_sale,,flash_standard,0,validation
dev_0007957,flash_sale,,flash_standard,0,train
dev_0007958,flash_sale,,flash_standard,0,train
dev_0007959,flash_sale,,flash_standard,0,train
dev_0007960,flash_sale,,flash_standard,0,train
dev_0007961,flash_sale,,flash_standard,0,train
dev_0007962,flash_sale,,flash_standard,0,train
dev_0007963,flash_sale,,flash_standard,0,validation
dev_0007964,flash_sale,,flash_standard,0,train
dev_0007965,flash_sale,,flash_standard,0,train
dev_0007966,flash_sale,,flash_standard,0,train
dev_0007967,flash_sale,,flash_standard,0,train
dev_0007968,flash_sale,,flash_standard,0,train
dev_0007969,flash_sale,,flash_standard,0,train
dev_0007970,flash_sale,,flash_standard,0,train
dev_0007971,flash_sale,,flash_standard,0,train
dev_0007972,flash_sale,,flash_standard,0,validation
dev_0007973,flash_sale,,flash_standard,0,train
dev_0007974,flash_sale,,flash_standard,0,train
dev_0007975,flash_sale,,flash_standard,0,train
dev_0007976,flash_sale,,flash_standard,0,train
dev_0007977,flash_sale,,flash_standard,0,train
dev_0007978,flash_sale,,flash_standard,0,train
dev_0007979,flash_sale,,flash_standard,0,train
dev_0007980,flash_sale,,flash_standard,0,train
dev_0007981,flash_sale,,flash_standard,0,train
dev_0007982,flash_sale,,flash_standard,0,validation
dev_0007983,flash_sale,,flash_standard,0,train
dev_0007984,flash_sale,,flash_standard,0,train
dev_0007985,flash_sale,,flash_standard,0,train
dev_0007986,flash_sale,,flash_standard,0,train
dev_0007987,flash_sale,,flash_standard,0,validation
dev_0007988,flash_sale,,flash_standard,0,train
dev_0007989,flash_sale,,flash_standard,0,train
dev_0007990,flash_sale,,flash_standard,0,train
dev_0007991,flash_sale,,flash_standard,0,train
dev_0007992,flash_sale,,flash_standard,0,validation
dev_0007993,flash_sale,,flash_standard,0,validation
dev_0007994,flash_sale,,flash_standard,0,train
dev_0007995,flash_sale,,flash_standard,0,train
dev_0007996,flash_sale,,flash_standard,0,train
dev_0007997,flash_sale,,flash_standard,0,train
dev_0007998,flash_sale,,flash_standard,0,train
dev_0007999,flash_sale,,flash_standard,0,train
dev_0008000,flash_sale,,flash_standard,0,train
dev_0008001,flash_sale,,flash_hard_retry,0,train
dev_0008002,flash_sale,,flash_hard_retry,0,validation
dev_0008003,flash_sale,,flash_hard_retry,0,validation
dev_0008004,flash_sale,,flash_hard_retry,0,train
dev_0008005,flash_sale,,flash_hard_retry,0,train
dev_0008006,flash_sale,,flash_hard_retry,0,train
dev_0008007,flash_sale,,flash_hard_retry,0,train
dev_0008008,flash_sale,,flash_hard_retry,0,train
dev_0008009,flash_sale,,flash_hard_retry,0,validation
dev_0008010,flash_sale,,flash_hard_retry,0,train
dev_0008011,flash_sale,,flash_hard_retry,0,validation
dev_0008012,flash_sale,,flash_hard_retry,0,train
dev_0008013,flash_sale,,flash_hard_retry,0,train
dev_0008014,flash_sale,,flash_hard_retry,0,train
dev_0008015,flash_sale,,flash_hard_retry,0,train
dev_0008016,flash_sale,,flash_hard_retry,0,train
dev_0008017,flash_sale,,flash_hard_retry,0,validation
dev_0008018,flash_sale,,flash_hard_retry,0,train
dev_0008019,flash_sale,,flash_hard_retry,0,train
dev_0008020,flash_sale,,flash_hard_retry,0,train
dev_0008021,flash_sale,,flash_hard_retry,0,train
dev_0008022,flash_sale,,flash_hard_retry,0,train
dev_0008023,flash_sale,,flash_hard_retry,0,train
dev_0008024,flash_sale,,flash_hard_retry,0,validation
dev_0008025,flash_sale,,flash_hard_retry,0,train
dev_0008026,flash_sale,,flash_hard_retry,0,validation
dev_0008027,flash_sale,,flash_hard_retry,0,train
dev_0008028,flash_sale,,flash_hard_retry,0,train
dev_0008029,flash_sale,,flash_hard_retry,0,train
dev_0008030,flash_sale,,flash_hard_retry,0,train
dev_0008031,flash_sale,,flash_hard_retry,0,train
dev_0008032,flash_sale,,flash_hard_retry,0,train
dev_0008033,flash_sale,,flash_hard_retry,0,train
dev_0008034,flash_sale,,flash_hard_retry,0,train
dev_0008035,flash_sale,,flash_hard_retry,0,train
dev_0008036,flash_sale,,flash_hard_retry,0,train
dev_0008037,flash_sale,,flash_hard_retry,0,validation
dev_0008038,flash_sale,,flash_hard_retry,0,train
dev_0008039,flash_sale,,flash_hard_retry,0,train
dev_0008040,flash_sale,,flash_hard_retry,0,train
dev_0008041,flash_sale,,flash_hard_retry,0,validation
dev_0008042,flash_sale,,flash_hard_retry,0,train
dev_0008043,flash_sale,,flash_hard_retry,0,train
dev_0008044,flash_sale,,flash_hard_retry,0,train
dev_0008045,flash_sale,,flash_hard_retry,0,train
dev_0008046,flash_sale,,flash_hard_retry,0,train
dev_0008047,flash_sale,,flash_hard_retry,0,train
dev_0008048,flash_sale,,flash_hard_retry,0,train
dev_0008049,flash_sale,,flash_hard_retry,0,train
dev_0008050,flash_sale,,flash_hard_retry,0,train
dev_0008051,flash_sale,,flash_hard_retry,0,train
dev_0008052,flash_sale,,flash_hard_retry,0,train
dev_0008053,flash_sale,,flash_hard_retry,0,train
dev_0008054,flash_sale,,flash_hard_retry,0,train
dev_0008055,flash_sale,,flash_hard_retry,0,train
dev_0008056,flash_sale,,flash_hard_retry,0,train
dev_0008057,flash_sale,,flash_hard_retry,0,train
dev_0008058,flash_sale,,flash_hard_retry,0,validation
dev_0008059,flash_sale,,flash_hard_retry,0,train
dev_0008060,flash_sale,,flash_hard_retry,0,train
dev_0008061,flash_sale,,flash_hard_retry,0,validation
dev_0008062,flash_sale,,flash_hard_retry,0,train
dev_0008063,flash_sale,,flash_hard_retry,0,train
dev_0008064,flash_sale,,flash_hard_retry,0,train
dev_0008065,flash_sale,,flash_hard_retry,0,train
dev_0008066,flash_sale,,flash_hard_retry,0,validation
dev_0008067,flash_sale,,flash_hard_retry,0,validation
dev_0008068,flash_sale,,flash_hard_retry,0,train
dev_0008069,flash_sale,,flash_hard_retry,0,train
dev_0008070,flash_sale,,flash_hard_retry,0,validation
dev_0008071,flash_sale,,flash_hard_retry,0,train
dev_0008072,flash_sale,,flash_hard_retry,0,train
dev_0008073,flash_sale,,flash_hard_retry,0,train
dev_0008074,flash_sale,,flash_hard_retry,0,validation
dev_0008075,flash_sale,,flash_hard_retry,0,train
dev_0008076,flash_sale,,flash_hard_retry,0,train
dev_0008077,flash_sale,,flash_hard_retry,0,train
dev_0008078,flash_sale,,flash_hard_retry,0,train
dev_0008079,flash_sale,,flash_hard_retry,0,train
dev_0008080,flash_sale,,flash_hard_retry,0,validation
dev_0008081,flash_sale,,flash_hard_retry,0,train
dev_0008082,flash_sale,,flash_hard_retry,0,train
dev_0008083,flash_sale,,flash_hard_retry,0,validation
dev_0008084,flash_sale,,flash_hard_retry,0,validation
dev_0008085,flash_sale,,flash_hard_retry,0,train
dev_0008086,flash_sale,,flash_hard_retry,0,train
dev_0008087,flash_sale,,flash_hard_retry,0,train
dev_0008088,flash_sale,,flash_hard_retry,0,train
dev_0008089,flash_sale,,flash_hard_retry,0,train
dev_0008090,flash_sale,,flash_hard_retry,0,train
dev_0008091,flash_sale,,flash_hard_retry,0,train
dev_0008092,flash_sale,,flash_hard_retry,0,train
dev_0008093,flash_sale,,flash_hard_retry,0,train
dev_0008094,flash_sale,,flash_hard_retry,0,train
dev_0008095,flash_sale,,flash_hard_retry,0,validation
dev_0008096,flash_sale,,flash_hard_retry,0,validation
dev_0008097,flash_sale,,flash_hard_retry,0,train
dev_0008098,flash_sale,,flash_hard_retry,0,train
dev_0008099,flash_sale,,flash_hard_retry,0,train
dev_0008100,flash_sale,,flash_hard_retry,0,train
dev_0008101,flash_sale,,flash_hard_retry,0,train
dev_0008102,flash_sale,,flash_hard_retry,0,train
dev_0008103,flash_sale,,flash_hard_retry,0,train
dev_0008104,flash_sale,,flash_hard_retry,0,train
dev_0008105,flash_sale,,flash_hard_retry,0,train
dev_0008106,flash_sale,,flash_hard_retry,0,train
dev_0008107,flash_sale,,flash_hard_retry,0,train
dev_0008108,flash_sale,,flash_hard_retry,0,validation
dev_0008109,flash_sale,,flash_hard_retry,0,train
dev_0008110,flash_sale,,flash_hard_retry,0,train
dev_0008111,flash_sale,,flash_hard_retry,0,train
dev_0008112,flash_sale,,flash_hard_retry,0,train
dev_0008113,flash_sale,,flash_hard_retry,0,train
dev_0008114,flash_sale,,flash_hard_retry,0,train
dev_0008115,flash_sale,,flash_hard_retry,0,train
dev_0008116,flash_sale,,flash_hard_retry,0,train
dev_0008117,flash_sale,,flash_hard_retry,0,train
dev_0008118,flash_sale,,flash_hard_retry,0,validation
dev_0008119,flash_sale,,flash_hard_retry,0,train
dev_0008120,flash_sale,,flash_hard_retry,0,train
dev_0008121,flash_sale,,flash_hard_retry,0,train
dev_0008122,flash_sale,,flash_hard_retry,0,train
dev_0008123,flash_sale,,flash_hard_retry,0,train
dev_0008124,flash_sale,,flash_hard_retry,0,train
dev_0008125,flash_sale,,flash_hard_retry,0,validation
dev_0008126,flash_sale,,flash_hard_retry,0,train
dev_0008127,flash_sale,,flash_hard_retry,0,validation
dev_0008128,flash_sale,,flash_hard_retry,0,train
dev_0008129,flash_sale,,flash_hard_retry,0,train
dev_0008130,flash_sale,,flash_hard_retry,0,validation
dev_0008131,flash_sale,,flash_hard_retry,0,train
dev_0008132,flash_sale,,flash_hard_retry,0,train
dev_0008133,flash_sale,,flash_hard_retry,0,train
dev_0008134,flash_sale,,flash_hard_retry,0,train
dev_0008135,flash_sale,,flash_hard_retry,0,train
dev_0008136,flash_sale,,flash_hard_retry,0,validation
dev_0008137,flash_sale,,flash_hard_retry,0,train
dev_0008138,flash_sale,,flash_hard_retry,0,train
dev_0008139,flash_sale,,flash_hard_retry,0,train
dev_0008140,flash_sale,,flash_hard_retry,0,train
dev_0008141,flash_sale,,flash_hard_retry,0,train
dev_0008142,flash_sale,,flash_hard_retry,0,train
dev_0008143,flash_sale,,flash_hard_retry,0,train
dev_0008144,flash_sale,,flash_hard_retry,0,train
dev_0008145,flash_sale,,flash_hard_retry,0,validation
dev_0008146,flash_sale,,flash_hard_retry,0,train
dev_0008147,flash_sale,,flash_hard_retry,0,train
dev_0008148,flash_sale,,flash_hard_retry,0,train
dev_0008149,flash_sale,,flash_hard_retry,0,train
dev_0008150,flash_sale,,flash_hard_retry,0,train
dev_0008151,flash_sale,,flash_hard_retry,0,train
dev_0008152,flash_sale,,flash_hard_retry,0,train
dev_0008153,flash_sale,,flash_hard_retry,0,train
dev_0008154,flash_sale,,flash_hard_retry,0,train
dev_0008155,flash_sale,,flash_hard_retry,0,validation
dev_0008156,flash_sale,,flash_hard_retry,0,train
dev_0008157,flash_sale,,flash_hard_retry,0,train
dev_0008158,flash_sale,,flash_hard_retry,0,train
dev_0008159,flash_sale,,flash_hard_retry,0,validation
dev_0008160,flash_sale,,flash_hard_retry,0,train
dev_0008161,flash_sale,,flash_hard_retry,0,train
dev_0008162,flash_sale,,flash_hard_retry,0,train
dev_0008163,flash_sale,,flash_hard_retry,0,train
dev_0008164,flash_sale,,flash_hard_retry,0,validation
dev_0008165,flash_sale,,flash_hard_retry,0,train
dev_0008166,flash_sale,,flash_hard_retry,0,train
dev_0008167,flash_sale,,flash_hard_retry,0,train
dev_0008168,flash_sale,,flash_hard_retry,0,validation
dev_0008169,flash_sale,,flash_hard_retry,0,train
dev_0008170,flash_sale,,flash_hard_retry,0,train
dev_0008171,flash_sale,,flash_hard_retry,0,train
dev_0008172,flash_sale,,flash_hard_retry,0,train
dev_0008173,flash_sale,,flash_hard_retry,0,train
dev_0008174,flash_sale,,flash_hard_retry,0,train
dev_0008175,flash_sale,,flash_hard_retry,0,train
dev_0008176,flash_sale,,flash_hard_retry,0,validation
dev_0008177,flash_sale,,flash_hard_retry,0,validation
dev_0008178,flash_sale,,flash_hard_retry,0,train
dev_0008179,flash_sale,,flash_hard_retry,0,train
dev_0008180,flash_sale,,flash_hard_retry,0,train
dev_0008181,flash_sale,,flash_hard_retry,0,train
dev_0008182,flash_sale,,flash_hard_retry,0,train
dev_0008183,flash_sale,,flash_hard_retry,0,train
dev_0008184,flash_sale,,flash_hard_retry,0,train
dev_0008185,flash_sale,,flash_hard_retry,0,train
dev_0008186,flash_sale,,flash_hard_retry,0,train
dev_0008187,flash_sale,,flash_hard_retry,0,train
dev_0008188,flash_sale,,flash_hard_retry,0,train
dev_0008189,flash_sale,,flash_hard_retry,0,train
dev_0008190,flash_sale,,flash_hard_retry,0,train
dev_0008191,flash_sale,,flash_hard_retry,0,validation
dev_0008192,flash_sale,,flash_hard_retry,0,validation
dev_0008193,flash_sale,,flash_hard_retry,0,train
dev_0008194,flash_sale,,flash_hard_retry,0,train
dev_0008195,flash_sale,,flash_hard_retry,0,validation
dev_0008196,flash_sale,,flash_hard_retry,0,train
dev_0008197,flash_sale,,flash_hard_retry,0,validation
dev_0008198,flash_sale,,flash_hard_retry,0,train
dev_0008199,flash_sale,,flash_hard_retry,0,train
dev_0008200,flash_sale,,flash_hard_retry,0,train
dev_0008201,flash_sale,,flash_hard_retry,0,train
dev_0008202,flash_sale,,flash_hard_retry,0,validation
dev_0008203,flash_sale,,flash_hard_retry,0,train
dev_0008204,flash_sale,,flash_hard_retry,0,train
dev_0008205,flash_sale,,flash_hard_retry,0,train
dev_0008206,flash_sale,,flash_hard_retry,0,train
dev_0008207,flash_sale,,flash_hard_retry,0,train
dev_0008208,flash_sale,,flash_hard_retry,0,validation
dev_0008209,flash_sale,,flash_hard_retry,0,train
dev_0008210,flash_sale,,flash_hard_retry,0,train
dev_0008211,flash_sale,,flash_hard_retry,0,train
dev_0008212,flash_sale,,flash_hard_retry,0,train
dev_0008213,flash_sale,,flash_hard_retry,0,train
dev_0008214,flash_sale,,flash_hard_retry,0,train
dev_0008215,flash_sale,,flash_hard_retry,0,train
dev_0008216,flash_sale,,flash_hard_retry,0,train
dev_0008217,flash_sale,,flash_hard_retry,0,train
dev_0008218,flash_sale,,flash_hard_retry,0,validation
dev_0008219,flash_sale,,flash_hard_retry,0,train
dev_0008220,flash_sale,,flash_hard_retry,0,train
dev_0008221,flash_sale,,flash_hard_retry,0,validation
dev_0008222,flash_sale,,flash_hard_retry,0,train
dev_0008223,flash_sale,,flash_hard_retry,0,validation
dev_0008224,flash_sale,,flash_hard_retry,0,train
dev_0008225,flash_sale,,flash_hard_retry,0,train
dev_0008226,flash_sale,,flash_hard_retry,0,validation
dev_0008227,flash_sale,,flash_hard_retry,0,validation
dev_0008228,flash_sale,,flash_hard_retry,0,train
dev_0008229,flash_sale,,flash_hard_retry,0,train
dev_0008230,flash_sale,,flash_hard_retry,0,train
dev_0008231,flash_sale,,flash_hard_retry,0,train
dev_0008232,flash_sale,,flash_hard_retry,0,train
dev_0008233,flash_sale,,flash_hard_retry,0,validation
dev_0008234,flash_sale,,flash_hard_retry,0,train
dev_0008235,flash_sale,,flash_hard_retry,0,validation
dev_0008236,flash_sale,,flash_hard_retry,0,train
dev_0008237,flash_sale,,flash_hard_retry,0,validation
dev_0008238,flash_sale,,flash_hard_retry,0,train
dev_0008239,flash_sale,,flash_hard_retry,0,train
dev_0008240,flash_sale,,flash_hard_retry,0,train
dev_0008241,flash_sale,,flash_hard_retry,0,validation
dev_0008242,flash_sale,,flash_hard_retry,0,train
dev_0008243,flash_sale,,flash_hard_retry,0,train
dev_0008244,flash_sale,,flash_hard_retry,0,train
dev_0008245,flash_sale,,flash_hard_retry,0,train
dev_0008246,flash_sale,,flash_hard_retry,0,train
dev_0008247,flash_sale,,flash_hard_retry,0,train
dev_0008248,flash_sale,,flash_hard_retry,0,validation
dev_0008249,flash_sale,,flash_hard_retry,0,train
dev_0008250,flash_sale,,flash_hard_retry,0,train
dev_0008251,flash_sale,,flash_hard_retry,0,train
dev_0008252,flash_sale,,flash_hard_retry,0,train
dev_0008253,flash_sale,,flash_hard_retry,0,validation
dev_0008254,flash_sale,,flash_hard_retry,0,train
dev_0008255,flash_sale,,flash_hard_retry,0,train
dev_0008256,flash_sale,,flash_hard_retry,0,train
dev_0008257,flash_sale,,flash_hard_retry,0,validation
dev_0008258,flash_sale,,flash_hard_retry,0,train
dev_0008259,flash_sale,,flash_hard_retry,0,train
dev_0008260,flash_sale,,flash_hard_retry,0,validation
dev_0008261,flash_sale,,flash_hard_retry,0,train
dev_0008262,flash_sale,,flash_hard_retry,0,train
dev_0008263,flash_sale,,flash_hard_retry,0,validation
dev_0008264,flash_sale,,flash_hard_retry,0,train
dev_0008265,flash_sale,,flash_hard_retry,0,train
dev_0008266,flash_sale,,flash_hard_retry,0,train
dev_0008267,flash_sale,,flash_hard_retry,0,train
dev_0008268,flash_sale,,flash_hard_retry,0,validation
dev_0008269,flash_sale,,flash_hard_retry,0,validation
dev_0008270,flash_sale,,flash_hard_retry,0,validation
dev_0008271,flash_sale,,flash_hard_retry,0,train
dev_0008272,flash_sale,,flash_hard_retry,0,train
dev_0008273,flash_sale,,flash_hard_retry,0,train
dev_0008274,flash_sale,,flash_hard_retry,0,train
dev_0008275,flash_sale,,flash_hard_retry,0,train
dev_0008276,flash_sale,,flash_hard_retry,0,train
dev_0008277,flash_sale,,flash_hard_retry,0,train
dev_0008278,flash_sale,,flash_hard_retry,0,train
dev_0008279,flash_sale,,flash_hard_retry,0,train
dev_0008280,flash_sale,,flash_hard_retry,0,train
dev_0008281,flash_sale,,flash_hard_retry,0,train
dev_0008282,flash_sale,,flash_hard_retry,0,train
dev_0008283,flash_sale,,flash_hard_retry,0,train
dev_0008284,flash_sale,,flash_hard_retry,0,train
dev_0008285,flash_sale,,flash_hard_retry,0,train
dev_0008286,flash_sale,,flash_hard_retry,0,train
dev_0008287,flash_sale,,flash_hard_retry,0,validation
dev_0008288,flash_sale,,flash_hard_retry,0,validation
dev_0008289,flash_sale,,flash_hard_retry,0,train
dev_0008290,flash_sale,,flash_hard_retry,0,train
dev_0008291,flash_sale,,flash_hard_retry,0,train
dev_0008292,flash_sale,,flash_hard_retry,0,validation
dev_0008293,flash_sale,,flash_hard_retry,0,train
dev_0008294,flash_sale,,flash_hard_retry,0,validation
dev_0008295,flash_sale,,flash_hard_retry,0,train
dev_0008296,flash_sale,,flash_hard_retry,0,train
dev_0008297,flash_sale,,flash_hard_retry,0,train
dev_0008298,flash_sale,,flash_hard_retry,0,train
dev_0008299,flash_sale,,flash_hard_retry,0,train
dev_0008300,flash_sale,,flash_hard_retry,0,train
dev_0008301,flash_sale,,flash_hard_retry,0,train
dev_0008302,flash_sale,,flash_hard_retry,0,train
dev_0008303,flash_sale,,flash_hard_retry,0,train
dev_0008304,flash_sale,,flash_hard_retry,0,validation
dev_0008305,flash_sale,,flash_hard_retry,0,train
dev_0008306,flash_sale,,flash_hard_retry,0,train
dev_0008307,flash_sale,,flash_hard_retry,0,train
dev_0008308,flash_sale,,flash_hard_retry,0,train
dev_0008309,flash_sale,,flash_hard_retry,0,train
dev_0008310,flash_sale,,flash_hard_retry,0,train
dev_0008311,flash_sale,,flash_hard_retry,0,train
dev_0008312,flash_sale,,flash_hard_retry,0,train
dev_0008313,flash_sale,,flash_hard_retry,0,train
dev_0008314,flash_sale,,flash_hard_retry,0,train
dev_0008315,flash_sale,,flash_hard_retry,0,train
dev_0008316,flash_sale,,flash_hard_retry,0,train
dev_0008317,flash_sale,,flash_hard_retry,0,train
dev_0008318,flash_sale,,flash_hard_retry,0,train
dev_0008319,flash_sale,,flash_hard_retry,0,train
dev_0008320,flash_sale,,flash_hard_retry,0,validation
dev_0008321,flash_sale,,flash_hard_retry,0,train
dev_0008322,flash_sale,,flash_hard_retry,0,train
dev_0008323,flash_sale,,flash_hard_retry,0,train
dev_0008324,flash_sale,,flash_hard_retry,0,validation
dev_0008325,flash_sale,,flash_hard_retry,0,train
dev_0008326,flash_sale,,flash_hard_retry,0,train
dev_0008327,flash_sale,,flash_hard_retry,0,train
dev_0008328,flash_sale,,flash_hard_retry,0,validation
dev_0008329,flash_sale,,flash_hard_retry,0,validation
dev_0008330,flash_sale,,flash_hard_retry,0,validation
dev_0008331,flash_sale,,flash_hard_retry,0,train
dev_0008332,flash_sale,,flash_hard_retry,0,validation
dev_0008333,flash_sale,,flash_hard_retry,0,train
dev_0008334,flash_sale,,flash_hard_retry,0,train
dev_0008335,flash_sale,,flash_hard_retry,0,train
dev_0008336,flash_sale,,flash_hard_retry,0,validation
dev_0008337,flash_sale,,flash_hard_retry,0,train
dev_0008338,flash_sale,,flash_hard_retry,0,train
dev_0008339,flash_sale,,flash_hard_retry,0,validation
dev_0008340,flash_sale,,flash_hard_retry,0,train
dev_0008341,flash_sale,,flash_hard_retry,0,validation
dev_0008342,flash_sale,,flash_hard_retry,0,validation
dev_0008343,flash_sale,,flash_hard_retry,0,train
dev_0008344,flash_sale,,flash_hard_retry,0,validation
dev_0008345,flash_sale,,flash_hard_retry,0,train
dev_0008346,flash_sale,,flash_hard_retry,0,train
dev_0008347,flash_sale,,flash_hard_retry,0,train
dev_0008348,flash_sale,,flash_hard_retry,0,train
dev_0008349,flash_sale,,flash_hard_retry,0,train
dev_0008350,flash_sale,,flash_hard_retry,0,validation
dev_0008351,flash_sale,,flash_hard_retry,0,validation
dev_0008352,flash_sale,,flash_hard_retry,0,train
dev_0008353,flash_sale,,flash_hard_retry,0,validation
dev_0008354,flash_sale,,flash_hard_retry,0,train
dev_0008355,flash_sale,,flash_hard_retry,0,train
dev_0008356,flash_sale,,flash_hard_retry,0,train
dev_0008357,flash_sale,,flash_hard_retry,0,train
dev_0008358,flash_sale,,flash_hard_retry,0,train
dev_0008359,flash_sale,,flash_hard_retry,0,train
dev_0008360,flash_sale,,flash_hard_retry,0,train
dev_0008361,flash_sale,,flash_hard_retry,0,train
dev_0008362,flash_sale,,flash_hard_retry,0,train
dev_0008363,flash_sale,,flash_hard_retry,0,validation
dev_0008364,flash_sale,,flash_hard_retry,0,train
dev_0008365,flash_sale,,flash_hard_retry,0,train
dev_0008366,flash_sale,,flash_hard_retry,0,train
dev_0008367,flash_sale,,flash_hard_retry,0,train
dev_0008368,flash_sale,,flash_hard_retry,0,train
dev_0008369,flash_sale,,flash_hard_retry,0,train
dev_0008370,flash_sale,,flash_hard_retry,0,train
dev_0008371,flash_sale,,flash_hard_retry,0,train
dev_0008372,flash_sale,,flash_hard_retry,0,train
dev_0008373,flash_sale,,flash_hard_retry,0,train
dev_0008374,flash_sale,,flash_hard_retry,0,train
dev_0008375,flash_sale,,flash_hard_retry,0,train
dev_0008376,flash_sale,,flash_hard_retry,0,train
dev_0008377,flash_sale,,flash_hard_retry,0,validation
dev_0008378,flash_sale,,flash_hard_retry,0,train
dev_0008379,flash_sale,,flash_hard_retry,0,train
dev_0008380,flash_sale,,flash_hard_retry,0,train
dev_0008381,flash_sale,,flash_hard_retry,0,train
dev_0008382,flash_sale,,flash_hard_retry,0,train
dev_0008383,flash_sale,,flash_hard_retry,0,train
dev_0008384,flash_sale,,flash_hard_retry,0,train
dev_0008385,flash_sale,,flash_hard_retry,0,train
dev_0008386,flash_sale,,flash_hard_retry,0,train
dev_0008387,flash_sale,,flash_hard_retry,0,validation
dev_0008388,flash_sale,,flash_hard_retry,0,train
dev_0008389,flash_sale,,flash_hard_retry,0,train
dev_0008390,flash_sale,,flash_hard_retry,0,train
dev_0008391,flash_sale,,flash_hard_retry,0,train
dev_0008392,flash_sale,,flash_hard_retry,0,train
dev_0008393,flash_sale,,flash_hard_retry,0,train
dev_0008394,flash_sale,,flash_hard_retry,0,train
dev_0008395,flash_sale,,flash_hard_retry,0,train
dev_0008396,flash_sale,,flash_hard_retry,0,train
dev_0008397,flash_sale,,flash_hard_retry,0,train
dev_0008398,flash_sale,,flash_hard_retry,0,train
dev_0008399,flash_sale,,flash_hard_retry,0,train
dev_0008400,flash_sale,,flash_hard_retry,0,train
dev_0008401,flash_sale,,flash_hard_retry,0,validation
dev_0008402,flash_sale,,flash_hard_retry,0,train
dev_0008403,flash_sale,,flash_hard_retry,0,validation
dev_0008404,flash_sale,,flash_hard_retry,0,train
dev_0008405,flash_sale,,flash_hard_retry,0,train
dev_0008406,flash_sale,,flash_hard_retry,0,train
dev_0008407,flash_sale,,flash_hard_retry,0,train
dev_0008408,flash_sale,,flash_hard_retry,0,train
dev_0008409,flash_sale,,flash_hard_retry,0,train
dev_0008410,flash_sale,,flash_hard_retry,0,train
dev_0008411,flash_sale,,flash_hard_retry,0,validation
dev_0008412,flash_sale,,flash_hard_retry,0,train
dev_0008413,flash_sale,,flash_hard_retry,0,validation
dev_0008414,flash_sale,,flash_hard_retry,0,train
dev_0008415,flash_sale,,flash_hard_retry,0,train
dev_0008416,flash_sale,,flash_hard_retry,0,train
dev_0008417,flash_sale,,flash_hard_retry,0,train
dev_0008418,flash_sale,,flash_hard_retry,0,train
dev_0008419,flash_sale,,flash_hard_retry,0,validation
dev_0008420,flash_sale,,flash_hard_retry,0,validation
dev_0008421,flash_sale,,flash_hard_retry,0,validation
dev_0008422,flash_sale,,flash_hard_retry,0,train
dev_0008423,flash_sale,,flash_hard_retry,0,train
dev_0008424,flash_sale,,flash_hard_retry,0,validation
dev_0008425,flash_sale,,flash_hard_retry,0,train
dev_0008426,flash_sale,,flash_hard_retry,0,train
dev_0008427,flash_sale,,flash_hard_retry,0,train
dev_0008428,flash_sale,,flash_hard_retry,0,train
dev_0008429,flash_sale,,flash_hard_retry,0,validation
dev_0008430,flash_sale,,flash_hard_retry,0,train
dev_0008431,flash_sale,,flash_hard_retry,0,train
dev_0008432,flash_sale,,flash_hard_retry,0,train
dev_0008433,flash_sale,,flash_hard_retry,0,train
dev_0008434,flash_sale,,flash_hard_retry,0,train
dev_0008435,flash_sale,,flash_hard_retry,0,train
dev_0008436,flash_sale,,flash_hard_retry,0,train
dev_0008437,flash_sale,,flash_hard_retry,0,train
dev_0008438,flash_sale,,flash_hard_retry,0,train
dev_0008439,flash_sale,,flash_hard_retry,0,train
dev_0008440,flash_sale,,flash_hard_retry,0,train
dev_0008441,flash_sale,,flash_hard_retry,0,validation
dev_0008442,flash_sale,,flash_hard_retry,0,train
dev_0008443,flash_sale,,flash_hard_retry,0,validation
dev_0008444,flash_sale,,flash_hard_retry,0,train
dev_0008445,flash_sale,,flash_hard_retry,0,train
dev_0008446,flash_sale,,flash_hard_retry,0,train
dev_0008447,flash_sale,,flash_hard_retry,0,train
dev_0008448,flash_sale,,flash_hard_retry,0,train
dev_0008449,flash_sale,,flash_hard_retry,0,train
dev_0008450,flash_sale,,flash_hard_retry,0,train
dev_0008451,flash_sale,,flash_hard_retry,0,train
dev_0008452,flash_sale,,flash_hard_retry,0,train
dev_0008453,flash_sale,,flash_hard_retry,0,train
dev_0008454,flash_sale,,flash_hard_retry,0,train
dev_0008455,flash_sale,,flash_hard_retry,0,validation
dev_0008456,flash_sale,,flash_hard_retry,0,validation
dev_0008457,flash_sale,,flash_hard_retry,0,train
dev_0008458,flash_sale,,flash_hard_retry,0,train
dev_0008459,flash_sale,,flash_hard_retry,0,validation
dev_0008460,flash_sale,,flash_hard_retry,0,train
dev_0008461,flash_sale,,flash_hard_retry,0,train
dev_0008462,flash_sale,,flash_hard_retry,0,train
dev_0008463,flash_sale,,flash_hard_retry,0,train
dev_0008464,flash_sale,,flash_hard_retry,0,validation
dev_0008465,flash_sale,,flash_hard_retry,0,train
dev_0008466,flash_sale,,flash_hard_retry,0,train
dev_0008467,flash_sale,,flash_hard_retry,0,validation
dev_0008468,flash_sale,,flash_hard_retry,0,validation
dev_0008469,flash_sale,,flash_hard_retry,0,validation
dev_0008470,flash_sale,,flash_hard_retry,0,train
dev_0008471,flash_sale,,flash_hard_retry,0,train
dev_0008472,flash_sale,,flash_hard_retry,0,train
dev_0008473,flash_sale,,flash_hard_retry,0,train
dev_0008474,flash_sale,,flash_hard_retry,0,train
dev_0008475,flash_sale,,flash_hard_retry,0,train
dev_0008476,flash_sale,,flash_hard_retry,0,train
dev_0008477,flash_sale,,flash_hard_retry,0,train
dev_0008478,flash_sale,,flash_hard_retry,0,train
dev_0008479,flash_sale,,flash_hard_retry,0,validation
dev_0008480,flash_sale,,flash_hard_retry,0,train
dev_0008481,flash_sale,,flash_hard_retry,0,validation
dev_0008482,flash_sale,,flash_hard_retry,0,train
dev_0008483,flash_sale,,flash_hard_retry,0,train
dev_0008484,flash_sale,,flash_hard_retry,0,train
dev_0008485,flash_sale,,flash_hard_retry,0,train
dev_0008486,flash_sale,,flash_hard_retry,0,train
dev_0008487,flash_sale,,flash_hard_retry,0,train
dev_0008488,flash_sale,,flash_hard_retry,0,train
dev_0008489,flash_sale,,flash_hard_retry,0,train
dev_0008490,flash_sale,,flash_hard_retry,0,train
dev_0008491,flash_sale,,flash_hard_retry,0,train
dev_0008492,flash_sale,,flash_hard_retry,0,train
dev_0008493,flash_sale,,flash_hard_retry,0,train
dev_0008494,flash_sale,,flash_hard_retry,0,train
dev_0008495,flash_sale,,flash_hard_retry,0,train
dev_0008496,flash_sale,,flash_hard_retry,0,train
dev_0008497,flash_sale,,flash_hard_retry,0,validation
dev_0008498,flash_sale,,flash_hard_retry,0,validation
dev_0008499,flash_sale,,flash_hard_retry,0,train
dev_0008500,flash_sale,,flash_hard_retry,0,train
dev_0008501,attack,burst,attack_burst,1,train
dev_0008502,attack,burst,attack_burst,1,validation
dev_0008503,attack,burst,attack_burst,1,validation
dev_0008504,attack,burst,attack_burst,1,train
dev_0008505,attack,burst,attack_burst,1,train
dev_0008506,attack,burst,attack_burst,1,train
dev_0008507,attack,burst,attack_burst,1,train
dev_0008508,attack,burst,attack_burst,1,train
dev_0008509,attack,burst,attack_burst,1,train
dev_0008510,attack,burst,attack_burst,1,train
dev_0008511,attack,burst,attack_burst,1,train
dev_0008512,attack,burst,attack_burst,1,validation
dev_0008513,attack,burst,attack_burst,1,train
dev_0008514,attack,burst,attack_burst,1,train
dev_0008515,attack,burst,attack_burst,1,train
dev_0008516,attack,burst,attack_burst,1,validation
dev_0008517,attack,burst,attack_burst,1,train
dev_0008518,attack,burst,attack_burst,1,train
dev_0008519,attack,burst,attack_burst,1,train
dev_0008520,attack,burst,attack_burst,1,train
dev_0008521,attack,burst,attack_burst,1,train
dev_0008522,attack,burst,attack_burst,1,validation
dev_0008523,attack,burst,attack_burst,1,train
dev_0008524,attack,burst,attack_burst,1,train
dev_0008525,attack,burst,attack_burst,1,validation
dev_0008526,attack,burst,attack_burst,1,train
dev_0008527,attack,burst,attack_burst,1,train
dev_0008528,attack,burst,attack_burst,1,validation
dev_0008529,attack,burst,attack_burst,1,train
dev_0008530,attack,burst,attack_burst,1,train
dev_0008531,attack,burst,attack_burst,1,train
dev_0008532,attack,burst,attack_burst,1,train
dev_0008533,attack,burst,attack_burst,1,validation
dev_0008534,attack,burst,attack_burst,1,train
dev_0008535,attack,burst,attack_burst,1,train
dev_0008536,attack,burst,attack_burst,1,train
dev_0008537,attack,burst,attack_burst,1,train
dev_0008538,attack,burst,attack_burst,1,train
dev_0008539,attack,burst,attack_burst,1,validation
dev_0008540,attack,burst,attack_burst,1,train
dev_0008541,attack,burst,attack_burst,1,train
dev_0008542,attack,burst,attack_burst,1,train
dev_0008543,attack,burst,attack_burst,1,train
dev_0008544,attack,burst,attack_burst,1,validation
dev_0008545,attack,burst,attack_burst,1,train
dev_0008546,attack,burst,attack_burst,1,train
dev_0008547,attack,burst,attack_burst,1,validation
dev_0008548,attack,burst,attack_burst,1,train
dev_0008549,attack,burst,attack_burst,1,train
dev_0008550,attack,burst,attack_burst,1,validation
dev_0008551,attack,burst,attack_burst,1,train
dev_0008552,attack,burst,attack_burst,1,train
dev_0008553,attack,burst,attack_burst,1,train
dev_0008554,attack,burst,attack_burst,1,train
dev_0008555,attack,burst,attack_burst,1,validation
dev_0008556,attack,burst,attack_burst,1,train
dev_0008557,attack,burst,attack_burst,1,train
dev_0008558,attack,burst,attack_burst,1,train
dev_0008559,attack,burst,attack_burst,1,train
dev_0008560,attack,burst,attack_burst,1,train
dev_0008561,attack,burst,attack_burst,1,validation
dev_0008562,attack,burst,attack_burst,1,validation
dev_0008563,attack,burst,attack_burst,1,validation
dev_0008564,attack,burst,attack_burst,1,train
dev_0008565,attack,burst,attack_burst,1,train
dev_0008566,attack,burst,attack_burst,1,train
dev_0008567,attack,burst,attack_burst,1,train
dev_0008568,attack,burst,attack_burst,1,validation
dev_0008569,attack,burst,attack_burst,1,train
dev_0008570,attack,burst,attack_burst,1,train
dev_0008571,attack,burst,attack_burst,1,train
dev_0008572,attack,burst,attack_burst,1,validation
dev_0008573,attack,burst,attack_burst,1,validation
dev_0008574,attack,burst,attack_burst,1,train
dev_0008575,attack,burst,attack_burst,1,train
dev_0008576,attack,burst,attack_burst,1,validation
dev_0008577,attack,burst,attack_burst,1,train
dev_0008578,attack,burst,attack_burst,1,train
dev_0008579,attack,burst,attack_burst,1,train
dev_0008580,attack,burst,attack_burst,1,train
dev_0008581,attack,burst,attack_burst,1,train
dev_0008582,attack,burst,attack_burst,1,train
dev_0008583,attack,burst,attack_burst,1,validation
dev_0008584,attack,burst,attack_burst,1,train
dev_0008585,attack,burst,attack_burst,1,train
dev_0008586,attack,burst,attack_burst,1,train
dev_0008587,attack,burst,attack_burst,1,train
dev_0008588,attack,burst,attack_burst,1,train
dev_0008589,attack,burst,attack_burst,1,train
dev_0008590,attack,burst,attack_burst,1,validation
dev_0008591,attack,burst,attack_burst,1,train
dev_0008592,attack,burst,attack_burst,1,train
dev_0008593,attack,burst,attack_burst,1,validation
dev_0008594,attack,burst,attack_burst,1,train
dev_0008595,attack,burst,attack_burst,1,train
dev_0008596,attack,burst,attack_burst,1,train
dev_0008597,attack,burst,attack_burst,1,train
dev_0008598,attack,burst,attack_burst,1,train
dev_0008599,attack,burst,attack_burst,1,train
dev_0008600,attack,burst,attack_burst,1,train
dev_0008601,attack,burst,attack_burst,1,train
dev_0008602,attack,burst,attack_burst,1,train
dev_0008603,attack,burst,attack_burst,1,train
dev_0008604,attack,burst,attack_burst,1,train
dev_0008605,attack,burst,attack_burst,1,validation
dev_0008606,attack,burst,attack_burst,1,validation
dev_0008607,attack,burst,attack_burst,1,train
dev_0008608,attack,burst,attack_burst,1,validation
dev_0008609,attack,burst,attack_burst,1,train
dev_0008610,attack,burst,attack_burst,1,train
dev_0008611,attack,burst,attack_burst,1,train
dev_0008612,attack,burst,attack_burst,1,train
dev_0008613,attack,burst,attack_burst,1,train
dev_0008614,attack,burst,attack_burst,1,train
dev_0008615,attack,burst,attack_burst,1,train
dev_0008616,attack,burst,attack_burst,1,train
dev_0008617,attack,burst,attack_burst,1,train
dev_0008618,attack,burst,attack_burst,1,validation
dev_0008619,attack,burst,attack_burst,1,train
dev_0008620,attack,burst,attack_burst,1,train
dev_0008621,attack,burst,attack_burst,1,train
dev_0008622,attack,burst,attack_burst,1,train
dev_0008623,attack,burst,attack_burst,1,train
dev_0008624,attack,burst,attack_burst,1,train
dev_0008625,attack,burst,attack_burst,1,train
dev_0008626,attack,burst,attack_burst,1,train
dev_0008627,attack,burst,attack_burst,1,validation
dev_0008628,attack,burst,attack_burst,1,validation
dev_0008629,attack,burst,attack_burst,1,train
dev_0008630,attack,burst,attack_burst,1,train
dev_0008631,attack,burst,attack_burst,1,train
dev_0008632,attack,burst,attack_burst,1,train
dev_0008633,attack,burst,attack_burst,1,validation
dev_0008634,attack,burst,attack_burst,1,train
dev_0008635,attack,burst,attack_burst,1,train
dev_0008636,attack,burst,attack_burst,1,train
dev_0008637,attack,burst,attack_burst,1,train
dev_0008638,attack,burst,attack_burst,1,validation
dev_0008639,attack,burst,attack_burst,1,train
dev_0008640,attack,burst,attack_burst,1,train
dev_0008641,attack,burst,attack_burst,1,validation
dev_0008642,attack,burst,attack_burst,1,train
dev_0008643,attack,burst,attack_burst,1,train
dev_0008644,attack,burst,attack_burst,1,validation
dev_0008645,attack,burst,attack_burst,1,train
dev_0008646,attack,burst,attack_burst,1,train
dev_0008647,attack,burst,attack_burst,1,train
dev_0008648,attack,burst,attack_burst,1,train
dev_0008649,attack,burst,attack_burst,1,train
dev_0008650,attack,burst,attack_burst,1,train
dev_0008651,attack,burst,attack_burst,1,train
dev_0008652,attack,burst,attack_burst,1,validation
dev_0008653,attack,burst,attack_burst,1,validation
dev_0008654,attack,burst,attack_burst,1,train
dev_0008655,attack,burst,attack_burst,1,train
dev_0008656,attack,burst,attack_burst,1,validation
dev_0008657,attack,burst,attack_burst,1,train
dev_0008658,attack,burst,attack_burst,1,validation
dev_0008659,attack,burst,attack_burst,1,train
dev_0008660,attack,burst,attack_burst,1,train
dev_0008661,attack,burst,attack_burst,1,validation
dev_0008662,attack,burst,attack_burst,1,train
dev_0008663,attack,burst,attack_burst,1,train
dev_0008664,attack,burst,attack_burst,1,train
dev_0008665,attack,burst,attack_burst,1,train
dev_0008666,attack,burst,attack_burst,1,train
dev_0008667,attack,burst,attack_burst,1,train
dev_0008668,attack,burst,attack_burst,1,train
dev_0008669,attack,burst,attack_burst,1,train
dev_0008670,attack,burst,attack_burst,1,train
dev_0008671,attack,burst,attack_burst,1,train
dev_0008672,attack,burst,attack_burst,1,train
dev_0008673,attack,burst,attack_burst,1,train
dev_0008674,attack,burst,attack_burst,1,train
dev_0008675,attack,burst,attack_burst,1,train
dev_0008676,attack,burst,attack_burst,1,train
dev_0008677,attack,burst,attack_burst,1,train
dev_0008678,attack,burst,attack_burst,1,train
dev_0008679,attack,burst,attack_burst,1,train
dev_0008680,attack,burst,attack_burst,1,train
dev_0008681,attack,burst,attack_burst,1,validation
dev_0008682,attack,burst,attack_burst,1,train
dev_0008683,attack,burst,attack_burst,1,train
dev_0008684,attack,burst,attack_burst,1,train
dev_0008685,attack,burst,attack_burst,1,train
dev_0008686,attack,burst,attack_burst,1,train
dev_0008687,attack,burst,attack_burst,1,validation
dev_0008688,attack,burst,attack_burst,1,train
dev_0008689,attack,burst,attack_burst,1,validation
dev_0008690,attack,burst,attack_burst,1,train
dev_0008691,attack,burst,attack_burst,1,train
dev_0008692,attack,burst,attack_burst,1,train
dev_0008693,attack,burst,attack_burst,1,train
dev_0008694,attack,burst,attack_burst,1,validation
dev_0008695,attack,burst,attack_burst,1,train
dev_0008696,attack,burst,attack_burst,1,train
dev_0008697,attack,burst,attack_burst,1,train
dev_0008698,attack,burst,attack_burst,1,validation
dev_0008699,attack,burst,attack_burst,1,validation
dev_0008700,attack,burst,attack_burst,1,train
dev_0008701,attack,burst,attack_burst,1,train
dev_0008702,attack,burst,attack_burst,1,train
dev_0008703,attack,burst,attack_burst,1,train
dev_0008704,attack,burst,attack_burst,1,train
dev_0008705,attack,burst,attack_burst,1,train
dev_0008706,attack,burst,attack_burst,1,validation
dev_0008707,attack,burst,attack_burst,1,train
dev_0008708,attack,burst,attack_burst,1,validation
dev_0008709,attack,burst,attack_burst,1,train
dev_0008710,attack,burst,attack_burst,1,train
dev_0008711,attack,burst,attack_burst,1,train
dev_0008712,attack,burst,attack_burst,1,train
dev_0008713,attack,burst,attack_burst,1,train
dev_0008714,attack,burst,attack_burst,1,validation
dev_0008715,attack,burst,attack_burst,1,validation
dev_0008716,attack,burst,attack_burst,1,train
dev_0008717,attack,burst,attack_burst,1,train
dev_0008718,attack,burst,attack_burst,1,train
dev_0008719,attack,burst,attack_burst,1,validation
dev_0008720,attack,burst,attack_burst,1,validation
dev_0008721,attack,burst,attack_burst,1,train
dev_0008722,attack,burst,attack_burst,1,train
dev_0008723,attack,burst,attack_burst,1,train
dev_0008724,attack,burst,attack_burst,1,train
dev_0008725,attack,burst,attack_burst,1,train
dev_0008726,attack,burst,attack_burst,1,train
dev_0008727,attack,burst,attack_burst,1,train
dev_0008728,attack,burst,attack_burst,1,train
dev_0008729,attack,burst,attack_burst,1,train
dev_0008730,attack,burst,attack_burst,1,train
dev_0008731,attack,burst,attack_burst,1,train
dev_0008732,attack,burst,attack_burst,1,train
dev_0008733,attack,burst,attack_burst,1,train
dev_0008734,attack,burst,attack_burst,1,validation
dev_0008735,attack,burst,attack_burst,1,train
dev_0008736,attack,burst,attack_burst,1,train
dev_0008737,attack,burst,attack_burst,1,train
dev_0008738,attack,burst,attack_burst,1,train
dev_0008739,attack,burst,attack_burst,1,train
dev_0008740,attack,burst,attack_burst,1,train
dev_0008741,attack,burst,attack_burst,1,train
dev_0008742,attack,burst,attack_burst,1,train
dev_0008743,attack,burst,attack_burst,1,train
dev_0008744,attack,burst,attack_burst,1,train
dev_0008745,attack,burst,attack_burst,1,train
dev_0008746,attack,burst,attack_burst,1,train
dev_0008747,attack,burst,attack_burst,1,validation
dev_0008748,attack,burst,attack_burst,1,train
dev_0008749,attack,burst,attack_burst,1,train
dev_0008750,attack,burst,attack_burst,1,train
dev_0008751,attack,burst,attack_burst,1,train
dev_0008752,attack,burst,attack_burst,1,validation
dev_0008753,attack,burst,attack_burst,1,train
dev_0008754,attack,burst,attack_burst,1,train
dev_0008755,attack,burst,attack_burst,1,train
dev_0008756,attack,burst,attack_burst,1,train
dev_0008757,attack,burst,attack_burst,1,validation
dev_0008758,attack,burst,attack_burst,1,train
dev_0008759,attack,burst,attack_burst,1,train
dev_0008760,attack,burst,attack_burst,1,train
dev_0008761,attack,burst,attack_burst,1,validation
dev_0008762,attack,burst,attack_burst,1,train
dev_0008763,attack,burst,attack_burst,1,train
dev_0008764,attack,burst,attack_burst,1,train
dev_0008765,attack,burst,attack_burst,1,train
dev_0008766,attack,burst,attack_burst,1,train
dev_0008767,attack,burst,attack_burst,1,train
dev_0008768,attack,burst,attack_burst,1,validation
dev_0008769,attack,burst,attack_burst,1,train
dev_0008770,attack,burst,attack_burst,1,validation
dev_0008771,attack,burst,attack_burst,1,train
dev_0008772,attack,burst,attack_burst,1,train
dev_0008773,attack,burst,attack_burst,1,train
dev_0008774,attack,burst,attack_burst,1,train
dev_0008775,attack,burst,attack_burst,1,train
dev_0008776,attack,burst,attack_burst,1,train
dev_0008777,attack,burst,attack_burst,1,train
dev_0008778,attack,burst,attack_burst,1,train
dev_0008779,attack,burst,attack_burst,1,train
dev_0008780,attack,burst,attack_burst,1,train
dev_0008781,attack,burst,attack_burst,1,train
dev_0008782,attack,burst,attack_burst,1,validation
dev_0008783,attack,burst,attack_burst,1,train
dev_0008784,attack,burst,attack_burst,1,train
dev_0008785,attack,burst,attack_burst,1,validation
dev_0008786,attack,burst,attack_burst,1,train
dev_0008787,attack,burst,attack_burst,1,validation
dev_0008788,attack,burst,attack_burst,1,train
dev_0008789,attack,burst,attack_burst,1,train
dev_0008790,attack,burst,attack_burst,1,validation
dev_0008791,attack,burst,attack_burst,1,train
dev_0008792,attack,burst,attack_burst,1,validation
dev_0008793,attack,burst,attack_burst,1,validation
dev_0008794,attack,burst,attack_burst,1,train
dev_0008795,attack,burst,attack_burst,1,train
dev_0008796,attack,burst,attack_burst,1,train
dev_0008797,attack,burst,attack_burst,1,train
dev_0008798,attack,burst,attack_burst,1,train
dev_0008799,attack,burst,attack_burst,1,train
dev_0008800,attack,burst,attack_burst,1,train
dev_0008801,attack,burst,attack_burst,1,train
dev_0008802,attack,burst,attack_burst,1,train
dev_0008803,attack,burst,attack_burst,1,validation
dev_0008804,attack,burst,attack_burst,1,train
dev_0008805,attack,burst,attack_burst,1,train
dev_0008806,attack,burst,attack_burst,1,train
dev_0008807,attack,burst,attack_burst,1,train
dev_0008808,attack,burst,attack_burst,1,validation
dev_0008809,attack,burst,attack_burst,1,train
dev_0008810,attack,burst,attack_burst,1,validation
dev_0008811,attack,burst,attack_burst,1,train
dev_0008812,attack,burst,attack_burst,1,train
dev_0008813,attack,burst,attack_burst,1,train
dev_0008814,attack,burst,attack_burst,1,validation
dev_0008815,attack,burst,attack_burst,1,train
dev_0008816,attack,burst,attack_burst,1,validation
dev_0008817,attack,burst,attack_burst,1,train
dev_0008818,attack,burst,attack_burst,1,train
dev_0008819,attack,burst,attack_burst,1,train
dev_0008820,attack,burst,attack_burst,1,validation
dev_0008821,attack,burst,attack_burst,1,train
dev_0008822,attack,burst,attack_burst,1,train
dev_0008823,attack,burst,attack_burst,1,train
dev_0008824,attack,burst,attack_burst,1,train
dev_0008825,attack,burst,attack_burst,1,train
dev_0008826,attack,burst,attack_burst,1,train
dev_0008827,attack,burst,attack_burst,1,train
dev_0008828,attack,burst,attack_burst,1,train
dev_0008829,attack,burst,attack_burst,1,train
dev_0008830,attack,burst,attack_burst,1,train
dev_0008831,attack,burst,attack_burst,1,train
dev_0008832,attack,burst,attack_burst,1,train
dev_0008833,attack,burst,attack_burst,1,validation
dev_0008834,attack,burst,attack_burst,1,train
dev_0008835,attack,burst,attack_burst,1,train
dev_0008836,attack,burst,attack_burst,1,train
dev_0008837,attack,burst,attack_burst,1,train
dev_0008838,attack,burst,attack_burst,1,train
dev_0008839,attack,burst,attack_burst,1,train
dev_0008840,attack,burst,attack_burst,1,train
dev_0008841,attack,burst,attack_burst,1,train
dev_0008842,attack,burst,attack_burst,1,train
dev_0008843,attack,burst,attack_burst,1,train
dev_0008844,attack,burst,attack_burst,1,validation
dev_0008845,attack,burst,attack_burst,1,validation
dev_0008846,attack,burst,attack_burst,1,validation
dev_0008847,attack,burst,attack_burst,1,validation
dev_0008848,attack,burst,attack_burst,1,train
dev_0008849,attack,burst,attack_burst,1,validation
dev_0008850,attack,burst,attack_burst,1,train
dev_0008851,attack,burst,attack_burst,1,train
dev_0008852,attack,burst,attack_burst,1,train
dev_0008853,attack,burst,attack_burst,1,validation
dev_0008854,attack,burst,attack_burst,1,train
dev_0008855,attack,burst,attack_burst,1,train
dev_0008856,attack,burst,attack_burst,1,validation
dev_0008857,attack,burst,attack_burst,1,train
dev_0008858,attack,burst,attack_burst,1,validation
dev_0008859,attack,burst,attack_burst,1,validation
dev_0008860,attack,burst,attack_burst,1,train
dev_0008861,attack,burst,attack_burst,1,train
dev_0008862,attack,burst,attack_burst,1,train
dev_0008863,attack,burst,attack_burst,1,train
dev_0008864,attack,burst,attack_burst,1,train
dev_0008865,attack,burst,attack_burst,1,train
dev_0008866,attack,burst,attack_burst,1,train
dev_0008867,attack,burst,attack_burst,1,train
dev_0008868,attack,burst,attack_burst,1,train
dev_0008869,attack,burst,attack_burst,1,train
dev_0008870,attack,burst,attack_burst,1,train
dev_0008871,attack,burst,attack_burst,1,validation
dev_0008872,attack,burst,attack_burst,1,train
dev_0008873,attack,burst,attack_burst,1,train
dev_0008874,attack,burst,attack_burst,1,train
dev_0008875,attack,burst,attack_burst,1,train
dev_0008876,attack,burst,attack_burst,1,train
dev_0008877,attack,burst,attack_burst,1,train
dev_0008878,attack,burst,attack_burst,1,train
dev_0008879,attack,burst,attack_burst,1,train
dev_0008880,attack,burst,attack_burst,1,validation
dev_0008881,attack,burst,attack_burst,1,train
dev_0008882,attack,burst,attack_burst,1,train
dev_0008883,attack,burst,attack_burst,1,train
dev_0008884,attack,burst,attack_burst,1,train
dev_0008885,attack,burst,attack_burst,1,validation
dev_0008886,attack,burst,attack_burst,1,train
dev_0008887,attack,burst,attack_burst,1,train
dev_0008888,attack,burst,attack_burst,1,train
dev_0008889,attack,burst,attack_burst,1,train
dev_0008890,attack,burst,attack_burst,1,train
dev_0008891,attack,burst,attack_burst,1,train
dev_0008892,attack,burst,attack_burst,1,train
dev_0008893,attack,burst,attack_burst,1,validation
dev_0008894,attack,burst,attack_burst,1,validation
dev_0008895,attack,burst,attack_burst,1,train
dev_0008896,attack,burst,attack_burst,1,validation
dev_0008897,attack,burst,attack_burst,1,train
dev_0008898,attack,burst,attack_burst,1,train
dev_0008899,attack,burst,attack_burst,1,validation
dev_0008900,attack,burst,attack_burst,1,train
dev_0008901,attack,burst,attack_burst,1,train
dev_0008902,attack,burst,attack_burst,1,train
dev_0008903,attack,burst,attack_burst,1,train
dev_0008904,attack,burst,attack_burst,1,train
dev_0008905,attack,burst,attack_burst,1,train
dev_0008906,attack,burst,attack_burst,1,validation
dev_0008907,attack,burst,attack_burst,1,train
dev_0008908,attack,burst,attack_burst,1,train
dev_0008909,attack,burst,attack_burst,1,validation
dev_0008910,attack,burst,attack_burst,1,validation
dev_0008911,attack,burst,attack_burst,1,train
dev_0008912,attack,burst,attack_burst,1,train
dev_0008913,attack,burst,attack_burst,1,train
dev_0008914,attack,burst,attack_burst,1,validation
dev_0008915,attack,burst,attack_burst,1,train
dev_0008916,attack,burst,attack_burst,1,train
dev_0008917,attack,burst,attack_burst,1,train
dev_0008918,attack,burst,attack_burst,1,train
dev_0008919,attack,burst,attack_burst,1,train
dev_0008920,attack,burst,attack_burst,1,train
dev_0008921,attack,burst,attack_burst,1,train
dev_0008922,attack,burst,attack_burst,1,train
dev_0008923,attack,burst,attack_burst,1,train
dev_0008924,attack,burst,attack_burst,1,train
dev_0008925,attack,burst,attack_burst,1,train
dev_0008926,attack,burst,attack_burst,1,train
dev_0008927,attack,burst,attack_burst,1,train
dev_0008928,attack,burst,attack_burst,1,validation
dev_0008929,attack,burst,attack_burst,1,train
dev_0008930,attack,burst,attack_burst,1,train
dev_0008931,attack,burst,attack_burst,1,train
dev_0008932,attack,burst,attack_burst,1,train
dev_0008933,attack,burst,attack_burst,1,train
dev_0008934,attack,burst,attack_burst,1,train
dev_0008935,attack,burst,attack_burst,1,train
dev_0008936,attack,burst,attack_burst,1,train
dev_0008937,attack,burst,attack_burst,1,train
dev_0008938,attack,burst,attack_burst,1,train
dev_0008939,attack,burst,attack_burst,1,train
dev_0008940,attack,burst,attack_burst,1,train
dev_0008941,attack,burst,attack_burst,1,validation
dev_0008942,attack,burst,attack_burst,1,train
dev_0008943,attack,burst,attack_burst,1,train
dev_0008944,attack,burst,attack_burst,1,validation
dev_0008945,attack,burst,attack_burst,1,train
dev_0008946,attack,burst,attack_burst,1,train
dev_0008947,attack,burst,attack_burst,1,train
dev_0008948,attack,burst,attack_burst,1,validation
dev_0008949,attack,burst,attack_burst,1,validation
dev_0008950,attack,burst,attack_burst,1,validation
dev_0008951,attack,burst,attack_burst,1,train
dev_0008952,attack,burst,attack_burst,1,train
dev_0008953,attack,burst,attack_burst,1,train
dev_0008954,attack,burst,attack_burst,1,train
dev_0008955,attack,burst,attack_burst,1,train
dev_0008956,attack,burst,attack_burst,1,train
dev_0008957,attack,burst,attack_burst,1,train
dev_0008958,attack,burst,attack_burst,1,train
dev_0008959,attack,burst,attack_burst,1,train
dev_0008960,attack,burst,attack_burst,1,train
dev_0008961,attack,burst,attack_burst,1,train
dev_0008962,attack,burst,attack_burst,1,train
dev_0008963,attack,burst,attack_burst,1,train
dev_0008964,attack,burst,attack_burst,1,train
dev_0008965,attack,burst,attack_burst,1,train
dev_0008966,attack,burst,attack_burst,1,train
dev_0008967,attack,burst,attack_burst,1,train
dev_0008968,attack,burst,attack_burst,1,train
dev_0008969,attack,burst,attack_burst,1,validation
dev_0008970,attack,burst,attack_burst,1,train
dev_0008971,attack,burst,attack_burst,1,train
dev_0008972,attack,burst,attack_burst,1,train
dev_0008973,attack,burst,attack_burst,1,validation
dev_0008974,attack,burst,attack_burst,1,train
dev_0008975,attack,burst,attack_burst,1,validation
dev_0008976,attack,burst,attack_burst,1,train
dev_0008977,attack,burst,attack_burst,1,train
dev_0008978,attack,burst,attack_burst,1,train
dev_0008979,attack,burst,attack_burst,1,train
dev_0008980,attack,burst,attack_burst,1,train
dev_0008981,attack,burst,attack_burst,1,train
dev_0008982,attack,burst,attack_burst,1,train
dev_0008983,attack,burst,attack_burst,1,train
dev_0008984,attack,burst,attack_burst,1,train
dev_0008985,attack,burst,attack_burst,1,train
dev_0008986,attack,burst,attack_burst,1,train
dev_0008987,attack,burst,attack_burst,1,train
dev_0008988,attack,burst,attack_burst,1,train
dev_0008989,attack,burst,attack_burst,1,train
dev_0008990,attack,burst,attack_burst,1,train
dev_0008991,attack,burst,attack_burst,1,train
dev_0008992,attack,burst,attack_burst,1,train
dev_0008993,attack,burst,attack_burst,1,train
dev_0008994,attack,burst,attack_burst,1,train
dev_0008995,attack,burst,attack_burst,1,validation
dev_0008996,attack,burst,attack_burst,1,train
dev_0008997,attack,burst,attack_burst,1,validation
dev_0008998,attack,burst,attack_burst,1,train
dev_0008999,attack,burst,attack_burst,1,train
dev_0009000,attack,burst,attack_burst,1,validation
dev_0009001,attack,burst,attack_burst,1,train
dev_0009002,attack,burst,attack_burst,1,train
dev_0009003,attack,burst,attack_burst,1,train
dev_0009004,attack,burst,attack_burst,1,train
dev_0009005,attack,burst,attack_burst,1,train
dev_0009006,attack,burst,attack_burst,1,train
dev_0009007,attack,burst,attack_burst,1,train
dev_0009008,attack,burst,attack_burst,1,train
dev_0009009,attack,burst,attack_burst,1,train
dev_0009010,attack,burst,attack_burst,1,train
dev_0009011,attack,burst,attack_burst,1,train
dev_0009012,attack,burst,attack_burst,1,train
dev_0009013,attack,burst,attack_burst,1,train
dev_0009014,attack,burst,attack_burst,1,train
dev_0009015,attack,burst,attack_burst,1,train
dev_0009016,attack,burst,attack_burst,1,train
dev_0009017,attack,burst,attack_burst,1,train
dev_0009018,attack,burst,attack_burst,1,train
dev_0009019,attack,burst,attack_burst,1,train
dev_0009020,attack,burst,attack_burst,1,train
dev_0009021,attack,burst,attack_burst,1,validation
dev_0009022,attack,burst,attack_burst,1,validation
dev_0009023,attack,burst,attack_burst,1,train
dev_0009024,attack,burst,attack_burst,1,train
dev_0009025,attack,burst,attack_burst,1,validation
dev_0009026,attack,burst,attack_burst,1,train
dev_0009027,attack,burst,attack_burst,1,train
dev_0009028,attack,burst,attack_burst,1,train
dev_0009029,attack,burst,attack_burst,1,validation
dev_0009030,attack,burst,attack_burst,1,train
dev_0009031,attack,burst,attack_burst,1,train
dev_0009032,attack,burst,attack_burst,1,train
dev_0009033,attack,burst,attack_burst,1,train
dev_0009034,attack,burst,attack_burst,1,validation
dev_0009035,attack,burst,attack_burst,1,train
dev_0009036,attack,burst,attack_burst,1,train
dev_0009037,attack,burst,attack_burst,1,train
dev_0009038,attack,burst,attack_burst,1,train
dev_0009039,attack,burst,attack_burst,1,train
dev_0009040,attack,burst,attack_burst,1,train
dev_0009041,attack,burst,attack_burst,1,train
dev_0009042,attack,burst,attack_burst,1,train
dev_0009043,attack,burst,attack_burst,1,train
dev_0009044,attack,burst,attack_burst,1,validation
dev_0009045,attack,burst,attack_burst,1,validation
dev_0009046,attack,burst,attack_burst,1,train
dev_0009047,attack,burst,attack_burst,1,train
dev_0009048,attack,burst,attack_burst,1,train
dev_0009049,attack,burst,attack_burst,1,train
dev_0009050,attack,burst,attack_burst,1,train
dev_0009051,attack,burst,attack_burst,1,validation
dev_0009052,attack,burst,attack_burst,1,train
dev_0009053,attack,burst,attack_burst,1,train
dev_0009054,attack,burst,attack_burst,1,train
dev_0009055,attack,burst,attack_burst,1,train
dev_0009056,attack,burst,attack_burst,1,validation
dev_0009057,attack,burst,attack_burst,1,validation
dev_0009058,attack,burst,attack_burst,1,train
dev_0009059,attack,burst,attack_burst,1,train
dev_0009060,attack,burst,attack_burst,1,validation
dev_0009061,attack,burst,attack_burst,1,train
dev_0009062,attack,burst,attack_burst,1,validation
dev_0009063,attack,burst,attack_burst,1,train
dev_0009064,attack,burst,attack_burst,1,train
dev_0009065,attack,burst,attack_burst,1,train
dev_0009066,attack,burst,attack_burst,1,train
dev_0009067,attack,burst,attack_burst,1,validation
dev_0009068,attack,burst,attack_burst,1,train
dev_0009069,attack,burst,attack_burst,1,train
dev_0009070,attack,burst,attack_burst,1,train
dev_0009071,attack,burst,attack_burst,1,train
dev_0009072,attack,burst,attack_burst,1,train
dev_0009073,attack,burst,attack_burst,1,validation
dev_0009074,attack,burst,attack_burst,1,train
dev_0009075,attack,burst,attack_burst,1,train
dev_0009076,attack,burst,attack_burst,1,train
dev_0009077,attack,burst,attack_burst,1,train
dev_0009078,attack,burst,attack_burst,1,train
dev_0009079,attack,burst,attack_burst,1,train
dev_0009080,attack,burst,attack_burst,1,train
dev_0009081,attack,burst,attack_burst,1,train
dev_0009082,attack,burst,attack_burst,1,train
dev_0009083,attack,burst,attack_burst,1,train
dev_0009084,attack,burst,attack_burst,1,train
dev_0009085,attack,burst,attack_burst,1,train
dev_0009086,attack,burst,attack_burst,1,train
dev_0009087,attack,burst,attack_burst,1,validation
dev_0009088,attack,burst,attack_burst,1,train
dev_0009089,attack,burst,attack_burst,1,validation
dev_0009090,attack,burst,attack_burst,1,train
dev_0009091,attack,burst,attack_burst,1,train
dev_0009092,attack,burst,attack_burst,1,train
dev_0009093,attack,burst,attack_burst,1,train
dev_0009094,attack,burst,attack_burst,1,train
dev_0009095,attack,burst,attack_burst,1,train
dev_0009096,attack,burst,attack_burst,1,train
dev_0009097,attack,burst,attack_burst,1,validation
dev_0009098,attack,burst,attack_burst,1,validation
dev_0009099,attack,burst,attack_burst,1,train
dev_0009100,attack,burst,attack_burst,1,train
dev_0009101,attack,evasive,attack_evasive,1,train
dev_0009102,attack,evasive,attack_evasive,1,train
dev_0009103,attack,evasive,attack_evasive,1,train
dev_0009104,attack,evasive,attack_evasive,1,train
dev_0009105,attack,evasive,attack_evasive,1,validation
dev_0009106,attack,evasive,attack_evasive,1,train
dev_0009107,attack,evasive,attack_evasive,1,validation
dev_0009108,attack,evasive,attack_evasive,1,train
dev_0009109,attack,evasive,attack_evasive,1,train
dev_0009110,attack,evasive,attack_evasive,1,train
dev_0009111,attack,evasive,attack_evasive,1,train
dev_0009112,attack,evasive,attack_evasive,1,train
dev_0009113,attack,evasive,attack_evasive,1,train
dev_0009114,attack,evasive,attack_evasive,1,train
dev_0009115,attack,evasive,attack_evasive,1,train
dev_0009116,attack,evasive,attack_evasive,1,train
dev_0009117,attack,evasive,attack_evasive,1,train
dev_0009118,attack,evasive,attack_evasive,1,train
dev_0009119,attack,evasive,attack_evasive,1,validation
dev_0009120,attack,evasive,attack_evasive,1,validation
dev_0009121,attack,evasive,attack_evasive,1,train
dev_0009122,attack,evasive,attack_evasive,1,train
dev_0009123,attack,evasive,attack_evasive,1,train
dev_0009124,attack,evasive,attack_evasive,1,train
dev_0009125,attack,evasive,attack_evasive,1,train
dev_0009126,attack,evasive,attack_evasive,1,validation
dev_0009127,attack,evasive,attack_evasive,1,train
dev_0009128,attack,evasive,attack_evasive,1,train
dev_0009129,attack,evasive,attack_evasive,1,validation
dev_0009130,attack,evasive,attack_evasive,1,train
dev_0009131,attack,evasive,attack_evasive,1,train
dev_0009132,attack,evasive,attack_evasive,1,validation
dev_0009133,attack,evasive,attack_evasive,1,train
dev_0009134,attack,evasive,attack_evasive,1,train
dev_0009135,attack,evasive,attack_evasive,1,train
dev_0009136,attack,evasive,attack_evasive,1,validation
dev_0009137,attack,evasive,attack_evasive,1,train
dev_0009138,attack,evasive,attack_evasive,1,train
dev_0009139,attack,evasive,attack_evasive,1,train
dev_0009140,attack,evasive,attack_evasive,1,train
dev_0009141,attack,evasive,attack_evasive,1,train
dev_0009142,attack,evasive,attack_evasive,1,train
dev_0009143,attack,evasive,attack_evasive,1,validation
dev_0009144,attack,evasive,attack_evasive,1,train
dev_0009145,attack,evasive,attack_evasive,1,train
dev_0009146,attack,evasive,attack_evasive,1,train
dev_0009147,attack,evasive,attack_evasive,1,train
dev_0009148,attack,evasive,attack_evasive,1,train
dev_0009149,attack,evasive,attack_evasive,1,train
dev_0009150,attack,evasive,attack_evasive,1,train
dev_0009151,attack,evasive,attack_evasive,1,train
dev_0009152,attack,evasive,attack_evasive,1,train
dev_0009153,attack,evasive,attack_evasive,1,train
dev_0009154,attack,evasive,attack_evasive,1,train
dev_0009155,attack,evasive,attack_evasive,1,train
dev_0009156,attack,evasive,attack_evasive,1,train
dev_0009157,attack,evasive,attack_evasive,1,train
dev_0009158,attack,evasive,attack_evasive,1,train
dev_0009159,attack,evasive,attack_evasive,1,train
dev_0009160,attack,evasive,attack_evasive,1,validation
dev_0009161,attack,evasive,attack_evasive,1,train
dev_0009162,attack,evasive,attack_evasive,1,train
dev_0009163,attack,evasive,attack_evasive,1,train
dev_0009164,attack,evasive,attack_evasive,1,validation
dev_0009165,attack,evasive,attack_evasive,1,validation
dev_0009166,attack,evasive,attack_evasive,1,train
dev_0009167,attack,evasive,attack_evasive,1,train
dev_0009168,attack,evasive,attack_evasive,1,train
dev_0009169,attack,evasive,attack_evasive,1,train
dev_0009170,attack,evasive,attack_evasive,1,train
dev_0009171,attack,evasive,attack_evasive,1,validation
dev_0009172,attack,evasive,attack_evasive,1,validation
dev_0009173,attack,evasive,attack_evasive,1,validation
dev_0009174,attack,evasive,attack_evasive,1,train
dev_0009175,attack,evasive,attack_evasive,1,train
dev_0009176,attack,evasive,attack_evasive,1,train
dev_0009177,attack,evasive,attack_evasive,1,validation
dev_0009178,attack,evasive,attack_evasive,1,validation
dev_0009179,attack,evasive,attack_evasive,1,train
dev_0009180,attack,evasive,attack_evasive,1,train
dev_0009181,attack,evasive,attack_evasive,1,train
dev_0009182,attack,evasive,attack_evasive,1,train
dev_0009183,attack,evasive,attack_evasive,1,train
dev_0009184,attack,evasive,attack_evasive,1,train
dev_0009185,attack,evasive,attack_evasive,1,train
dev_0009186,attack,evasive,attack_evasive,1,validation
dev_0009187,attack,evasive,attack_evasive,1,train
dev_0009188,attack,evasive,attack_evasive,1,train
dev_0009189,attack,evasive,attack_evasive,1,train
dev_0009190,attack,evasive,attack_evasive,1,train
dev_0009191,attack,evasive,attack_evasive,1,validation
dev_0009192,attack,evasive,attack_evasive,1,train
dev_0009193,attack,evasive,attack_evasive,1,train
dev_0009194,attack,evasive,attack_evasive,1,validation
dev_0009195,attack,evasive,attack_evasive,1,validation
dev_0009196,attack,evasive,attack_evasive,1,train
dev_0009197,attack,evasive,attack_evasive,1,train
dev_0009198,attack,evasive,attack_evasive,1,train
dev_0009199,attack,evasive,attack_evasive,1,train
dev_0009200,attack,evasive,attack_evasive,1,train
dev_0009201,attack,evasive,attack_evasive,1,train
dev_0009202,attack,evasive,attack_evasive,1,train
dev_0009203,attack,evasive,attack_evasive,1,train
dev_0009204,attack,evasive,attack_evasive,1,train
dev_0009205,attack,evasive,attack_evasive,1,train
dev_0009206,attack,evasive,attack_evasive,1,validation
dev_0009207,attack,evasive,attack_evasive,1,validation
dev_0009208,attack,evasive,attack_evasive,1,train
dev_0009209,attack,evasive,attack_evasive,1,train
dev_0009210,attack,evasive,attack_evasive,1,validation
dev_0009211,attack,evasive,attack_evasive,1,train
dev_0009212,attack,evasive,attack_evasive,1,validation
dev_0009213,attack,evasive,attack_evasive,1,validation
dev_0009214,attack,evasive,attack_evasive,1,train
dev_0009215,attack,evasive,attack_evasive,1,train
dev_0009216,attack,evasive,attack_evasive,1,train
dev_0009217,attack,evasive,attack_evasive,1,train
dev_0009218,attack,evasive,attack_evasive,1,train
dev_0009219,attack,evasive,attack_evasive,1,validation
dev_0009220,attack,evasive,attack_evasive,1,train
dev_0009221,attack,evasive,attack_evasive,1,train
dev_0009222,attack,evasive,attack_evasive,1,train
dev_0009223,attack,evasive,attack_evasive,1,train
dev_0009224,attack,evasive,attack_evasive,1,train
dev_0009225,attack,evasive,attack_evasive,1,train
dev_0009226,attack,evasive,attack_evasive,1,train
dev_0009227,attack,evasive,attack_evasive,1,train
dev_0009228,attack,evasive,attack_evasive,1,validation
dev_0009229,attack,evasive,attack_evasive,1,train
dev_0009230,attack,evasive,attack_evasive,1,train
dev_0009231,attack,evasive,attack_evasive,1,train
dev_0009232,attack,evasive,attack_evasive,1,train
dev_0009233,attack,evasive,attack_evasive,1,train
dev_0009234,attack,evasive,attack_evasive,1,train
dev_0009235,attack,evasive,attack_evasive,1,train
dev_0009236,attack,evasive,attack_evasive,1,train
dev_0009237,attack,evasive,attack_evasive,1,train
dev_0009238,attack,evasive,attack_evasive,1,train
dev_0009239,attack,evasive,attack_evasive,1,train
dev_0009240,attack,evasive,attack_evasive,1,train
dev_0009241,attack,evasive,attack_evasive,1,train
dev_0009242,attack,evasive,attack_evasive,1,train
dev_0009243,attack,evasive,attack_evasive,1,train
dev_0009244,attack,evasive,attack_evasive,1,validation
dev_0009245,attack,evasive,attack_evasive,1,train
dev_0009246,attack,evasive,attack_evasive,1,train
dev_0009247,attack,evasive,attack_evasive,1,train
dev_0009248,attack,evasive,attack_evasive,1,train
dev_0009249,attack,evasive,attack_evasive,1,train
dev_0009250,attack,evasive,attack_evasive,1,train
dev_0009251,attack,evasive,attack_evasive,1,train
dev_0009252,attack,evasive,attack_evasive,1,train
dev_0009253,attack,evasive,attack_evasive,1,train
dev_0009254,attack,evasive,attack_evasive,1,train
dev_0009255,attack,evasive,attack_evasive,1,train
dev_0009256,attack,evasive,attack_evasive,1,train
dev_0009257,attack,evasive,attack_evasive,1,train
dev_0009258,attack,evasive,attack_evasive,1,train
dev_0009259,attack,evasive,attack_evasive,1,validation
dev_0009260,attack,evasive,attack_evasive,1,validation
dev_0009261,attack,evasive,attack_evasive,1,train
dev_0009262,attack,evasive,attack_evasive,1,train
dev_0009263,attack,evasive,attack_evasive,1,train
dev_0009264,attack,evasive,attack_evasive,1,train
dev_0009265,attack,evasive,attack_evasive,1,validation
dev_0009266,attack,evasive,attack_evasive,1,train
dev_0009267,attack,evasive,attack_evasive,1,train
dev_0009268,attack,evasive,attack_evasive,1,train
dev_0009269,attack,evasive,attack_evasive,1,train
dev_0009270,attack,evasive,attack_evasive,1,validation
dev_0009271,attack,evasive,attack_evasive,1,train
dev_0009272,attack,evasive,attack_evasive,1,train
dev_0009273,attack,evasive,attack_evasive,1,train
dev_0009274,attack,evasive,attack_evasive,1,train
dev_0009275,attack,evasive,attack_evasive,1,train
dev_0009276,attack,evasive,attack_evasive,1,train
dev_0009277,attack,evasive,attack_evasive,1,train
dev_0009278,attack,evasive,attack_evasive,1,train
dev_0009279,attack,evasive,attack_evasive,1,train
dev_0009280,attack,evasive,attack_evasive,1,train
dev_0009281,attack,evasive,attack_evasive,1,train
dev_0009282,attack,evasive,attack_evasive,1,train
dev_0009283,attack,evasive,attack_evasive,1,validation
dev_0009284,attack,evasive,attack_evasive,1,train
dev_0009285,attack,evasive,attack_evasive,1,train
dev_0009286,attack,evasive,attack_evasive,1,train
dev_0009287,attack,evasive,attack_evasive,1,validation
dev_0009288,attack,evasive,attack_evasive,1,validation
dev_0009289,attack,evasive,attack_evasive,1,validation
dev_0009290,attack,evasive,attack_evasive,1,train
dev_0009291,attack,evasive,attack_evasive,1,train
dev_0009292,attack,evasive,attack_evasive,1,train
dev_0009293,attack,evasive,attack_evasive,1,train
dev_0009294,attack,evasive,attack_evasive,1,train
dev_0009295,attack,evasive,attack_evasive,1,train
dev_0009296,attack,evasive,attack_evasive,1,train
dev_0009297,attack,evasive,attack_evasive,1,validation
dev_0009298,attack,evasive,attack_evasive,1,train
dev_0009299,attack,evasive,attack_evasive,1,train
dev_0009300,attack,evasive,attack_evasive,1,train
dev_0009301,attack,evasive,attack_evasive,1,train
dev_0009302,attack,evasive,attack_evasive,1,train
dev_0009303,attack,evasive,attack_evasive,1,train
dev_0009304,attack,evasive,attack_evasive,1,train
dev_0009305,attack,evasive,attack_evasive,1,train
dev_0009306,attack,evasive,attack_evasive,1,train
dev_0009307,attack,evasive,attack_evasive,1,train
dev_0009308,attack,evasive,attack_evasive,1,validation
dev_0009309,attack,evasive,attack_evasive,1,train
dev_0009310,attack,evasive,attack_evasive,1,train
dev_0009311,attack,evasive,attack_evasive,1,train
dev_0009312,attack,evasive,attack_evasive,1,train
dev_0009313,attack,evasive,attack_evasive,1,train
dev_0009314,attack,evasive,attack_evasive,1,train
dev_0009315,attack,evasive,attack_evasive,1,train
dev_0009316,attack,evasive,attack_evasive,1,train
dev_0009317,attack,evasive,attack_evasive,1,train
dev_0009318,attack,evasive,attack_evasive,1,train
dev_0009319,attack,evasive,attack_evasive,1,train
dev_0009320,attack,evasive,attack_evasive,1,train
dev_0009321,attack,evasive,attack_evasive,1,train
dev_0009322,attack,evasive,attack_evasive,1,train
dev_0009323,attack,evasive,attack_evasive,1,train
dev_0009324,attack,evasive,attack_evasive,1,train
dev_0009325,attack,evasive,attack_evasive,1,train
dev_0009326,attack,evasive,attack_evasive,1,train
dev_0009327,attack,evasive,attack_evasive,1,validation
dev_0009328,attack,evasive,attack_evasive,1,train
dev_0009329,attack,evasive,attack_evasive,1,validation
dev_0009330,attack,evasive,attack_evasive,1,train
dev_0009331,attack,evasive,attack_evasive,1,train
dev_0009332,attack,evasive,attack_evasive,1,validation
dev_0009333,attack,evasive,attack_evasive,1,train
dev_0009334,attack,evasive,attack_evasive,1,train
dev_0009335,attack,evasive,attack_evasive,1,train
dev_0009336,attack,evasive,attack_evasive,1,train
dev_0009337,attack,evasive,attack_evasive,1,train
dev_0009338,attack,evasive,attack_evasive,1,train
dev_0009339,attack,evasive,attack_evasive,1,validation
dev_0009340,attack,evasive,attack_evasive,1,train
dev_0009341,attack,evasive,attack_evasive,1,train
dev_0009342,attack,evasive,attack_evasive,1,validation
dev_0009343,attack,evasive,attack_evasive,1,train
dev_0009344,attack,evasive,attack_evasive,1,train
dev_0009345,attack,evasive,attack_evasive,1,train
dev_0009346,attack,evasive,attack_evasive,1,validation
dev_0009347,attack,evasive,attack_evasive,1,train
dev_0009348,attack,evasive,attack_evasive,1,train
dev_0009349,attack,evasive,attack_evasive,1,train
dev_0009350,attack,evasive,attack_evasive,1,validation
dev_0009351,attack,evasive,attack_evasive,1,train
dev_0009352,attack,evasive,attack_evasive,1,train
dev_0009353,attack,evasive,attack_evasive,1,train
dev_0009354,attack,evasive,attack_evasive,1,train
dev_0009355,attack,evasive,attack_evasive,1,train
dev_0009356,attack,evasive,attack_evasive,1,train
dev_0009357,attack,evasive,attack_evasive,1,train
dev_0009358,attack,evasive,attack_evasive,1,train
dev_0009359,attack,evasive,attack_evasive,1,train
dev_0009360,attack,evasive,attack_evasive,1,train
dev_0009361,attack,evasive,attack_evasive,1,validation
dev_0009362,attack,evasive,attack_evasive,1,validation
dev_0009363,attack,evasive,attack_evasive,1,train
dev_0009364,attack,evasive,attack_evasive,1,train
dev_0009365,attack,evasive,attack_evasive,1,train
dev_0009366,attack,evasive,attack_evasive,1,train
dev_0009367,attack,evasive,attack_evasive,1,train
dev_0009368,attack,evasive,attack_evasive,1,validation
dev_0009369,attack,evasive,attack_evasive,1,train
dev_0009370,attack,evasive,attack_evasive,1,train
dev_0009371,attack,evasive,attack_evasive,1,train
dev_0009372,attack,evasive,attack_evasive,1,validation
dev_0009373,attack,evasive,attack_evasive,1,train
dev_0009374,attack,evasive,attack_evasive,1,train
dev_0009375,attack,evasive,attack_evasive,1,train
dev_0009376,attack,evasive,attack_evasive,1,train
dev_0009377,attack,evasive,attack_evasive,1,train
dev_0009378,attack,evasive,attack_evasive,1,train
dev_0009379,attack,evasive,attack_evasive,1,train
dev_0009380,attack,evasive,attack_evasive,1,train
dev_0009381,attack,evasive,attack_evasive,1,train
dev_0009382,attack,evasive,attack_evasive,1,train
dev_0009383,attack,evasive,attack_evasive,1,validation
dev_0009384,attack,evasive,attack_evasive,1,validation
dev_0009385,attack,evasive,attack_evasive,1,validation
dev_0009386,attack,evasive,attack_evasive,1,validation
dev_0009387,attack,evasive,attack_evasive,1,train
dev_0009388,attack,evasive,attack_evasive,1,train
dev_0009389,attack,evasive,attack_evasive,1,train
dev_0009390,attack,evasive,attack_evasive,1,train
dev_0009391,attack,evasive,attack_evasive,1,train
dev_0009392,attack,evasive,attack_evasive,1,train
dev_0009393,attack,evasive,attack_evasive,1,train
dev_0009394,attack,evasive,attack_evasive,1,train
dev_0009395,attack,evasive,attack_evasive,1,train
dev_0009396,attack,evasive,attack_evasive,1,train
dev_0009397,attack,evasive,attack_evasive,1,train
dev_0009398,attack,evasive,attack_evasive,1,validation
dev_0009399,attack,evasive,attack_evasive,1,validation
dev_0009400,attack,evasive,attack_evasive,1,validation
dev_0009401,attack,evasive,attack_evasive,1,train
dev_0009402,attack,evasive,attack_evasive,1,train
dev_0009403,attack,evasive,attack_evasive,1,validation
dev_0009404,attack,evasive,attack_evasive,1,train
dev_0009405,attack,evasive,attack_evasive,1,train
dev_0009406,attack,evasive,attack_evasive,1,train
dev_0009407,attack,evasive,attack_evasive,1,train
dev_0009408,attack,evasive,attack_evasive,1,train
dev_0009409,attack,evasive,attack_evasive,1,train
dev_0009410,attack,evasive,attack_evasive,1,train
dev_0009411,attack,evasive,attack_evasive,1,train
dev_0009412,attack,evasive,attack_evasive,1,train
dev_0009413,attack,evasive,attack_evasive,1,train
dev_0009414,attack,evasive,attack_evasive,1,train
dev_0009415,attack,evasive,attack_evasive,1,train
dev_0009416,attack,evasive,attack_evasive,1,train
dev_0009417,attack,evasive,attack_evasive,1,validation
dev_0009418,attack,evasive,attack_evasive,1,train
dev_0009419,attack,evasive,attack_evasive,1,train
dev_0009420,attack,evasive,attack_evasive,1,validation
dev_0009421,attack,evasive,attack_evasive,1,train
dev_0009422,attack,evasive,attack_evasive,1,train
dev_0009423,attack,evasive,attack_evasive,1,train
dev_0009424,attack,evasive,attack_evasive,1,validation
dev_0009425,attack,evasive,attack_evasive,1,train
dev_0009426,attack,evasive,attack_evasive,1,validation
dev_0009427,attack,evasive,attack_evasive,1,train
dev_0009428,attack,evasive,attack_evasive,1,validation
dev_0009429,attack,evasive,attack_evasive,1,train
dev_0009430,attack,evasive,attack_evasive,1,train
dev_0009431,attack,evasive,attack_evasive,1,train
dev_0009432,attack,evasive,attack_evasive,1,validation
dev_0009433,attack,evasive,attack_evasive,1,train
dev_0009434,attack,evasive,attack_evasive,1,train
dev_0009435,attack,evasive,attack_evasive,1,validation
dev_0009436,attack,evasive,attack_evasive,1,validation
dev_0009437,attack,evasive,attack_evasive,1,train
dev_0009438,attack,evasive,attack_evasive,1,train
dev_0009439,attack,evasive,attack_evasive,1,train
dev_0009440,attack,evasive,attack_evasive,1,train
dev_0009441,attack,evasive,attack_evasive,1,train
dev_0009442,attack,evasive,attack_evasive,1,train
dev_0009443,attack,evasive,attack_evasive,1,train
dev_0009444,attack,evasive,attack_evasive,1,train
dev_0009445,attack,evasive,attack_evasive,1,validation
dev_0009446,attack,evasive,attack_evasive,1,train
dev_0009447,attack,evasive,attack_evasive,1,train
dev_0009448,attack,evasive,attack_evasive,1,train
dev_0009449,attack,evasive,attack_evasive,1,train
dev_0009450,attack,evasive,attack_evasive,1,train
dev_0009451,attack,evasive,attack_evasive,1,train
dev_0009452,attack,evasive,attack_evasive,1,train
dev_0009453,attack,evasive,attack_evasive,1,validation
dev_0009454,attack,evasive,attack_evasive,1,train
dev_0009455,attack,evasive,attack_evasive,1,validation
dev_0009456,attack,evasive,attack_evasive,1,train
dev_0009457,attack,evasive,attack_evasive,1,train
dev_0009458,attack,evasive,attack_evasive,1,train
dev_0009459,attack,evasive,attack_evasive,1,train
dev_0009460,attack,evasive,attack_evasive,1,train
dev_0009461,attack,evasive,attack_evasive,1,validation
dev_0009462,attack,evasive,attack_evasive,1,train
dev_0009463,attack,evasive,attack_evasive,1,train
dev_0009464,attack,evasive,attack_evasive,1,train
dev_0009465,attack,evasive,attack_evasive,1,validation
dev_0009466,attack,evasive,attack_evasive,1,train
dev_0009467,attack,evasive,attack_evasive,1,train
dev_0009468,attack,evasive,attack_evasive,1,train
dev_0009469,attack,evasive,attack_evasive,1,validation
dev_0009470,attack,evasive,attack_evasive,1,validation
dev_0009471,attack,evasive,attack_evasive,1,validation
dev_0009472,attack,evasive,attack_evasive,1,train
dev_0009473,attack,evasive,attack_evasive,1,train
dev_0009474,attack,evasive,attack_evasive,1,validation
dev_0009475,attack,evasive,attack_evasive,1,train
dev_0009476,attack,evasive,attack_evasive,1,train
dev_0009477,attack,evasive,attack_evasive,1,validation
dev_0009478,attack,evasive,attack_evasive,1,train
dev_0009479,attack,evasive,attack_evasive,1,train
dev_0009480,attack,evasive,attack_evasive,1,train
dev_0009481,attack,evasive,attack_evasive,1,train
dev_0009482,attack,evasive,attack_evasive,1,validation
dev_0009483,attack,evasive,attack_evasive,1,train
dev_0009484,attack,evasive,attack_evasive,1,train
dev_0009485,attack,evasive,attack_evasive,1,train
dev_0009486,attack,evasive,attack_evasive,1,train
dev_0009487,attack,evasive,attack_evasive,1,train
dev_0009488,attack,evasive,attack_evasive,1,train
dev_0009489,attack,evasive,attack_evasive,1,train
dev_0009490,attack,evasive,attack_evasive,1,train
dev_0009491,attack,evasive,attack_evasive,1,train
dev_0009492,attack,evasive,attack_evasive,1,train
dev_0009493,attack,evasive,attack_evasive,1,train
dev_0009494,attack,evasive,attack_evasive,1,validation
dev_0009495,attack,evasive,attack_evasive,1,train
dev_0009496,attack,evasive,attack_evasive,1,train
dev_0009497,attack,evasive,attack_evasive,1,train
dev_0009498,attack,evasive,attack_evasive,1,validation
dev_0009499,attack,evasive,attack_evasive,1,validation
dev_0009500,attack,evasive,attack_evasive,1,train
dev_0009501,attack,evasive,attack_evasive,1,train
dev_0009502,attack,evasive,attack_evasive,1,train
dev_0009503,attack,evasive,attack_evasive,1,train
dev_0009504,attack,evasive,attack_evasive,1,train
dev_0009505,attack,evasive,attack_evasive,1,train
dev_0009506,attack,evasive,attack_evasive,1,train
dev_0009507,attack,evasive,attack_evasive,1,train
dev_0009508,attack,evasive,attack_evasive,1,train
dev_0009509,attack,evasive,attack_evasive,1,validation
dev_0009510,attack,evasive,attack_evasive,1,train
dev_0009511,attack,evasive,attack_evasive,1,validation
dev_0009512,attack,evasive,attack_evasive,1,train
dev_0009513,attack,evasive,attack_evasive,1,train
dev_0009514,attack,evasive,attack_evasive,1,train
dev_0009515,attack,evasive,attack_evasive,1,validation
dev_0009516,attack,evasive,attack_evasive,1,validation
dev_0009517,attack,evasive,attack_evasive,1,train
dev_0009518,attack,evasive,attack_evasive,1,train
dev_0009519,attack,evasive,attack_evasive,1,train
dev_0009520,attack,evasive,attack_evasive,1,validation
dev_0009521,attack,evasive,attack_evasive,1,train
dev_0009522,attack,evasive,attack_evasive,1,train
dev_0009523,attack,evasive,attack_evasive,1,validation
dev_0009524,attack,evasive,attack_evasive,1,train
dev_0009525,attack,evasive,attack_evasive,1,train
dev_0009526,attack,evasive,attack_evasive,1,validation
dev_0009527,attack,evasive,attack_evasive,1,train
dev_0009528,attack,evasive,attack_evasive,1,validation
dev_0009529,attack,evasive,attack_evasive,1,train
dev_0009530,attack,evasive,attack_evasive,1,train
dev_0009531,attack,evasive,attack_evasive,1,train
dev_0009532,attack,evasive,attack_evasive,1,train
dev_0009533,attack,evasive,attack_evasive,1,train
dev_0009534,attack,evasive,attack_evasive,1,train
dev_0009535,attack,evasive,attack_evasive,1,validation
dev_0009536,attack,evasive,attack_evasive,1,train
dev_0009537,attack,evasive,attack_evasive,1,train
dev_0009538,attack,evasive,attack_evasive,1,train
dev_0009539,attack,evasive,attack_evasive,1,train
dev_0009540,attack,evasive,attack_evasive,1,train
dev_0009541,attack,evasive,attack_evasive,1,train
dev_0009542,attack,evasive,attack_evasive,1,train
dev_0009543,attack,evasive,attack_evasive,1,train
dev_0009544,attack,evasive,attack_evasive,1,validation
dev_0009545,attack,evasive,attack_evasive,1,train
dev_0009546,attack,evasive,attack_evasive,1,train
dev_0009547,attack,evasive,attack_evasive,1,train
dev_0009548,attack,evasive,attack_evasive,1,train
dev_0009549,attack,evasive,attack_evasive,1,train
dev_0009550,attack,evasive,attack_evasive,1,train
dev_0009551,attack,patient,attack_patient,1,train
dev_0009552,attack,patient,attack_patient,1,train
dev_0009553,attack,patient,attack_patient,1,train
dev_0009554,attack,patient,attack_patient,1,train
dev_0009555,attack,patient,attack_patient,1,validation
dev_0009556,attack,patient,attack_patient,1,train
dev_0009557,attack,patient,attack_patient,1,train
dev_0009558,attack,patient,attack_patient,1,train
dev_0009559,attack,patient,attack_patient,1,train
dev_0009560,attack,patient,attack_patient,1,train
dev_0009561,attack,patient,attack_patient,1,train
dev_0009562,attack,patient,attack_patient,1,train
dev_0009563,attack,patient,attack_patient,1,train
dev_0009564,attack,patient,attack_patient,1,train
dev_0009565,attack,patient,attack_patient,1,train
dev_0009566,attack,patient,attack_patient,1,validation
dev_0009567,attack,patient,attack_patient,1,validation
dev_0009568,attack,patient,attack_patient,1,train
dev_0009569,attack,patient,attack_patient,1,validation
dev_0009570,attack,patient,attack_patient,1,train
dev_0009571,attack,patient,attack_patient,1,train
dev_0009572,attack,patient,attack_patient,1,train
dev_0009573,attack,patient,attack_patient,1,validation
dev_0009574,attack,patient,attack_patient,1,train
dev_0009575,attack,patient,attack_patient,1,train
dev_0009576,attack,patient,attack_patient,1,train
dev_0009577,attack,patient,attack_patient,1,train
dev_0009578,attack,patient,attack_patient,1,validation
dev_0009579,attack,patient,attack_patient,1,validation
dev_0009580,attack,patient,attack_patient,1,train
dev_0009581,attack,patient,attack_patient,1,train
dev_0009582,attack,patient,attack_patient,1,train
dev_0009583,attack,patient,attack_patient,1,train
dev_0009584,attack,patient,attack_patient,1,train
dev_0009585,attack,patient,attack_patient,1,train
dev_0009586,attack,patient,attack_patient,1,train
dev_0009587,attack,patient,attack_patient,1,train
dev_0009588,attack,patient,attack_patient,1,train
dev_0009589,attack,patient,attack_patient,1,train
dev_0009590,attack,patient,attack_patient,1,train
dev_0009591,attack,patient,attack_patient,1,validation
dev_0009592,attack,patient,attack_patient,1,train
dev_0009593,attack,patient,attack_patient,1,train
dev_0009594,attack,patient,attack_patient,1,validation
dev_0009595,attack,patient,attack_patient,1,train
dev_0009596,attack,patient,attack_patient,1,train
dev_0009597,attack,patient,attack_patient,1,train
dev_0009598,attack,patient,attack_patient,1,train
dev_0009599,attack,patient,attack_patient,1,validation
dev_0009600,attack,patient,attack_patient,1,train
dev_0009601,attack,patient,attack_patient,1,train
dev_0009602,attack,patient,attack_patient,1,validation
dev_0009603,attack,patient,attack_patient,1,train
dev_0009604,attack,patient,attack_patient,1,train
dev_0009605,attack,patient,attack_patient,1,validation
dev_0009606,attack,patient,attack_patient,1,train
dev_0009607,attack,patient,attack_patient,1,train
dev_0009608,attack,patient,attack_patient,1,train
dev_0009609,attack,patient,attack_patient,1,train
dev_0009610,attack,patient,attack_patient,1,train
dev_0009611,attack,patient,attack_patient,1,train
dev_0009612,attack,patient,attack_patient,1,train
dev_0009613,attack,patient,attack_patient,1,train
dev_0009614,attack,patient,attack_patient,1,validation
dev_0009615,attack,patient,attack_patient,1,train
dev_0009616,attack,patient,attack_patient,1,validation
dev_0009617,attack,patient,attack_patient,1,validation
dev_0009618,attack,patient,attack_patient,1,train
dev_0009619,attack,patient,attack_patient,1,train
dev_0009620,attack,patient,attack_patient,1,train
dev_0009621,attack,patient,attack_patient,1,train
dev_0009622,attack,patient,attack_patient,1,validation
dev_0009623,attack,patient,attack_patient,1,validation
dev_0009624,attack,patient,attack_patient,1,train
dev_0009625,attack,patient,attack_patient,1,train
dev_0009626,attack,patient,attack_patient,1,train
dev_0009627,attack,patient,attack_patient,1,train
dev_0009628,attack,patient,attack_patient,1,train
dev_0009629,attack,patient,attack_patient,1,train
dev_0009630,attack,patient,attack_patient,1,train
dev_0009631,attack,patient,attack_patient,1,train
dev_0009632,attack,patient,attack_patient,1,train
dev_0009633,attack,patient,attack_patient,1,train
dev_0009634,attack,patient,attack_patient,1,train
dev_0009635,attack,patient,attack_patient,1,train
dev_0009636,attack,patient,attack_patient,1,train
dev_0009637,attack,patient,attack_patient,1,train
dev_0009638,attack,patient,attack_patient,1,train
dev_0009639,attack,patient,attack_patient,1,train
dev_0009640,attack,patient,attack_patient,1,train
dev_0009641,attack,patient,attack_patient,1,train
dev_0009642,attack,patient,attack_patient,1,validation
dev_0009643,attack,patient,attack_patient,1,validation
dev_0009644,attack,patient,attack_patient,1,train
dev_0009645,attack,patient,attack_patient,1,train
dev_0009646,attack,patient,attack_patient,1,train
dev_0009647,attack,patient,attack_patient,1,train
dev_0009648,attack,patient,attack_patient,1,train
dev_0009649,attack,patient,attack_patient,1,train
dev_0009650,attack,patient,attack_patient,1,validation
dev_0009651,attack,patient,attack_patient,1,train
dev_0009652,attack,patient,attack_patient,1,train
dev_0009653,attack,patient,attack_patient,1,validation
dev_0009654,attack,patient,attack_patient,1,train
dev_0009655,attack,patient,attack_patient,1,train
dev_0009656,attack,patient,attack_patient,1,validation
dev_0009657,attack,patient,attack_patient,1,validation
dev_0009658,attack,patient,attack_patient,1,validation
dev_0009659,attack,patient,attack_patient,1,validation
dev_0009660,attack,patient,attack_patient,1,train
dev_0009661,attack,patient,attack_patient,1,train
dev_0009662,attack,patient,attack_patient,1,train
dev_0009663,attack,patient,attack_patient,1,train
dev_0009664,attack,patient,attack_patient,1,train
dev_0009665,attack,patient,attack_patient,1,train
dev_0009666,attack,patient,attack_patient,1,train
dev_0009667,attack,patient,attack_patient,1,train
dev_0009668,attack,patient,attack_patient,1,validation
dev_0009669,attack,patient,attack_patient,1,train
dev_0009670,attack,patient,attack_patient,1,train
dev_0009671,attack,patient,attack_patient,1,train
dev_0009672,attack,patient,attack_patient,1,train
dev_0009673,attack,patient,attack_patient,1,train
dev_0009674,attack,patient,attack_patient,1,train
dev_0009675,attack,patient,attack_patient,1,train
dev_0009676,attack,patient,attack_patient,1,train
dev_0009677,attack,patient,attack_patient,1,validation
dev_0009678,attack,patient,attack_patient,1,train
dev_0009679,attack,patient,attack_patient,1,train
dev_0009680,attack,patient,attack_patient,1,train
dev_0009681,attack,patient,attack_patient,1,train
dev_0009682,attack,patient,attack_patient,1,train
dev_0009683,attack,patient,attack_patient,1,train
dev_0009684,attack,patient,attack_patient,1,train
dev_0009685,attack,patient,attack_patient,1,train
dev_0009686,attack,patient,attack_patient,1,train
dev_0009687,attack,patient,attack_patient,1,train
dev_0009688,attack,patient,attack_patient,1,train
dev_0009689,attack,patient,attack_patient,1,train
dev_0009690,attack,patient,attack_patient,1,train
dev_0009691,attack,patient,attack_patient,1,train
dev_0009692,attack,patient,attack_patient,1,train
dev_0009693,attack,patient,attack_patient,1,train
dev_0009694,attack,patient,attack_patient,1,validation
dev_0009695,attack,patient,attack_patient,1,train
dev_0009696,attack,patient,attack_patient,1,train
dev_0009697,attack,patient,attack_patient,1,validation
dev_0009698,attack,patient,attack_patient,1,train
dev_0009699,attack,patient,attack_patient,1,train
dev_0009700,attack,patient,attack_patient,1,train
dev_0009701,attack,patient,attack_patient,1,train
dev_0009702,attack,patient,attack_patient,1,train
dev_0009703,attack,patient,attack_patient,1,train
dev_0009704,attack,patient,attack_patient,1,train
dev_0009705,attack,patient,attack_patient,1,train
dev_0009706,attack,patient,attack_patient,1,train
dev_0009707,attack,patient,attack_patient,1,train
dev_0009708,attack,patient,attack_patient,1,train
dev_0009709,attack,patient,attack_patient,1,train
dev_0009710,attack,patient,attack_patient,1,train
dev_0009711,attack,patient,attack_patient,1,train
dev_0009712,attack,patient,attack_patient,1,train
dev_0009713,attack,patient,attack_patient,1,train
dev_0009714,attack,patient,attack_patient,1,train
dev_0009715,attack,patient,attack_patient,1,train
dev_0009716,attack,patient,attack_patient,1,validation
dev_0009717,attack,patient,attack_patient,1,train
dev_0009718,attack,patient,attack_patient,1,validation
dev_0009719,attack,patient,attack_patient,1,validation
dev_0009720,attack,patient,attack_patient,1,validation
dev_0009721,attack,patient,attack_patient,1,train
dev_0009722,attack,patient,attack_patient,1,validation
dev_0009723,attack,patient,attack_patient,1,train
dev_0009724,attack,patient,attack_patient,1,train
dev_0009725,attack,patient,attack_patient,1,train
dev_0009726,attack,patient,attack_patient,1,validation
dev_0009727,attack,patient,attack_patient,1,validation
dev_0009728,attack,patient,attack_patient,1,train
dev_0009729,attack,patient,attack_patient,1,train
dev_0009730,attack,patient,attack_patient,1,validation
dev_0009731,attack,patient,attack_patient,1,validation
dev_0009732,attack,patient,attack_patient,1,train
dev_0009733,attack,patient,attack_patient,1,train
dev_0009734,attack,patient,attack_patient,1,train
dev_0009735,attack,patient,attack_patient,1,validation
dev_0009736,attack,patient,attack_patient,1,train
dev_0009737,attack,patient,attack_patient,1,train
dev_0009738,attack,patient,attack_patient,1,train
dev_0009739,attack,patient,attack_patient,1,train
dev_0009740,attack,patient,attack_patient,1,train
dev_0009741,attack,patient,attack_patient,1,train
dev_0009742,attack,patient,attack_patient,1,train
dev_0009743,attack,patient,attack_patient,1,train
dev_0009744,attack,patient,attack_patient,1,validation
dev_0009745,attack,patient,attack_patient,1,train
dev_0009746,attack,patient,attack_patient,1,train
dev_0009747,attack,patient,attack_patient,1,train
dev_0009748,attack,patient,attack_patient,1,train
dev_0009749,attack,patient,attack_patient,1,validation
dev_0009750,attack,patient,attack_patient,1,train
dev_0009751,attack,patient,attack_patient,1,validation
dev_0009752,attack,patient,attack_patient,1,train
dev_0009753,attack,patient,attack_patient,1,train
dev_0009754,attack,patient,attack_patient,1,train
dev_0009755,attack,patient,attack_patient,1,train
dev_0009756,attack,patient,attack_patient,1,train
dev_0009757,attack,patient,attack_patient,1,train
dev_0009758,attack,patient,attack_patient,1,train
dev_0009759,attack,patient,attack_patient,1,train
dev_0009760,attack,patient,attack_patient,1,train
dev_0009761,attack,patient,attack_patient,1,validation
dev_0009762,attack,patient,attack_patient,1,train
dev_0009763,attack,patient,attack_patient,1,train
dev_0009764,attack,patient,attack_patient,1,train
dev_0009765,attack,patient,attack_patient,1,train
dev_0009766,attack,patient,attack_patient,1,train
dev_0009767,attack,patient,attack_patient,1,train
dev_0009768,attack,patient,attack_patient,1,validation
dev_0009769,attack,patient,attack_patient,1,train
dev_0009770,attack,patient,attack_patient,1,train
dev_0009771,attack,patient,attack_patient,1,train
dev_0009772,attack,patient,attack_patient,1,train
dev_0009773,attack,patient,attack_patient,1,train
dev_0009774,attack,patient,attack_patient,1,train
dev_0009775,attack,patient,attack_patient,1,train
dev_0009776,attack,patient,attack_patient,1,train
dev_0009777,attack,patient,attack_patient,1,validation
dev_0009778,attack,patient,attack_patient,1,train
dev_0009779,attack,patient,attack_patient,1,train
dev_0009780,attack,patient,attack_patient,1,train
dev_0009781,attack,patient,attack_patient,1,train
dev_0009782,attack,patient,attack_patient,1,train
dev_0009783,attack,patient,attack_patient,1,train
dev_0009784,attack,patient,attack_patient,1,train
dev_0009785,attack,patient,attack_patient,1,validation
dev_0009786,attack,patient,attack_patient,1,train
dev_0009787,attack,patient,attack_patient,1,train
dev_0009788,attack,patient,attack_patient,1,train
dev_0009789,attack,patient,attack_patient,1,train
dev_0009790,attack,patient,attack_patient,1,validation
dev_0009791,attack,patient,attack_patient,1,train
dev_0009792,attack,patient,attack_patient,1,validation
dev_0009793,attack,patient,attack_patient,1,train
dev_0009794,attack,patient,attack_patient,1,train
dev_0009795,attack,patient,attack_patient,1,train
dev_0009796,attack,patient,attack_patient,1,train
dev_0009797,attack,patient,attack_patient,1,train
dev_0009798,attack,patient,attack_patient,1,train
dev_0009799,attack,patient,attack_patient,1,train
dev_0009800,attack,patient,attack_patient,1,train
dev_0009801,attack,patient,attack_patient,1,train
dev_0009802,attack,patient,attack_patient,1,validation
dev_0009803,attack,patient,attack_patient,1,train
dev_0009804,attack,patient,attack_patient,1,train
dev_0009805,attack,patient,attack_patient,1,train
dev_0009806,attack,patient,attack_patient,1,train
dev_0009807,attack,patient,attack_patient,1,train
dev_0009808,attack,patient,attack_patient,1,train
dev_0009809,attack,patient,attack_patient,1,train
dev_0009810,attack,patient,attack_patient,1,train
dev_0009811,attack,patient,attack_patient,1,train
dev_0009812,attack,patient,attack_patient,1,train
dev_0009813,attack,patient,attack_patient,1,train
dev_0009814,attack,patient,attack_patient,1,train
dev_0009815,attack,patient,attack_patient,1,train
dev_0009816,attack,patient,attack_patient,1,train
dev_0009817,attack,patient,attack_patient,1,train
dev_0009818,attack,patient,attack_patient,1,train
dev_0009819,attack,patient,attack_patient,1,validation
dev_0009820,attack,patient,attack_patient,1,train
dev_0009821,attack,patient,attack_patient,1,validation
dev_0009822,attack,patient,attack_patient,1,train
dev_0009823,attack,patient,attack_patient,1,train
dev_0009824,attack,patient,attack_patient,1,train
dev_0009825,attack,patient,attack_patient,1,train
dev_0009826,attack,patient,attack_patient,1,train
dev_0009827,attack,patient,attack_patient,1,train
dev_0009828,attack,patient,attack_patient,1,train
dev_0009829,attack,patient,attack_patient,1,train
dev_0009830,attack,patient,attack_patient,1,train
dev_0009831,attack,patient,attack_patient,1,train
dev_0009832,attack,patient,attack_patient,1,validation
dev_0009833,attack,patient,attack_patient,1,validation
dev_0009834,attack,patient,attack_patient,1,train
dev_0009835,attack,patient,attack_patient,1,train
dev_0009836,attack,patient,attack_patient,1,validation
dev_0009837,attack,patient,attack_patient,1,train
dev_0009838,attack,patient,attack_patient,1,train
dev_0009839,attack,patient,attack_patient,1,validation
dev_0009840,attack,patient,attack_patient,1,train
dev_0009841,attack,patient,attack_patient,1,validation
dev_0009842,attack,patient,attack_patient,1,train
dev_0009843,attack,patient,attack_patient,1,train
dev_0009844,attack,patient,attack_patient,1,train
dev_0009845,attack,patient,attack_patient,1,validation
dev_0009846,attack,patient,attack_patient,1,train
dev_0009847,attack,patient,attack_patient,1,train
dev_0009848,attack,patient,attack_patient,1,train
dev_0009849,attack,patient,attack_patient,1,train
dev_0009850,attack,patient,attack_patient,1,validation
dev_0009851,attack,patient,attack_patient,1,validation
dev_0009852,attack,patient,attack_patient,1,train
dev_0009853,attack,patient,attack_patient,1,train
dev_0009854,attack,patient,attack_patient,1,validation
dev_0009855,attack,patient,attack_patient,1,validation
dev_0009856,attack,patient,attack_patient,1,train
dev_0009857,attack,patient,attack_patient,1,train
dev_0009858,attack,patient,attack_patient,1,validation
dev_0009859,attack,patient,attack_patient,1,train
dev_0009860,attack,patient,attack_patient,1,train
dev_0009861,attack,patient,attack_patient,1,train
dev_0009862,attack,patient,attack_patient,1,train
dev_0009863,attack,patient,attack_patient,1,train
dev_0009864,attack,patient,attack_patient,1,train
dev_0009865,attack,patient,attack_patient,1,train
dev_0009866,attack,patient,attack_patient,1,train
dev_0009867,attack,patient,attack_patient,1,train
dev_0009868,attack,patient,attack_patient,1,train
dev_0009869,attack,patient,attack_patient,1,validation
dev_0009870,attack,patient,attack_patient,1,validation
dev_0009871,attack,patient,attack_patient,1,train
dev_0009872,attack,patient,attack_patient,1,train
dev_0009873,attack,patient,attack_patient,1,train
dev_0009874,attack,patient,attack_patient,1,train
dev_0009875,attack,patient,attack_patient,1,train
dev_0009876,attack,patient,attack_patient,1,validation
dev_0009877,attack,patient,attack_patient,1,train
dev_0009878,attack,patient,attack_patient,1,validation
dev_0009879,attack,patient,attack_patient,1,train
dev_0009880,attack,patient,attack_patient,1,train
dev_0009881,attack,patient,attack_patient,1,validation
dev_0009882,attack,patient,attack_patient,1,train
dev_0009883,attack,patient,attack_patient,1,validation
dev_0009884,attack,patient,attack_patient,1,train
dev_0009885,attack,patient,attack_patient,1,train
dev_0009886,attack,patient,attack_patient,1,train
dev_0009887,attack,patient,attack_patient,1,train
dev_0009888,attack,patient,attack_patient,1,train
dev_0009889,attack,patient,attack_patient,1,train
dev_0009890,attack,patient,attack_patient,1,train
dev_0009891,attack,patient,attack_patient,1,train
dev_0009892,attack,patient,attack_patient,1,validation
dev_0009893,attack,patient,attack_patient,1,train
dev_0009894,attack,patient,attack_patient,1,train
dev_0009895,attack,patient,attack_patient,1,train
dev_0009896,attack,patient,attack_patient,1,train
dev_0009897,attack,patient,attack_patient,1,validation
dev_0009898,attack,patient,attack_patient,1,train
dev_0009899,attack,patient,attack_patient,1,validation
dev_0009900,attack,patient,attack_patient,1,train
dev_0009901,attack,patient,attack_patient,1,train
dev_0009902,attack,patient,attack_patient,1,train
dev_0009903,attack,patient,attack_patient,1,train
dev_0009904,attack,patient,attack_patient,1,train
dev_0009905,attack,patient,attack_patient,1,train
dev_0009906,attack,patient,attack_patient,1,validation
dev_0009907,attack,patient,attack_patient,1,train
dev_0009908,attack,patient,attack_patient,1,train
dev_0009909,attack,patient,attack_patient,1,train
dev_0009910,attack,patient,attack_patient,1,validation
dev_0009911,attack,patient,attack_patient,1,train
dev_0009912,attack,patient,attack_patient,1,train
dev_0009913,attack,patient,attack_patient,1,train
dev_0009914,attack,patient,attack_patient,1,train
dev_0009915,attack,patient,attack_patient,1,train
dev_0009916,attack,patient,attack_patient,1,train
dev_0009917,attack,patient,attack_patient,1,train
dev_0009918,attack,patient,attack_patient,1,train
dev_0009919,attack,patient,attack_patient,1,validation
dev_0009920,attack,patient,attack_patient,1,validation
dev_0009921,attack,patient,attack_patient,1,validation
dev_0009922,attack,patient,attack_patient,1,train
dev_0009923,attack,patient,attack_patient,1,train
dev_0009924,attack,patient,attack_patient,1,train
dev_0009925,attack,patient,attack_patient,1,train
dev_0009926,attack,patient,attack_patient,1,validation
dev_0009927,attack,patient,attack_patient,1,validation
dev_0009928,attack,patient,attack_patient,1,train
dev_0009929,attack,patient,attack_patient,1,train
dev_0009930,attack,patient,attack_patient,1,train
dev_0009931,attack,patient,attack_patient,1,train
dev_0009932,attack,patient,attack_patient,1,train
dev_0009933,attack,patient,attack_patient,1,validation
dev_0009934,attack,patient,attack_patient,1,train
dev_0009935,attack,patient,attack_patient,1,train
dev_0009936,attack,patient,attack_patient,1,train
dev_0009937,attack,patient,attack_patient,1,train
dev_0009938,attack,patient,attack_patient,1,train
dev_0009939,attack,patient,attack_patient,1,train
dev_0009940,attack,patient,attack_patient,1,validation
dev_0009941,attack,patient,attack_patient,1,validation
dev_0009942,attack,patient,attack_patient,1,train
dev_0009943,attack,patient,attack_patient,1,train
dev_0009944,attack,patient,attack_patient,1,validation
dev_0009945,attack,patient,attack_patient,1,train
dev_0009946,attack,patient,attack_patient,1,train
dev_0009947,attack,patient,attack_patient,1,validation
dev_0009948,attack,patient,attack_patient,1,validation
dev_0009949,attack,patient,attack_patient,1,validation
dev_0009950,attack,patient,attack_patient,1,train
dev_0009951,attack,patient,attack_patient,1,train
dev_0009952,attack,patient,attack_patient,1,train
dev_0009953,attack,patient,attack_patient,1,train
dev_0009954,attack,patient,attack_patient,1,train
dev_0009955,attack,patient,attack_patient,1,train
dev_0009956,attack,patient,attack_patient,1,train
dev_0009957,attack,patient,attack_patient,1,train
dev_0009958,attack,patient,attack_patient,1,train
dev_0009959,attack,patient,attack_patient,1,train
dev_0009960,attack,patient,attack_patient,1,train
dev_0009961,attack,patient,attack_patient,1,validation
dev_0009962,attack,patient,attack_patient,1,train
dev_0009963,attack,patient,attack_patient,1,train
dev_0009964,attack,patient,attack_patient,1,train
dev_0009965,attack,patient,attack_patient,1,validation
dev_0009966,attack,patient,attack_patient,1,train
dev_0009967,attack,patient,attack_patient,1,train
dev_0009968,attack,patient,attack_patient,1,train
dev_0009969,attack,patient,attack_patient,1,train
dev_0009970,attack,patient,attack_patient,1,train
dev_0009971,attack,patient,attack_patient,1,train
dev_0009972,attack,patient,attack_patient,1,train
dev_0009973,attack,patient,attack_patient,1,train
dev_0009974,attack,patient,attack_patient,1,train
dev_0009975,attack,patient,attack_patient,1,train
dev_0009976,attack,patient,attack_patient,1,train
dev_0009977,attack,patient,attack_patient,1,train
dev_0009978,attack,patient,attack_patient,1,train
dev_0009979,attack,patient,attack_patient,1,validation
dev_0009980,attack,patient,attack_patient,1,train
dev_0009981,attack,patient,attack_patient,1,train
dev_0009982,attack,patient,attack_patient,1,train
dev_0009983,attack,patient,attack_patient,1,train
dev_0009984,attack,patient,attack_patient,1,train
dev_0009985,attack,patient,attack_patient,1,train
dev_0009986,attack,patient,attack_patient,1,validation
dev_0009987,attack,patient,attack_patient,1,train
dev_0009988,attack,patient,attack_patient,1,train
dev_0009989,attack,patient,attack_patient,1,train
dev_0009990,attack,patient,attack_patient,1,train
dev_0009991,attack,patient,attack_patient,1,train
dev_0009992,attack,patient,attack_patient,1,train
dev_0009993,attack,patient,attack_patient,1,train
dev_0009994,attack,patient,attack_patient,1,train
dev_0009995,attack,patient,attack_patient,1,train
dev_0009996,attack,patient,attack_patient,1,train
dev_0009997,attack,patient,attack_patient,1,train
dev_0009998,attack,patient,attack_patient,1,train
dev_0009999,attack,patient,attack_patient,1,validation
dev_0010000,attack,patient,attack_patient,1,train
